 , , ,,,, , ,, , , , , , , , , , , , , ,,, , , , 
Department,Short Code,Description,Date,,Year,Opening Stock at CP,Purchases at CP,IDTs,Stock Adjustments at CP,Waste Adjustments at CP,Recipe Auto Produce at CP,Waste to Sales %,Sales at Cost,S.Take Var to Fin Stock,Fin S.Take Var to Sales %,Theo. Fin Closing Stock,Actual Stock at CP (Products),Theo to Act Difference CP,Stock Variance (Last Stock Take) at CP,Act S.Take Var to Sales %,Sales Excl. VAT,Front End GP%,Actual Fin GP%,Calc Cost of Sales,Calc GP R,Sales Excl. VAT (%),Stock Days CP
1,B,BAKERY,29.12.2025,1,2026,110 582.70,69 737.90,2 708.46,0.00,-6 303.95,0.00,-4.72,-90 085.05,7 441.91,5.57,94 081.96,81 950.46,-12 131.49,11 923.20,0.00,133 676.51,32.61,33.46,88 947.10,44 729.42,0.52,7.31
1,B,BAKERY,05.01.2026,2,2026,94 081.96,88 661.19,6 255.36,0.00,-6 062.09,0.00,-4.84,-82 970.93,-2 971.90,-2.37,96 993.59,91 286.32,-5 707.28,5 644.04,0.00,125 146.87,33.70,26.48,92 004.92,33 141.95,0.49,8.18
1,B,BAKERY,12.01.2026,3,2026,96 993.59,70 422.61,1 043.92,0.00,-82.47,0.00,-0.07,-74 267.90,0.00,0.00,94 119.35,91 338.77,-2 770.98,0.00,0.00,110 304.87,32.67,32.60,74 350.37,35 954.50,0.43,8.87
1,B,BAKERY,19.01.2026,4,2026,94 109.75,88 049.41,16 998.72,0.00,-11 631.13,0.00,-9.70,-81 375.30,0.00,0.00,106 155.39,85 566.42,-20 585.03,0.00,0.00,119 856.35,32.11,22.40,93 006.43,26 849.92,0.47,9.13
1,B,BAKERY,26.01.2026,5,2026,106 151.45,89 684.95,2 273.53,0.00,-5 995.60,0.00,-4.39,-92 036.83,-17 590.68,-12.88,83 417.00,92 107.64,9 620.82,7 150.68,0.00,136 524.77,32.59,15.31,115 623.11,20 901.66,0.53,6.27
1,B,BAKERY,02.02.2026,6,2026,82 486.82,77 227.38,-831.00,0.00,-699.01,0.00,-0.52,-90 852.54,11 296.85,8.33,78 628.50,65 315.82,-13 312.68,13 184.66,0.00,135 551.45,32.98,40.79,80 254.70,55 296.75,0.53,6.06
1,B,BAKERY,09.02.2026,7,2026,78 628.50,68 905.20,12 450.23,0.00,-6 146.77,0.00,-5.25,-78 308.89,-18 270.98,-15.61,57 257.28,60 653.26,3 395.99,-3 442.62,0.00,117 051.07,33.10,12.24,102 726.65,14 324.42,0.46,5.12
1,B,BAKERY,16.02.2026,8,2026,57 257.28,91 419.78,-278.43,0.00,-1 433.31,0.00,-1.21,-79 185.24,2 287.45,1.93,71 248.81,67 132.19,-2 935.34,3 267.97,0.00,118 757.04,33.32,34.04,78 331.10,40 425.94,0.46,6.19
1,B,BAKERY,23.02.2026,9,2026,70 067.53,88 779.98,10 681.25,0.00,-7 281.99,0.00,-5.29,-92 747.18,-5 224.09,-3.79,64 570.82,56 819.33,-7 456.17,7 456.17,0.00,137 756.43,32.67,23.59,105 253.25,32 503.17,0.54,4.85
1,B,BAKERY,02.03.2026,10,2026,64 275.50,97 719.56,-1 061.61,0.00,-733.39,0.00,-0.55,-90 395.87,-2 334.23,-1.75,68 060.61,69 182.98,1 713.01,-1 274.63,0.00,133 082.69,32.08,29.77,93 463.49,39 619.20,0.52,5.22
1,B,BAKERY,09.03.2026,11,2026,67 469.97,86 412.12,8 392.23,0.00,-3 621.08,0.00,-2.95,-82 639.12,-11 171.60,-9.10,65 433.16,65 496.16,653.64,-1 042.91,0.00,122 827.40,32.72,20.68,97 431.80,25 395.60,0.48,5.49
1,B,BAKERY,16.03.2026,12,2026,64 842.52,94 852.54,4 985.02,0.00,-1 527.10,0.00,-1.28,-81 954.92,-5 783.93,-4.84,76 504.77,74 921.83,-492.30,399.15,0.00,119 604.24,31.48,25.37,89 265.94,30 338.30,0.47,6.44
1,B,BAKERY,23.03.2026,13,2026,75 414.13,98 018.90,-675.30,0.00,-1 637.97,0.00,-1.14,-97 351.11,6 892.96,4.80,81 030.61,91 737.77,11 076.16,-10 749.60,0.00,143 610.97,32.21,35.87,92 096.12,51 514.85,0.56,5.80
1,B,BAKERY,30.03.2026,14,2026,80 661.61,112 435.46,11 894.46,0.00,-4 287.86,0.00,-2.77,-102 415.04,-15 981.76,-10.31,82 897.51,84 819.82,2 512.95,-1 720.85,0.00,154 964.83,33.91,20.83,122 684.66,32 280.17,0.60,5.63
1,B,BAKERY,06.04.2026,15,2026,82 306.87,87 089.31,6 707.11,0.00,-2 803.74,0.00,-2.27,-83 690.77,-8 310.03,-6.73,81 889.39,81 393.39,94.64,13.96,0.00,123 551.75,32.26,23.27,94 804.54,28 747.21,0.48,6.80
1,B,BAKERY,13.04.2026,16,2026,81 298.75,76 930.64,2 735.64,0.00,-2 573.72,0.00,-2.01,-86 329.34,-4 990.05,-3.90,67 071.92,68 191.54,1 119.62,-325.56,0.00,127 986.47,32.55,26.64,93 893.12,34 093.36,0.50,5.44
1,B,BAKERY,20.04.2026,17,2026,67 071.92,111 658.32,7 057.26,0.00,-5 036.06,0.00,-3.81,-90 537.42,0.00,0.00,90 217.95,81 426.86,-8 787.15,0.00,0.00,132 090.13,31.46,27.65,95 573.48,36 516.65,0.51,6.97
1,B,BAKERY,27.04.2026,18,2026,90 214.01,63 299.46,0.00,0.00,-114.88,0.00,-0.21,-36 693.28,0.00,0.00,116 705.31,82 560.20,-34 145.10,0.00,0.00,54 008.39,32.06,31.85,36 808.16,17 200.23,0.21,22.26
2,C,BUTCHERY,29.12.2025,1,2026,146 065.60,97 070.09,-1 731.02,0.00,0.00,0.00,0.00,-104 853.03,-15 122.20,-11.10,121 429.44,136 949.76,15 520.32,-15 520.32,0.00,136 181.97,23.01,11.90,119 975.23,16 206.74,0.53,8.11
2,C,BUTCHERY,05.01.2026,2,2026,121 429.44,66 281.65,-5 162.68,0.00,0.00,0.00,0.00,-75 147.11,2 341.89,2.34,109 743.19,99 620.42,-10 122.77,9 995.12,0.00,100 104.29,24.93,27.27,72 805.22,27 299.07,0.39,10.22
2,C,BUTCHERY,12.01.2026,3,2026,109 743.19,80 450.81,-1 668.95,0.00,0.00,0.00,0.00,-71 687.53,0.00,0.00,116 837.52,116 338.94,-498.58,0.00,0.00,92 363.72,22.39,22.39,71 687.53,20 676.19,0.36,11.41
2,C,BUTCHERY,19.01.2026,4,2026,116 837.52,111 819.43,-1 335.12,0.00,0.00,0.00,0.00,-79 485.67,0.00,0.00,147 836.16,143 913.20,-3 922.96,0.00,0.00,104 930.70,24.25,24.25,79 485.67,25 445.04,0.41,13.02
2,C,BUTCHERY,26.01.2026,5,2026,147 836.16,75 332.47,-3 451.93,0.00,0.00,0.00,0.00,-84 810.51,420 334.90,392.43,555 241.09,106 803.65,-448 437.44,425 984.85,0.00,107 110.43,20.82,413.25,-335 524.39,442 634.82,0.42,45.83
2,C,BUTCHERY,02.02.2026,6,2026,555 241.09,92 873.23,-2 234.80,0.00,0.00,0.00,0.00,-79 080.12,-452 754.18,-439.74,114 045.22,563 126.67,449 081.45,-450 937.12,0.00,102 959.48,23.19,-416.55,531 834.29,-428 874.82,0.40,10.10
2,C,BUTCHERY,09.02.2026,7,2026,114 045.22,91 977.11,-4 161.25,0.00,0.00,0.00,0.00,-85 345.93,-4 126.13,-3.84,112 389.02,116 011.19,3 622.17,-3 810.61,0.00,107 470.52,20.59,16.75,89 472.06,17 998.46,0.42,9.22
2,C,BUTCHERY,16.02.2026,8,2026,112 389.02,65 726.57,-2 160.99,0.00,0.00,0.00,0.00,-73 602.00,-9 483.46,-10.21,92 869.14,99 932.10,7 062.96,-7 116.14,0.00,92 877.39,20.75,10.54,83 085.46,9 791.92,0.36,8.83
2,C,BUTCHERY,23.02.2026,9,2026,92 869.14,106 131.96,-2 650.90,0.00,0.00,0.00,0.00,-119 203.46,-9 842.37,-6.51,67 304.37,72 509.10,5 204.73,-5 204.73,0.00,151 148.22,21.13,14.62,129 045.83,22 102.40,0.59,3.95
2,C,BUTCHERY,02.03.2026,10,2026,67 304.37,111 977.89,-532.74,0.00,0.00,0.00,0.00,-92 454.84,-7 278.43,-6.21,79 016.26,82 224.19,3 207.94,-3 278.55,0.00,117 158.00,21.09,14.87,99 733.27,17 424.74,0.46,5.98
2,C,BUTCHERY,09.03.2026,11,2026,79 016.26,69 579.15,-2 065.78,0.00,0.00,0.00,0.00,-77 604.68,989.95,1.00,69 914.89,68 932.14,-982.75,961.95,0.00,98 627.19,21.32,22.32,76 614.74,22 012.45,0.38,6.31
2,C,BUTCHERY,16.03.2026,12,2026,69 914.89,92 843.97,-1 512.16,0.00,0.00,0.00,0.00,-72 456.25,-949.09,-1.03,87 841.35,88 195.03,353.68,2 528.45,0.00,92 537.10,21.70,20.67,73 405.35,19 131.75,0.36,8.49
2,C,BUTCHERY,23.03.2026,13,2026,87 841.35,114 726.03,-81.17,0.00,0.00,0.00,0.00,-113 079.35,1 669.58,1.15,91 076.45,90 283.73,-792.72,523.21,0.00,144 679.89,21.84,23.00,111 409.77,33 270.13,0.56,5.64
2,C,BUTCHERY,30.03.2026,14,2026,91 076.45,142 502.49,-2 858.59,0.00,0.00,0.00,0.00,-114 176.60,-11 816.12,-8.16,104 727.63,107 520.39,2 792.75,-3 777.22,0.00,144 823.95,21.16,13.00,125 992.71,18 831.24,0.56,6.42
2,C,BUTCHERY,06.04.2026,15,2026,104 727.63,82 559.80,2 032.16,0.00,0.00,0.00,0.00,-71 499.56,-3 151.10,-3.41,114 668.93,113 689.76,-979.17,2 349.54,0.00,92 452.70,22.66,19.26,74 650.67,17 802.03,0.36,11.23
2,C,BUTCHERY,13.04.2026,16,2026,114 668.93,46 818.48,-3 143.90,0.00,0.00,0.00,0.00,-66 470.17,-22 988.68,-26.48,68 884.66,88 830.78,19 946.13,-19 753.83,0.00,86 830.23,23.45,-3.03,89 458.85,-2 628.63,0.34,7.25
2,C,BUTCHERY,20.04.2026,17,2026,68 884.66,121 563.50,-393.70,0.00,0.00,0.00,0.00,-103 223.22,0.00,0.00,86 831.24,87 864.81,1 033.58,0.00,0.00,133 739.37,22.82,22.82,103 223.22,30 516.15,0.52,5.89
2,C,BUTCHERY,27.04.2026,18,2026,86 831.24,81 268.11,50.13,0.00,0.00,0.00,0.00,-36 572.15,0.00,0.00,131 577.32,102 558.88,-29 018.44,0.00,0.00,46 537.30,21.41,21.41,36 572.15,9 965.15,0.18,25.18
3,D,DELICATESSEN,29.12.2025,1,2026,23 834.83,592.52,-332.77,0.00,0.00,0.00,0.00,-8 943.41,-452.39,-3.42,14 698.77,15 119.63,420.86,-420.86,0.00,13 239.07,32.45,29.03,9 395.80,3 843.27,0.05,11.50
3,D,DELICATESSEN,05.01.2026,2,2026,14 698.77,13 005.53,-348.76,0.00,0.00,0.00,0.00,-13 252.75,478.96,2.47,14 581.76,14 086.99,-494.77,494.77,0.00,19 417.68,31.75,34.22,12 773.78,6 643.90,0.08,7.70
3,D,DELICATESSEN,12.01.2026,3,2026,14 581.76,14 649.32,0.00,0.00,0.00,0.00,0.00,-12 301.48,0.00,0.00,16 929.60,16 898.08,-31.53,0.00,0.00,17 612.72,30.16,30.16,12 301.48,5 311.24,0.07,9.63
3,D,DELICATESSEN,19.01.2026,4,2026,16 929.60,11 995.20,2 113.19,0.00,-18.07,0.00,-0.11,-11 353.93,0.00,0.00,19 666.00,17 467.20,-2 198.80,0.00,0.00,16 792.09,32.39,32.28,11 372.00,5 420.09,0.07,12.12
3,D,DELICATESSEN,26.01.2026,5,2026,19 666.00,12 243.44,-302.76,0.00,0.00,0.00,0.00,-12 983.52,-7 361.49,-39.72,11 261.66,16 312.90,5 051.24,-5 170.13,0.00,18 534.30,29.95,-9.77,20 345.01,-1 810.71,0.07,6.07
3,D,DELICATESSEN,02.02.2026,6,2026,11 261.66,13 633.29,-119.09,0.00,0.00,0.00,0.00,-13 345.48,2 070.82,11.04,13 501.21,11 462.27,-2 038.94,1 952.38,0.00,18 764.61,28.88,39.92,11 274.65,7 489.96,0.07,7.08
3,D,DELICATESSEN,09.02.2026,7,2026,13 501.21,13 089.90,-807.65,0.00,0.00,0.00,0.00,-11 731.73,-544.21,-3.26,13 507.52,14 037.83,530.31,-696.09,0.00,16 708.48,29.79,26.53,12 275.94,4 432.54,0.07,8.06
3,D,DELICATESSEN,16.02.2026,8,2026,13 507.52,15 110.31,-34.44,0.00,0.00,0.00,0.00,-11 932.81,281.25,1.69,16 931.83,16 656.45,-275.38,309.81,0.00,16 660.57,28.38,30.07,11 651.56,5 009.01,0.06,9.93
3,D,DELICATESSEN,23.02.2026,9,2026,16 931.83,14 505.38,-502.20,0.00,0.00,0.00,0.00,-13 993.95,-100.08,-0.50,16 840.97,16 916.49,75.52,-75.52,0.00,19 821.56,29.40,28.90,14 094.03,5 727.53,0.08,8.42
3,D,DELICATESSEN,02.03.2026,10,2026,16 840.97,13 866.66,-353.72,0.00,0.00,0.00,0.00,-14 004.99,-769.84,-3.84,15 579.08,16 580.79,1 001.70,-785.36,0.00,20 032.03,30.09,26.24,14 774.83,5 257.19,0.08,7.79
3,D,DELICATESSEN,09.03.2026,11,2026,15 579.08,13 799.71,-791.64,0.00,0.00,0.00,0.00,-10 740.97,-105.11,-0.69,17 741.06,17 800.55,59.48,-59.48,0.00,15 238.29,29.51,28.82,10 846.09,4 392.20,0.06,11.56
3,D,DELICATESSEN,16.03.2026,12,2026,17 741.06,11 536.08,-160.44,0.00,0.00,0.00,0.00,-11 516.11,575.85,3.49,18 176.43,17 573.29,-603.14,476.29,0.00,16 517.72,30.28,33.77,10 940.27,5 577.45,0.06,11.05
3,D,DELICATESSEN,23.03.2026,13,2026,18 176.43,12 054.40,-589.47,0.00,0.00,0.00,0.00,-11 829.75,-3 569.19,-21.04,14 242.43,17 797.55,3 555.12,-3 555.12,0.00,16 966.76,30.28,9.24,15 398.94,1 567.82,0.07,8.43
3,D,DELICATESSEN,30.03.2026,14,2026,14 242.43,12 267.56,-378.77,0.00,-12.36,0.00,-0.08,-10 838.13,3 015.54,19.34,18 296.27,14 171.15,-4 125.12,4 308.40,0.00,15 596.23,30.51,49.76,7 834.95,7 761.28,0.06,11.82
3,D,DELICATESSEN,06.04.2026,15,2026,18 296.27,9 628.38,-30.06,0.00,0.00,0.00,0.00,-11 168.02,-2 901.66,-17.28,13 824.90,15 644.01,1 819.11,-1 799.86,0.00,16 789.95,33.48,16.20,14 069.69,2 720.26,0.07,8.67
3,D,DELICATESSEN,13.04.2026,16,2026,13 824.90,13 404.83,-228.01,0.00,0.00,0.00,0.00,-11 091.89,-3 130.43,-20.21,12 779.40,15 870.93,3 091.53,-3 113.62,0.00,15 490.58,28.40,8.19,14 222.32,1 268.26,0.06,8.06
3,D,DELICATESSEN,20.04.2026,17,2026,12 779.40,13 378.43,-233.87,0.00,0.00,0.00,0.00,-11 159.90,0.00,0.00,14 764.06,14 749.97,-14.09,0.00,0.00,15 869.36,29.68,29.68,11 159.90,4 709.46,0.06,9.26
3,D,DELICATESSEN,27.04.2026,18,2026,14 764.06,11 421.40,0.00,0.00,0.00,0.00,0.00,-4 552.14,0.00,0.00,21 633.32,10 202.13,-11 431.19,0.00,0.00,6 368.42,28.52,28.52,4 552.14,1 816.28,0.02,33.27
4,F,FRESH PRODUCE,29.12.2025,1,2026,43 699.25,111 356.21,-1 511.81,0.00,-698.12,0.00,-0.45,-113 110.03,11 571.46,7.51,51 306.95,39 699.46,-11 607.49,11 351.02,0.00,153 986.86,26.55,33.61,102 236.70,51 750.16,0.60,3.18
4,F,FRESH PRODUCE,05.01.2026,2,2026,51 306.95,107 358.36,-2 177.01,0.00,-2 090.41,0.00,-1.27,-120 496.64,9 813.86,5.95,43 715.11,32 416.41,-11 298.70,11 077.27,0.00,164 809.28,26.89,31.57,112 773.19,52 036.09,0.64,2.54
4,F,FRESH PRODUCE,12.01.2026,3,2026,43 715.11,93 514.31,-692.50,0.00,-412.79,0.00,-0.30,-100 882.51,0.00,0.00,35 241.61,35 574.96,333.35,0.00,0.00,138 006.36,26.90,26.60,101 295.30,36 711.06,0.54,2.45
4,F,FRESH PRODUCE,19.01.2026,4,2026,35 241.61,96 147.98,-1 487.73,0.00,-1 739.86,0.00,-1.21,-105 945.92,0.00,0.00,22 216.08,22 000.09,-215.99,0.00,0.00,143 572.78,26.21,25.00,107 685.78,35 887.00,0.56,1.47
4,F,FRESH PRODUCE,26.01.2026,5,2026,22 216.08,91 943.49,-1 542.96,0.00,-1 941.36,0.00,-1.39,-103 745.59,32 312.66,23.08,39 242.32,41 314.52,2 072.20,32 270.97,0.00,139 993.59,25.89,47.59,73 374.28,66 619.31,0.54,2.65
4,F,FRESH PRODUCE,02.02.2026,6,2026,39 242.32,88 156.42,47.68,0.00,-115.07,0.00,-0.09,-96 260.21,7 872.67,6.02,38 943.81,30 417.80,-8 526.01,8 445.62,0.00,130 878.16,26.45,32.38,88 502.61,42 375.55,0.51,2.83
4,F,FRESH PRODUCE,09.02.2026,7,2026,38 943.81,94 690.37,1 508.08,0.00,-2 398.00,0.00,-1.71,-103 614.58,12 394.27,8.83,41 523.95,26 318.07,-15 205.88,14 992.86,0.00,140 334.10,26.17,33.29,93 618.31,46 715.79,0.55,2.81
4,F,FRESH PRODUCE,16.02.2026,8,2026,41 523.95,82 494.85,-1 098.81,0.00,-94.29,0.00,-0.08,-91 458.32,9 377.65,7.48,40 905.90,30 348.90,-10 396.12,10 497.28,0.00,125 379.94,27.06,34.46,82 174.96,43 204.98,0.49,3.12
4,F,FRESH PRODUCE,23.02.2026,9,2026,40 745.02,94 526.94,-1 875.30,0.00,-2 553.20,0.00,-1.73,-108 375.58,9 576.93,6.48,32 044.81,22 386.77,-9 658.04,9 658.04,0.00,147 853.85,26.70,31.45,101 351.86,46 501.99,0.58,2.07
4,F,FRESH PRODUCE,02.03.2026,10,2026,32 044.81,106 246.18,-534.66,0.00,-1 176.89,0.00,-0.85,-102 037.02,5 789.18,4.17,40 331.60,35 340.70,-4 990.90,5 561.31,0.00,138 965.99,26.57,29.89,97 424.73,41 541.26,0.54,2.77
4,F,FRESH PRODUCE,09.03.2026,11,2026,40 331.60,103 702.23,-2 765.78,0.00,-803.06,0.00,-0.59,-100 603.67,13 249.80,9.66,53 111.11,40 811.47,-12 299.64,12 140.48,0.00,137 209.58,26.68,35.75,88 156.93,49 052.65,0.53,3.70
4,F,FRESH PRODUCE,16.03.2026,12,2026,53 111.11,78 075.12,-2 373.97,0.00,-1 065.51,0.00,-0.89,-89 088.21,10 041.85,8.36,48 700.40,38 975.35,-9 725.05,9 886.68,0.00,120 065.02,25.80,33.28,80 111.87,39 953.15,0.47,3.83
4,F,FRESH PRODUCE,23.03.2026,13,2026,48 700.40,94 092.88,-1 122.58,0.00,-1 837.24,0.00,-1.38,-99 112.65,-1 329.95,-1.00,39 390.85,41 267.62,1 876.77,-924.32,0.00,133 016.83,25.49,23.11,102 279.85,30 736.98,0.52,2.78
4,F,FRESH PRODUCE,30.03.2026,14,2026,39 390.85,96 166.91,-1 714.24,0.00,-1 422.12,0.00,-1.07,-98 739.69,6 327.95,4.75,40 009.66,32 880.40,-7 129.27,7 594.43,0.00,133 169.24,25.85,29.54,93 833.86,39 335.38,0.52,2.84
4,F,FRESH PRODUCE,06.04.2026,15,2026,40 009.66,100 655.81,-1 081.87,0.00,-1 714.37,0.00,-1.37,-93 790.57,6 957.62,5.54,51 036.28,45 193.78,-5 842.50,6 454.09,0.00,125 544.79,25.29,29.47,88 547.32,36 997.47,0.49,3.81
4,F,FRESH PRODUCE,13.04.2026,16,2026,51 036.28,87 744.25,-591.50,0.00,-1 765.79,0.00,-1.44,-90 081.21,-169.06,-0.14,46 172.98,46 371.61,198.64,-374.52,0.00,123 024.92,26.78,25.21,92 016.06,31 008.86,0.48,3.59
4,F,FRESH PRODUCE,20.04.2026,17,2026,46 172.98,95 304.90,-591.89,0.00,-1 954.16,0.00,-1.54,-94 034.82,0.00,0.00,44 897.00,43 908.80,-988.20,0.00,0.00,127 047.45,25.98,24.45,95 988.98,31 058.47,0.49,3.34
4,F,FRESH PRODUCE,27.04.2026,18,2026,44 897.00,59 248.63,-3 613.00,0.00,0.00,0.00,0.00,-37 226.34,0.00,0.00,63 306.29,29 671.05,-33 635.24,0.00,0.00,50 255.40,25.93,25.93,37 226.34,13 029.06,0.20,11.90
5,G,GROCERIES,29.12.2025,1,2026,1 012 462.39,173 844.68,-2 346.98,0.00,0.00,0.00,0.00,-237 727.43,0.00,0.00,946 232.67,1 137 661.38,191 428.71,0.00,0.00,296 695.33,19.87,19.87,237 727.43,58 967.90,1.15,27.86
5,G,GROCERIES,05.01.2026,2,2026,946 232.67,309 426.81,-5 023.34,0.00,-268.00,0.00,-0.07,-332 814.05,5 807.35,1.47,923 477.10,1 106 210.37,182 848.92,-3 022.08,0.00,395 324.77,15.81,17.21,327 274.70,68 050.07,1.54,19.42
5,G,GROCERIES,12.01.2026,3,2026,923 361.45,230 924.69,-1 447.69,0.00,0.00,0.00,0.00,-277 007.38,0.00,0.00,875 831.06,1 054 682.61,178 851.55,0.00,0.00,329 553.33,15.94,15.94,277 007.38,52 545.95,1.28,22.13
5,G,GROCERIES,19.01.2026,4,2026,875 831.06,393 369.97,-7 789.18,0.00,-11.36,0.00,-0.00,-400 272.96,0.00,0.00,861 283.62,1 049 711.19,188 583.65,0.00,0.00,469 980.85,14.83,14.83,400 284.32,69 696.53,1.83,15.06
5,G,GROCERIES,26.01.2026,5,2026,861 127.54,311 750.50,-3 245.22,0.00,0.00,0.00,0.00,-326 884.79,-2 407.52,-0.63,841 792.59,1 024 065.58,183 725.06,-9 197.30,0.00,380 186.59,14.02,13.39,329 292.30,50 894.29,1.48,18.00
5,G,GROCERIES,02.02.2026,6,2026,840 340.52,339 856.61,-1 425.36,0.00,0.00,0.00,0.00,-327 263.54,47 014.75,12.36,898 596.90,1 076 297.87,177 774.88,39 648.91,0.00,380 389.92,13.97,26.33,280 248.79,100 141.13,1.48,19.22
5,G,GROCERIES,09.02.2026,7,2026,898 522.98,178 333.09,-6 975.03,0.00,-271.70,0.00,-0.09,-257 489.51,0.00,0.00,812 119.84,990 207.06,178 087.22,0.00,0.00,316 755.28,18.71,18.62,257 761.21,58 994.08,1.23,22.08
5,G,GROCERIES,16.02.2026,8,2026,812 119.84,290 252.22,-781.62,0.00,0.00,0.00,0.00,-249 779.82,-181.28,-0.06,853 069.92,1 043 648.69,192 019.36,-381.13,0.00,302 746.71,17.50,17.44,249 961.11,52 785.60,1.18,23.87
5,G,GROCERIES,23.02.2026,9,2026,851 629.33,336 738.88,-6 207.70,0.00,0.00,0.00,0.00,-437 108.89,146 655.40,28.86,891 707.03,938 725.20,47 018.17,-47 378.42,0.00,508 187.42,13.99,42.85,290 453.49,217 733.93,1.98,14.28
5,G,GROCERIES,02.03.2026,10,2026,891 707.03,417 377.80,-1 018.52,0.00,-78.27,0.00,-0.02,-339 596.02,0.00,0.00,968 465.93,973 111.99,4 719.98,0.00,0.00,395 158.54,14.06,14.04,339 674.29,55 484.26,1.54,19.96
5,G,GROCERIES,09.03.2026,11,2026,968 392.01,271 882.63,-5 843.17,0.00,-1 063.00,0.00,-0.33,-274 545.53,0.00,0.00,958 822.94,967 938.93,9 115.99,0.00,0.00,324 671.61,15.44,15.11,275 608.53,49 063.07,1.26,24.45
5,G,GROCERIES,16.03.2026,12,2026,958 822.94,252 315.32,-5 878.66,0.00,0.00,0.00,0.00,-249 988.94,-1 848.51,-0.63,954 350.85,971 547.10,18 124.94,-2 555.60,0.00,293 896.54,14.94,14.31,251 837.45,42 059.09,1.14,26.70
5,G,GROCERIES,23.03.2026,13,2026,953 422.15,377 676.17,-971.04,0.00,0.00,0.00,0.00,-431 510.33,615.81,0.13,900 970.62,918 987.74,19 754.98,621.82,0.00,484 922.04,11.01,11.14,430 894.52,54 027.52,1.89,14.59
5,G,GROCERIES,30.03.2026,14,2026,899 232.76,427 103.05,-7 095.11,0.00,-696.05,0.00,-0.16,-382 906.27,-1 117.96,-0.26,934 709.99,961 662.92,27 142.50,-1 750.67,0.00,437 055.64,12.39,11.97,384 720.27,52 335.36,1.70,17.08
5,G,GROCERIES,06.04.2026,15,2026,934 520.42,346 472.60,-4 912.60,0.00,-371.22,0.00,-0.12,-273 283.19,354.31,0.11,1 002 780.32,1 030 605.72,27 825.40,-2 835.09,0.00,321 666.85,15.04,15.04,273 300.10,48 366.74,1.25,25.69
5,G,GROCERIES,13.04.2026,16,2026,1 002 780.32,264 890.56,-1 356.39,0.00,-194.12,0.00,-0.06,-260 880.05,-1 006.29,-0.32,1 004 824.53,1 030 267.76,26 033.73,-1 816.71,0.00,311 312.25,16.20,15.81,262 080.46,49 231.79,1.21,26.95
5,G,GROCERIES,20.04.2026,17,2026,1 004 234.03,301 309.10,-5 457.82,0.00,-351.50,0.00,-0.08,-381 910.10,-104.40,-0.02,917 719.30,937 860.05,20 140.75,-2 614.93,0.00,436 843.99,12.58,12.47,382 366.01,54 477.99,1.70,16.82
5,G,GROCERIES,27.04.2026,18,2026,917 719.30,283 554.19,-137.67,0.00,0.00,0.00,0.00,-159 724.20,0.00,0.00,1 041 411.62,922 940.94,-118 470.69,0.00,0.00,181 502.11,12.00,12.00,159 724.20,21 777.91,0.71,45.64
6,H,HEALTH & BEAUTY AIDS,29.12.2025,1,2026,277 788.64,33 715.69,0.00,0.00,0.00,0.00,0.00,-40 668.04,0.00,0.00,270 836.28,271 766.49,930.20,0.00,0.00,51 786.62,21.47,21.47,40 668.04,11 118.58,0.20,46.62
6,H,HEALTH & BEAUTY AIDS,05.01.2026,2,2026,270 836.28,48 346.23,0.00,0.00,0.00,0.00,0.00,-48 401.24,397.56,0.67,271 178.84,272 540.69,1 361.86,293.97,0.00,59 658.85,18.87,19.54,48 003.68,11 655.17,0.23,39.22
6,H,HEALTH & BEAUTY AIDS,12.01.2026,3,2026,271 178.84,32 558.38,0.00,0.00,0.00,0.00,0.00,-38 201.61,0.00,0.00,265 535.61,266 875.42,1 339.80,0.00,0.00,47 101.24,18.89,18.89,38 201.61,8 899.63,0.18,48.66
6,H,HEALTH & BEAUTY AIDS,19.01.2026,4,2026,265 535.61,41 027.98,0.00,0.00,0.00,0.00,0.00,-53 643.31,0.00,0.00,252 920.28,253 613.42,693.13,0.00,0.00,64 429.20,16.74,16.74,53 643.31,10 785.89,0.25,33.00
6,H,HEALTH & BEAUTY AIDS,26.01.2026,5,2026,252 920.28,41 790.31,0.00,0.00,0.00,0.00,0.00,-53 962.12,-31.56,-0.05,240 716.92,240 014.73,-702.18,-31.56,0.00,65 040.06,17.03,16.98,53 993.68,11 046.38,0.25,31.23
6,H,HEALTH & BEAUTY AIDS,02.02.2026,6,2026,240 716.92,49 411.46,0.00,0.00,0.00,0.00,0.00,-48 436.98,-214.32,-0.36,241 477.08,240 347.71,-1 129.37,-214.32,0.00,58 843.52,17.69,17.32,48 651.30,10 192.22,0.23,34.90
6,H,HEALTH & BEAUTY AIDS,09.02.2026,7,2026,241 477.08,45 850.09,0.00,0.00,0.00,0.00,0.00,-39 417.61,3 330.65,6.89,251 240.21,249 063.24,-2 176.97,3 376.69,0.00,48 334.60,18.45,25.34,36 086.96,12 247.64,0.19,44.62
6,H,HEALTH & BEAUTY AIDS,16.02.2026,8,2026,251 240.21,31 850.78,0.00,0.00,0.00,0.00,0.00,-36 711.17,2 574.27,5.76,248 954.09,245 239.25,-3 714.84,1 268.34,0.00,44 686.14,17.85,23.61,34 136.90,10 549.24,0.17,47.47
6,H,HEALTH & BEAUTY AIDS,23.02.2026,9,2026,248 954.09,70 582.88,0.00,0.00,0.00,0.00,0.00,-74 002.80,-1 324.95,-1.48,244 209.22,240 769.50,-3 439.72,3 439.72,0.00,89 392.18,17.22,15.73,75 327.75,14 064.43,0.35,23.10
6,H,HEALTH & BEAUTY AIDS,02.03.2026,10,2026,244 209.22,57 827.79,0.00,0.00,0.00,0.00,0.00,-52 372.76,0.00,0.00,249 664.25,251 038.63,1 374.38,0.00,0.00,63 090.94,16.99,16.99,52 372.76,10 718.18,0.25,33.37
6,H,HEALTH & BEAUTY AIDS,09.03.2026,11,2026,249 664.25,36 593.39,0.00,0.00,0.00,0.00,0.00,-41 228.02,148.69,0.30,245 178.30,246 243.50,1 065.19,159.61,0.00,49 209.22,16.22,16.52,41 079.34,8 129.88,0.19,41.63
6,H,HEALTH & BEAUTY AIDS,16.03.2026,12,2026,245 178.30,41 177.97,0.00,0.00,0.00,0.00,0.00,-35 427.82,48.08,0.11,250 976.53,252 608.22,1 631.69,30.83,0.00,42 482.41,16.61,16.72,35 379.74,7 102.67,0.17,49.59
6,H,HEALTH & BEAUTY AIDS,23.03.2026,13,2026,250 976.53,45 996.14,0.00,0.00,0.00,0.00,0.00,-64 917.20,150.76,0.20,232 206.23,234 128.98,1 922.75,150.76,0.00,76 704.05,15.37,15.56,64 766.44,11 937.61,0.30,25.04
6,H,HEALTH & BEAUTY AIDS,30.03.2026,14,2026,232 206.23,59 296.22,0.00,0.00,0.00,0.00,0.00,-51 702.16,0.00,0.00,239 800.29,242 520.41,2 720.12,0.00,0.00,62 076.73,16.71,16.71,51 702.16,10 374.57,0.24,32.47
6,H,HEALTH & BEAUTY AIDS,06.04.2026,15,2026,239 800.29,45 972.10,0.00,0.00,0.00,0.00,0.00,-40 699.99,0.00,0.00,245 072.40,248 833.88,3 761.48,0.00,0.00,48 949.83,16.85,16.85,40 699.99,8 249.84,0.19,42.15
6,H,HEALTH & BEAUTY AIDS,13.04.2026,16,2026,245 072.40,46 458.53,0.00,0.00,0.00,0.00,0.00,-39 988.98,-1 292.00,-2.65,250 249.94,255 509.05,5 259.10,-1 289.95,0.00,48 733.50,17.94,15.29,41 280.99,7 452.51,0.19,43.81
6,H,HEALTH & BEAUTY AIDS,20.04.2026,17,2026,250 249.94,55 696.02,0.00,0.00,0.00,0.00,0.00,-54 529.46,0.00,0.00,251 416.51,256 492.06,5 075.55,0.00,0.00,64 439.96,15.38,15.38,54 529.46,9 910.50,0.25,32.27
6,H,HEALTH & BEAUTY AIDS,27.04.2026,18,2026,251 416.51,48 286.82,0.00,0.00,0.00,0.00,0.00,-24 126.59,0.00,0.00,275 576.73,262 464.52,-13 112.22,0.00,0.00,28 466.13,15.24,15.24,24 126.59,4 339.54,0.11,79.95
7,R,FROZENS,29.12.2025,1,2026,330 968.40,41 275.92,-59.13,0.00,0.00,0.00,0.00,-55 110.80,0.00,0.00,317 074.39,331 686.29,14 611.90,0.00,0.00,72 884.00,24.39,24.39,55 110.80,17 773.20,0.28,40.27
7,R,FROZENS,05.01.2026,2,2026,317 074.39,74 693.47,0.00,0.00,0.00,0.00,0.00,-81 854.63,0.00,0.00,309 913.23,327 563.44,17 650.21,0.00,0.00,97 723.91,16.24,16.24,81 854.63,15 869.27,0.38,26.50
7,R,FROZENS,12.01.2026,3,2026,309 913.23,29 843.21,-106.67,0.00,0.00,0.00,0.00,-46 946.09,0.00,0.00,292 703.68,311 254.62,18 550.93,0.00,0.00,58 384.76,19.59,19.59,46 946.09,11 438.66,0.23,43.64
7,R,FROZENS,19.01.2026,4,2026,292 703.68,62 195.27,-65.08,0.00,0.00,0.00,0.00,-95 985.26,0.00,0.00,258 848.62,275 462.40,16 613.78,0.00,0.00,107 782.73,10.95,10.95,95 985.26,11 797.47,0.42,18.88
7,R,FROZENS,26.01.2026,5,2026,258 848.62,85 285.45,-288.08,0.00,0.00,0.00,0.00,-101 653.86,0.00,0.00,242 192.12,260 184.91,17 992.79,0.00,0.00,114 028.63,10.85,10.85,101 653.86,12 374.76,0.44,16.68
7,R,FROZENS,02.02.2026,6,2026,242 192.12,80 397.09,-270.95,0.00,0.00,0.00,0.00,-91 635.05,0.00,0.00,230 683.21,248 678.79,17 995.58,0.00,0.00,101 983.08,10.15,10.15,91 635.05,10 348.03,0.40,17.62
7,R,FROZENS,09.02.2026,7,2026,230 683.21,66 773.77,-157.97,0.00,0.00,0.00,0.00,-65 113.33,0.00,0.00,232 185.69,249 239.45,17 053.76,0.00,0.00,74 420.43,12.51,12.51,65 113.33,9 307.11,0.29,24.96
7,R,FROZENS,16.02.2026,8,2026,232 185.69,84 061.24,-91.79,0.00,0.00,0.00,0.00,-67 765.69,0.00,0.00,248 389.44,267 840.80,19 451.35,0.00,0.00,78 247.77,13.40,13.40,67 765.69,10 482.08,0.30,25.66
7,R,FROZENS,23.02.2026,9,2026,248 389.44,91 950.97,-235.26,0.00,0.00,0.00,0.00,-107 036.63,-85 127.67,-70.11,147 940.85,254 119.08,106 178.22,-106 178.22,0.00,121 414.39,11.84,-58.27,192 164.30,-70 749.90,0.47,9.68
7,R,FROZENS,02.03.2026,10,2026,147 940.85,117 560.73,-157.58,0.00,0.00,0.00,0.00,-93 761.53,0.00,0.00,171 582.47,172 632.30,1 049.83,0.00,0.00,104 422.94,10.21,10.21,93 761.53,10 661.41,0.41,12.81
7,R,FROZENS,09.03.2026,11,2026,171 582.47,60 479.96,-133.52,0.00,0.00,0.00,0.00,-93 012.72,-5 723.28,-5.36,133 192.91,136 982.58,3 789.67,-6 074.65,0.00,106 776.04,12.89,7.53,98 736.00,8 040.04,0.42,10.02
7,R,FROZENS,16.03.2026,12,2026,133 192.91,90 582.90,-279.98,0.00,0.00,0.00,0.00,-61 950.46,-1 229.85,-1.73,160 315.52,165 009.44,4 693.92,441.43,0.00,71 224.18,13.02,11.29,63 180.31,8 043.87,0.28,18.11
7,R,FROZENS,23.03.2026,13,2026,160 315.52,124 247.42,-201.28,0.00,0.00,0.00,0.00,-103 880.00,0.00,0.00,180 481.67,187 498.41,7 016.74,0.00,0.00,117 498.03,11.59,11.59,103 880.00,13 618.03,0.46,12.16
7,R,FROZENS,30.03.2026,14,2026,180 481.67,96 935.53,-114.68,0.00,0.00,0.00,0.00,-102 244.37,0.00,0.00,175 058.15,182 756.37,7 698.22,0.00,0.00,115 653.64,11.59,11.59,102 244.37,13 409.27,0.45,11.99
7,R,FROZENS,06.04.2026,15,2026,175 058.15,95 308.34,-31.89,0.00,0.00,0.00,0.00,-83 896.49,0.00,0.00,186 438.11,195 079.53,8 641.42,0.00,0.00,94 062.78,10.81,10.81,83 896.49,10 166.29,0.37,15.56
7,R,FROZENS,13.04.2026,16,2026,186 438.11,110 832.42,-65.72,0.00,0.00,0.00,0.00,-74 418.06,0.00,0.00,222 786.75,237 816.11,15 029.36,0.00,0.00,83 276.69,10.64,10.64,74 418.06,8 858.64,0.32,20.96
7,R,FROZENS,20.04.2026,17,2026,222 786.75,86 751.41,-25.00,0.00,0.00,0.00,0.00,-90 903.03,0.00,0.00,218 610.13,236 454.80,17 844.68,0.00,0.00,101 836.62,10.74,10.74,90 903.03,10 933.59,0.40,16.83
7,R,FROZENS,27.04.2026,18,2026,218 610.13,71 888.13,0.00,0.00,0.00,0.00,0.00,-27 750.47,0.00,0.00,262 747.79,238 519.52,-24 228.27,0.00,0.00,31 075.95,10.70,10.70,27 750.47,3 325.48,0.12,66.28
8,P,PERISHABLES,29.12.2025,1,2026,229 262.46,37 299.65,-933.64,0.00,0.00,0.00,0.00,-119 031.78,0.00,0.00,146 596.69,189 261.43,42 664.74,0.00,0.00,149 940.12,20.61,20.61,119 031.78,30 908.34,0.58,8.62
8,P,PERISHABLES,05.01.2026,2,2026,146 596.69,135 115.85,-3 379.07,0.00,0.00,0.00,0.00,-131 506.40,0.00,0.00,146 827.08,189 807.54,42 980.46,0.00,0.00,158 180.56,16.86,16.86,131 506.40,26 674.16,0.62,7.82
8,P,PERISHABLES,12.01.2026,3,2026,146 827.08,122 430.84,-346.17,0.00,0.00,0.00,0.00,-120 494.23,0.00,0.00,148 417.52,191 832.35,43 414.82,0.00,0.00,143 654.92,16.12,16.12,120 494.23,23 160.69,0.56,8.62
8,P,PERISHABLES,19.01.2026,4,2026,148 417.52,152 442.02,-14 374.04,0.00,0.00,0.00,0.00,-140 783.09,0.00,0.00,145 702.42,190 460.33,44 757.91,0.00,0.00,164 236.51,14.28,14.28,140 783.09,23 453.42,0.64,7.24
8,P,PERISHABLES,26.01.2026,5,2026,145 702.42,138 232.86,-3 424.09,0.00,0.00,0.00,0.00,-131 604.22,27 747.04,18.09,176 654.01,219 016.72,42 362.71,24 088.68,0.00,153 405.17,14.21,32.30,103 857.18,49 547.99,0.60,9.40
8,P,PERISHABLES,02.02.2026,6,2026,176 654.01,154 467.34,-356.92,0.00,0.00,0.00,0.00,-128 467.62,0.00,0.00,202 296.81,248 561.03,46 264.23,0.00,0.00,149 707.57,14.19,14.19,128 467.62,21 239.94,0.58,11.02
8,P,PERISHABLES,09.02.2026,7,2026,202 296.81,71 502.42,-7 615.92,0.00,0.00,0.00,0.00,-121 923.50,0.00,0.00,144 259.81,192 086.61,47 826.80,0.00,0.00,140 961.62,13.51,13.51,121 923.50,19 038.13,0.55,8.28
8,P,PERISHABLES,16.02.2026,8,2026,144 259.81,130 295.49,-763.10,0.00,0.00,0.00,0.00,-113 095.26,0.00,0.00,160 696.93,211 219.29,50 522.35,0.00,0.00,132 789.66,14.83,14.83,113 095.26,19 694.40,0.52,9.95
8,P,PERISHABLES,23.02.2026,9,2026,160 696.93,146 680.43,-5 649.09,0.00,0.00,0.00,0.00,-169 460.72,22 094.76,11.39,155 644.91,185 050.92,30 688.61,-30 688.61,0.00,193 982.62,12.64,24.03,147 365.96,46 616.66,0.76,6.38
8,P,PERISHABLES,02.03.2026,10,2026,154 362.31,156 414.55,-201.56,0.00,0.00,0.00,0.00,-145 167.03,0.00,0.00,165 408.27,162 698.94,-2 709.33,0.00,0.00,168 373.22,13.78,13.78,145 167.03,23 206.19,0.66,7.98
8,P,PERISHABLES,09.03.2026,11,2026,165 408.27,152 353.05,-4 889.85,0.00,0.00,0.00,0.00,-126 909.98,0.00,0.00,185 961.50,187 028.82,1 067.33,0.00,0.00,148 239.24,14.39,14.39,126 909.98,21 329.26,0.58,10.26
8,P,PERISHABLES,16.03.2026,12,2026,185 961.50,129 860.69,-2 005.38,0.00,0.00,0.00,0.00,-115 269.47,0.00,0.00,198 547.34,203 544.81,4 997.47,0.00,0.00,133 498.87,13.66,13.66,115 269.47,18 229.40,0.52,12.06
8,P,PERISHABLES,23.03.2026,13,2026,198 547.34,123 276.22,-416.13,0.00,0.00,0.00,0.00,-147 375.71,0.00,0.00,174 153.93,182 171.52,8 139.81,0.00,0.00,172 887.36,14.76,14.76,147 375.71,25 511.65,0.67,8.27
8,P,PERISHABLES,30.03.2026,14,2026,174 031.71,147 954.00,-6 197.61,0.00,-494.92,0.00,-0.30,-144 576.58,0.00,0.00,170 716.60,182 106.35,11 389.75,0.00,0.00,167 763.41,13.82,13.53,145 071.50,22 691.91,0.65,8.27
8,P,PERISHABLES,06.04.2026,15,2026,170 716.60,144 922.86,-5 350.54,0.00,0.00,0.00,0.00,-116 686.10,4 662.63,3.36,199 374.55,212 610.30,14 344.84,3 073.83,0.00,138 791.21,15.93,19.29,112 023.47,26 767.74,0.54,11.89
8,P,PERISHABLES,13.04.2026,16,2026,198 265.45,113 809.58,-3 189.17,0.00,0.00,0.00,0.00,-115 262.32,0.00,0.00,193 623.54,209 336.36,15 712.82,0.00,0.00,138 994.13,17.07,17.07,115 262.32,23 731.81,0.54,11.76
8,P,PERISHABLES,20.04.2026,17,2026,193 623.54,119 480.71,-3 177.31,0.00,0.00,0.00,0.00,-135 009.29,0.00,0.00,174 917.65,191 689.26,16 771.61,0.00,0.00,158 958.66,15.07,15.07,135 009.29,23 949.37,0.62,9.07
8,P,PERISHABLES,27.04.2026,18,2026,174 917.65,141 538.22,-811.05,0.00,0.00,0.00,0.00,-60 793.39,0.00,0.00,254 851.43,202 901.44,-51 949.99,0.00,0.00,70 010.13,13.16,13.16,60 793.39,9 216.74,0.27,29.34
9,L,WINE & BEER,29.12.2025,1,2026,4 972.56,-124.36,0.00,0.00,0.00,0.00,0.00,-4 667.42,0.00,0.00,180.78,-6 219.75,-6 400.52,0.00,0.00,6 078.98,23.22,23.22,4 667.42,1 411.56,0.02,0.27
9,L,WINE & BEER,05.01.2026,2,2026,180.78,880.66,0.00,0.00,0.00,0.00,0.00,-4 086.60,0.00,0.00,-3 025.16,-9 489.72,-6 464.56,0.00,0.00,5 211.42,21.58,21.58,4 086.60,1 124.82,0.02,-5.18
9,L,WINE & BEER,12.01.2026,3,2026,-3 025.16,655.64,-78.75,0.00,0.00,0.00,0.00,-3 192.33,0.00,0.00,-5 640.60,-12 344.50,-6 703.90,0.00,0.00,4 109.57,22.32,22.32,3 192.33,917.24,0.02,-12.37
9,L,WINE & BEER,19.01.2026,4,2026,-5 640.60,453.11,0.00,0.00,0.00,0.00,0.00,-2 058.63,0.00,0.00,-7 246.12,-14 062.09,-6 815.96,0.00,0.00,2 648.38,22.27,22.27,2 058.63,589.75,0.01,-24.64
9,L,WINE & BEER,26.01.2026,5,2026,-7 246.12,15 794.55,0.00,0.00,-125.50,0.00,-3.01,-3 193.28,0.00,0.00,5 229.65,-1 657.84,-6 887.49,0.00,0.00,4 170.12,23.42,20.42,3 318.78,851.34,0.02,11.46
9,L,WINE & BEER,02.02.2026,6,2026,5 229.65,1 151.82,0.00,0.00,0.00,0.00,0.00,-2 426.04,0.00,0.00,3 955.42,-3 473.99,-7 429.41,0.00,0.00,3 183.86,23.80,23.80,2 426.04,757.82,0.01,11.41
9,L,WINE & BEER,09.02.2026,7,2026,3 955.42,-120.00,0.00,0.00,-14.03,0.00,-0.27,-4 040.65,0.00,0.00,-219.26,-7 503.83,-7 284.57,0.00,0.00,5 163.39,21.74,21.47,4 054.68,1 108.71,0.02,-0.38
9,L,WINE & BEER,16.02.2026,8,2026,-219.26,460.64,0.00,0.00,0.00,0.00,0.00,-2 176.92,0.00,0.00,-1 935.54,-9 436.02,-7 500.48,0.00,0.00,2 807.45,22.46,22.46,2 176.92,630.53,0.01,-6.22
9,L,WINE & BEER,23.02.2026,9,2026,-1 935.54,3 442.79,0.00,0.00,0.00,0.00,0.00,-2 834.62,7 011.88,193.88,5 684.50,-8 937.86,-14 622.36,14 622.36,0.00,3 616.57,21.62,215.50,-4 177.25,7 793.82,0.01,14.04
9,L,WINE & BEER,02.03.2026,10,2026,5 684.50,-174.68,0.00,0.00,0.00,0.00,0.00,-2 778.50,0.00,0.00,2 731.32,2 696.42,-34.89,0.00,0.00,3 731.36,25.54,25.54,2 778.50,952.86,0.01,6.88
9,L,WINE & BEER,09.03.2026,11,2026,2 731.32,1 333.09,0.00,0.00,0.00,0.00,0.00,-4 273.21,5 952.16,108.18,5 743.36,-437.71,-6 181.07,5 889.95,0.00,5 502.30,22.34,130.51,-1 678.95,7 181.25,0.02,9.41
9,L,WINE & BEER,16.03.2026,12,2026,5 743.36,121.94,0.00,0.00,0.00,0.00,0.00,-2 547.24,0.00,0.00,3 318.06,2 830.00,-488.06,0.00,0.00,3 373.55,24.49,24.49,2 547.24,826.31,0.01,9.12
9,L,WINE & BEER,23.03.2026,13,2026,3 318.06,188.47,0.00,0.00,0.00,0.00,0.00,-2 828.26,0.00,0.00,678.28,91.75,-586.53,0.00,0.00,3 701.58,23.59,23.59,2 828.26,873.32,0.01,1.68
9,L,WINE & BEER,30.03.2026,14,2026,678.28,1 407.29,0.00,0.00,0.00,0.00,0.00,-4 046.27,0.00,0.00,-1 960.70,-2 652.19,-691.49,0.00,0.00,5 345.97,24.31,24.31,4 046.27,1 299.70,0.02,-3.39
9,L,WINE & BEER,06.04.2026,15,2026,-1 960.70,16.94,0.00,0.00,0.00,0.00,0.00,-1 852.12,0.00,0.00,-3 795.88,-4 684.31,-888.43,0.00,0.00,2 386.91,22.41,22.41,1 852.12,534.79,0.01,-14.35
9,L,WINE & BEER,13.04.2026,16,2026,-3 795.88,-60.00,0.00,0.00,0.00,0.00,0.00,-2 034.36,0.00,0.00,-5 890.24,-6 737.42,-847.18,0.00,0.00,2 585.61,21.32,21.32,2 034.36,551.25,0.01,-20.27
9,L,WINE & BEER,20.04.2026,17,2026,-5 890.24,458.47,0.00,0.00,0.00,0.00,0.00,-1 495.50,0.00,0.00,-6 927.27,-7 872.92,-945.65,0.00,0.00,2 010.19,25.60,25.60,1 495.50,514.69,0.01,-32.42
9,L,WINE & BEER,27.04.2026,18,2026,-6 927.27,-105.00,0.00,0.00,0.00,0.00,0.00,-494.15,0.00,0.00,-7 526.42,-8 622.07,-1 095.65,0.00,0.00,656.46,24.72,24.72,494.15,162.31,0.00,-106.62
10,N,GENERAL MERCHANDISE,29.12.2025,1,2026,276 963.56,34 296.75,-70.81,0.00,0.00,0.00,0.00,-41 833.12,0.00,0.00,269 356.39,276 309.76,6 953.37,0.00,0.00,55 518.16,24.65,24.65,41 833.12,13 685.04,0.22,45.07
10,N,GENERAL MERCHANDISE,05.01.2026,2,2026,269 356.39,40 467.52,-31.19,0.00,0.00,0.00,0.00,-54 834.68,-2 930.56,-4.48,252 027.48,259 412.23,7 384.75,-2 776.60,0.00,65 466.49,16.24,11.76,57 765.24,7 701.25,0.25,32.17
10,N,GENERAL MERCHANDISE,12.01.2026,3,2026,252 027.48,17 900.38,-340.20,0.00,0.00,0.00,0.00,-41 455.39,0.00,0.00,228 132.28,235 005.00,6 872.73,0.00,0.00,48 618.46,14.73,14.73,41 455.39,7 163.07,0.19,38.52
10,N,GENERAL MERCHANDISE,19.01.2026,4,2026,228 132.28,33 698.13,-321.11,0.00,0.00,0.00,0.00,-26 029.97,0.00,0.00,235 479.32,242 641.12,7 161.80,0.00,0.00,32 276.22,19.35,19.35,26 029.97,6 246.25,0.13,63.33
10,N,GENERAL MERCHANDISE,26.01.2026,5,2026,235 479.32,14 840.06,-288.13,0.00,0.00,0.00,0.00,-24 554.10,783.41,2.54,226 260.57,232 634.41,6 373.84,795.03,0.00,30 840.52,20.38,22.92,23 770.69,7 069.83,0.12,64.50
10,N,GENERAL MERCHANDISE,02.02.2026,6,2026,226 260.57,27 014.36,-346.29,0.00,0.00,0.00,0.00,-24 543.19,88.92,0.29,228 474.37,233 092.79,4 618.41,92.80,0.00,30 703.08,20.06,20.35,24 454.27,6 248.81,0.12,65.16
10,N,GENERAL MERCHANDISE,09.02.2026,7,2026,228 474.37,13 443.40,-926.97,0.00,0.00,0.00,0.00,-19 175.81,-1 128.43,-4.42,220 686.57,226 637.45,5 950.88,-1 116.81,0.00,25 507.55,24.82,20.40,20 304.23,5 203.31,0.10,80.56
10,N,GENERAL MERCHANDISE,16.02.2026,8,2026,220 686.57,30 157.33,-353.17,0.00,0.00,0.00,0.00,-20 793.13,38.53,0.14,229 736.13,235 141.52,5 405.39,-7.18,0.00,27 350.06,23.97,24.11,20 754.60,6 595.46,0.11,77.34
10,N,GENERAL MERCHANDISE,23.02.2026,9,2026,229 736.13,8 657.74,-106.21,0.00,0.00,0.00,0.00,-24 876.26,26 233.33,80.14,239 644.72,220 350.14,-19 294.58,19 294.59,0.00,32 734.68,24.01,104.15,-1 357.06,34 091.74,0.13,67.43
10,N,GENERAL MERCHANDISE,02.03.2026,10,2026,239 644.72,22 946.42,-220.59,0.00,0.00,0.00,0.00,-29 653.04,0.00,0.00,232 717.51,234 393.20,1 675.69,0.00,0.00,38 027.75,22.02,22.02,29 653.04,8 374.71,0.15,54.94
10,N,GENERAL MERCHANDISE,09.03.2026,11,2026,232 717.51,23 389.25,-168.03,0.00,0.00,0.00,0.00,-25 660.39,1.66,0.00,230 280.01,231 968.27,1 688.27,-610.14,0.00,34 265.18,25.11,25.12,25 658.73,8 606.45,0.13,62.82
10,N,GENERAL MERCHANDISE,16.03.2026,12,2026,230 280.01,16 376.69,-7.28,0.00,0.00,0.00,0.00,-21 284.27,76.06,0.28,225 441.21,226 568.81,1 127.59,76.05,0.00,26 904.02,20.89,21.17,21 208.21,5 695.81,0.10,74.14
10,N,GENERAL MERCHANDISE,23.03.2026,13,2026,225 441.21,19 988.47,-588.87,0.00,0.00,0.00,0.00,-27 138.79,-467.05,-1.32,217 234.97,218 847.90,1 612.93,-430.92,0.00,35 296.86,23.11,21.79,27 605.84,7 691.01,0.14,56.03
10,N,GENERAL MERCHANDISE,30.03.2026,14,2026,217 234.97,19 091.96,-6.50,0.00,0.00,0.00,0.00,-28 776.74,0.00,0.00,207 543.69,209 324.01,1 780.32,0.00,0.00,37 485.96,23.23,23.23,28 776.74,8 709.22,0.15,50.49
10,N,GENERAL MERCHANDISE,06.04.2026,15,2026,207 543.69,19 726.79,-1 093.56,0.00,0.00,0.00,0.00,-19 393.92,0.00,0.00,206 783.00,208 223.90,1 440.90,0.00,0.00,25 559.04,24.12,24.12,19 393.92,6 165.12,0.10,74.64
10,N,GENERAL MERCHANDISE,13.04.2026,16,2026,206 783.00,35 704.51,-393.55,0.00,0.00,0.00,0.00,-20 816.15,214.05,0.78,221 491.86,222 617.18,1 125.33,180.01,0.00,27 545.37,24.43,25.21,20 602.10,6 943.27,0.11,74.48
10,N,GENERAL MERCHANDISE,20.04.2026,17,2026,221 491.86,23 782.93,-232.33,0.00,0.00,0.00,0.00,-26 529.60,0.00,0.00,218 512.86,218 922.58,409.72,0.00,0.00,34 421.68,22.93,22.93,26 529.60,7 892.08,0.13,57.66
10,N,GENERAL MERCHANDISE,27.04.2026,18,2026,218 512.86,21 827.77,-269.49,0.00,0.00,0.00,0.00,-7 238.20,0.00,0.00,232 832.94,227 543.30,-5 289.64,0.00,0.00,9 388.41,22.90,22.90,7 238.20,2 150.21,0.04,225.17
11,X,EXPENSES,29.12.2025,1,2026,777 736.26,-15 915.06,384.58,0.00,0.00,0.00,0.00,-52.64,0.00,0.00,762 153.14,1 117 266.32,355 113.18,0.00,0.00,57.66,8.70,8.70,52.64,5.02,0.00,101 345.92
11,X,EXPENSES,05.01.2026,2,2026,762 153.14,11 871.69,502.07,0.00,0.00,0.00,0.00,-60.74,0.00,0.00,774 466.16,1 128 397.42,353 931.26,0.00,0.00,66.52,8.69,8.69,60.74,5.78,0.00,89 252.12
11,X,EXPENSES,12.01.2026,3,2026,774 466.16,6 107.89,1 312.14,0.00,0.00,0.00,0.00,-53.32,0.00,0.00,781 832.88,1 129 921.34,348 088.46,0.00,0.00,58.39,8.69,8.69,53.32,5.07,0.00,102 646.81
11,X,EXPENSES,19.01.2026,4,2026,781 832.88,13 343.60,606.29,0.00,0.00,0.00,0.00,-134.31,0.00,0.00,795 648.46,865 449.00,69 800.54,0.00,0.00,147.08,8.69,8.69,134.31,12.77,0.00,41 469.31
11,X,EXPENSES,26.01.2026,5,2026,795 648.46,16 017.03,1 104.12,0.00,0.00,0.00,0.00,-95.16,0.00,0.00,812 674.45,1 251 870.71,439 196.26,0.00,0.00,104.21,8.68,8.68,95.16,9.05,0.00,59 780.03
11,X,EXPENSES,02.02.2026,6,2026,812 674.45,10 305.94,718.81,0.00,0.00,0.00,0.00,-94.49,0.00,0.00,823 604.72,1 429 346.02,605 741.30,0.00,0.00,103.48,8.69,8.69,94.49,8.99,0.00,61 016.80
11,X,EXPENSES,09.02.2026,7,2026,823 604.72,12 969.28,852.92,0.00,0.00,0.00,0.00,-137.68,0.00,0.00,837 289.24,1 628 674.07,791 384.83,0.00,0.00,150.78,8.69,8.69,137.68,13.10,0.00,42 570.03
11,X,EXPENSES,16.02.2026,8,2026,837 289.24,13 961.36,714.62,0.00,0.00,0.00,0.00,-103.93,0.00,0.00,851 861.28,1 676 704.54,824 843.26,0.00,0.00,113.83,8.69,8.69,103.93,9.90,0.00,57 372.90
11,X,EXPENSES,23.02.2026,9,2026,851 861.28,11 603.48,704.47,0.00,0.00,0.00,0.00,-186.95,-861 830.05,-420 938.78,2 152.24,1 573 840.93,1 571 688.69,-1 571 688.70,0.00,204.74,8.69,-420 930.09,862 017.00,-861 812.26,0.00,80.59
11,X,EXPENSES,02.03.2026,10,2026,2 152.24,11 195.73,857.11,0.00,0.00,0.00,0.00,-1 175.00,0.00,0.00,13 030.08,12 838.21,-191.86,0.00,0.00,1 286.82,8.69,8.69,1 175.00,111.82,0.01,77.63
11,X,EXPENSES,09.03.2026,11,2026,13 030.08,18 373.65,2 132.12,0.00,0.00,0.00,0.00,-68.16,0.00,0.00,33 467.68,31 248.90,-2 218.78,0.00,0.00,74.65,8.69,8.69,68.16,6.49,0.00,3 436.87
11,X,EXPENSES,16.03.2026,12,2026,33 467.68,15 347.31,139.67,0.00,0.00,0.00,0.00,-49.94,0.00,0.00,48 904.72,47 357.28,-1 547.44,0.00,0.00,54.71,8.71,8.71,49.94,4.77,0.00,6 854.53
11,X,EXPENSES,23.03.2026,13,2026,48 904.72,17 017.09,1 080.13,0.00,0.00,0.00,0.00,-191.67,0.00,0.00,66 810.27,64 717.40,-2 092.86,0.00,0.00,209.91,8.69,8.69,191.67,18.24,0.00,2 439.96
11,X,EXPENSES,30.03.2026,14,2026,66 810.27,13 671.27,242.50,0.00,0.00,0.00,0.00,-316.53,0.00,0.00,80 407.50,78 188.11,-2 219.40,0.00,0.00,346.64,8.69,8.69,316.53,30.11,0.00,1 778.21
11,X,EXPENSES,06.04.2026,15,2026,80 407.50,16 117.10,2 139.64,0.00,0.00,0.00,0.00,-87.74,0.00,0.00,98 576.50,92 822.96,-5 753.54,0.00,0.00,96.11,8.71,8.71,87.74,8.37,0.00,7 864.82
11,X,EXPENSES,13.04.2026,16,2026,98 576.50,19 295.63,552.07,0.00,0.00,0.00,0.00,-141.05,0.00,0.00,118 283.15,111 927.45,-6 355.70,0.00,0.00,154.47,8.69,8.69,141.05,13.42,0.00,5 869.96
11,X,EXPENSES,20.04.2026,17,2026,118 283.15,21 509.75,923.92,0.00,0.00,0.00,0.00,-137.68,0.00,0.00,140 579.14,132 594.56,-7 984.59,0.00,0.00,150.79,8.69,8.69,137.68,13.11,0.00,7 147.42
11,X,EXPENSES,27.04.2026,18,2026,140 579.14,9 672.50,1 207.36,0.00,0.00,0.00,0.00,-48.59,0.00,0.00,151 410.41,173 009.67,21 599.26,0.00,0.00,53.22,8.69,8.69,48.59,4.63,0.00,21 811.32
12,Z,ADVERTISING & SWELL,29.12.2025,1,2026,6 185.72,0.00,0.00,0.00,0.00,0.00,0.00,0.00,0.00,0.00,6 185.72,6 286.32,100.60,0.00,0.00,0.00,0.00,0.00,0.00,0.00,0.00,0.00
12,Z,ADVERTISING & SWELL,05.01.2026,2,2026,6 185.72,0.00,0.00,0.00,0.00,0.00,0.00,0.00,0.00,0.00,6 185.72,6 286.32,100.60,0.00,0.00,0.00,0.00,0.00,0.00,0.00,0.00,0.00
12,Z,ADVERTISING & SWELL,12.01.2026,3,2026,6 185.72,0.00,0.00,0.00,0.00,0.00,0.00,0.00,0.00,0.00,6 185.72,6 286.32,100.60,0.00,0.00,0.00,0.00,0.00,0.00,0.00,0.00,0.00
12,Z,ADVERTISING & SWELL,19.01.2026,4,2026,6 185.72,0.00,0.00,0.00,0.00,0.00,0.00,0.00,0.00,0.00,6 185.72,6 286.32,100.60,0.00,0.00,0.00,0.00,0.00,0.00,0.00,0.00,0.00
12,Z,ADVERTISING & SWELL,26.01.2026,5,2026,6 185.72,0.00,0.00,0.00,0.00,0.00,0.00,0.00,0.00,0.00,6 185.72,6 286.32,100.60,0.00,0.00,0.00,0.00,0.00,0.00,0.00,0.00,0.00
12,Z,ADVERTISING & SWELL,02.02.2026,6,2026,6 185.72,0.00,0.00,0.00,0.00,0.00,0.00,0.00,0.00,0.00,6 185.72,6 286.32,100.60,0.00,0.00,0.00,0.00,0.00,0.00,0.00,0.00,0.00
12,Z,ADVERTISING & SWELL,09.02.2026,7,2026,6 185.72,0.00,0.00,0.00,0.00,0.00,0.00,0.00,0.00,0.00,6 185.72,6 286.32,100.60,0.00,0.00,0.00,0.00,0.00,0.00,0.00,0.00,0.00
12,Z,ADVERTISING & SWELL,16.02.2026,8,2026,6 185.72,0.00,0.00,0.00,0.00,0.00,0.00,0.00,0.00,0.00,6 185.72,6 286.32,100.60,0.00,0.00,0.00,0.00,0.00,0.00,0.00,0.00,0.00
12,Z,ADVERTISING & SWELL,23.02.2026,9,2026,6 185.72,0.00,0.00,0.00,0.00,0.00,0.00,0.00,-6 185.72,0.00,0.00,6 286.32,6 286.32,-6 286.32,0.00,0.00,0.00,0.00,6 185.72,-6 185.72,0.00,0.00
12,Z,ADVERTISING & SWELL,02.03.2026,10,2026,0.00,2 095.44,0.00,0.00,0.00,0.00,0.00,0.00,0.00,0.00,2 095.44,2 095.44,0.00,0.00,0.00,0.00,0.00,0.00,0.00,0.00,0.00,0.00
12,Z,ADVERTISING & SWELL,09.03.2026,11,2026,2 095.44,0.00,0.00,0.00,0.00,0.00,0.00,0.00,0.00,0.00,2 095.44,2 095.44,0.00,0.00,0.00,0.00,0.00,0.00,0.00,0.00,0.00,0.00
12,Z,ADVERTISING & SWELL,16.03.2026,12,2026,2 095.44,0.00,0.00,0.00,0.00,0.00,0.00,0.00,0.00,0.00,2 095.44,2 095.44,0.00,0.00,0.00,0.00,0.00,0.00,0.00,0.00,0.00,0.00
12,Z,ADVERTISING & SWELL,23.03.2026,13,2026,2 095.44,0.00,0.00,0.00,0.00,0.00,0.00,0.00,0.00,0.00,2 095.44,2 095.44,0.00,0.00,0.00,0.00,0.00,0.00,0.00,0.00,0.00,0.00
12,Z,ADVERTISING & SWELL,30.03.2026,14,2026,2 095.44,0.00,0.00,0.00,0.00,0.00,0.00,0.00,0.00,0.00,2 095.44,2 095.44,0.00,0.00,0.00,0.00,0.00,0.00,0.00,0.00,0.00,0.00
12,Z,ADVERTISING & SWELL,06.04.2026,15,2026,2 095.44,0.00,0.00,0.00,0.00,0.00,0.00,0.00,0.00,0.00,2 095.44,2 095.44,0.00,0.00,0.00,0.00,0.00,0.00,0.00,0.00,0.00,0.00
12,Z,ADVERTISING & SWELL,13.04.2026,16,2026,2 095.44,0.00,0.00,0.00,0.00,0.00,0.00,0.00,0.00,0.00,2 095.44,2 095.44,0.00,0.00,0.00,0.00,0.00,0.00,0.00,0.00,0.00,0.00
12,Z,ADVERTISING & SWELL,20.04.2026,17,2026,2 095.44,703.36,0.00,0.00,0.00,0.00,0.00,0.00,0.00,0.00,2 798.80,2 798.79,-0.01,0.00,0.00,0.00,0.00,0.00,0.00,0.00,0.00,0.00
12,Z,ADVERTISING & SWELL,27.04.2026,18,2026,2 798.80,0.00,0.00,0.00,0.00,0.00,0.00,0.00,0.00,0.00,2 798.80,2 798.79,-0.01,0.00,0.00,0.00,0.00,0.00,0.00,0.00,0.00,0.00
13,Q,CIGARETTES & TOBACCO,29.12.2025,1,2026,56 639.73,19 633.41,-37.64,0.00,0.00,0.00,0.00,-22 788.18,0.00,0.00,53 447.32,52 666.20,-781.12,0.00,0.00,27 036.19,15.71,15.71,22 788.18,4 248.01,0.11,16.42
13,Q,CIGARETTES & TOBACCO,05.01.2026,2,2026,53 447.32,31 124.18,0.00,0.00,0.00,0.00,0.00,-21 788.86,3 313.72,12.96,66 096.36,61 985.67,-4 110.69,2 786.13,0.00,25 566.21,14.77,27.74,18 475.14,7 091.07,0.10,21.23
13,Q,CIGARETTES & TOBACCO,12.01.2026,3,2026,66 096.36,17 793.16,0.00,0.00,0.00,0.00,0.00,-22 651.28,0.00,0.00,61 238.24,59 882.11,-1 356.13,0.00,0.00,26 786.57,15.44,15.44,22 651.28,4 135.29,0.10,18.92
13,Q,CIGARETTES & TOBACCO,19.01.2026,4,2026,61 238.24,21 555.33,0.00,0.00,0.00,0.00,0.00,-19 793.02,0.00,0.00,63 000.55,61 628.88,-1 371.67,0.00,0.00,24 129.29,17.97,17.97,19 793.02,4 336.27,0.09,22.28
13,Q,CIGARETTES & TOBACCO,26.01.2026,5,2026,63 000.55,14 540.61,0.00,0.00,0.00,0.00,0.00,-22 509.98,1 615.88,5.94,56 647.06,55 237.19,-1 409.87,1 593.48,0.00,27 200.81,17.25,23.19,20 894.10,6 306.71,0.11,17.62
13,Q,CIGARETTES & TOBACCO,02.02.2026,6,2026,56 647.06,22 892.63,0.00,0.00,0.00,0.00,0.00,-21 509.89,-1 848.58,-7.30,56 181.22,56 588.35,407.13,-1 848.46,0.00,25 315.25,15.03,7.73,23 358.47,1 956.78,0.10,18.28
13,Q,CIGARETTES & TOBACCO,09.02.2026,7,2026,56 181.22,23 338.01,0.00,0.00,0.00,0.00,0.00,-22 862.19,-9 649.69,-35.84,47 007.35,55 215.60,8 208.25,-9 649.58,0.00,26 920.83,15.08,-20.77,32 511.88,-5 591.05,0.10,14.39
13,Q,CIGARETTES & TOBACCO,16.02.2026,8,2026,47 007.35,18 185.68,-21.29,0.00,0.00,0.00,0.00,-22 752.68,9 168.40,34.52,51 587.47,40 946.16,-10 641.30,9 168.45,0.00,26 559.42,14.33,48.85,13 584.27,12 975.15,0.10,15.87
13,Q,CIGARETTES & TOBACCO,23.02.2026,9,2026,51 587.47,15 129.80,0.00,0.00,0.00,0.00,0.00,-20 878.31,-1 469.44,-6.01,44 369.52,44 350.28,-19.24,19.24,0.00,24 431.72,14.54,8.53,22 347.75,2 083.97,0.10,14.88
13,Q,CIGARETTES & TOBACCO,02.03.2026,10,2026,44 369.52,23 012.38,0.00,0.00,0.00,0.00,0.00,-20 273.69,0.00,0.00,47 108.21,47 233.94,125.73,0.00,0.00,23 764.52,14.69,14.69,20 273.69,3 490.83,0.09,16.27
13,Q,CIGARETTES & TOBACCO,09.03.2026,11,2026,47 108.21,27 576.60,0.00,0.00,0.00,0.00,0.00,-23 175.39,-3 070.86,-11.36,48 438.57,52 066.86,3 628.29,-3 672.17,0.00,27 034.08,14.27,2.91,26 246.25,787.83,0.11,14.63
13,Q,CIGARETTES & TOBACCO,16.03.2026,12,2026,48 438.57,16 811.97,0.00,0.00,0.00,0.00,0.00,-21 479.31,3 546.31,14.18,47 317.54,44 171.82,-3 145.71,3 073.70,0.00,25 004.47,14.10,28.28,17 933.00,7 071.47,0.10,15.42
13,Q,CIGARETTES & TOBACCO,23.03.2026,13,2026,47 317.54,25 138.27,0.00,0.00,0.00,0.00,0.00,-24 335.97,-315.23,-1.11,47 804.61,48 035.10,230.50,-316.58,0.00,28 365.43,14.21,13.09,24 651.20,3 714.23,0.11,13.75
13,Q,CIGARETTES & TOBACCO,30.03.2026,14,2026,47 804.61,18 492.72,0.00,0.00,0.00,0.00,0.00,-21 519.88,0.00,0.00,44 777.45,44 985.30,207.86,0.00,0.00,25 037.94,14.05,14.05,21 519.88,3 518.06,0.10,14.57
13,Q,CIGARETTES & TOBACCO,06.04.2026,15,2026,44 777.45,21 689.61,0.00,0.00,0.00,0.00,0.00,-22 004.98,0.00,0.00,44 462.07,44 645.13,183.06,0.00,0.00,25 628.81,14.14,14.14,22 004.98,3 623.83,0.10,14.14
13,Q,CIGARETTES & TOBACCO,13.04.2026,16,2026,44 462.07,38 766.41,0.00,0.00,0.00,0.00,0.00,-21 358.55,17 014.50,68.15,78 884.43,62 052.86,-16 831.57,16 703.28,0.00,24 966.88,14.45,82.60,4 344.05,20 622.83,0.10,25.85
13,Q,CIGARETTES & TOBACCO,20.04.2026,17,2026,78 884.43,14 665.52,0.00,0.00,0.00,0.00,0.00,-21 612.23,0.00,0.00,71 937.72,71 795.30,-142.42,0.00,0.00,25 286.30,14.53,14.53,21 612.23,3 674.07,0.10,23.30
13,Q,CIGARETTES & TOBACCO,27.04.2026,18,2026,71 937.72,13 705.37,0.00,0.00,0.00,0.00,0.00,-9 432.18,0.00,0.00,76 210.91,68 564.01,-7 646.91,0.00,0.00,10 900.26,13.47,13.47,9 432.18,1 468.08,0.04,56.56
14,S,SWEETS & SNACKS,29.12.2025,1,2026,250 930.89,37 382.35,-94.06,0.00,0.00,0.00,0.00,-65 205.73,0.00,0.00,223 013.45,236 396.69,13 383.24,0.00,0.00,88 675.46,26.47,26.47,65 205.73,23 469.73,0.35,23.94
14,S,SWEETS & SNACKS,05.01.2026,2,2026,223 013.45,209 923.89,0.00,0.00,-155.11,0.00,-0.20,-57 188.86,0.00,0.00,375 593.36,386 146.17,10 552.81,0.00,0.00,75 678.26,24.43,24.23,57 343.97,18 334.29,0.29,45.97
14,S,SWEETS & SNACKS,12.01.2026,3,2026,375 593.36,41 028.32,-98.64,0.00,0.00,0.00,0.00,-57 881.74,0.00,0.00,358 641.30,369 711.54,11 070.24,0.00,0.00,76 960.45,24.79,24.79,57 881.74,19 078.70,0.30,43.37
14,S,SWEETS & SNACKS,19.01.2026,4,2026,358 641.30,51 014.98,-67.97,0.00,0.00,0.00,0.00,-72 000.62,0.00,0.00,337 587.68,352 521.61,14 933.93,0.00,0.00,90 980.08,20.86,20.86,72 000.62,18 979.46,0.35,32.82
14,S,SWEETS & SNACKS,26.01.2026,5,2026,337 587.68,39 684.04,-28.91,0.00,0.00,0.00,0.00,-64 002.06,0.00,0.00,313 240.75,329 241.73,16 000.98,0.00,0.00,84 308.67,24.09,24.09,64 002.06,20 306.61,0.33,34.26
14,S,SWEETS & SNACKS,02.02.2026,6,2026,313 240.75,86 870.51,-402.25,0.00,0.00,0.00,0.00,-69 015.55,0.00,0.00,330 693.46,346 515.91,15 822.44,0.00,0.00,88 107.49,21.67,21.67,69 015.55,19 091.94,0.34,33.54
14,S,SWEETS & SNACKS,09.02.2026,7,2026,330 693.46,82 669.64,-1 603.33,0.00,-546.29,0.00,-0.57,-73 214.21,0.00,0.00,337 999.27,356 402.12,18 402.85,0.00,0.00,95 807.16,23.58,23.01,73 760.50,22 046.66,0.37,32.32
14,S,SWEETS & SNACKS,16.02.2026,8,2026,337 999.27,58 823.42,-73.00,0.00,0.00,0.00,0.00,-53 112.39,0.00,0.00,343 637.31,362 653.33,19 016.02,0.00,0.00,70 573.14,24.74,24.74,53 112.39,17 460.75,0.27,45.29
14,S,SWEETS & SNACKS,23.02.2026,9,2026,343 637.31,99 188.73,11.26,0.00,0.00,0.00,0.00,-90 668.24,16 601.72,14.76,368 770.78,370 962.58,2 191.80,-2 191.78,0.00,112 513.48,19.42,34.17,74 066.51,38 446.96,0.44,28.47
14,S,SWEETS & SNACKS,02.03.2026,10,2026,368 770.78,40 288.07,-46.53,0.00,0.00,0.00,0.00,-83 081.89,0.00,0.00,325 930.43,325 146.31,-784.13,0.00,0.00,103 448.64,19.69,19.69,83 081.89,20 366.76,0.40,27.46
14,S,SWEETS & SNACKS,09.03.2026,11,2026,325 930.43,103 249.04,-46.53,0.00,0.00,0.00,0.00,-65 741.97,0.00,0.00,363 390.98,363 161.47,-229.51,0.00,0.00,83 739.47,21.49,21.49,65 741.97,17 997.50,0.33,38.69
14,S,SWEETS & SNACKS,16.03.2026,12,2026,363 390.98,55 755.66,-46.53,0.00,-581.32,0.00,-0.67,-68 914.30,0.00,0.00,349 604.49,349 863.99,259.51,0.00,0.00,86 675.65,20.49,19.82,69 495.62,17 180.03,0.34,35.51
14,S,SWEETS & SNACKS,23.03.2026,13,2026,349 604.49,64 707.44,-52.95,0.00,0.00,0.00,0.00,-99 869.05,0.00,0.00,314 389.93,310 474.19,-3 915.74,0.00,0.00,127 378.78,21.60,21.60,99 869.05,27 509.73,0.50,22.04
14,S,SWEETS & SNACKS,30.03.2026,14,2026,314 389.93,93 540.42,-11.41,0.00,-121 339.55,0.00,-67.31,-142 386.02,0.00,0.00,144 193.37,145 180.97,987.60,0.00,0.00,180 272.43,21.02,-46.29,263 725.57,-83 453.14,0.70,7.09
14,S,SWEETS & SNACKS,06.04.2026,15,2026,144 193.37,71 799.09,-51.69,0.00,0.00,0.00,0.00,-62 283.99,0.00,0.00,153 656.78,151 817.24,-1 839.54,0.00,0.00,82 792.94,24.77,24.77,62 283.99,20 508.96,0.32,17.27
14,S,SWEETS & SNACKS,13.04.2026,16,2026,153 656.78,25 419.15,-46.53,0.00,0.00,0.00,0.00,-68 634.59,0.00,0.00,110 394.80,108 184.36,-2 210.44,0.00,0.00,91 573.22,25.05,25.05,68 634.59,22 938.63,0.36,11.26
14,S,SWEETS & SNACKS,20.04.2026,17,2026,110 394.80,119 171.71,0.00,0.00,0.00,0.00,0.00,-84 457.58,0.00,0.00,145 108.94,139 579.71,-5 529.23,0.00,0.00,102 768.19,17.82,17.82,84 457.58,18 310.61,0.40,12.03
14,S,SWEETS & SNACKS,27.04.2026,18,2026,145 108.94,43 426.53,0.00,0.00,0.00,0.00,0.00,-34 345.47,0.00,0.00,154 502.50,146 310.72,-7 879.28,0.00,0.00,40 721.31,15.66,15.66,34 345.47,6 375.85,0.16,31.43
15,Y,SALEABLE EXPENSE ITE,29.12.2025,1,2026,19 060.99,3 378.44,0.00,0.00,0.00,0.00,0.00,-4 523.20,0.00,0.00,17 916.22,17 000.68,-915.54,0.00,0.00,5 876.09,23.02,23.02,4 523.20,1 352.89,0.02,27.73
15,Y,SALEABLE EXPENSE ITE,05.01.2026,2,2026,17 916.22,6 709.60,0.00,0.00,0.00,0.00,0.00,-5 108.89,0.00,0.00,19 516.93,18 585.39,-931.54,0.00,0.00,6 636.96,23.02,23.02,5 108.89,1 528.07,0.03,26.74
15,Y,SALEABLE EXPENSE ITE,12.01.2026,3,2026,19 516.93,2 541.71,0.00,0.00,0.00,0.00,0.00,-4 164.26,0.00,0.00,17 894.39,16 931.24,-963.15,0.00,0.00,5 409.80,23.02,23.02,4 164.26,1 245.54,0.02,30.08
15,Y,SALEABLE EXPENSE ITE,19.01.2026,4,2026,17 894.39,5 035.82,0.00,0.00,0.00,0.00,0.00,-5 159.09,0.00,0.00,17 771.12,16 792.35,-978.77,0.00,0.00,6 702.17,23.02,23.02,5 159.09,1 543.08,0.03,24.11
15,Y,SALEABLE EXPENSE ITE,26.01.2026,5,2026,17 771.12,5 036.14,0.00,0.00,0.00,0.00,0.00,-5 108.89,0.00,0.00,17 698.36,16 703.66,-994.71,0.00,0.00,6 636.96,23.02,23.02,5 108.89,1 528.07,0.03,24.25
15,Y,SALEABLE EXPENSE ITE,02.02.2026,6,2026,17 698.36,4 215.16,0.00,0.00,0.00,0.00,0.00,-4 970.83,0.00,0.00,16 942.69,15 916.32,-1 026.36,0.00,0.00,6 457.60,23.02,23.02,4 970.83,1 486.77,0.03,23.86
15,Y,SALEABLE EXPENSE ITE,09.02.2026,7,2026,16 942.69,2 510.19,0.00,0.00,0.00,0.00,0.00,-4 154.22,0.00,0.00,15 298.66,14 272.21,-1 026.45,0.00,0.00,5 396.75,23.02,23.02,4 154.22,1 242.53,0.02,25.78
15,Y,SALEABLE EXPENSE ITE,16.02.2026,8,2026,15 298.66,5 888.63,0.00,0.00,0.00,0.00,0.00,-4 168.44,0.00,0.00,17 018.85,15 960.67,-1 058.18,0.00,0.00,5 415.21,23.02,23.02,4 168.44,1 246.77,0.02,28.58
15,Y,SALEABLE EXPENSE ITE,23.02.2026,9,2026,17 018.85,2 525.95,0.00,0.00,0.00,0.00,0.00,-5 664.46,-12 949.93,-175.98,930.41,12 806.31,11 875.90,-11 875.90,0.00,7 358.68,23.02,-152.96,18 614.39,-11 255.71,0.03,1.15
15,Y,SALEABLE EXPENSE ITE,02.03.2026,10,2026,930.41,5 036.13,0.00,0.00,0.00,0.00,0.00,-3 853.00,0.00,0.00,2 113.54,2 097.61,-15.93,0.00,0.00,5 005.44,23.02,23.02,3 853.00,1 152.44,0.02,3.84
15,Y,SALEABLE EXPENSE ITE,09.03.2026,11,2026,2 113.54,4 211.78,0.00,0.00,0.00,0.00,0.00,-4 485.55,0.00,0.00,1 839.77,1 795.56,-44.21,0.00,0.00,5 827.16,23.02,23.02,4 485.55,1 341.61,0.02,2.87
15,Y,SALEABLE EXPENSE ITE,16.03.2026,12,2026,1 839.77,5 048.51,0.00,0.00,0.00,0.00,0.00,-4 042.93,0.00,0.00,2 845.35,2 772.82,-72.52,0.00,0.00,5 252.18,23.02,23.02,4 042.93,1 209.25,0.02,4.93
15,Y,SALEABLE EXPENSE ITE,23.03.2026,13,2026,2 845.35,5 034.45,0.00,0.00,0.00,0.00,0.00,-5 415.96,0.00,0.00,2 463.84,2 377.06,-86.77,0.00,0.00,7 035.87,23.02,23.02,5 415.96,1 619.91,0.03,3.18
15,Y,SALEABLE EXPENSE ITE,30.03.2026,14,2026,2 463.84,5 871.17,0.00,0.00,0.00,0.00,0.00,-5 431.86,0.00,0.00,2 903.15,2 802.11,-101.04,0.00,0.00,7 056.52,23.02,23.02,5 431.86,1 624.66,0.03,3.74
15,Y,SALEABLE EXPENSE ITE,06.04.2026,15,2026,2 903.15,5 885.23,0.00,0.00,0.00,0.00,0.00,-4 298.13,0.00,0.00,4 490.26,4 360.88,-129.38,0.00,0.00,5 583.69,23.02,23.02,4 298.13,1 285.56,0.02,7.31
15,Y,SALEABLE EXPENSE ITE,13.04.2026,16,2026,4 490.26,4 183.65,0.00,0.00,0.00,0.00,0.00,-3 982.69,0.00,0.00,4 691.21,4 561.69,-129.52,0.00,0.00,5 173.91,23.02,23.02,3 982.69,1 191.22,0.02,8.25
15,Y,SALEABLE EXPENSE ITE,20.04.2026,17,2026,4 691.21,5 034.44,0.00,0.00,0.00,0.00,0.00,-4 790.11,0.00,0.00,4 935.54,4 791.78,-143.76,0.00,0.00,6 516.69,26.49,26.49,4 790.11,1 726.58,0.03,7.21
15,Y,SALEABLE EXPENSE ITE,27.04.2026,18,2026,4 935.54,2 510.18,0.00,0.00,0.00,0.00,0.00,-1 717.80,0.00,0.00,5 727.92,5 584.08,-143.84,0.00,0.00,2 499.30,31.27,31.27,1 717.80,781.50,0.01,23.34
16,W,AIRTIME,29.12.2025,1,2026,-11 286.22,31.52,0.00,0.00,0.00,0.00,0.00,0.00,0.00,0.00,-11 254.70,0.00,11 254.70,0.00,0.00,0.00,0.00,0.00,0.00,0.00,0.00,0.00
16,W,AIRTIME,05.01.2026,2,2026,-11 254.70,15.76,0.00,0.00,0.00,0.00,0.00,0.00,0.00,0.00,-11 238.94,0.00,11 238.94,0.00,0.00,0.00,0.00,0.00,0.00,0.00,0.00,0.00
16,W,AIRTIME,12.01.2026,3,2026,-11 238.94,31.52,0.00,0.00,0.00,0.00,0.00,0.00,0.00,0.00,-11 207.42,0.00,11 207.42,0.00,0.00,0.00,0.00,0.00,0.00,0.00,0.00,0.00
16,W,AIRTIME,19.01.2026,4,2026,-11 207.42,15.44,0.00,0.00,0.00,0.00,0.00,0.00,0.00,0.00,-11 191.98,0.00,11 191.98,0.00,0.00,0.00,0.00,0.00,0.00,0.00,0.00,0.00
16,W,AIRTIME,26.01.2026,5,2026,-11 191.98,15.76,0.00,0.00,0.00,0.00,0.00,0.00,0.00,0.00,-11 176.22,0.00,11 176.22,0.00,0.00,0.00,0.00,0.00,0.00,0.00,0.00,0.00
16,W,AIRTIME,02.02.2026,6,2026,-11 176.22,31.52,0.00,0.00,0.00,0.00,0.00,0.00,0.00,0.00,-11 144.70,0.00,11 144.70,0.00,0.00,0.00,0.00,0.00,0.00,0.00,0.00,0.00
16,W,AIRTIME,09.02.2026,7,2026,-11 144.70,0.00,0.00,0.00,0.00,0.00,0.00,0.00,0.00,0.00,-11 144.70,0.00,11 144.70,0.00,0.00,0.00,0.00,0.00,0.00,0.00,0.00,0.00
16,W,AIRTIME,16.02.2026,8,2026,-11 144.70,31.52,0.00,0.00,0.00,0.00,0.00,0.00,0.00,0.00,-11 113.18,0.00,11 113.18,0.00,0.00,0.00,0.00,0.00,0.00,0.00,0.00,0.00
16,W,AIRTIME,23.02.2026,9,2026,-11 113.18,15.76,0.00,0.00,0.00,0.00,0.00,0.00,11 097.42,0.00,0.00,0.00,0.00,0.00,0.00,0.00,0.00,0.00,-11 097.42,11 097.42,0.00,0.00
16,W,AIRTIME,02.03.2026,10,2026,0.00,15.76,0.00,0.00,0.00,0.00,0.00,0.00,0.00,0.00,15.76,0.00,-15.76,0.00,0.00,0.00,0.00,0.00,0.00,0.00,0.00,0.00
16,W,AIRTIME,09.03.2026,11,2026,15.76,28.13,0.00,0.00,0.00,0.00,0.00,0.00,0.00,0.00,43.89,0.00,-43.89,0.00,0.00,0.00,0.00,0.00,0.00,0.00,0.00,0.00
16,W,AIRTIME,16.03.2026,12,2026,43.89,28.13,0.00,0.00,0.00,0.00,0.00,0.00,0.00,0.00,72.02,0.00,-72.02,0.00,0.00,0.00,0.00,0.00,0.00,0.00,0.00,0.00
16,W,AIRTIME,23.03.2026,13,2026,72.02,14.07,0.00,0.00,0.00,0.00,0.00,0.00,0.00,0.00,86.09,0.00,-86.09,0.00,0.00,0.00,0.00,0.00,0.00,0.00,0.00,0.00
16,W,AIRTIME,30.03.2026,14,2026,86.09,14.07,0.00,0.00,0.00,0.00,0.00,0.00,0.00,0.00,100.16,0.00,-100.16,0.00,0.00,0.00,0.00,0.00,0.00,0.00,0.00,0.00
16,W,AIRTIME,06.04.2026,15,2026,100.16,28.13,0.00,0.00,0.00,0.00,0.00,0.00,0.00,0.00,128.29,0.00,-128.29,0.00,0.00,0.00,0.00,0.00,0.00,0.00,0.00,0.00
16,W,AIRTIME,13.04.2026,16,2026,128.29,0.00,0.00,0.00,0.00,0.00,0.00,0.00,0.00,0.00,128.29,0.00,-128.29,0.00,0.00,0.00,0.00,0.00,0.00,0.00,0.00,0.00
16,W,AIRTIME,20.04.2026,17,2026,128.29,14.07,0.00,0.00,0.00,0.00,0.00,0.00,0.00,0.00,142.36,0.00,-142.36,0.00,0.00,0.00,0.00,0.00,0.00,0.00,0.00,0.00
16,W,AIRTIME,27.04.2026,18,2026,142.36,0.00,0.00,0.00,0.00,0.00,0.00,0.00,0.00,0.00,142.36,0.00,-142.36,0.00,0.00,0.00,0.00,0.00,0.00,0.00,0.00,0.00
17,T,EMPTY RETURNS,29.12.2025,1,2026,35 986.38,-655.17,0.00,0.00,0.00,0.00,0.00,423.16,0.00,0.00,35 754.36,35 753.99,-0.37,0.00,0.00,-510.00,17.03,17.03,-423.16,-86.84,-0.00,-591.46
17,T,EMPTY RETURNS,05.01.2026,2,2026,35 754.36,-510.50,0.00,0.00,0.00,0.00,0.00,394.03,0.00,0.00,35 637.89,35 637.52,-0.37,0.00,0.00,-472.18,16.55,16.55,-394.03,-78.15,-0.00,-633.11
17,T,EMPTY RETURNS,12.01.2026,3,2026,35 637.89,1 377.06,0.00,0.00,0.00,0.00,0.00,589.16,0.00,0.00,37 604.10,37 603.75,-0.36,0.00,0.00,-649.57,9.30,9.30,-589.16,-60.41,-0.00,-446.79
17,T,EMPTY RETURNS,19.01.2026,4,2026,37 604.10,-60.18,0.00,0.00,0.00,0.00,0.00,721.24,0.00,0.00,38 265.17,38 264.74,-0.43,0.00,0.00,-811.08,11.08,11.08,-721.24,-89.84,-0.00,-371.38
17,T,EMPTY RETURNS,26.01.2026,5,2026,38 265.17,-1 271.23,0.00,0.00,0.00,0.00,0.00,261.43,0.00,0.00,37 255.37,37 254.93,-0.44,0.00,0.00,-311.74,16.14,16.14,-261.43,-50.31,-0.00,-997.55
17,T,EMPTY RETURNS,02.02.2026,6,2026,37 255.37,862.25,0.00,0.00,0.00,0.00,0.00,373.96,0.00,0.00,38 491.58,38 491.06,-0.51,0.00,0.00,-469.36,20.32,20.32,-373.96,-95.40,-0.00,-720.50
17,T,EMPTY RETURNS,09.02.2026,7,2026,38 491.58,-114.30,0.00,0.00,0.00,0.00,0.00,258.28,0.00,0.00,38 635.56,38 635.06,-0.50,0.00,0.00,-314.34,17.83,17.83,-258.28,-56.06,-0.00,-1 047.11
17,T,EMPTY RETURNS,16.02.2026,8,2026,38 635.56,-625.12,0.00,0.00,0.00,0.00,0.00,434.21,0.00,0.00,38 444.66,38 444.15,-0.51,0.00,0.00,-512.36,15.25,15.25,-434.21,-78.15,-0.00,-619.77
17,T,EMPTY RETURNS,23.02.2026,9,2026,38 444.66,649.79,0.00,0.00,0.00,0.00,0.00,245.26,-36 883.88,12 241.98,2 455.83,39 339.19,36 883.36,-36 883.36,0.00,-301.29,18.60,12 260.58,36 638.61,-36 939.90,-0.00,-70.09
17,T,EMPTY RETURNS,02.03.2026,10,2026,2 455.83,-547.25,0.00,0.00,0.00,0.00,0.00,167.48,0.00,0.00,2 076.06,2 076.06,-0.00,0.00,0.00,-198.25,15.52,15.52,-167.48,-30.77,-0.00,-86.77
17,T,EMPTY RETURNS,09.03.2026,11,2026,2 076.06,1 954.13,0.00,0.00,0.00,0.00,0.00,409.28,0.00,0.00,4 439.46,4 439.47,0.01,0.00,0.00,-491.50,16.73,16.73,-409.28,-82.22,-0.00,-75.93
17,T,EMPTY RETURNS,16.03.2026,12,2026,4 439.46,-743.70,0.00,0.00,0.00,0.00,0.00,271.86,0.00,0.00,3 967.63,3 967.63,0.01,0.00,0.00,-353.48,23.09,23.09,-271.86,-81.62,-0.00,-102.16
17,T,EMPTY RETURNS,23.03.2026,13,2026,3 967.63,344.31,0.00,0.00,0.00,0.00,0.00,296.40,0.00,0.00,4 608.33,4 608.33,0.00,0.00,0.00,-382.18,22.45,22.45,-296.40,-85.78,-0.00,-108.84
17,T,EMPTY RETURNS,30.03.2026,14,2026,4 608.33,-0.00,0.00,0.00,0.00,0.00,0.00,333.65,0.00,0.00,4 941.98,4 941.98,0.00,0.00,0.00,-387.41,13.88,13.88,-333.65,-53.76,-0.00,-103.68
17,T,EMPTY RETURNS,06.04.2026,15,2026,4 941.98,-576.62,0.00,0.00,0.00,0.00,0.00,299.66,0.00,0.00,4 665.02,4 665.03,0.00,0.00,0.00,-350.87,14.59,14.59,-299.66,-51.21,-0.00,-108.97
17,T,EMPTY RETURNS,13.04.2026,16,2026,4 665.02,1 021.47,0.00,0.00,0.00,0.00,0.00,441.09,0.00,0.00,6 127.59,6 127.58,-0.01,0.00,0.00,-507.40,13.07,13.07,-441.09,-66.31,-0.00,-97.24
17,T,EMPTY RETURNS,20.04.2026,17,2026,6 127.59,476.53,0.00,0.00,0.00,0.00,0.00,450.11,0.00,0.00,7 054.23,7 054.22,-0.01,0.00,0.00,-533.23,15.59,15.59,-450.11,-83.12,-0.00,-109.70
17,T,EMPTY RETURNS,27.04.2026,18,2026,7 054.23,-912.44,0.00,0.00,0.00,0.00,0.00,145.82,0.00,0.00,6 287.61,6 287.60,-0.01,0.00,0.00,-161.74,9.84,9.84,-145.82,-15.92,-0.00,-301.84
18,A,HMR,29.12.2025,1,2026,43 599.61,28 345.63,8 904.85,0.00,-520.21,0.00,-0.83,-29 404.10,-4 449.34,-7.09,46 476.44,30 237.00,-16 239.45,12 643.24,0.00,62 783.74,53.17,45.25,34 373.65,28 410.10,0.24,11.06
18,A,HMR,05.01.2026,2,2026,46 476.44,30 787.61,27 899.14,0.00,-1 364.41,0.00,-2.05,-30 203.96,-29 435.19,-44.27,44 159.63,36 621.27,-7 538.36,5 037.27,0.00,66 492.54,54.58,8.26,61 003.56,5 488.98,0.26,10.23
18,A,HMR,12.01.2026,3,2026,44 159.63,42 794.53,15 339.97,0.00,0.00,0.00,0.00,-28 348.32,0.00,0.00,73 945.81,49 513.10,-24 432.71,0.00,0.00,60 743.72,53.33,53.33,28 348.32,32 395.40,0.24,18.26
18,A,HMR,19.01.2026,4,2026,73 945.81,29 577.96,14 049.83,0.00,-318.55,0.00,-0.44,-33 885.54,0.00,0.00,83 369.51,38 927.58,-44 441.93,0.00,0.00,72 612.01,53.33,52.89,34 204.09,38 407.92,0.28,17.22
18,A,HMR,26.01.2026,5,2026,83 369.51,27 490.30,10 766.83,0.00,-1 736.96,0.00,-2.25,-36 789.76,-35 391.59,-45.79,47 708.34,33 162.52,-14 545.82,20 621.80,0.00,77 292.96,52.40,4.37,73 918.30,3 374.65,0.30,9.08
18,A,HMR,02.02.2026,6,2026,47 708.34,29 909.96,6 946.07,0.00,-685.90,0.00,-0.85,-37 385.99,-7 666.97,-9.52,38 825.51,28 723.83,-10 101.69,6 924.15,0.00,80 493.98,53.55,43.18,45 738.86,34 755.12,0.31,7.27
18,A,HMR,09.02.2026,7,2026,38 825.51,24 371.39,30 677.88,0.00,-192.48,0.00,-0.29,-32 410.67,-31 577.22,-47.16,29 694.42,23 312.20,-6 382.22,3 494.89,0.00,66 964.72,51.60,4.16,64 180.37,2 784.35,0.26,6.41
18,A,HMR,16.02.2026,8,2026,29 694.42,32 993.19,10 884.53,0.00,-1 840.71,0.00,-3.06,-28 288.48,-5 520.08,-9.16,37 922.86,25 140.20,-12 782.67,10 234.37,0.00,60 245.62,53.04,40.83,35 649.27,24 596.35,0.23,9.38
18,A,HMR,23.02.2026,9,2026,37 922.86,32 989.64,18 635.76,0.00,-718.53,0.00,-0.88,-39 652.47,-11 298.90,-13.79,37 878.37,15 041.38,-22 836.99,21 104.60,0.00,81 924.76,51.60,36.93,51 669.89,30 254.86,0.32,6.69
18,A,HMR,02.03.2026,10,2026,37 878.37,31 518.61,6 861.33,0.00,-1 403.92,0.00,-1.78,-38 209.14,-4 353.51,-5.52,32 291.73,23 068.67,-9 223.06,8 112.32,0.00,78 874.18,51.56,44.26,43 966.58,34 907.60,0.31,5.92
18,A,HMR,09.03.2026,11,2026,32 291.73,32 455.85,33 504.37,0.00,-1 349.85,0.00,-2.01,-32 195.50,-23 560.61,-35.15,41 145.99,23 387.29,-17 758.70,13 604.14,0.00,67 037.34,51.97,14.81,57 105.96,9 931.39,0.26,8.95
18,A,HMR,16.03.2026,12,2026,41 145.99,28 837.15,15 470.72,0.00,0.00,0.00,0.00,-32 576.13,-19 334.80,-28.45,33 542.93,25 888.29,-7 654.64,5 542.74,0.00,67 948.79,52.06,23.60,51 910.93,16 037.85,0.26,7.21
18,A,HMR,23.03.2026,13,2026,33 542.93,39 550.32,9 251.78,0.00,-75.90,0.00,-0.08,-47 156.95,-1 233.98,-1.34,33 878.19,16 632.11,-17 246.08,17 246.08,0.00,92 402.69,48.97,47.55,48 466.83,43 935.86,0.36,5.03
18,A,HMR,30.03.2026,14,2026,33 878.19,49 168.25,38 878.70,0.00,-785.95,0.00,-1.05,-36 016.05,-40 183.22,-53.54,44 939.93,26 126.08,-18 813.86,14 538.06,0.00,75 052.02,52.01,-2.58,76 985.22,-1 933.19,0.29,8.73
18,A,HMR,06.04.2026,15,2026,44 939.93,23 792.82,11 728.07,0.00,-321.10,0.00,-0.45,-34 920.58,-4 884.68,-6.78,40 334.46,20 099.51,-20 234.95,16 034.32,0.00,72 094.27,51.56,44.34,40 126.36,31 967.90,0.28,8.09
18,A,HMR,13.04.2026,16,2026,40 334.46,28 064.46,12 106.88,0.00,-56.07,0.00,-0.08,-32 498.80,-13 088.14,-19.77,34 862.79,24 778.77,-10 084.02,9 939.60,0.00,66 194.05,50.90,31.05,45 643.01,20 551.04,0.26,7.51
18,A,HMR,20.04.2026,17,2026,34 862.79,33 540.52,2 887.30,0.00,-2 232.64,0.00,-2.99,-38 888.51,0.00,0.00,30 169.46,23 395.90,-6 773.56,0.00,0.00,74 743.78,47.97,44.98,41 121.15,33 622.63,0.29,5.43
18,A,HMR,27.04.2026,18,2026,30 169.46,27 892.54,3 749.26,0.00,0.00,0.00,0.00,-14 206.99,0.00,0.00,47 604.28,26 604.17,-21 000.11,0.00,0.00,30 261.28,53.05,53.05,14 206.99,16 054.29,0.12,23.46
19,K,COOLDRINKS,29.12.2025,1,2026,18 587.57,45 815.09,0.00,0.00,0.00,0.00,0.00,-51 425.28,0.00,0.00,12 977.38,97 063.90,84 086.52,0.00,0.00,65 420.81,21.39,21.39,51 425.28,13 995.53,0.25,1.77
19,K,COOLDRINKS,05.01.2026,2,2026,12 977.38,44 161.77,0.00,0.00,0.00,0.00,0.00,-44 337.67,0.00,0.00,12 801.49,98 348.94,85 547.45,0.00,0.00,56 331.16,21.29,21.29,44 337.67,11 993.49,0.22,2.02
19,K,COOLDRINKS,12.01.2026,3,2026,12 801.49,79 351.13,0.00,0.00,0.00,0.00,0.00,-48 629.36,0.00,0.00,43 523.26,123 225.58,79 702.33,0.00,0.00,62 036.57,21.61,21.61,48 629.36,13 407.22,0.24,6.26
19,K,COOLDRINKS,19.01.2026,4,2026,43 523.26,40 823.43,-10.70,0.00,-11.11,0.00,-0.02,-58 494.75,0.00,0.00,25 830.13,114 665.11,88 834.98,0.00,0.00,69 005.32,15.23,15.22,58 505.86,10 499.46,0.27,3.09
19,K,COOLDRINKS,26.01.2026,5,2026,25 830.13,32 036.70,0.00,0.00,0.00,0.00,0.00,-57 940.28,0.00,0.00,-73.45,88 755.74,88 829.20,0.00,0.00,69 111.03,16.16,16.16,57 940.28,11 170.75,0.27,-0.01
19,K,COOLDRINKS,02.02.2026,6,2026,-73.45,68 837.64,0.00,0.00,0.00,0.00,0.00,-52 491.05,0.00,0.00,16 273.14,104 001.23,87 728.09,0.00,0.00,62 475.04,15.98,15.98,52 491.05,9 983.99,0.24,2.17
19,K,COOLDRINKS,09.02.2026,7,2026,16 273.14,61 839.39,0.00,0.00,-10.26,0.00,-0.02,-42 846.17,0.00,0.00,35 256.10,124 747.84,89 491.74,0.00,0.00,50 959.28,15.92,15.90,42 856.43,8 102.85,0.20,5.76
19,K,COOLDRINKS,16.02.2026,8,2026,35 256.10,27 639.07,0.00,0.00,0.00,0.00,0.00,-48 299.04,0.00,0.00,14 596.12,105 030.69,90 434.57,0.00,0.00,56 895.97,15.11,15.11,48 299.04,8 596.92,0.22,2.12
19,K,COOLDRINKS,23.02.2026,9,2026,14 596.12,56 870.38,-20.11,0.00,0.00,0.00,0.00,-59 003.93,34 022.50,50.89,46 464.97,106 198.69,59 733.73,-59 733.79,0.00,66 858.67,11.75,62.64,24 981.43,41 877.24,0.26,5.51
19,K,COOLDRINKS,02.03.2026,10,2026,46 464.97,40 666.11,-11.56,0.00,0.00,0.00,0.00,-41 858.12,0.00,0.00,45 261.40,46 425.56,1 164.16,0.00,0.00,48 629.93,13.93,13.93,41 858.12,6 771.80,0.19,7.57
19,K,COOLDRINKS,09.03.2026,11,2026,45 261.40,57 596.30,-636.25,0.00,-14.96,0.00,-0.02,-51 559.51,0.00,0.00,66 176.58,65 810.03,15 163.05,0.00,0.00,63 085.51,18.27,18.25,51 574.47,11 511.04,0.25,6.88
19,K,COOLDRINKS,16.03.2026,12,2026,50 646.98,44 144.42,0.00,0.00,0.00,0.00,0.00,-34 585.20,0.00,0.00,60 831.54,72 393.97,12 187.77,0.00,0.00,43 019.27,19.61,19.61,34 585.20,8 434.07,0.17,12.19
19,K,COOLDRINKS,23.03.2026,13,2026,60 206.19,39 679.10,-24.57,0.00,0.00,0.00,0.00,-57 886.75,0.00,0.00,41 973.97,53 126.80,11 152.83,0.00,0.00,67 819.05,14.65,14.65,57 886.75,9 932.30,0.26,5.08
19,K,COOLDRINKS,30.03.2026,14,2026,41 973.97,64 992.28,0.00,0.00,0.00,0.00,0.00,-63 348.34,0.00,0.00,43 617.91,55 012.35,11 394.44,0.00,0.00,73 269.77,13.54,13.54,63 348.34,9 921.43,0.29,4.82
19,K,COOLDRINKS,06.04.2026,15,2026,43 617.91,64 446.90,0.00,0.00,0.00,0.00,0.00,-48 811.17,0.00,0.00,59 253.64,71 881.25,12 627.61,0.00,0.00,57 573.69,15.22,15.22,48 811.17,8 762.52,0.22,8.50
19,K,COOLDRINKS,13.04.2026,16,2026,59 253.64,59 324.09,0.00,0.00,0.00,0.00,0.00,-36 126.22,0.00,0.00,82 451.51,93 833.36,11 381.85,0.00,0.00,43 784.69,17.49,17.49,36 126.22,7 658.48,0.17,15.98
19,K,COOLDRINKS,20.04.2026,17,2026,82 451.51,56 800.51,0.00,0.00,0.00,0.00,0.00,-46 110.98,0.00,0.00,93 141.05,110 794.55,17 653.50,0.00,0.00,51 623.62,10.68,10.68,46 110.98,5 512.65,0.20,14.14
19,K,COOLDRINKS,27.04.2026,18,2026,93 141.05,39 818.41,0.00,0.00,0.00,0.00,0.00,-19 694.67,0.00,0.00,114 448.56,137 074.64,23 809.85,0.00,0.00,21 704.22,9.26,9.26,19 694.67,2 009.55,0.08,40.26
20,U,SUSHI,29.12.2025,1,2026,0.00,0.00,0.00,0.00,0.00,0.00,0.00,0.00,0.00,0.00,0.00,0.00,0.00,0.00,0.00,0.00,0.00,0.00,0.00,0.00,0.00,0.00
20,U,SUSHI,05.01.2026,2,2026,0.00,0.00,0.00,0.00,0.00,0.00,0.00,0.00,0.00,0.00,0.00,0.00,0.00,0.00,0.00,0.00,0.00,0.00,0.00,0.00,0.00,0.00
20,U,SUSHI,12.01.2026,3,2026,0.00,0.00,0.00,0.00,0.00,0.00,0.00,0.00,0.00,0.00,0.00,0.00,0.00,0.00,0.00,0.00,0.00,0.00,0.00,0.00,0.00,0.00
20,U,SUSHI,19.01.2026,4,2026,0.00,0.00,0.00,0.00,0.00,0.00,0.00,0.00,0.00,0.00,0.00,0.00,0.00,0.00,0.00,0.00,0.00,0.00,0.00,0.00,0.00,0.00
20,U,SUSHI,26.01.2026,5,2026,0.00,0.00,0.00,0.00,0.00,0.00,0.00,0.00,0.00,0.00,0.00,0.00,0.00,0.00,0.00,0.00,0.00,0.00,0.00,0.00,0.00,0.00
20,U,SUSHI,02.02.2026,6,2026,0.00,0.00,0.00,0.00,0.00,0.00,0.00,0.00,0.00,0.00,0.00,0.00,0.00,0.00,0.00,0.00,0.00,0.00,0.00,0.00,0.00,0.00
20,U,SUSHI,09.02.2026,7,2026,0.00,0.00,0.00,0.00,0.00,0.00,0.00,0.00,0.00,0.00,0.00,0.00,0.00,0.00,0.00,0.00,0.00,0.00,0.00,0.00,0.00,0.00
20,U,SUSHI,16.02.2026,8,2026,0.00,0.00,0.00,0.00,0.00,0.00,0.00,0.00,0.00,0.00,0.00,0.00,0.00,0.00,0.00,0.00,0.00,0.00,0.00,0.00,0.00,0.00
20,U,SUSHI,23.02.2026,9,2026,0.00,0.00,0.00,0.00,0.00,0.00,0.00,0.00,0.00,0.00,0.00,0.00,0.00,0.00,0.00,0.00,0.00,0.00,0.00,0.00,0.00,0.00
20,U,SUSHI,02.03.2026,10,2026,0.00,0.00,0.00,0.00,0.00,0.00,0.00,0.00,0.00,0.00,0.00,0.00,0.00,0.00,0.00,0.00,0.00,0.00,0.00,0.00,0.00,0.00
20,U,SUSHI,09.03.2026,11,2026,0.00,0.00,0.00,0.00,0.00,0.00,0.00,0.00,0.00,0.00,0.00,0.00,0.00,0.00,0.00,0.00,0.00,0.00,0.00,0.00,0.00,0.00
20,U,SUSHI,16.03.2026,12,2026,0.00,0.00,0.00,0.00,0.00,0.00,0.00,0.00,0.00,0.00,0.00,0.00,0.00,0.00,0.00,0.00,0.00,0.00,0.00,0.00,0.00,0.00
20,U,SUSHI,23.03.2026,13,2026,0.00,0.00,0.00,0.00,0.00,0.00,0.00,0.00,0.00,0.00,0.00,0.00,0.00,0.00,0.00,0.00,0.00,0.00,0.00,0.00,0.00,0.00
20,U,SUSHI,30.03.2026,14,2026,0.00,0.00,0.00,0.00,0.00,0.00,0.00,0.00,0.00,0.00,0.00,0.00,0.00,0.00,0.00,0.00,0.00,0.00,0.00,0.00,0.00,0.00
20,U,SUSHI,06.04.2026,15,2026,0.00,0.00,0.00,0.00,0.00,0.00,0.00,0.00,0.00,0.00,0.00,0.00,0.00,0.00,0.00,0.00,0.00,0.00,0.00,0.00,0.00,0.00
20,U,SUSHI,13.04.2026,16,2026,0.00,0.00,0.00,0.00,0.00,0.00,0.00,0.00,0.00,0.00,0.00,0.00,0.00,0.00,0.00,0.00,0.00,0.00,0.00,0.00,0.00,0.00
20,U,SUSHI,20.04.2026,17,2026,0.00,0.00,0.00,0.00,0.00,0.00,0.00,0.00,0.00,0.00,0.00,0.00,0.00,0.00,0.00,0.00,0.00,0.00,0.00,0.00,0.00,0.00
20,U,SUSHI,27.04.2026,18,2026,0.00,0.00,0.00,0.00,0.00,0.00,0.00,0.00,0.00,0.00,0.00,0.00,0.00,0.00,0.00,0.00,0.00,0.00,0.00,0.00,0.00,0.00
21,ECOM,SPAR RETAIL VAS - COMM PRODUCT,29.12.2025,1,2026,-1 400.00,0.00,0.00,0.00,0.00,0.00,0.00,0.00,0.00,0.00,-1 400.00,0.00,1 400.00,0.00,0.00,0.00,0.00,0.00,0.00,0.00,0.00,0.00
21,ECOM,SPAR RETAIL VAS - COMM PRODUCT,05.01.2026,2,2026,-1 400.00,0.00,0.00,0.00,0.00,0.00,0.00,0.00,0.00,0.00,-1 400.00,0.00,1 400.00,0.00,0.00,0.00,0.00,0.00,0.00,0.00,0.00,0.00
21,ECOM,SPAR RETAIL VAS - COMM PRODUCT,12.01.2026,3,2026,-1 400.00,0.00,0.00,0.00,0.00,0.00,0.00,0.00,0.00,0.00,-1 400.00,0.00,1 400.00,0.00,0.00,0.00,0.00,0.00,0.00,0.00,0.00,0.00
21,ECOM,SPAR RETAIL VAS - COMM PRODUCT,19.01.2026,4,2026,-1 400.00,0.00,0.00,0.00,0.00,0.00,0.00,0.00,0.00,0.00,-1 400.00,0.00,1 400.00,0.00,0.00,0.00,0.00,0.00,0.00,0.00,0.00,0.00
21,ECOM,SPAR RETAIL VAS - COMM PRODUCT,26.01.2026,5,2026,-1 400.00,0.00,0.00,0.00,0.00,0.00,0.00,0.00,0.00,0.00,-1 400.00,0.00,1 400.00,0.00,0.00,0.00,0.00,0.00,0.00,0.00,0.00,0.00
21,ECOM,SPAR RETAIL VAS - COMM PRODUCT,02.02.2026,6,2026,-1 400.00,0.00,0.00,0.00,0.00,0.00,0.00,0.00,0.00,0.00,-1 400.00,0.00,1 400.00,0.00,0.00,0.00,0.00,0.00,0.00,0.00,0.00,0.00
21,ECOM,SPAR RETAIL VAS - COMM PRODUCT,09.02.2026,7,2026,-1 400.00,0.00,0.00,0.00,0.00,0.00,0.00,0.00,0.00,0.00,-1 400.00,0.00,1 400.00,0.00,0.00,0.00,0.00,0.00,0.00,0.00,0.00,0.00
21,ECOM,SPAR RETAIL VAS - COMM PRODUCT,16.02.2026,8,2026,-1 400.00,0.00,0.00,0.00,0.00,0.00,0.00,0.00,0.00,0.00,-1 400.00,0.00,1 400.00,0.00,0.00,0.00,0.00,0.00,0.00,0.00,0.00,0.00
21,ECOM,SPAR RETAIL VAS - COMM PRODUCT,23.02.2026,9,2026,-1 400.00,0.00,0.00,0.00,0.00,0.00,0.00,0.00,1 400.00,0.00,0.00,0.00,0.00,0.00,0.00,0.00,0.00,0.00,-1 400.00,1 400.00,0.00,0.00
21,ECOM,SPAR RETAIL VAS - COMM PRODUCT,02.03.2026,10,2026,0.00,0.00,0.00,0.00,0.00,0.00,0.00,0.00,0.00,0.00,0.00,0.00,0.00,0.00,0.00,0.00,0.00,0.00,0.00,0.00,0.00,0.00
21,ECOM,SPAR RETAIL VAS - COMM PRODUCT,09.03.2026,11,2026,0.00,0.00,0.00,0.00,0.00,0.00,0.00,0.00,0.00,0.00,0.00,0.00,0.00,0.00,0.00,0.00,0.00,0.00,0.00,0.00,0.00,0.00
21,ECOM,SPAR RETAIL VAS - COMM PRODUCT,16.03.2026,12,2026,0.00,0.00,0.00,0.00,0.00,0.00,0.00,0.00,0.00,0.00,0.00,0.00,0.00,0.00,0.00,0.00,0.00,0.00,0.00,0.00,0.00,0.00
21,ECOM,SPAR RETAIL VAS - COMM PRODUCT,23.03.2026,13,2026,0.00,0.00,0.00,0.00,0.00,0.00,0.00,0.00,0.00,0.00,0.00,0.00,0.00,0.00,0.00,0.00,0.00,0.00,0.00,0.00,0.00,0.00
21,ECOM,SPAR RETAIL VAS - COMM PRODUCT,30.03.2026,14,2026,0.00,0.00,0.00,0.00,0.00,0.00,0.00,0.00,0.00,0.00,0.00,0.00,0.00,0.00,0.00,0.00,0.00,0.00,0.00,0.00,0.00,0.00
21,ECOM,SPAR RETAIL VAS - COMM PRODUCT,06.04.2026,15,2026,0.00,0.00,0.00,0.00,0.00,0.00,0.00,0.00,0.00,0.00,0.00,0.00,0.00,0.00,0.00,0.00,0.00,0.00,0.00,0.00,0.00,0.00
21,ECOM,SPAR RETAIL VAS - COMM PRODUCT,13.04.2026,16,2026,0.00,0.00,0.00,0.00,0.00,0.00,0.00,0.00,0.00,0.00,0.00,0.00,0.00,0.00,0.00,0.00,0.00,0.00,0.00,0.00,0.00,0.00
21,ECOM,SPAR RETAIL VAS - COMM PRODUCT,20.04.2026,17,2026,0.00,0.00,0.00,0.00,0.00,0.00,0.00,0.00,0.00,0.00,0.00,0.00,0.00,0.00,0.00,0.00,0.00,0.00,0.00,0.00,0.00,0.00
21,ECOM,SPAR RETAIL VAS - COMM PRODUCT,27.04.2026,18,2026,0.00,0.00,0.00,0.00,0.00,0.00,0.00,0.00,0.00,0.00,0.00,0.00,0.00,0.00,0.00,0.00,0.00,0.00,0.00,0.00,0.00,0.00
22,ECOM,SPAR RETAIL VAS - MARGIN BASED,29.12.2025,1,2026,0.00,0.00,0.00,0.00,0.00,0.00,0.00,0.00,0.00,0.00,0.00,0.00,0.00,0.00,0.00,0.00,0.00,0.00,0.00,0.00,0.00,0.00
22,ECOM,SPAR RETAIL VAS - MARGIN BASED,05.01.2026,2,2026,0.00,0.00,0.00,0.00,0.00,0.00,0.00,0.00,0.00,0.00,0.00,0.00,0.00,0.00,0.00,0.00,0.00,0.00,0.00,0.00,0.00,0.00
22,ECOM,SPAR RETAIL VAS - MARGIN BASED,12.01.2026,3,2026,0.00,0.00,0.00,0.00,0.00,0.00,0.00,0.00,0.00,0.00,0.00,0.00,0.00,0.00,0.00,0.00,0.00,0.00,0.00,0.00,0.00,0.00
22,ECOM,SPAR RETAIL VAS - MARGIN BASED,19.01.2026,4,2026,0.00,0.00,0.00,0.00,0.00,0.00,0.00,0.00,0.00,0.00,0.00,0.00,0.00,0.00,0.00,0.00,0.00,0.00,0.00,0.00,0.00,0.00
22,ECOM,SPAR RETAIL VAS - MARGIN BASED,26.01.2026,5,2026,0.00,0.00,0.00,0.00,0.00,0.00,0.00,0.00,0.00,0.00,0.00,0.00,0.00,0.00,0.00,0.00,0.00,0.00,0.00,0.00,0.00,0.00
22,ECOM,SPAR RETAIL VAS - MARGIN BASED,02.02.2026,6,2026,0.00,0.00,0.00,0.00,0.00,0.00,0.00,0.00,0.00,0.00,0.00,0.00,0.00,0.00,0.00,0.00,0.00,0.00,0.00,0.00,0.00,0.00
22,ECOM,SPAR RETAIL VAS - MARGIN BASED,09.02.2026,7,2026,0.00,0.00,0.00,0.00,0.00,0.00,0.00,0.00,0.00,0.00,0.00,0.00,0.00,0.00,0.00,0.00,0.00,0.00,0.00,0.00,0.00,0.00
22,ECOM,SPAR RETAIL VAS - MARGIN BASED,16.02.2026,8,2026,0.00,0.00,0.00,0.00,0.00,0.00,0.00,0.00,0.00,0.00,0.00,0.00,0.00,0.00,0.00,0.00,0.00,0.00,0.00,0.00,0.00,0.00
22,ECOM,SPAR RETAIL VAS - MARGIN BASED,23.02.2026,9,2026,0.00,0.00,0.00,0.00,0.00,0.00,0.00,0.00,0.00,0.00,0.00,0.00,0.00,0.00,0.00,0.00,0.00,0.00,0.00,0.00,0.00,0.00
22,ECOM,SPAR RETAIL VAS - MARGIN BASED,02.03.2026,10,2026,0.00,0.00,0.00,0.00,0.00,0.00,0.00,0.00,0.00,0.00,0.00,0.00,0.00,0.00,0.00,0.00,0.00,0.00,0.00,0.00,0.00,0.00
22,ECOM,SPAR RETAIL VAS - MARGIN BASED,09.03.2026,11,2026,0.00,0.00,0.00,0.00,0.00,0.00,0.00,0.00,0.00,0.00,0.00,0.00,0.00,0.00,0.00,0.00,0.00,0.00,0.00,0.00,0.00,0.00
22,ECOM,SPAR RETAIL VAS - MARGIN BASED,16.03.2026,12,2026,0.00,0.00,0.00,0.00,0.00,0.00,0.00,0.00,0.00,0.00,0.00,0.00,0.00,0.00,0.00,0.00,0.00,0.00,0.00,0.00,0.00,0.00
22,ECOM,SPAR RETAIL VAS - MARGIN BASED,23.03.2026,13,2026,0.00,0.00,0.00,0.00,0.00,0.00,0.00,0.00,0.00,0.00,0.00,0.00,0.00,0.00,0.00,0.00,0.00,0.00,0.00,0.00,0.00,0.00
22,ECOM,SPAR RETAIL VAS - MARGIN BASED,30.03.2026,14,2026,0.00,0.00,0.00,0.00,0.00,0.00,0.00,0.00,0.00,0.00,0.00,0.00,0.00,0.00,0.00,0.00,0.00,0.00,0.00,0.00,0.00,0.00
22,ECOM,SPAR RETAIL VAS - MARGIN BASED,06.04.2026,15,2026,0.00,0.00,0.00,0.00,0.00,0.00,0.00,0.00,0.00,0.00,0.00,0.00,0.00,0.00,0.00,0.00,0.00,0.00,0.00,0.00,0.00,0.00
22,ECOM,SPAR RETAIL VAS - MARGIN BASED,13.04.2026,16,2026,0.00,0.00,0.00,0.00,0.00,0.00,0.00,0.00,0.00,0.00,0.00,0.00,0.00,0.00,0.00,0.00,0.00,0.00,0.00,0.00,0.00,0.00
22,ECOM,SPAR RETAIL VAS - MARGIN BASED,20.04.2026,17,2026,0.00,0.00,0.00,0.00,0.00,0.00,0.00,0.00,0.00,0.00,0.00,0.00,0.00,0.00,0.00,0.00,0.00,0.00,0.00,0.00,0.00,0.00
22,ECOM,SPAR RETAIL VAS - MARGIN BASED,27.04.2026,18,2026,0.00,0.00,0.00,0.00,0.00,0.00,0.00,0.00,0.00,0.00,0.00,0.00,0.00,0.00,0.00,0.00,0.00,0.00,0.00,0.00,0.00,0.00
23,S,STATIONARY,29.12.2025,1,2026,276 343.25,2 076.57,-44.68,0.00,0.00,0.00,0.00,-7 629.85,0.00,0.00,270 745.29,333 118.01,62 372.72,0.00,0.00,23 532.64,67.58,67.58,7 629.85,15 902.79,0.09,248.40
23,S,STATIONARY,05.01.2026,2,2026,270 745.29,4 899.49,-140.08,0.00,0.00,0.00,0.00,-50 782.26,0.00,0.00,224 722.44,278 485.99,53 763.55,0.00,0.00,89 882.81,43.50,43.50,50 782.26,39 100.55,0.35,30.98
23,S,STATIONARY,12.01.2026,3,2026,224 722.44,2 930.69,-242.50,0.00,0.00,0.00,0.00,-28 142.31,0.00,0.00,199 268.32,248 774.09,49 505.78,0.00,0.00,38 512.27,26.93,26.93,28 142.31,10 369.97,0.15,49.57
23,S,STATIONARY,19.01.2026,4,2026,199 268.32,4 658.66,-21.39,0.00,0.00,0.00,0.00,-6 262.78,0.00,0.00,197 642.81,246 451.44,48 808.63,0.00,0.00,7 798.41,19.69,19.69,6 262.78,1 535.63,0.03,220.91
23,S,STATIONARY,26.01.2026,5,2026,197 642.81,1 610.68,-30.43,0.00,0.00,0.00,0.00,-7 112.51,0.00,0.00,192 110.56,240 282.39,48 171.83,0.00,0.00,8 889.86,19.99,19.99,7 112.51,1 777.36,0.03,189.07
23,S,STATIONARY,02.02.2026,6,2026,192 110.56,478.39,-274.91,0.00,0.00,0.00,0.00,-4 428.56,0.00,0.00,187 885.48,235 499.75,47 614.27,0.00,0.00,5 851.33,24.32,24.32,4 428.56,1 422.77,0.02,296.98
23,S,STATIONARY,09.02.2026,7,2026,187 885.48,-1 709.70,-558.43,0.00,0.00,0.00,0.00,-4 664.14,0.00,0.00,180 953.21,228 125.24,47 172.03,0.00,0.00,6 495.15,28.19,28.19,4 664.14,1 831.01,0.03,271.58
23,S,STATIONARY,16.02.2026,8,2026,180 953.21,1 299.42,-81.48,0.00,0.00,0.00,0.00,-2 503.50,0.00,0.00,179 667.65,205 412.56,25 744.91,0.00,0.00,3 500.90,28.49,28.49,2 503.50,997.40,0.01,502.37
23,S,STATIONARY,23.02.2026,9,2026,179 667.65,3 159.10,-260.08,0.00,0.00,0.00,0.00,-3 757.77,-25 761.32,-470.75,153 047.58,204 642.85,51 595.26,-51 595.22,0.00,5 472.37,31.33,-439.42,29 519.08,-24 046.71,0.02,285.10
23,S,STATIONARY,02.03.2026,10,2026,153 047.58,1 723.96,-170.49,0.00,0.00,0.00,0.00,-3 682.65,0.00,0.00,150 918.40,151 319.19,400.79,0.00,0.00,5 393.76,31.72,31.72,3 682.65,1 711.11,0.02,286.87
23,S,STATIONARY,09.03.2026,11,2026,150 918.40,1 024.56,-117.47,0.00,0.00,0.00,0.00,-2 792.48,0.00,0.00,149 033.01,149 433.80,400.78,0.00,0.00,3 975.85,29.76,29.76,2 792.48,1 183.37,0.02,373.59
23,S,STATIONARY,16.03.2026,12,2026,149 033.01,1 068.72,-80.05,0.00,0.00,0.00,0.00,-3 142.29,0.00,0.00,146 879.39,147 864.09,984.70,0.00,0.00,4 518.50,30.46,30.46,3 142.29,1 376.22,0.02,327.20
23,S,STATIONARY,23.03.2026,13,2026,146 879.39,5 961.47,-225.37,0.00,0.00,0.00,0.00,-4 150.69,0.00,0.00,148 464.80,147 349.97,-1 114.83,0.00,0.00,5 913.95,29.82,29.82,4 150.69,1 763.26,0.02,250.38
23,S,STATIONARY,30.03.2026,14,2026,148 464.80,1 010.73,-47.51,0.00,0.00,0.00,0.00,-2 875.16,0.00,0.00,146 552.86,154 229.68,7 676.81,0.00,0.00,4 062.73,29.23,29.23,2 875.16,1 187.57,0.02,356.80
23,S,STATIONARY,06.04.2026,15,2026,146 552.86,1 152.01,-441.57,0.00,0.00,0.00,0.00,-4 025.74,0.00,0.00,143 237.57,151 126.07,7 888.50,0.00,0.00,5 742.36,29.89,29.89,4 025.74,1 716.62,0.02,249.06
23,S,STATIONARY,13.04.2026,16,2026,143 237.57,1 937.47,-56.03,0.00,0.00,0.00,0.00,-3 825.97,0.00,0.00,141 293.03,149 472.52,8 179.49,0.00,0.00,5 411.83,29.30,29.30,3 825.97,1 585.86,0.02,258.51
23,S,STATIONARY,20.04.2026,17,2026,141 293.03,276.00,-202.28,0.00,0.00,0.00,0.00,-3 478.89,0.00,0.00,137 887.86,146 218.71,8 330.85,0.00,0.00,4 986.38,30.23,30.23,3 478.89,1 507.49,0.02,277.45
23,S,STATIONARY,27.04.2026,18,2026,137 887.86,359.17,-125.41,0.00,0.00,0.00,0.00,-1 675.83,0.00,0.00,136 445.80,145 106.42,8 660.62,0.00,0.00,2 400.92,30.20,30.20,1 675.83,725.09,0.01,569.94
24,CH,CHICKEN,29.12.2025,1,2026,8 232.98,53 183.19,-4 835.35,0.00,0.00,0.00,0.00,-36 988.23,-11 807.21,-25.57,7 785.39,19 594.70,11 809.31,-11 809.31,0.00,46 182.23,19.91,-5.66,48 795.43,-2 613.20,0.18,1.47
24,CH,CHICKEN,05.01.2026,2,2026,7 785.39,49 158.18,-18 394.44,0.00,0.00,0.00,0.00,-37 273.11,5 579.99,12.69,6 856.01,981.47,-5 874.53,5 874.53,0.00,43 977.25,15.24,27.93,31 693.12,12 284.13,0.17,1.29
24,CH,CHICKEN,12.01.2026,3,2026,6 856.01,43 468.52,-12 673.96,0.00,0.00,0.00,0.00,-37 911.94,0.00,0.00,-261.37,1 802.26,2 063.63,0.00,0.00,46 380.97,18.26,18.26,37 911.94,8 469.03,0.18,-0.05
24,CH,CHICKEN,19.01.2026,4,2026,-261.37,45 887.06,-8 295.71,0.00,0.00,0.00,0.00,-37 807.55,0.00,0.00,-477.58,8.19,485.77,0.00,0.00,47 267.29,20.01,20.01,37 807.55,9 459.74,0.18,-0.09
24,CH,CHICKEN,26.01.2026,5,2026,-477.58,38 799.92,-1 541.97,0.00,0.00,0.00,0.00,-36 097.26,3 244.87,7.22,3 927.98,6 068.32,2 140.33,2 647.13,0.00,44 950.29,19.70,26.91,32 852.39,12 097.90,0.17,0.76
24,CH,CHICKEN,02.02.2026,6,2026,3 927.98,50 768.50,-1 450.99,0.00,0.00,0.00,0.00,-34 341.29,-1 814.91,-4.33,17 089.29,18 896.98,1 807.69,-1 807.69,0.00,41 894.58,18.03,13.70,36 156.21,5 738.37,0.16,3.48
24,CH,CHICKEN,09.02.2026,7,2026,17 089.29,39 996.06,-22 682.56,0.00,0.00,0.00,0.00,-36 952.99,11 402.01,25.40,8 851.80,-2 026.10,-10 877.90,10 877.90,0.00,44 890.04,17.68,43.08,25 550.99,19 339.06,0.17,1.68
24,CH,CHICKEN,16.02.2026,8,2026,8 851.80,42 651.81,-5 861.03,0.00,0.00,0.00,0.00,-34 900.22,-3 282.12,-7.84,7 460.23,11 209.27,3 749.04,-3 749.04,0.00,41 878.15,16.66,8.83,38 182.34,3 695.81,0.16,1.50
24,CH,CHICKEN,23.02.2026,9,2026,7 460.23,57 201.57,-12 525.89,0.00,0.00,0.00,0.00,-43 560.58,-4 500.10,-8.05,4 075.23,8 683.26,4 608.04,-4 608.04,0.00,55 882.07,22.05,14.00,48 060.68,7 821.39,0.22,0.65
24,CH,CHICKEN,02.03.2026,10,2026,4 075.23,58 782.20,-3 408.88,0.00,0.00,0.00,0.00,-35 360.13,-2 395.31,-5.21,21 693.11,25 419.32,3 726.20,-3 726.20,0.00,45 979.35,23.10,17.89,37 755.43,8 223.92,0.18,4.29
24,CH,CHICKEN,09.03.2026,11,2026,21 693.11,36 393.39,-26 570.70,0.00,0.00,0.00,0.00,-33 248.65,6 647.60,16.31,4 914.76,-1 841.87,-6 756.63,6 756.63,0.00,40 764.04,18.44,34.74,26 601.05,14 162.99,0.16,1.03
24,CH,CHICKEN,16.03.2026,12,2026,4 914.76,49 168.00,-8 250.96,0.00,0.00,0.00,0.00,-31 764.32,-4 478.85,-11.57,9 588.63,13 621.74,4 033.12,-4 033.12,0.00,38 694.63,17.91,6.34,36 243.17,2 451.46,0.15,2.11
24,CH,CHICKEN,23.03.2026,13,2026,9 588.63,74 572.37,-5 383.18,0.00,0.00,0.00,0.00,-41 135.23,-14 096.06,-27.94,23 546.52,37 584.30,14 037.77,-14 037.77,0.00,50 458.04,18.48,-9.46,55 231.29,-4 773.25,0.20,4.01
24,CH,CHICKEN,30.03.2026,14,2026,23 546.52,67 633.77,-32 591.24,0.00,0.00,0.00,0.00,-42 326.01,33.53,0.06,16 296.57,16 263.01,-33.56,33.56,0.00,52 841.57,19.90,19.96,42 292.49,10 549.08,0.21,2.70
24,CH,CHICKEN,06.04.2026,15,2026,16 296.57,41 735.85,-9 613.20,0.00,0.00,0.00,0.00,-32 975.42,-7 296.96,-17.82,8 146.84,16 894.62,8 747.78,-5 691.93,0.00,40 958.22,19.49,1.67,40 272.38,685.84,0.16,1.73
24,CH,CHICKEN,13.04.2026,16,2026,8 146.84,39 044.04,-6 323.79,0.00,0.00,0.00,0.00,-38 021.57,1 862.64,4.09,4 708.16,1 638.51,-3 069.65,3 069.65,0.00,45 579.53,16.58,20.67,36 158.93,9 420.60,0.18,0.87
24,CH,CHICKEN,20.04.2026,17,2026,4 708.16,53 719.48,-554.28,0.00,0.00,0.00,0.00,-42 942.22,0.00,0.00,14 931.14,14 938.30,7.16,0.00,0.00,50 947.64,15.71,15.71,42 942.22,8 005.42,0.20,2.43
24,CH,CHICKEN,27.04.2026,18,2026,14 931.14,41 105.03,-50.13,0.00,0.00,0.00,0.00,-11 194.82,0.00,0.00,44 791.22,13 609.10,-31 182.11,0.00,0.00,13 670.78,18.11,18.11,11 194.82,2 475.96,0.05,28.01
95,SM,SPAR MOBILE,29.12.2025,1,2026,9 855.87,0.00,0.00,0.00,0.00,0.00,0.00,-33.04,0.00,0.00,9 822.83,9 822.90,0.07,0.00,0.00,33.04,0.00,-0.00,33.04,-0.00,0.00,2 081.11
95,SM,SPAR MOBILE,05.01.2026,2,2026,9 822.83,0.00,0.00,0.00,0.00,0.00,0.00,0.00,0.00,0.00,9 822.83,9 822.90,0.07,0.00,0.00,0.00,0.00,0.00,0.00,0.00,0.00,0.00
95,SM,SPAR MOBILE,12.01.2026,3,2026,9 822.83,0.00,0.00,0.00,0.00,0.00,0.00,0.00,0.00,0.00,9 822.83,9 822.90,0.07,0.00,0.00,0.00,0.00,0.00,0.00,0.00,0.00,0.00
95,SM,SPAR MOBILE,19.01.2026,4,2026,9 822.83,0.00,0.00,0.00,0.00,0.00,0.00,-10.95,0.00,0.00,9 811.87,9 811.94,0.07,0.00,0.00,13.04,16.02,16.02,10.95,2.09,0.00,6 271.80
95,SM,SPAR MOBILE,26.01.2026,5,2026,9 811.87,0.00,0.00,0.00,0.00,0.00,0.00,0.00,0.00,0.00,9 811.87,9 811.94,0.07,0.00,0.00,0.00,0.00,0.00,0.00,0.00,0.00,0.00
95,SM,SPAR MOBILE,02.02.2026,6,2026,9 811.87,0.00,0.00,0.00,0.00,0.00,0.00,0.00,0.00,0.00,9 811.87,9 811.94,0.07,0.00,0.00,0.00,0.00,0.00,0.00,0.00,0.00,0.00
95,SM,SPAR MOBILE,09.02.2026,7,2026,9 811.87,0.00,0.00,0.00,0.00,0.00,0.00,-10.95,0.00,0.00,9 800.92,9 800.99,0.07,0.00,0.00,13.04,16.02,16.02,10.95,2.09,0.00,6 264.80
95,SM,SPAR MOBILE,16.02.2026,8,2026,9 800.92,0.00,0.00,0.00,0.00,0.00,0.00,0.00,0.00,0.00,9 800.92,9 800.99,0.07,0.00,0.00,0.00,0.00,0.00,0.00,0.00,0.00,0.00
95,SM,SPAR MOBILE,23.02.2026,9,2026,9 800.92,0.00,0.00,0.00,0.00,0.00,0.00,-43.48,-9 757.44,-22 441.22,0.00,9 757.51,9 757.51,-9 757.51,0.00,43.48,0.00,-22 441.22,9 800.92,-9 757.44,0.00,0.00
95,SM,SPAR MOBILE,02.03.2026,10,2026,0.00,0.00,0.00,0.00,0.00,0.00,0.00,-24.35,0.00,0.00,-24.35,-24.35,0.00,0.00,0.00,24.35,-0.00,0.00,24.35,0.00,0.00,-7.00
95,SM,SPAR MOBILE,09.03.2026,11,2026,-24.35,0.00,0.00,0.00,0.00,0.00,0.00,-156.52,0.00,0.00,-180.87,-180.87,0.00,0.00,0.00,156.52,-0.00,0.00,156.52,0.00,0.00,-8.09
95,SM,SPAR MOBILE,16.03.2026,12,2026,-180.87,0.00,0.00,0.00,0.00,0.00,0.00,0.00,0.00,0.00,-180.87,-180.87,0.00,0.00,0.00,0.00,0.00,0.00,0.00,0.00,0.00,0.00
95,SM,SPAR MOBILE,23.03.2026,13,2026,-180.87,0.00,0.00,0.00,0.00,0.00,0.00,0.00,0.00,0.00,-180.87,-180.87,0.00,0.00,0.00,0.00,0.00,0.00,0.00,0.00,0.00,0.00
95,SM,SPAR MOBILE,30.03.2026,14,2026,-180.87,0.00,0.00,0.00,0.00,0.00,0.00,0.00,0.00,0.00,-180.87,-180.86,0.01,0.00,0.00,0.00,0.00,0.00,0.00,0.00,0.00,0.00
95,SM,SPAR MOBILE,06.04.2026,15,2026,-180.87,0.00,0.00,0.00,0.00,0.00,0.00,-26.09,0.00,0.00,-206.96,-206.95,0.01,0.00,0.00,26.09,0.00,-0.00,26.09,-0.00,0.00,-55.53
95,SM,SPAR MOBILE,13.04.2026,16,2026,-206.96,0.00,0.00,0.00,0.00,0.00,0.00,0.00,0.00,0.00,-206.96,-206.95,0.01,0.00,0.00,0.00,0.00,0.00,0.00,0.00,0.00,0.00
95,SM,SPAR MOBILE,20.04.2026,17,2026,-206.96,0.00,0.00,0.00,0.00,0.00,0.00,0.00,0.00,0.00,-206.96,-206.95,0.01,0.00,0.00,0.00,0.00,0.00,0.00,0.00,0.00,0.00
95,SM,SPAR MOBILE,27.04.2026,18,2026,-206.96,0.00,0.00,0.00,0.00,0.00,0.00,0.00,0.00,0.00,-206.96,-206.95,0.01,0.00,0.00,0.00,0.00,0.00,0.00,0.00,0.00,0.00
96,SPAR2U,SPAR2U,29.12.2025,1,2026,-65 887.43,0.00,0.00,0.00,0.00,0.00,0.00,-34.00,0.00,0.00,-65 921.43,0.00,65 921.43,0.00,0.00,1 807.00,98.12,98.12,34.00,1 773.00,0.01,-13 572.06
96,SPAR2U,SPAR2U,05.01.2026,2,2026,-65 921.43,0.00,0.00,0.00,0.00,0.00,0.00,-3.00,0.00,0.00,-65 924.43,0.00,65 924.43,0.00,0.00,2 163.02,99.86,99.86,3.00,2 160.02,0.01,-153 823.67
96,SPAR2U,SPAR2U,12.01.2026,3,2026,-65 924.43,0.00,0.00,0.00,0.00,0.00,0.00,-5.00,0.00,0.00,-65 929.43,0.00,65 929.43,0.00,0.00,2 335.07,99.79,99.79,5.00,2 330.07,0.01,-92 301.20
96,SPAR2U,SPAR2U,19.01.2026,4,2026,-65 929.43,0.00,0.00,0.00,0.00,0.00,0.00,-6.00,0.00,0.00,-65 935.43,0.00,65 935.43,0.00,0.00,2 566.97,99.77,99.77,6.00,2 560.97,0.01,-76 924.67
96,SPAR2U,SPAR2U,26.01.2026,5,2026,-65 935.43,0.00,0.00,0.00,0.00,0.00,0.00,-5.00,0.00,0.00,-65 940.43,0.00,65 940.43,0.00,0.00,2 270.21,99.78,99.78,5.00,2 265.21,0.01,-92 316.60
96,SPAR2U,SPAR2U,02.02.2026,6,2026,-65 940.43,0.00,0.00,0.00,0.00,0.00,0.00,-5.00,0.00,0.00,-65 945.43,0.00,65 945.43,0.00,0.00,2 681.83,99.81,99.81,5.00,2 676.83,0.01,-92 323.60
96,SPAR2U,SPAR2U,09.02.2026,7,2026,-65 945.43,0.00,0.00,0.00,0.00,0.00,0.00,-4.00,0.00,0.00,-65 949.43,0.00,65 949.43,0.00,0.00,2 106.57,99.81,99.81,4.00,2 102.57,0.01,-115 411.50
96,SPAR2U,SPAR2U,16.02.2026,8,2026,-65 949.43,0.00,0.00,0.00,0.00,0.00,0.00,-4.00,0.00,0.00,-65 953.43,0.00,65 953.43,0.00,0.00,2 416.51,99.83,99.83,4.00,2 412.51,0.01,-115 418.50
96,SPAR2U,SPAR2U,23.02.2026,9,2026,-65 953.43,0.00,0.00,0.00,0.00,0.00,0.00,-8.00,65 961.43,2 241.15,0.00,0.00,0.00,0.00,0.00,2 943.20,99.73,2 340.87,-65 953.43,68 896.63,0.01,0.00
96,SPAR2U,SPAR2U,02.03.2026,10,2026,0.00,0.00,0.00,0.00,0.00,0.00,0.00,-3.00,0.00,0.00,-3.00,0.00,3.00,0.00,0.00,2 231.83,99.87,99.87,3.00,2 228.83,0.01,-7.00
96,SPAR2U,SPAR2U,09.03.2026,11,2026,-3.00,0.00,0.00,0.00,0.00,0.00,0.00,-7.00,0.00,0.00,-10.00,0.00,10.00,0.00,0.00,2 846.90,99.75,99.75,7.00,2 839.90,0.01,-10.00
96,SPAR2U,SPAR2U,16.03.2026,12,2026,-10.00,0.00,0.00,0.00,0.00,0.00,0.00,-4.00,0.00,0.00,-14.00,0.00,14.00,0.00,0.00,2 038.05,99.80,99.80,4.00,2 034.05,0.01,-24.50
96,SPAR2U,SPAR2U,23.03.2026,13,2026,-14.00,0.00,0.00,0.00,0.00,0.00,0.00,-4.00,0.00,0.00,-18.00,0.00,18.00,0.00,0.00,2 232.70,99.82,99.82,4.00,2 228.70,0.01,-31.50
96,SPAR2U,SPAR2U,30.03.2026,14,2026,-18.00,0.00,0.00,0.00,0.00,0.00,0.00,-1.00,0.00,0.00,-19.00,0.00,19.00,0.00,0.00,2 575.23,99.96,99.96,1.00,2 574.23,0.01,-133.00
96,SPAR2U,SPAR2U,06.04.2026,15,2026,-19.00,0.00,0.00,0.00,0.00,0.00,0.00,-8.00,0.00,0.00,-27.00,0.00,27.00,0.00,0.00,2 868.89,99.72,99.72,8.00,2 860.89,0.01,-23.63
96,SPAR2U,SPAR2U,13.04.2026,16,2026,-27.00,0.00,0.00,0.00,0.00,0.00,0.00,-3.00,0.00,0.00,-30.00,0.00,30.00,0.00,0.00,2 150.53,99.86,99.86,3.00,2 147.53,0.01,-70.00
96,SPAR2U,SPAR2U,20.04.2026,17,2026,-30.00,0.00,0.00,0.00,0.00,0.00,0.00,-2.00,0.00,0.00,-32.00,0.00,32.00,0.00,0.00,2 568.96,99.92,99.92,2.00,2 566.96,0.01,-112.00
96,SPAR2U,SPAR2U,27.04.2026,18,2026,-32.00,0.00,0.00,0.00,0.00,0.00,0.00,0.00,0.00,0.00,-32.00,0.00,32.00,0.00,0.00,657.39,100.00,100.00,0.00,657.39,0.00,0.00
97,ECOM,SPAR Retail VAS,29.12.2025,1,2026,-1 073 018.72,0.00,0.00,0.00,0.00,0.00,0.00,-31 859.00,0.00,0.00,-1 104 877.72,-17.29,1 104 860.43,0.00,0.00,31 859.00,-0.00,0.00,31 859.00,0.00,0.12,-242.76
97,ECOM,SPAR Retail VAS,05.01.2026,2,2026,-1 104 877.72,0.00,0.00,0.00,0.00,0.00,0.00,-48 601.00,0.00,0.00,-1 153 478.72,-17.29,1 153 461.43,0.00,0.00,48 601.00,0.00,0.00,48 601.00,0.00,0.19,-166.14
97,ECOM,SPAR Retail VAS,12.01.2026,3,2026,-1 153 478.72,0.00,0.00,0.00,0.00,0.00,0.00,-56 029.00,0.00,0.00,-1 209 507.72,-17.29,1 209 490.43,0.00,0.00,56 029.00,0.00,0.00,56 029.00,0.00,0.22,-151.11
97,ECOM,SPAR Retail VAS,19.01.2026,4,2026,-1 209 507.72,0.00,0.00,0.00,0.00,0.00,0.00,-46 541.10,0.00,0.00,-1 256 048.82,-17.29,1 256 031.53,0.00,0.00,46 541.10,0.00,-0.00,46 541.10,-0.00,0.18,-188.92
97,ECOM,SPAR Retail VAS,26.01.2026,5,2026,-1 256 048.82,0.00,0.00,0.00,0.00,0.00,0.00,-55 635.00,0.00,0.00,-1 311 683.82,-17.29,1 311 666.53,0.00,0.00,55 635.00,0.00,0.00,55 635.00,0.00,0.22,-165.04
97,ECOM,SPAR Retail VAS,02.02.2026,6,2026,-1 311 683.82,0.00,0.00,0.00,0.00,0.00,0.00,-35 916.00,0.00,0.00,-1 347 599.82,-17.29,1 347 582.53,0.00,0.00,35 916.00,0.00,0.00,35 916.00,0.00,0.14,-262.65
97,ECOM,SPAR Retail VAS,09.02.2026,7,2026,-1 347 599.82,0.00,0.00,0.00,0.00,0.00,0.00,-29 643.30,0.00,0.00,-1 377 243.12,-17.29,1 377 225.83,0.00,0.00,29 643.30,0.00,-0.00,29 643.30,-0.00,0.12,-325.22
97,ECOM,SPAR Retail VAS,16.02.2026,8,2026,-1 377 243.12,0.00,0.00,0.00,0.00,0.00,0.00,-25 496.40,0.00,0.00,-1 402 739.52,-17.29,1 402 722.23,0.00,0.00,25 496.40,0.00,0.00,25 496.40,0.00,0.10,-385.12
97,ECOM,SPAR Retail VAS,23.02.2026,9,2026,-1 402 739.52,0.00,0.00,0.00,0.00,0.00,0.00,-34 105.83,1 436 845.35,4 212.91,0.00,-17.29,-17.29,1.00,0.00,34 105.80,-0.00,4 212.91,-1 402 739.52,1 436 845.32,0.13,0.00
97,ECOM,SPAR Retail VAS,02.03.2026,10,2026,0.00,0.00,0.00,0.00,0.00,0.00,0.00,-38 639.02,0.00,0.00,-38 639.02,0.00,38 639.02,0.00,0.00,38 639.02,0.00,0.00,38 639.02,0.00,0.15,-7.00
97,ECOM,SPAR Retail VAS,09.03.2026,11,2026,-38 639.02,0.00,0.00,0.00,0.00,0.00,0.00,-28 332.10,0.00,0.00,-66 971.12,0.00,66 971.12,0.00,0.00,28 332.10,0.00,0.00,28 332.10,0.00,0.11,-16.55
97,ECOM,SPAR Retail VAS,16.03.2026,12,2026,-66 971.12,0.00,0.00,0.00,0.00,0.00,0.00,-25 936.00,0.00,0.00,-92 907.12,0.00,92 907.12,0.00,0.00,25 936.00,0.00,0.00,25 936.00,0.00,0.10,-25.08
97,ECOM,SPAR Retail VAS,23.03.2026,13,2026,-92 907.12,0.00,0.00,0.00,0.00,0.00,0.00,-32 294.20,0.00,0.00,-125 201.32,0.00,125 201.32,0.00,0.00,32 294.20,0.00,0.00,32 294.20,0.00,0.13,-27.14
97,ECOM,SPAR Retail VAS,30.03.2026,14,2026,-125 201.32,0.00,0.00,0.00,0.00,0.00,0.00,-27 201.70,0.00,0.00,-152 403.02,0.00,152 403.02,0.00,0.00,27 201.70,0.00,-0.00,27 201.70,-0.00,0.11,-39.22
97,ECOM,SPAR Retail VAS,06.04.2026,15,2026,-152 403.02,0.00,0.00,0.00,0.00,0.00,0.00,-36 094.20,0.00,0.00,-188 497.22,0.00,188 497.22,0.00,0.00,36 094.20,0.00,-0.00,36 094.20,-0.00,0.14,-36.56
97,ECOM,SPAR Retail VAS,13.04.2026,16,2026,-188 497.22,0.00,0.00,0.00,0.00,0.00,0.00,-26 655.00,0.00,0.00,-215 152.22,0.00,215 152.22,0.00,0.00,26 655.00,0.00,0.00,26 655.00,0.00,0.10,-56.50
97,ECOM,SPAR Retail VAS,20.04.2026,17,2026,-215 152.22,0.00,0.00,0.00,0.00,0.00,0.00,-25 909.00,0.00,0.00,-241 061.22,0.00,241 061.22,0.00,0.00,25 909.00,-0.00,0.00,25 909.00,0.00,0.10,-65.13
97,ECOM,SPAR Retail VAS,27.04.2026,18,2026,-241 061.22,0.00,0.00,0.00,0.00,0.00,0.00,-12 239.50,0.00,0.00,-253 300.72,0.00,253 300.72,0.00,0.00,12 239.50,0.00,0.00,12 239.50,0.00,0.05,-144.87
1,B,BAKERY,30.12.2024,1,2025,98 750.14,59 349.45,4 274.60,0.00,-12 548.52,0.00,-10.24,-76 797.32,-10 681.72,-8.72,62 903.86,63 602.78,1 256.14,-1 221.87,0.00,122 507.48,37.31,18.35,100 027.55,22 479.92,0.43,5.68
1,B,BAKERY,06.01.2025,2,2025,62 346.64,87 410.49,4 487.07,0.00,-4 698.90,0.00,-3.93,-78 351.13,7 059.72,5.91,78 255.75,64 274.97,-13 978.93,13 978.93,0.00,119 479.14,34.42,36.40,75 990.30,43 488.84,0.42,6.99
1,B,BAKERY,13.01.2025,3,2025,78 253.89,82 444.62,3 938.33,0.00,-8 338.38,0.00,-7.55,-73 411.24,-9 283.17,-8.41,73 604.06,76 432.08,2 828.02,-2 828.03,0.00,110 427.46,33.52,17.56,91 032.79,19 394.67,0.39,7.02
1,B,BAKERY,20.01.2025,4,2025,73 604.06,89 982.96,2 575.72,0.00,-4 794.45,0.00,-4.05,-77 704.10,-5 699.03,-4.81,78 526.10,76 464.22,-1 500.94,1 500.93,0.00,118 417.09,34.38,25.52,88 197.58,30 219.52,0.42,7.02
1,B,BAKERY,27.01.2025,5,2025,77 965.16,77 801.73,676.42,0.00,-4 079.47,0.00,-3.18,-78 900.73,-5 298.90,-4.13,68 164.21,63 073.94,-5 090.28,5 090.27,0.00,128 162.63,38.44,31.12,88 279.10,39 883.53,0.45,6.05
1,B,BAKERY,03.02.2025,6,2025,68 164.21,91 411.52,3 630.98,0.00,-2 168.70,0.00,-1.59,-83 911.20,-11 185.42,-8.20,66 108.57,64 205.93,-1 735.48,1 749.66,0.00,136 371.92,38.47,28.68,97 265.31,39 106.61,0.48,5.50
1,B,BAKERY,10.02.2025,7,2025,65 941.40,101 629.17,6 278.56,0.00,-4 090.89,0.00,-3.14,-71 847.05,-25 959.02,-19.92,73 802.38,80 101.03,8 148.86,-8 148.87,0.00,130 305.55,44.86,21.80,101 896.96,28 408.58,0.46,7.01
1,B,BAKERY,17.02.2025,8,2025,71 952.16,93 174.75,3 198.89,0.00,-7 202.91,0.00,-6.13,-72 449.41,-22 216.60,-18.90,66 735.50,76 299.02,9 842.13,-9 842.15,0.00,117 571.76,38.38,13.36,101 868.92,15 702.84,0.42,6.42
1,B,BAKERY,24.02.2025,9,2025,66 456.89,105 777.86,4 919.13,0.00,-7 023.62,0.00,-4.62,-97 413.90,-12 446.55,-8.19,60 827.02,59 478.41,-791.39,791.39,0.00,151 916.10,35.88,23.06,116 884.08,35 032.03,0.54,4.33
1,B,BAKERY,03.03.2025,10,2025,60 269.80,108 683.23,2 995.43,0.00,-2 117.91,0.00,-1.41,-96 744.38,-8 585.78,-5.72,65 057.62,63 192.62,-1 307.78,1 307.77,0.00,149 991.77,35.50,28.36,107 448.07,42 543.70,0.53,4.67
1,B,BAKERY,10.03.2025,11,2025,64 500.40,98 077.28,2 978.05,0.00,-1 397.69,0.00,-1.05,-83 471.34,-618.77,-0.46,80 625.14,70 732.60,-9 335.33,9 934.56,0.00,133 713.31,37.57,36.07,85 487.81,48 225.50,0.47,6.71
1,B,BAKERY,17.03.2025,12,2025,80 067.92,97 739.13,721.17,0.00,-5 349.10,0.00,-4.26,-78 343.37,-21 579.67,-17.19,74 560.59,81 668.63,8 412.53,-7 430.17,0.00,125 517.08,37.58,16.13,105 272.14,20 244.95,0.45,6.55
1,B,BAKERY,24.03.2025,13,2025,73 256.09,113 881.89,3 813.56,0.00,-3 254.06,0.00,-2.12,-101 155.31,-1 340.59,-0.87,89 482.23,82 272.27,-2 929.30,3 034.32,0.00,153 836.96,34.25,31.26,105 749.96,48 086.99,0.55,5.90
1,B,BAKERY,31.03.2025,14,2025,85 201.57,99 764.42,6 651.77,0.00,-4 206.33,0.00,-3.10,-88 427.33,-1 813.80,-1.34,98 044.86,87 645.61,-9 524.70,10 092.27,0.00,135 797.80,34.88,30.45,94 447.46,41 350.35,0.48,7.69
1,B,BAKERY,07.04.2025,15,2025,97 170.31,113 956.22,1 623.97,0.00,-8 402.44,0.00,-6.62,-83 302.38,-21 512.95,-16.95,101 284.43,114 600.06,15 067.33,-15 067.34,0.00,126 914.52,34.36,10.79,113 217.78,13 696.74,0.45,8.36
1,B,BAKERY,14.04.2025,16,2025,99 532.72,130 121.24,5 172.97,0.00,-9 862.27,0.00,-6.46,-99 143.67,-2 701.30,-1.77,125 481.85,122 418.59,-701.11,1 807.87,0.00,152 758.62,35.10,26.87,111 707.24,41 051.38,0.54,8.69
1,B,BAKERY,21.04.2025,17,2025,123 119.70,74 663.63,2 928.02,0.00,-11 209.78,0.00,-8.42,-90 671.20,721.94,0.54,99 552.32,94 393.85,-5 158.47,5 654.06,0.00,133 093.40,31.87,23.99,101 159.03,31 934.37,0.47,7.69
1,B,BAKERY,28.04.2025,18,2025,99 552.32,98 081.18,7 788.71,0.00,-4 458.77,0.00,-3.47,-84 712.05,-12 024.67,-9.37,105 101.27,104 457.80,231.08,110.02,0.00,128 317.07,33.98,21.14,101 195.49,27 121.58,0.46,8.61
2,C,BUTCHERY,30.12.2024,1,2025,219 405.02,46 528.93,-3 867.80,0.00,0.00,0.00,0.00,-89 442.13,-11 804.67,-9.50,160 819.34,164 197.29,3 377.95,-3 472.27,0.00,124 313.67,28.05,18.56,101 246.81,23 066.86,0.44,12.59
2,C,BUTCHERY,06.01.2025,2,2025,160 819.34,63 814.88,-2 559.22,0.00,0.00,0.00,0.00,-67 595.95,-5 137.82,-5.55,149 341.23,152 135.39,2 794.15,-2 794.15,0.00,92 566.35,26.98,21.43,72 733.77,19 832.58,0.33,15.47
2,C,BUTCHERY,13.01.2025,3,2025,149 341.23,49 071.60,-2 128.26,0.00,0.00,0.00,0.00,-55 575.67,-9 978.48,-13.29,130 730.43,135 748.08,5 017.65,-5 017.65,0.00,75 099.64,26.00,12.71,65 554.14,9 545.50,0.27,16.47
2,C,BUTCHERY,20.01.2025,4,2025,130 730.43,85 896.96,6 228.29,0.00,0.00,0.00,0.00,-69 931.89,-10 312.06,-10.85,142 611.73,142 383.30,-228.43,-167.45,0.00,95 036.86,26.42,15.57,80 243.95,14 792.91,0.34,14.28
2,C,BUTCHERY,27.01.2025,5,2025,142 611.73,69 825.02,1 168.06,0.00,0.00,0.00,0.00,-81 093.44,-19 094.12,-17.23,113 417.24,126 553.66,13 136.42,-13 136.42,0.00,110 843.01,26.84,9.61,100 187.57,10 655.44,0.39,9.79
2,C,BUTCHERY,03.02.2025,6,2025,113 417.24,64 903.25,-539.62,0.00,0.00,0.00,0.00,-83 006.98,-24 529.37,-21.51,70 244.53,96 261.57,26 017.05,-24 621.03,0.00,114 048.05,27.22,5.71,107 536.35,6 511.70,0.40,5.92
2,C,BUTCHERY,10.02.2025,7,2025,70 244.53,120 573.87,-1 402.94,0.00,0.00,0.00,0.00,-86 045.86,1 025.60,0.87,104 395.20,105 094.45,699.25,-699.24,0.00,118 050.15,27.11,27.98,85 020.25,33 029.90,0.42,8.49
2,C,BUTCHERY,17.02.2025,8,2025,104 395.20,82 806.59,1 406.06,0.00,0.00,0.00,0.00,-76 558.38,-9 305.54,-8.95,102 743.93,109 413.20,6 669.27,-6 669.27,0.00,104 016.86,26.40,17.45,85 863.92,18 152.94,0.37,9.39
2,C,BUTCHERY,24.02.2025,9,2025,102 743.93,127 708.96,-1 920.38,0.00,0.00,0.00,0.00,-114 964.90,-13 079.49,-8.64,100 488.12,109 370.05,8 881.93,-8 881.92,0.00,151 411.61,24.07,15.43,128 044.39,23 367.21,0.54,6.12
2,C,BUTCHERY,03.03.2025,10,2025,100 488.12,91 765.45,-3 789.41,0.00,0.00,0.00,0.00,-101 689.58,-4 663.36,-3.47,82 111.21,84 636.47,2 525.25,-2 525.25,0.00,134 505.55,24.40,20.93,106 352.94,28 152.60,0.48,5.65
2,C,BUTCHERY,10.03.2025,11,2025,82 111.21,109 301.17,132.73,0.00,0.00,0.00,0.00,-85 257.00,986.47,0.85,107 274.58,104 088.71,-3 185.86,3 185.87,0.00,116 595.84,26.88,27.72,84 270.53,32 325.30,0.41,8.81
2,C,BUTCHERY,17.03.2025,12,2025,107 274.58,88 578.96,-2 147.88,0.00,0.00,0.00,0.00,-78 880.86,-3 725.16,-3.55,111 099.64,114 023.89,2 924.25,-2 380.13,0.00,104 809.09,24.74,21.18,82 606.02,22 203.07,0.37,9.86
2,C,BUTCHERY,24.03.2025,13,2025,111 099.64,170 884.82,516.84,0.00,0.00,0.00,0.00,-132 982.08,3 204.07,1.98,152 723.29,150 557.36,-2 165.94,2 165.94,0.00,161 986.16,17.91,19.88,129 778.00,32 208.15,0.57,8.04
2,C,BUTCHERY,31.03.2025,14,2025,152 723.29,115 737.01,8 109.40,0.00,0.00,0.00,0.00,-114 437.97,5 481.23,3.86,167 612.98,157 937.76,-9 675.22,12 607.94,0.00,142 179.01,19.51,23.37,108 956.73,33 222.27,0.50,10.25
2,C,BUTCHERY,07.04.2025,15,2025,167 612.98,71 115.05,-547.87,0.00,0.00,0.00,0.00,-74 571.72,-49 516.03,-49.11,114 096.90,160 456.98,46 364.57,-46 001.53,0.00,100 823.62,26.04,-23.07,124 087.75,-23 264.13,0.36,10.71
2,C,BUTCHERY,14.04.2025,16,2025,114 092.41,131 569.03,600.35,0.00,0.00,0.00,0.00,-91 185.58,-23 205.80,-18.30,131 870.41,148 514.05,16 643.64,-16 643.63,0.00,126 826.32,28.10,9.80,114 391.37,12 434.94,0.45,10.12
2,C,BUTCHERY,21.04.2025,17,2025,131 870.41,82 191.19,-3 299.32,0.00,0.00,0.00,0.00,-93 288.57,3 513.21,2.71,120 986.92,116 780.82,-4 206.09,4 557.36,0.00,129 568.40,28.00,30.71,89 775.36,39 793.04,0.46,9.08
2,C,BUTCHERY,28.04.2025,18,2025,120 986.92,92 076.82,-1 274.22,0.00,0.00,0.00,0.00,-97 084.72,-7 080.20,-5.23,107 624.59,113 435.93,5 811.34,-5 728.85,0.00,135 364.36,28.28,23.05,104 164.93,31 199.43,0.48,7.76
3,D,DELICATESSEN,30.12.2024,1,2025,27 712.59,9 484.25,-269.07,0.00,0.00,0.00,0.00,-9 789.45,-685.32,-4.59,26 453.00,26 155.54,-297.46,297.46,0.00,14 930.98,34.44,29.85,10 474.77,4 456.20,0.05,18.92
3,D,DELICATESSEN,06.01.2025,2,2025,26 453.00,7 404.84,-224.33,0.00,0.00,0.00,0.00,-9 465.80,-1 398.37,-9.61,22 769.34,24 151.96,1 382.62,-1 382.62,0.00,14 551.10,34.95,25.34,10 864.17,3 686.93,0.05,16.84
3,D,DELICATESSEN,13.01.2025,3,2025,22 769.34,10 889.97,-536.53,0.00,0.00,0.00,0.00,-9 507.34,-847.42,-5.81,22 768.02,23 535.76,767.74,-767.74,0.00,14 575.48,34.77,28.96,10 354.76,4 220.72,0.05,16.76
3,D,DELICATESSEN,20.01.2025,4,2025,22 768.02,10 805.97,-107.75,0.00,-17.70,0.00,-0.12,-10 146.15,864.56,5.66,24 166.95,23 352.09,-814.86,814.86,0.00,15 278.52,33.59,39.13,9 299.29,5 979.23,0.05,16.67
3,D,DELICATESSEN,27.01.2025,5,2025,24 166.95,10 412.31,-138.95,0.00,0.00,0.00,0.00,-10 153.54,-2 431.31,-15.88,21 855.47,24 468.91,2 613.44,-2 613.44,0.00,15 310.29,33.68,17.80,12 584.85,2 725.44,0.05,15.07
3,D,DELICATESSEN,03.02.2025,6,2025,21 855.47,7 907.87,-22.80,0.00,0.00,0.00,0.00,-13 436.68,-218.66,-1.07,16 085.20,16 272.31,187.11,-187.11,0.00,20 434.62,34.25,33.18,13 655.34,6 779.28,0.07,8.38
3,D,DELICATESSEN,10.02.2025,7,2025,16 085.20,13 835.28,-1 045.49,0.00,0.00,0.00,0.00,-11 592.99,-1 108.99,-6.24,16 173.02,16 093.42,-79.60,79.60,0.00,17 775.39,34.78,28.54,12 701.97,5 073.41,0.06,9.77
3,D,DELICATESSEN,17.02.2025,8,2025,16 173.02,13 271.98,-189.16,0.00,0.00,0.00,0.00,-11 684.12,-773.83,-4.27,16 797.89,17 512.20,714.31,-714.31,0.00,18 119.39,35.52,31.25,12 457.94,5 661.45,0.06,10.06
3,D,DELICATESSEN,24.02.2025,9,2025,16 797.89,17 837.36,-29.73,0.00,0.00,0.00,0.00,-13 628.60,-4 018.12,-19.05,16 958.81,20 242.88,3 284.07,-3 284.07,0.00,21 087.87,35.37,16.32,17 646.72,3 441.15,0.07,8.71
3,D,DELICATESSEN,03.03.2025,10,2025,16 958.81,16 288.00,-686.26,0.00,0.00,0.00,0.00,-15 363.31,1 606.13,7.06,18 803.37,17 189.25,-1 614.12,1 614.12,0.00,22 759.22,32.50,39.55,13 757.18,9 002.05,0.08,8.57
3,D,DELICATESSEN,10.03.2025,11,2025,18 803.37,16 180.72,-1 289.25,0.00,-2 964.42,0.00,-17.21,-11 803.38,4 840.17,28.10,23 767.21,18 906.52,-4 860.69,4 860.69,0.00,17 227.79,31.49,42.37,9 927.63,7 300.16,0.06,14.10
3,D,DELICATESSEN,17.03.2025,12,2025,23 767.21,12 601.01,-366.81,0.00,0.00,0.00,0.00,-13 228.71,-695.26,-3.62,22 077.44,22 938.34,860.90,-860.90,0.00,19 195.57,31.08,27.46,13 923.97,5 271.60,0.07,11.68
3,D,DELICATESSEN,24.03.2025,13,2025,22 077.44,13 078.17,-782.06,0.00,0.00,0.00,0.00,-16 187.89,-273.38,-1.21,17 912.27,18 207.88,295.61,-295.61,0.00,22 504.25,28.07,26.85,16 461.28,6 042.97,0.08,7.75
3,D,DELICATESSEN,31.03.2025,14,2025,17 912.27,17 559.87,-382.87,0.00,0.00,0.00,0.00,-12 414.54,321.38,1.90,22 996.11,21 948.78,-1 047.33,1 175.14,0.00,16 883.81,26.47,28.37,12 093.16,4 790.65,0.06,12.97
3,D,DELICATESSEN,07.04.2025,15,2025,22 996.11,9 215.31,-829.57,0.00,-163.76,0.00,-1.14,-9 891.06,-290.77,-2.02,21 036.26,20 223.77,-812.49,812.49,0.00,14 392.55,31.28,28.12,10 345.59,4 046.95,0.05,14.89
3,D,DELICATESSEN,14.04.2025,16,2025,21 036.26,9 510.37,-605.92,0.00,-380.30,0.00,-2.32,-11 285.60,-289.07,-1.76,17 985.74,18 437.51,451.77,-341.55,0.00,16 391.47,31.15,27.07,11 954.97,4 436.50,0.06,11.16
3,D,DELICATESSEN,21.04.2025,17,2025,17 985.74,13 967.87,-422.19,0.00,0.00,0.00,0.00,-11 986.33,18.73,0.11,19 563.81,19 529.10,-34.72,34.72,0.00,17 379.39,31.03,31.14,11 967.61,5 411.78,0.06,11.43
3,D,DELICATESSEN,28.04.2025,18,2025,19 563.81,9 804.06,-1 100.20,0.00,0.00,0.00,0.00,-10 699.18,-167.77,-1.08,17 400.72,17 608.70,207.97,-207.97,0.00,15 542.40,31.16,30.08,10 866.95,4 675.45,0.06,11.38
4,F,FRESH PRODUCE,30.12.2024,1,2025,81 034.65,85 226.47,-1 937.64,0.00,-2 592.72,0.00,-1.62,-119 092.40,1 616.68,1.01,44 255.04,42 588.59,-1 666.44,1 666.44,0.00,160 262.05,25.69,25.08,120 068.44,40 193.61,0.57,2.60
4,F,FRESH PRODUCE,06.01.2025,2,2025,44 255.04,95 359.81,-1 381.98,0.00,-1 266.16,0.00,-0.93,-100 814.85,10 609.88,7.82,46 761.73,35 497.93,-11 263.80,11 263.80,0.00,135 747.53,25.73,32.62,91 471.14,44 276.39,0.48,3.25
4,F,FRESH PRODUCE,13.01.2025,3,2025,46 761.73,99 540.81,-2 215.27,0.00,-1 381.80,0.00,-1.03,-99 356.91,2 292.62,1.71,45 641.18,42 380.31,-3 260.87,3 884.71,0.00,133 853.24,25.77,26.45,98 446.09,35 407.15,0.47,3.22
4,F,FRESH PRODUCE,20.01.2025,4,2025,45 641.18,92 147.28,-878.42,0.00,-855.96,0.00,-0.62,-104 085.67,10 105.70,7.30,42 074.11,33 766.48,-8 307.63,8 307.63,0.00,138 444.03,24.82,31.50,94 835.93,43 608.10,0.49,2.83
4,F,FRESH PRODUCE,27.01.2025,5,2025,42 074.11,109 821.39,-760.74,0.00,-1 706.82,0.00,-1.20,-107 850.89,7 179.45,5.03,48 756.50,47 793.73,-962.77,962.77,0.00,142 657.17,24.40,28.23,102 378.27,40 278.90,0.51,3.16
4,F,FRESH PRODUCE,03.02.2025,6,2025,48 756.50,99 210.15,-1 404.43,0.00,-1 245.81,0.00,-0.87,-107 270.20,477 108.98,334.61,515 155.18,35 795.91,-479 359.28,479 359.28,0.00,142 588.48,24.77,358.50,-368 592.97,511 181.45,0.51,33.62
4,F,FRESH PRODUCE,10.02.2025,7,2025,515 155.18,98 812.56,1 314.92,0.00,-887.83,0.00,-0.57,-117 119.50,-461 413.37,-296.41,35 861.96,494 870.40,459 008.44,-459 008.44,0.00,155 669.21,24.76,-272.21,579 420.70,-423 751.49,0.55,2.14
4,F,FRESH PRODUCE,17.02.2025,8,2025,35 861.96,94 554.99,-1 389.37,0.00,-1 240.60,0.00,-0.93,-99 167.01,6 766.15,5.05,35 386.12,25 653.59,-9 732.53,9 732.53,0.00,133 979.30,25.98,30.11,93 641.46,40 337.84,0.48,2.50
4,F,FRESH PRODUCE,24.02.2025,9,2025,35 386.12,117 924.15,-2 616.41,0.00,-1 569.58,0.00,-1.02,-114 420.44,7 031.86,4.56,41 735.71,33 727.71,-8 008.00,8 008.00,0.00,154 129.28,25.76,29.31,108 958.15,45 171.13,0.55,2.55
4,F,FRESH PRODUCE,03.03.2025,10,2025,41 735.71,126 530.05,-1 000.20,0.00,-1 133.98,0.00,-0.69,-122 771.52,8 154.59,5.00,51 514.65,42 137.47,-9 377.18,9 567.55,0.00,163 191.28,24.77,29.07,115 750.91,47 440.37,0.58,2.94
4,F,FRESH PRODUCE,10.03.2025,11,2025,51 514.65,120 846.39,-2 533.27,0.00,-1 778.29,0.00,-1.21,-110 107.86,5 836.71,3.97,63 778.33,60 049.16,-3 729.17,4 495.47,0.00,147 023.22,25.11,27.87,106 049.44,40 973.78,0.52,4.05
4,F,FRESH PRODUCE,17.03.2025,12,2025,63 778.33,104 847.04,-470.87,0.00,-1 455.83,0.00,-1.00,-109 047.31,45 056.29,30.93,102 707.65,59 075.02,-43 632.64,43 632.64,0.00,145 673.83,25.14,55.07,65 446.85,80 226.98,0.52,6.59
4,F,FRESH PRODUCE,24.03.2025,13,2025,102 707.65,111 908.98,-1 624.80,0.00,-1 382.21,0.00,-0.91,-115 957.75,-36 492.52,-24.01,59 195.36,94 995.49,35 836.13,-35 836.13,0.00,151 967.89,23.70,-1.23,153 832.48,-1 864.59,0.54,3.57
4,F,FRESH PRODUCE,31.03.2025,14,2025,59 159.36,94 044.31,-1 009.66,0.00,-722.48,0.00,-0.56,-96 848.21,-3 596.93,-2.79,51 026.39,67 582.13,16 555.74,-16 555.74,0.00,129 003.81,24.93,21.58,101 167.62,27 836.19,0.46,3.69
4,F,FRESH PRODUCE,07.04.2025,15,2025,51 026.39,91 341.69,-1 728.09,0.00,-855.19,0.00,-0.69,-91 738.50,2 587.44,2.08,50 633.74,49 802.82,-830.92,1 014.60,0.00,124 141.28,26.10,27.50,90 006.25,34 135.03,0.44,3.86
4,F,FRESH PRODUCE,14.04.2025,16,2025,50 633.74,97 560.63,-829.72,0.00,-1 796.55,0.00,-1.35,-99 778.72,6 331.79,4.74,52 121.17,45 526.04,-6 595.12,6 595.12,0.00,133 514.06,25.27,28.66,95 243.49,38 270.57,0.47,3.66
4,F,FRESH PRODUCE,21.04.2025,17,2025,52 121.17,97 726.13,-1 725.29,0.00,-820.05,0.00,-0.63,-96 844.39,1 619.19,1.25,52 076.75,51 219.51,-857.24,857.24,0.00,129 941.36,25.47,26.09,96 045.25,33 896.11,0.46,3.76
4,F,FRESH PRODUCE,28.04.2025,18,2025,52 076.75,98 236.07,-1 031.18,0.00,-3 280.42,0.00,-2.55,-95 821.99,4 424.54,3.43,54 603.77,50 921.44,-3 682.33,5 295.61,0.00,128 812.24,25.61,26.50,94 677.87,34 134.37,0.46,3.99
5,G,GROCERIES,30.12.2024,1,2025,1 163 801.08,263 042.57,-2 493.45,0.00,0.00,0.00,0.00,-344 335.66,-13 763.74,-3.39,1 066 250.79,1 104 782.38,38 531.59,-13 832.90,0.00,406 245.52,15.24,11.85,358 099.41,48 146.11,1.44,21.68
5,G,GROCERIES,06.01.2025,2,2025,1 066 250.79,339 328.83,-4 689.81,0.00,-482.17,0.00,-0.13,-319 713.45,-3 183.51,-0.84,1 077 510.69,1 102 307.66,24 796.98,-3 397.33,0.00,379 333.62,15.72,14.75,323 379.13,55 954.49,1.35,23.59
5,G,GROCERIES,13.01.2025,3,2025,1 077 510.69,320 354.28,-2 937.39,0.00,-602.47,0.00,-0.17,-300 662.52,0.00,0.00,1 093 818.66,1 115 538.57,21 875.99,0.00,0.00,356 917.99,15.76,15.59,301 264.99,55 653.00,1.27,25.46
5,G,GROCERIES,20.01.2025,4,2025,1 093 662.58,320 658.28,-1 967.05,0.00,-1 639.20,0.00,-0.34,-421 012.74,0.00,0.00,989 701.88,1 003 647.22,13 945.34,0.00,0.00,486 994.20,13.55,13.21,422 651.94,64 342.26,1.73,16.46
5,G,GROCERIES,27.01.2025,5,2025,989 701.88,372 675.58,-2 860.39,0.00,0.00,0.00,0.00,-415 714.64,3 387.80,0.70,947 463.23,955 321.95,8 131.73,2 894.22,0.00,481 186.23,13.61,14.31,412 326.84,68 859.39,1.71,15.95
5,G,GROCERIES,03.02.2025,6,2025,947 190.23,455 576.79,-3 885.62,0.00,0.00,0.00,0.00,-380 843.92,0.00,0.00,1 018 037.48,1 038 038.80,20 001.32,0.00,0.00,446 312.75,14.67,14.67,380 843.92,65 468.83,1.58,18.71
5,G,GROCERIES,10.02.2025,7,2025,1 018 037.48,311 778.36,-5 394.51,0.00,-357.61,0.00,-0.10,-314 040.13,-14 822.72,-4.01,995 200.88,1 027 662.46,32 461.59,-13 861.33,0.00,369 537.95,15.02,10.91,329 220.45,40 317.50,1.31,22.18
5,G,GROCERIES,17.02.2025,8,2025,995 200.88,305 278.67,-3 058.75,0.00,-660.05,0.00,-0.18,-307 177.48,-26 375.89,-7.32,963 394.67,1 011 457.96,48 250.58,-27 030.66,0.00,360 419.01,14.77,7.27,334 213.41,26 205.59,1.28,21.95
5,G,GROCERIES,24.02.2025,9,2025,963 207.38,353 084.10,-5 617.73,0.00,0.00,0.00,0.00,-487 513.01,119 927.29,21.49,943 088.04,836 853.32,-106 234.71,105 644.24,0.00,557 962.83,12.63,34.12,367 585.71,190 377.11,1.98,13.54
5,G,GROCERIES,03.03.2025,10,2025,943 088.04,628 015.86,-3 305.49,0.00,0.00,0.00,0.00,-416 885.28,0.00,0.00,1 150 913.13,1 166 073.48,15 160.35,0.00,0.00,481 312.96,13.39,13.39,416 885.28,64 427.68,1.71,19.33
5,G,GROCERIES,10.03.2025,11,2025,1 150 913.13,303 741.67,-3 923.60,0.00,-26.21,0.00,-0.01,-349 774.50,0.00,0.00,1 101 930.75,1 119 062.43,18 131.94,0.00,0.00,404 634.07,13.56,13.55,349 800.71,54 833.37,1.44,22.03
5,G,GROCERIES,17.03.2025,12,2025,1 100 930.49,417 375.08,-924.31,0.00,-152.21,0.00,-0.04,-316 192.88,-17 843.27,-4.78,1 183 792.90,1 221 040.74,37 847.84,-19 459.41,0.00,372 977.83,15.22,10.40,334 188.36,38 789.47,1.32,26.19
5,G,GROCERIES,24.03.2025,13,2025,1 183 192.90,549 941.52,-4 058.34,0.00,-383.02,0.00,-0.07,-454 744.50,-4 301.75,-0.83,1 269 646.80,1 301 641.87,31 995.06,-4 253.50,0.00,517 463.05,12.12,11.22,459 429.28,58 033.78,1.84,19.54
5,G,GROCERIES,31.03.2025,14,2025,1 269 646.80,404 016.54,-5 082.94,0.00,-126.27,0.00,-0.03,-374 331.56,0.00,0.00,1 294 692.57,1 329 941.18,35 818.60,0.00,0.00,427 055.56,12.35,12.32,374 457.83,52 597.72,1.52,24.20
5,G,GROCERIES,07.04.2025,15,2025,1 294 122.57,301 733.22,-2 768.45,0.00,-452.41,0.00,-0.12,-329 264.17,0.00,0.00,1 263 370.77,1 307 186.33,43 815.56,0.00,0.00,384 728.21,14.42,14.30,329 716.58,55 011.64,1.37,26.86
5,G,GROCERIES,14.04.2025,16,2025,1 263 370.77,336 183.20,-2 626.73,0.00,-215.71,0.00,-0.06,-314 380.93,0.00,0.00,1 282 330.61,1 330 093.44,47 762.84,0.00,0.00,369 752.94,14.98,14.92,314 596.64,55 156.31,1.31,28.55
5,G,GROCERIES,21.04.2025,17,2025,1 282 330.61,386 216.85,-2 959.00,0.00,-634.79,0.00,-0.14,-405 274.46,0.00,0.00,1 259 679.21,1 308 594.22,48 915.01,0.00,0.00,466 498.43,13.12,12.99,405 909.25,60 589.18,1.66,21.76
5,G,GROCERIES,28.04.2025,18,2025,1 259 679.21,247 247.29,-4 740.35,0.00,-196.80,0.00,-0.05,-371 379.09,0.00,0.00,1 131 626.41,1 182 373.28,51 763.02,0.00,0.00,432 331.90,14.10,14.05,371 575.89,60 756.01,1.53,21.31
6,H,HEALTH & BEAUTY AIDS,30.12.2024,1,2025,309 989.83,62 304.61,0.00,0.00,0.00,0.00,0.00,-56 746.15,0.00,0.00,315 548.29,309 280.65,-6 267.64,0.00,0.00,68 084.54,16.65,16.65,56 746.15,11 338.39,0.24,38.92
6,H,HEALTH & BEAUTY AIDS,06.01.2025,2,2025,315 548.29,48 738.58,0.00,0.00,0.00,0.00,0.00,-54 733.95,0.00,0.00,309 552.92,302 729.70,-6 823.22,0.00,0.00,65 088.72,15.91,15.91,54 733.95,10 354.77,0.23,39.59
6,H,HEALTH & BEAUTY AIDS,13.01.2025,3,2025,309 552.92,40 503.03,0.00,0.00,0.00,0.00,0.00,-43 395.47,0.00,0.00,306 660.48,296 921.07,-9 739.41,0.00,0.00,51 868.34,16.34,16.34,43 395.47,8 472.87,0.18,49.47
6,H,HEALTH & BEAUTY AIDS,20.01.2025,4,2025,306 660.48,57 378.37,0.00,0.00,0.00,0.00,0.00,-68 776.26,0.00,0.00,295 262.59,279 555.50,-15 707.09,0.00,0.00,81 715.38,15.83,15.83,68 776.26,12 939.12,0.29,30.05
6,H,HEALTH & BEAUTY AIDS,27.01.2025,5,2025,295 262.59,63 956.56,-35.43,0.00,0.00,0.00,0.00,-80 818.61,0.00,0.00,278 365.11,263 082.63,-15 282.48,0.00,0.00,97 218.01,16.87,16.87,80 818.61,16 399.39,0.34,24.11
6,H,HEALTH & BEAUTY AIDS,03.02.2025,6,2025,278 365.11,81 429.96,0.00,0.00,0.00,0.00,0.00,-64 641.74,0.00,0.00,295 153.33,281 400.54,-13 752.79,0.00,0.00,78 054.40,17.18,17.18,64 641.74,13 412.66,0.28,31.96
6,H,HEALTH & BEAUTY AIDS,10.02.2025,7,2025,295 153.33,50 468.59,-12.27,0.00,0.00,0.00,0.00,-50 342.29,0.00,0.00,295 267.35,282 724.92,-12 542.44,0.00,0.00,60 394.54,16.64,16.64,50 342.29,10 052.25,0.21,41.06
6,H,HEALTH & BEAUTY AIDS,17.02.2025,8,2025,295 267.35,53 316.98,0.00,0.00,0.00,0.00,0.00,-48 143.02,0.00,0.00,300 441.32,288 216.19,-12 225.13,0.00,0.00,57 939.54,16.91,16.91,48 143.02,9 796.52,0.21,43.68
6,H,HEALTH & BEAUTY AIDS,24.02.2025,9,2025,300 441.32,58 830.02,0.00,0.00,0.00,0.00,0.00,-88 948.28,2 134.58,2.07,272 457.64,258 873.01,-13 584.63,13 584.63,0.00,103 246.98,13.85,15.92,86 813.69,16 433.28,0.37,21.44
6,H,HEALTH & BEAUTY AIDS,03.03.2025,10,2025,272 457.64,96 379.78,0.00,0.00,0.00,0.00,0.00,-70 371.46,178.85,0.22,298 644.81,302 561.13,3 916.32,-275.54,0.00,82 483.57,14.68,14.90,70 192.61,12 290.96,0.29,29.71
6,H,HEALTH & BEAUTY AIDS,10.03.2025,11,2025,298 644.81,48 167.22,0.00,0.00,0.00,0.00,0.00,-49 522.79,-2 621.62,-4.35,294 667.62,301 766.91,7 099.30,-2 530.12,0.00,60 287.64,17.86,13.51,52 144.41,8 143.23,0.21,41.65
6,H,HEALTH & BEAUTY AIDS,17.03.2025,12,2025,294 667.62,43 191.66,-180.44,0.00,0.00,0.00,0.00,-46 490.30,0.00,0.00,291 188.53,296 000.67,4 812.14,0.00,0.00,57 306.09,18.87,18.87,46 490.30,10 815.79,0.20,43.84
6,H,HEALTH & BEAUTY AIDS,24.03.2025,13,2025,291 188.53,69 880.54,0.00,0.00,-21.54,0.00,-0.02,-75 056.87,0.00,0.00,285 990.66,291 489.47,5 498.81,0.00,0.00,91 539.06,18.01,17.98,75 078.41,16 460.65,0.32,26.67
6,H,HEALTH & BEAUTY AIDS,31.03.2025,14,2025,285 990.66,61 858.91,0.00,0.00,0.00,0.00,0.00,-51 830.55,1 353.33,2.13,297 372.34,303 038.86,5 666.51,1 474.64,0.00,63 540.65,18.43,20.56,50 477.22,13 063.43,0.23,40.16
6,H,HEALTH & BEAUTY AIDS,07.04.2025,15,2025,297 372.34,46 980.09,0.00,0.00,0.00,0.00,0.00,-49 679.70,-3 666.04,-6.25,291 006.69,304 226.69,13 219.99,-4 550.10,0.00,58 659.80,15.31,9.06,53 345.74,5 314.07,0.21,41.00
6,H,HEALTH & BEAUTY AIDS,14.04.2025,16,2025,291 006.69,41 448.78,0.00,0.00,0.00,0.00,0.00,-39 786.59,0.00,0.00,292 668.88,300 053.53,7 384.65,0.00,0.00,48 210.05,17.47,17.47,39 786.59,8 423.47,0.17,51.49
6,H,HEALTH & BEAUTY AIDS,21.04.2025,17,2025,292 668.88,72 966.11,0.00,0.00,0.00,0.00,0.00,-65 612.66,0.00,0.00,300 022.33,306 693.61,6 671.28,0.00,0.00,77 385.71,15.21,15.21,65 612.66,11 773.06,0.27,32.01
6,H,HEALTH & BEAUTY AIDS,28.04.2025,18,2025,300 022.33,52 911.05,0.00,0.00,0.00,0.00,0.00,-62 239.79,0.00,0.00,290 693.59,295 500.71,4 807.12,0.00,0.00,74 092.50,16.00,16.00,62 239.79,11 852.70,0.26,32.69
7,R,FROZENS,30.12.2024,1,2025,257 020.39,98 740.76,-29.38,0.00,0.00,0.00,0.00,-106 315.06,0.00,0.00,249 416.71,259 874.20,10 457.49,0.00,0.00,120 080.11,11.46,11.46,106 315.06,13 765.05,0.43,16.42
7,R,FROZENS,06.01.2025,2,2025,249 416.71,66 150.39,-58.77,0.00,0.00,0.00,0.00,-78 016.81,0.00,0.00,237 491.52,249 306.03,11 814.51,0.00,0.00,87 666.71,11.01,11.01,78 016.81,9 649.90,0.31,21.31
7,R,FROZENS,13.01.2025,3,2025,237 491.52,86 030.32,-29.46,0.00,0.00,0.00,0.00,-79 593.26,0.00,0.00,243 899.12,259 283.31,15 384.19,0.00,0.00,88 464.06,10.03,10.03,79 593.26,8 870.79,0.31,21.45
7,R,FROZENS,20.01.2025,4,2025,243 899.12,66 011.38,-27.30,0.00,0.00,0.00,0.00,-88 888.36,0.00,0.00,220 994.83,235 255.42,14 260.59,0.00,0.00,100 236.99,11.32,11.32,88 888.36,11 348.63,0.36,17.40
7,R,FROZENS,27.01.2025,5,2025,220 994.83,112 216.76,-54.59,0.00,-37.69,0.00,-0.03,-99 226.10,0.00,0.00,233 893.21,250 415.36,16 522.15,0.00,0.00,111 029.56,10.63,10.60,99 263.79,11 765.77,0.39,16.50
7,R,FROZENS,03.02.2025,6,2025,233 893.21,83 071.51,0.00,0.00,0.00,0.00,0.00,-79 456.96,0.00,0.00,237 507.76,252 468.68,14 960.92,0.00,0.00,91 672.30,13.33,13.33,79 456.96,12 215.34,0.33,20.92
7,R,FROZENS,10.02.2025,7,2025,237 507.76,90 697.76,-121.12,0.00,0.00,0.00,0.00,-109 747.80,0.00,0.00,218 336.60,232 479.92,14 143.32,0.00,0.00,120 710.80,9.08,9.08,109 747.80,10 963.01,0.43,13.93
7,R,FROZENS,17.02.2025,8,2025,218 336.60,58 696.55,0.00,0.00,0.00,0.00,0.00,-70 541.88,0.00,0.00,206 491.27,223 533.17,17 041.90,0.00,0.00,83 058.26,15.07,15.07,70 541.88,12 516.38,0.29,20.49
7,R,FROZENS,24.02.2025,9,2025,206 491.27,121 998.59,-56.46,0.00,-12 267.45,0.00,-9.11,-123 314.00,-44 342.16,-32.92,148 509.79,203 166.96,54 657.18,-54 657.17,0.00,134 712.86,8.46,-33.56,179 923.61,-45 210.76,0.48,8.43
7,R,FROZENS,03.03.2025,10,2025,148 509.79,144 596.38,0.00,0.00,0.00,0.00,0.00,-104 135.86,0.00,0.00,188 970.31,192 410.03,3 439.72,0.00,0.00,115 830.09,10.10,10.10,104 135.86,11 694.23,0.41,12.70
7,R,FROZENS,10.03.2025,11,2025,188 970.31,80 388.79,-163.24,0.00,0.00,0.00,0.00,-84 892.07,0.00,0.00,184 303.78,187 247.37,2 943.58,0.00,0.00,94 588.48,10.25,10.25,84 892.07,9 696.40,0.34,15.20
7,R,FROZENS,17.03.2025,12,2025,184 303.78,76 865.51,-76.97,0.00,-81.55,0.00,-0.09,-77 250.81,0.00,0.00,183 759.97,187 622.15,3 862.18,0.00,0.00,87 488.78,11.70,11.61,77 332.36,10 156.42,0.31,16.65
7,R,FROZENS,24.03.2025,13,2025,183 759.97,130 677.20,-116.56,0.00,0.00,0.00,0.00,-126 094.19,0.00,0.00,188 226.41,193 228.73,5 002.32,0.00,0.00,137 258.10,8.13,8.13,126 094.19,11 163.91,0.49,10.45
7,R,FROZENS,31.03.2025,14,2025,188 226.41,89 822.00,-519.81,0.00,0.00,0.00,0.00,-117 589.33,0.00,0.00,159 939.27,165 823.89,5 884.62,0.00,0.00,128 161.43,8.25,8.25,117 589.33,10 572.10,0.45,9.52
7,R,FROZENS,07.04.2025,15,2025,159 939.27,111 617.93,-3 603.02,0.00,-32.65,0.00,-0.04,-82 267.69,0.00,0.00,185 653.84,191 791.45,6 137.60,0.00,0.00,91 303.43,9.90,9.86,82 300.34,9 003.10,0.32,15.80
7,R,FROZENS,14.04.2025,16,2025,185 653.84,144 780.85,0.00,0.00,0.00,0.00,0.00,-98 305.19,0.00,0.00,232 129.50,250 337.21,18 207.71,0.00,0.00,109 587.38,10.30,10.30,98 305.19,11 282.19,0.39,16.53
7,R,FROZENS,21.04.2025,17,2025,232 129.50,55 374.87,-29.17,0.00,0.00,0.00,0.00,-94 864.98,0.00,0.00,192 610.22,207 301.81,14 691.59,0.00,0.00,102 867.99,7.78,7.78,94 864.98,8 003.01,0.37,14.21
7,R,FROZENS,28.04.2025,18,2025,192 610.22,88 929.62,-279.72,0.00,0.00,0.00,0.00,-84 170.53,0.00,0.00,197 089.59,213 936.55,16 846.96,0.00,0.00,92 289.98,8.80,8.80,84 170.53,8 119.46,0.33,16.39
8,P,PERISHABLES,30.12.2024,1,2025,232 619.49,122 132.93,-6 181.37,0.00,0.00,0.00,0.00,-127 171.06,0.00,0.00,221 399.98,228 528.25,7 128.27,0.00,0.00,159 092.90,20.06,20.06,127 171.06,31 921.83,0.56,12.19
8,P,PERISHABLES,06.01.2025,2,2025,221 399.98,162 280.50,-2 068.64,0.00,0.00,0.00,0.00,-120 480.88,0.00,0.00,261 130.96,270 045.23,8 914.27,0.00,0.00,147 396.50,18.26,18.26,120 480.88,26 915.62,0.52,15.17
8,P,PERISHABLES,13.01.2025,3,2025,261 130.96,121 987.22,-4 299.54,0.00,0.00,0.00,0.00,-115 018.45,0.00,0.00,263 800.20,271 265.34,7 465.14,0.00,0.00,137 806.78,16.54,16.54,115 018.45,22 788.33,0.49,16.05
8,P,PERISHABLES,20.01.2025,4,2025,263 800.20,119 642.61,-2 036.72,0.00,-212.83,0.00,-0.13,-137 349.10,0.00,0.00,243 844.16,252 721.74,8 877.58,0.00,0.00,164 100.89,16.30,16.17,137 561.93,26 538.96,0.58,12.43
8,P,PERISHABLES,27.01.2025,5,2025,243 844.16,136 335.94,-1 600.16,0.00,0.00,0.00,0.00,-145 319.20,0.00,0.00,233 260.74,241 521.96,8 261.22,0.00,0.00,171 185.17,15.11,15.11,145 319.20,25 865.97,0.61,11.24
8,P,PERISHABLES,03.02.2025,6,2025,233 260.74,142 792.39,-3 964.04,0.00,0.00,0.00,0.00,-139 445.56,0.00,0.00,232 643.54,242 391.92,9 748.38,0.00,0.00,167 643.46,16.82,16.82,139 445.56,28 197.90,0.59,11.68
8,P,PERISHABLES,10.02.2025,7,2025,232 643.54,127 135.65,-6 167.27,0.00,0.00,0.00,0.00,-123 719.41,0.00,0.00,229 892.51,241 939.03,12 046.52,0.00,0.00,149 223.06,17.09,17.09,123 719.41,25 503.65,0.53,13.01
8,P,PERISHABLES,17.02.2025,8,2025,229 892.51,117 090.01,-3 803.74,0.00,0.00,0.00,0.00,-116 535.96,0.00,0.00,226 642.82,240 371.24,13 728.42,0.00,0.00,138 498.32,15.86,15.86,116 535.96,21 962.36,0.49,13.61
8,P,PERISHABLES,24.02.2025,9,2025,226 642.82,131 026.10,-4 309.73,0.00,0.00,0.00,0.00,-163 726.33,-35 344.10,-18.30,154 288.76,205 856.92,51 568.16,-51 568.16,0.00,193 102.63,15.21,-3.09,199 070.43,-5 967.80,0.69,6.60
8,P,PERISHABLES,03.03.2025,10,2025,154 288.76,171 614.37,-2 916.76,0.00,0.00,0.00,0.00,-145 697.08,0.00,0.00,177 289.29,183 390.60,6 101.31,0.00,0.00,172 667.87,15.62,15.62,145 697.08,26 970.79,0.61,8.52
8,P,PERISHABLES,10.03.2025,11,2025,177 289.29,132 853.96,-4 031.25,0.00,0.00,0.00,0.00,-126 294.06,0.00,0.00,179 817.94,185 506.87,5 688.93,0.00,0.00,147 629.80,14.45,14.45,126 294.06,21 335.74,0.52,9.97
8,P,PERISHABLES,17.03.2025,12,2025,179 817.94,140 747.06,-357.09,0.00,0.00,0.00,0.00,-126 573.61,0.00,0.00,193 634.30,199 710.81,6 076.51,0.00,0.00,148 438.63,14.73,14.73,126 573.61,21 865.03,0.53,10.71
8,P,PERISHABLES,24.03.2025,13,2025,193 634.30,149 462.76,-3 689.85,0.00,0.00,0.00,0.00,-147 982.41,0.00,0.00,191 424.79,190 685.34,-739.45,0.00,0.00,182 578.68,18.95,18.95,147 982.41,34 596.26,0.65,9.05
8,P,PERISHABLES,31.03.2025,14,2025,191 424.79,159 025.26,-6 795.62,0.00,0.00,0.00,0.00,-124 087.53,0.00,0.00,219 566.91,235 557.15,15 990.24,0.00,0.00,151 328.25,18.00,18.00,124 087.53,27 240.73,0.54,12.39
8,P,PERISHABLES,07.04.2025,15,2025,219 566.91,128 702.33,-904.36,0.00,-87.54,0.00,-0.06,-116 648.56,0.00,0.00,230 628.78,242 633.18,12 004.41,0.00,0.00,142 215.30,17.98,17.92,116 736.10,25 479.20,0.50,13.84
8,P,PERISHABLES,14.04.2025,16,2025,230 628.78,164 576.30,-5 389.06,0.00,0.00,0.00,0.00,-123 696.94,0.00,0.00,266 119.08,281 704.77,15 585.69,0.00,0.00,144 643.93,14.48,14.48,123 696.94,20 946.99,0.51,15.06
8,P,PERISHABLES,21.04.2025,17,2025,266 119.08,110 256.86,-2 978.18,0.00,0.00,0.00,0.00,-132 536.62,0.00,0.00,240 861.13,262 761.77,21 900.63,0.00,0.00,151 682.89,12.62,12.62,132 536.62,19 146.27,0.54,12.72
8,P,PERISHABLES,28.04.2025,18,2025,240 861.13,110 706.80,-4 040.40,0.00,0.00,0.00,0.00,-133 800.37,0.00,0.00,213 727.17,236 785.65,23 058.48,0.00,0.00,153 616.52,12.90,12.90,133 800.37,19 816.15,0.55,11.18
9,L,WINE & BEER,30.12.2024,1,2025,6 743.38,2 257.53,0.00,0.00,0.00,0.00,0.00,-8 275.36,0.00,0.00,725.55,-1 600.74,-2 326.29,0.00,0.00,10 604.44,21.96,21.96,8 275.36,2 329.08,0.04,0.61
9,L,WINE & BEER,06.01.2025,2,2025,725.55,5 996.63,0.00,0.00,0.00,0.00,0.00,-5 860.87,16 570.51,217.73,17 431.82,15 101.37,-2 330.45,16 669.77,0.00,7 610.41,22.99,240.72,-10 709.64,18 320.05,0.03,20.82
9,L,WINE & BEER,13.01.2025,3,2025,17 431.82,65.32,0.00,0.00,0.00,0.00,0.00,-4 564.27,0.00,0.00,12 932.87,10 627.89,-2 304.98,0.00,0.00,5 817.07,21.54,21.54,4 564.27,1 252.80,0.02,19.83
9,L,WINE & BEER,20.01.2025,4,2025,12 932.87,5 753.63,0.00,0.00,0.00,0.00,0.00,-4 119.94,0.00,0.00,14 566.56,12 042.69,-2 523.88,0.00,0.00,5 351.18,23.01,23.01,4 119.94,1 231.24,0.02,24.75
9,L,WINE & BEER,27.01.2025,5,2025,14 566.56,410.32,0.00,0.00,0.00,0.00,0.00,-5 412.03,0.00,0.00,9 564.85,6 930.65,-2 634.20,0.00,0.00,7 036.91,23.09,23.09,5 412.03,1 624.88,0.02,12.37
9,L,WINE & BEER,03.02.2025,6,2025,9 564.85,13 272.03,0.00,0.00,0.00,0.00,0.00,-4 552.45,0.00,0.00,18 284.43,15 483.48,-2 800.94,0.00,0.00,5 853.90,22.23,22.23,4 552.45,1 301.45,0.02,28.11
9,L,WINE & BEER,10.02.2025,7,2025,18 284.43,215.32,-72.10,0.00,0.00,0.00,0.00,-6 907.17,0.00,0.00,11 520.48,8 560.33,-2 960.15,0.00,0.00,8 964.09,22.95,22.95,6 907.17,2 056.92,0.03,11.68
9,L,WINE & BEER,17.02.2025,8,2025,11 520.48,8 505.94,0.00,0.00,0.00,0.00,0.00,-4 948.58,0.00,0.00,15 077.83,11 762.53,-3 315.30,0.00,0.00,6 342.95,21.98,21.98,4 948.58,1 394.37,0.02,21.33
9,L,WINE & BEER,24.02.2025,9,2025,15 077.83,4 631.61,0.00,0.00,0.00,0.00,0.00,-5 441.24,-451.43,-6.42,13 816.78,10 952.91,-2 863.87,2 863.87,0.00,7 034.61,22.65,16.23,5 892.66,1 141.95,0.02,17.77
9,L,WINE & BEER,03.03.2025,10,2025,13 816.78,5.32,0.00,0.00,0.00,0.00,0.00,-4 308.70,0.00,0.00,9 513.39,9 700.94,187.55,0.00,0.00,5 686.59,24.23,24.23,4 308.70,1 377.89,0.02,15.46
9,L,WINE & BEER,10.03.2025,11,2025,9 513.39,9 038.43,0.00,0.00,0.00,0.00,0.00,-5 383.21,0.00,0.00,13 168.61,13 153.19,-15.42,0.00,0.00,7 062.42,23.78,23.78,5 383.21,1 679.21,0.03,17.12
9,L,WINE & BEER,17.03.2025,12,2025,13 168.61,6 221.72,0.00,0.00,0.00,0.00,0.00,-6 607.31,0.00,0.00,12 783.02,12 909.01,125.99,0.00,0.00,8 249.36,19.91,19.91,6 607.31,1 642.05,0.03,13.54
9,L,WINE & BEER,24.03.2025,13,2025,12 783.02,11 257.13,0.00,0.00,0.00,0.00,0.00,-6 225.84,0.00,0.00,17 814.31,17 899.60,85.30,0.00,0.00,7 515.40,17.16,17.16,6 225.84,1 289.56,0.03,20.03
9,L,WINE & BEER,31.03.2025,14,2025,17 814.31,50.32,0.00,0.00,0.00,0.00,0.00,-4 207.46,0.00,0.00,13 657.17,13 626.02,-31.15,0.00,0.00,5 711.87,26.34,26.34,4 207.46,1 504.41,0.02,22.72
9,L,WINE & BEER,07.04.2025,15,2025,13 657.17,-24.68,0.00,0.00,0.00,0.00,0.00,-4 650.34,0.00,0.00,8 982.15,8 803.75,-178.40,0.00,0.00,6 040.11,23.01,23.01,4 650.34,1 389.77,0.02,13.52
9,L,WINE & BEER,14.04.2025,16,2025,8 982.15,355.64,0.00,0.00,0.00,0.00,0.00,-3 713.66,0.00,0.00,5 624.13,5 225.09,-399.04,0.00,0.00,4 954.18,25.04,25.04,3 713.66,1 240.52,0.02,10.60
9,L,WINE & BEER,21.04.2025,17,2025,5 624.13,95.32,0.00,0.00,0.00,0.00,0.00,-4 498.28,0.00,0.00,1 221.16,692.84,-528.32,0.00,0.00,6 069.65,25.89,25.89,4 498.28,1 571.37,0.02,1.90
9,L,WINE & BEER,28.04.2025,18,2025,1 221.16,18 053.89,0.00,0.00,0.00,0.00,0.00,-3 887.24,0.00,0.00,15 387.81,14 749.16,-638.65,0.00,0.00,5 157.61,24.63,24.63,3 887.24,1 270.37,0.02,27.71
10,N,GENERAL MERCHANDISE,30.12.2024,1,2025,475 052.52,21 402.09,-53.89,0.00,0.00,0.00,0.00,-35 757.70,0.00,0.00,460 643.01,-1 529 576.63,-1 990 219.65,0.00,0.00,46 019.37,22.30,22.30,35 757.70,10 261.66,0.16,90.18
10,N,GENERAL MERCHANDISE,06.01.2025,2,2025,460 643.01,33 598.90,-38.65,0.00,0.00,0.00,0.00,-37 984.82,0.00,0.00,456 218.45,-1 682 077.37,-2 138 295.82,0.00,0.00,50 044.15,24.10,24.10,37 984.82,12 059.33,0.18,84.07
10,N,GENERAL MERCHANDISE,13.01.2025,3,2025,456 218.45,28 709.81,-35.97,0.00,0.00,0.00,0.00,-26 794.90,0.00,0.00,458 097.39,-1 774 261.39,-2 232 358.78,0.00,0.00,34 411.64,22.13,22.13,26 794.90,7 616.75,0.12,119.68
10,N,GENERAL MERCHANDISE,20.01.2025,4,2025,458 097.39,14 231.33,-41.47,0.00,0.00,0.00,0.00,-22 599.16,-1 630.01,-5.52,448 058.08,-1 871 177.87,-2 319 235.95,-1 226.20,0.00,29 524.45,23.46,17.94,24 229.17,5 295.28,0.10,138.78
10,N,GENERAL MERCHANDISE,27.01.2025,5,2025,448 058.08,8 366.36,-331.70,0.00,0.00,0.00,0.00,-24 489.77,100.75,0.32,431 703.72,-2 023 614.46,-2 455 318.18,-123.60,0.00,31 510.67,22.28,22.60,24 389.02,7 121.65,0.11,123.40
10,N,GENERAL MERCHANDISE,03.02.2025,6,2025,431 703.72,28 755.08,-12.11,0.00,0.00,0.00,0.00,-25 610.87,0.00,0.00,434 835.82,-2 260 029.29,-2 694 865.10,0.00,0.00,33 606.81,23.79,23.79,25 610.87,7 995.94,0.12,118.85
10,N,GENERAL MERCHANDISE,10.02.2025,7,2025,434 835.82,14 680.03,-484.85,0.00,0.00,0.00,0.00,-22 944.09,0.00,0.00,426 086.91,-2 420 996.68,-2 847 083.59,0.00,0.00,30 238.94,24.12,24.12,22 944.09,7 294.85,0.11,129.99
10,N,GENERAL MERCHANDISE,17.02.2025,8,2025,426 086.91,15 626.87,-262.74,0.00,0.00,0.00,0.00,-20 377.26,0.00,0.00,421 073.78,-2 632 170.48,-3 053 244.26,0.00,0.00,26 392.48,22.79,22.79,20 377.26,6 015.22,0.09,144.65
10,N,GENERAL MERCHANDISE,24.02.2025,9,2025,421 073.78,22 358.68,-267.83,0.00,0.00,0.00,0.00,-25 205.25,104 844.05,312.45,522 803.43,-2 868 608.09,-3 391 411.52,3 391 411.53,0.00,33 555.00,24.88,337.34,-79 638.80,113 193.80,0.12,145.19
10,N,GENERAL MERCHANDISE,03.03.2025,10,2025,522 803.43,18 199.98,-123.95,0.00,0.00,0.00,0.00,-26 601.83,0.00,0.00,514 277.63,383 162.11,-131 115.52,0.00,0.00,34 701.13,23.34,23.34,26 601.83,8 099.31,0.12,135.33
10,N,GENERAL MERCHANDISE,10.03.2025,11,2025,514 277.63,30 255.19,-90.92,0.00,0.00,0.00,0.00,-22 143.33,0.00,0.00,522 298.57,289 078.12,-233 220.45,0.00,0.00,29 139.92,24.01,24.01,22 143.33,6 996.59,0.10,165.11
10,N,GENERAL MERCHANDISE,17.03.2025,12,2025,522 298.57,5 322.32,-40.39,0.00,0.00,0.00,0.00,-24 998.13,0.00,0.00,502 582.37,195 270.22,-307 312.15,0.00,0.00,34 576.76,27.70,27.70,24 998.13,9 578.63,0.12,140.73
10,N,GENERAL MERCHANDISE,24.03.2025,13,2025,502 582.37,22 846.63,0.00,0.00,0.00,0.00,0.00,-24 242.76,0.00,0.00,501 186.24,82 809.79,-418 376.45,0.00,0.00,32 107.74,24.50,24.50,24 242.76,7 864.99,0.11,144.72
10,N,GENERAL MERCHANDISE,31.03.2025,14,2025,501 186.24,25 917.55,-21.55,0.00,0.00,0.00,0.00,-22 946.30,-35 329.59,-116.71,468 806.35,-74 847.31,-543 653.66,-35 329.57,0.00,30 271.18,24.20,-92.51,58 275.89,-28 004.71,0.11,143.01
10,N,GENERAL MERCHANDISE,07.04.2025,15,2025,468 806.35,26 210.24,105.76,0.00,0.00,0.00,0.00,-24 321.38,-2 614.16,-7.96,468 186.82,-194 583.53,-662 770.35,-2 654.15,0.00,32 833.73,25.93,17.96,26 935.54,5 898.19,0.12,134.75
10,N,GENERAL MERCHANDISE,14.04.2025,16,2025,468 186.82,31 428.12,-167.20,0.00,0.00,0.00,0.00,-23 295.28,0.00,0.00,476 152.46,-300 610.29,-776 762.75,0.00,0.00,30 979.34,24.80,24.80,23 295.28,7 684.06,0.11,143.08
10,N,GENERAL MERCHANDISE,21.04.2025,17,2025,476 152.46,13 414.50,-42.94,0.00,0.00,0.00,0.00,-24 606.70,0.00,0.00,464 917.32,-490 900.86,-955 818.18,0.00,0.00,32 405.58,24.07,24.07,24 606.70,7 798.89,0.11,132.26
10,N,GENERAL MERCHANDISE,28.04.2025,18,2025,464 917.32,17 386.81,-312.00,0.00,-19.50,0.00,-0.06,-25 807.13,0.00,0.00,456 165.50,-590 159.84,-1 046 325.34,0.00,0.00,34 469.73,25.13,25.07,25 826.63,8 643.10,0.12,123.73
11,X,EXPENSES,30.12.2024,1,2025,309 030.73,-24 917.15,879.67,0.00,0.00,0.00,0.00,-231.49,0.00,0.00,284 761.76,244 338.26,-40 423.50,0.00,0.00,253.52,8.69,8.69,231.49,22.03,0.00,8 610.85
11,X,EXPENSES,06.01.2025,2,2025,284 761.76,13 523.83,1 077.51,0.00,0.00,0.00,0.00,-219.34,0.00,0.00,299 143.76,253 439.67,-45 704.10,0.00,0.00,240.23,8.69,8.69,219.34,20.89,0.00,9 546.74
11,X,EXPENSES,13.01.2025,3,2025,299 143.76,12 911.98,791.87,0.00,0.00,0.00,0.00,-143.08,0.00,0.00,312 704.53,326 788.85,14 084.32,0.00,0.00,156.71,8.70,8.70,143.08,13.63,0.00,15 298.78
11,X,EXPENSES,20.01.2025,4,2025,312 704.53,11 368.58,847.08,0.00,0.00,0.00,0.00,-143.08,0.00,0.00,324 777.11,338 876.41,14 099.31,0.00,0.00,156.70,8.69,8.69,143.08,13.62,0.00,15 889.42
11,X,EXPENSES,27.01.2025,5,2025,324 777.11,12 418.94,609.24,0.00,0.00,0.00,0.00,-153.20,0.00,0.00,337 652.08,362 456.42,24 804.34,0.00,0.00,167.79,8.69,8.69,153.20,14.59,0.00,15 427.74
11,X,EXPENSES,03.02.2025,6,2025,337 652.08,13 263.53,956.98,0.00,0.00,0.00,0.00,-175.47,0.00,0.00,351 697.12,391 102.90,39 405.78,0.00,0.00,192.17,8.69,8.69,175.47,16.70,0.00,14 029.88
11,X,EXPENSES,10.02.2025,7,2025,351 697.12,19 074.01,1 232.77,0.00,0.00,0.00,0.00,-77.61,0.00,0.00,371 926.29,408 103.16,36 176.87,0.00,0.00,85.00,8.69,8.69,77.61,7.39,0.00,33 544.22
11,X,EXPENSES,17.02.2025,8,2025,371 926.29,15 553.40,1 158.75,0.00,0.00,0.00,0.00,-81.66,0.00,0.00,388 556.77,507 690.55,119 133.78,0.00,0.00,89.44,8.70,8.70,81.66,7.78,0.00,33 306.40
11,X,EXPENSES,24.02.2025,9,2025,388 556.77,17 711.42,2 752.71,0.00,0.00,0.00,0.00,-154.55,-402 000.34,-237 504.63,6 866.02,586 251.83,579 385.82,-579 385.80,0.00,169.26,8.69,-237 495.94,402 154.89,-401 985.63,0.00,310.98
11,X,EXPENSES,03.03.2025,10,2025,6 866.02,16 182.87,2 132.18,0.00,0.00,0.00,0.00,-160.63,0.00,0.00,25 020.44,21 040.26,-3 980.18,0.00,0.00,175.91,8.69,8.69,160.63,15.28,0.00,1 090.38
11,X,EXPENSES,10.03.2025,11,2025,25 020.44,22 818.44,1 216.08,0.00,0.00,0.00,0.00,-87.06,0.00,0.00,48 967.90,45 612.24,-3 355.66,0.00,0.00,95.36,8.70,8.70,87.06,8.30,0.00,3 937.14
11,X,EXPENSES,17.03.2025,12,2025,48 967.90,12 946.41,729.15,0.00,0.00,0.00,0.00,-102.58,0.00,0.00,62 540.87,58 044.22,-4 496.65,0.00,0.00,112.34,8.68,8.68,102.58,9.76,0.00,4 267.55
11,X,EXPENSES,24.03.2025,13,2025,62 540.87,22 609.10,495.57,0.00,0.00,0.00,0.00,-91.11,0.00,0.00,85 554.43,81 208.90,-4 345.53,0.00,0.00,99.78,8.69,8.69,91.11,8.67,0.00,6 573.06
11,X,EXPENSES,31.03.2025,14,2025,85 554.43,15 979.46,581.26,0.00,0.00,0.00,0.00,-80.31,0.00,0.00,102 034.84,96 565.29,-5 469.55,0.00,0.00,87.96,8.69,8.69,80.31,7.65,0.00,8 893.24
11,X,EXPENSES,07.04.2025,15,2025,102 034.84,13 670.71,1 002.71,0.00,0.00,0.00,0.00,-64.79,0.00,0.00,116 643.47,109 658.45,-6 985.02,0.00,0.00,70.96,8.69,8.69,64.79,6.17,0.00,12 602.24
11,X,EXPENSES,14.04.2025,16,2025,116 643.47,19 835.54,1 386.17,0.00,0.00,0.00,0.00,-56.69,0.00,0.00,137 808.49,268 387.85,130 579.36,0.00,0.00,62.09,8.69,8.69,56.69,5.40,0.00,17 015.91
11,X,EXPENSES,21.04.2025,17,2025,137 808.49,22 387.71,912.43,0.00,0.00,0.00,0.00,-48.59,0.00,0.00,161 060.03,430 374.94,269 314.91,0.00,0.00,53.21,8.68,8.68,48.59,4.62,0.00,23 201.38
11,X,EXPENSES,28.04.2025,18,2025,161 060.03,10 405.31,413.10,0.00,0.00,0.00,0.00,-58.72,0.00,0.00,171 819.73,500 340.48,328 520.75,0.00,0.00,64.30,8.68,8.68,58.72,5.58,0.00,20 483.89
12,Z,ADVERTISING & SWELL,30.12.2024,1,2025,3 989.71,0.00,0.00,0.00,0.00,0.00,0.00,0.00,0.00,0.00,3 989.71,3 989.76,0.05,0.00,0.00,0.00,0.00,0.00,0.00,0.00,0.00,0.00
12,Z,ADVERTISING & SWELL,06.01.2025,2,2025,3 989.71,0.00,0.00,0.00,0.00,0.00,0.00,0.00,0.00,0.00,3 989.71,3 989.76,0.05,0.00,0.00,0.00,0.00,0.00,0.00,0.00,0.00,0.00
12,Z,ADVERTISING & SWELL,13.01.2025,3,2025,3 989.71,0.00,0.00,0.00,0.00,0.00,0.00,0.00,0.00,0.00,3 989.71,3 989.76,0.05,0.00,0.00,0.00,0.00,0.00,0.00,0.00,0.00,0.00
12,Z,ADVERTISING & SWELL,20.01.2025,4,2025,3 989.71,0.00,0.00,0.00,0.00,0.00,0.00,0.00,0.00,0.00,3 989.71,3 989.76,0.05,0.00,0.00,0.00,0.00,0.00,0.00,0.00,0.00,0.00
12,Z,ADVERTISING & SWELL,27.01.2025,5,2025,3 989.71,0.00,0.00,0.00,0.00,0.00,0.00,0.00,0.00,0.00,3 989.71,3 989.76,0.05,0.00,0.00,0.00,0.00,0.00,0.00,0.00,0.00,0.00
12,Z,ADVERTISING & SWELL,03.02.2025,6,2025,3 989.71,0.00,0.00,0.00,0.00,0.00,0.00,0.00,0.00,0.00,3 989.71,3 989.76,0.05,0.00,0.00,0.00,0.00,0.00,0.00,0.00,0.00,0.00
12,Z,ADVERTISING & SWELL,10.02.2025,7,2025,3 989.71,0.00,0.00,0.00,0.00,0.00,0.00,0.00,0.00,0.00,3 989.71,3 989.76,0.05,0.00,0.00,0.00,0.00,0.00,0.00,0.00,0.00,0.00
12,Z,ADVERTISING & SWELL,17.02.2025,8,2025,3 989.71,0.00,0.00,0.00,0.00,0.00,0.00,0.00,0.00,0.00,3 989.71,3 989.76,0.05,0.00,0.00,0.00,0.00,0.00,0.00,0.00,0.00,0.00
12,Z,ADVERTISING & SWELL,24.02.2025,9,2025,3 989.71,1 994.85,0.00,0.00,0.00,0.00,0.00,0.00,-5 984.56,0.00,0.00,5 984.64,5 984.64,-5 984.64,0.00,0.00,0.00,0.00,5 984.56,-5 984.56,0.00,0.00
12,Z,ADVERTISING & SWELL,03.03.2025,10,2025,0.00,0.00,0.00,0.00,0.00,0.00,0.00,0.00,0.00,0.00,0.00,0.00,0.00,0.00,0.00,0.00,0.00,0.00,0.00,0.00,0.00,0.00
12,Z,ADVERTISING & SWELL,10.03.2025,11,2025,0.00,0.00,0.00,0.00,0.00,0.00,0.00,0.00,0.00,0.00,0.00,0.00,0.00,0.00,0.00,0.00,0.00,0.00,0.00,0.00,0.00,0.00
12,Z,ADVERTISING & SWELL,17.03.2025,12,2025,0.00,0.00,0.00,0.00,0.00,0.00,0.00,0.00,0.00,0.00,0.00,0.00,0.00,0.00,0.00,0.00,0.00,0.00,0.00,0.00,0.00,0.00
12,Z,ADVERTISING & SWELL,24.03.2025,13,2025,0.00,0.00,0.00,0.00,0.00,0.00,0.00,0.00,0.00,0.00,0.00,0.00,0.00,0.00,0.00,0.00,0.00,0.00,0.00,0.00,0.00,0.00
12,Z,ADVERTISING & SWELL,31.03.2025,14,2025,0.00,0.00,0.00,0.00,0.00,0.00,0.00,0.00,0.00,0.00,0.00,0.00,0.00,0.00,0.00,0.00,0.00,0.00,0.00,0.00,0.00,0.00
12,Z,ADVERTISING & SWELL,07.04.2025,15,2025,0.00,1 994.85,0.00,0.00,0.00,0.00,0.00,0.00,0.00,0.00,1 994.85,1 994.88,0.03,0.00,0.00,0.00,0.00,0.00,0.00,0.00,0.00,0.00
12,Z,ADVERTISING & SWELL,14.04.2025,16,2025,1 994.85,0.00,0.00,0.00,0.00,0.00,0.00,0.00,0.00,0.00,1 994.85,1 994.88,0.03,0.00,0.00,0.00,0.00,0.00,0.00,0.00,0.00,0.00
12,Z,ADVERTISING & SWELL,21.04.2025,17,2025,1 994.85,0.00,0.00,0.00,0.00,0.00,0.00,0.00,0.00,0.00,1 994.85,1 994.88,0.03,0.00,0.00,0.00,0.00,0.00,0.00,0.00,0.00,0.00
12,Z,ADVERTISING & SWELL,28.04.2025,18,2025,1 994.85,0.00,0.00,0.00,0.00,0.00,0.00,0.00,0.00,0.00,1 994.85,1 994.88,0.03,0.00,0.00,0.00,0.00,0.00,0.00,0.00,0.00,0.00
13,Q,CIGARETTES & TOBACCO,30.12.2024,1,2025,64 102.01,25 107.75,0.00,0.00,0.00,0.00,0.00,-29 859.45,9 058.39,25.95,68 408.70,59 031.78,-9 376.92,9 059.27,0.00,34 910.08,14.47,40.42,20 801.07,14 109.01,0.12,16.04
13,Q,CIGARETTES & TOBACCO,06.01.2025,2,2025,68 408.70,15 004.49,0.00,0.00,0.00,0.00,0.00,-25 341.11,0.00,0.00,58 072.08,58 036.17,-35.91,0.00,0.00,29 583.61,14.34,14.34,25 341.11,4 242.50,0.10,16.04
13,Q,CIGARETTES & TOBACCO,13.01.2025,3,2025,58 072.08,33 473.80,0.00,0.00,0.00,0.00,0.00,-22 123.06,0.00,0.00,69 422.82,69 490.53,67.71,0.00,0.00,25 872.40,14.49,14.49,22 123.06,3 749.34,0.09,21.97
13,Q,CIGARETTES & TOBACCO,20.01.2025,4,2025,69 422.82,16 841.51,0.00,0.00,0.00,0.00,0.00,-24 319.17,0.00,0.00,61 945.16,61 980.72,35.56,0.00,0.00,28 539.33,14.79,14.79,24 319.17,4 220.16,0.10,17.83
13,Q,CIGARETTES & TOBACCO,27.01.2025,5,2025,61 945.16,17 607.90,0.00,0.00,0.00,0.00,0.00,-24 013.60,-6 917.47,-24.48,48 621.99,55 559.29,6 937.30,-6 937.30,0.00,28 259.43,15.02,-9.45,30 931.07,-2 671.64,0.10,14.17
13,Q,CIGARETTES & TOBACCO,03.02.2025,6,2025,48 621.99,24 825.06,0.00,0.00,0.00,0.00,0.00,-26 320.69,0.00,0.00,47 126.37,47 094.86,-31.51,0.00,0.00,30 997.42,15.09,15.09,26 320.69,4 676.73,0.11,12.53
13,Q,CIGARETTES & TOBACCO,10.02.2025,7,2025,47 126.37,29 198.47,0.00,0.00,0.00,0.00,0.00,-27 908.00,-1 444.76,-4.43,46 972.09,48 426.28,1 454.19,-1 454.20,0.00,32 625.07,14.46,10.03,29 352.75,3 272.32,0.12,11.78
13,Q,CIGARETTES & TOBACCO,17.02.2025,8,2025,46 972.09,26 059.35,0.00,0.00,0.00,0.00,0.00,-25 901.84,-639.97,-2.11,46 489.62,47 082.30,592.67,-592.68,0.00,30 304.29,14.53,12.42,26 541.81,3 762.48,0.11,12.56
13,Q,CIGARETTES & TOBACCO,24.02.2025,9,2025,46 489.62,30 560.63,0.00,0.00,0.00,0.00,0.00,-27 015.86,293.73,0.93,50 328.12,50 034.40,-293.72,293.71,0.00,31 706.36,14.79,15.72,26 722.13,4 984.23,0.11,13.04
13,Q,CIGARETTES & TOBACCO,03.03.2025,10,2025,50 328.12,22 924.98,0.00,0.00,0.00,0.00,0.00,-28 064.44,0.00,0.00,45 188.66,45 115.20,-73.47,0.00,0.00,33 014.25,14.99,14.99,28 064.44,4 949.81,0.12,11.27
13,Q,CIGARETTES & TOBACCO,10.03.2025,11,2025,45 188.66,23 687.88,0.00,0.00,0.00,0.00,0.00,-25 629.91,-831.25,-2.78,42 415.39,43 141.68,726.30,-726.30,0.00,29 916.86,14.33,11.55,26 461.16,3 455.70,0.11,11.58
13,Q,CIGARETTES & TOBACCO,17.03.2025,12,2025,42 415.39,28 228.42,0.00,0.00,0.00,0.00,0.00,-29 089.01,1 226.61,3.60,42 781.40,42 140.73,-640.67,640.67,0.00,34 054.36,14.58,18.18,27 862.41,6 191.95,0.12,10.29
13,Q,CIGARETTES & TOBACCO,24.03.2025,13,2025,42 781.40,33 150.05,0.00,0.00,0.00,0.00,0.00,-29 610.05,0.00,0.00,46 321.40,46 649.72,328.32,0.00,0.00,34 801.47,14.92,14.92,29 610.05,5 191.42,0.12,10.95
13,Q,CIGARETTES & TOBACCO,31.03.2025,14,2025,46 321.40,23 036.44,0.00,0.00,0.00,0.00,0.00,-25 354.57,363.82,1.22,44 367.09,44 458.77,91.68,-91.68,0.00,29 867.89,15.11,16.33,24 990.75,4 877.14,0.11,12.25
13,Q,CIGARETTES & TOBACCO,07.04.2025,15,2025,44 367.09,29 090.24,-39.50,0.00,0.00,0.00,0.00,-24 774.80,2 394.84,8.28,51 037.87,48 984.66,-2 053.21,2 037.45,0.00,28 929.06,14.36,22.64,22 379.96,6 549.10,0.10,14.42
13,Q,CIGARETTES & TOBACCO,14.04.2025,16,2025,51 037.87,23 236.48,0.00,0.00,0.00,0.00,0.00,-28 247.37,0.00,0.00,46 026.98,45 979.61,-47.37,0.00,0.00,33 101.56,14.66,14.66,28 247.37,4 854.19,0.12,11.41
13,Q,CIGARETTES & TOBACCO,21.04.2025,17,2025,46 026.98,23 252.61,0.00,0.00,0.00,0.00,0.00,-28 670.21,0.00,0.00,40 609.38,40 502.33,-107.04,0.00,0.00,33 507.86,14.44,14.44,28 670.21,4 837.65,0.12,9.92
13,Q,CIGARETTES & TOBACCO,28.04.2025,18,2025,40 609.38,22 261.16,0.00,0.00,0.00,0.00,0.00,-25 030.59,0.00,0.00,37 839.95,37 683.16,-156.78,0.00,0.00,29 443.66,14.99,14.99,25 030.59,4 413.07,0.10,10.58
14,S,SWEETS & SNACKS,30.12.2024,1,2025,293 904.57,30 017.04,-54.36,0.00,0.00,0.00,0.00,-79 534.38,0.00,0.00,244 332.87,265 187.33,20 854.46,0.00,0.00,101 048.03,21.29,21.29,79 534.38,21 513.66,0.36,21.50
14,S,SWEETS & SNACKS,06.01.2025,2,2025,244 332.87,104 433.73,-98.35,0.00,0.00,0.00,0.00,-62 646.84,0.00,0.00,286 021.41,307 338.28,21 316.87,0.00,0.00,82 047.61,23.65,23.65,62 646.84,19 400.77,0.29,31.96
14,S,SWEETS & SNACKS,13.01.2025,3,2025,286 021.41,119 783.51,-21.99,0.00,-68.87,0.00,-0.09,-57 406.85,0.00,0.00,348 307.21,353 808.21,5 501.00,0.00,0.00,76 983.69,25.43,25.34,57 475.72,19 507.96,0.27,42.47
14,S,SWEETS & SNACKS,20.01.2025,4,2025,348 307.21,84 106.83,-43.98,0.00,0.00,0.00,0.00,-74 032.84,0.00,0.00,358 337.22,364 651.29,6 314.08,0.00,0.00,97 438.79,24.02,24.02,74 032.84,23 405.96,0.35,33.88
14,S,SWEETS & SNACKS,27.01.2025,5,2025,358 337.22,55 967.80,-287.59,0.00,0.00,0.00,0.00,-70 073.88,0.00,0.00,343 943.54,349 871.43,5 927.89,0.00,0.00,92 408.46,24.17,24.17,70 073.88,22 334.58,0.33,34.36
14,S,SWEETS & SNACKS,03.02.2025,6,2025,343 943.54,68 541.68,-81.06,0.00,0.00,0.00,0.00,-71 114.53,0.00,0.00,341 289.63,347 540.86,6 251.24,0.00,0.00,94 037.78,24.38,24.38,71 114.53,22 923.25,0.33,33.59
14,S,SWEETS & SNACKS,10.02.2025,7,2025,341 289.63,108 043.60,-1 408.66,0.00,-54.40,0.00,-0.05,-78 953.92,0.00,0.00,368 916.24,374 372.87,5 456.63,0.00,0.00,106 360.45,25.77,25.72,79 008.32,27 352.13,0.38,32.71
14,S,SWEETS & SNACKS,17.02.2025,8,2025,368 916.24,66 661.79,-192.14,0.00,0.00,0.00,0.00,-54 834.17,0.00,0.00,380 551.72,384 836.91,4 285.19,0.00,0.00,75 317.50,27.20,27.20,54 834.17,20 483.33,0.27,48.58
14,S,SWEETS & SNACKS,24.02.2025,9,2025,380 551.72,123 553.99,-647.24,0.00,0.00,0.00,0.00,-95 256.73,-33 327.63,-27.72,374 874.11,411 520.26,36 646.15,-36 646.22,0.00,120 236.40,20.78,-6.94,128 584.36,-8 347.95,0.43,27.55
14,S,SWEETS & SNACKS,03.03.2025,10,2025,374 874.11,38 662.88,-61.23,0.00,0.00,0.00,0.00,-81 196.13,0.00,0.00,332 279.64,331 572.54,-707.09,0.00,0.00,102 776.12,21.00,21.00,81 196.13,21 580.00,0.36,28.65
14,S,SWEETS & SNACKS,10.03.2025,11,2025,332 279.64,83 219.72,-63.99,0.00,0.00,0.00,0.00,-67 964.47,0.00,0.00,347 470.90,345 199.14,-2 271.76,0.00,0.00,92 422.99,26.46,26.46,67 964.47,24 458.52,0.33,35.79
14,S,SWEETS & SNACKS,17.03.2025,12,2025,347 470.90,49 124.52,0.00,0.00,0.00,0.00,0.00,-73 736.39,0.00,0.00,322 859.03,321 613.29,-1 245.75,0.00,0.00,98 364.46,25.04,25.04,73 736.39,24 628.07,0.35,30.65
14,S,SWEETS & SNACKS,24.03.2025,13,2025,322 859.03,71 257.14,-76.37,0.00,0.00,0.00,0.00,-100 771.58,0.00,0.00,293 268.22,289 500.21,-3 768.00,0.00,0.00,130 773.27,22.94,22.94,100 771.58,30 001.69,0.46,20.37
14,S,SWEETS & SNACKS,31.03.2025,14,2025,293 268.22,114 456.13,0.00,0.00,0.00,0.00,0.00,-83 196.68,0.00,0.00,324 527.67,311 478.58,-13 049.08,0.00,0.00,107 708.83,22.76,22.76,83 196.68,24 512.16,0.38,27.31
14,S,SWEETS & SNACKS,07.04.2025,15,2025,324 527.67,104 406.70,-19.47,0.00,0.00,0.00,0.00,-70 023.60,0.00,0.00,358 891.30,349 960.82,-8 930.48,0.00,0.00,96 745.77,27.62,27.62,70 023.60,26 722.16,0.34,35.88
14,S,SWEETS & SNACKS,14.04.2025,16,2025,358 891.30,44 162.53,-39.24,0.00,0.00,0.00,0.00,-97 111.20,0.00,0.00,305 903.39,298 143.38,-7 760.01,0.00,0.00,133 540.78,27.28,27.28,97 111.20,36 429.58,0.47,22.05
14,S,SWEETS & SNACKS,21.04.2025,17,2025,305 903.39,100 372.46,0.00,0.00,-398.79,0.00,-0.37,-88 410.79,0.00,0.00,317 831.49,311 566.89,-5 899.38,0.00,0.00,107 316.42,17.62,17.25,88 809.58,18 506.84,0.38,25.14
14,S,SWEETS & SNACKS,28.04.2025,18,2025,317 466.27,46 125.97,-90.41,0.00,0.00,0.00,0.00,-90 546.49,0.00,0.00,272 955.34,266 986.01,-5 969.33,0.00,0.00,108 018.63,16.18,16.18,90 546.49,17 472.15,0.38,21.10
15,Y,SALEABLE EXPENSE ITE,30.12.2024,1,2025,12 036.61,5 022.58,0.00,0.00,0.00,0.00,0.00,-5 335.79,0.00,0.00,11 723.40,11 602.35,-121.05,0.00,0.00,6 672.00,20.03,20.03,5 335.79,1 336.21,0.02,15.38
15,Y,SALEABLE EXPENSE ITE,06.01.2025,2,2025,11 723.40,4 188.12,0.00,0.00,0.00,0.00,0.00,-4 922.72,0.00,0.00,10 988.81,10 852.13,-136.67,0.00,0.00,6 155.49,20.03,20.03,4 922.72,1 232.77,0.02,15.63
15,Y,SALEABLE EXPENSE ITE,13.01.2025,3,2025,10 988.81,4 188.11,0.00,0.00,0.00,0.00,0.00,-4 522.16,0.00,0.00,10 654.76,10 502.48,-152.28,0.00,0.00,5 889.35,23.21,23.21,4 522.16,1 367.19,0.02,16.49
15,Y,SALEABLE EXPENSE ITE,20.01.2025,4,2025,10 654.76,4 203.87,0.00,0.00,0.00,0.00,0.00,-5 571.96,0.00,0.00,9 286.67,9 103.02,-183.65,0.00,0.00,7 257.61,23.23,23.23,5 571.96,1 685.65,0.03,11.67
15,Y,SALEABLE EXPENSE ITE,27.01.2025,5,2025,9 286.67,3 353.64,0.00,0.00,0.00,0.00,0.00,-5 621.19,0.00,0.00,7 019.12,6 911.15,-107.97,0.00,0.00,7 321.75,23.23,23.23,5 621.19,1 700.56,0.03,8.74
15,Y,SALEABLE EXPENSE ITE,03.02.2025,6,2025,7 019.12,7 541.77,0.00,0.00,0.00,0.00,0.00,-5 586.98,0.00,0.00,8 973.91,8 834.68,-139.24,0.00,0.00,7 088.39,21.18,21.18,5 586.98,1 501.41,0.03,11.24
15,Y,SALEABLE EXPENSE ITE,10.02.2025,7,2025,8 973.91,5 022.58,0.00,0.00,0.00,0.00,0.00,-5 311.59,0.00,0.00,8 684.90,8 530.08,-154.82,0.00,0.00,6 641.74,20.03,20.03,5 311.59,1 330.15,0.02,11.45
15,Y,SALEABLE EXPENSE ITE,17.02.2025,8,2025,8 684.90,6 961.47,0.00,0.00,0.00,0.00,0.00,-5 143.80,0.00,0.00,10 502.56,12 016.63,1 514.06,0.00,0.00,5 857.04,12.18,12.18,5 143.80,713.24,0.02,14.29
15,Y,SALEABLE EXPENSE ITE,24.02.2025,9,2025,10 502.56,6 033.15,0.00,0.00,0.00,0.00,0.00,-7 297.32,-4 294.09,-50.07,4 944.31,9 665.70,4 721.39,-4 721.39,0.00,8 576.14,14.91,-35.16,11 591.41,-3 015.27,0.03,4.74
15,Y,SALEABLE EXPENSE ITE,03.03.2025,10,2025,4 944.31,6 708.80,0.00,0.00,0.00,0.00,0.00,-6 378.24,0.00,0.00,5 274.87,5 258.87,-16.00,0.00,0.00,8 286.96,23.03,23.03,6 378.24,1 908.72,0.03,5.79
15,Y,SALEABLE EXPENSE ITE,10.03.2025,11,2025,5 274.87,5 887.94,0.00,0.00,0.00,0.00,0.00,-5 344.20,0.00,0.00,5 818.60,5 770.87,-47.74,0.00,0.00,6 943.48,23.03,23.03,5 344.20,1 599.28,0.02,7.62
15,Y,SALEABLE EXPENSE ITE,17.03.2025,12,2025,5 818.60,5 051.31,0.00,0.00,0.00,0.00,0.00,-5 111.63,0.00,0.00,5 758.29,5 678.84,-79.45,0.00,0.00,6 641.29,23.03,23.03,5 111.63,1 529.66,0.02,7.89
15,Y,SALEABLE EXPENSE ITE,24.03.2025,13,2025,5 758.29,6 708.80,0.00,0.00,0.00,0.00,0.00,-6 369.87,0.00,0.00,6 097.22,6 001.77,-95.45,0.00,0.00,8 276.09,23.03,23.03,6 369.87,1 906.22,0.03,6.70
15,Y,SALEABLE EXPENSE ITE,31.03.2025,14,2025,6 097.22,5 035.55,0.00,0.00,0.00,0.00,0.00,-5 338.34,0.00,0.00,5 794.42,5 683.02,-111.40,0.00,0.00,6 935.87,23.03,23.03,5 338.34,1 597.53,0.02,7.60
15,Y,SALEABLE EXPENSE ITE,07.04.2025,15,2025,5 794.42,5 872.16,0.00,0.00,0.00,0.00,0.00,-4 597.12,0.00,0.00,7 069.46,6 942.11,-127.36,0.00,0.00,5 972.84,23.03,23.03,4 597.12,1 375.72,0.02,10.76
15,Y,SALEABLE EXPENSE ITE,14.04.2025,16,2025,7 069.46,3 378.04,0.00,0.00,0.00,0.00,0.00,-5 048.88,0.00,0.00,5 398.62,5 239.63,-159.00,0.00,0.00,6 559.79,23.03,23.03,5 048.88,1 510.91,0.02,7.48
15,Y,SALEABLE EXPENSE ITE,21.04.2025,17,2025,5 398.62,6 710.85,0.00,0.00,0.00,0.00,0.00,-5 509.85,0.00,0.00,6 599.63,6 425.72,-173.91,0.00,0.00,7 158.68,23.03,23.03,5 509.85,1 648.83,0.03,8.38
15,Y,SALEABLE EXPENSE ITE,28.04.2025,18,2025,6 599.63,5 035.53,0.00,0.00,0.00,0.00,0.00,-5 328.31,0.00,0.00,6 306.85,6 117.01,-189.84,0.00,0.00,6 922.83,23.03,23.03,5 328.31,1 594.52,0.02,8.29
16,W,AIRTIME,30.12.2024,1,2025,301.89,15.76,0.00,0.00,0.00,0.00,0.00,0.00,0.00,0.00,317.65,0.00,-317.65,0.00,0.00,0.00,0.00,0.00,0.00,0.00,0.00,0.00
16,W,AIRTIME,06.01.2025,2,2025,317.65,15.76,0.00,0.00,0.00,0.00,0.00,0.00,0.00,0.00,333.41,0.00,-333.41,0.00,0.00,0.00,0.00,0.00,0.00,0.00,0.00,0.00
16,W,AIRTIME,13.01.2025,3,2025,333.41,15.76,0.00,0.00,0.00,0.00,0.00,0.00,0.00,0.00,349.17,0.00,-349.17,0.00,0.00,0.00,0.00,0.00,0.00,0.00,0.00,0.00
16,W,AIRTIME,20.01.2025,4,2025,349.17,31.52,0.00,0.00,0.00,0.00,0.00,0.00,0.00,0.00,380.69,0.00,-380.69,0.00,0.00,0.00,0.00,0.00,0.00,-0.00,0.00,0.00
16,W,AIRTIME,27.01.2025,5,2025,380.69,15.76,0.00,0.00,0.00,0.00,0.00,0.00,0.00,0.00,396.45,0.00,-396.45,0.00,0.00,0.00,0.00,0.00,0.00,0.00,0.00,0.00
16,W,AIRTIME,03.02.2025,6,2025,396.45,31.52,0.00,0.00,0.00,0.00,0.00,0.00,0.00,0.00,427.97,0.00,-427.97,0.00,0.00,0.00,0.00,0.00,0.00,-0.00,0.00,0.00
16,W,AIRTIME,10.02.2025,7,2025,427.97,15.76,0.00,0.00,0.00,0.00,0.00,0.00,0.00,0.00,443.73,0.00,-443.73,0.00,0.00,0.00,0.00,0.00,0.00,0.00,0.00,0.00
16,W,AIRTIME,17.02.2025,8,2025,443.73,47.28,0.00,0.00,0.00,0.00,0.00,0.00,0.00,0.00,491.01,0.00,-491.01,0.00,0.00,0.00,0.00,0.00,0.00,-0.00,0.00,0.00
16,W,AIRTIME,24.02.2025,9,2025,491.01,0.00,0.00,0.00,0.00,0.00,0.00,0.00,-491.01,0.00,0.00,0.00,0.00,0.00,0.00,0.00,0.00,0.00,491.01,-491.01,0.00,0.00
16,W,AIRTIME,03.03.2025,10,2025,0.00,15.76,0.00,0.00,0.00,0.00,0.00,0.00,0.00,0.00,15.76,0.00,-15.76,0.00,0.00,0.00,0.00,0.00,0.00,0.00,0.00,0.00
16,W,AIRTIME,10.03.2025,11,2025,15.76,31.52,0.00,0.00,0.00,0.00,0.00,0.00,0.00,0.00,47.28,0.00,-47.28,0.00,0.00,0.00,0.00,0.00,0.00,0.00,0.00,0.00
16,W,AIRTIME,17.03.2025,12,2025,47.28,31.52,0.00,0.00,0.00,0.00,0.00,0.00,0.00,0.00,78.80,0.00,-78.80,0.00,0.00,0.00,0.00,0.00,0.00,0.00,0.00,0.00
16,W,AIRTIME,24.03.2025,13,2025,78.80,47.28,0.00,0.00,0.00,0.00,0.00,0.00,0.00,0.00,126.08,0.00,-126.08,0.00,0.00,0.00,0.00,0.00,0.00,0.00,0.00,0.00
16,W,AIRTIME,31.03.2025,14,2025,126.08,15.76,0.00,0.00,0.00,0.00,0.00,0.00,0.00,0.00,141.84,0.00,-141.84,0.00,0.00,0.00,0.00,0.00,0.00,0.00,0.00,0.00
16,W,AIRTIME,07.04.2025,15,2025,141.84,15.76,0.00,0.00,0.00,0.00,0.00,0.00,0.00,0.00,157.60,0.00,-157.60,0.00,0.00,0.00,0.00,0.00,0.00,0.00,0.00,0.00
16,W,AIRTIME,14.04.2025,16,2025,157.60,31.52,0.00,0.00,0.00,0.00,0.00,0.00,0.00,0.00,189.12,0.00,-189.12,0.00,0.00,0.00,0.00,0.00,-0.00,0.00,0.00,0.00
16,W,AIRTIME,21.04.2025,17,2025,189.12,15.76,0.00,0.00,0.00,0.00,0.00,0.00,0.00,0.00,204.88,0.00,-204.88,0.00,0.00,0.00,0.00,0.00,0.00,0.00,0.00,0.00
16,W,AIRTIME,28.04.2025,18,2025,204.88,15.76,0.00,0.00,0.00,0.00,0.00,0.00,0.00,0.00,220.64,0.00,-220.64,0.00,0.00,0.00,0.00,0.00,0.00,0.00,0.00,0.00
17,T,EMPTY RETURNS,30.12.2024,1,2025,9 512.75,795.73,0.00,0.00,0.00,0.00,0.00,510.93,0.00,0.00,10 819.40,10 819.48,0.08,0.00,0.00,-600.00,14.85,14.85,-510.93,-89.07,-0.00,-148.23
17,T,EMPTY RETURNS,06.01.2025,2,2025,10 819.40,2 839.18,0.00,0.00,0.00,0.00,0.00,338.88,0.00,0.00,13 997.46,13 997.54,0.08,0.00,0.00,-423.92,20.06,20.06,-338.88,-85.04,-0.00,-289.14
17,T,EMPTY RETURNS,13.01.2025,3,2025,13 997.46,1 630.41,0.00,0.00,0.00,0.00,0.00,562.25,0.00,0.00,16 190.12,16 190.20,0.08,0.00,0.00,-653.47,13.96,13.96,-562.25,-91.22,-0.00,-201.57
17,T,EMPTY RETURNS,20.01.2025,4,2025,16 190.12,193.63,0.00,0.00,0.00,0.00,0.00,350.37,0.00,0.00,16 734.12,16 734.18,0.06,0.00,0.00,-408.25,14.18,14.18,-350.37,-57.88,-0.00,-334.33
17,T,EMPTY RETURNS,27.01.2025,5,2025,16 734.12,2 061.91,0.00,0.00,0.00,0.00,0.00,457.07,0.00,0.00,19 253.11,19 253.18,0.08,0.00,0.00,-545.22,16.17,16.17,-457.07,-88.15,-0.00,-294.86
17,T,EMPTY RETURNS,03.02.2025,6,2025,19 253.11,1 998.47,0.00,0.00,0.00,0.00,0.00,268.70,0.00,0.00,21 520.27,21 520.35,0.08,0.00,0.00,-324.79,17.27,17.27,-268.70,-56.09,-0.00,-560.64
17,T,EMPTY RETURNS,10.02.2025,7,2025,21 520.27,2 955.57,0.00,0.00,0.00,0.00,0.00,470.92,0.00,0.00,24 946.76,24 946.84,0.08,0.00,0.00,-573.91,17.94,17.94,-470.92,-102.99,-0.00,-370.82
17,T,EMPTY RETURNS,17.02.2025,8,2025,24 946.76,2 605.98,0.00,0.00,0.00,0.00,0.00,556.09,0.00,0.00,28 108.83,28 108.91,0.08,0.00,0.00,-661.31,15.91,15.91,-556.09,-105.22,-0.00,-353.83
17,T,EMPTY RETURNS,24.02.2025,9,2025,28 108.83,-134.01,0.00,0.00,0.00,0.00,0.00,356.55,-23 968.44,5 551.72,4 362.93,28 331.49,23 968.56,-23 968.56,0.00,-431.73,17.41,5 569.13,23 611.89,-24 043.62,-0.00,-85.66
17,T,EMPTY RETURNS,03.03.2025,10,2025,4 362.93,2 188.86,0.00,0.00,0.00,0.00,0.00,354.15,0.00,0.00,6 905.94,6 905.95,0.01,0.00,0.00,-433.05,18.22,18.22,-354.15,-78.90,-0.00,-136.50
17,T,EMPTY RETURNS,10.03.2025,11,2025,6 905.94,2 935.93,0.00,0.00,0.00,0.00,0.00,576.86,0.00,0.00,10 418.74,10 418.68,-0.06,0.00,0.00,-696.52,17.18,17.18,-576.86,-119.66,-0.00,-126.43
17,T,EMPTY RETURNS,17.03.2025,12,2025,10 418.74,1 771.98,0.00,0.00,0.00,0.00,0.00,330.17,0.00,0.00,12 520.88,12 520.83,-0.05,0.00,0.00,-399.13,17.28,17.28,-330.16,-68.97,-0.00,-265.46
17,T,EMPTY RETURNS,24.03.2025,13,2025,12 520.88,1 912.54,0.00,0.00,0.00,0.00,0.00,463.71,0.00,0.00,14 897.12,14 897.07,-0.05,0.00,0.00,-530.86,12.65,12.65,-463.71,-67.15,-0.00,-224.88
17,T,EMPTY RETURNS,31.03.2025,14,2025,14 897.12,442.08,0.00,0.00,0.00,0.00,0.00,193.18,0.00,0.00,15 532.38,15 532.33,-0.05,0.00,0.00,-233.48,17.26,17.26,-193.18,-40.30,-0.00,-562.83
17,T,EMPTY RETURNS,07.04.2025,15,2025,15 532.38,532.08,0.00,0.00,0.00,0.00,0.00,572.40,0.00,0.00,16 636.86,16 636.57,-0.28,0.00,0.00,-674.36,15.12,15.12,-572.40,-101.96,-0.00,-203.46
17,T,EMPTY RETURNS,14.04.2025,16,2025,16 636.86,-205.57,0.00,0.00,0.00,0.00,0.00,621.18,0.00,0.00,17 052.46,17 052.19,-0.27,0.00,0.00,-710.87,12.62,12.62,-621.18,-89.69,-0.00,-192.16
17,T,EMPTY RETURNS,21.04.2025,17,2025,17 052.46,1 673.08,0.00,0.00,0.00,0.00,0.00,301.80,0.00,0.00,19 027.34,19 027.07,-0.27,0.00,0.00,-375.65,19.66,19.66,-301.80,-73.85,-0.00,-441.32
17,T,EMPTY RETURNS,28.04.2025,18,2025,19 027.34,-105.07,0.00,0.00,0.00,0.00,0.00,323.78,0.00,0.00,19 246.05,19 245.79,-0.26,0.00,0.00,-371.74,12.90,12.90,-323.78,-47.96,-0.00,-416.09
18,A,HMR,30.12.2024,1,2025,46 935.55,28 676.63,20 598.13,0.00,-1 087.81,0.00,-1.91,-30 234.56,-29 861.37,-52.43,35 026.58,35 108.03,81.45,-81.45,0.00,56 950.53,46.91,-7.43,61 183.74,-4 233.21,0.20,8.11
18,A,HMR,06.01.2025,2,2025,35 026.58,25 117.33,9 598.26,0.00,-801.22,0.00,-1.36,-36 034.39,25 550.27,43.30,58 456.83,23 150.27,-35 306.56,35 306.56,0.00,59 005.84,38.93,80.87,11 285.34,47 720.50,0.21,11.36
18,A,HMR,13.01.2025,3,2025,58 456.83,32 560.68,11 121.30,0.00,-995.38,0.00,-1.63,-35 579.66,-1 249.23,-2.04,64 314.54,42 912.56,-21 401.98,21 401.98,0.00,61 185.85,41.85,38.18,37 824.27,23 361.58,0.22,12.65
18,A,HMR,20.01.2025,4,2025,64 314.54,37 535.16,2 888.02,0.00,-595.97,0.00,-0.89,-36 511.87,-10 117.97,-15.09,57 511.90,56 644.72,-867.18,867.18,0.00,67 042.14,45.54,29.56,47 225.82,19 816.32,0.24,11.03
18,A,HMR,27.01.2025,5,2025,57 511.90,28 056.01,6 157.65,0.00,-744.13,0.00,-1.05,-38 222.21,5 686.32,7.99,58 445.54,45 633.27,-12 812.27,12 812.27,0.00,71 186.54,46.31,53.25,33 280.02,37 906.52,0.25,10.70
18,A,HMR,03.02.2025,6,2025,58 445.54,43 440.40,12 601.94,0.00,0.00,0.00,0.00,-41 331.94,-18 550.76,-22.57,54 605.19,47 904.96,-6 700.23,6 700.23,0.00,82 202.37,49.72,27.15,59 882.70,22 319.67,0.29,9.25
18,A,HMR,10.02.2025,7,2025,54 605.19,41 108.54,9 797.41,0.00,-221.33,0.00,-0.31,-37 959.32,-11 679.62,-16.23,55 650.86,49 550.91,-6 099.95,6 099.95,0.00,71 951.33,47.24,30.70,49 860.27,22 091.06,0.26,10.26
18,A,HMR,17.02.2025,8,2025,55 650.86,32 038.46,10 293.58,0.00,-30.01,0.00,-0.04,-34 429.64,-11 500.72,-16.55,52 022.53,47 526.22,-4 496.31,2 655.96,0.00,69 470.32,50.44,33.84,45 960.37,23 509.95,0.25,10.58
18,A,HMR,24.02.2025,9,2025,52 022.53,48 215.21,13 915.63,0.00,-267.81,0.00,-0.27,-51 144.32,-10 356.13,-10.44,53 435.52,38 919.17,-13 465.95,12 276.65,0.00,99 179.47,48.43,37.72,61 768.25,37 411.22,0.35,7.17
18,A,HMR,03.03.2025,10,2025,52 385.12,51 877.48,12 844.32,0.00,-202.00,0.00,-0.22,-44 938.81,-21 047.89,-23.27,50 918.22,49 729.67,-1 188.56,1 188.56,0.00,90 464.68,50.32,26.83,66 188.70,24 275.98,0.32,7.93
18,A,HMR,10.03.2025,11,2025,50 918.22,33 815.73,16 109.40,0.00,-10.09,0.00,-0.01,-34 128.63,0.00,0.00,66 704.63,44 987.70,-21 716.93,0.00,0.00,69 079.84,50.60,50.58,34 138.72,34 941.12,0.25,13.68
18,A,HMR,17.03.2025,12,2025,66 704.63,32 315.96,9 735.64,0.00,-930.52,0.00,-1.49,-32 958.36,0.00,0.00,74 867.35,54 775.87,-20 091.49,0.00,0.00,62 637.29,47.38,45.90,33 888.88,28 748.41,0.22,15.90
18,A,HMR,24.03.2025,13,2025,74 867.35,35 230.80,9 792.78,0.00,0.00,0.00,0.00,-48 366.94,41 875.03,45.14,113 399.03,22 157.31,-91 241.72,91 241.72,0.00,92 763.19,47.86,93.00,6 491.91,86 271.28,0.33,16.41
18,A,HMR,31.03.2025,14,2025,113 399.03,38 151.68,19 134.81,0.00,-7.92,0.00,-0.01,-39 333.85,-64 030.78,-86.37,67 312.96,107 309.66,39 996.70,-41 111.00,0.00,74 138.67,46.95,-39.43,103 372.56,-29 233.89,0.26,11.98
18,A,HMR,07.04.2025,15,2025,67 312.96,31 180.77,15 684.30,0.00,-207.94,0.00,-0.32,-32 060.89,-21 058.25,-32.70,60 850.96,58 260.19,-2 590.77,-5 174.48,0.00,64 397.88,50.21,17.19,53 327.08,11 070.81,0.23,13.29
18,A,HMR,14.04.2025,16,2025,60 850.96,49 988.60,6 885.59,0.00,-475.34,0.00,-0.71,-34 445.05,-15 500.19,-23.16,67 304.57,63 136.75,-4 167.82,332.91,0.00,66 928.29,48.53,24.66,50 420.58,16 507.71,0.24,13.68
18,A,HMR,21.04.2025,17,2025,67 304.57,27 805.71,20 374.99,0.00,-321.34,0.00,-0.40,-39 223.03,-24 185.48,-30.25,51 755.42,46 301.27,-5 454.16,3 938.65,0.00,79 960.58,50.95,20.30,63 729.85,16 230.73,0.28,9.24
18,A,HMR,28.04.2025,18,2025,51 755.42,64 175.34,15 498.68,0.00,-655.68,0.00,-0.86,-37 996.76,-15 466.37,-20.25,77 310.64,69 951.83,-7 358.81,886.28,0.00,76 381.87,50.25,29.15,54 118.80,22 263.07,0.27,14.24
19,K,COOLDRINKS,30.12.2024,1,2025,42 645.71,73 483.54,0.00,0.00,0.00,0.00,0.00,-72 420.37,0.00,0.00,44 215.44,83 785.27,40 076.38,0.00,0.00,80 661.49,10.22,10.22,72 420.37,8 241.11,0.29,4.22
19,K,COOLDRINKS,06.01.2025,2,2025,43 708.89,62 238.78,0.00,0.00,0.00,0.00,0.00,-42 152.66,0.00,0.00,63 795.00,102 224.85,38 429.84,0.00,0.00,53 169.30,20.72,20.72,42 152.66,11 016.64,0.19,10.59
19,K,COOLDRINKS,13.01.2025,3,2025,63 795.00,44 432.62,-8.92,0.00,0.00,0.00,0.00,-44 010.94,0.00,0.00,64 207.76,100 726.71,36 518.95,0.00,0.00,57 645.02,23.65,23.65,44 010.94,13 634.07,0.20,10.21
19,K,COOLDRINKS,20.01.2025,4,2025,64 207.76,55 046.04,-41.95,0.00,0.00,0.00,0.00,-68 150.14,0.00,0.00,51 550.54,96 307.17,45 245.46,0.00,0.00,83 030.80,17.92,17.92,68 150.14,14 880.66,0.29,5.24
19,K,COOLDRINKS,27.01.2025,5,2025,51 061.71,41 942.16,-19.42,0.00,0.00,0.00,0.00,-49 783.97,0.00,0.00,43 200.48,87 256.51,44 056.03,0.00,0.00,60 924.38,18.29,18.29,49 783.97,11 140.41,0.22,6.07
19,K,COOLDRINKS,03.02.2025,6,2025,43 200.48,42 807.24,-10.17,0.00,0.00,0.00,0.00,-51 043.43,0.00,0.00,34 954.13,79 526.31,44 572.19,0.00,0.00,64 618.59,21.01,21.01,51 043.43,13 575.16,0.23,4.79
19,K,COOLDRINKS,10.02.2025,7,2025,34 954.13,65 751.83,-27.22,0.00,-10.19,0.00,-0.01,-64 777.07,0.00,0.00,35 891.48,89 200.22,53 308.74,0.00,0.00,78 775.16,17.77,17.76,64 787.26,13 987.90,0.28,3.88
19,K,COOLDRINKS,17.02.2025,8,2025,35 891.48,62 000.22,-61.37,0.00,0.00,0.00,0.00,-36 156.78,0.00,0.00,61 673.55,109 293.57,47 620.02,0.00,0.00,47 930.80,24.56,24.56,36 156.78,11 774.01,0.17,11.94
19,K,COOLDRINKS,24.02.2025,9,2025,61 673.55,49 812.31,-33.19,0.00,0.00,0.00,0.00,-53 547.78,24 705.54,39.45,93 275.07,120 208.90,37 598.47,-38 059.40,0.00,62 622.98,14.49,53.94,28 842.24,33 780.74,0.22,10.80
19,K,COOLDRINKS,03.03.2025,10,2025,82 610.43,48 756.50,-536.12,0.00,0.00,0.00,0.00,-63 239.99,0.00,0.00,67 590.82,68 085.11,494.29,0.00,0.00,76 602.39,17.44,17.44,63 239.99,13 362.40,0.27,7.48
19,K,COOLDRINKS,10.03.2025,11,2025,67 590.82,63 734.49,0.00,0.00,-32.09,0.00,-0.06,-40 653.61,0.00,0.00,90 804.39,92 204.81,1 565.20,0.00,0.00,50 041.34,18.76,18.70,40 685.70,9 355.64,0.18,15.61
19,K,COOLDRINKS,17.03.2025,12,2025,90 639.61,42 599.18,-64.74,0.00,0.00,0.00,0.00,-42 601.62,0.00,0.00,90 572.44,84 555.24,-6 017.20,0.00,0.00,54 835.70,22.31,22.31,42 601.62,12 234.09,0.19,14.88
19,K,COOLDRINKS,24.03.2025,13,2025,90 572.44,34 537.16,0.00,0.00,0.00,0.00,0.00,-54 657.56,0.00,0.00,70 452.04,64 866.86,-5 585.18,0.00,0.00,66 299.57,17.56,17.56,54 657.56,11 642.01,0.24,9.02
19,K,COOLDRINKS,31.03.2025,14,2025,70 452.04,55 107.85,0.00,0.00,0.00,0.00,0.00,-44 996.56,0.00,0.00,80 563.33,82 461.25,1 897.93,0.00,0.00,52 886.24,14.92,14.92,44 996.56,7 889.67,0.19,12.53
19,K,COOLDRINKS,07.04.2025,15,2025,80 563.33,43 802.92,-6.54,0.00,0.00,0.00,0.00,-32 276.69,0.00,0.00,92 083.02,94 148.63,2 065.61,0.00,0.00,39 269.86,17.81,17.81,32 276.69,6 993.18,0.14,19.97
19,K,COOLDRINKS,14.04.2025,16,2025,92 083.02,36 581.64,-8.83,0.00,0.00,0.00,0.00,-37 497.02,0.00,0.00,91 158.82,93 033.02,1 874.20,0.00,0.00,45 089.05,16.84,16.84,37 497.02,7 592.03,0.16,17.02
19,K,COOLDRINKS,21.04.2025,17,2025,91 158.82,28 907.86,0.00,0.00,0.00,0.00,0.00,-49 846.69,0.00,0.00,70 219.99,72 396.61,2 176.61,0.00,0.00,57 117.90,12.73,12.73,49 846.69,7 271.21,0.20,9.86
19,K,COOLDRINKS,28.04.2025,18,2025,70 219.99,29 119.06,-13.59,0.00,0.00,0.00,0.00,-45 172.34,0.00,0.00,55 455.22,59 349.14,5 196.02,0.00,0.00,53 733.70,15.93,15.93,45 172.34,8 561.36,0.19,8.39
20,U,SUSHI,30.12.2024,1,2025,0.00,0.00,0.00,0.00,0.00,0.00,0.00,0.00,0.00,0.00,0.00,0.00,0.00,0.00,0.00,0.00,0.00,0.00,0.00,0.00,0.00,0.00
20,U,SUSHI,06.01.2025,2,2025,0.00,0.00,0.00,0.00,0.00,0.00,0.00,0.00,0.00,0.00,0.00,0.00,0.00,0.00,0.00,0.00,0.00,0.00,0.00,0.00,0.00,0.00
20,U,SUSHI,13.01.2025,3,2025,0.00,0.00,0.00,0.00,0.00,0.00,0.00,0.00,0.00,0.00,0.00,0.00,0.00,0.00,0.00,0.00,0.00,0.00,0.00,0.00,0.00,0.00
20,U,SUSHI,20.01.2025,4,2025,0.00,0.00,0.00,0.00,0.00,0.00,0.00,0.00,0.00,0.00,0.00,0.00,0.00,0.00,0.00,0.00,0.00,0.00,0.00,0.00,0.00,0.00
20,U,SUSHI,27.01.2025,5,2025,0.00,0.00,0.00,0.00,0.00,0.00,0.00,0.00,0.00,0.00,0.00,0.00,0.00,0.00,0.00,0.00,0.00,0.00,0.00,0.00,0.00,0.00
20,U,SUSHI,03.02.2025,6,2025,0.00,0.00,0.00,0.00,0.00,0.00,0.00,0.00,0.00,0.00,0.00,0.00,0.00,0.00,0.00,0.00,0.00,0.00,0.00,0.00,0.00,0.00
20,U,SUSHI,10.02.2025,7,2025,0.00,0.00,0.00,0.00,0.00,0.00,0.00,0.00,0.00,0.00,0.00,0.00,0.00,0.00,0.00,0.00,0.00,0.00,0.00,0.00,0.00,0.00
20,U,SUSHI,17.02.2025,8,2025,0.00,0.00,0.00,0.00,0.00,0.00,0.00,0.00,0.00,0.00,0.00,0.00,0.00,0.00,0.00,0.00,0.00,0.00,0.00,0.00,0.00,0.00
20,U,SUSHI,24.02.2025,9,2025,0.00,0.00,0.00,0.00,0.00,0.00,0.00,0.00,0.00,0.00,0.00,0.00,0.00,0.00,0.00,0.00,0.00,0.00,0.00,0.00,0.00,0.00
20,U,SUSHI,03.03.2025,10,2025,0.00,0.00,0.00,0.00,0.00,0.00,0.00,0.00,0.00,0.00,0.00,0.00,0.00,0.00,0.00,0.00,0.00,0.00,0.00,0.00,0.00,0.00
20,U,SUSHI,10.03.2025,11,2025,0.00,0.00,0.00,0.00,0.00,0.00,0.00,0.00,0.00,0.00,0.00,0.00,0.00,0.00,0.00,0.00,0.00,0.00,0.00,0.00,0.00,0.00
20,U,SUSHI,17.03.2025,12,2025,0.00,0.00,0.00,0.00,0.00,0.00,0.00,0.00,0.00,0.00,0.00,0.00,0.00,0.00,0.00,0.00,0.00,0.00,0.00,0.00,0.00,0.00
20,U,SUSHI,24.03.2025,13,2025,0.00,0.00,0.00,0.00,0.00,0.00,0.00,0.00,0.00,0.00,0.00,0.00,0.00,0.00,0.00,0.00,0.00,0.00,0.00,0.00,0.00,0.00
20,U,SUSHI,31.03.2025,14,2025,0.00,0.00,0.00,0.00,0.00,0.00,0.00,0.00,0.00,0.00,0.00,0.00,0.00,0.00,0.00,0.00,0.00,0.00,0.00,0.00,0.00,0.00
20,U,SUSHI,07.04.2025,15,2025,0.00,0.00,0.00,0.00,0.00,0.00,0.00,0.00,0.00,0.00,0.00,0.00,0.00,0.00,0.00,0.00,0.00,0.00,0.00,0.00,0.00,0.00
20,U,SUSHI,14.04.2025,16,2025,0.00,0.00,0.00,0.00,0.00,0.00,0.00,0.00,0.00,0.00,0.00,0.00,0.00,0.00,0.00,0.00,0.00,0.00,0.00,0.00,0.00,0.00
20,U,SUSHI,21.04.2025,17,2025,0.00,0.00,0.00,0.00,0.00,0.00,0.00,0.00,0.00,0.00,0.00,0.00,0.00,0.00,0.00,0.00,0.00,0.00,0.00,0.00,0.00,0.00
20,U,SUSHI,28.04.2025,18,2025,0.00,0.00,0.00,0.00,0.00,0.00,0.00,0.00,0.00,0.00,0.00,0.00,0.00,0.00,0.00,0.00,0.00,0.00,0.00,0.00,0.00,0.00
21,ECOM,SPAR RETAIL VAS - COMM PRODUCT,30.12.2024,1,2025,-5 150.00,0.00,0.00,0.00,0.00,0.00,0.00,0.00,0.00,0.00,-5 150.00,0.00,5 150.00,0.00,0.00,0.00,0.00,0.00,0.00,0.00,0.00,0.00
21,ECOM,SPAR RETAIL VAS - COMM PRODUCT,06.01.2025,2,2025,-5 150.00,0.00,0.00,0.00,0.00,0.00,0.00,0.00,0.00,0.00,-5 150.00,0.00,5 150.00,0.00,0.00,0.00,0.00,0.00,0.00,0.00,0.00,0.00
21,ECOM,SPAR RETAIL VAS - COMM PRODUCT,13.01.2025,3,2025,-5 150.00,0.00,0.00,0.00,0.00,0.00,0.00,-99.00,0.00,0.00,-5 249.00,0.00,5 249.00,0.00,0.00,99.00,0.00,0.00,99.00,0.00,0.00,-371.14
21,ECOM,SPAR RETAIL VAS - COMM PRODUCT,20.01.2025,4,2025,-5 249.00,0.00,0.00,0.00,0.00,0.00,0.00,0.00,0.00,0.00,-5 249.00,0.00,5 249.00,0.00,0.00,0.00,0.00,0.00,0.00,0.00,0.00,0.00
21,ECOM,SPAR RETAIL VAS - COMM PRODUCT,27.01.2025,5,2025,-5 249.00,0.00,0.00,0.00,0.00,0.00,0.00,-300.00,0.00,0.00,-5 549.00,0.00,5 549.00,0.00,0.00,300.00,0.00,0.00,300.00,0.00,0.00,-129.48
21,ECOM,SPAR RETAIL VAS - COMM PRODUCT,03.02.2025,6,2025,-5 549.00,0.00,0.00,0.00,0.00,0.00,0.00,-250.00,0.00,0.00,-5 799.00,0.00,5 799.00,0.00,0.00,250.00,0.00,0.00,250.00,0.00,0.00,-162.37
21,ECOM,SPAR RETAIL VAS - COMM PRODUCT,10.02.2025,7,2025,-5 799.00,0.00,0.00,0.00,0.00,0.00,0.00,0.00,0.00,0.00,-5 799.00,0.00,5 799.00,0.00,0.00,0.00,0.00,0.00,0.00,0.00,0.00,0.00
21,ECOM,SPAR RETAIL VAS - COMM PRODUCT,17.02.2025,8,2025,-5 799.00,0.00,0.00,0.00,0.00,0.00,0.00,-349.00,0.00,0.00,-6 148.00,0.00,6 148.00,0.00,0.00,349.00,0.00,0.00,349.00,0.00,0.00,-123.31
21,ECOM,SPAR RETAIL VAS - COMM PRODUCT,24.02.2025,9,2025,-6 148.00,0.00,0.00,0.00,0.00,0.00,0.00,-350.00,6 498.00,1 856.57,0.00,0.00,0.00,0.00,0.00,350.00,0.00,1 856.57,-6 148.00,6 498.00,0.00,0.00
21,ECOM,SPAR RETAIL VAS - COMM PRODUCT,03.03.2025,10,2025,0.00,0.00,0.00,0.00,0.00,0.00,0.00,0.00,0.00,0.00,0.00,0.00,0.00,0.00,0.00,0.00,0.00,0.00,0.00,0.00,0.00,0.00
21,ECOM,SPAR RETAIL VAS - COMM PRODUCT,10.03.2025,11,2025,0.00,0.00,0.00,0.00,0.00,0.00,0.00,0.00,0.00,0.00,0.00,0.00,0.00,0.00,0.00,0.00,0.00,0.00,0.00,0.00,0.00,0.00
21,ECOM,SPAR RETAIL VAS - COMM PRODUCT,17.03.2025,12,2025,0.00,0.00,0.00,0.00,0.00,0.00,0.00,0.00,0.00,0.00,0.00,0.00,0.00,0.00,0.00,0.00,0.00,0.00,0.00,0.00,0.00,0.00
21,ECOM,SPAR RETAIL VAS - COMM PRODUCT,24.03.2025,13,2025,0.00,0.00,0.00,0.00,0.00,0.00,0.00,-250.00,0.00,0.00,-250.00,0.00,250.00,0.00,0.00,250.00,0.00,0.00,250.00,0.00,0.00,-7.00
21,ECOM,SPAR RETAIL VAS - COMM PRODUCT,31.03.2025,14,2025,-250.00,0.00,0.00,0.00,0.00,0.00,0.00,0.00,0.00,0.00,-250.00,0.00,250.00,0.00,0.00,0.00,0.00,0.00,0.00,0.00,0.00,0.00
21,ECOM,SPAR RETAIL VAS - COMM PRODUCT,07.04.2025,15,2025,-250.00,0.00,0.00,0.00,0.00,0.00,0.00,0.00,0.00,0.00,-250.00,0.00,250.00,0.00,0.00,0.00,0.00,0.00,0.00,0.00,0.00,0.00
21,ECOM,SPAR RETAIL VAS - COMM PRODUCT,14.04.2025,16,2025,-250.00,0.00,0.00,0.00,0.00,0.00,0.00,0.00,0.00,0.00,-250.00,0.00,250.00,0.00,0.00,0.00,0.00,0.00,0.00,0.00,0.00,0.00
21,ECOM,SPAR RETAIL VAS - COMM PRODUCT,21.04.2025,17,2025,-250.00,0.00,0.00,0.00,0.00,0.00,0.00,0.00,0.00,0.00,-250.00,0.00,250.00,0.00,0.00,0.00,0.00,0.00,0.00,0.00,0.00,0.00
21,ECOM,SPAR RETAIL VAS - COMM PRODUCT,28.04.2025,18,2025,-250.00,0.00,0.00,0.00,0.00,0.00,0.00,0.00,0.00,0.00,-250.00,0.00,250.00,0.00,0.00,0.00,0.00,0.00,0.00,0.00,0.00,0.00
22,ECOM,SPAR RETAIL VAS - MARGIN BASED,30.12.2024,1,2025,0.00,0.00,0.00,0.00,0.00,0.00,0.00,0.00,0.00,0.00,0.00,0.00,0.00,0.00,0.00,0.00,0.00,0.00,0.00,0.00,0.00,0.00
22,ECOM,SPAR RETAIL VAS - MARGIN BASED,06.01.2025,2,2025,0.00,0.00,0.00,0.00,0.00,0.00,0.00,0.00,0.00,0.00,0.00,0.00,0.00,0.00,0.00,0.00,0.00,0.00,0.00,0.00,0.00,0.00
22,ECOM,SPAR RETAIL VAS - MARGIN BASED,13.01.2025,3,2025,0.00,0.00,0.00,0.00,0.00,0.00,0.00,0.00,0.00,0.00,0.00,0.00,0.00,0.00,0.00,0.00,0.00,0.00,0.00,0.00,0.00,0.00
22,ECOM,SPAR RETAIL VAS - MARGIN BASED,20.01.2025,4,2025,0.00,0.00,0.00,0.00,0.00,0.00,0.00,0.00,0.00,0.00,0.00,0.00,0.00,0.00,0.00,0.00,0.00,0.00,0.00,0.00,0.00,0.00
22,ECOM,SPAR RETAIL VAS - MARGIN BASED,27.01.2025,5,2025,0.00,0.00,0.00,0.00,0.00,0.00,0.00,0.00,0.00,0.00,0.00,0.00,0.00,0.00,0.00,0.00,0.00,0.00,0.00,0.00,0.00,0.00
22,ECOM,SPAR RETAIL VAS - MARGIN BASED,03.02.2025,6,2025,0.00,0.00,0.00,0.00,0.00,0.00,0.00,0.00,0.00,0.00,0.00,0.00,0.00,0.00,0.00,0.00,0.00,0.00,0.00,0.00,0.00,0.00
22,ECOM,SPAR RETAIL VAS - MARGIN BASED,10.02.2025,7,2025,0.00,0.00,0.00,0.00,0.00,0.00,0.00,0.00,0.00,0.00,0.00,0.00,0.00,0.00,0.00,0.00,0.00,0.00,0.00,0.00,0.00,0.00
22,ECOM,SPAR RETAIL VAS - MARGIN BASED,17.02.2025,8,2025,0.00,0.00,0.00,0.00,0.00,0.00,0.00,0.00,0.00,0.00,0.00,0.00,0.00,0.00,0.00,0.00,0.00,0.00,0.00,0.00,0.00,0.00
22,ECOM,SPAR RETAIL VAS - MARGIN BASED,24.02.2025,9,2025,0.00,0.00,0.00,0.00,0.00,0.00,0.00,0.00,0.00,0.00,0.00,0.00,0.00,0.00,0.00,0.00,0.00,0.00,0.00,0.00,0.00,0.00
22,ECOM,SPAR RETAIL VAS - MARGIN BASED,03.03.2025,10,2025,0.00,0.00,0.00,0.00,0.00,0.00,0.00,0.00,0.00,0.00,0.00,0.00,0.00,0.00,0.00,0.00,0.00,0.00,0.00,0.00,0.00,0.00
22,ECOM,SPAR RETAIL VAS - MARGIN BASED,10.03.2025,11,2025,0.00,0.00,0.00,0.00,0.00,0.00,0.00,0.00,0.00,0.00,0.00,0.00,0.00,0.00,0.00,0.00,0.00,0.00,0.00,0.00,0.00,0.00
22,ECOM,SPAR RETAIL VAS - MARGIN BASED,17.03.2025,12,2025,0.00,0.00,0.00,0.00,0.00,0.00,0.00,0.00,0.00,0.00,0.00,0.00,0.00,0.00,0.00,0.00,0.00,0.00,0.00,0.00,0.00,0.00
22,ECOM,SPAR RETAIL VAS - MARGIN BASED,24.03.2025,13,2025,0.00,0.00,0.00,0.00,0.00,0.00,0.00,0.00,0.00,0.00,0.00,0.00,0.00,0.00,0.00,0.00,0.00,0.00,0.00,0.00,0.00,0.00
22,ECOM,SPAR RETAIL VAS - MARGIN BASED,31.03.2025,14,2025,0.00,0.00,0.00,0.00,0.00,0.00,0.00,0.00,0.00,0.00,0.00,0.00,0.00,0.00,0.00,0.00,0.00,0.00,0.00,0.00,0.00,0.00
22,ECOM,SPAR RETAIL VAS - MARGIN BASED,07.04.2025,15,2025,0.00,0.00,0.00,0.00,0.00,0.00,0.00,0.00,0.00,0.00,0.00,0.00,0.00,0.00,0.00,0.00,0.00,0.00,0.00,0.00,0.00,0.00
22,ECOM,SPAR RETAIL VAS - MARGIN BASED,14.04.2025,16,2025,0.00,0.00,0.00,0.00,0.00,0.00,0.00,0.00,0.00,0.00,0.00,0.00,0.00,0.00,0.00,0.00,0.00,0.00,0.00,0.00,0.00,0.00
22,ECOM,SPAR RETAIL VAS - MARGIN BASED,21.04.2025,17,2025,0.00,0.00,0.00,0.00,0.00,0.00,0.00,0.00,0.00,0.00,0.00,0.00,0.00,0.00,0.00,0.00,0.00,0.00,0.00,0.00,0.00,0.00
22,ECOM,SPAR RETAIL VAS - MARGIN BASED,28.04.2025,18,2025,0.00,0.00,0.00,0.00,0.00,0.00,0.00,0.00,0.00,0.00,0.00,0.00,0.00,0.00,0.00,0.00,0.00,0.00,0.00,0.00,0.00,0.00
23,S,STATIONARY,30.12.2024,1,2025,532 257.17,98.85,-415.50,0.00,0.00,0.00,0.00,-32 115.49,0.00,0.00,499 825.02,621 596.08,121 771.05,0.00,0.00,48 969.10,34.42,34.42,32 115.49,16 853.61,0.17,108.94
23,S,STATIONARY,06.01.2025,2,2025,499 825.02,3 634.38,-696.19,0.00,0.00,0.00,0.00,-77 419.90,0.00,0.00,425 343.32,542 275.07,116 931.75,0.00,0.00,110 847.97,30.16,30.16,77 419.90,33 428.08,0.39,38.46
23,S,STATIONARY,13.01.2025,3,2025,425 343.32,13 924.96,-345.24,0.00,0.00,0.00,0.00,-47 258.33,0.00,0.00,391 664.71,505 858.00,114 193.30,0.00,0.00,58 594.00,19.35,19.35,47 258.33,11 335.67,0.21,58.01
23,S,STATIONARY,20.01.2025,4,2025,391 664.71,1 326.23,-418.61,0.00,0.00,0.00,0.00,-12 360.74,0.00,0.00,380 211.58,493 557.35,113 345.77,0.00,0.00,14 601.22,15.34,15.34,12 360.74,2 240.48,0.05,215.32
23,S,STATIONARY,27.01.2025,5,2025,380 211.58,-56 702.75,-120.34,0.00,0.00,0.00,0.00,-10 502.42,0.00,0.00,312 886.07,428 187.57,115 301.50,0.00,0.00,11 620.44,9.62,9.62,10 502.42,1 118.02,0.04,208.54
23,S,STATIONARY,03.02.2025,6,2025,312 886.07,902.14,-663.51,0.00,0.00,0.00,0.00,-9 196.97,0.00,0.00,303 927.73,418 494.23,114 566.50,0.00,0.00,10 326.66,10.94,10.94,9 196.97,1 129.69,0.04,231.33
23,S,STATIONARY,10.02.2025,7,2025,303 927.73,-44 546.91,-322.93,0.00,0.00,0.00,0.00,-14 226.48,0.00,0.00,244 831.41,354 642.91,109 811.49,0.00,0.00,18 110.54,21.45,21.45,14 226.48,3 884.06,0.06,120.47
23,S,STATIONARY,17.02.2025,8,2025,244 831.41,-5 498.08,-463.25,0.00,0.00,0.00,0.00,-5 297.61,0.00,0.00,233 572.47,355 011.16,121 438.69,0.00,0.00,5 746.96,7.82,7.82,5 297.61,449.35,0.02,308.63
23,S,STATIONARY,24.02.2025,9,2025,233 572.47,-14 063.07,-472.82,0.00,0.00,0.00,0.00,-6 978.14,-49 826.89,-575.39,162 231.55,334 309.22,172 077.67,-172 077.62,0.00,8 659.74,19.42,-555.97,56 805.03,-48 145.29,0.03,162.74
23,S,STATIONARY,03.03.2025,10,2025,162 231.55,467.82,-510.58,0.00,0.00,0.00,0.00,-6 619.76,0.00,0.00,155 569.03,155 806.17,237.14,0.00,0.00,9 482.94,30.19,30.19,6 619.76,2 863.18,0.03,164.50
23,S,STATIONARY,10.03.2025,11,2025,155 569.03,5 061.47,-859.92,0.00,0.00,0.00,0.00,-5 246.72,0.00,0.00,154 523.86,154 748.95,225.10,0.00,0.00,7 603.92,31.00,31.00,5 246.72,2 357.19,0.03,206.16
23,S,STATIONARY,17.03.2025,12,2025,154 523.86,168.96,-65.81,0.00,0.00,0.00,0.00,-4 042.99,0.00,0.00,150 584.02,150 801.29,217.27,0.00,0.00,5 574.72,27.48,27.48,4 042.99,1 531.73,0.02,260.72
23,S,STATIONARY,24.03.2025,13,2025,150 584.02,754.03,-95.59,0.00,0.00,0.00,0.00,-4 315.64,0.00,0.00,146 926.82,145 861.18,-1 065.65,0.00,0.00,5 970.68,27.72,27.72,4 315.64,1 655.04,0.02,238.32
23,S,STATIONARY,31.03.2025,14,2025,146 926.82,277.29,-327.54,0.00,0.00,0.00,0.00,-4 338.15,0.00,0.00,142 538.43,141 472.77,-1 065.65,0.00,0.00,5 923.41,26.76,26.76,4 338.15,1 585.27,0.02,230.00
23,S,STATIONARY,07.04.2025,15,2025,142 538.43,3 266.73,-410.76,0.00,0.00,0.00,0.00,-5 564.83,0.00,0.00,139 829.57,138 941.89,-887.68,0.00,0.00,7 501.58,25.82,25.82,5 564.83,1 936.75,0.03,175.89
23,S,STATIONARY,14.04.2025,16,2025,139 829.57,11 275.63,-240.30,0.00,0.00,0.00,0.00,-4 107.53,0.00,0.00,146 757.37,145 749.94,-1 007.43,0.00,0.00,5 809.81,29.30,29.30,4 107.53,1 702.28,0.02,250.10
23,S,STATIONARY,21.04.2025,17,2025,146 757.37,4 402.81,-119.21,0.00,0.00,0.00,0.00,-3 658.78,0.00,0.00,147 382.19,146 299.73,-1 082.46,0.00,0.00,5 249.43,30.30,30.30,3 658.78,1 590.65,0.02,281.97
23,S,STATIONARY,28.04.2025,18,2025,147 382.19,0.00,-288.92,0.00,0.00,0.00,0.00,-3 442.94,0.00,0.00,143 650.33,142 567.87,-1 082.46,0.00,0.00,4 721.56,27.08,27.08,3 442.94,1 278.62,0.02,292.06
24,CH,CHICKEN,30.12.2024,1,2025,36 414.88,25 376.82,-10 449.94,0.00,0.00,0.00,0.00,-31 253.80,-19 797.39,-50.09,290.57,5 381.67,5 091.10,-14 473.30,0.00,39 522.65,20.92,-29.17,51 051.19,-11 528.54,0.14,0.07
24,CH,CHICKEN,06.01.2025,2,2025,290.57,43 285.96,-3 346.90,0.00,0.00,0.00,0.00,-33 989.57,-2 455.49,-5.84,3 784.57,5 094.11,1 309.55,-1 309.55,0.00,42 015.36,19.10,13.26,36 445.06,5 570.30,0.15,0.78
24,CH,CHICKEN,13.01.2025,3,2025,3 784.57,33 666.97,-3 292.93,0.00,0.00,0.00,0.00,-28 138.09,-197.54,-0.56,5 822.98,4 471.56,-1 351.42,1 351.42,0.00,35 105.88,19.85,19.29,28 335.63,6 770.25,0.12,1.45
24,CH,CHICKEN,20.01.2025,4,2025,5 822.98,42 587.46,-6 968.36,0.00,0.00,0.00,0.00,-35 012.67,-2 256.32,-5.20,4 173.09,4 544.28,371.19,24.69,0.00,43 398.42,19.32,14.12,37 268.99,6 129.43,0.15,0.83
24,CH,CHICKEN,27.01.2025,5,2025,4 173.09,38 360.13,-2 402.06,0.00,0.00,0.00,0.00,-33 882.76,-1 929.42,-4.63,4 318.98,6 233.63,1 914.65,-1 914.65,0.00,41 712.05,18.77,14.14,35 812.18,5 899.87,0.15,0.89
24,CH,CHICKEN,03.02.2025,6,2025,4 318.98,51 691.12,-6 606.54,0.00,0.00,0.00,0.00,-35 341.92,-5 731.98,-13.17,8 329.66,13 933.45,5 603.79,-5 603.79,0.00,43 515.73,18.78,5.61,41 073.91,2 441.82,0.15,1.65
24,CH,CHICKEN,10.02.2025,7,2025,8 329.66,47 192.52,-2 164.30,0.00,0.00,0.00,0.00,-30 481.53,-14 772.75,-38.63,8 103.60,23 168.58,15 064.98,-15 064.98,0.00,38 239.19,20.29,-18.35,45 254.28,-7 015.09,0.14,1.86
24,CH,CHICKEN,17.02.2025,8,2025,8 103.60,31 068.49,-6 636.76,0.00,0.00,0.00,0.00,-25 672.40,-2 016.39,-6.20,4 846.54,6 941.71,2 095.17,-2 095.17,0.00,32 523.61,21.07,14.87,27 688.79,4 834.82,0.12,1.32
24,CH,CHICKEN,24.02.2025,9,2025,4 846.54,47 432.70,-5 615.95,0.00,0.00,0.00,0.00,-38 803.91,-4 639.12,-9.79,3 220.26,9 598.28,6 378.02,-6 378.02,0.00,47 370.68,18.08,8.29,43 443.03,3 927.65,0.17,0.58
24,CH,CHICKEN,03.03.2025,10,2025,3 220.26,63 104.19,-5 041.93,0.00,0.00,0.00,0.00,-35 222.27,-15 163.79,-34.85,10 896.46,27 792.69,16 896.23,-14 500.42,0.00,43 513.22,19.05,-15.79,50 386.06,-6 872.84,0.15,2.17
24,CH,CHICKEN,10.03.2025,11,2025,10 896.46,45 114.78,-7 480.82,0.00,0.00,0.00,0.00,-28 358.06,-6 914.42,-19.31,13 257.93,23 403.13,10 145.20,-6 689.59,0.00,35 813.57,20.82,1.51,35 272.49,541.08,0.13,3.27
24,CH,CHICKEN,17.03.2025,12,2025,13 257.93,37 484.89,-6 490.65,0.00,0.00,0.00,0.00,-26 959.80,-5 898.94,-16.86,11 393.43,17 987.62,6 594.19,-4 752.99,0.00,34 978.03,22.92,6.06,32 858.74,2 119.29,0.12,2.96
24,CH,CHICKEN,24.03.2025,13,2025,11 393.43,58 899.33,-4 175.18,0.00,0.00,0.00,0.00,-36 153.88,-11 776.34,-24.66,18 187.35,30 059.43,11 872.09,-11 872.09,0.00,47 756.91,24.30,-0.36,47 930.23,-173.32,0.17,3.52
24,CH,CHICKEN,31.03.2025,14,2025,18 187.35,46 016.83,-20 337.25,0.00,0.00,0.00,0.00,-35 416.98,1 318.90,3.06,9 768.84,18 113.80,8 344.95,924.83,0.00,43 141.49,17.91,20.96,34 098.08,9 043.41,0.15,1.93
24,CH,CHICKEN,07.04.2025,15,2025,9 768.84,40 081.52,-7 559.11,0.00,0.00,0.00,0.00,-30 951.47,883.46,2.28,12 223.24,13 514.98,1 291.74,713.28,0.00,38 684.10,19.99,22.27,30 068.01,8 616.09,0.14,2.76
24,CH,CHICKEN,14.04.2025,16,2025,12 223.24,50 630.60,-4 138.08,0.00,0.00,0.00,0.00,-28 610.31,-10 142.70,-28.06,19 962.75,30 163.75,10 201.00,-10 201.00,0.00,36 150.16,20.86,-7.20,38 753.02,-2 602.86,0.13,4.88
24,CH,CHICKEN,21.04.2025,17,2025,19 962.75,38 019.72,-12 640.14,0.00,0.00,0.00,0.00,-38 184.74,-1 912.36,-4.25,5 245.24,3 990.84,-1 254.40,1 356.84,0.00,45 023.83,15.19,10.94,40 097.09,4 926.74,0.16,0.96
24,CH,CHICKEN,28.04.2025,18,2025,5 245.24,69 386.85,-10 529.50,0.00,0.00,0.00,0.00,-44 799.58,-4 524.98,-8.61,14 778.03,14 917.48,139.45,-139.45,0.00,52 546.60,14.74,6.13,49 324.56,3 222.03,0.19,2.31
95,SM,SPAR MOBILE,24.02.2025,1,2025,0.00,0.00,0.00,0.00,0.00,0.00,0.00,0.00,0.00,0.00,0.00,0.00,0.00,0.00,0.00,0.00,0.00,0.00,0.00,0.00,0.00,0.00
95,SM,SPAR MOBILE,03.03.2025,2,2025,0.00,0.00,0.00,0.00,0.00,0.00,0.00,0.00,0.00,0.00,0.00,0.00,0.00,0.00,0.00,0.00,0.00,0.00,0.00,0.00,0.00,0.00
95,SM,SPAR MOBILE,10.03.2025,3,2025,0.00,0.00,0.00,0.00,0.00,0.00,0.00,0.00,0.00,0.00,0.00,0.00,0.00,0.00,0.00,0.00,0.00,0.00,0.00,0.00,0.00,0.00
95,SM,SPAR MOBILE,17.03.2025,4,2025,0.00,21 902.10,0.00,0.00,0.00,0.00,0.00,0.00,0.00,0.00,21 902.10,21 902.20,0.10,0.00,0.00,0.00,0.00,0.00,0.00,0.00,0.00,0.00
95,SM,SPAR MOBILE,24.03.2025,5,2025,21 902.10,0.00,0.00,0.00,0.00,0.00,0.00,-21.90,0.00,0.00,21 880.20,21 880.30,0.10,0.00,0.00,26.08,16.02,16.02,21.90,4.18,0.00,6 992.97
95,SM,SPAR MOBILE,31.03.2025,6,2025,21 880.20,0.00,0.00,0.00,0.00,0.00,0.00,-57.20,0.00,0.00,21 822.99,21 823.09,0.10,0.00,0.00,63.48,9.89,9.89,57.20,6.28,0.00,2 670.49
95,SM,SPAR MOBILE,07.04.2025,7,2025,21 822.99,0.00,0.00,0.00,0.00,0.00,0.00,-21.90,0.00,0.00,21 801.09,21 801.19,0.10,0.00,0.00,26.09,16.05,16.05,21.90,4.19,0.00,6 967.69
95,SM,SPAR MOBILE,14.04.2025,8,2025,21 801.09,0.00,0.00,0.00,0.00,0.00,0.00,-15.65,0.00,0.00,21 785.44,21 785.54,0.10,0.00,0.00,15.65,0.00,-0.00,15.65,-0.00,0.00,9 744.29
95,SM,SPAR MOBILE,21.04.2025,9,2025,21 785.44,0.00,0.00,0.00,0.00,0.00,0.00,-15.65,0.00,0.00,21 769.79,21 769.89,0.10,0.00,0.00,15.65,0.00,-0.00,15.65,-0.00,0.00,9 737.29
95,SM,SPAR MOBILE,28.04.2025,10,2025,21 769.79,0.00,0.00,0.00,0.00,0.00,0.00,-21.90,0.00,0.00,21 747.89,21 747.99,0.10,0.00,0.00,26.08,16.02,16.02,21.90,4.18,0.00,6 950.68
96,SPAR2U,SPAR2U,30.12.2024,11,2025,-18 870.64,0.00,0.00,0.00,0.00,0.00,0.00,-2 031.37,0.00,0.00,-20 902.01,0.00,20 902.01,0.00,0.00,2 455.65,17.28,17.28,2 031.37,424.28,0.01,-72.03
96,SPAR2U,SPAR2U,06.01.2025,12,2025,-20 902.01,0.00,0.00,0.00,0.00,0.00,0.00,-1 860.22,0.00,0.00,-22 762.23,0.00,22 762.23,0.00,0.00,2 178.25,14.60,14.60,1 860.22,318.03,0.01,-85.65
96,SPAR2U,SPAR2U,13.01.2025,13,2025,-22 762.23,0.00,0.00,0.00,0.00,0.00,0.00,-1 790.36,0.00,0.00,-24 552.59,0.00,24 552.59,0.00,0.00,2 022.61,11.48,11.48,1 790.36,232.25,0.01,-96.00
96,SPAR2U,SPAR2U,20.01.2025,14,2025,-24 552.59,0.00,0.00,0.00,0.00,0.00,0.00,-1 928.08,0.00,0.00,-26 480.67,0.00,26 480.67,0.00,0.00,2 254.35,14.47,14.47,1 928.08,326.27,0.01,-96.14
96,SPAR2U,SPAR2U,27.01.2025,15,2025,-26 480.67,0.00,0.00,0.00,0.00,0.00,0.00,-2 616.68,0.00,0.00,-29 097.35,0.00,29 097.35,0.00,0.00,3 123.04,16.21,16.21,2 616.68,506.36,0.01,-77.84
96,SPAR2U,SPAR2U,03.02.2025,16,2025,-29 097.35,0.00,0.00,0.00,0.00,0.00,0.00,-1 446.06,0.00,0.00,-30 543.41,0.00,30 543.41,0.00,0.00,1 618.26,10.64,10.64,1 446.06,172.20,0.01,-147.85
96,SPAR2U,SPAR2U,10.02.2025,17,2025,-30 543.41,0.00,0.00,0.00,0.00,0.00,0.00,-1 996.94,0.00,0.00,-32 540.35,0.00,32 540.35,0.00,0.00,2 175.22,8.20,8.20,1 996.94,178.28,0.01,-114.07
96,SPAR2U,SPAR2U,17.02.2025,18,2025,-32 540.35,0.00,0.00,0.00,0.00,0.00,0.00,-1 446.06,0.00,0.00,-33 986.41,0.00,33 986.41,0.00,0.00,1 608.26,10.09,10.09,1 446.06,162.20,0.01,-164.52
96,SPAR2U,SPAR2U,24.02.2025,1,2025,-33 986.41,0.00,0.00,0.00,0.00,0.00,0.00,-2 306.81,36 293.22,1 380.43,0.00,0.00,0.00,0.00,0.00,2 629.13,12.26,1 392.69,-33 986.41,36 615.54,0.01,0.00
96,SPAR2U,SPAR2U,03.03.2025,2,2025,0.00,0.00,0.00,0.00,0.00,0.00,0.00,-2 272.38,0.00,0.00,-2 272.38,0.00,2 272.38,0.00,0.00,2 518.70,9.78,9.78,2 272.38,246.32,0.01,-7.00
96,SPAR2U,SPAR2U,10.03.2025,3,2025,-2 272.38,0.00,0.00,0.00,0.00,0.00,0.00,-2 272.38,0.00,0.00,-4 544.76,0.00,4 544.76,0.00,0.00,2 408.70,5.66,5.66,2 272.38,136.32,0.01,-14.00
96,SPAR2U,SPAR2U,17.03.2025,4,2025,-4 544.76,0.00,0.00,0.00,0.00,0.00,0.00,-2 065.80,0.00,0.00,-6 610.56,0.00,6 610.56,0.00,0.00,2 156.09,4.19,4.19,2 065.80,90.29,0.01,-22.40
96,SPAR2U,SPAR2U,24.03.2025,5,2025,-6 610.56,0.00,0.00,0.00,0.00,0.00,0.00,-2 410.10,0.00,0.00,-9 020.66,0.00,9 020.66,0.00,0.00,2 610.43,7.67,7.67,2 410.10,200.33,0.01,-26.20
96,SPAR2U,SPAR2U,31.03.2025,6,2025,-9 020.66,0.00,0.00,0.00,0.00,0.00,0.00,-1 893.65,0.00,0.00,-10 914.31,0.00,10 914.31,0.00,0.00,1 993.91,5.03,5.03,1 893.65,100.26,0.01,-40.35
96,SPAR2U,SPAR2U,07.04.2025,7,2025,-10 914.31,0.00,0.00,0.00,0.00,0.00,0.00,-1 755.93,0.00,0.00,-12 670.24,0.00,12 670.24,0.00,0.00,1 862.17,5.71,5.71,1 755.93,106.24,0.01,-50.51
96,SPAR2U,SPAR2U,14.04.2025,8,2025,-12 670.24,0.00,0.00,0.00,0.00,0.00,0.00,-1 549.35,0.00,0.00,-14 219.59,0.00,14 219.59,0.00,0.00,1 639.57,5.50,5.50,1 549.35,90.22,0.01,-64.24
96,SPAR2U,SPAR2U,21.04.2025,9,2025,-14 219.59,0.00,0.00,0.00,0.00,0.00,0.00,-1 032.90,0.00,0.00,-15 252.49,0.00,15 252.49,0.00,0.00,1 233.04,16.23,16.23,1 032.90,200.14,0.00,-103.37
96,SPAR2U,SPAR2U,28.04.2025,10,2025,-15 252.49,0.00,0.00,0.00,0.00,0.00,0.00,-1 721.50,0.00,0.00,-16 973.99,0.00,16 973.99,0.00,0.00,1 821.74,5.50,5.50,1 721.50,100.24,0.01,-69.02
97,ECOM,SPAR Retail VAS,30.12.2024,11,2025,-222 359.50,0.00,0.00,0.00,0.00,0.00,0.00,-17 112.00,0.00,0.00,-239 471.50,0.00,239 471.50,0.00,0.00,17 112.00,0.00,0.00,17 112.00,0.00,0.06,-97.96
97,ECOM,SPAR Retail VAS,06.01.2025,12,2025,-239 471.50,0.00,0.00,0.00,0.00,0.00,0.00,-18 423.50,0.00,0.00,-257 895.00,0.00,257 895.00,0.00,0.00,18 423.50,0.00,0.00,18 423.50,0.00,0.07,-97.99
97,ECOM,SPAR Retail VAS,13.01.2025,13,2025,-257 895.00,0.00,0.00,0.00,0.00,0.00,0.00,-16 736.00,0.00,0.00,-274 631.00,0.00,274 631.00,0.00,0.00,16 736.00,0.00,0.00,16 736.00,0.00,0.06,-114.87
97,ECOM,SPAR Retail VAS,20.01.2025,14,2025,-274 631.00,0.00,0.00,0.00,0.00,0.00,0.00,-16 815.00,0.00,0.00,-291 446.00,0.00,291 446.00,0.00,0.00,16 815.00,0.00,0.00,16 815.00,0.00,0.06,-121.33
97,ECOM,SPAR Retail VAS,27.01.2025,15,2025,-291 446.00,0.00,0.00,0.00,0.00,0.00,0.00,-18 962.50,0.00,0.00,-310 408.50,0.00,310 408.50,0.00,0.00,18 962.50,0.00,0.00,18 962.50,0.00,0.07,-114.59
97,ECOM,SPAR Retail VAS,03.02.2025,16,2025,-310 408.50,0.00,0.00,0.00,0.00,0.00,0.00,-19 991.00,0.00,0.00,-330 399.50,0.00,330 399.50,0.00,0.00,19 991.00,0.00,0.00,19 991.00,0.00,0.07,-115.69
97,ECOM,SPAR Retail VAS,10.02.2025,17,2025,-330 399.50,0.00,0.00,0.00,0.00,0.00,0.00,-19 881.00,0.00,0.00,-350 280.50,0.00,350 280.50,0.00,0.00,19 881.00,0.00,0.00,19 881.00,0.00,0.07,-123.33
97,ECOM,SPAR Retail VAS,17.02.2025,18,2025,-350 280.50,0.00,0.00,0.00,0.00,0.00,0.00,-16 577.00,0.00,0.00,-366 857.50,0.00,366 857.50,0.00,0.00,16 577.00,0.00,0.00,16 577.00,0.00,0.06,-154.91
97,ECOM,SPAR Retail VAS,24.02.2025,1,2025,-366 857.50,0.00,0.00,0.00,0.00,0.00,0.00,-22 952.50,389 810.00,1 698.33,0.00,0.00,0.00,0.00,0.00,22 952.50,0.00,1 698.33,-366 857.50,389 810.00,0.08,0.00
97,ECOM,SPAR Retail VAS,03.03.2025,2,2025,0.00,0.00,0.00,0.00,0.00,0.00,0.00,-21 466.50,0.00,0.00,-21 466.50,0.00,21 466.50,0.00,0.00,21 466.50,0.00,0.00,21 466.50,0.00,0.08,-7.00
97,ECOM,SPAR Retail VAS,10.03.2025,3,2025,-21 466.50,0.00,0.00,0.00,0.00,0.00,0.00,-18 655.00,0.00,0.00,-40 121.50,0.00,40 121.50,0.00,0.00,18 655.00,0.00,0.00,18 655.00,0.00,0.07,-15.05
97,ECOM,SPAR Retail VAS,17.03.2025,4,2025,-40 121.50,0.00,0.00,0.00,0.00,0.00,0.00,-19 289.00,0.00,0.00,-59 410.50,0.00,59 410.50,0.00,0.00,19 289.00,0.00,0.00,19 289.00,0.00,0.07,-21.56
97,ECOM,SPAR Retail VAS,24.03.2025,5,2025,-59 410.50,0.00,0.00,0.00,0.00,0.00,0.00,-21 425.00,0.00,0.00,-80 835.50,0.00,80 835.50,0.00,0.00,21 425.00,0.00,0.00,21 425.00,0.00,0.08,-26.41
97,ECOM,SPAR Retail VAS,31.03.2025,6,2025,-80 835.50,0.00,0.00,0.00,0.00,0.00,0.00,-22 940.50,0.00,0.00,-103 776.00,0.00,103 776.00,0.00,0.00,22 940.50,0.00,0.00,22 940.50,0.00,0.08,-31.67
97,ECOM,SPAR Retail VAS,07.04.2025,7,2025,-103 776.00,0.00,0.00,0.00,0.00,0.00,0.00,-18 334.00,0.00,0.00,-122 110.00,0.00,122 110.00,0.00,0.00,18 334.00,0.00,0.00,18 334.00,0.00,0.07,-46.62
97,ECOM,SPAR Retail VAS,14.04.2025,8,2025,-122 110.00,0.00,0.00,0.00,0.00,0.00,0.00,-18 112.00,0.00,0.00,-140 222.00,0.00,140 222.00,0.00,0.00,18 112.00,0.00,0.00,18 112.00,0.00,0.06,-54.19
97,ECOM,SPAR Retail VAS,21.04.2025,9,2025,-140 222.00,0.00,0.00,0.00,0.00,0.00,0.00,-19 622.00,0.00,0.00,-159 844.00,0.00,159 844.00,0.00,0.00,19 622.00,0.00,0.00,19 622.00,0.00,0.07,-57.02
97,ECOM,SPAR Retail VAS,28.04.2025,10,2025,-159 844.00,0.00,0.00,0.00,0.00,0.00,0.00,-20 102.50,0.00,0.00,-179 946.50,0.00,179 946.50,0.00,0.00,20 102.50,0.00,0.00,20 102.50,0.00,0.07,-62.66
