;;;Totals; ; ; ; ;01/03/22; ; ; ; ;01/04/22; ; ; ; ;01/05/22; ; ; ; ;01/06/22; ; ; ; ;01/07/22; ; ; ; ;01/08/22; ; ; ; ;01/09/22; ; ; ; ;01/10/22; ; ; ; ;01/11/22; ; ; ; ;01/12/22; ; ; ; ;01/01/23; ; ; ; ;01/02/23; ; ; ; ;01/03/23; ; ; ; ;01/04/23; ; ; ; ;01/05/23; ; ; ; ;01/06/23; ; ; ; ;01/07/23; ; ; ; ;01/08/23; ; ; ; ;01/09/23; ; ; ; ;01/10/23; ; ; ; ;01/11/23; ; ; ; ;01/12/23; ; ; ; ;01/01/24; ; ; ; ;01/02/24; ; ; ; ;01/03/24; ; ; ; ;01/04/24; ; ; ; ;01/05/24; ; ; ; ;01/06/24; ; ; ; ;01/07/24; ; ; ; ;01/08/24; ; ; ; ;01/09/24; ; ; ; ;01/10/24; ; ; ; ;01/11/24; ; ; ; ;01/12/24; ; ; ; ;01/01/25; ; ; ; ;01/02/25; ; ; ; ;01/03/25; ; ; ; ;01/04/25; ; ; ; ;01/05/25; ; ; ; ;01/06/25; ; ; ; ;01/07/25; ; ; ; ;01/08/25; ; ; ; ;01/09/25; ; ; ; ;01/10/25; ; ; ; ;01/11/25; ; ; ; ;01/12/25; ; ; ; ;01/01/26; ; ; ; ;01/02/26; ; ; ; ;01/03/26; ; ; ; 
Product Code;Product Description;Department;Sales incl. VAT;Sales Quantity;Gross Profit;GP Ratio (%);GP %;Sales incl. VAT;Sales Quantity;Gross Profit;GP Ratio (%);GP %;Sales incl. VAT;Sales Quantity;Gross Profit;GP Ratio (%);GP %;Sales incl. VAT;Sales Quantity;Gross Profit;GP Ratio (%);GP %;Sales incl. VAT;Sales Quantity;Gross Profit;GP Ratio (%);GP %;Sales incl. VAT;Sales Quantity;Gross Profit;GP Ratio (%);GP %;Sales incl. VAT;Sales Quantity;Gross Profit;GP Ratio (%);GP %;Sales incl. VAT;Sales Quantity;Gross Profit;GP Ratio (%);GP %;Sales incl. VAT;Sales Quantity;Gross Profit;GP Ratio (%);GP %;Sales incl. VAT;Sales Quantity;Gross Profit;GP Ratio (%);GP %;Sales incl. VAT;Sales Quantity;Gross Profit;GP Ratio (%);GP %;Sales incl. VAT;Sales Quantity;Gross Profit;GP Ratio (%);GP %;Sales incl. VAT;Sales Quantity;Gross Profit;GP Ratio (%);GP %;Sales incl. VAT;Sales Quantity;Gross Profit;GP Ratio (%);GP %;Sales incl. VAT;Sales Quantity;Gross Profit;GP Ratio (%);GP %;Sales incl. VAT;Sales Quantity;Gross Profit;GP Ratio (%);GP %;Sales incl. VAT;Sales Quantity;Gross Profit;GP Ratio (%);GP %;Sales incl. VAT;Sales Quantity;Gross Profit;GP Ratio (%);GP %;Sales incl. VAT;Sales Quantity;Gross Profit;GP Ratio (%);GP %;Sales incl. VAT;Sales Quantity;Gross Profit;GP Ratio (%);GP %;Sales incl. VAT;Sales Quantity;Gross Profit;GP Ratio (%);GP %;Sales incl. VAT;Sales Quantity;Gross Profit;GP Ratio (%);GP %;Sales incl. VAT;Sales Quantity;Gross Profit;GP Ratio (%);GP %;Sales incl. VAT;Sales Quantity;Gross Profit;GP Ratio (%);GP %;Sales incl. VAT;Sales Quantity;Gross Profit;GP Ratio (%);GP %;Sales incl. VAT;Sales Quantity;Gross Profit;GP Ratio (%);GP %;Sales incl. VAT;Sales Quantity;Gross Profit;GP Ratio (%);GP %;Sales incl. VAT;Sales Quantity;Gross Profit;GP Ratio (%);GP %;Sales incl. VAT;Sales Quantity;Gross Profit;GP Ratio (%);GP %;Sales incl. VAT;Sales Quantity;Gross Profit;GP Ratio (%);GP %;Sales incl. VAT;Sales Quantity;Gross Profit;GP Ratio (%);GP %;Sales incl. VAT;Sales Quantity;Gross Profit;GP Ratio (%);GP %;Sales incl. VAT;Sales Quantity;Gross Profit;GP Ratio (%);GP %;Sales incl. VAT;Sales Quantity;Gross Profit;GP Ratio (%);GP %;Sales incl. VAT;Sales Quantity;Gross Profit;GP Ratio (%);GP %;Sales incl. VAT;Sales Quantity;Gross Profit;GP Ratio (%);GP %;Sales incl. VAT;Sales Quantity;Gross Profit;GP Ratio (%);GP %;Sales incl. VAT;Sales Quantity;Gross Profit;GP Ratio (%);GP %;Sales incl. VAT;Sales Quantity;Gross Profit;GP Ratio (%);GP %;Sales incl. VAT;Sales Quantity;Gross Profit;GP Ratio (%);GP %;Sales incl. VAT;Sales Quantity;Gross Profit;GP Ratio (%);GP %;Sales incl. VAT;Sales Quantity;Gross Profit;GP Ratio (%);GP %;Sales incl. VAT;Sales Quantity;Gross Profit;GP Ratio (%);GP %;Sales incl. VAT;Sales Quantity;Gross Profit;GP Ratio (%);GP %;Sales incl. VAT;Sales Quantity;Gross Profit;GP Ratio (%);GP %;Sales incl. VAT;Sales Quantity;Gross Profit;GP Ratio (%);GP %;Sales incl. VAT;Sales Quantity;Gross Profit;GP Ratio (%);GP %;Sales incl. VAT;Sales Quantity;Gross Profit;GP Ratio (%);GP %;Sales incl. VAT;Sales Quantity;Gross Profit;GP Ratio (%);GP %;Sales incl. VAT;Sales Quantity;Gross Profit;GP Ratio (%);GP %
3308;SPAR SQUILLOS MARSHMALLOW;14;43533.77;2 171;11239.38;0.44;29.69;1504.29;111;301.66;0.61;23.06;790.87;53;202.92;0.34;29.51;669.98;42;195.83;0.41;33.61;627.68;32;177.05;0.44;32.44;477.76;24;133.13;0.27;32.04;119.94;6;33.72;0.07;32.33;747.57;43;157.77;0.33;24.27;577.71;29;161.22;0.32;32.09;753.62;38;208.32;0.49;31.79;1257.29;61;347.00;0.61;31.74;331.84;16;91.29;0.19;31.64;299.85;15;80.41;0.17;30.84;757.62;38;201.97;0.34;30.66;707.63;37;208.39;0.34;33.87;2244.97;113;581.02;1.10;29.76;1828.08;92;471.34;0.95;29.65;1272.36;64;332.30;0.64;30.03;1875.06;94;493.53;0.98;30.27;1733.13;87;454.78;0.81;30.18;1152.42;58;300.58;0.51;29.99;758.62;38;200.05;0.36;30.33;3011.39;189;344.11;0.52;13.14;1556.22;78;409.80;0.74;30.28;1077.46;54;283.78;0.51;30.29;1313.34;66;343.74;0.45;30.10;1056.47;53;277.62;0.47;30.22;1257.37;63;331.36;0.65;30.31;1695.15;85;445.94;0.86;30.25;1662.26;74;463.65;0.94;32.08;1474.41;59;433.80;0.74;33.84;947.12;38;277.22;0.49;33.66;968.36;39;281.31;0.51;33.41;399.84;16;117.64;0.28;33.84;1524.39;61;448.50;0.83;33.84;795.93;32;232.02;0.45;33.52;249.90;10;73.53;0.14;33.84;324.87;13;95.58;0.15;33.84;622.25;25;181.64;0.31;33.57;547.28;22;159.58;0.36;33.53;574.77;23;169.11;0.35;33.84;567.27;23;159.82;0.38;32.40;497.30;20;131.05;0.27;30.31;373.60;15;98.83;0.25;30.42;349.86;14;93.26;0.21;30.65;124.95;5;33.31;0.08;30.65;73.72;3;18.90;0.04;29.48;0.00;0;0.00;0.00;0.00;0.00;0;0.00;0.00;0.00;0.00;0;0.00;0.00;0.00
6873;SPAR POPCORN;14;34546.57;2 063;8623.33;0.34;28.71;909.30;70;244.50;0.49;30.92;934.63;72;250.92;0.42;30.87;596.24;46;159.54;0.33;30.77;971.65;75;259.70;0.65;30.74;714.45;55;192.11;0.39;30.92;997.14;86;170.46;0.36;19.66;620.80;45;150.04;0.32;27.79;524.65;35;145.94;0.29;31.99;254.08;17;70.23;0.17;31.79;1002.08;67;277.41;0.49;31.84;1082.82;68;295.56;0.61;31.39;966.59;51;258.80;0.54;30.79;1133.41;64;294.17;0.49;29.85;1102.51;69;270.31;0.44;28.19;959.40;60;235.65;0.45;28.25;686.77;43;168.19;0.34;28.16;1007.37;63;250.54;0.48;28.60;614.83;37;142.40;0.28;26.64;576.81;34;130.16;0.23;25.95;713.58;42;161.70;0.27;26.06;712.73;42;160.96;0.29;25.97;348.10;20;79.91;0.12;26.40;56.97;3;14.18;0.03;28.63;303.84;16;75.65;0.14;28.63;151.92;8;37.83;0.05;28.63;474.75;25;118.21;0.20;28.63;569.70;30;141.85;0.28;28.63;891.58;47;221.40;0.43;28.56;740.61;39;184.40;0.37;28.63;816.57;43;203.31;0.35;28.63;606.73;32;150.48;0.26;28.52;264.91;14;65.37;0.12;28.38;491.84;26;121.28;0.28;28.36;436.77;23;108.75;0.20;28.63;682.69;36;169.39;0.33;28.53;683.64;36;170.22;0.32;28.63;797.58;42;198.59;0.31;28.63;568.75;30;141.02;0.24;28.51;586.79;31;144.92;0.33;28.40;549.76;29;136.29;0.28;28.51;417.78;22;104.02;0.24;28.63;493.74;26;122.93;0.25;28.63;663.70;35;164.66;0.41;28.53;645.66;34;160.76;0.36;28.63;968.49;51;241.14;0.55;28.63;1671.12;88;416.09;0.80;28.63;759.60;40;189.13;0.39;28.63;777.64;41;193.03;0.45;28.55;1043.50;55;259.23;0.49;28.57
16899;BEACON MINI LIQUOR ALSORT;14;29412.86;1 870;8141.98;0.32;31.83;0.00;0;0.00;0.00;0.00;259.80;20;73.40;0.12;32.49;363.07;28;99.14;0.21;31.40;324.10;25;83.84;0.21;29.75;609.88;47;171.13;0.35;32.27;545.58;42;154.77;0.33;32.62;531.94;41;150.13;0.32;32.46;584.55;45;164.39;0.33;32.34;441.66;34;118.73;0.28;30.91;571.56;44;148.05;0.26;29.79;635.21;49;163.75;0.34;29.65;662.49;51;171.61;0.36;29.79;435.05;30;112.10;0.19;29.63;359.76;24;92.70;0.15;29.63;14.99;1;3.86;0.01;29.60;359.01;24;91.95;0.18;29.45;776.48;52;198.03;0.38;29.33;239.84;16;70.14;0.14;33.63;419.72;28;122.74;0.22;33.63;899.40;60;231.45;0.39;29.59;580.63;37;146.67;0.26;29.05;527.67;33;154.41;0.23;33.65;604.83;38;163.49;0.30;31.08;1192.29;71;327.47;0.59;31.59;1069.52;63;293.56;0.38;31.56;1274.25;75;350.36;0.59;31.62;1153.62;68;316.18;0.62;31.52;967.58;57;265.53;0.51;31.56;0.00;0;0.00;0.00;0.00;781.54;46;214.89;0.37;31.62;831.66;49;228.67;0.40;31.62;1409.32;83;386.99;0.71;31.58;662.61;39;192.29;0.45;33.37;609.09;36;165.95;0.31;31.33;610.79;36;181.89;0.36;34.25;1066.12;63;298.12;0.56;32.16;541.98;32;148.01;0.23;31.40;627.78;37;172.10;0.29;31.53;423.90;25;126.28;0.28;34.26;458.73;27;143.02;0.29;35.86;118.93;7;36.77;0.09;35.56;406.06;24;110.64;0.23;31.33;879.23;52;272.26;0.68;35.61;916.61;54;285.83;0.64;35.86;439.19;26;127.50;0.29;33.39;594.65;35;163.50;0.31;31.62;628.63;37;172.84;0.36;31.62;594.65;35;163.50;0.38;31.62;406.91;24;111.37;0.21;31.48
16922;MAYNARDS WINE GUM ROLLS;14;61070.77;5 053;16111.64;0.63;30.34;1507.49;151;382.71;0.77;29.20;797.20;80;201.48;0.34;29.06;39.96;4;10.16;0.02;29.24;9.99;1;2.23;0.01;25.70;0.00;0;0.00;0.00;0.00;0.00;0;0.00;0.00;0.00;699.30;70;160.81;0.34;26.44;657.84;66;148.77;0.30;26.01;759.24;76;169.69;0.40;25.70;549.45;55;122.80;0.22;25.70;1128.37;113;251.87;0.52;25.67;1037.96;104;231.34;0.48;25.63;1370.67;133;311.36;0.52;26.12;1131.42;103;288.19;0.46;29.29;1196.26;109;301.54;0.57;28.99;845.68;77;213.55;0.43;29.04;813.26;74;205.69;0.39;29.09;395.09;36;99.59;0.20;28.99;1053.39;96;265.41;0.47;28.98;1120.98;102;283.52;0.48;29.09;1022.56;89;252.35;0.45;28.38;1531.72;128;408.03;0.61;30.63;1413.02;118;374.14;0.68;30.45;1625.24;136;403.73;0.73;28.57;2011.32;168;488.08;0.64;27.91;1765.76;144;454.68;0.77;29.61;1179.49;91;342.66;0.67;33.41;1169.10;90;320.32;0.62;31.51;259.15;20;66.39;0.13;29.46;1181.44;91;304.06;0.52;29.60;1597.12;123;411.82;0.72;29.65;1699.09;131;436.27;0.80;29.53;1589.97;123;404.97;0.95;29.29;1104.15;85;284.54;0.53;29.64;1960.19;151;504.35;0.99;29.59;2182.32;168;562.39;1.05;29.64;1700.39;131;437.64;0.69;29.60;2266.75;175;580.17;0.98;29.43;1076.87;83;281.55;0.63;30.07;1726.37;133;448.42;0.92;29.87;1480.86;114;381.62;0.90;29.64;2675.29;206;764.98;1.56;32.88;2038.13;157;620.60;1.55;35.02;2373.92;183;721.86;1.60;34.97;1541.91;119;465.78;1.07;34.74;2256.36;174;677.98;1.30;34.55;2312.22;178;697.04;1.45;34.67;1177.54;91;352.69;0.81;34.44;38.97;3;11.82;0.02;34.89
16927;JUNGLE E/BAR BERRIES;14;27537.70;2 089;6676.49;0.26;27.88;0.00;0;0.00;0.00;0.00;329.70;30;90.80;0.15;31.67;564.96;49;157.18;0.33;32.00;83.93;7;22.64;0.06;31.03;215.82;18;58.44;0.12;31.14;155.87;13;42.77;0.09;31.56;707.41;59;198.32;0.42;32.24;622.88;52;184.37;0.37;34.04;107.91;9;93.83;0.22;100.00;407.66;34;90.42;0.16;25.51;1090.49;91;241.48;0.50;25.47;659.45;55;146.27;0.31;25.51;981.20;80;232.66;0.39;27.27;1156.11;89;314.85;0.51;31.32;909.30;70;247.03;0.47;31.24;350.73;27;95.28;0.19;31.24;818.37;63;222.32;0.43;31.24;480.63;37;130.57;0.26;31.24;545.58;42;148.22;0.26;31.24;647.53;47;198.03;0.34;35.17;741.47;53;214.64;0.39;33.29;811.42;58;244.12;0.37;34.60;1086.68;84;259.90;0.47;27.50;1118.50;80;287.58;0.52;29.57;1091.22;78;274.73;0.36;28.95;1105.21;79;278.26;0.47;28.95;586.88;42;147.32;0.29;28.87;643.54;46;144.26;0.28;25.78;181.87;13;40.02;0.08;25.30;1314.71;108;236.13;0.40;20.65;785.46;57;174.77;0.31;25.59;754.76;54;165.62;0.30;25.23;699.50;50;153.91;0.36;25.30;684.81;49;174.99;0.32;29.39;124.51;9;32.68;0.06;30.18;89.94;6;19.78;0.04;25.29;359.76;24;79.20;0.12;25.32;74.95;5;20.17;0.03;30.95;374.75;25;87.86;0.20;26.96;377.88;30;53.56;0.11;16.30;419.72;28;93.03;0.22;25.49;457.04;34;81.07;0.17;20.40;456.82;35;56.38;0.14;14.19;374.75;25;94.28;0.21;28.93;419.72;28;114.47;0.26;31.36;14.99;1;3.30;0.01;25.29;675.74;52;82.66;0.17;14.07;329.78;22;72.51;0.17;25.29;545.79;42;73.79;0.14;15.55
16928;JUNGLE E/BAR YOGHURT;14;30917.09;2 366;7594.76;0.30;28.25;450.59;41;123.92;0.25;31.63;384.65;35;100.66;0.17;30.09;0.00;0;0.00;0.00;0.00;443.63;37;119.69;0.30;31.03;1127.06;94;305.22;0.62;31.14;538.35;45;149.62;0.32;31.96;1127.06;94;315.21;0.67;32.16;1175.02;98;260.62;0.52;25.51;623.48;52;138.29;0.33;25.51;203.83;17;60.74;0.11;34.27;922.63;77;204.25;0.42;25.46;1019.15;85;226.05;0.47;25.51;1144.08;92;282.72;0.47;28.42;1130.13;87;309.19;0.50;31.46;1117.14;86;303.49;0.57;31.24;441.66;34;119.98;0.24;31.24;675.48;52;183.51;0.35;31.24;779.40;60;211.74;0.42;31.24;415.68;32;112.93;0.20;31.24;1351.29;101;388.42;0.66;33.06;335.76;24;136.63;0.25;46.80;475.66;34;148.01;0.22;35.78;1187.28;90;302.88;0.55;29.34;1579.47;113;406.31;0.73;29.58;1133.19;81;285.30;0.37;28.95;825.41;59;207.81;0.35;28.95;545.61;39;137.37;0.27;28.95;598.77;43;133.04;0.26;25.55;655.43;47;142.85;0.29;25.06;884.16;71;172.51;0.29;22.44;441.72;33;90.43;0.16;23.54;1216.43;87;267.20;0.49;25.26;545.61;39;120.05;0.28;25.30;460.97;33;114.73;0.21;28.62;83.94;6;22.60;0.04;30.96;119.92;8;26.37;0.05;25.29;329.78;22;72.51;0.11;25.29;239.84;16;63.81;0.11;30.59;194.87;13;48.30;0.11;28.51;433.85;34;67.25;0.14;17.83;314.79;21;69.22;0.16;25.29;462.75;33;97.25;0.20;24.17;361.92;30;24.08;0.06;7.65;509.66;34;138.99;0.31;31.36;689.54;46;188.05;0.43;31.36;389.74;26;104.89;0.20;30.95;396.97;35;5.07;0.01;1.47;224.85;15;49.44;0.11;25.29;208.89;15;35.56;0.07;19.58
16930;BEACON ALLSORTS LIQUORICE;14;43360.24;1 602;10304.69;0.40;27.33;766.48;32;187.30;0.38;28.10;887.63;37;233.59;0.39;30.26;837.26;34;238.25;0.50;32.72;599.76;24;145.95;0.37;27.98;573.52;23;156.30;0.32;31.34;799.68;32;218.93;0.46;31.48;1098.31;44;281.66;0.60;29.49;748.45;30;181.35;0.36;27.86;1248.25;50;308.01;0.73;28.38;874.65;35;238.03;0.42;31.30;621.00;25;165.37;0.34;30.62;574.77;23;156.50;0.33;31.31;836.67;33;208.72;0.35;28.69;913.61;34;248.11;0.40;31.23;670.70;25;161.86;0.31;27.75;80.97;3;19.66;0.04;27.92;404.85;15;110.02;0.21;31.25;1211.85;45;326.93;0.65;31.02;833.99;31;200.79;0.36;27.69;619.78;22;165.69;0.28;30.74;636.33;22;176.98;0.32;31.98;434.85;15;119.90;0.18;31.71;521.82;18;130.22;0.24;28.70;692.86;24;159.63;0.29;26.50;57.98;2;13.17;0.02;26.12;434.85;15;98.77;0.17;26.12;376.87;13;92.54;0.18;28.24;434.85;15;111.78;0.22;29.56;752.29;26;192.49;0.39;29.43;810.27;28;183.97;0.31;26.11;1214.68;42;274.40;0.48;25.98;807.37;28;180.58;0.33;25.72;1042.19;36;253.13;0.59;27.93;2403.27;83;615.99;1.14;29.48;549.36;19;131.65;0.26;27.56;691.41;24;154.25;0.29;25.66;1359.63;47;307.14;0.48;25.98;608.79;21;155.62;0.26;29.40;521.82;18;138.11;0.31;30.44;985.66;34;252.79;0.52;29.49;1301.05;50;235.70;0.55;20.83;1156.45;45;222.94;0.46;22.17;1495.58;57;334.55;0.83;25.72;1642.22;64;353.63;0.79;24.76;1777.36;64;355.86;0.81;23.02;2853.58;102;581.71;1.11;23.44;975.45;35;196.37;0.41;23.15;948.86;34;191.87;0.44;23.25;670.36;24;135.94;0.26;23.32
16938;JUNGLE E/BAR DARK CHOC;14;31233.40;2 355;7412.47;0.29;27.29;329.70;30;95.90;0.19;33.45;329.70;30;93.86;0.16;32.74;359.70;30;97.04;0.20;31.03;0.00;0;0.00;0.00;0.00;586.31;49;158.32;0.32;31.05;419.65;35;117.31;0.25;32.15;491.59;41;144.10;0.30;33.71;1004.16;84;228.55;0.46;26.17;944.21;79;207.48;0.49;25.27;395.67;33;87.76;0.15;25.51;1446.59;121;318.13;0.66;25.29;441.23;37;96.31;0.20;25.10;1225.80;100;290.10;0.48;27.22;636.51;49;175.71;0.28;31.75;779.40;60;211.74;0.40;31.24;376.71;29;102.34;0.21;31.24;792.39;61;215.27;0.41;31.24;0.00;0;0.00;0.00;0.00;623.52;48;169.39;0.30;31.24;491.64;36;147.91;0.25;34.60;503.64;36;142.04;0.26;32.43;587.58;42;178.85;0.27;35.00;831.52;64;208.21;0.38;28.80;933.83;67;245.83;0.44;30.27;825.41;59;207.81;0.27;28.95;1439.57;103;361.57;0.61;28.88;752.66;54;187.76;0.37;28.69;909.35;65;206.74;0.40;26.15;334.36;24;72.66;0.15;24.99;982.66;77;207.76;0.35;24.31;928.70;69;191.84;0.34;23.76;921.94;66;201.94;0.37;25.19;1004.48;72;219.20;0.51;25.10;474.96;34;118.50;0.22;28.69;153.89;11;41.43;0.08;30.96;134.91;9;29.66;0.06;25.29;404.73;27;89.29;0.14;25.37;610.09;41;152.66;0.26;28.78;776.48;52;196.78;0.44;29.14;516.80;40;87.59;0.18;19.49;608.59;41;130.66;0.31;24.69;299.82;21;69.48;0.14;26.65;647.92;47;107.17;0.27;19.02;652.81;44;165.29;0.37;29.12;581.61;39;155.80;0.36;30.81;566.62;38;140.35;0.27;28.49;733.76;58;77.47;0.16;12.14;704.53;47;156.08;0.36;25.48;735.70;56;104.80;0.20;16.38
16941;WILSONS XXX MUSK;14;36485.05;6 351;10655.25;0.42;33.59;790.02;198;195.93;0.39;28.52;949.42;238;235.34;0.40;28.51;618.07;153;152.36;0.32;28.35;602.94;144;145.75;0.37;27.80;289.11;69;70.56;0.14;28.07;657.41;157;162.75;0.34;28.47;628.50;150;156.19;0.33;28.58;351.96;84;85.23;0.17;27.85;322.63;77;78.13;0.18;27.85;263.97;63;63.92;0.11;27.85;513.93;107;165.61;0.34;37.06;284.43;57;97.49;0.20;39.42;648.70;130;189.66;0.32;33.62;616.57;118;165.51;0.27;30.87;485.19;81;166.38;0.31;39.44;287.52;48;98.60;0.20;39.44;569.05;95;195.14;0.37;39.44;239.60;40;82.16;0.16;39.44;209.65;35;71.89;0.13;39.44;401.33;67;137.62;0.23;39.44;365.39;61;125.30;0.23;39.44;508.85;85;174.97;0.26;39.54;575.04;96;197.19;0.36;39.44;646.02;108;217.47;0.39;38.71;784.09;131;245.99;0.32;36.08;878.43;147;274.80;0.47;35.98;994.34;166;312.38;0.61;36.13;682.86;114;200.70;0.39;33.80;245.59;41;69.06;0.14;32.34;1616.70;270;454.24;0.77;32.31;1066.22;178;300.12;0.53;32.37;1316.30;220;369.24;0.67;32.26;862.26;144;242.28;0.57;32.31;1513.67;253;424.56;0.78;32.26;874.54;146;245.91;0.48;32.34;1046.75;175;262.28;0.49;28.82;1299.53;217;322.19;0.51;28.51;740.36;124;182.15;0.31;28.29;461.23;77;116.43;0.26;29.03;652.01;109;162.72;0.33;28.70;1005.16;144;337.95;0.79;38.67;1285.81;184;419.35;0.86;37.51;1005.51;144;314.41;0.78;35.96;1439.59;206;452.45;1.01;36.14;1081.35;155;337.27;0.77;35.87;1144.61;164;355.09;0.68;35.68;1125.04;161;349.78;0.73;35.75;817.83;117;254.72;0.59;35.82;719.97;103;217.98;0.41;34.82
16947;WILSONS XXX MINTS;14;32201.81;5 701;9360.54;0.37;33.43;766.08;192;190.00;0.38;28.52;972.36;244;240.41;0.40;28.43;844.73;205;205.91;0.43;28.03;925.78;221;224.06;0.56;27.83;603.36;144;146.72;0.30;27.96;523.33;125;130.36;0.27;28.65;564.39;135;139.41;0.30;28.41;481.01;115;115.96;0.23;27.72;377.10;90;91.32;0.22;27.85;342.32;82;82.11;0.14;27.58;262.58;55;83.75;0.17;36.68;273.70;55;93.42;0.19;39.25;433.13;87;129.84;0.22;34.47;499.63;97;129.66;0.21;29.84;466.32;78;159.44;0.30;39.32;393.84;66;134.27;0.27;39.21;573.84;96;196.15;0.38;39.31;227.62;38;78.06;0.15;39.44;191.68;32;65.73;0.12;39.44;335.14;56;114.77;0.19;39.38;544.79;91;186.66;0.34;39.40;682.56;114;235.58;0.35;39.69;520.83;87;178.63;0.32;39.44;747.25;125;250.99;0.45;38.63;610.98;102;191.94;0.25;36.13;681.36;114;213.22;0.36;35.99;640.93;107;201.35;0.39;36.13;509.15;85;150.08;0.29;33.90;299.50;50;84.21;0.17;32.34;970.38;162;272.86;0.46;32.34;514.24;86;144.45;0.25;32.30;697.83;117;194.45;0.35;32.05;401.33;67;112.85;0.26;32.34;561.56;94;157.02;0.29;32.16;485.19;81;136.43;0.27;32.34;545.09;91;136.99;0.26;28.90;1100.36;184;271.86;0.43;28.41;1186.31;199;290.72;0.49;28.18;657.70;110;164.84;0.37;28.82;908.20;150;233.63;0.48;29.58;921.28;132;309.69;0.73;38.66;1116.65;160;362.94;0.74;37.38;1123.29;161;350.37;0.87;35.87;1319.01;189;413.57;0.92;36.06;828.66;119;257.78;0.59;35.77;970.21;139;301.03;0.58;35.68;1013.20;145;314.99;0.66;35.75;684.32;98;213.00;0.49;35.79;901.71;129;277.09;0.52;35.34
16958;BEACON TV BAR CHOCOLATE;14;24194.74;1 942;6237.31;0.24;29.65;98.91;9;27.75;0.06;32.27;142.32;13;39.56;0.07;31.96;115.90;10;30.18;0.06;29.95;609.69;51;163.56;0.41;30.85;875.27;73;236.86;0.48;31.12;983.18;82;270.82;0.57;31.68;1318.90;110;367.23;0.78;32.02;1221.78;102;329.21;0.66;30.99;1546.71;129;417.67;0.99;31.05;503.58;42;135.99;0.24;31.05;850.69;71;229.36;0.48;31.01;1185.21;99;318.98;0.67;30.95;315.73;27;90.35;0.15;32.91;890.19;81;224.72;0.36;29.03;603.90;55;129.77;0.25;24.71;450.59;41;141.46;0.28;36.10;802.27;73;229.44;0.44;32.89;483.56;44;124.36;0.25;29.58;426.62;38;118.59;0.21;31.97;773.44;61;240.18;0.41;35.71;337.74;26;93.71;0.17;31.91;389.70;30;109.43;0.16;32.29;389.70;30;108.36;0.20;31.98;415.68;32;107.36;0.19;29.70;324.75;25;81.53;0.11;28.87;337.74;26;84.79;0.14;28.87;128.60;10;31.48;0.06;28.15;448.67;33;116.67;0.23;29.90;363.74;26;97.08;0.20;30.69;419.70;30;112.01;0.19;30.69;559.60;40;149.85;0.26;30.80;475.66;34;126.95;0.23;30.69;293.79;21;78.41;0.18;30.69;181.87;13;48.54;0.09;30.69;503.64;36;134.41;0.26;30.69;27.98;2;7.47;0.01;30.69;0.00;0;0.00;0.00;0.00;363.74;26;101.39;0.17;32.05;293.79;21;70.33;0.16;27.53;419.70;30;99.28;0.20;27.20;55.96;4;13.18;0.03;27.09;307.78;22;67.69;0.14;25.29;461.67;33;87.35;0.22;21.76;649.83;47;118.60;0.26;20.99;344.15;25;61.26;0.14;20.47;370.73;27;64.35;0.12;19.96;453.27;33;78.78;0.16;19.99;511.34;37;91.24;0.21;20.52;165.78;12;29.77;0.06;20.65
16962;BEACON NOSH CHOCOLATE BAR;14;95416.67;7 314;28433.08;1.11;34.27;1845.77;168;599.39;1.21;37.34;1824.34;166;579.79;0.97;36.55;1277.55;110;390.18;0.81;35.12;1830.27;153;572.93;1.44;36.00;1702.58;142;536.32;1.09;36.23;2168.39;181;690.25;1.46;36.61;0.00;0;0.00;0.00;0.00;1642.03;137;1154.89;2.30;80.88;755.37;63;237.41;0.56;36.14;959.20;80;301.48;0.53;36.14;0.00;0;0.00;0.00;0.00;491.59;41;154.51;0.32;36.14;3250.08;277;1084.69;1.80;38.38;1714.44;156;559.60;0.90;37.54;1318.25;120;347.39;0.66;30.31;867.11;79;315.66;0.63;41.86;1318.80;120;480.94;0.92;41.94;439.60;40;115.96;0.23;30.33;1693.82;148;526.51;0.94;35.75;2994.01;239;1085.09;1.84;41.68;2384.31;184;762.55;1.37;36.78;1685.45;130;543.59;0.82;37.09;1725.72;133;555.95;1.01;37.05;1544.51;119;468.09;0.84;34.85;1311.99;101;389.28;0.51;34.12;1684.80;130;497.66;0.85;33.97;2181.67;168;646.95;1.27;34.10;2029.88;152;612.33;1.18;34.69;615.56;44;191.67;0.39;35.81;1161.17;83;361.56;0.61;35.81;794.63;57;246.33;0.43;35.65;1804.71;129;561.94;1.03;35.81;1776.73;127;553.23;1.30;35.81;1843.88;132;572.57;1.06;35.71;2599.34;186;807.80;1.58;35.74;1649.42;118;512.80;0.96;35.75;1551.49;111;508.61;0.80;37.70;2611.93;187;800.48;1.35;35.24;1743.85;125;497.64;1.12;32.82;2488.12;178;706.40;1.45;32.65;3454.13;247;980.70;2.30;32.65;5101.45;365;1336.87;2.73;30.14;3698.95;265;871.18;2.17;27.08;3618.51;259;867.85;1.93;27.58;3717.14;266;886.25;2.03;27.42;2850.47;204;673.07;1.29;27.15;3395.37;243;801.70;1.67;27.15;3504.49;251;825.87;1.91;27.10;2793.80;200;659.19;1.24;27.13
16992;BEACON SLAB DARK TURK DEL;14;45161.94;2 611;9380.25;0.37;23.89;1176.86;74;286.59;0.58;28.00;1626.97;103;389.26;0.65;27.51;1265.38;77;351.92;0.73;31.98;919.59;69;115.44;0.29;14.44;713.58;42;238.81;0.49;38.49;2063.05;166;210.16;0.44;11.71;67.96;4;15.08;0.03;25.51;739.91;44;159.20;0.32;24.74;0.00;0;0.00;0.00;0.00;509.70;30;131.48;0.23;29.66;590.40;35;149.70;0.31;29.16;507.15;30;129.26;0.27;29.31;1012.41;59;255.80;0.43;29.06;660.23;37;168.00;0.27;29.26;681.82;38;229.16;0.43;38.65;1427.92;115;15.43;0.03;1.24;2264.76;162;302.52;0.58;15.36;968.07;77;93.97;0.19;11.16;733.19;50;127.54;0.23;20.00;1343.29;71;386.04;0.65;33.05;1272.36;64;346.05;0.62;31.28;1237.38;62;317.85;0.48;29.54;1076.46;54;273.15;0.50;29.18;1069.28;57;222.16;0.40;23.89;940.29;41;327.14;0.43;40.01;206.91;9;63.14;0.11;35.09;1117.31;49;345.40;0.68;35.55;1033.40;45;355.17;0.69;39.52;1306.81;77;221.00;0.45;19.45;1735.72;106;246.19;0.42;16.31;735.68;32;258.40;0.45;40.39;362.09;16;124.20;0.23;39.45;572.45;25;154.74;0.36;31.09;528.77;23;144.20;0.27;31.36;0.00;0;0.00;0.00;0.00;482.79;21;131.66;0.25;31.36;482.79;21;153.45;0.24;36.55;469.56;24;116.91;0.20;28.63;687.40;30;224.87;0.51;37.62;1595.71;99;208.66;0.43;15.04;975.51;49;176.93;0.42;20.86;934.53;47;252.57;0.52;31.08;2034.40;115;238.91;0.60;13.50;2317.44;131;259.00;0.58;12.85;291.99;18;6.91;0.02;2.72;499.77;23;98.59;0.19;22.69;525.56;24;106.41;0.22;23.28;531.75;25;97.18;0.22;21.02;865.59;41;154.04;0.29;20.47
16993;BEACON SLAB HAZEL HEAVEN;14;38540.71;2 231;8412.86;0.33;25.10;878.65;55;216.45;0.44;28.33;622.01;39;152.58;0.26;28.21;641.81;39;178.91;0.37;32.06;1361.14;108;106.16;0.27;8.97;764.55;45;233.47;0.48;35.12;803.98;72;11.02;0.02;1.58;339.80;20;89.42;0.19;30.26;457.88;27;101.03;0.20;25.38;823.16;49;206.62;0.49;28.87;1148.52;68;292.10;0.51;29.25;741.61;44;187.66;0.39;29.10;842.70;50;213.22;0.45;29.10;830.71;49;202.92;0.34;28.09;933.68;52;241.89;0.39;29.79;611.66;34;206.44;0.39;38.81;1901.75;146;143.79;0.29;8.69;2011.96;146;234.25;0.45;13.39;1920.57;138;337.40;0.67;20.20;1842.23;112;409.02;0.73;25.53;982.58;52;273.93;0.46;32.06;937.53;47;266.63;0.48;32.71;1077.46;54;275.00;0.41;29.35;658.67;33;166.75;0.30;29.11;654.65;35;128.14;0.23;22.51;847.18;37;279.61;0.37;37.96;482.79;21;135.92;0.23;32.38;528.77;23;166.13;0.33;36.13;597.74;26;229.72;0.44;44.20;309.78;17;68.44;0.14;25.41;825.48;45;181.58;0.31;25.30;413.82;18;145.35;0.26;40.39;482.79;21;241.07;0.44;57.42;252.89;11;96.41;0.23;43.84;1057.54;46;288.40;0.53;31.36;550.61;24;149.47;0.29;31.22;686.25;30;185.09;0.35;31.02;459.80;20;139.84;0.22;34.97;408.75;22;93.28;0.16;26.25;505.78;22;164.73;0.37;37.46;586.96;37;69.89;0.14;13.69;477.76;24;88.17;0.21;21.22;479.76;24;131.19;0.27;31.45;852.74;48;105.20;0.26;14.19;1201.75;69;119.41;0.27;11.43;506.77;26;63.51;0.15;14.41;687.67;33;115.90;0.22;19.38;701.48;32;142.52;0.30;23.36;427.80;20;79.83;0.18;21.46;418.79;21;57.39;0.11;15.76
16994;BEACON SLAB FOREST FRUIT;14;26990.67;1 625;5428.59;0.21;23.13;556.45;35;135.40;0.27;27.98;634.80;40;153.75;0.26;27.85;410.75;25;110.43;0.23;30.92;991.61;77;92.05;0.23;10.68;1387.23;82;402.89;0.82;33.40;1112.98;92;73.92;0.16;7.64;407.76;24;106.74;0.23;30.10;270.99;16;61.41;0.12;26.06;651.56;39;161.31;0.38;28.47;322.81;19;83.27;0.15;29.66;368.68;22;91.98;0.19;28.69;423.05;25;108.09;0.23;29.38;409.26;24;99.85;0.17;28.06;428.16;24;107.96;0.17;29.00;267.15;15;88.73;0.17;38.20;995.96;81;-0.13;-0.00;-0.02;1085.83;82;86.00;0.16;9.11;1061.30;81;128.04;0.25;13.87;666.87;49;88.17;0.16;15.21;650.75;35;166.18;0.28;29.37;399.80;20;101.59;0.18;29.22;439.78;22;112.73;0.17;29.48;219.89;11;56.24;0.10;29.41;213.89;11;44.95;0.08;24.17;367.84;16;132.69;0.17;41.48;342.55;15;89.67;0.15;30.10;342.55;15;103.93;0.20;34.89;321.86;14;110.85;0.21;39.61;587.94;36;83.91;0.17;16.41;1055.90;69;95.95;0.16;10.45;252.89;11;88.83;0.16;40.39;344.85;15;108.49;0.20;36.18;205.76;9;165.20;0.39;92.33;229.90;10;199.91;0.37;100.00;45.98;2;39.98;0.08;100.00;275.88;12;239.90;0.45;100.00;413.82;18;193.02;0.30;53.64;562.84;29;143.85;0.24;29.39;321.86;14;109.54;0.25;39.14;1432.64;87;184.19;0.38;14.79;574.71;29;104.08;0.24;20.83;458.83;25;93.28;0.19;23.38;1209.77;73;101.58;0.25;9.66;886.86;52;68.22;0.15;8.85;815.88;48;46.39;0.11;6.54;357.82;18;48.20;0.09;15.49;307.86;14;63.19;0.13;23.60;437.80;20;88.82;0.21;23.33;458.77;23;63.38;0.12;15.89
17002;BEACON SLAB MINT MAGIC;14;26541.85;1 669;4726.00;0.18;20.48;95.94;6;23.69;0.05;28.39;159.90;10;39.48;0.07;28.39;500.69;31;128.04;0.27;29.41;944.21;75;70.26;0.18;8.56;1051.68;62;324.02;0.66;35.43;1570.93;139;28.36;0.06;2.08;237.86;14;60.66;0.13;29.33;388.22;23;87.54;0.17;25.93;506.30;30;128.52;0.30;29.19;525.84;31;135.12;0.24;29.55;440.89;26;113.21;0.24;29.53;728.87;43;186.97;0.39;29.50;485.02;28;122.33;0.20;29.01;735.79;41;190.53;0.31;29.78;431.76;24;139.95;0.26;37.28;2104.93;167;73.30;0.15;4.00;1348.85;100;125.14;0.24;10.67;2415.99;165;507.01;1.01;24.13;1365.67;89;261.05;0.46;21.98;539.71;29;138.29;0.23;29.47;219.89;11;55.87;0.10;29.22;1118.44;56;287.75;0.43;29.59;138.93;7;34.81;0.06;28.81;409.64;21;85.58;0.15;24.03;458.65;20;136.58;0.18;34.24;90.81;4;26.57;0.05;33.65;114.95;5;36.36;0.07;36.38;114.95;5;37.63;0.07;37.65;45.00;3;3.38;0.01;8.64;788.87;48;113.99;0.19;16.62;0.00;0;0.00;0.00;0.00;0.00;0;0.00;0.00;0.00;0.00;0;0.00;0.00;0.00;0.00;0;0.00;0.00;0.00;0.00;0;0.00;0.00;0.00;182.77;8;158.93;0.30;100.00;320.71;14;147.80;0.23;53.00;194.83;12;26.42;0.04;15.60;137.94;6;45.60;0.10;38.02;825.98;54;74.76;0.15;10.41;197.90;10;35.69;0.08;20.74;270.87;14;67.93;0.14;28.84;771.78;44;83.76;0.21;12.48;962.87;57;66.73;0.15;7.97;1220.78;71;82.87;0.19;7.81;533.74;26;84.31;0.16;18.16;350.74;16;71.26;0.15;23.36;211.90;10;38.62;0.09;20.96;279.86;14;39.28;0.07;16.14
17013;MAYNARDS WINE BLACKCURRAN;14;31095.76;2 729;7931.36;0.31;29.33;906.59;91;228.99;0.46;29.05;938.56;94;238.35;0.40;29.20;1367.13;137;323.03;0.67;27.17;1215.28;122;269.35;0.67;25.49;937.56;94;209.16;0.43;25.65;29.97;3;13.28;0.03;50.96;514.98;52;112.19;0.24;25.05;569.43;57;127.27;0.25;25.70;919.08;92;205.41;0.49;25.70;908.59;91;202.75;0.36;25.66;886.61;89;196.54;0.41;25.49;759.24;76;169.69;0.35;25.70;1062.97;103;243.13;0.40;26.30;1064.93;97;272.06;0.44;29.38;626.43;57;158.44;0.30;29.09;527.52;48;133.42;0.27;29.09;536.31;49;134.29;0.26;28.80;362.67;33;91.73;0.18;29.09;758.31;69;191.79;0.34;29.09;548.40;50;138.02;0.23;28.94;431.62;38;109.26;0.20;29.11;479.60;40;128.29;0.19;30.76;501.78;42;133.00;0.24;30.48;575.52;48;145.72;0.26;29.12;275.77;23;67.18;0.09;28.01;304.15;25;76.85;0.13;29.06;389.70;30;113.71;0.22;33.56;25.98;2;7.14;0.01;31.60;0.00;0;0.00;0.00;0.00;0.00;0;0.00;0.00;0.00;0.00;0;0.00;0.00;0.00;155.23;12;39.61;0.07;29.34;310.46;24;79.21;0.19;29.34;427.37;33;109.34;0.20;29.42;427.37;33;109.34;0.21;29.42;311.76;24;80.34;0.15;29.64;649.50;50;167.38;0.26;29.64;946.97;73;243.24;0.41;29.54;1140.52;88;294.49;0.66;29.69;1062.58;82;273.89;0.56;29.64;1089.21;84;279.50;0.66;29.51;699.51;54;179.07;0.37;29.44;674.83;52;193.72;0.48;33.01;805.38;62;245.52;0.55;35.06;855.39;66;258.74;0.59;34.79;831.36;64;250.62;0.48;34.67;1000.23;77;301.53;0.63;34.67;467.64;36;141.05;0.33;34.69;815.77;63;244.74;0.46;34.50
17449;MENTOS SPEARMINT;14;26654.30;2 175;7613.78;0.30;32.85;274.75;25;77.28;0.16;32.35;428.61;39;120.56;0.20;32.35;647.86;59;181.91;0.38;32.29;403.33;37;111.51;0.28;31.79;514.33;47;143.38;0.29;32.06;602.25;55;168.11;0.35;32.10;670.39;61;188.57;0.40;32.35;548.95;50;154.09;0.31;32.28;625.33;57;175.25;0.41;32.23;373.66;34;105.10;0.19;32.35;197.82;18;55.64;0.12;32.35;526.42;48;147.43;0.31;32.21;296.73;27;75.71;0.13;29.34;346.71;29;104.62;0.17;34.70;431.64;36;130.96;0.25;34.89;479.00;40;144.98;0.29;34.81;371.69;31;112.77;0.22;34.89;359.70;30;109.13;0.22;34.89;503.58;42;152.78;0.27;34.89;850.69;71;257.75;0.44;34.84;574.32;48;173.56;0.31;34.75;467.61;39;141.87;0.21;34.89;0.00;0;0.00;0.00;0.00;419.65;35;127.32;0.23;34.89;525.76;44;158.49;0.21;34.67;504.96;39;142.85;0.24;32.53;635.86;49;179.68;0.35;32.50;557.92;43;157.61;0.30;32.49;740.43;57;209.67;0.42;32.57;246.16;19;69.33;0.12;32.39;402.04;31;113.47;0.20;32.46;284.48;22;79.80;0.15;32.26;622.22;48;175.44;0.41;32.42;466.34;36;131.29;0.24;32.38;648.85;50;183.36;0.36;32.50;750.82;58;211.09;0.39;32.33;753.42;58;213.35;0.33;32.57;77.94;6;22.07;0.04;32.57;505.96;39;142.89;0.32;32.48;830.06;64;234.29;0.48;32.46;1011.92;78;285.79;0.67;32.48;908.00;70;256.36;0.52;32.47;1035.95;80;291.45;0.73;32.35;894.36;69;252.12;0.56;32.42;935.28;72;264.85;0.61;32.57;765.11;59;215.90;0.41;32.45;467.64;36;132.42;0.28;32.57;662.49;51;187.60;0.43;32.57;505.31;39;142.33;0.27;32.39
17450;MENTOS STRAWBERRY;14;32559.52;2 669;9317.78;0.36;32.91;514.33;47;143.38;0.29;32.06;560.49;51;157.66;0.26;32.35;593.46;54;166.93;0.35;32.35;634.68;58;176.91;0.44;32.06;351.68;32;98.92;0.20;32.35;559.94;51;157.18;0.33;32.28;703.36;64;197.84;0.42;32.35;768.75;70;215.91;0.43;32.30;406.63;37;114.38;0.27;32.35;813.26;74;228.76;0.40;32.35;724.79;66;203.55;0.42;32.30;845.68;77;237.55;0.50;32.30;603.35;55;151.93;0.25;28.96;610.49;51;184.65;0.30;34.78;515.57;43;156.42;0.30;34.89;371.69;31;112.77;0.23;34.89;586.31;49;177.20;0.34;34.76;515.57;43;156.42;0.31;34.89;683.43;57;207.35;0.37;34.89;971.19;81;294.65;0.50;34.89;887.26;74;269.19;0.48;34.89;958.00;80;289.97;0.44;34.81;287.76;24;87.30;0.16;34.89;323.73;27;98.22;0.18;34.89;586.91;49;177.72;0.23;34.82;609.23;47;171.76;0.29;32.42;844.35;65;239.10;0.47;32.57;974.25;75;275.88;0.53;32.57;712.50;55;200.62;0.40;32.38;661.84;51;187.04;0.32;32.50;841.75;65;236.84;0.42;32.36;727.44;56;205.99;0.38;32.57;830.06;64;234.29;0.55;32.46;674.18;52;190.15;0.35;32.44;363.72;28;103.00;0.20;32.57;1090.51;84;308.43;0.58;32.53;1038.55;80;293.71;0.46;32.52;12.99;1;3.68;0.01;32.57;701.46;54;198.64;0.45;32.57;1037.25;80;292.58;0.60;32.44;830.71;64;234.86;0.55;32.51;675.48;52;191.28;0.39;32.57;818.37;63;231.74;0.58;32.57;1063.88;82;300.50;0.67;32.48;25.98;2;7.36;0.02;32.57;622.87;48;176.00;0.34;32.49;363.72;28;103.00;0.21;32.57;479.98;37;135.54;0.31;32.47;1180.14;91;333.04;0.63;32.45
17513;MENTOS FRUIT;14;35013.19;2 881;10038.62;0.39;32.97;670.39;61;188.57;0.38;32.35;439.05;40;123.17;0.21;32.26;592.91;54;166.45;0.35;32.28;647.86;59;181.91;0.46;32.29;307.17;28;86.08;0.18;32.23;450.59;41;126.74;0.27;32.35;725.34;66;204.03;0.43;32.35;1295.72;118;363.82;0.73;32.29;219.25;20;61.35;0.14;32.18;956.13;87;268.94;0.47;32.35;636.87;58;178.82;0.37;32.29;923.16;84;259.67;0.54;32.35;975.91;89;246.06;0.41;29.00;683.43;57;207.35;0.33;34.89;563.53;47;170.97;0.32;34.89;1030.54;86;312.32;0.63;34.85;1006.56;84;305.04;0.58;34.85;575.52;48;174.61;0.35;34.89;884.86;74;267.10;0.48;34.71;910.64;76;275.94;0.47;34.85;959.20;80;291.01;0.52;34.89;1148.64;96;347.13;0.52;34.75;0.00;0;0.00;0.00;0.00;599.50;50;181.88;0.33;34.89;826.71;69;250.48;0.33;34.84;1267.12;98;357.02;0.61;32.40;882.67;68;249.57;0.49;32.52;1091.16;84;308.99;0.60;32.57;441.66;34;125.07;0.25;32.57;766.41;59;217.03;0.37;32.57;298.77;23;84.60;0.15;32.57;830.71;64;234.86;0.43;32.51;220.18;17;61.97;0.15;32.37;909.30;70;257.49;0.48;32.57;974.25;75;275.88;0.54;32.57;804.08;62;226.93;0.42;32.46;464.39;36;129.60;0.20;32.09;0.00;0;0.00;0.00;0.00;933.98;72;263.72;0.59;32.47;1582.18;122;446.51;0.91;32.45;103.27;8;28.86;0.07;32.14;740.43;57;209.67;0.43;32.57;1376.94;106;389.92;0.97;32.57;492.97;38;139.22;0.31;32.48;714.45;55;202.32;0.46;32.57;869.68;67;245.89;0.47;32.51;259.15;20;73.00;0.15;32.40;843.05;65;237.97;0.55;32.46;116.91;9;33.11;0.06;32.57
17514;MENTOS MINT;14;24277.66;1 994;6941.97;0.27;32.88;318.71;29;89.65;0.18;32.35;307.72;28;86.56;0.15;32.35;417.62;38;117.47;0.25;32.35;439.60;40;123.65;0.31;32.35;494.55;45;139.11;0.28;32.35;975.91;89;273.21;0.58;32.20;593.46;54;166.93;0.35;32.35;670.39;61;188.57;0.38;32.35;416.52;38;116.51;0.28;32.17;548.40;50;153.61;0.27;32.21;351.68;32;98.92;0.21;32.35;472.57;43;132.93;0.28;32.35;351.68;32;88.58;0.15;28.97;261.78;22;78.29;0.13;34.39;263.78;22;80.03;0.15;34.89;503.58;42;152.78;0.31;34.89;371.69;31;112.77;0.22;34.89;539.55;45;163.69;0.33;34.89;490.99;41;148.62;0.26;34.81;731.39;61;221.90;0.38;34.89;623.48;52;189.16;0.34;34.89;719.40;60;218.26;0.33;34.89;287.16;24;86.78;0.16;34.75;191.84;16;58.20;0.10;34.89;263.78;22;80.03;0.10;34.89;285.13;22;80.36;0.14;32.41;571.56;44;161.85;0.32;32.57;778.75;60;220.14;0.42;32.51;1074.27;83;301.92;0.61;32.32;597.54;46;169.21;0.29;32.57;765.11;59;215.90;0.38;32.45;438.41;34;122.24;0.22;32.07;1114.54;86;314.09;0.74;32.41;479.33;37;134.97;0.25;32.38;726.14;56;204.86;0.40;32.44;453.35;35;127.62;0.24;32.37;441.66;34;125.07;0.20;32.57;51.96;4;14.71;0.02;32.57;701.46;54;198.64;0.45;32.57;776.80;60;218.45;0.45;32.34;90.93;7;25.75;0.06;32.57;467.64;36;132.42;0.27;32.57;804.08;62;226.93;0.57;32.46;259.80;20;73.57;0.16;32.57;753.42;58;213.35;0.49;32.57;25.98;2;7.36;0.01;32.57;64.95;5;18.39;0.04;32.57;622.87;48;176.00;0.41;32.49;324.75;25;91.96;0.17;32.57
17515;MENTOS CHEWY RAINBOW;14;32845.33;2 717;9416.84;0.37;32.97;593.46;54;166.93;0.34;32.35;945.14;86;265.85;0.45;32.35;1022.07;93;287.49;0.60;32.35;461.58;42;129.83;0.33;32.35;604.45;55;170.02;0.35;32.35;153.86;14;43.28;0.09;32.35;1099.00;100;309.13;0.65;32.35;802.27;73;225.66;0.45;32.35;307.72;28;86.56;0.20;32.35;1009.98;92;283.44;0.50;32.27;703.36;64;197.84;0.41;32.35;790.18;72;221.62;0.46;32.25;899.53;82;227.81;0.38;29.12;727.39;61;218.42;0.35;34.53;621.68;52;187.59;0.35;34.70;839.30;70;254.64;0.51;34.89;911.24;76;276.46;0.53;34.89;743.38;62;225.53;0.45;34.89;718.20;60;217.22;0.39;34.78;969.39;81;293.08;0.50;34.77;467.01;39;141.35;0.25;34.81;970.59;81;294.13;0.44;34.85;143.88;12;43.65;0.08;34.89;671.44;56;203.71;0.37;34.89;754.77;63;228.65;0.30;34.84;804.73;62;227.50;0.39;32.51;870.33;67;246.46;0.48;32.57;1207.42;93;341.53;0.66;32.53;622.87;48;176.00;0.36;32.49;727.44;56;205.99;0.35;32.57;311.76;24;88.28;0.16;32.57;402.04;31;113.47;0.21;32.46;610.53;47;172.89;0.40;32.57;441.66;34;125.07;0.23;32.57;545.58;42;154.50;0.30;32.57;662.49;51;187.60;0.35;32.57;428.67;33;121.39;0.19;32.57;12.99;1;3.68;0.01;32.57;1206.77;93;340.97;0.77;32.49;1102.20;85;310.97;0.64;32.45;233.82;18;66.21;0.16;32.57;868.38;67;244.76;0.50;32.41;1336.67;103;377.75;0.94;32.50;415.03;32;117.15;0.26;32.46;700.81;54;198.07;0.45;32.50;415.03;32;117.15;0.22;32.46;129.90;10;36.78;0.08;32.57;636.51;49;180.24;0.42;32.57;220.83;17;62.53;0.12;32.57
17564;MENTOS ROLLS GRAPE MIX;14;22489.22;1 853;6448.24;0.25;32.97;582.47;53;163.84;0.33;32.35;318.71;29;89.65;0.15;32.35;593.46;54;166.93;0.35;32.35;472.57;43;132.93;0.33;32.35;527.52;48;148.38;0.30;32.35;526.42;48;147.43;0.31;32.21;483.56;44;136.02;0.29;32.35;450.59;41;126.74;0.25;32.35;681.38;62;191.66;0.45;32.35;296.73;27;83.47;0.15;32.35;461.03;42;129.36;0.27;32.27;373.66;34;105.10;0.22;32.35;340.69;31;86.13;0.14;29.07;597.50;50;180.14;0.29;34.67;659.45;55;200.07;0.38;34.89;467.61;39;141.87;0.28;34.89;479.60;40;145.51;0.28;34.89;455.62;38;138.23;0.27;34.89;311.14;26;94.06;0.17;34.76;407.66;34;123.68;0.21;34.89;694.82;58;210.46;0.38;34.83;395.67;33;120.04;0.18;34.89;47.96;4;14.55;0.03;34.89;191.84;16;58.20;0.10;34.89;695.42;58;210.98;0.28;34.89;632.86;49;179.56;0.30;32.63;805.38;62;228.06;0.45;32.57;389.05;30;109.79;0.21;32.45;792.39;61;224.39;0.45;32.57;610.53;47;172.89;0.29;32.57;428.02;33;120.82;0.21;32.46;258.50;20;72.44;0.13;32.23;246.81;19;69.89;0.16;32.57;649.50;50;183.92;0.34;32.57;374.76;29;104.98;0.21;32.21;415.68;32;117.71;0.22;32.57;90.93;7;25.75;0.04;32.57;12.99;1;3.68;0.01;32.57;0.00;0;0.00;0.00;0.00;376.71;29;106.68;0.22;32.57;815.12;63;228.92;0.54;32.30;635.86;49;179.68;0.37;32.50;636.51;49;180.24;0.45;32.57;622.87;48;176.00;0.39;32.49;558.57;43;158.17;0.36;32.57;479.98;37;135.54;0.26;32.47;272.79;21;77.25;0.16;32.57;519.60;40;147.14;0.34;32.57;350.73;27;99.32;0.19;32.57
19790;MESSARIS BUBBLES CHEESE;14;177195.23;15 916;33865.36;1.33;21.98;5882.98;681;753.65;1.52;14.73;3226.35;310;768.83;1.29;27.40;5499.10;569;994.99;2.08;20.81;4789.99;436;1194.05;2.99;28.67;1470.46;134;397.09;0.81;31.06;5496.41;590;873.08;1.84;18.27;6445.04;653;1308.37;2.77;23.35;7626.52;785;1326.03;2.65;20.00;3238.75;295;875.53;2.07;31.09;4940.55;450;1334.27;2.35;31.06;3974.43;347;972.87;2.02;28.15;2873.80;240;746.33;1.56;29.87;5188.09;485;865.31;1.44;19.18;3218.92;248;870.10;1.40;31.09;5170.31;448;1011.37;1.91;22.50;2985.51;249;646.39;1.30;24.90;5144.05;456;850.41;1.63;19.01;5614.55;489;1013.12;2.01;20.75;2968.99;241;724.62;1.29;28.07;4438.84;370;903.13;1.53;23.40;1930.31;149;511.84;0.92;30.49;10853.15;1 030;1085.58;1.63;11.50;2410.94;186;579.83;1.05;27.66;2039.43;157;530.05;0.95;29.89;4419.24;388;839.75;1.10;21.85;2231.03;172;538.87;0.92;27.78;4811.22;417;720.85;1.41;17.23;3134.69;255;651.74;1.26;23.91;2732.29;223;562.18;1.13;23.66;1326.07;103;329.17;0.56;28.55;1607.84;137;305.01;0.54;21.82;3469.77;305;479.92;0.88;15.91;3629.41;313;644.33;1.51;20.42;2689.77;216;615.48;1.14;26.31;2641.83;219;507.03;0.99;22.07;1986.17;153;486.61;0.91;28.17;4318.27;372;810.67;1.27;21.59;2181.67;168;566.89;0.95;29.88;3104.91;287;318.03;0.71;11.78;3138.71;274;460.80;0.94;16.88;2011.50;155;512.39;1.20;29.29;2310.27;178;588.69;1.20;29.30;3300.41;302;460.31;1.15;16.04;3172.47;291;353.67;0.79;12.82;2713.85;237;483.48;1.11;20.49;3640.09;316;614.59;1.18;19.42;1714.03;132;383.51;0.80;25.73;1142.47;88;279.56;0.65;28.14;2339.78;217;215.00;0.41;10.57
19865;MESSARIS BUBBLES CHUTNEY;14;58922.34;5 208;11524.27;0.45;22.49;1416.65;170;139.24;0.28;11.30;709.27;68;168.72;0.28;27.36;1243.39;127;240.02;0.50;22.20;998.44;91;246.57;0.62;28.40;582.47;53;157.82;0.32;31.16;1610.42;174;247.44;0.52;17.67;2110.70;218;401.20;0.85;21.86;2119.39;222;336.25;0.67;18.25;767.65;70;207.00;0.49;31.01;1296.27;118;350.88;0.62;31.13;1375.25;120;336.51;0.70;28.14;1114.47;93;292.54;0.61;30.19;1819.52;169;308.61;0.51;19.51;1195.08;92;328.02;0.53;31.56;1636.91;142;319.93;0.60;22.48;1079.10;90;233.63;0.47;24.90;1119.40;100;177.42;0.34;18.23;1966.96;176;308.98;0.61;18.06;858.31;69;206.39;0.37;27.65;1371.81;115;272.66;0.46;22.86;778.75;60;207.37;0.37;30.62;2878.47;272;302.30;0.45;12.08;1117.14;86;270.19;0.49;27.81;1141.82;88;290.49;0.52;29.26;1730.33;153;322.02;0.42;21.40;1129.48;87;298.45;0.51;30.39;1919.06;163;349.16;0.68;20.92;1588.84;129;334.27;0.64;24.19;1559.28;128;313.18;0.63;23.10;750.49;59;178.48;0.30;27.35;1486.19;126;286.99;0.50;22.21;1575.49;134;265.97;0.49;19.41;1584.61;137;280.19;0.66;20.33;1357.37;112;286.68;0.53;24.29;888.57;73;173.83;0.34;22.50;506.61;39;125.08;0.23;28.39;1146.34;98;221.16;0.35;22.19;711.85;55;183.62;0.31;29.66;956.71;87;110.47;0.25;13.28;1153.90;102;155.95;0.32;15.54;610.53;47;155.89;0.37;29.36;636.51;49;154.96;0.32;28.00;878.67;78;135.83;0.34;17.78;678.77;61;82.39;0.18;13.96;902.87;76;185.14;0.42;23.58;1399.86;115;269.05;0.52;22.10;402.69;31;89.80;0.19;25.65;661.84;51;162.71;0.38;28.27;397.84;35;52.83;0.10;15.27
19866;MESSARIS BUBBLES SPARERIB;14;62530.45;5 581;12133.22;0.47;22.31;2175.24;265;188.89;0.38;9.99;1293.24;126;294.01;0.49;26.14;1999.36;208;361.27;0.75;20.78;659.40;60;162.26;0.41;28.30;329.70;30;89.33;0.18;31.16;2220.31;241;332.62;0.70;17.23;2155.39;226;387.43;0.82;20.67;1626.60;162;319.14;0.64;22.56;989.10;90;267.99;0.63;31.16;1318.80;120;357.32;0.63;31.16;1330.80;120;327.14;0.68;28.27;743.38;62;190.79;0.40;29.51;3009.74;277;533.91;0.89;20.40;1764.69;136;487.86;0.79;31.79;1587.58;140;286.16;0.54;20.73;1198.40;100;259.07;0.52;24.86;1839.05;165;284.53;0.54;17.79;1556.06;141;227.35;0.45;16.80;1057.13;87;245.79;0.44;26.74;1939.90;162;391.83;0.66;23.23;649.50;50;173.28;0.31;30.68;1516.91;149;107.03;0.16;8.11;622.87;48;150.24;0.27;27.74;961.26;74;243.78;0.44;29.16;2278.94;204;402.76;0.53;20.32;1193.78;92;299.32;0.51;28.83;396.72;31;111.49;0.22;32.32;387.75;30;85.21;0.16;25.27;779.40;60;199.00;0.40;29.36;1386.68;107;352.06;0.60;29.20;1352.89;114;266.83;0.47;22.68;2218.16;192;338.94;0.62;17.57;779.73;66;149.74;0.35;22.08;1387.22;112;312.64;0.58;25.92;1398.44;117;260.25;0.51;21.40;1167.15;90;290.96;0.54;28.67;1775.93;148;372.88;0.59;24.15;1166.50;90;301.81;0.51;29.75;1355.21;121;180.67;0.41;15.33;1171.09;99;201.56;0.41;19.79;869.03;67;221.09;0.52;29.26;1231.45;95;312.83;0.64;29.21;542.52;49;80.79;0.20;17.13;1561.56;143;176.55;0.39;13.00;857.74;78;124.73;0.29;16.72;791.96;78;66.31;0.13;9.63;740.43;57;165.12;0.34;25.65;428.02;33;101.75;0.24;27.34;767.74;69;88.93;0.17;13.32
19867;MESSARIS BUBBLES CHS&CHIV;14;68358.11;6 115;12920.25;0.51;21.74;2022.36;240;217.65;0.44;12.38;1188.74;116;269.97;0.45;26.12;2351.96;243;435.17;0.91;21.28;1061.63;97;263.69;0.66;28.56;604.45;55;163.77;0.33;31.16;2202.16;236;348.64;0.73;18.21;1861.95;186;395.42;0.84;24.42;2291.59;238;385.10;0.77;19.33;1218.79;111;329.56;0.78;31.10;2021.06;184;539.00;0.95;30.67;1465.12;128;358.53;0.75;28.14;1067.11;89;279.57;0.58;30.13;1869.82;173;319.87;0.53;19.67;1052.19;81;289.00;0.47;31.59;1785.93;156;340.20;0.64;21.91;1006.56;84;217.54;0.44;24.85;1849.15;168;265.62;0.51;16.52;1484.12;135;211.77;0.42;16.41;816.74;66;199.02;0.35;28.02;1881.79;161;341.69;0.58;20.88;974.25;75;259.91;0.47;30.68;3779.60;366;315.21;0.47;9.59;921.64;71;222.50;0.40;27.76;921.64;71;234.31;0.42;29.24;1708.27;149;330.39;0.43;22.24;856.69;66;220.99;0.38;29.67;2406.75;208;385.27;0.75;18.41;1132.45;93;226.33;0.44;22.98;1110.34;89;245.73;0.50;25.45;660.50;51;167.00;0.28;29.08;1416.35;117;298.07;0.52;24.20;1808.34;158;260.58;0.48;16.57;1837.50;158;331.70;0.78;20.76;1564.96;129;331.55;0.61;24.36;1441.79;121;266.03;0.52;21.22;843.70;65;208.54;0.39;28.42;1657.41;140;333.14;0.52;23.11;883.32;68;229.76;0.39;29.91;966.81;91;82.72;0.19;9.84;1243.62;113;141.17;0.29;13.05;843.05;65;214.46;0.50;29.25;688.47;53;175.79;0.36;29.36;949.05;86;135.72;0.34;16.45;1390.91;126;161.87;0.36;13.38;1039.60;92;175.68;0.40;19.43;1566.21;133;269.66;0.52;19.80;831.36;64;185.40;0.39;25.65;727.44;56;178.60;0.41;28.24;1082.87;94;161.38;0.30;17.14
19873;WILLARDS CHEESE CURLS STRIP;14;27980.21;1 604;7075.56;0.28;29.08;538.89;36;153.21;0.31;32.70;434.71;29;116.68;0.20;30.87;479.68;32;118.87;0.25;28.50;434.71;29;107.73;0.27;28.50;809.46;54;201.72;0.41;28.66;688.79;46;170.23;0.36;28.42;431.73;27;98.40;0.21;26.21;639.60;40;145.77;0.29;26.21;717.95;45;162.60;0.38;26.05;976.79;61;223.52;0.39;26.32;662.61;39;176.04;0.37;30.55;814.67;48;215.93;0.45;30.48;696.59;41;185.07;0.31;30.55;674.61;39;190.68;0.31;32.50;609.86;34;146.79;0.28;27.68;555.89;31;133.70;0.27;27.66;341.81;19;105.47;0.20;35.48;447.95;25;389.52;0.77;100.00;1003.84;56;241.22;0.43;27.63;771.77;43;186.13;0.32;27.73;500.12;28;119.08;0.21;27.38;772.67;43;186.95;0.28;27.82;715.10;40;170.70;0.31;27.45;556.79;31;134.56;0.24;27.79;574.78;32;138.92;0.18;27.80;394.88;22;94.13;0.16;27.41;179.90;10;42.79;0.08;27.36;537.00;30;126.04;0.24;26.99;287.84;16;68.43;0.14;27.34;502.82;28;119.01;0.20;27.22;502.82;28;119.04;0.21;27.23;161.91;9;39.86;0.07;28.31;429.96;24;101.13;0.24;27.05;845.53;47;209.26;0.39;28.46;556.79;31;132.61;0.26;27.39;915.69;51;214.67;0.40;26.96;886.83;47;217.15;0.34;28.16;471.90;25;116.81;0.20;28.47;795.68;42;202.47;0.45;29.26;527.92;28;126.15;0.26;27.48;131.98;7;29.33;0.07;25.56;621.92;33;138.12;0.28;25.54;734.91;39;163.06;0.41;25.52;657.05;35;144.26;0.32;25.25;337.07;18;73.46;0.17;25.06;169.01;9;37.14;0.07;25.27;641.86;34;143.25;0.30;25.67;341.82;18;77.55;0.18;26.09;495.75;25;120.31;0.23;27.91
19876;WILLARDS CHEASNAKS;14;11040.73;2 987;3789.97;0.15;39.48;0.00;0;0.00;0.00;0.00;0.00;0;0.00;0.00;0.00;0.00;0;0.00;0.00;0.00;0.00;0;0.00;0.00;0.00;0.00;0;0.00;0.00;0.00;0.00;0;0.00;0.00;0.00;0.00;0;0.00;0.00;0.00;0.00;0;0.00;0.00;0.00;0.00;0;0.00;0.00;0.00;0.00;0;0.00;0.00;0.00;0.00;0;0.00;0.00;0.00;0.00;0;0.00;0.00;0.00;0.00;0;0.00;0.00;0.00;0.00;0;0.00;0.00;0.00;0.00;0;0.00;0.00;0.00;0.00;0;0.00;0.00;0.00;0.00;0;0.00;0.00;0.00;0.00;0;0.00;0.00;0.00;0.00;0;0.00;0.00;0.00;385.71;129;94.22;0.16;28.09;480.79;161;117.06;0.21;28.00;442.52;148;108.10;0.16;28.09;403.65;135;98.56;0.18;28.08;319.93;107;78.11;0.14;28.08;242.19;81;59.15;0.08;28.09;731.28;212;227.65;0.39;35.80;123.69;31;46.65;0.09;43.38;570.57;143;215.21;0.42;43.38;678.10;170;255.67;0.52;43.36;414.96;104;156.49;0.27;43.37;311.22;78;119.35;0.21;44.10;0.00;0;0.00;0.00;0.00;399.00;100;150.50;0.35;43.38;0.00;0;0.00;0.00;0.00;211.47;53;81.10;0.16;44.10;311.22;78;117.38;0.22;43.37;929.67;233;339.75;0.53;42.03;390.62;98;150.99;0.25;44.45;398.60;100;155.32;0.35;44.81;243.39;61;94.96;0.19;44.87;442.89;111;172.49;0.41;44.79;263.34;66;96.09;0.20;41.96;386.83;97;141.03;0.35;41.93;446.88;112;163.07;0.36;41.96;315.21;79;115.02;0.26;41.96;279.30;70;101.92;0.20;41.96;434.91;109;158.70;0.33;41.96;351.12;88;129.21;0.30;42.32;131.67;33;46.22;0.09;40.37
19878;BIG KORN BITES BBQ;14;18489.89;1 861;5036.81;0.20;31.33;215.73;27;59.06;0.12;31.48;167.79;21;45.94;0.08;31.48;0.00;0;0.00;0.00;0.00;0.00;0;0.00;0.00;0.00;0.00;0;0.00;0.00;0.00;0.00;0;0.00;0.00;0.00;0.00;0;0.00;0.00;0.00;0.00;0;0.00;0.00;0.00;0.00;0;0.00;0.00;0.00;0.00;0;0.00;0.00;0.00;0.00;0;0.00;0.00;0.00;0.00;0;0.00;0.00;0.00;0.00;0;0.00;0.00;0.00;0.00;0;0.00;0.00;0.00;179.82;18;54.93;0.10;35.13;299.70;30;91.55;0.18;35.13;559.44;56;171.06;0.33;35.16;549.45;55;167.84;0.33;35.13;829.17;83;253.29;0.45;35.13;679.32;68;207.58;0.35;35.14;619.38;62;189.23;0.34;35.13;539.46;54;164.83;0.25;35.14;739.26;74;225.87;0.41;35.14;549.45;55;167.90;0.30;35.14;927.57;93;282.59;0.37;35.04;559.44;56;157.45;0.27;32.37;678.32;68;181.25;0.36;30.73;309.69;31;82.37;0.16;30.59;639.36;64;170.05;0.34;30.59;829.17;83;220.50;0.37;30.58;419.08;42;111.16;0.20;30.50;449.05;45;121.10;0.22;31.01;399.60;40;106.26;0.25;30.58;299.70;30;82.04;0.15;31.48;518.98;52;140.80;0.28;31.20;579.42;58;153.79;0.29;30.52;509.49;51;119.30;0.19;26.93;599.40;60;147.56;0.25;28.31;249.75;25;61.36;0.14;28.25;589.41;59;147.46;0.30;28.77;488.01;49;121.16;0.28;28.55;579.42;58;144.64;0.30;28.71;549.45;55;128.72;0.32;26.94;489.51;49;114.80;0.26;26.97;399.60;40;93.62;0.21;26.94;499.50;50;117.03;0.22;26.94;529.47;53;124.05;0.26;26.94;229.77;23;55.28;0.13;27.67;239.76;24;53.41;0.10;25.62
19879;BIG KORN BITES TOMATO;14;16069.42;1 626;4334.25;0.17;31.02;191.76;24;52.50;0.11;31.48;191.76;24;52.50;0.09;31.48;0.00;0;0.00;0.00;0.00;0.00;0;0.00;0.00;0.00;0.00;0;0.00;0.00;0.00;0.00;0;0.00;0.00;0.00;0.00;0;0.00;0.00;0.00;0.00;0;0.00;0.00;0.00;0.00;0;0.00;0.00;0.00;0.00;0;0.00;0.00;0.00;0.00;0;0.00;0.00;0.00;0.00;0;0.00;0.00;0.00;0.00;0;0.00;0.00;0.00;0.00;0;0.00;0.00;0.00;0.00;0;0.00;0.00;0.00;399.10;40;121.63;0.24;35.05;649.35;65;199.20;0.38;35.28;819.18;82;250.23;0.50;35.13;439.56;44;134.27;0.24;35.13;489.51;49;149.57;0.25;35.14;559.44;56;170.93;0.31;35.14;648.85;65;197.99;0.30;35.09;439.56;44;134.31;0.24;35.14;519.48;52;158.74;0.29;35.14;619.38;62;189.26;0.25;35.14;478.52;48;133.77;0.23;32.15;589.41;59;158.57;0.31;30.94;549.45;55;146.13;0.28;30.59;818.68;82;217.44;0.44;30.54;728.77;73;193.50;0.33;30.53;449.05;45;119.13;0.21;30.51;389.11;39;104.61;0.19;30.92;389.61;39;103.57;0.24;30.57;239.76;24;72.31;0.13;34.68;318.68;32;85.42;0.17;30.82;499.50;50;132.85;0.25;30.59;617.49;69;98.96;0.16;18.43;259.24;26;60.55;0.10;26.86;459.54;46;114.97;0.26;28.77;299.70;30;74.98;0.15;28.77;239.76;24;59.98;0.14;28.77;389.61;39;97.31;0.20;28.72;299.70;30;70.53;0.18;27.06;239.76;24;56.48;0.13;27.09;269.73;27;63.20;0.14;26.94;339.66;34;79.58;0.15;26.94;339.66;34;79.58;0.17;26.94;299.70;30;71.37;0.16;27.38;598.40;60;128.38;0.24;24.67
19881;BIG KORN BITES BBQ;14;45402.72;2 631;8557.79;0.33;21.68;509.70;30;122.05;0.25;27.54;560.67;33;135.97;0.23;27.89;781.54;46;200.85;0.42;29.55;356.79;21;85.43;0.21;27.54;492.71;29;120.55;0.25;28.14;780.69;46;196.84;0.41;29.00;880.43;57;144.97;0.31;18.94;683.62;38;159.39;0.32;26.81;2024.73;141;33.20;0.08;1.89;935.48;52;206.53;0.36;25.39;719.60;40;163.54;0.34;26.14;2584.78;166;210.32;0.44;9.36;1456.29;81;320.93;0.53;25.34;895.50;50;213.01;0.34;27.35;1104.48;62;243.60;0.46;25.36;1493.17;83;361.57;0.73;27.85;1125.65;65;248.93;0.48;25.43;288.83;17;94.94;0.19;37.80;1933.78;126;129.44;0.23;7.70;2023.97;121;420.35;0.71;23.88;696.59;41;163.09;0.29;26.93;1666.69;107;151.23;0.23;10.43;594.65;35;131.67;0.24;25.46;934.45;55;191.02;0.34;23.51;1223.28;72;250.74;0.33;23.57;965.56;54;211.67;0.36;25.21;450.71;24;99.92;0.20;25.50;721.62;38;392.82;0.76;62.60;474.75;25;143.33;0.29;34.72;542.71;29;116.35;0.20;24.65;2047.60;128;210.90;0.37;11.84;575.68;32;111.89;0.20;22.35;647.64;36;121.79;0.29;21.63;663.83;37;130.19;0.24;22.55;761.63;42;161.01;0.32;24.31;965.64;51;238.14;0.44;28.36;738.63;37;174.20;0.27;27.12;379.81;19;111.13;0.19;33.65;399.80;20;107.67;0.24;30.97;830.77;43;192.38;0.39;26.63;768.43;42;138.08;0.32;20.66;691.67;33;210.33;0.43;34.97;1067.77;61;147.16;0.37;15.85;1515.73;88;187.67;0.42;14.24;511.75;25;110.05;0.25;24.73;819.59;41;174.83;0.33;24.53;339.83;17;73.46;0.15;24.86;1051.73;59;155.82;0.36;17.04;721.77;36;136.80;0.26;21.80
19882;BIG KORN BITES TOMATO;14;38589.23;2 210;7490.22;0.29;22.32;407.76;24;120.20;0.24;33.90;865.64;51;254.69;0.43;33.84;373.78;22;108.30;0.23;33.32;611.64;36;146.46;0.37;27.54;900.47;53;216.91;0.44;27.70;812.97;48;203.50;0.43;28.79;725.52;48;111.07;0.24;17.61;665.63;37;154.25;0.31;26.65;1057.34;73;27.55;0.07;3.00;971.46;54;214.48;0.38;25.39;701.61;39;162.19;0.34;26.59;1556.76;99;143.51;0.30;10.60;1133.37;63;250.22;0.42;25.39;719.60;40;184.79;0.30;29.53;586.77;33;139.25;0.26;27.29;1043.42;58;251.72;0.51;27.74;1192.32;68;266.57;0.51;25.71;305.82;18;64.50;0.13;24.26;1582.81;103;81.54;0.15;5.92;1121.34;66;239.37;0.41;24.55;509.70;30;112.71;0.20;25.43;1376.64;87;157.16;0.24;13.13;441.74;26;95.00;0.17;24.73;713.58;42;146.55;0.26;23.62;968.43;57;200.67;0.26;23.83;718.62;38;170.57;0.29;27.30;784.16;39;237.09;0.46;34.77;569.70;30;224.60;0.43;45.34;341.82;18;101.31;0.20;34.09;317.93;17;68.03;0.12;24.61;1245.77;78;134.14;0.24;12.38;809.55;45;156.96;0.29;22.30;917.49;51;172.54;0.40;21.63;735.79;41;142.99;0.26;22.35;733.60;40;142.31;0.28;22.31;587.74;31;153.18;0.29;29.97;1058.47;53;225.20;0.35;24.47;435.78;22;127.20;0.21;33.57;259.87;13;57.18;0.13;25.30;640.84;34;129.39;0.26;23.22;812.54;46;137.05;0.32;19.40;1124.41;59;227.92;0.47;23.31;1511.74;88;189.35;0.47;14.40;1159.70;65;171.29;0.38;16.99;571.72;28;122.66;0.28;24.67;519.74;26;109.70;0.21;24.27;19.99;1;5.94;0.01;34.17;663.78;36;109.82;0.25;19.03;702.36;36;120.63;0.23;19.75
19897;WILLARDS CHEESE CURLS;14;7951.51;1 692;2064.50;0.08;29.86;139.65;35;36.12;0.07;29.75;171.57;43;44.38;0.07;29.75;171.57;43;44.38;0.09;29.75;143.64;36;37.15;0.09;29.75;163.19;41;42.11;0.09;29.68;139.65;35;36.12;0.08;29.75;187.33;47;37.07;0.08;22.76;79.80;20;15.85;0.03;22.84;147.43;37;29.15;0.07;22.74;115.71;29;22.98;0.04;22.84;139.65;35;27.74;0.06;22.84;155.61;39;30.91;0.06;22.84;167.18;42;32.94;0.05;22.66;123.69;31;21.00;0.03;19.53;209.50;50;38.42;0.07;21.09;287.42;58;83.18;0.17;33.28;402.19;81;117.63;0.23;33.63;345.30;70;99.01;0.20;32.97;203.84;41;59.39;0.11;33.50;169.66;34;49.80;0.08;33.76;254.76;24;152.54;0.27;68.86;134.48;27;39.32;0.06;33.63;109.75;25;23.56;0.04;24.69;169.20;40;32.14;0.06;21.84;182.38;37;52.24;0.07;32.94;219.06;44;61.82;0.10;32.45;172.40;35;44.21;0.09;29.49;159.68;32;42.21;0.08;30.40;99.80;20;26.38;0.05;30.40;184.63;37;48.79;0.08;30.39;194.61;39;51.44;0.09;30.40;184.63;37;49.52;0.09;30.84;159.68;32;42.20;0.10;30.39;129.74;26;35.10;0.06;31.11;154.69;31;41.25;0.08;30.67;129.74;26;33.97;0.06;30.11;234.03;47;54.28;0.09;26.67;139.72;28;33.05;0.06;27.20;114.77;23;26.68;0.06;26.74;74.85;15;17.96;0.04;27.60;282.44;58;65.87;0.15;26.82;174.65;35;43.33;0.09;28.53;79.84;16;18.57;0.05;26.75;39.92;8;9.28;0.02;26.74;88.57;18;19.81;0.05;25.72;77.10;16;16.19;0.03;24.15;99.80;20;23.22;0.05;26.75;118.26;24;27.15;0.06;26.40;124.75;25;27.08;0.05;24.97
19898;WILLARDS FLING ORIGINAL;14;11226.44;2 496;2824.75;0.11;28.94;333.96;84;85.65;0.17;29.49;379.05;95;98.05;0.16;29.75;442.29;111;114.04;0.24;29.65;339.15;85;87.73;0.22;29.75;402.99;101;105.41;0.21;30.08;347.13;87;89.79;0.19;29.75;207.48;52;41.93;0.09;23.24;127.68;32;25.36;0.05;22.84;291.27;73;57.85;0.14;22.84;231.42;58;45.96;0.08;22.84;246.58;62;48.44;0.10;22.59;271.12;68;53.71;0.11;22.78;338.95;85;67.19;0.11;22.79;346.33;87;57.96;0.09;19.25;395.01;99;58.86;0.11;17.14;394.20;80;112.78;0.23;32.90;409.18;82;121.35;0.23;34.11;479.04;96;140.56;0.28;33.74;439.12;88;128.84;0.23;33.74;374.25;75;109.85;0.19;33.76;249.25;50;73.00;0.13;33.68;333.33;67;97.26;0.15;33.56;214.70;50;42.95;0.08;23.01;362.27;73;105.19;0.19;33.39;298.65;60;87.23;0.11;33.59;303.89;61;84.81;0.14;32.10;239.52;48;63.76;0.12;30.61;219.06;44;57.60;0.11;30.24;249.50;50;65.95;0.13;30.40;293.66;59;77.14;0.13;30.21;279.44;56;73.86;0.13;30.40;329.34;66;87.68;0.16;30.62;219.31;44;57.81;0.14;30.31;114.77;23;32.05;0.06;32.11;0.00;0;0.00;0.00;0.00;0.00;0;0.00;0.00;0.00;0.00;0;0.00;0.00;0.00;0.00;0;0.00;0.00;0.00;0.00;0;0.00;0.00;0.00;0.00;0;0.00;0.00;0.00;0.00;0;0.00;0.00;0.00;0.00;0;0.00;0.00;0.00;94.81;19;22.06;0.06;26.75;199.60;40;46.51;0.10;26.80;154.69;31;35.99;0.08;26.75;184.63;37;42.95;0.08;26.75;9.98;2;2.32;0.00;26.75;0.00;0;0.00;0.00;0.00;79.84;16;17.35;0.03;24.98
19902;WILLARDS CHEESE CURLS;14;66636.43;3 234;13327.92;0.52;23.00;1259.37;63;307.25;0.62;28.06;2239.42;130;222.03;0.37;11.40;1418.29;71;303.10;0.63;24.58;1137.43;57;246.23;0.62;24.89;1759.12;88;381.34;0.78;24.93;1119.44;56;239.75;0.51;24.63;1133.48;52;290.62;0.62;29.49;1472.23;67;406.80;0.81;31.78;769.59;41;288.81;0.68;43.16;1364.30;70;621.89;1.10;52.42;2700.25;151;243.70;0.51;10.38;1918.04;96;406.91;0.85;24.40;1855.07;93;400.77;0.67;24.84;1917.74;101;342.25;0.55;20.52;1607.00;70;428.54;0.81;30.67;1377.30;70;228.80;0.46;19.10;1213.46;64;193.14;0.37;18.30;911.52;48;168.13;0.33;21.21;1319.40;60;366.80;0.65;31.97;1627.26;74;691.42;1.17;48.86;2531.95;147;171.54;0.31;7.79;1574.37;63;474.63;0.71;34.67;2600.14;133;434.73;0.79;19.23;1259.37;63;223.56;0.40;20.41;1638.18;82;289.03;0.38;20.29;982.51;49;179.29;0.30;20.99;695.70;34;112.51;0.22;18.60;1746.88;83;310.40;0.60;20.43;1230.34;56;349.10;0.70;32.63;945.57;43;188.78;0.32;22.96;1164.37;53;266.17;0.47;26.29;687.70;30;138.50;0.25;23.16;1405.16;73;99.22;0.23;8.12;1402.39;61;337.02;0.62;27.64;1825.15;94;237.29;0.46;14.95;885.46;39;207.67;0.39;26.97;1586.29;73;300.57;0.47;21.79;1797.35;88;211.90;0.36;13.56;964.43;42;183.29;0.41;21.86;1138.69;58;61.30;0.13;6.19;1005.18;42;207.58;0.49;23.75;1246.28;52;251.10;0.51;23.17;886.43;37;185.83;0.46;24.11;910.42;38;183.23;0.41;23.14;862.44;36;173.53;0.40;23.14;1125.13;47;225.83;0.43;23.08;599.75;25;121.22;0.25;23.24;928.42;38;204.37;0.47;25.31;890.67;33;220.46;0.42;28.46
19903;WILLARDS FLINGS;14;76202.01;3 633;16227.43;0.64;24.49;1339.33;67;331.40;0.67;28.46;3037.05;171;447.59;0.75;16.95;859.57;43;202.51;0.42;27.09;1898.05;95;418.05;1.05;25.33;1879.06;94;405.33;0.83;24.81;1999.00;100;428.13;0.90;24.63;1405.36;64;362.32;0.77;29.65;1604.17;73;443.31;0.88;31.78;748.65;40;197.59;0.47;30.35;1407.28;72;551.06;0.97;45.03;1275.53;68;200.07;0.42;18.04;1018.49;51;242.97;0.51;27.43;1757.12;88;380.77;0.63;24.92;1882.04;96;357.59;0.58;21.85;2090.94;91;558.70;1.06;30.73;1890.09;96;381.28;0.77;23.20;1139.40;60;269.52;0.52;27.20;799.63;42;192.28;0.38;27.65;2021.98;92;561.40;1.00;31.93;2506.86;114;1013.91;1.72;46.51;3308.45;185;360.94;0.65;12.55;2471.51;99;746.15;1.12;34.72;2184.46;114;367.15;0.67;19.33;1419.29;71;251.01;0.45;20.34;1939.03;97;342.93;0.45;20.34;1331.35;65;428.09;0.73;36.98;1129.51;55;182.92;0.36;18.62;1477.76;69;276.64;0.53;21.53;1143.48;52;274.64;0.55;27.62;1462.28;67;277.72;0.47;21.84;636.61;29;146.31;0.26;26.43;449.65;20;81.88;0.15;20.94;2276.23;109;290.57;0.68;14.68;1287.44;56;300.11;0.55;26.81;1635.06;81;253.14;0.50;17.80;1296.43;57;327.51;0.61;29.05;1970.21;92;350.33;0.55;20.45;2038.54;99;231.08;0.39;13.04;1102.37;48;208.34;0.47;21.73;1586.69;77;146.58;0.30;10.62;1150.32;48;288.94;0.68;28.89;1508.97;63;303.40;0.62;23.12;1463.39;61;299.51;0.75;23.54;1365.03;57;274.32;0.61;23.11;1055.56;44;213.37;0.49;23.25;1846.03;77;372.35;0.71;23.20;935.61;39;189.09;0.39;23.24;983.59;41;205.35;0.47;24.01;1187.56;44;291.26;0.55;28.20
19924;WILLARDS CHEASNAKS CHSE;14;56918.93;3 945;11975.20;0.47;24.19;2885.64;231;559.80;1.13;22.31;1375.03;99;341.52;0.57;28.56;1202.44;86;303.60;0.63;29.04;1689.50;140;228.32;0.57;15.54;1860.67;133;480.05;0.98;29.67;1189.15;85;337.34;0.71;32.62;474.96;34;101.83;0.22;24.66;797.43;57;176.23;0.35;25.41;405.71;29;105.38;0.25;29.87;783.44;56;377.40;0.67;55.40;754.76;54;148.71;0.31;22.66;797.43;57;189.07;0.39;27.27;111.92;8;35.88;0.06;36.87;1546.16;99;384.70;0.62;28.61;1277.10;90;378.64;0.72;34.10;55.96;4;11.15;0.02;22.92;1604.93;107;365.18;0.70;26.17;1160.47;83;230.80;0.46;22.87;1118.50;80;222.49;0.40;22.88;1845.98;132;367.69;0.62;22.91;1215.03;87;240.84;0.43;22.79;908.65;65;196.48;0.30;24.87;642.14;46;130.41;0.24;23.36;1245.11;89;250.01;0.45;23.09;1608.27;117;301.56;0.39;21.56;1329.32;96;202.91;0.34;17.55;674.55;45;130.51;0.26;22.25;1129.80;83;167.34;0.32;17.03;239.84;16;50.74;0.10;24.33;2121.50;148;388.35;0.66;21.05;1318.99;89;439.97;0.77;38.36;1319.12;88;265.33;0.48;23.13;1199.20;80;442.00;1.03;42.39;509.66;34;96.99;0.18;21.89;344.77;23;66.22;0.13;22.09;1258.41;84;266.83;0.50;24.38;814.99;55;150.02;0.24;21.17;1443.43;94;255.80;0.43;20.38;763.70;45;171.59;0.39;25.84;1178.75;83;158.05;0.32;15.42;3360.94;226;473.58;1.11;16.20;2606.17;175;380.37;0.78;16.78;2775.42;192;333.26;0.83;13.81;1187.34;66;312.22;0.69;30.24;951.67;53;256.76;0.59;31.03;809.55;45;230.10;0.44;32.69;0.00;0;0.00;0.00;0.00;521.71;29;139.42;0.32;30.73;503.72;28;131.74;0.25;30.08
19931;NESTLE PEPPERMINT CRISP;14;100444.50;5 535;28333.30;1.11;32.44;1081.77;83;262.12;0.53;27.87;986.99;71;253.76;0.43;29.57;876.47;63;225.77;0.47;29.62;963.91;69;250.72;0.63;29.91;878.57;63;227.59;0.46;29.79;991.89;71;258.02;0.54;29.91;727.48;52;189.86;0.40;30.01;1255.60;90;325.57;0.65;29.82;1886.55;135;491.09;1.16;29.94;2238.40;160;584.19;1.03;30.01;1562.68;112;405.28;0.84;29.83;908.65;65;236.72;0.49;29.96;908.65;65;236.72;0.39;29.96;1709.10;115;468.95;0.76;31.55;1206.69;81;303.53;0.57;28.93;1657.14;111;419.01;0.84;29.08;1555.96;104;395.48;0.76;29.23;1832.32;113;441.85;0.88;27.73;2260.44;126;805.52;1.43;40.98;2710.19;151;966.43;1.64;41.01;2154.30;120;768.46;1.38;41.02;5454.56;304;1944.17;2.92;40.99;2994.43;167;1059.75;1.92;40.70;2461.93;137;798.07;1.44;37.28;2100.33;117;679.66;0.89;37.21;2364.00;130;629.06;1.07;30.60;2049.02;108;583.86;1.14;32.77;2293.04;121;808.03;1.56;40.52;1876.21;99;418.64;0.84;25.66;2312.98;122;513.61;0.87;25.54;2978.58;157;790.45;1.39;30.52;3083.97;163;922.78;1.68;34.41;3525.49;186;1058.52;2.48;34.53;2935.85;155;880.31;1.63;34.48;1877.16;99;564.00;1.10;34.55;1753.70;80;423.58;0.79;27.78;2128.63;97;650.61;1.02;35.15;1338.09;61;408.68;0.69;35.12;2192.40;100;668.93;1.50;35.09;1362.28;62;417.34;0.85;35.23;1802.08;82;442.39;1.04;28.23;2562.93;117;641.76;1.31;28.80;2517.85;115;629.69;1.57;28.76;3476.61;159;785.05;1.74;25.97;2478.27;113;573.20;1.31;26.60;5109.37;233;1190.48;2.28;26.80;1577.78;72;360.99;0.75;26.31;1401.86;64;367.01;0.85;30.11;2081.35;95;606.03;1.14;33.48
19932;NESTLE TEX CHOC LGE;14;397275.60;34 167;66430.27;2.60;19.23;8877.76;967;1158.58;2.33;15.01;6058.89;636;967.25;1.62;18.36;6489.28;667;1130.10;2.36;20.03;8556.22;979;393.87;0.99;5.29;7158.48;740;955.79;1.95;15.35;7010.93;674;1324.26;2.79;21.72;9225.55;840;1959.26;4.15;24.42;10252.43;989;1865.56;3.72;20.93;7196.15;705;1124.47;2.66;17.97;8402.01;754;1931.58;3.40;26.44;8888.46;845;1547.93;3.22;20.03;6946.66;599;1638.44;3.42;27.12;9463.86;879;1963.93;3.27;23.86;10187.61;962;1887.31;3.04;21.30;11645.91;1 164;1854.55;3.50;18.31;10076.03;990;1817.67;3.65;20.75;7649.11;714;1557.52;2.98;23.42;5837.32;507;1283.51;2.55;25.29;12834.35;1 157;2075.60;3.69;18.60;12737.06;1 154;2019.82;3.42;18.24;11155.37;1 041;1582.68;2.85;16.32;9175.84;793;1684.37;2.53;21.11;7598.06;634;1522.96;2.76;23.05;6057.21;439;1468.21;2.64;27.87;7121.10;531;1635.69;2.14;26.42;9229.53;713;2031.88;3.45;25.32;10461.02;876;1742.21;3.41;19.15;9322.39;756;1658.85;3.20;20.46;11673.84;965;1675.01;3.38;16.50;8833.01;679;1630.92;2.77;21.23;5413.95;385;1277.39;2.24;27.13;7113.06;563;1171.50;2.14;18.94;7443.70;618;966.36;2.26;14.93;7928.18;663;1005.65;1.86;14.59;4792.30;320;1261.84;2.47;30.28;4618.81;318;1025.57;1.91;25.53;4966.72;345;1074.16;1.69;24.87;7336.52;586;868.25;1.46;13.61;8627.27;726;510.00;1.15;6.80;7998.27;601;1070.16;2.19;15.39;9240.97;683;1217.60;2.86;15.15;9019.51;641;1472.90;3.01;18.78;6060.85;433;920.84;2.30;17.47;9108.60;681;962.60;2.14;12.15;8451.56;646;778.16;1.78;10.59;6974.19;535;543.98;1.04;8.97;4666.68;292;1095.51;2.28;27.00;5086.27;351;898.54;2.08;20.32;6306.75;431;1219.51;2.30;22.24
19938;NESTLE SMARTIES;14;110629.88;9 122;22404.80;0.88;23.29;1920.79;182;437.20;0.88;26.18;1566.09;145;383.39;0.64;28.15;2676.95;258;596.85;1.24;25.64;1733.19;169;349.02;0.87;23.16;2457.70;230;602.57;1.23;28.20;2309.16;212;494.45;1.04;24.62;2889.82;263;616.54;1.30;24.54;3689.78;348;727.96;1.45;22.69;2775.31;262;516.67;1.22;21.41;2803.23;250;655.59;1.16;26.90;3463.37;327;618.99;1.29;20.55;2586.62;223;611.58;1.28;27.19;3158.56;296;607.88;1.01;22.13;3805.66;333;921.98;1.49;27.86;4055.11;376;809.82;1.53;22.97;2374.66;218;487.55;0.98;23.61;3202.66;276;807.20;1.55;28.98;2010.72;168;482.03;0.96;27.57;2866.48;255;496.73;0.88;19.93;2650.75;231;505.16;0.86;21.92;1873.79;176;250.70;0.45;15.39;1970.38;169;373.01;0.56;21.77;2468.14;206;494.29;0.90;23.03;1749.22;128;419.09;0.75;27.55;2124.38;152;536.72;0.70;29.05;1649.38;125;387.23;0.66;27.00;1117.43;89;223.89;0.44;23.04;1580.09;119;364.59;0.70;26.53;1939.44;153;327.29;0.66;19.41;1919.73;140;421.92;0.72;25.27;1653.83;117;395.63;0.69;27.51;1890.51;139;406.57;0.74;24.73;1931.13;144;396.19;0.93;23.59;1456.43;112;268.53;0.50;21.20;1737.34;116;442.82;0.87;29.31;1783.14;121;412.55;0.77;26.61;1810.88;123;417.86;0.66;26.54;2359.22;174;415.02;0.70;20.23;2643.21;203;352.80;0.79;15.35;2018.68;145;335.02;0.69;19.09;2411.62;173;373.17;0.88;17.80;2541.06;176;454.94;0.93;20.59;2250.98;156;388.32;0.97;19.84;1760.91;126;252.25;0.56;16.47;1739.20;125;251.78;0.58;16.65;2357.45;173;267.46;0.51;13.05;1470.28;92;325.73;0.68;25.48;1446.44;97;289.45;0.67;23.01;1978.98;131;430.78;0.81;25.03
19943;NESTLE SLAB KRACKLE;14;51382.24;2 755;10951.52;0.43;24.51;878.78;52;223.39;0.45;29.23;2550.65;179;219.96;0.37;9.92;1723.21;119;264.05;0.55;17.62;1639.21;119;134.52;0.34;9.44;1165.75;65;308.59;0.63;30.44;645.84;36;171.08;0.36;30.46;2668.09;182;286.50;0.61;12.35;827.54;46;242.49;0.48;33.70;826.64;46;241.71;0.57;33.63;863.52;48;230.20;0.41;30.66;753.78;42;199.86;0.42;30.49;1005.64;56;267.00;0.56;30.53;1506.66;84;398.93;0.66;30.45;1260.36;64;333.68;0.54;30.45;1199.40;60;317.87;0.60;30.48;1018.49;51;269.32;0.54;30.41;796.60;40;209.31;0.40;30.22;1312.34;66;343.57;0.68;30.11;895.56;45;234.93;0.42;30.17;1478.26;74;391.17;0.66;30.43;477.76;24;125.41;0.23;30.19;1494.25;75;422.79;0.64;32.54;2490.65;154;319.90;0.58;14.77;1230.34;56;347.05;0.62;32.44;1732.57;96;247.45;0.32;16.42;1011.54;46;268.71;0.46;30.55;678.39;31;171.01;0.34;28.99;1228.14;56;342.49;0.66;32.07;855.41;39;205.73;0.41;27.66;1250.13;57;300.61;0.51;27.65;615.72;28;149.08;0.26;27.84;548.65;25;132.15;0.24;27.70;658.60;30;158.77;0.37;27.72;593.73;27;153.45;0.28;29.72;549.75;25;140.03;0.27;29.29;262.78;12;66.40;0.12;29.06;1184.82;57;264.92;0.42;25.71;1209.72;61;228.58;0.38;21.73;701.73;33;166.25;0.37;27.25;875.61;40;210.72;0.43;27.68;1535.27;79;130.27;0.31;9.76;974.43;46;212.04;0.43;25.02;724.57;33;159.23;0.40;25.27;331.85;15;70.94;0.16;24.59;574.56;24;129.65;0.30;25.95;933.21;39;210.29;0.40;25.91;717.70;30;163.72;0.34;26.23;349.64;16;70.71;0.16;23.26;574.40;27;95.03;0.18;19.03
19944;NESTLE SLAB SMARTIES;14;64330.62;3 559;12987.20;0.51;23.22;850.50;50;220.49;0.44;29.81;3477.57;251;213.00;0.36;7.04;4303.84;326;341.82;0.71;9.13;2185.58;172;44.69;0.11;2.35;1059.61;59;290.42;0.59;31.52;755.58;42;201.42;0.42;30.66;3367.70;232;324.48;0.69;11.08;1474.28;82;431.48;0.86;33.66;1852.07;103;542.19;1.28;33.67;1527.35;85;406.07;0.72;30.57;1437.40;80;382.09;0.79;30.57;1402.32;78;373.29;0.78;30.61;1079.40;60;287.75;0.48;30.66;1150.42;58;345.22;0.56;34.51;859.57;43;227.81;0.43;30.48;1119.44;56;296.68;0.60;30.48;859.57;43;227.81;0.44;30.48;1058.47;53;279.92;0.56;30.41;1099.45;55;291.38;0.52;30.48;1239.38;62;328.47;0.56;30.48;977.51;49;257.86;0.46;30.34;1638.18;82;475.23;0.71;33.36;2915.36;172;474.94;0.86;18.73;1429.35;65;402.33;0.72;32.37;2563.62;146;302.85;0.40;13.59;1406.26;64;373.10;0.63;30.51;1604.17;73;401.45;0.79;28.78;1516.21;69;423.96;0.82;32.16;1272.12;58;313.55;0.63;28.34;2503.56;114;604.09;1.03;27.75;1363.38;62;330.10;0.58;27.84;615.72;28;149.08;0.27;27.84;417.81;19;101.16;0.24;27.84;659.70;30;174.97;0.32;30.50;636.61;29;164.53;0.32;29.72;483.78;22;121.98;0.23;29.00;705.03;35;142.70;0.22;23.28;1831.93;97;275.51;0.46;17.30;254.75;12;61.29;0.14;27.67;444.68;21;98.01;0.20;25.35;952.19;51;84.43;0.20;10.20;1139.26;54;216.34;0.44;21.84;747.66;34;161.61;0.40;24.86;351.84;16;76.05;0.17;24.86;493.68;22;103.76;0.24;24.17;988.58;42;215.24;0.41;25.04;477.80;20;108.22;0.23;26.05;593.73;27;125.77;0.29;24.36;1186.65;56;190.59;0.36;18.47
19948;NESTLE SLAB M/BAR SMARTIE;14;56390.50;3 054;11781.87;0.46;24.03;445.89;26;115.68;0.23;29.84;2720.98;201;107.23;0.18;4.53;2229.43;167;201.37;0.42;10.39;1492.85;115;52.00;0.13;4.01;628.75;35;167.07;0.34;30.56;737.59;41;196.63;0.41;30.66;2675.68;182;288.89;0.61;12.42;1169.35;65;342.65;0.68;33.70;2046.36;114;597.04;1.41;33.55;1364.54;76;362.13;0.64;30.52;1006.54;56;267.78;0.56;30.59;1024.53;57;272.58;0.57;30.60;1402.32;78;373.29;0.62;30.61;1309.34;66;384.26;0.62;33.75;1017.49;51;268.45;0.51;30.34;979.51;49;259.60;0.52;30.48;958.52;48;253.43;0.49;30.41;1099.45;55;291.38;0.58;30.48;1059.47;53;280.79;0.50;30.48;1239.38;62;328.47;0.56;30.48;978.51;49;258.73;0.47;30.41;1697.15;85;492.35;0.74;33.36;2969.41;177;456.26;0.83;17.67;1099.50;50;302.54;0.54;31.64;2684.53;154;305.05;0.40;13.07;1404.06;64;370.24;0.63;30.32;1429.35;65;355.47;0.70;28.60;1099.50;50;304.66;0.59;31.87;1317.20;60;327.06;0.66;28.55;789.44;36;189.76;0.32;27.64;657.50;30;157.81;0.28;27.60;549.75;25;133.11;0.24;27.84;681.69;31;165.05;0.39;27.84;856.51;39;228.86;0.42;30.73;614.62;28;159.21;0.31;29.79;659.70;30;165.27;0.31;28.81;876.96;43;184.58;0.29;24.20;1353.72;69;244.50;0.41;20.77;554.63;26;129.20;0.29;26.79;761.67;35;180.90;0.37;27.31;1554.68;77;158.36;0.37;11.71;897.53;42;200.53;0.41;25.69;329.85;15;74.63;0.19;26.02;372.73;17;79.85;0.18;24.64;570.64;26;122.63;0.28;24.71;850.53;37;188.07;0.36;25.43;670.52;28;153.53;0.32;26.33;590.43;27;123.76;0.29;24.10;910.22;42;159.22;0.30;20.12
19949;NESTLE SLAB MILKY BAR;14;73796.45;3 932;15807.52;0.62;24.63;885.78;52;228.52;0.46;29.67;2217.81;152;237.50;0.40;12.32;3604.74;276;260.50;0.54;8.31;2114.56;164;59.72;0.15;3.25;986.75;55;261.42;0.53;30.47;770.87;43;203.87;0.43;30.41;3701.69;250;433.70;0.92;13.47;1483.27;83;428.93;0.86;33.26;896.80;50;261.23;0.62;33.50;2032.87;113;541.92;0.96;30.66;1294.38;72;344.51;0.72;30.61;1599.31;89;425.26;0.89;30.58;1487.77;83;393.35;0.65;30.40;1792.09;91;471.00;0.76;30.22;1848.07;93;483.14;0.91;30.06;1432.28;72;375.36;0.75;30.14;1611.19;81;422.17;0.81;30.13;1255.37;63;330.29;0.66;30.26;832.58;42;216.42;0.39;29.89;1379.31;69;365.55;0.62;30.48;859.57;43;227.81;0.41;30.48;1616.19;81;478.55;0.72;34.05;2302.61;140;314.70;0.57;15.72;1402.96;64;390.12;0.70;31.98;3194.09;177;458.69;0.60;16.51;2697.07;123;711.47;1.21;30.34;2149.52;98;538.86;1.06;28.83;2761.94;126;771.94;1.49;32.14;1863.65;85;462.05;0.93;28.51;1621.76;74;389.21;0.66;27.60;986.25;45;236.72;0.42;27.60;549.75;25;133.11;0.24;27.84;1031.33;47;248.32;0.58;27.69;637.71;29;171.72;0.32;30.97;636.61;29;168.69;0.33;30.47;658.60;30;161.54;0.30;28.21;1370.76;66;308.66;0.48;25.90;1546.63;80;261.88;0.44;19.47;1527.21;73;345.54;0.78;26.02;1236.37;57;291.08;0.60;27.08;1556.31;79;178.30;0.42;13.17;1619.91;75;332.56;0.68;23.61;1561.29;71;337.48;0.84;24.86;808.66;34;205.23;0.46;29.19;935.61;39;212.38;0.49;26.10;911.62;38;206.94;0.40;26.10;839.65;35;191.65;0.40;26.25;765.66;34;160.80;0.37;24.15;919.67;42;167.16;0.32;20.90
19967;NESTLE AERO MILK;14;67656.61;3 081;12938.60;0.51;21.99;461.79;21;129.21;0.26;32.18;263.88;12;73.83;0.12;32.18;417.81;19;116.90;0.24;32.18;351.84;16;98.34;0.25;32.14;1581.71;88;190.37;0.39;13.84;427.90;23;63.80;0.13;17.15;657.50;30;169.01;0.36;29.56;1359.45;72;241.23;0.48;20.41;1117.48;58;197.74;0.47;20.35;1055.52;48;262.07;0.46;28.55;1010.44;46;250.19;0.52;28.47;768.55;35;190.13;0.40;28.45;812.53;37;201.05;0.33;28.46;1163.27;53;302.89;0.49;29.94;1744.90;94;257.43;0.49;16.97;820.57;39;198.54;0.40;27.82;833.42;38;221.59;0.42;30.58;943.37;43;244.73;0.49;29.83;1165.47;53;313.72;0.56;30.96;1814.42;104;218.67;0.37;13.86;1513.54;82;225.53;0.41;17.14;1271.02;58;312.84;0.47;28.31;1166.97;53;286.51;0.52;28.23;1294.84;56;283.26;0.51;25.16;2002.62;90;387.09;0.51;22.23;1965.98;82;488.09;0.83;28.55;2314.78;102;548.64;1.08;27.26;1343.44;56;325.52;0.63;27.86;2154.30;90;475.42;0.96;25.38;1582.14;66;349.94;0.60;25.44;1270.27;53;299.51;0.53;27.12;2119.93;99;388.49;0.71;21.07;1390.22;58;336.66;0.79;27.85;1578.54;66;442.86;0.82;32.26;1101.14;46;301.03;0.59;31.44;1293.23;52;288.00;0.54;25.61;2364.94;105;536.72;0.84;26.10;809.81;33;211.56;0.36;30.04;4091.65;208;448.56;1.01;12.61;1927.13;93;243.04;0.50;14.50;2444.33;121;41.65;0.10;1.96;3343.14;145;474.65;0.97;16.33;1048.33;42;204.04;0.51;22.38;1376.70;55;235.94;0.52;19.71;754.37;28;143.95;0.33;21.94;1078.25;40;196.30;0.38;20.94;1492.93;57;231.67;0.48;17.85;947.46;34;197.11;0.46;23.92;1842.79;82;92.58;0.17;5.78
19968;NESTLE AERO PEPPERMINT;14;75329.54;3 414;15184.78;0.59;23.18;809.23;37;223.83;0.45;31.81;715.77;33;194.43;0.33;31.24;657.50;30;182.67;0.38;31.95;769.65;35;215.15;0.54;32.15;1239.49;66;194.54;0.40;18.05;608.02;28;162.81;0.34;30.79;946.66;44;230.37;0.49;27.99;965.36;44;264.45;0.53;31.50;937.87;43;228.07;0.54;27.97;1643.75;75;404.70;0.71;28.31;1266.62;58;309.01;0.64;28.06;1376.57;63;336.31;0.70;28.10;1115.99;51;273.66;0.46;28.20;1442.54;66;374.07;0.60;29.82;1721.81;93;250.42;0.47;16.73;2325.99;119;425.33;0.85;21.03;1224.84;56;323.76;0.62;30.40;1747.10;80;452.39;0.90;29.78;1341.39;61;355.61;0.63;30.49;2597.76;143;390.18;0.66;17.27;1937.42;107;265.64;0.48;15.77;1531.60;70;375.49;0.56;28.19;1555.79;71;382.86;0.69;28.30;1290.24;56;279.26;0.50;24.89;2568.94;116;488.29;0.64;21.86;1649.31;69;411.12;0.70;28.67;2901.59;121;786.17;1.54;31.16;1289.46;54;308.68;0.60;27.53;1692.49;71;370.16;0.75;25.15;1630.12;68;360.57;0.61;25.44;1435.80;60;338.12;0.59;27.08;2181.57;103;386.66;0.71;20.38;1075.95;45;255.24;0.60;27.28;1583.34;66;451.52;0.83;32.79;740.09;31;194.63;0.38;30.24;1024.59;41;232.99;0.43;26.15;2319.60;104;510.16;0.80;25.29;823.42;33;222.70;0.38;31.10;3823.11;178;663.52;1.49;19.96;2002.54;94;291.09;0.60;16.72;2876.54;138;191.57;0.45;7.66;2750.01;126;291.52;0.60;12.19;1245.75;50;218.40;0.54;20.16;750.45;30;131.43;0.29;20.14;1153.56;44;222.98;0.51;22.23;1268.53;47;237.12;0.45;21.50;1356.24;51;225.08;0.47;19.09;1003.44;36;210.25;0.49;24.10;2414.14;109;89.85;0.17;4.28
19969;NESTLE AERO DUET;14;41004.94;1 916;7345.53;0.29;20.60;197.91;9;55.37;0.11;32.18;109.95;5;30.76;0.05;32.18;483.78;22;135.36;0.28;32.18;196.81;9;54.22;0.14;31.68;625.89;35;72.62;0.15;13.34;714.80;41;67.36;0.14;10.84;197.91;9;50.92;0.11;29.59;1303.72;71;205.83;0.41;18.16;249.93;13;43.29;0.10;19.92;615.72;28;152.87;0.27;28.55;856.51;39;211.97;0.44;28.46;568.44;26;139.08;0.29;28.14;483.78;22;120.11;0.20;28.55;439.80;20;118.70;0.19;31.04;1098.09;62;118.51;0.22;12.41;189.96;12;1.24;0.00;0.75;263.88;12;70.86;0.14;30.88;767.45;35;202.84;0.40;30.39;1055.52;48;280.48;0.50;30.56;1698.13;97;209.03;0.35;14.16;800.71;43;123.65;0.22;17.76;637.71;29;158.33;0.24;28.55;681.69;31;169.25;0.31;28.55;769.67;33;172.69;0.31;25.80;975.75;44;186.37;0.24;21.96;767.68;32;190.17;0.32;28.49;2047.53;96;402.38;0.79;22.60;910.42;38;219.85;0.42;27.77;1075.95;45;238.15;0.48;25.45;887.63;37;196.76;0.33;25.49;575.76;24;127.63;0.22;25.49;2130.00;101;364.23;0.66;19.67;692.11;29;165.45;0.39;27.49;959.60;40;264.45;0.49;31.69;932.01;39;260.93;0.51;32.20;724.71;29;165.77;0.31;26.31;1635.74;76;329.22;0.52;23.15;652.81;29;142.45;0.24;25.09;2608.69;133;280.21;0.63;12.35;1167.82;58;129.15;0.26;12.72;1559.97;77;25.94;0.06;1.91;1155.20;54;86.99;0.18;8.66;1020.84;41;177.36;0.44;19.98;605.76;24;106.79;0.24;20.27;294.19;11;50.00;0.11;19.54;377.86;14;66.62;0.13;20.28;508.81;19;86.93;0.18;19.65;475.83;17;103.20;0.24;24.94;1254.51;58;13.16;0.02;1.21
19970;NESTLE AERO MILK;14;61693.62;1 657;13115.57;0.51;24.45;578.17;18;158.83;0.32;31.59;526.19;16;129.67;0.22;28.34;1121.66;34;281.76;0.59;28.89;524.54;16;136.05;0.34;29.83;2049.13;75;264.47;0.54;14.84;1049.75;34;238.34;0.50;26.11;1385.58;42;344.15;0.73;28.56;1482.90;45;395.80;0.79;30.69;989.70;30;263.63;0.62;30.63;1153.00;35;285.35;0.50;28.46;889.08;27;223.76;0.47;28.94;1371.89;46;268.48;0.56;22.51;1861.71;64;319.60;0.53;19.74;1350.78;37;357.15;0.58;30.41;1109.70;30;285.42;0.54;29.58;848.92;23;239.26;0.48;32.41;1006.10;29;234.93;0.45;26.85;1899.00;53;414.40;0.82;25.10;1255.81;34;284.17;0.51;26.02;1366.78;37;309.38;0.52;26.03;1290.95;35;290.97;0.52;25.92;2106.58;57;477.49;0.72;26.07;846.37;23;187.51;0.34;25.48;1787.55;45;396.09;0.71;25.48;1471.63;37;327.30;0.43;25.58;2109.47;53;470.10;0.80;25.63;1867.53;47;435.54;0.85;26.82;1453.59;41;241.61;0.47;19.12;2551.82;68;468.64;0.95;21.12;2005.46;54;347.97;0.59;19.95;1313.67;33;260.23;0.46;22.78;1117.72;28;223.49;0.41;22.99;1033.74;26;203.92;0.48;22.69;1959.51;49;394.15;0.73;23.13;1517.62;38;297.59;0.58;22.55;953.76;24;149.82;0.28;18.06;1544.64;36;323.85;0.51;24.11;1392.44;31;333.08;0.56;27.51;175.46;4;39.32;0.09;25.77;584.87;13;138.32;0.28;27.20;1385.69;31;247.42;0.58;20.53;782.82;18;124.73;0.26;18.32;1342.95;30;241.14;0.60;20.65;1248.73;27;236.63;0.53;21.79;777.34;16;159.56;0.37;23.61;1384.72;28;300.43;0.58;24.95;894.82;18;198.56;0.41;25.52;663.60;15;113.72;0.26;19.71;308.18;7;51.77;0.10;19.32
19975;NESTLE AERO MILK;14;66244.56;5 068;12439.60;0.49;21.60;604.45;55;160.79;0.32;30.59;985.54;106;131.02;0.22;15.29;1552.33;160;266.88;0.56;19.77;669.58;67;107.24;0.27;18.42;755.37;63;164.12;0.33;24.99;527.56;44;114.62;0.24;24.99;431.04;36;93.26;0.20;24.88;478.40;40;103.16;0.21;24.80;670.24;56;144.84;0.34;24.85;479.60;40;104.20;0.18;24.99;359.70;30;78.15;0.16;24.99;335.72;28;72.94;0.15;24.99;580.36;56;66.68;0.11;13.21;744.02;59;174.64;0.28;26.99;911.15;67;235.13;0.44;29.68;1556.70;112;514.03;1.03;37.97;1777.99;141;527.67;1.01;34.13;3022.33;217;904.32;1.80;34.41;1388.47;113;317.55;0.57;26.30;633.64;53;133.70;0.23;24.27;1169.29;96;269.52;0.48;26.51;654.14;51;160.44;0.24;28.21;461.67;33;136.13;0.25;33.91;446.98;32;109.89;0.20;28.27;509.29;38;123.09;0.16;27.79;622.61;46;158.04;0.27;29.19;1544.46;121;328.24;0.64;24.44;742.61;58;155.60;0.30;24.10;1371.83;112;206.52;0.42;17.31;1249.65;96;231.28;0.39;21.28;675.52;48;159.72;0.28;27.19;921.58;71;169.05;0.31;21.09;1113.91;89;175.62;0.41;18.13;996.09;80;154.51;0.29;17.84;733.76;49;187.15;0.37;29.33;982.69;68;214.97;0.40;25.16;2403.88;167;519.69;0.82;24.86;2772.50;216;379.39;0.64;15.74;2940.66;234;303.26;0.68;11.86;2895.96;206;500.80;1.03;19.89;3343.56;243;470.36;1.10;16.18;2854.41;199;499.13;1.02;20.11;2493.82;173;434.46;1.08;20.03;2980.89;221;337.95;0.75;13.04;1970.96;147;226.21;0.52;13.20;2184.28;171;130.94;0.25;6.89;2120.27;133;494.44;1.03;26.82;1754.54;122;316.10;0.73;20.72;2868.56;205;472.13;0.89;18.93
19976;NESTLE AERO MINT;14;44368.22;3 453;9003.19;0.35;23.34;604.45;55;160.79;0.32;30.59;1196.95;131;142.20;0.24;13.66;1577.22;168;229.52;0.48;16.74;673.03;72;81.83;0.21;13.98;443.03;37;95.87;0.20;24.88;227.21;19;48.97;0.10;24.79;226.61;19;48.45;0.10;24.59;467.61;39;101.60;0.20;24.99;706.21;59;152.66;0.36;24.86;538.95;45;116.71;0.21;24.90;491.59;41;106.81;0.22;24.99;562.93;47;121.92;0.25;24.91;920.13;85;135.33;0.23;16.91;681.11;51;171.62;0.28;28.98;270.88;22;52.60;0.10;22.33;695.20;50;228.82;0.46;37.85;1189.15;85;414.50;0.79;40.09;1327.65;95;424.15;0.84;36.74;1166.25;94;275.78;0.49;27.19;1262.54;98;332.49;0.56;30.28;973.82;80;224.88;0.40;26.56;768.39;59;199.50;0.30;29.86;685.51;49;201.09;0.37;33.73;685.51;49;169.80;0.31;28.49;451.04;34;106.10;0.14;27.05;996.39;74;246.01;0.42;28.39;1167.38;89;270.77;0.53;26.67;744.88;57;165.69;0.32;25.58;1054.60;85;162.95;0.33;17.77;1288.63;99;238.45;0.41;21.28;1009.58;72;236.37;0.42;26.92;896.11;69;164.72;0.30;21.14;1383.51;108;240.76;0.56;20.01;1092.27;82;222.05;0.41;23.38;674.55;45;185.01;0.36;31.54;852.97;58;196.22;0.37;26.46;785.71;53;184.76;0.29;27.04;1089.50;84;157.37;0.27;16.61;1462.97;114;179.78;0.40;14.13;1454.89;108;207.01;0.42;16.36;1094.27;73;210.52;0.49;22.12;1348.35;90;276.53;0.57;23.58;936.22;65;162.29;0.40;19.93;941.57;68;128.53;0.29;15.70;911.64;67;114.48;0.26;14.44;1441.38;112;100.22;0.19;8.00;1215.24;76;287.30;0.60;27.19;706.62;49;141.33;0.33;23.00;1026.02;73;180.08;0.34;20.18
19978;NESTLE AERO DUET;14;23192.44;1 837;4151.44;0.16;20.58;318.71;29;84.78;0.17;30.59;783.84;92;47.31;0.08;6.94;1057.88;111;167.00;0.35;18.15;357.88;40;32.22;0.08;10.35;227.81;19;49.50;0.10;24.99;275.77;23;59.92;0.13;24.99;59.95;5;13.03;0.03;24.99;143.88;12;31.26;0.06;24.99;143.88;12;31.26;0.07;24.99;191.84;16;41.68;0.07;24.99;154.67;13;32.82;0.07;24.40;191.84;16;41.68;0.09;24.99;309.06;30;34.12;0.06;12.70;111.22;8;30.19;0.05;31.21;196.78;15;46.37;0.09;27.10;335.76;24;111.98;0.22;38.35;558.90;40;189.00;0.36;38.89;573.59;41;171.48;0.34;34.38;664.91;54;153.17;0.27;26.49;318.78;27;64.25;0.11;23.18;262.56;21;65.56;0.12;28.71;537.64;42;131.31;0.20;28.09;251.82;18;74.63;0.14;34.08;97.93;7;24.17;0.04;28.39;288.44;22;65.69;0.09;26.19;395.78;30;94.58;0.16;27.48;413.74;31;100.06;0.20;27.81;577.68;44;129.10;0.25;25.70;549.78;44;89.49;0.18;18.72;459.75;35;87.93;0.15;21.99;241.83;17;58.82;0.10;27.97;503.33;40;81.28;0.15;18.57;477.38;39;67.62;0.16;16.29;772.70;68;66.03;0.12;9.83;269.82;18;73.06;0.14;31.14;269.07;18;64.68;0.12;27.65;431.80;31;83.92;0.13;22.35;549.78;44;64.25;0.11;13.44;876.53;73;62.17;0.14;8.16;673.75;51;86.02;0.18;14.68;661.88;46;112.23;0.26;19.50;817.76;56;153.73;0.31;21.62;569.66;39;105.40;0.26;21.28;721.92;52;98.30;0.22;15.66;646.82;49;66.56;0.15;11.83;934.63;73;65.37;0.13;8.04;1118.50;70;255.65;0.53;26.29;867.55;62;132.87;0.31;17.61;975.66;70;157.97;0.30;18.62
19981;KIT KAT CHOC DARK 4FINGER;14;80267.70;6 594;16150.34;0.63;23.14;1206.63;128;173.49;0.35;16.53;1357.55;140;226.90;0.38;19.22;1268.16;131;216.29;0.45;19.61;1584.50;172;170.03;0.43;12.34;1787.73;164;393.28;0.80;25.30;1696.96;152;399.88;0.84;27.10;1784.11;149;480.12;1.02;30.95;1709.08;148;431.21;0.86;29.02;1954.42;176;433.38;1.02;25.50;1544.31;129;423.37;0.75;31.53;1799.60;168;335.59;0.70;21.45;1821.28;152;465.81;0.97;29.41;2744.70;250;579.45;0.96;24.28;2629.82;246;503.91;0.81;22.04;2774.11;275;459.68;0.87;19.06;1735.98;170;284.72;0.57;18.86;1878.65;171;398.09;0.76;24.37;2017.13;182;395.16;0.78;22.53;2186.91;193;441.82;0.79;23.23;1579.16;138;335.36;0.57;24.42;1610.98;143;300.83;0.54;21.47;1430.32;114;335.26;0.50;26.96;837.71;64;210.38;0.38;28.88;1368.23;98;338.37;0.61;28.44;1231.68;90;313.68;0.41;29.29;1404.76;105;350.00;0.59;28.65;1994.12;160;393.93;0.77;22.72;1337.24;102;299.44;0.58;25.75;1795.89;136;378.19;0.76;24.22;936.04;70;203.61;0.35;25.01;1497.44;106;357.65;0.63;27.47;1909.47;142;395.47;0.72;23.82;1708.35;135;282.66;0.66;19.03;1359.46;104;263.54;0.49;22.29;1062.79;71;287.39;0.56;31.10;1396.38;95;320.77;0.60;26.42;1903.85;130;432.87;0.68;26.15;1711.90;129;275.36;0.46;18.50;1551.89;124;148.01;0.33;10.97;1791.30;127;314.11;0.64;20.17;1798.24;125;278.17;0.65;17.79;1227.80;85;217.04;0.44;20.33;710.59;49;127.18;0.32;20.58;1572.10;115;198.49;0.44;14.52;1790.81;126;279.94;0.64;17.98;1814.42;133;209.27;0.40;13.26;1547.08;92;425.38;0.89;31.62;1368.43;87;321.02;0.74;26.98;1537.64;103;344.80;0.65;25.79
19982;KIT KAT CHOC WHITE 4F;14;120856.24;10 004;23539.55;0.92;22.40;1696.09;178;261.51;0.53;17.73;1482.53;151;259.95;0.44;20.16;2095.17;218;345.59;0.72;18.97;2149.98;239;192.59;0.48;10.30;2022.85;191;408.44;0.83;23.22;2091.63;189;482.70;1.02;26.54;1618.05;135;431.36;0.91;30.66;2179.41;193;519.44;1.04;27.41;2094.67;187;475.45;1.12;26.10;2253.52;188;619.52;1.09;31.61;2188.92;205;399.70;0.83;21.00;1737.95;145;445.03;0.93;29.45;3466.24;322;679.11;1.13;22.53;3030.03;286;600.29;0.97;22.78;3972.94;388;751.49;1.42;21.75;3054.44;292;561.92;1.13;21.16;2811.93;262;545.54;1.04;22.31;2586.04;229;536.36;1.07;23.85;4496.24;403;856.91;1.53;21.92;4206.85;380;780.76;1.32;21.34;4311.40;394;688.62;1.24;18.37;3753.99;301;872.90;1.31;26.74;2671.00;205;671.78;1.22;28.92;2349.62;168;581.31;1.05;28.45;2225.78;164;555.40;0.73;28.70;2136.41;162;494.52;0.84;26.62;2933.45;241;560.68;1.10;21.98;2441.45;187;538.41;1.04;25.36;3419.17;275;597.78;1.21;20.11;2362.61;177;505.08;0.86;24.58;1901.55;135;450.66;0.79;27.25;3242.33;243;654.85;1.19;23.23;2431.78;195;377.13;0.88;17.83;1998.70;157;347.74;0.64;20.01;1483.26;99;395.22;0.77;30.64;1552.94;106;353.45;0.66;26.17;1951.96;137;408.87;0.64;24.09;1513.68;123;159.43;0.27;12.11;2743.01;220;274.15;0.62;11.49;2362.18;173;359.68;0.74;17.51;2154.27;149;354.12;0.83;18.90;2368.66;164;419.87;0.86;20.38;1669.99;114;309.44;0.77;21.31;2866.84;210;353.18;0.79;14.17;2184.67;157;302.06;0.69;15.90;2941.05;209;403.71;0.77;15.79;2046.94;121;570.07;1.19;32.03;1480.81;98;313.30;0.72;24.33;2121.26;139;512.53;0.97;27.79
19983;KIT KAT CHOC MILK 4F;14;446529.24;36 384;81292.69;3.18;20.94;8510.15;907;1215.86;2.45;16.43;5487.82;562;940.30;1.58;19.70;11356.55;1 243;1399.33;2.92;14.17;9587.80;1 066;869.55;2.18;10.43;7864.07;736;1628.55;3.31;23.81;7101.72;655;1553.49;3.27;25.16;8933.74;746;2372.87;5.02;30.54;9106.70;795;2252.11;4.49;28.44;7509.88;657;1791.99;4.24;27.44;5093.95;425;1354.09;2.39;30.57;5682.94;528;1069.70;2.22;21.65;4442.29;371;1131.65;2.36;29.30;5256.51;495;974.21;1.62;21.31;7026.00;656;1354.89;2.18;22.18;5503.45;557;707.80;1.34;14.79;9856.54;948;1666.25;3.34;19.44;6827.66;630;1375.18;2.63;23.16;4304.26;374;938.39;1.86;25.07;9019.50;819;1756.76;3.13;22.40;10293.62;919;2009.56;3.40;22.45;9699.21;876;1657.65;2.98;19.65;9803.82;785;2302.00;3.46;27.00;5865.43;452;1462.62;2.66;28.68;6568.30;470;1620.79;2.92;28.38;6704.21;499;1676.85;2.19;28.76;6366.12;482;1519.31;2.58;27.45;9147.18;763;1543.75;3.03;19.41;8490.42;677;1596.92;3.08;21.63;11702.45;957;1959.38;3.95;19.25;9407.14;714;1948.52;3.31;23.82;7840.34;556;1863.67;3.27;27.34;9733.00;756;1729.49;3.16;20.43;11144.97;890;1761.31;4.12;18.17;11740.79;942;1873.56;3.46;18.35;7859.25;525;2086.42;4.09;30.53;8005.85;552;1770.05;3.30;25.43;10735.76;747;2309.90;3.63;24.74;12967.15;1 019;1692.08;2.85;15.01;15870.89;1 279;1502.50;3.38;10.89;11165.40;809;1782.01;3.65;18.35;12774.86;937;1655.16;3.89;14.90;12740.40;898;2090.40;4.27;18.87;10864.37;753;1876.83;4.68;19.87;12733.52;950;1399.07;3.11;12.64;14466.86;1 076;1647.16;3.77;13.09;14029.92;1 058;1278.99;2.45;10.48;6611.28;392;1829.33;3.81;31.82;6188.02;409;1309.91;3.03;24.34;16537.18;1 072;4184.54;7.89;29.10
19991;NESTLE KIT KAT MILK 2FING;14;37321.03;6 752;10412.61;0.41;32.09;326.74;81;68.90;0.14;24.25;363.23;81;99.68;0.17;31.56;534.31;119;148.27;0.31;31.91;427.24;94;121.76;0.31;32.77;488.34;102;141.42;0.29;33.30;574.80;120;143.43;0.30;28.70;665.81;139;166.14;0.35;28.70;723.29;151;180.48;0.36;28.70;741.49;155;213.85;0.51;33.17;1599.86;334;490.60;0.86;35.26;205.97;43;51.39;0.11;28.70;464.63;97;146.30;0.31;36.21;258.18;54;81.03;0.13;36.09;227.84;46;75.90;0.12;38.31;513.47;103;172.82;0.33;38.71;503.99;101;169.90;0.34;38.77;394.21;79;123.11;0.24;35.91;743.01;149;196.23;0.39;30.37;568.86;114;150.47;0.27;30.42;588.07;118;155.10;0.26;30.33;528.19;106;139.26;0.25;30.32;469.06;94;124.07;0.19;30.42;578.34;116;152.68;0.28;30.36;693.36;139;163.96;0.30;27.19;583.33;117;134.20;0.18;26.46;723.55;145;189.35;0.32;30.10;493.51;99;113.49;0.22;26.45;512.72;103;117.44;0.23;26.34;618.40;90;250.78;0.51;46.64;816.63;130;270.82;0.46;38.14;868.21;150;229.61;0.40;30.41;6640.55;1 147;1757.14;3.21;30.43;1110.52;192;293.21;0.69;30.36;596.37;103;157.84;0.29;30.44;590.58;102;156.30;0.31;30.44;2192.96;379;579.51;1.08;30.39;860.54;143;247.45;0.39;33.07;654.57;104;204.94;0.35;36.01;1025.95;163;321.24;0.72;36.01;723.55;115;226.40;0.46;35.98;885.98;127;319.53;0.75;41.47;752.12;108;257.51;0.53;39.37;712.28;102;224.11;0.56;36.18;537.88;77;134.10;0.30;28.67;390.74;56;96.30;0.22;28.34;362.08;52;88.77;0.17;28.19;467.63;67;115.33;0.24;28.36;488.60;70;120.52;0.28;28.37;529.49;76;129.99;0.24;28.23
19993;NESTLE KIT KAT CHUNKY;14;48185.10;3 983;9590.53;0.38;22.89;1086.91;99;288.46;0.58;30.52;997.89;91;257.59;0.43;29.69;1208.90;110;320.09;0.67;30.45;1062.31;103;207.98;0.52;22.51;1060.10;90;273.48;0.56;29.67;700.27;60;174.82;0.37;28.71;742.18;62;185.62;0.39;28.76;744.83;73;127.33;0.25;19.66;762.86;69;167.37;0.40;25.23;598.30;50;149.01;0.26;28.64;815.40;78;129.89;0.27;18.32;538.35;45;136.68;0.29;29.20;761.51;68;172.13;0.29;25.99;405.19;38;73.46;0.12;20.85;865.16;84;141.09;0.27;18.75;5107.26;438;1304.78;2.62;29.38;1183.56;112;215.11;0.41;20.90;3477.07;309;646.04;1.28;21.37;1533.63;142;213.60;0.38;16.02;1088.36;100;160.53;0.27;16.96;1277.08;117;199.30;0.36;17.95;968.38;80;200.85;0.30;23.85;662.49;51;167.11;0.30;29.01;475.66;34;140.97;0.25;34.08;680.60;51;173.35;0.23;29.29;780.05;59;169.05;0.29;24.92;934.96;80;156.24;0.31;19.22;784.22;62;184.75;0.36;27.09;1129.61;84;240.66;0.49;24.50;751.96;54;173.88;0.30;26.59;851.29;61;196.74;0.35;26.58;916.16;73;136.43;0.25;17.12;989.38;79;151.98;0.36;17.67;451.67;36;66.06;0.12;16.82;377.73;27;79.87;0.16;24.32;527.22;38;101.06;0.19;22.04;425.01;31;78.02;0.12;21.11;275.35;20;51.33;0.09;21.44;515.48;43;32.34;0.07;7.22;531.70;37;100.50;0.21;21.74;733.18;53;99.28;0.23;15.57;1544.15;108;262.85;0.54;19.58;1190.39;84;195.21;0.49;18.86;1108.12;83;123.77;0.28;12.84;788.61;56;117.49;0.27;17.13;1184.59;92;82.85;0.16;8.04;977.35;65;186.47;0.39;21.94;683.57;43;175.54;0.41;29.53;929.10;61;201.54;0.38;24.95
20018;NESTLE TEX CHOCOLATE;14;17202.24;3 222;4486.25;0.18;29.99;339.15;85;73.17;0.15;24.81;211.37;53;45.54;0.08;24.78;287.36;64;82.92;0.17;33.18;252.10;56;73.13;0.18;33.36;449.30;94;135.36;0.28;34.65;493.13;103;122.90;0.26;28.66;301.77;63;75.30;0.16;28.70;488.58;102;121.91;0.24;28.70;215.55;45;53.78;0.13;28.70;153.28;32;38.25;0.07;28.70;162.86;34;40.64;0.08;28.70;397.09;83;128.77;0.27;37.29;310.87;65;100.76;0.17;37.27;224.89;47;72.95;0.12;37.30;349.19;73;113.21;0.21;37.28;382.72;80;116.28;0.23;34.94;440.68;92;83.21;0.16;21.71;425.59;89;79.87;0.16;21.58;400.92;84;74.72;0.13;21.43;357.57;75;66.37;0.11;21.35;290.75;61;53.92;0.10;21.33;376.97;79;70.20;0.11;21.41;318.79;65;65.26;0.12;23.54;202.46;34;65.18;0.12;37.03;527.12;88;171.41;0.22;37.40;300.47;53;88.46;0.15;33.86;429.14;86;92.74;0.18;24.85;364.27;73;78.72;0.15;24.85;787.92;158;169.94;0.34;24.80;459.64;84;120.56;0.21;30.16;324.24;56;87.16;0.15;30.91;763.41;132;204.70;0.37;30.84;515.31;89;138.53;0.32;30.91;398.93;69;106.89;0.20;30.81;416.30;72;111.56;0.22;30.82;115.80;20;31.13;0.06;30.91;156.48;25;49.11;0.08;36.09;55.44;9;16.90;0.03;35.06;421.16;67;133.18;0.30;36.37;346.50;55;110.00;0.23;36.51;383.05;55;136.20;0.32;40.89;489.30;70;146.49;0.30;34.43;355.79;51;101.41;0.25;32.78;306.16;44;78.54;0.17;29.50;216.69;31;53.64;0.12;28.47;209.70;30;51.91;0.10;28.47;279.25;40;68.91;0.14;28.38;335.52;48;83.06;0.19;28.47;411.71;59;101.49;0.19;28.35
20812;CHIPNIKS CHIPS ORIGINAL;14;68856.81;3 357;16381.84;0.64;27.36;2080.54;116;439.94;0.89;24.32;1635.29;91;333.79;0.56;23.47;2048.16;114;432.11;0.90;24.26;1940.22;108;395.65;0.99;23.45;1849.37;103;376.44;0.77;23.41;1436.44;76;288.53;0.61;23.10;1462.23;77;359.50;0.76;28.27;1880.01;99;494.79;0.99;30.27;2144.92;113;433.81;1.03;23.26;1855.09;96;397.12;0.70;24.62;1877.06;94;441.56;0.92;27.05;1578.21;79;329.90;0.69;24.04;1698.15;85;343.12;0.57;23.24;1377.31;69;280.80;0.45;23.45;1658.17;83;331.76;0.63;23.01;1776.11;89;796.85;1.60;51.59;1767.29;91;352.12;0.67;22.91;1393.46;72;251.03;0.50;20.72;1310.38;62;310.21;0.55;27.22;1758.10;80;458.78;0.78;30.01;812.53;37;211.67;0.38;29.96;0.00;0;0.00;0.00;0.00;0.00;0;0.00;0.00;0.00;1424.95;65;369.71;0.67;29.84;1888.94;86;496.32;0.65;30.22;1802.08;82;471.61;0.80;30.10;1581.08;72;411.85;0.81;29.96;1428.25;65;372.58;0.72;30.00;1165.47;53;304.58;0.61;30.05;1076.41;49;280.63;0.48;29.98;1472.23;67;396.78;0.70;30.99;1273.22;58;331.40;0.60;29.93;1318.30;60;343.85;0.81;30.00;1294.11;59;469.94;0.87;41.76;1011.54;46;264.35;0.52;30.05;1030.23;47;266.44;0.50;29.74;921.38;42;217.46;0.34;27.14;1407.36;64;322.46;0.54;26.35;1162.17;53;264.17;0.59;26.14;856.51;39;195.54;0.40;26.25;1010.44;46;230.81;0.54;26.27;1032.43;47;235.85;0.48;26.27;593.73;27;136.04;0.34;26.35;1319.40;60;302.31;0.67;26.35;1139.08;52;258.17;0.59;26.06;1670.14;76;381.96;0.73;26.30;1868.05;85;427.31;0.89;26.31;1554.10;70;320.23;0.74;23.70;1216.17;53;249.99;0.47;23.64
20814;SIMBA FRITOS TOMATO STRIP;14;35720.50;2 375;8812.46;0.34;28.37;573.59;41;147.56;0.30;29.58;685.51;49;172.74;0.29;28.98;879.97;63;223.90;0.47;29.26;838.00;60;210.30;0.53;28.86;783.44;56;197.41;0.40;28.98;881.41;59;226.44;0.48;29.54;822.20;55;210.06;0.44;29.38;1048.55;70;269.18;0.54;29.52;568.12;38;145.18;0.34;29.39;1242.67;83;318.64;0.56;29.49;718.77;48;184.38;0.38;29.50;89.94;6;23.13;0.05;29.57;359.76;24;92.97;0.15;29.72;374.75;25;96.37;0.16;29.57;748.75;50;192.09;0.36;29.50;687.29;46;175.36;0.35;29.34;434.71;29;111.79;0.21;29.57;673.05;45;172.16;0.34;29.42;194.87;13;105.19;0.19;62.08;209.86;14;53.97;0.09;29.57;0.00;0;0.00;0.00;0.00;299.80;20;77.10;0.12;29.57;462.44;31;117.54;0.21;29.23;733.76;49;188.23;0.34;29.50;779.48;52;207.79;0.27;30.66;868.67;58;222.93;0.38;29.51;943.62;63;242.20;0.47;29.52;569.62;38;146.48;0.28;29.57;1033.56;69;251.53;0.51;27.99;1153.48;77;253.57;0.43;25.28;703.78;47;174.28;0.31;28.48;763.74;51;174.94;0.32;26.34;613.84;41;132.79;0.31;24.88;748.75;50;171.09;0.32;26.28;598.85;40;129.54;0.25;24.88;1033.56;69;234.67;0.44;26.11;1572.45;105;354.42;0.56;25.92;824.45;55;177.91;0.30;24.82;1033.56;69;222.55;0.50;24.76;1475.27;98;322.44;0.66;25.14;1244.82;78;318.05;0.75;29.38;749.13;47;190.82;0.39;29.29;367.77;23;94.40;0.24;29.52;718.75;45;184.00;0.41;29.44;1071.33;67;274.99;0.63;29.52;814.69;51;208.63;0.40;29.45;719.55;45;184.70;0.39;29.52;607.62;38;139.17;0.32;26.34;398.95;25;86.91;0.16;25.05
20824;SIMBA GHOST POPS;14;65861.48;4 485;15050.84;0.59;26.28;979.30;70;225.06;0.45;26.43;1412.99;101;312.95;0.53;25.47;1243.71;89;282.71;0.59;26.14;1118.50;80;247.27;0.62;25.42;1482.94;106;328.44;0.67;25.47;1382.21;99;304.32;0.64;25.32;1524.21;109;337.13;0.71;25.44;1830.59;131;404.08;0.81;25.38;1308.76;94;285.78;0.68;25.11;1929.92;138;426.99;0.75;25.44;1538.90;110;340.84;0.71;25.47;1689.65;115;362.19;0.76;24.65;1542.47;103;337.75;0.56;25.18;2172.05;145;484.29;0.78;25.64;1798.05;120;596.62;1.13;38.16;1782.31;119;622.00;1.25;40.13;2187.04;146;475.84;0.91;25.02;957.86;64;207.85;0.41;24.95;1091.27;73;421.53;0.75;44.42;1511.74;101;328.12;0.56;24.96;1136.99;76;246.42;0.44;24.92;1738.09;116;378.45;0.57;25.04;1286.14;86;278.45;0.51;24.90;1212.69;81;263.41;0.47;24.98;1389.57;93;302.46;0.39;25.03;1226.93;82;270.42;0.46;25.35;1509.49;101;326.16;0.64;24.85;1484.01;99;323.54;0.62;25.07;1590.71;122;230.49;0.46;16.66;443.75;31;90.71;0.15;23.51;1168.47;78;258.65;0.45;25.46;1256.91;84;272.56;0.50;24.94;1227.68;82;266.68;0.62;24.98;1257.66;84;273.21;0.50;24.98;584.61;39;127.46;0.25;25.07;629.58;42;137.26;0.26;25.07;673.80;45;146.41;0.23;24.99;1512.49;101;328.77;0.55;25.00;1185.23;77;278.60;0.63;27.03;990.58;62;255.84;0.52;29.70;2328.50;180;363.82;0.85;17.97;1441.80;104;256.80;0.53;20.48;958.60;60;247.56;0.62;29.70;863.46;54;223.43;0.50;29.76;1439.10;90;372.39;0.85;29.76;1692.54;106;436.50;0.84;29.66;1374.34;86;355.14;0.74;29.72;815.49;51;201.22;0.46;28.38;957.80;60;206.27;0.39;24.77
20826;SIMBA FRITOS TOMATO;14;56445.90;3 225;11652.05;0.46;23.74;839.44;56;187.47;0.38;25.68;1079.28;72;229.00;0.38;24.40;1048.55;70;230.36;0.48;25.27;689.54;46;146.31;0.37;24.40;600.62;38;125.82;0.26;24.09;734.74;46;153.99;0.32;24.10;894.64;56;187.61;0.40;24.12;1132.89;71;236.66;0.47;24.02;543.66;34;114.33;0.27;24.18;703.56;44;147.96;0.26;24.18;767.52;48;161.41;0.34;24.18;926.65;55;191.99;0.40;23.83;1630.19;96;338.68;0.56;23.89;1184.90;70;475.72;0.77;46.17;1070.37;63;233.26;0.44;25.06;1614.05;95;334.77;0.67;23.85;1665.02;98;345.34;0.66;23.85;1136.63;67;234.62;0.47;23.74;1342.21;79;243.68;0.43;20.88;1483.17;83;297.17;0.50;23.04;1077.60;60;219.55;0.39;23.43;1619.10;90;331.67;0.50;23.56;1331.26;74;272.70;0.50;23.56;1330.36;74;271.92;0.49;23.51;1347.45;75;280.20;0.37;23.91;1600.21;89;329.59;0.56;23.69;1331.26;74;272.70;0.53;23.56;1059.61;59;215.86;0.42;23.43;899.50;50;184.26;0.37;23.56;716.90;40;145.06;0.25;23.27;1436.50;80;300.84;0.53;24.08;1347.45;75;274.82;0.50;23.46;1382.53;77;281.41;0.66;23.41;1583.12;88;324.30;0.60;23.56;1435.60;80;291.68;0.57;23.37;1353.35;75;269.82;0.50;22.93;1402.41;74;296.53;0.47;24.32;1044.45;55;211.55;0.36;23.29;1158.39;61;234.63;0.53;23.29;1231.50;65;247.53;0.51;23.12;1310.31;69;267.02;0.63;23.44;1323.70;75;221.36;0.45;19.23;1170.61;69;162.61;0.41;15.97;1367.32;73;266.74;0.59;22.43;1158.39;61;234.63;0.54;23.29;1081.48;57;218.42;0.42;23.23;512.73;27;103.85;0.22;23.29;890.63;47;149.38;0.35;19.29;854.55;45;155.26;0.29;20.89
20827;SIMBA FRITOS BBQ;14;64944.66;3 714;13145.47;0.51;23.28;1259.16;84;279.49;0.56;25.53;1243.42;83;263.34;0.44;24.36;1079.28;72;234.42;0.49;24.98;749.50;50;159.03;0.40;24.40;965.39;61;202.61;0.41;24.14;1263.21;79;265.65;0.56;24.18;1148.88;72;240.02;0.51;24.03;1310.38;82;275.04;0.55;24.14;638.80;40;133.81;0.32;24.09;941.81;59;197.00;0.35;24.06;1213.64;76;254.17;0.53;24.08;878.67;53;182.69;0.38;23.91;1324.37;78;275.25;0.46;23.90;1119.64;66;236.16;0.38;24.26;1257.26;74;260.77;0.49;23.85;1392.33;82;288.22;0.58;23.81;967.58;57;200.12;0.38;23.79;1881.64;111;387.46;0.77;23.68;1307.38;77;270.60;0.48;23.80;1277.29;71;261.65;0.44;23.56;1583.12;88;324.30;0.58;23.56;1312.37;73;268.24;0.40;23.50;1708.15;95;349.31;0.63;23.52;1132.47;63;231.38;0.42;23.50;1726.14;96;364.35;0.48;24.27;1994.19;111;406.71;0.69;23.45;1241.31;69;254.28;0.50;23.56;935.48;52;191.63;0.37;23.56;1150.46;64;235.07;0.47;23.50;1259.30;70;257.96;0.44;23.56;1745.03;97;374.20;0.66;24.66;1313.27;73;269.02;0.49;23.56;1797.20;100;366.95;0.86;23.48;2080.54;116;422.00;0.78;23.33;1095.59;61;223.23;0.44;23.43;1748.23;97;350.33;0.65;23.04;1479.32;78;315.99;0.50;24.56;1671.12;88;338.48;0.57;23.29;1556.23;82;314.57;0.71;23.25;1858.17;98;374.46;0.77;23.18;1423.30;75;287.65;0.68;23.24;1667.52;93;295.85;0.60;20.40;1798.39;106;249.86;0.62;15.98;1210.69;66;222.72;0.50;21.16;968.49;51;196.16;0.45;23.29;1594.21;84;322.27;0.62;23.25;303.84;16;61.54;0.13;23.29;1138.45;60;192.41;0.44;19.44;1232.45;65;217.03;0.41;20.25
20828;SIMBA FRITOS SWEET CHILLI;14;42077.87;2 413;8916.56;0.35;24.37;629.58;42;142.45;0.29;26.02;613.84;41;129.75;0.22;24.31;1064.29;71;228.78;0.48;24.72;614.59;41;130.40;0.33;24.40;551.65;35;116.24;0.24;24.23;735.54;46;154.68;0.33;24.18;749.93;47;156.65;0.33;24.02;831.48;52;174.86;0.35;24.18;591.63;37;124.42;0.29;24.18;829.88;52;173.47;0.31;24.04;718.75;45;150.62;0.31;24.10;803.52;48;167.21;0.35;23.93;560.67;33;119.66;0.20;24.54;1069.52;63;226.89;0.37;24.40;985.42;58;204.39;0.39;23.85;440.89;26;90.88;0.18;23.71;951.44;56;197.34;0.38;23.85;881.78;52;181.77;0.36;23.71;1614.05;95;540.73;0.96;38.53;1419.19;81;265.46;0.45;21.51;845.53;47;173.20;0.31;23.56;863.52;48;176.89;0.27;23.56;610.76;34;124.51;0.23;23.44;899.50;50;184.26;0.33;23.56;1132.47;63;238.56;0.31;24.23;1114.48;62;227.70;0.39;23.50;647.64;36;132.67;0.26;23.56;627.85;35;127.42;0.25;23.34;646.74;36;131.88;0.27;23.45;988.55;55;321.49;0.55;37.40;971.46;54;292.87;0.51;34.67;1005.64;56;204.80;0.37;23.42;845.53;47;173.20;0.41;23.56;1205.33;67;246.91;0.46;23.56;701.61;39;143.72;0.28;23.56;774.57;43;147.29;0.27;21.87;968.49;51;203.13;0.32;24.12;1025.46;54;207.70;0.35;23.29;417.78;22;84.62;0.19;23.29;986.53;52;199.18;0.41;23.22;702.63;37;142.59;0.33;23.34;1066.41;59;195.96;0.40;21.13;1307.38;77;182.37;0.45;16.04;735.60;40;136.77;0.30;21.38;682.69;36;137.64;0.32;23.19;987.48;52;200.01;0.38;23.29;1367.28;72;276.94;0.58;23.29;664.65;35;113.37;0.26;19.62;626.67;33;112.25;0.21;20.60
20831;SIMBA DORITOS S/CHILI PEP;14;59187.04;6 775;15557.38;0.61;30.23;1385.65;185;366.95;0.74;30.45;1340.71;179;341.68;0.57;29.31;1677.02;224;435.92;0.91;29.89;920.90;123;234.47;0.59;29.28;1230.45;155;311.93;0.63;29.15;1309.96;164;332.76;0.70;29.21;1150.56;144;292.48;0.62;29.23;727.09;91;184.83;0.37;29.23;1574.03;197;400.13;0.95;29.23;1078.65;135;274.20;0.48;29.23;1398.25;175;355.45;0.74;29.23;1270.41;159;322.95;0.67;29.23;1122.91;129;343.42;0.57;35.17;1311.19;146;467.31;0.75;40.99;1724.28;192;555.37;1.05;37.04;1528.30;170;493.12;0.99;37.11;1308.38;162;294.65;0.56;25.90;1757.80;220;378.10;0.75;24.74;1469.36;184;315.53;0.56;24.70;1784.64;206;474.65;0.80;30.59;1510.32;168;434.82;0.78;33.11;1437.95;160;413.72;0.62;33.09;1509.87;168;434.42;0.79;33.09;1519.31;169;446.61;0.80;33.81;1393.45;155;360.15;0.47;29.72;1402.44;156;358.29;0.61;29.38;1510.32;168;384.06;0.75;29.24;1051.83;117;267.47;0.52;29.24;1312.54;146;333.77;0.67;29.24;1195.22;133;303.66;0.52;29.22;1096.33;122;349.59;0.61;36.67;872.03;97;221.75;0.40;29.24;899.00;100;228.61;0.54;29.24;1033.85;115;262.90;0.49;29.24;1077.90;120;273.55;0.54;29.18;969.48;107;236.71;0.44;28.08;808.69;81;209.09;0.33;29.73;519.48;52;132.14;0.22;29.25;1288.21;129;327.37;0.74;29.23;799.20;80;203.29;0.42;29.25;1088.91;109;276.99;0.65;29.25;1438.06;144;365.49;0.75;29.23;649.35;65;165.18;0.41;29.25;889.11;89;226.16;0.50;29.25;979.02;98;249.03;0.57;29.25;719.28;72;182.96;0.35;29.25;1068.93;107;271.90;0.57;29.25;1088.41;109;265.49;0.61;28.05;988.01;99;196.31;0.37;22.85
20832;SIMBA DORITOS CHEESE SUPR;14;33236.58;3 745;8617.00;0.34;29.82;910.70;133;189.22;0.38;23.89;831.39;111;211.88;0.36;29.31;902.33;121;230.98;0.48;29.44;688.34;92;174.97;0.44;29.23;1168.44;156;297.78;0.61;29.31;501.83;67;127.89;0.27;29.31;13.99;2;2.96;0.01;24.31;0.00;0;0.00;0.00;0.00;97.50;13;20.87;0.05;24.61;796.66;104;181.41;0.32;26.19;822.97;103;209.21;0.44;29.23;647.73;77;184.66;0.39;32.78;1303.10;145;421.68;0.70;37.21;728.19;81;238.40;0.38;37.65;890.01;99;287.17;0.54;37.11;368.59;41;118.93;0.24;37.11;521.42;58;168.24;0.32;37.11;0.00;0;0.00;0.00;0.00;0.00;0;0.00;0.00;0.00;0.00;0;0.00;0.00;0.00;71.92;8;20.71;0.04;33.11;638.29;71;183.76;0.28;33.11;827.08;92;238.11;0.43;33.11;934.51;104;250.96;0.45;30.88;772.25;86;198.60;0.26;29.57;745.72;83;189.35;0.32;29.20;961.93;107;244.61;0.48;29.24;818.09;91;208.03;0.40;29.24;845.06;94;214.89;0.43;29.24;952.49;106;241.93;0.41;29.21;557.38;62;147.27;0.26;30.38;1141.28;127;289.94;0.53;29.22;943.95;105;240.04;0.56;29.24;557.38;62;141.74;0.26;29.24;584.35;65;148.60;0.29;29.24;818.10;90;194.96;0.36;27.40;609.39;61;156.24;0.25;29.48;668.33;67;169.39;0.29;29.15;848.15;85;215.13;0.48;29.17;469.53;47;119.43;0.24;29.25;538.96;54;136.79;0.32;29.19;999.00;100;254.12;0.52;29.25;919.08;92;233.79;0.58;29.25;517.98;52;130.84;0.29;29.05;599.40;60;152.47;0.35;29.25;679.32;68;172.80;0.33;29.25;1037.96;104;263.41;0.55;29.18;809.19;81;159.74;0.37;22.70;1177.32;118;233.13;0.44;22.77
20834;NIKNAKS STRIP CHEES PROMO;14;54331.89;3 681;13789.56;0.54;29.19;1538.20;110;403.15;0.81;30.14;1759.94;126;441.74;0.74;28.86;1440.27;103;368.97;0.77;29.46;1257.70;90;316.05;0.79;28.90;1173.76;84;294.90;0.60;28.89;1141.48;77;292.21;0.62;29.44;1554.46;104;396.98;0.84;29.37;1571.70;105;402.80;0.80;29.47;850.68;57;216.46;0.51;29.26;1392.57;93;357.19;0.63;29.50;1407.56;94;361.05;0.75;29.50;883.66;59;226.78;0.47;29.51;794.47;53;205.68;0.34;29.77;1004.33;67;262.86;0.42;30.10;1166.97;78;298.72;0.56;29.44;927.13;62;475.72;0.95;59.01;658.81;44;481.08;0.92;83.98;1030.56;69;547.30;1.09;61.07;1077.03;72;275.59;0.49;29.43;1003.58;67;450.40;0.76;51.61;777.23;52;198.49;0.36;29.37;703.03;47;179.87;0.27;29.42;1148.98;77;292.25;0.53;29.25;1151.23;77;294.21;0.53;29.39;163.39;11;41.10;0.05;28.93;1077.78;72;276.70;0.47;29.52;970.60;65;247.30;0.48;29.30;567.37;38;144.53;0.28;29.29;254.08;17;62.48;0.13;28.28;611.59;41;130.84;0.22;24.60;748.00;50;170.73;0.30;26.25;492.42;33;105.45;0.19;24.63;837.94;56;180.96;0.42;24.84;644.57;43;139.96;0.26;24.97;1268.90;85;272.09;0.53;24.66;1524.48;102;329.54;0.61;24.86;1543.22;103;343.88;0.54;25.63;1252.41;84;267.53;0.45;24.57;1346.85;90;290.97;0.65;24.84;1556.71;104;336.54;0.69;24.86;1433.79;96;307.89;0.72;24.70;1361.09;91;293.58;0.60;24.80;883.66;59;191.38;0.48;24.91;777.98;52;179.58;0.40;26.55;1148.98;77;256.83;0.59;25.71;1238.92;83;277.20;0.53;25.73;2143.38;157;341.45;0.71;18.32;1496.00;100;270.17;0.62;20.77;1572.45;105;290.43;0.55;21.24
20838;SIMBA PEANUTS & RAISINS;14;59037.06;2 312;14903.64;0.58;29.03;1627.26;74;326.81;0.66;23.10;1451.34;66;276.16;0.46;21.88;1384.27;63;270.87;0.56;22.50;1253.43;57;238.50;0.60;21.88;1297.41;59;246.87;0.50;21.88;1318.30;60;250.10;0.53;21.82;1316.10;60;248.18;0.53;21.69;813.63;37;154.82;0.31;21.88;1055.52;48;203.75;0.48;22.20;2112.11;89;518.60;0.91;28.24;1511.44;56;477.80;0.99;36.35;647.76;24;193.14;0.40;34.29;862.33;32;230.52;0.38;30.74;997.28;37;273.21;0.44;31.50;755.72;28;202.73;0.38;30.85;1184.86;44;330.83;0.66;32.11;1139.65;48;339.75;0.65;34.28;1271.64;56;295.49;0.59;26.72;1696.32;63;452.62;0.81;30.68;1268.53;47;502.59;0.85;45.56;1290.12;48;732.34;1.32;65.28;1294.17;48;346.36;0.52;30.78;674.75;25;181.01;0.33;30.85;620.77;23;166.53;0.30;30.85;1078.25;40;293.31;0.38;31.28;836.69;31;221.39;0.38;30.43;809.70;30;197.84;0.39;28.10;1592.41;59;389.08;0.75;28.10;1673.38;62;408.86;0.82;28.10;1912.24;71;464.69;0.79;27.95;1241.54;46;313.48;0.55;29.04;781.36;29;190.07;0.35;27.97;1349.50;50;329.73;0.77;28.10;2051.24;76;501.19;0.93;28.10;701.74;26;171.46;0.34;28.10;1527.63;57;367.34;0.69;27.65;2400.76;89;605.15;0.95;28.99;1049.91;39;254.84;0.43;27.91;1052.61;39;257.19;0.58;28.10;1159.22;43;282.39;0.58;28.01;781.36;29;190.07;0.45;27.97;1537.08;57;374.72;0.77;28.04;914.96;34;221.87;0.55;27.89;646.41;24;157.10;0.35;27.95;1049.91;39;254.84;0.58;27.91;890.67;33;217.62;0.42;28.10;1240.19;46;302.18;0.63;28.02;1105.24;41;269.20;0.62;28.01;808.35;30;208.48;0.39;29.66
20839;SIMBA CHEESE&ONION;14;20900.55;2 765;5028.80;0.20;27.67;58.50;9;11.96;0.02;23.52;266.50;41;54.50;0.09;23.52;318.50;49;65.13;0.14;23.52;285.34;44;57.91;0.15;23.34;389.68;60;79.48;0.16;23.46;390.00;60;79.76;0.17;23.52;480.68;74;98.09;0.21;23.47;630.17;97;128.65;0.26;23.48;348.80;50;87.16;0.21;28.74;356.14;51;89.22;0.16;28.81;621.76;89;155.92;0.32;28.84;358.55;53;82.67;0.17;26.51;493.67;76;101.82;0.17;23.72;500.50;77;103.87;0.17;23.87;477.05;70;112.22;0.21;27.05;361.52;52;89.57;0.18;28.49;552.21;79;116.49;0.22;24.26;642.73;92;132.44;0.26;23.70;473.92;68;96.90;0.17;23.51;546.48;72;141.45;0.24;29.77;551.31;69;159.56;0.29;33.28;535.33;67;154.93;0.23;33.28;647.19;81;187.31;0.34;33.28;574.88;72;153.33;0.28;30.67;550.51;69;139.28;0.18;29.09;631.21;79;158.49;0.27;28.88;455.43;57;114.00;0.22;28.78;151.81;19;38.00;0.07;28.78;351.56;44;88.00;0.18;28.78;567.29;71;141.99;0.24;28.78;422.27;53;108.91;0.19;29.66;391.51;49;98.00;0.18;28.78;455.03;57;113.65;0.27;28.72;287.64;36;72.00;0.13;28.78;573.68;72;142.60;0.28;28.59;518.95;65;130.64;0.24;28.95;509.76;64;129.82;0.20;29.29;494.58;62;123.30;0.21;28.67;503.31;62;130.89;0.29;29.91;158.46;18;48.73;0.10;35.36;383.87;43;98.91;0.23;29.63;368.59;41;92.45;0.19;28.84;314.20;35;78.53;0.20;28.74;395.56;44;99.22;0.22;28.84;287.68;32;72.16;0.17;28.84;259.81;29;64.61;0.12;28.60;206.77;23;51.86;0.11;28.84;413.54;46;77.48;0.18;21.54;386.12;43;74.95;0.14;22.32
20840;SIMBA CREAMY CHEESE;14;19201.60;2 571;4662.14;0.18;27.92;19.50;3;3.99;0.01;23.52;279.50;43;57.16;0.10;23.52;253.50;39;51.84;0.11;23.52;402.67;62;82.13;0.21;23.46;376.67;58;76.81;0.16;23.45;538.86;83;109.77;0.23;23.43;390.00;60;79.76;0.17;23.52;487.17;75;99.41;0.20;23.47;298.67;46;60.86;0.14;23.43;285.67;44;58.20;0.10;23.43;357.50;55;73.11;0.15;23.52;350.35;54;71.22;0.15;23.38;451.74;70;90.86;0.15;23.13;349.05;54;72.03;0.12;23.73;731.24;108;168.99;0.32;26.58;510.27;73;128.14;0.26;28.88;712.28;102;148.75;0.28;24.02;683.97;98;140.49;0.28;23.62;747.93;107;274.91;0.49;42.27;654.10;85;174.77;0.30;30.73;462.62;58;133.43;0.24;33.17;311.21;39;89.84;0.13;33.20;375.53;47;108.68;0.20;33.28;518.55;65;138.05;0.25;30.62;406.29;51;101.45;0.13;28.71;518.55;65;130.29;0.22;28.89;559.30;70;139.99;0.27;28.78;311.61;39;78.00;0.15;28.78;439.05;55;109.65;0.22;28.72;231.31;29;57.65;0.10;28.66;287.64;36;73.98;0.13;29.58;399.50;50;100.00;0.18;28.78;255.68;32;64.00;0.15;28.78;287.64;36;72.00;0.13;28.78;391.11;49;97.65;0.19;28.71;463.02;58;116.88;0.22;29.03;655.18;82;168.69;0.26;29.61;287.24;36;71.65;0.12;28.69;246.20;30;65.65;0.15;30.67;283.26;32;87.98;0.18;35.72;285.43;32;71.43;0.17;28.78;332.63;37;83.43;0.17;28.84;350.61;39;87.94;0.22;28.84;494.00;55;123.63;0.27;28.78;314.65;35;78.92;0.18;28.84;170.81;19;42.84;0.08;28.84;242.28;27;60.49;0.13;28.71;215.76;24;42.87;0.10;22.85;224.30;25;41.90;0.08;21.48
20842;SIMBA MRS BALLS CHUTNEY;14;22835.11;2 991;5507.67;0.22;27.74;351.00;54;78.05;0.16;25.57;260.00;40;53.17;0.09;23.52;572.00;88;125.19;0.26;25.17;208.00;32;42.54;0.11;23.52;312.00;48;63.81;0.13;23.52;331.50;51;67.79;0.14;23.52;227.50;35;46.52;0.10;23.52;292.50;45;59.82;0.12;23.52;350.03;54;70.94;0.17;23.31;344.50;53;70.45;0.12;23.52;403.00;62;82.41;0.17;23.52;344.50;53;70.45;0.15;23.52;370.50;57;75.77;0.13;23.52;403.00;62;83.06;0.13;23.70;532.97;78;126.27;0.24;27.24;377.46;54;94.79;0.19;28.88;551.51;79;117.75;0.23;24.55;671.04;96;138.51;0.28;23.74;691.66;99;142.54;0.25;23.70;770.48;102;197.17;0.33;29.43;750.66;94;217.02;0.39;33.25;335.58;42;97.12;0.15;33.28;574.88;72;166.15;0.30;33.24;894.08;112;259.91;0.47;33.43;774.63;97;197.11;0.26;29.26;783.02;98;196.98;0.33;28.93;367.54;46;92.00;0.18;28.78;287.64;36;72.00;0.14;28.78;463.02;58;115.65;0.23;28.72;694.73;87;173.65;0.30;28.74;455.03;57;116.62;0.20;29.47;518.55;65;129.30;0.24;28.68;599.25;75;149.99;0.35;28.78;207.74;26;52.00;0.10;28.78;399.50;50;100.00;0.20;28.78;519.35;65;130.49;0.24;28.89;775.03;97;196.96;0.31;29.23;455.43;57;114.00;0.19;28.78;87.89;11;22.00;0.05;28.78;277.74;31;88.13;0.18;36.49;475.12;53;123.25;0.29;29.83;511.98;57;128.14;0.26;28.78;467.48;52;117.25;0.29;28.84;431.52;48;108.23;0.24;28.84;628.40;70;157.06;0.36;28.74;449.50;50;112.74;0.22;28.84;341.62;38;85.69;0.18;28.84;485.46;54;93.64;0.22;22.18;457.59;51;87.60;0.17;22.02
20844;SIMBA SMOKED BEEF;14;16025.61;2 022;3971.07;0.16;28.50;0.00;0;0.00;0.00;0.00;0.00;0;0.00;0.00;0.00;0.00;0;0.00;0.00;0.00;0.00;0;0.00;0.00;0.00;0.00;0;0.00;0.00;0.00;0.00;0;0.00;0.00;0.00;0.00;0;0.00;0.00;0.00;0.00;0;0.00;0.00;0.00;0.00;0;0.00;0.00;0.00;0.00;0;0.00;0.00;0.00;0.00;0;0.00;0.00;0.00;0.00;0;0.00;0.00;0.00;169.00;26;34.78;0.06;23.67;299.00;46;61.80;0.10;23.77;517.99;76;121.89;0.23;27.06;468.33;67;117.61;0.24;28.88;496.29;71;106.19;0.20;24.61;467.28;67;95.76;0.19;23.57;550.46;79;112.46;0.20;23.50;594.22;78;155.15;0.26;30.03;527.34;66;152.62;0.27;33.28;351.56;44;101.75;0.15;33.28;582.87;73;168.46;0.31;33.24;526.94;66;139.15;0.25;30.37;693.93;87;176.41;0.23;29.24;639.20;80;160.24;0.27;28.83;646.39;81;161.30;0.32;28.70;359.15;45;89.65;0.17;28.71;582.47;73;145.30;0.29;28.69;590.86;74;147.65;0.25;28.74;471.01;59;121.11;0.21;29.57;390.31;49;96.95;0.18;28.57;503.37;63;126.00;0.29;28.78;399.50;50;109.89;0.20;31.63;135.44;17;33.66;0.07;28.58;303.22;38;75.65;0.14;28.69;295.23;37;75.13;0.12;29.27;598.85;75;149.65;0.25;28.74;304.62;38;76.87;0.17;29.02;132.90;15;41.35;0.08;35.78;516.47;58;132.63;0.31;29.53;529.51;59;132.26;0.27;28.72;89.90;10;22.55;0.06;28.84;566.37;63;142.06;0.32;28.84;404.10;45;101.08;0.23;28.77;287.68;32;72.16;0.14;28.84;260.71;29;65.39;0.14;28.84;242.73;27;45.88;0.11;21.74;530.41;59;102.66;0.19;22.26
20845;LAYS CARRI ONION BALS VIN;14;27758.26;3 201;7040.85;0.28;29.17;546.77;73;146.71;0.30;30.86;299.60;40;76.35;0.13;29.31;344.54;46;87.81;0.18;29.31;299.60;40;76.35;0.19;29.31;458.62;58;116.13;0.24;29.12;574.88;72;145.89;0.31;29.18;605.64;76;152.97;0.32;29.05;726.30;91;184.15;0.37;29.16;679.15;85;172.65;0.41;29.23;231.31;29;58.55;0.10;29.11;469.81;59;118.45;0.25;28.99;407.49;51;103.59;0.22;29.23;813.38;102;206.52;0.34;29.20;670.36;84;174.10;0.28;29.87;1133.38;142;287.38;0.54;29.16;503.37;63;127.96;0.26;29.23;663.17;83;146.71;0.28;25.44;279.25;35;59.80;0.12;24.63;423.07;53;90.74;0.16;24.67;1007.53;117;264.30;0.45;30.17;916.98;102;264.00;0.47;33.11;753.81;84;216.23;0.32;32.99;674.25;75;194.11;0.35;33.11;440.51;49;128.52;0.23;33.55;431.52;48;113.60;0.15;30.28;905.29;101;228.55;0.39;29.03;790.67;88;200.78;0.39;29.20;395.11;44;100.20;0.19;29.16;656.27;73;166.88;0.34;29.24;673.35;75;170.67;0.29;29.15;682.34;76;177.94;0.31;29.99;772.69;86;196.21;0.36;29.20;629.30;70;160.03;0.37;29.24;682.79;76;173.35;0.32;29.20;422.53;47;107.45;0.21;29.24;521.42;58;133.98;0.25;29.55;341.17;38;87.59;0.14;29.52;682.79;76;173.35;0.29;29.20;574.46;64;145.53;0.33;29.13;422.54;46;112.99;0.23;30.75;675.83;68;175.29;0.41;29.83;638.86;64;162.20;0.33;29.20;0.00;0;0.00;0.00;0.00;339.66;34;86.40;0.19;29.25;199.80;20;50.82;0.12;29.25;649.35;65;165.18;0.32;29.25;599.40;60;152.47;0.32;29.25;529.47;53;81.24;0.19;17.65;618.88;62;118.18;0.22;21.96
20847;LAYS SPRING ONION & CHEES;14;27940.66;3 234;7168.10;0.28;29.50;194.74;26;49.63;0.10;29.31;629.16;84;160.34;0.27;29.31;501.83;67;129.27;0.27;29.62;313.83;42;79.52;0.20;29.14;428.46;54;108.63;0.22;29.16;383.12;48;97.15;0.20;29.16;662.37;83;167.89;0.36;29.15;1022.32;128;259.64;0.52;29.21;702.72;88;178.39;0.42;29.19;742.67;93;188.55;0.33;29.20;670.36;84;169.92;0.35;29.15;623.22;78;158.43;0.33;29.23;589.26;74;148.56;0.25;28.99;391.51;49;99.53;0.16;29.23;526.94;66;133.71;0.25;29.18;519.35;65;132.02;0.26;29.23;479.00;60;102.77;0.20;24.67;716.70;90;152.59;0.30;24.48;764.64;96;162.90;0.29;24.50;1110.91;129;291.44;0.49;30.17;439.16;49;125.65;0.23;32.90;1095.88;122;314.98;0.47;33.05;786.62;88;223.85;0.41;32.73;438.26;49;116.71;0.21;30.62;583.00;65;149.91;0.20;29.57;755.16;84;192.31;0.33;29.29;815.84;91;206.08;0.40;29.05;636.94;71;161.14;0.31;29.09;637.84;71;161.92;0.33;29.19;923.72;103;233.51;0.40;29.07;564.12;63;146.77;0.26;29.92;574.46;64;211.90;0.39;42.42;440.51;49;117.55;0.28;30.69;422.08;47;107.05;0.20;29.17;251.72;28;64.01;0.13;29.24;430.62;48;108.95;0.20;29.10;845.06;94;219.87;0.35;29.92;296.67;33;75.44;0.13;29.24;107.88;12;27.43;0.06;29.24;583.36;64;153.27;0.31;30.21;519.48;52;138.29;0.32;30.61;608.89;61;154.58;0.32;29.19;497.00;50;124.88;0.31;28.90;339.66;34;86.40;0.19;29.25;646.85;65;163.00;0.37;28.98;338.16;34;85.09;0.16;28.94;369.63;37;94.02;0.20;29.25;599.40;60;144.16;0.33;27.66;419.58;42;88.51;0.17;24.26
20852;LAYS SALTED;14;37271.71;4 378;9630.03;0.38;29.71;664.02;89;171.32;0.34;29.67;925.77;124;234.10;0.39;29.08;1153.46;154;300.87;0.63;30.00;904.43;121;229.35;0.57;29.16;1022.00;130;258.59;0.53;29.10;1349.51;169;342.56;0.72;29.19;854.93;107;271.41;0.57;36.51;846.14;106;214.60;0.43;29.17;772.63;97;194.93;0.46;29.01;766.64;96;194.64;0.34;29.20;1379.07;173;348.60;0.73;29.07;1146.96;144;289.35;0.60;29.01;874.91;110;219.95;0.37;28.91;518.15;65;130.98;0.21;29.07;1132.58;142;286.68;0.54;29.11;853.73;107;216.29;0.43;29.13;804.19;101;172.08;0.33;24.61;878.50;110;188.70;0.37;24.70;1299.17;163;277.35;0.49;24.55;542.68;62;147.69;0.25;31.30;1235.22;138;352.47;0.63;32.82;805.95;90;230.20;0.35;32.85;538.05;60;154.12;0.28;32.94;861.69;96;296.45;0.53;39.56;431.52;48;116.37;0.15;31.01;610.42;68;154.67;0.26;29.14;681.44;76;238.55;0.47;40.26;646.83;72;164.21;0.32;29.19;869.78;97;219.79;0.44;29.06;511.53;57;129.52;0.22;29.12;511.98;57;171.12;0.30;38.44;511.53;57;151.65;0.28;34.09;808.20;90;243.68;0.57;34.67;745.72;83;189.35;0.35;29.20;494.00;55;125.34;0.25;29.18;475.12;53;120.27;0.22;29.11;358.70;40;93.15;0.15;29.86;973.63;109;243.72;0.41;28.79;494.45;55;125.74;0.28;29.24;296.22;33;75.05;0.15;29.14;247.75;25;61.79;0.15;28.68;449.05;45;113.92;0.23;29.17;726.27;73;182.90;0.46;28.96;733.76;74;183.26;0.41;28.72;598.90;60;152.03;0.35;29.19;538.46;54;136.35;0.26;29.12;909.09;91;231.25;0.48;29.25;888.11;89;162.09;0.37;20.99;628.87;63;120.94;0.23;22.12
20866;SIMBA PEANUTS&RAISINS;14;46475.90;4 772;10331.05;0.40;25.56;1708.10;190;420.53;0.85;28.31;1456.38;162;348.41;0.59;27.51;862.14;96;205.97;0.43;27.47;1339.07;149;320.07;0.80;27.49;997.44;111;238.34;0.49;27.48;458.05;51;109.30;0.23;27.44;970.92;108;232.27;0.49;27.51;916.98;102;219.37;0.44;27.51;647.28;72;154.85;0.37;27.51;449.05;50;107.14;0.19;27.44;223.40;25;52.59;0.11;27.07;974.65;100;232.10;0.48;27.39;1234.26;124;296.87;0.49;27.66;549.45;55;262.29;0.42;54.90;817.18;82;597.34;1.13;84.06;628.87;63;295.18;0.59;53.98;788.71;79;295.75;0.57;43.12;1127.87;113;269.79;0.54;27.51;1206.29;121;287.65;0.51;27.42;998.50;100;239.09;0.40;27.54;479.52;48;114.97;0.21;27.57;699.30;70;167.67;0.25;27.57;309.19;31;73.82;0.13;27.46;379.62;38;91.02;0.16;27.57;619.38;62;150.08;0.20;27.87;709.29;71;136.31;0.23;22.10;858.64;86;151.81;0.30;20.33;707.79;71;124.38;0.24;20.21;818.18;82;144.29;0.29;20.28;828.17;83;146.06;0.25;20.28;968.03;97;179.15;0.31;21.28;1606.39;161;283.27;0.52;20.28;1377.12;138;242.99;0.57;20.29;1807.69;181;319.98;0.59;20.36;808.19;81;142.52;0.28;20.28;1867.63;187;330.60;0.62;20.36;1438.06;144;269.35;0.42;21.54;713.78;72;122.68;0.21;19.76;898.10;90;158.45;0.36;20.29;1037.96;104;183.24;0.38;20.30;1182.31;119;205.01;0.48;19.94;964.03;97;167.37;0.34;19.97;1196.30;120;210.26;0.52;20.21;1108.89;111;196.50;0.44;20.38;956.04;96;167.34;0.38;20.13;1306.69;131;230.16;0.44;20.26;917.58;92;161.56;0.34;20.25;599.40;60;106.22;0.25;20.38;958.04;96;169.08;0.32;20.30
20867;SIMBA PEANUTS SALT;14;33467.61;3 439;7606.52;0.30;26.14;1391.65;155;341.71;0.69;28.24;818.09;91;195.71;0.33;27.51;763.25;85;184.29;0.38;27.77;601.88;67;143.71;0.36;27.46;359.15;40;85.64;0.17;27.42;312.85;35;73.71;0.16;27.09;647.28;72;154.85;0.33;27.51;655.82;73;156.61;0.31;27.46;870.68;97;207.44;0.49;27.40;502.54;56;119.66;0.21;27.38;556.48;62;132.56;0.28;27.39;847.13;87;202.38;0.42;27.47;859.14;86;208.19;0.35;27.87;805.69;81;408.67;0.66;58.33;338.66;34;294.49;0.56;100.00;339.66;34;81.44;0.16;27.57;109.89;11;26.35;0.05;27.57;499.50;50;258.18;0.51;59.44;219.78;22;52.70;0.09;27.57;139.86;14;90.16;0.15;74.13;559.44;56;278.84;0.50;57.32;619.38;62;148.51;0.22;27.57;369.63;37;88.62;0.16;27.57;269.73;27;64.67;0.12;27.57;289.71;29;71.04;0.09;28.20;529.47;53;110.08;0.19;23.91;159.84;16;28.32;0.06;20.38;439.06;44;77.46;0.15;20.29;419.08;42;73.92;0.15;20.28;558.44;56;98.26;0.17;20.24;659.34;66;125.48;0.22;21.89;478.52;48;84.10;0.15;20.21;558.94;56;98.70;0.23;20.31;658.84;66;116.40;0.22;20.32;888.61;89;157.12;0.31;20.33;798.70;80;141.19;0.26;20.33;1378.12;138;252.85;0.40;21.10;787.21;79;138.11;0.23;20.18;858.64;86;151.81;0.34;20.33;738.76;74;130.56;0.27;20.32;1075.92;108;188.58;0.44;20.16;1008.99;101;178.80;0.37;20.38;518.48;52;91.18;0.23;20.22;907.59;91;159.79;0.36;20.25;1047.45;105;184.57;0.42;20.26;958.54;96;169.51;0.32;20.34;1867.63;187;330.60;0.69;20.36;759.24;76;134.54;0.31;20.38;1665.33;167;314.47;0.59;21.72
20870;SIMBA POPCORN WHITE CHEDD;14;36642.97;3 003;9261.05;0.36;29.06;691.27;63;141.54;0.28;23.55;895.68;82;171.54;0.29;22.02;1010.53;92;206.23;0.43;23.47;953.93;87;185.16;0.46;22.32;318.16;29;61.88;0.13;22.37;329.70;30;64.51;0.14;22.50;1579.81;144;307.24;0.65;22.37;1163.29;106;226.49;0.45;22.39;1087.46;99;212.39;0.50;22.46;1703.45;155;333.28;0.59;22.50;2358.45;215;458.47;0.95;22.36;1565.47;128;350.93;0.73;25.78;1739.36;134;434.13;0.72;28.70;1647.78;127;414.96;0.67;28.96;841.75;65;514.27;0.97;70.26;1295.75;100;401.11;0.81;35.60;1488.00;115;366.73;0.70;28.34;906.05;70;465.37;0.92;59.07;1400.97;108;347.48;0.62;28.52;1478.91;114;366.88;0.62;28.53;1050.89;81;260.75;0.47;28.53;909.30;70;226.32;0.34;28.62;1232.75;95;306.02;0.56;28.55;776.80;60;191.73;0.35;28.38;1283.41;99;317.82;0.42;28.48;1061.93;82;264.31;0.45;28.62;880.72;68;217.59;0.43;28.41;581.30;45;142.67;0.28;28.22;881.37;68;218.16;0.44;28.47;621.57;48;153.50;0.26;28.40;829.41;64;213.29;0.37;29.57;779.40;60;274.61;0.50;40.52;479.98;37;240.00;0.56;57.50;480.63;37;119.63;0.22;28.62;337.74;26;84.06;0.16;28.62;0.00;0;0.00;0.00;0.00;0.00;0;0.00;0.00;0.00;0.00;0;0.00;0.00;0.00;0.00;0;0.00;0.00;0.00;0.00;0;0.00;0.00;0.00;0.00;0;0.00;0.00;0.00;0.00;0;0.00;0.00;0.00;0.00;0;0.00;0.00;0.00;0.00;0;0.00;0.00;0.00;0.00;0;0.00;0.00;0.00;0.00;0;0.00;0.00;0.00;0.00;0;0.00;0.00;0.00;0.00;0;0.00;0.00;0.00;0.00;0;0.00;0.00;0.00
20880;NIKNAKS CHEESE;14;172889.70;12 509;29395.40;1.15;19.55;4036.62;383;610.01;1.23;17.38;3075.43;257;617.37;1.04;23.09;3595.80;300;729.00;1.52;23.31;5599.43;517;610.25;1.53;12.53;5062.03;419;721.21;1.47;16.38;6587.24;562;986.28;2.08;17.22;2752.53;197;607.05;1.28;25.36;4897.75;387;863.88;1.72;20.28;3318.89;267;507.72;1.20;17.59;2514.00;180;549.72;0.97;25.15;2569.26;184;561.41;1.17;25.13;1490.88;102;318.83;0.67;24.59;2926.79;196;645.60;1.07;25.37;1988.42;133;439.35;0.71;25.41;2827.11;189;607.37;1.15;24.71;2618.75;175;575.44;1.15;25.27;3351.71;238;592.03;1.13;20.31;3547.69;248;808.32;1.61;26.20;2078.36;139;633.60;1.13;35.06;2887.82;193;664.49;1.12;26.46;1977.18;132;432.65;0.78;25.16;2995.75;200;645.90;0.97;24.79;2573.78;172;562.56;1.02;25.14;3684.19;282;289.27;0.52;9.03;1834.05;115;393.72;0.51;24.69;1897.21;119;402.95;0.68;24.42;1181.66;74;252.21;0.49;24.55;3077.35;217;409.04;0.79;15.29;2954.88;197;524.24;1.06;20.40;2613.72;181;396.53;0.67;17.45;2460.86;154;562.79;0.99;26.30;2251.39;141;496.38;0.91;25.35;2548.80;160;543.25;1.27;24.51;2969.34;186;642.93;1.19;24.90;6153.91;458;614.17;1.20;11.48;5128.21;383;504.86;0.94;11.32;3886.36;244;850.22;1.33;25.16;3365.90;211;716.16;1.21;24.47;2890.19;181;641.70;1.44;25.53;3304.52;225;557.05;1.14;19.39;4165.71;281;780.34;1.83;21.54;8043.67;623;553.96;1.13;7.92;4856.86;346;636.58;1.59;15.07;5038.01;343;852.47;1.89;19.46;3154.02;198;699.49;1.60;25.50;3489.81;219;740.09;1.42;24.39;6131.54;443;740.51;1.54;13.89;6786.27;523;466.57;1.08;7.91;3748.05;235;837.87;1.58;25.71
20881;NIKNAKS FRUIT CHUTNEY;14;49797.46;3 558;8660.04;0.34;20.00;1061.04;106;133.17;0.27;14.43;670.84;56;135.32;0.23;23.20;802.13;67;158.05;0.33;22.66;1239.70;118;97.99;0.25;9.09;1208.99;98;210.43;0.43;20.02;1324.95;111;208.31;0.44;18.08;685.51;49;150.96;0.32;25.32;891.89;70;161.47;0.32;20.82;1045.63;85;163.56;0.39;17.99;839.40;60;184.46;0.33;25.27;1287.08;92;282.84;0.59;25.27;237.83;17;52.26;0.11;25.27;599.60;40;134.43;0.22;25.78;539.64;37;111.49;0.18;23.76;927.88;62;199.53;0.38;24.73;1108.51;75;234.99;0.47;24.38;704.73;51;114.88;0.22;18.75;1109.65;77;270.85;0.54;28.07;944.37;63;211.80;0.38;25.79;1033.56;69;234.68;0.40;26.11;823.70;55;183.19;0.33;25.58;959.36;64;207.31;0.31;24.85;777.98;52;167.37;0.30;24.74;1627.73;127;99.52;0.18;7.03;1007.37;63;219.57;0.29;25.07;895.44;56;192.44;0.33;24.71;381.36;24;80.16;0.16;24.17;1257.62;90;153.72;0.30;14.06;1523.47;105;238.28;0.48;17.99;1230.69;83;211.04;0.36;19.72;1245.62;78;285.17;0.50;26.33;926.62;58;203.25;0.37;25.22;717.95;45;152.83;0.36;24.48;908.23;57;193.65;0.36;24.52;1726.53;122;241.49;0.47;16.08;848.06;64;77.85;0.15;10.56;543.66;34;121.76;0.19;25.76;767.52;48;164.50;0.28;24.65;463.71;29;99.38;0.22;24.65;1728.74;127;199.00;0.41;13.24;1259.40;84;246.71;0.58;22.53;2338.34;183;124.45;0.25;6.12;1253.10;92;137.56;0.34;12.62;1764.73;125;233.85;0.52;15.24;814.69;51;200.97;0.46;28.37;831.48;52;178.21;0.34;24.65;878.65;55;190.52;0.40;24.94;755.18;52;118.22;0.27;18.00;1277.60;80;286.64;0.54;25.80
20898;LAYS SWEET&SMOKY AMER BBQ;14;39629.96;4 575;10259.44;0.40;29.77;380.87;51;96.38;0.19;29.10;1039.61;139;264.02;0.44;29.21;329.56;44;83.99;0.18;29.31;749.00;100;190.88;0.48;29.31;855.32;108;216.50;0.44;29.11;1117.80;140;283.66;0.60;29.18;811.38;102;204.04;0.43;28.92;517.35;65;130.28;0.26;28.96;813.38;102;205.78;0.49;29.09;700.32;88;176.30;0.31;28.95;1061.47;133;269.10;0.56;29.15;957.20;120;242.34;0.51;29.12;1155.35;145;294.68;0.49;29.33;445.44;56;243.28;0.39;62.81;996.35;125;359.97;0.68;41.55;1011.53;127;255.17;0.51;29.01;886.09;111;191.95;0.37;24.91;271.66;34;58.43;0.12;24.74;526.54;66;112.73;0.20;24.62;977.28;112;264.14;0.45;31.08;681.45;76;195.15;0.35;32.93;681.44;76;195.14;0.29;32.93;485.01;54;139.37;0.25;33.05;1005.98;112;316.33;0.57;36.16;1159.26;129;299.22;0.39;29.68;1400.64;156;357.00;0.61;29.31;1248.71;139;316.98;0.62;29.19;881.02;98;224.04;0.43;29.24;1014.52;113;257.15;0.52;29.15;996.54;111;252.58;0.43;29.15;772.24;86;203.57;0.36;30.31;850.46;95;214.06;0.39;28.94;770.45;86;194.26;0.45;29.00;996.09;111;252.19;0.47;29.12;806.40;90;203.40;0.40;29.01;843.26;94;213.60;0.40;29.13;743.92;83;193.04;0.30;29.84;634.24;71;158.79;0.27;28.79;1185.78;132;300.98;0.68;29.19;478.47;53;122.90;0.25;29.54;515.98;52;134.63;0.32;30.01;798.20;80;202.42;0.41;29.16;855.14;86;215.06;0.54;28.92;695.80;70;174.84;0.39;28.90;238.26;24;59.68;0.14;28.81;827.67;83;209.61;0.40;29.12;656.34;66;165.11;0.34;28.93;817.18;82;148.10;0.34;20.84;986.01;99;196.57;0.37;22.93
20917;LAYS SWEET&SMOKY AMER BBQ;14;384605.00;18 962;42430.22;1.66;12.69;11014.81;632;833.00;1.68;8.70;11153.09;604;1267.64;2.13;13.07;6992.50;350;1220.69;2.55;20.08;4636.68;232;778.26;1.95;19.30;12914.55;703;1314.82;2.68;11.71;9061.88;461;1073.43;2.26;13.62;7125.02;376;649.66;1.38;10.49;9093.32;464;1063.23;2.12;13.45;12980.64;720;667.46;1.58;5.91;14499.57;756;1445.53;2.55;11.46;7737.18;352;1531.88;3.19;22.77;7008.76;344;864.12;1.80;14.18;7380.60;356;1059.92;1.76;16.52;5856.70;255;1656.86;2.67;32.53;4318.67;188;883.60;1.67;23.53;4181.88;182;845.53;1.70;23.25;9379.22;444;1354.54;2.59;16.61;11560.56;615;580.10;1.15;5.77;12370.03;617;1311.09;2.33;12.19;9919.00;483;1253.88;2.12;14.54;4937.27;230;761.27;1.37;17.73;7077.47;308;1525.09;2.29;24.78;6522.26;284;1317.55;2.39;23.23;8094.95;380;1203.36;2.17;17.10;12571.88;606;1341.50;1.75;12.27;8182.78;383;981.30;1.67;13.79;5057.56;239;590.58;1.16;13.43;9664.87;479;782.84;1.51;9.31;5479.78;267;481.46;0.97;10.10;8084.75;398;606.86;1.03;8.63;7041.24;335;792.54;1.39;12.94;4560.73;212;576.13;1.05;14.53;7440.57;371;541.40;1.27;8.37;11200.55;612;-128.86;-0.24;-1.32;5536.89;231;1100.69;2.16;22.86;5415.60;261;645.10;1.20;13.70;11076.67;556;965.19;1.52;10.02;7417.81;353;650.30;1.10;10.08;5729.01;280;525.37;1.18;10.55;5835.36;273;783.94;1.61;15.45;4596.73;217;465.28;1.09;11.64;5107.95;257;174.57;0.36;3.93;4900.44;237;329.50;0.82;7.73;5567.28;264;476.63;1.06;9.85;6906.18;333;483.92;1.11;8.06;11167.71;543;678.17;1.30;6.98;4748.82;198;916.51;1.91;22.19;5839.14;267;545.89;1.26;10.75;9658.09;454;660.92;1.25;7.87
20919;LAYS SALT;14;314491.71;15 118;37185.29;1.46;13.60;9462.20;541;829.85;1.67;10.09;6247.22;331;824.31;1.38;15.17;3986.00;200;689.36;1.44;19.89;3302.34;166;543.52;1.36;18.93;4360.59;232;512.81;1.04;13.52;2020.72;93;385.28;0.81;21.93;4469.05;241;331.37;0.70;8.53;5261.98;265;666.88;1.33;14.57;6025.98;331;357.71;0.85;6.83;7010.71;355;855.64;1.51;14.04;4698.16;214;926.52;1.93;22.68;4912.79;239;638.36;1.33;14.94;4221.14;202;631.74;1.05;17.21;4811.80;210;984.31;1.59;23.52;4789.96;209;972.63;1.84;23.35;5876.24;256;1180.72;2.37;23.11;6149.86;286;984.07;1.88;18.40;7687.22;388;744.60;1.48;11.14;9150.59;452;1046.95;1.86;13.16;8433.46;405;1166.03;1.97;15.90;4971.38;230;798.43;1.44;18.47;6057.86;264;1222.02;1.84;23.20;3549.65;155;710.18;1.29;23.01;3554.90;150;764.24;1.38;24.72;9149.69;427;1198.04;1.56;15.06;6760.03;315;833.80;1.42;14.18;5881.85;270;817.63;1.60;15.99;7853.15;376;869.04;1.68;12.73;7555.39;356;872.30;1.76;13.28;8254.60;398;781.54;1.33;10.89;6987.07;328;876.63;1.54;14.43;7760.58;366;901.54;1.65;13.36;5813.66;285;501.90;1.18;9.93;10870.55;577;190.94;0.35;2.02;5595.66;234;1093.84;2.14;22.48;6932.89;322;1046.38;1.95;17.36;9607.43;477;861.52;1.35;10.31;7530.96;347;805.47;1.36;12.30;5793.90;276;528.85;1.19;10.50;6410.19;297;784.39;1.61;14.07;4330.67;198;576.26;1.35;15.30;5664.63;274;375.41;0.77;7.62;7907.88;396;292.92;0.73;4.26;6596.98;302;734.71;1.63;12.81;8023.63;386;610.60;1.40;8.75;11598.07;569;579.79;1.11;5.75;5468.51;229;1008.33;2.10;21.20;5973.29;271;586.04;1.35;11.28;9158.65;427;689.87;1.30;8.66
20920;LAYS CARRIBEAN ONION&BALS;14;245732.21;12 117;25758.99;1.01;12.05;8610.22;496;679.37;1.37;9.07;3881.49;214;388.07;0.65;11.50;1818.09;91;318.84;0.67;20.17;1457.27;73;243.41;0.61;19.21;6141.00;340;552.26;1.12;10.34;5524.67;282;640.34;1.35;13.33;5865.08;318;424.30;0.90;8.32;4818.69;247;546.91;1.09;13.05;7254.92;400;408.59;0.97;6.48;9130.87;475;926.35;1.63;11.67;4175.90;190;1152.10;2.40;31.73;4675.82;232;527.62;1.10;12.98;5078.75;251;656.61;1.09;14.87;4111.76;179;850.31;1.37;23.78;3511.72;153;716.54;1.35;23.46;2364.52;103;477.16;0.96;23.21;4978.34;239;666.08;1.28;15.39;6675.71;352;388.83;0.77;6.70;8032.37;406;758.98;1.35;10.87;6632.75;328;752.14;1.27;13.04;3288.12;157;442.96;0.80;15.49;4341.66;189;873.34;1.31;23.13;4040.49;176;817.21;1.48;23.26;6111.57;291;732.65;1.32;13.79;8614.61;417;888.50;1.16;11.86;4854.03;225;616.13;1.05;14.60;5178.04;237;725.05;1.42;16.10;6706.00;332;537.34;1.04;9.21;5649.87;273;533.84;1.08;10.87;6225.05;308;452.77;0.77;8.36;5390.06;259;562.44;0.99;12.00;5475.95;262;577.17;1.05;12.12;6729.74;336;482.32;1.13;8.24;5159.68;278;15.91;0.03;0.35;478.60;20;96.27;0.19;23.13;2947.62;138;451.33;0.84;17.61;5867.25;290;506.62;0.80;9.93;5393.02;254;509.70;0.86;10.87;4358.45;210;363.70;0.82;9.60;3904.80;182;462.62;0.95;13.62;3222.09;150;382.75;0.90;13.66;4626.95;225;284.11;0.58;7.06;4316.36;219;116.18;0.29;3.10;4292.81;199;419.62;0.93;11.24;5935.51;287;404.21;0.93;7.83;4616.62;228;178.27;0.34;4.44;2372.61;99;398.44;0.83;19.31;3986.03;184;339.61;0.78;9.80;6908.68;323;513.13;0.97;8.54
20925;SIMBA CHIPS SLT & VINEGAR;14;248249.13;14 057;31615.77;1.24;14.64;4642.22;301;539.69;1.09;13.37;4710.95;301;525.72;0.88;12.83;3177.55;203;345.88;0.72;12.52;3193.42;206;331.37;0.83;11.93;4710.82;286;614.46;1.25;15.00;3225.93;179;578.85;1.22;20.64;4638.92;278;531.76;1.13;13.18;3494.65;192;636.39;1.27;20.94;5941.20;371;488.70;1.16;9.46;7133.70;441;647.01;1.14;10.43;5521.57;325;722.06;1.50;15.04;4613.19;249;748.51;1.56;18.66;7321.31;432;1001.28;1.66;15.73;4921.38;271;877.33;1.41;20.50;6448.06;365;795.66;1.50;14.19;6555.90;400;570.05;1.14;10.00;4923.88;284;608.92;1.17;14.22;4796.06;289;600.07;1.19;14.39;6644.76;427;578.17;1.03;10.01;2244.08;119;467.84;0.79;23.97;5540.18;309;1367.93;2.46;28.39;10264.69;584;1193.35;1.79;13.37;5734.43;318;856.22;1.55;17.17;4807.59;259;788.40;1.42;18.86;4173.91;209;862.93;1.13;23.78;4706.82;270;525.87;0.89;12.85;5513.17;326;511.68;1.00;10.67;4008.33;245;244.39;0.47;7.01;3895.81;208;604.69;1.22;17.85;5102.87;285;580.69;0.99;13.09;4010.30;219;581.90;1.02;16.58;4927.91;268;592.71;1.08;13.83;5785.92;334;425.09;1.00;8.45;8478.12;478;728.23;1.35;9.88;3642.70;206;338.23;0.66;10.68;4600.74;251;526.25;0.98;13.15;5359.40;294;623.38;0.98;13.38;4370.40;237;561.39;0.95;14.77;4411.77;252;377.33;0.85;9.84;3415.08;188;352.01;0.72;11.85;4639.63;246;535.79;1.26;13.28;3562.68;189;398.79;0.82;12.87;4212.03;223;482.96;1.20;13.19;5230.60;284;402.01;0.89;8.84;5806.89;315;550.16;1.26;10.90;6720.66;323;1382.48;2.65;23.66;5569.17;291;688.07;1.43;14.21;4617.44;241;579.68;1.34;14.44;6280.34;286;1743.45;3.29;31.92
20926;SIMBA CHIPS MRS H S BALLS;14;300020.88;17 629;32169.13;1.26;12.33;7228.08;479;716.53;1.44;11.40;8543.80;565;709.92;1.19;9.56;7308.50;457;965.97;2.01;15.20;7626.09;516;484.07;1.21;7.30;7403.48;456;821.11;1.67;12.75;4517.82;266;620.17;1.31;15.79;7116.96;443;597.95;1.27;9.66;4811.18;266;853.49;1.70;20.40;9826.07;624;667.44;1.58;7.81;10103.44;627;883.93;1.56;10.06;6265.45;398;424.07;0.88;7.78;5643.69;332;635.18;1.33;12.94;9886.03;594;1225.99;2.04;14.26;11213.47;643;1222.21;1.97;12.53;7955.39;461;763.86;1.44;11.04;9118.45;574;464.45;0.93;5.86;7112.90;416;809.58;1.55;13.09;7362.10;462;743.12;1.48;11.61;8299.55;534;716.79;1.28;9.93;4458.89;228;1684.57;2.85;43.45;5299.20;294;1435.26;2.58;31.15;9907.74;588;790.44;1.19;9.17;6482.12;363;928.02;1.68;16.46;3210.16;175;493.32;0.89;17.67;4288.85;215;886.69;1.16;23.78;5173.92;308;418.77;0.71;9.31;5034.67;304;382.34;0.75;8.73;4266.38;264;217.78;0.42;5.87;5651.07;311;774.46;1.56;15.76;5883.06;329;670.99;1.14;13.12;4504.12;255;514.95;0.90;13.09;4801.64;266;527.06;0.96;12.58;4107.84;239;263.86;0.62;7.39;8533.48;491;598.54;1.11;8.07;10964.08;624;935.65;1.83;9.81;3447.02;187;402.31;0.75;13.42;6439.41;362;613.74;0.96;10.96;4420.06;240;741.33;1.25;19.29;5288.12;302;508.94;1.14;11.07;1993.82;107;239.38;0.49;13.81;3918.91;212;376.97;0.89;11.06;3867.78;205;450.03;0.92;13.38;3147.72;175;219.10;0.55;8.00;4352.71;241;264.17;0.59;6.98;3422.43;182;323.36;0.74;10.87;5223.53;268;795.41;1.52;17.51;5190.53;277;487.97;1.02;10.81;4456.64;235;435.91;1.01;11.25;4942.53;269;461.99;0.87;10.75
20928;SIMBA CHIPS CRMY CHEDDAR;14;304945.25;17 989;30591.15;1.20;11.53;7320.81;489;691.05;1.39;10.86;9865.53;660;722.28;1.21;8.42;7879.02;498;975.56;2.03;14.24;8631.16;587;509.70;1.28;6.79;7063.61;438;749.84;1.53;12.21;4704.68;276;658.28;1.39;16.09;7833.61;484;707.29;1.50;10.38;4436.46;251;711.91;1.42;18.45;9433.19;601;614.39;1.45;7.49;7248.63;443;726.65;1.28;11.53;7211.30;433;827.27;1.72;13.19;4617.82;269;544.49;1.14;13.56;8881.39;539;1083.36;1.80;14.03;6889.10;387;1066.60;1.72;17.80;6316.72;370;582.56;1.10;10.61;8406.48;544;147.72;0.30;2.02;7586.64;449;786.01;1.50;11.91;6272.37;384;743.99;1.48;13.64;9733.69;631;682.50;1.21;8.06;4805.79;247;1164.71;1.97;27.87;3018.82;162;567.32;1.02;21.61;7918.75;464;713.88;1.07;10.37;6028.84;359;619.85;1.13;11.82;3515.41;202;423.13;0.76;13.84;2971.51;149;612.06;0.80;23.69;4994.97;284;593.65;1.01;13.67;5790.69;356;335.74;0.66;6.67;4967.36;310;213.32;0.41;4.94;4453.92;242;636.98;1.28;16.45;6689.48;380;687.52;1.17;11.82;4928.19;282;541.15;0.95;12.51;5373.19;303;546.89;1.00;11.64;3970.96;234;222.25;0.52;6.44;9186.19;525;706.23;1.30;8.84;10237.43;598;608.35;1.19;6.83;4970.31;275;521.58;0.97;12.07;7319.69;411;709.33;1.11;11.14;5770.62;316;804.30;1.35;16.03;7343.26;419;674.25;1.51;10.56;5714.89;313;654.52;1.34;13.17;5159.81;280;522.80;1.23;11.65;5024.77;271;496.32;1.01;11.36;4597.35;257;324.73;0.81;8.12;6958.26;393;336.52;0.75;5.56;6262.54;351;356.50;0.82;6.55;5430.14;274;918.16;1.76;19.44;3765.35;211;184.22;0.38;5.63;1997.79;91;728.77;1.68;41.95;5446.76;297;634.65;1.20;13.40
20929;SIMBA CHIPS CHSE & ONION;14;270886.44;16 052;26690.61;1.04;11.33;7463.07;501;675.26;1.36;10.41;11180.19;747;797.77;1.34;8.21;6202.44;393;742.88;1.55;13.77;6859.23;468;385.73;0.97;6.47;5203.16;332;448.62;0.91;9.92;4726.40;270;751.79;1.58;18.29;6973.14;442;479.59;1.02;7.91;4883.30;274;814.18;1.62;19.17;10029.05;637;679.73;1.61;7.79;11303.27;705;940.86;1.66;9.57;5108.85;310;567.04;1.18;12.76;4439.72;253;573.25;1.20;14.85;8160.43;492;1026.76;1.71;14.47;6899.49;397;724.70;1.17;12.08;7217.11;414;779.00;1.47;12.41;7195.84;463;159.21;0.32;2.54;9157.09;550;855.88;1.64;10.75;7363.56;443;950.37;1.89;14.84;6497.77;417;409.18;0.73;7.24;1336.33;67;355.25;0.60;30.57;5622.38;321;715.84;1.29;14.64;9308.64;548;816.99;1.23;10.09;4761.63;275;597.93;1.09;14.44;1927.72;116;170.78;0.31;10.19;1915.04;96;401.30;0.52;24.10;3555.46;201;452.07;0.77;14.62;5576.24;345;296.89;0.58;6.12;3784.60;239;116.96;0.23;3.55;3676.48;197;560.79;1.13;17.54;6496.79;357;1406.84;2.39;24.90;4364.87;246;711.84;1.25;18.62;4716.81;265;487.06;0.89;11.81;5424.38;322;268.92;0.63;5.70;5970.51;331;578.87;1.07;11.15;4911.89;287;308.06;0.60;7.21;4763.21;269;430.69;0.80;10.40;5136.36;286;530.30;0.83;11.87;4018.84;214;644.07;1.08;18.43;4124.88;237;348.80;0.78;9.72;4555.48;255;438.99;0.90;11.08;3155.28;171;297.30;0.70;10.84;3283.04;174;368.06;0.75;12.89;3248.86;179;266.88;0.67;9.45;4229.40;234;272.98;0.61;7.42;5031.96;287;195.85;0.45;4.48;4881.70;256;549.44;1.05;12.94;4898.67;264;398.63;0.83;9.36;5088.85;276;493.46;1.14;11.15;4257.03;229;446.97;0.84;12.07
20930;SIMBA CHIPS CHILLI BILTON;14;38871.14;2 484;3887.32;0.15;11.50;6429.97;430;608.56;1.22;10.88;8045.80;535;631.02;1.06;9.02;4046.15;262;415.54;0.87;11.81;5743.29;390;346.72;0.87;6.94;3280.39;204;354.98;0.72;12.44;3465.72;197;563.48;1.19;18.70;4534.20;281;390.55;0.83;9.91;2499.00;140;418.96;0.84;19.28;811.62;44;157.13;0.37;22.26;15.00;1;0.38;0.00;2.89;0.00;0;0.00;0.00;0.00;0.00;0;0.00;0.00;0.00;0.00;0;0.00;0.00;0.00;0.00;0;0.00;0.00;0.00;0.00;0;0.00;0.00;0.00;0.00;0;0.00;0.00;0.00;0.00;0;0.00;0.00;0.00;0.00;0;0.00;0.00;0.00;0.00;0;0.00;0.00;0.00;0.00;0;0.00;0.00;0.00;0.00;0;0.00;0.00;0.00;0.00;0;0.00;0.00;0.00;0.00;0;0.00;0.00;0.00;0.00;0;0.00;0.00;0.00;0.00;0;0.00;0.00;0.00;0.00;0;0.00;0.00;0.00;0.00;0;0.00;0.00;0.00;0.00;0;0.00;0.00;0.00;0.00;0;0.00;0.00;0.00;0.00;0;0.00;0.00;0.00;0.00;0;0.00;0.00;0.00;0.00;0;0.00;0.00;0.00;0.00;0;0.00;0.00;0.00;0.00;0;0.00;0.00;0.00;0.00;0;0.00;0.00;0.00;0.00;0;0.00;0.00;0.00;0.00;0;0.00;0.00;0.00;0.00;0;0.00;0.00;0.00;0.00;0;0.00;0.00;0.00;0.00;0;0.00;0.00;0.00;0.00;0;0.00;0.00;0.00;0.00;0;0.00;0.00;0.00;0.00;0;0.00;0.00;0.00;0.00;0;0.00;0.00;0.00;0.00;0;0.00;0.00;0.00;0.00;0;0.00;0.00;0.00;0.00;0;0.00;0.00;0.00;0.00;0;0.00;0.00;0.00;0.00;0;0.00;0.00;0.00
20931;SIMBA CHIPS SMOKED BEEF;14;275651.56;16 090;27148.57;1.06;11.32;0.00;0;0.00;0.00;0.00;0.00;0;0.00;0.00;0.00;0.00;0;0.00;0.00;0.00;5265.19;353;375.73;0.94;8.21;7424.61;467;713.63;1.45;11.05;4424.77;261;601.44;1.27;15.63;6991.99;438;554.68;1.17;9.12;4284.55;242;690.84;1.38;18.54;10244.13;656;621.97;1.47;6.98;12283.75;755;1173.41;2.07;10.99;8029.41;493;823.62;1.71;11.80;5741.34;326;757.72;1.58;15.18;9769.21;592;1174.26;1.95;13.82;8579.93;490;984.71;1.59;13.20;7935.31;460;792.77;1.50;11.49;8532.46;547;225.63;0.45;3.04;7426.32;447;644.36;1.23;9.98;5691.69;358;554.80;1.10;11.21;6169.82;398;545.03;0.97;10.16;1133.59;62;239.18;0.40;24.26;2932.50;179;180.89;0.33;7.09;9242.61;543;818.94;1.23;10.19;5483.42;315;680.57;1.24;14.27;3602.16;211;386.19;0.70;12.33;3835.08;192;789.70;1.03;23.68;5759.44;330;644.64;1.09;12.87;5564.71;335;437.37;0.86;9.04;4629.47;291;167.01;0.32;4.15;3230.57;172;500.18;1.01;17.81;5954.98;329;1023.34;1.74;19.76;4182.16;237;555.56;0.98;15.16;4752.68;264;531.24;0.97;12.79;5288.75;311;308.81;0.72;6.71;7064.11;403;548.20;1.01;8.92;11691.68;668;970.05;1.90;9.54;4554.78;248;510.43;0.95;12.89;6574.79;369;641.21;1.01;11.22;6277.80;342;866.44;1.46;15.87;5714.58;327;507.40;1.14;10.21;6421.49;358;644.01;1.32;11.53;4527.88;244;467.22;1.10;11.87;4200.75;225;437.20;0.89;11.97;4003.23;217;348.27;0.87;10.00;5447.87;306;289.96;0.64;6.12;4828.38;272;198.54;0.45;4.73;5759.01;293;686.72;1.32;13.71;4029.15;220;282.86;0.59;8.07;4553.91;242;574.70;1.33;14.51;5615.55;302;677.14;1.28;13.87
20932;SIMBA CHIPS MEXICAN CHILL;14;117927.96;6 817;12792.08;0.50;12.47;1559.67;102;179.24;0.36;13.22;2353.54;155;203.58;0.34;9.95;1833.44;115;238.86;0.50;14.98;1799.70;120;136.84;0.34;8.74;1611.68;101;160.34;0.33;11.44;1171.62;68;173.05;0.36;16.99;1761.72;110;144.10;0.30;9.41;1275.51;72;206.30;0.41;18.60;3182.59;200;244.67;0.58;8.84;3982.23;245;377.12;0.66;10.89;2819.26;167;354.30;0.74;14.45;1217.74;73;122.38;0.26;11.56;2794.48;169;351.95;0.59;14.48;3751.16;216;461.92;0.74;14.16;2358.23;133;297.77;0.56;14.52;2950.35;180;245.59;0.49;9.57;3304.88;188;447.96;0.86;15.59;3186.12;188;460.20;0.91;16.61;4249.16;267;400.08;0.71;10.83;2164.00;111;511.80;0.87;27.20;2164.42;125;255.07;0.46;13.55;4587.29;269;413.58;0.62;10.37;2447.04;139;327.24;0.59;15.38;1859.08;104;255.59;0.46;15.81;1839.08;92;384.81;0.50;24.06;2696.36;155;291.18;0.49;12.42;2969.79;176;264.67;0.52;10.25;2359.69;147;107.66;0.21;5.25;1569.62;86;222.17;0.45;16.28;2791.14;155;328.67;0.56;13.54;2553.42;143;303.13;0.53;13.65;1506.02;82;177.62;0.32;13.56;2388.23;142;115.67;0.27;5.57;3346.86;191;253.35;0.47;8.71;3504.65;205;197.28;0.39;6.47;2352.04;131;234.49;0.44;11.47;2423.20;137;220.33;0.35;10.46;2522.66;135;373.98;0.63;17.05;2270.64;130;190.88;0.43;9.67;2138.58;121;184.52;0.38;9.92;1486.61;80;141.29;0.33;10.93;1609.56;86;170.53;0.35;12.18;1671.72;92;131.65;0.33;9.06;2006.72;111;125.60;0.28;7.20;2304.03;124;195.31;0.45;9.75;2518.23;127;363.38;0.70;16.59;3393.17;181;304.85;0.64;10.33;742.67;34;212.88;0.49;32.96;2578.36;137;326.65;0.62;14.57
29902;CADBURY CHOMP LARGE;14;36986.24;5 467;11678.67;0.46;36.31;2014.21;404;600.31;1.21;34.27;0.00;0;0.00;0.00;0.00;0.00;0;0.00;0.00;0.00;1404.37;243;533.61;1.34;43.70;161.73;27;44.44;0.09;31.60;0.00;0;0.00;0.00;0.00;1078.20;180;296.30;0.63;31.60;515.14;86;141.56;0.28;31.60;1641.26;274;451.03;1.07;31.60;1365.72;228;375.31;0.66;31.60;790.08;132;216.76;0.45;31.55;0.00;0;0.00;0.00;0.00;329.45;55;90.54;0.15;31.60;1817.36;304;497.28;0.80;31.47;2694.60;450;739.96;1.40;31.58;1126.84;186;304.30;0.61;31.06;866.76;124;222.98;0.43;29.59;1523.12;218;391.41;0.78;29.55;1089.39;156;279.62;0.50;29.52;969.16;139;247.83;0.42;29.41;708.78;102;179.77;0.32;29.17;573.18;82;147.46;0.22;29.59;928.62;133;238.26;0.43;29.51;181.74;26;46.75;0.08;29.59;132.81;19;34.17;0.04;29.59;774.49;111;198.39;0.34;29.46;936.65;135;236.68;0.46;29.06;1028.57;148;260.97;0.50;29.18;880.03;127;221.68;0.45;28.97;924.44;116;307.38;0.52;38.24;737.47;93;223.21;0.39;34.81;1452.97;183;349.68;0.64;27.68;949.61;119;231.55;0.54;28.04;948.81;119;385.64;0.71;46.74;7.99;1;6.95;0.01;100.00;636.40;80;553.39;1.03;100.00;799.00;100;694.78;1.09;100.00;431.06;54;374.83;0.63;100.00;348.58;42;238.20;0.54;78.58;503.44;56;158.15;0.32;36.13;494.45;55;155.33;0.36;36.13;600.53;68;182.66;0.37;34.98;656.27;73;206.16;0.51;36.13;474.67;53;148.11;0.33;35.88;152.83;17;48.01;0.11;36.13;249.92;28;77.51;0.15;35.67;241.83;27;75.47;0.16;35.89;377.58;42;118.61;0.27;36.13;466.13;52;145.68;0.27;35.94
29907;CADBURY ASTROS LARGE;14;63355.36;4 776;12656.09;0.50;22.97;969.99;81;248.45;0.50;29.46;863.28;72;225.67;0.38;30.06;707.41;59;182.69;0.38;29.70;1246.96;104;323.73;0.81;29.86;1760.18;151;421.01;0.86;27.51;2575.06;199;652.71;1.38;29.15;1766.58;142;518.76;1.10;33.77;454.42;38;180.22;0.36;45.61;2693.43;239;427.95;1.01;18.27;1408.85;118;277.69;0.49;22.67;1462.01;124;276.95;0.58;21.78;1330.29;111;266.57;0.56;23.04;838.70;70;166.64;0.28;22.85;381.75;29;84.02;0.14;25.31;0.00;0;0.00;0.00;0.00;0.00;0;0.00;0.00;0.00;0.00;0;0.00;0.00;0.00;428.67;33;86.11;0.17;23.10;632.53;47;141.55;0.25;25.74;1259.10;90;309.17;0.52;28.24;925.63;67;221.86;0.40;27.56;979.30;70;241.91;0.36;28.41;1301.07;93;321.72;0.58;28.44;1636.83;117;359.04;0.65;25.23;1803.31;129;355.50;0.46;22.67;2628.02;188;584.29;0.99;25.57;2578.56;198;478.51;0.94;21.34;2542.49;193;511.06;0.99;23.12;2332.49;173;434.01;0.88;21.40;2631.67;195;479.66;0.82;20.96;2080.15;166;274.42;0.48;15.17;0.00;0;0.00;0.00;0.00;1265.23;94;247.77;0.58;22.52;2290.72;159;396.28;0.73;19.89;1552.79;118;164.95;0.32;12.22;2200.53;147;435.21;0.81;22.74;2428.38;162;483.00;0.76;22.87;1738.84;116;345.60;0.58;22.86;1051.57;80;112.53;0.25;12.31;599.60;40;118.51;0.24;22.73;515.88;40;47.84;0.11;10.66;24.00;2;0.83;0.00;3.99;74.95;5;15.08;0.04;23.14;1045.56;70;206.00;0.46;22.66;1190.31;82;211.44;0.48;20.43;1169.22;78;235.25;0.45;23.14;1235.48;90;168.28;0.35;15.66;1490.16;105;240.89;0.56;18.59;1263.41;92;174.76;0.33;15.91
29908;CADBURY LUNCH BAR;14;214373.80;16 938;34913.09;1.37;18.73;4671.75;453;736.14;1.48;18.12;4689.80;479;573.43;0.96;14.06;4138.91;349;1037.58;2.16;28.83;4709.85;426;966.33;2.42;23.59;5196.32;472;1051.86;2.14;23.28;3941.47;337;844.95;1.78;24.65;4292.94;386;763.07;1.62;20.44;1678.00;140;355.13;0.71;24.34;3807.78;344;553.31;1.31;16.71;3620.42;307;690.71;1.22;21.94;1702.94;146;308.86;0.64;20.86;1977.75;165;394.42;0.82;22.93;3440.53;287;943.09;1.57;31.52;4241.97;344;698.23;1.13;18.93;2838.57;203;699.02;1.32;28.32;2543.40;190;560.91;1.13;25.36;5267.10;443;725.50;1.39;15.84;2904.56;224;576.30;1.14;22.82;1718.78;132;348.00;0.62;23.28;2220.91;159;543.16;0.92;28.12;8153.83;662;1329.34;2.39;18.75;7094.23;524;1601.15;2.41;25.96;3824.70;291;795.13;1.44;23.91;4358.34;347;590.42;1.06;15.58;4312.81;314;864.09;1.13;23.04;4024.99;292;828.43;1.41;23.67;4251.26;375;345.62;0.68;9.35;3144.94;249;545.75;1.05;19.96;5172.32;420;616.41;1.24;13.71;9404.83;740;1310.85;2.23;16.03;13299.25;1 032;1970.11;3.46;17.04;13282.73;912;2605.78;4.75;22.56;12977.59;1 175;-262.00;-0.61;-2.32;10560.95;736;1791.94;3.31;19.51;13909.23;1 041;1664.15;3.26;13.76;6555.87;438;1291.51;2.41;22.66;6127.16;409;1208.52;1.90;22.68;4809.54;321;954.79;1.61;22.83;6035.30;442;810.25;1.82;15.44;3470.18;232;680.84;1.39;22.56;0.00;0;0.00;0.00;0.00;0.00;0;0.00;0.00;0.00;0.00;0;0.00;0.00;0.00;0.00;0;0.00;0.00;0.00;0.00;0;0.00;0.00;0.00;0.00;0;0.00;0.00;0.00;0.00;0;0.00;0.00;0.00;0.00;0;0.00;0.00;0.00;0.00;0;0.00;0.00;0.00
29909;CADBURY PS CARAMILK LARGE;14;132048.47;10 153;20901.02;0.82;18.20;1876.29;180;306.83;0.62;18.81;1597.71;167;161.44;0.27;11.62;173.85;15;41.29;0.09;27.31;769.78;67;176.25;0.44;26.33;3439.76;315;674.84;1.37;22.56;2569.95;216;572.42;1.21;25.61;838.87;80;136.65;0.29;18.73;0.00;0;0.00;0.00;0.00;0.00;0;0.00;0.00;0.00;779.40;66;147.10;0.26;21.70;1588.75;134;418.92;0.87;30.32;1378.25;115;283.52;0.59;23.66;71.94;6;14.56;0.02;23.27;2380.51;195;370.85;0.60;17.92;1706.08;122;422.68;0.80;28.49;2088.34;156;460.67;0.92;25.37;2911.98;240;445.44;0.85;17.59;2128.41;164;426.02;0.85;23.02;2624.37;198;562.17;1.00;24.63;1970.49;141;482.54;0.82;28.16;4074.12;331;657.80;1.18;18.57;4366.80;321;997.82;1.50;26.28;3019.92;229;634.55;1.15;24.16;2823.39;220;428.34;0.77;17.45;2392.29;171;472.85;0.62;22.73;2572.76;184;565.62;0.96;25.28;2212.73;183;300.12;0.59;15.60;1837.23;138;385.09;0.74;24.10;2321.54;190;263.37;0.53;13.05;3775.45;293;564.71;0.96;17.20;4856.48;384;653.83;1.15;15.48;2617.75;180;516.43;0.94;22.69;6697.71;625;-310.92;-0.73;-5.34;5348.33;373;904.56;1.67;19.45;4570.09;352;442.68;0.87;11.14;4685.87;313;923.68;1.72;22.67;2698.20;180;533.30;0.84;22.73;2937.29;196;583.62;0.98;22.85;3598.17;279;328.76;0.74;10.51;2891.57;193;571.42;1.17;22.73;4580.98;344;535.65;1.26;13.45;5348.15;416;552.24;1.13;11.87;2217.77;148;473.69;1.18;24.56;1421.87;97;261.55;0.58;21.15;3573.48;254;549.09;1.26;17.67;1678.88;112;337.52;0.65;23.12;4500.91;323;665.37;1.39;17.00;4003.32;285;621.37;1.44;17.85;3530.69;262;382.74;0.72;12.47
29910;CADBURY PS D/MILK ORG;14;101328.82;7 999;17328.72;0.68;19.67;1842.11;179;289.47;0.58;18.07;2840.08;308;210.51;0.35;8.52;779.35;65;201.19;0.42;29.69;2240.99;202;466.12;1.17;23.92;1878.84;173;363.81;0.74;22.27;3197.88;276;683.14;1.44;24.57;1143.28;97;239.00;0.51;24.04;1952.57;163;476.37;0.95;28.06;1222.84;103;269.62;0.64;25.36;2973.03;249;589.52;1.04;22.80;1836.87;156;506.56;1.05;31.71;575.52;48;227.45;0.47;45.45;2385.41;199;476.07;0.79;22.95;1642.49;131;301.96;0.49;21.14;488.25;35;120.37;0.23;28.35;1090.53;82;235.57;0.47;24.84;2875.98;243;386.67;0.74;15.46;1956.94;151;386.69;0.77;22.72;1644.12;123;361.12;0.64;25.26;1676.70;120;410.40;0.69;28.15;6163.73;491;1085.13;1.95;20.25;4397.59;332;928.65;1.40;24.28;2313.92;181;436.97;0.79;21.72;2968.28;240;357.57;0.64;13.85;2319.28;167;483.63;0.63;23.98;1291.40;93;269.68;0.46;24.02;2004.52;166;261.57;0.51;15.01;2051.73;163;356.35;0.69;19.97;1324.78;104;188.11;0.38;16.33;3280.45;259;451.24;0.77;15.82;2716.75;213;371.90;0.65;15.74;2301.56;159;450.98;0.82;22.53;2440.77;216;25.70;0.06;1.21;2650.39;181;487.19;0.90;21.14;5235.19;385;700.88;1.37;15.40;1989.17;133;390.62;0.73;22.58;2172.80;145;428.95;0.67;22.70;224.10;15;43.79;0.07;22.47;1713.62;133;155.32;0.35;10.42;1438.29;96;284.47;0.58;22.74;1865.46;142;199.04;0.47;12.27;2853.15;214;335.49;0.69;13.52;973.60;65;193.95;0.48;22.91;596.33;42;96.16;0.21;18.54;1340.29;94;218.70;0.50;18.77;1451.78;97;290.22;0.56;22.99;1796.13;128;274.71;0.57;17.59;1595.53;119;191.99;0.44;13.84;1614.45;123;168.15;0.32;11.98
29911;CADBURY LUNCH BAR DREAM;14;70307.47;5 581;11468.82;0.45;18.76;2013.74;189;363.30;0.73;20.75;1728.69;181;176.44;0.30;11.74;1483.15;125;372.47;0.78;28.88;417.09;37;91.39;0.23;25.20;812.79;75;155.89;0.32;22.06;1038.40;86;240.05;0.51;26.58;75.98;7;14.55;0.03;22.02;0.00;0;0.00;0.00;0.00;1697.76;161;188.31;0.45;12.76;1645.63;142;292.22;0.52;20.42;1380.53;122;222.02;0.46;18.49;671.44;56;134.50;0.28;23.04;1402.23;117;303.08;0.50;24.86;913.66;74;150.60;0.24;18.96;1063.24;76;262.96;0.50;28.44;1404.26;104;316.50;0.64;25.92;2578.44;218;347.11;0.66;15.48;2192.71;169;438.72;0.87;23.01;1920.56;144;418.35;0.74;25.05;1580.17;113;387.57;0.66;28.21;4540.75;376;674.43;1.21;17.08;3117.89;229;714.27;1.07;26.34;1510.18;115;312.89;0.57;23.83;1845.97;148;244.38;0.44;15.22;1755.05;127;361.38;0.47;23.68;1101.91;80;234.50;0.40;24.47;1470.04;124;176.55;0.35;13.81;2197.31;181;332.07;0.64;17.38;1573.75;137;113.48;0.23;8.29;2776.88;222;355.51;0.60;14.72;2510.96;200;313.71;0.55;14.37;1676.13;117;283.78;0.52;19.47;2761.75;237;14.46;0.03;0.60;2227.69;153;402.01;0.74;20.75;3270.91;258;261.04;0.51;9.18;2577.53;172;508.95;0.95;22.71;2083.61;139;411.83;0.65;22.73;2082.86;139;411.17;0.69;22.70;2336.41;173;294.52;0.66;14.50;869.42;58;171.84;0.35;22.73;0.00;0;0.00;0.00;0.00;0.00;0;0.00;0.00;0.00;0.00;0;0.00;0.00;0.00;0.00;0;0.00;0.00;0.00;0.00;0;0.00;0.00;0.00;0.00;0;0.00;0.00;0.00;0.00;0;0.00;0.00;0.00;0.00;0;0.00;0.00;0.00;0.00;0;0.00;0.00;0.00
29935;CADBURY SLAB FRUIT & NUT;14;122710.92;6 409;14093.88;0.55;13.21;816.57;43;211.28;0.43;29.76;2427.68;172;470.90;0.79;22.31;2120.29;117;553.35;1.15;30.01;2004.00;125;302.18;0.76;17.34;3576.14;227;484.43;0.99;15.58;1392.30;70;300.45;0.63;24.82;3219.16;183;427.19;0.90;15.26;3289.52;195;323.22;0.65;11.30;1867.58;108;222.12;0.52;13.68;1329.30;70;247.85;0.44;21.44;986.53;52;184.45;0.38;21.50;1290.37;68;241.46;0.50;21.52;1361.58;72;246.60;0.41;20.83;1585.20;75;357.56;0.58;25.94;3254.79;180;346.25;0.65;12.23;2768.43;148;407.16;0.82;16.91;2776.68;201;-250.20;-0.48;-10.36;2141.66;109;535.10;1.06;28.73;4128.31;210;716.66;1.28;19.96;2180.50;116;308.48;0.52;16.27;723.47;33;180.30;0.32;28.66;2589.32;118;623.18;0.94;27.68;725.67;33;175.62;0.32;27.83;2784.54;156;224.49;0.40;9.27;2351.69;103;632.07;0.83;30.91;4135.14;219;567.43;0.96;15.78;2134.93;113;276.51;0.54;14.89;2598.48;133;290.23;0.56;12.84;2701.29;168;-201.29;-0.41;-8.57;1387.29;76;52.66;0.09;4.37;2250.23;108;333.93;0.59;17.07;4277.53;218;379.24;0.69;10.20;5945.24;284;804.80;1.88;15.57;2399.04;96;496.28;0.92;23.79;898.39;36;186.01;0.36;23.81;2200.90;104;191.50;0.36;10.01;3111.10;158;93.77;0.15;3.47;2834.23;148;32.20;0.05;1.31;3613.99;180;168.04;0.38;5.35;3097.55;150;209.40;0.43;7.77;1996.73;98;113.66;0.27;6.55;3152.47;152;227.97;0.47;8.32;3486.08;197;-226.03;-0.56;-7.46;1582.14;66;283.09;0.63;20.58;8095.68;394;520.00;1.19;7.39;1812.44;76;322.32;0.62;20.45;47.98;2;8.60;0.02;20.61;1468.40;73;79.88;0.18;6.26;3792.39;176;411.51;0.78;12.48
29936;CADBURY SLAB CHOC WHL NUT;14;210343.00;10 939;24742.33;0.97;13.53;2389.89;126;618.15;1.24;29.75;6147.41;439;1464.69;2.46;27.40;3120.55;171;821.58;1.71;30.28;3110.98;202;360.80;0.90;13.34;4511.77;275;739.07;1.50;18.84;3877.08;192;872.82;1.84;25.89;3911.09;227;458.55;0.97;13.48;6792.71;404;649.37;1.30;10.99;3660.49;214;410.26;0.97;12.89;3466.62;183;628.22;1.11;20.84;2406.03;127;434.55;0.90;20.77;1098.57;58;204.18;0.43;21.37;2576.94;136;472.05;0.78;21.07;2184.69;101;522.40;0.84;27.50;5459.09;297;648.43;1.22;13.66;6373.36;346;827.08;1.66;14.92;7817.17;536;-173.45;-0.33;-2.55;1138.42;55;233.69;0.46;23.61;4488.50;232;732.61;1.30;18.77;5225.51;291;543.81;0.92;11.97;940.61;48;162.14;0.29;19.82;3099.49;141;749.41;1.13;27.81;2104.44;96;505.15;0.92;27.60;4824.80;279;299.85;0.54;7.15;1353.25;57;395.42;0.52;33.60;3097.69;159;461.54;0.78;17.13;1532.40;62;413.68;0.81;31.04;6009.53;294;862.99;1.66;16.51;4080.63;229;90.70;0.18;2.56;2342.17;103;497.90;0.85;24.45;5897.64;283;882.13;1.55;17.20;7110.70;369;505.58;0.92;8.18;4917.16;239;564.92;1.32;13.21;4718.11;189;972.71;1.80;23.71;2920.08;117;606.89;1.19;23.90;5226.60;248;437.79;0.82;9.63;5415.53;270;243.96;0.38;5.18;5892.64;306;90.79;0.15;1.77;7256.47;372;171.11;0.38;2.71;6306.94;292;648.54;1.33;11.83;6457.86;315;399.70;0.94;7.12;4852.83;230;421.18;0.86;9.98;5638.07;314;-290.71;-0.73;-5.93;2731.26;114;488.22;1.09;20.56;10946.59;529;768.26;1.76;8.07;3139.09;131;561.82;1.08;20.58;503.79;21;90.30;0.19;20.61;5546.91;255;641.65;1.48;13.30;5722.85;265;629.85;1.19;12.66
29937;CADBURY SLAB CHOC DREAM;14;42747.91;2 271;5304.86;0.21;14.27;94.00;5;23.77;0.05;29.08;511.97;38;16.29;0.03;3.66;170.91;9;44.67;0.09;30.06;1819.76;124;153.50;0.38;9.70;1898.91;124;221.16;0.45;13.39;480.66;24;104.31;0.22;24.96;814.73;45;125.71;0.27;17.74;313.91;18;38.82;0.08;14.22;599.05;35;66.88;0.16;12.84;1138.45;60;211.65;0.37;21.38;452.91;24;83.03;0.17;21.08;625.72;33;116.75;0.24;21.46;777.64;41;141.39;0.24;20.91;5164.23;314;161.46;0.26;3.60;606.83;34;60.00;0.11;11.37;1106.91;65;77.88;0.16;8.09;868.89;61;97.58;0.19;12.92;472.50;23;119.21;0.24;29.01;546.68;26;119.75;0.21;25.19;527.44;30;45.61;0.08;9.94;563.86;30;77.55;0.14;15.82;1737.21;79;420.42;0.63;27.83;438.70;20;105.48;0.19;27.65;696.72;28;202.88;0.37;33.49;479.85;22;102.84;0.13;24.65;1072.88;59;125.10;0.21;13.41;1771.64;89;278.80;0.55;18.10;698.67;37;61.92;0.12;10.19;2242.79;124;112.04;0.23;5.74;508.83;25;62.96;0.11;14.23;1483.36;69;253.57;0.45;19.66;1221.79;62;107.73;0.20;10.14;1677.83;81;210.07;0.49;14.40;999.60;40;206.79;0.38;23.79;323.62;13;66.95;0.13;23.79;791.76;36;92.30;0.17;13.41;865.82;44;25.36;0.04;3.37;411.88;19;46.61;0.08;13.01;729.86;33;89.95;0.20;14.17;838.82;39;84.85;0.17;11.63;471.88;22;46.65;0.11;11.37;0.00;0;0.00;0.00;0.00;0.00;0;0.00;0.00;0.00;310.67;13;56.33;0.13;20.85;488.72;21;79.98;0.18;18.82;695.71;29;126.34;0.24;20.88;694.51;29;123.66;0.26;20.48;818.87;39;72.57;0.17;10.19;719.96;36;35.76;0.07;5.71
29938;CADBURY SLAB CASHEW&C/NUT;14;53157.30;2 771;6090.59;0.24;13.18;94.95;5;24.60;0.05;29.79;931.92;68;152.68;0.26;18.84;553.77;32;149.21;0.31;30.99;125.97;8;17.35;0.04;15.84;1352.73;87;170.72;0.35;14.51;529.64;26;122.18;0.26;26.53;1204.72;70;141.08;0.30;13.47;963.83;57;97.10;0.19;11.59;1190.71;69;140.02;0.33;13.52;493.74;26;91.21;0.16;21.24;625.72;33;116.75;0.24;21.46;626.67;33;114.72;0.24;21.05;569.70;30;103.54;0.17;20.90;786.66;37;180.30;0.29;26.36;1552.56;86;163.25;0.31;12.09;1794.02;101;183.81;0.37;11.78;1345.38;101;113.94;0.22;9.74;1047.41;55;255.50;0.51;28.05;821.75;42;140.76;0.25;19.70;1943.82;112;147.99;0.25;8.76;413.95;24;32.07;0.06;8.91;438.70;20;105.48;0.16;27.65;373.83;17;90.47;0.16;27.83;1369.83;81;65.08;0.12;5.46;1044.72;51;207.46;0.27;22.84;985.35;52;141.86;0.24;16.56;421.95;23;47.53;0.09;12.95;1874.98;104;100.81;0.19;6.18;1060.15;57;62.12;0.13;6.74;155.61;7;29.05;0.05;21.47;1929.67;98;205.64;0.36;12.26;1449.76;74;126.12;0.23;10.00;1752.73;83;235.18;0.55;15.43;1424.43;57;294.67;0.54;23.79;974.61;39;205.59;0.40;24.26;1401.61;66;125.78;0.23;10.32;833.82;42;30.49;0.05;4.21;1263.50;65;32.88;0.06;2.99;1184.83;57;90.25;0.20;8.76;1171.90;59;41.96;0.09;4.12;1721.68;82;141.26;0.33;9.44;1729.39;75;265.36;0.54;17.65;1966.43;113;-159.96;-0.40;-9.35;790.47;33;143.31;0.32;20.85;1878.12;87;195.80;0.45;11.99;981.19;41;176.34;0.34;20.67;575.76;24;103.20;0.22;20.61;1768.21;84;159.73;0.37;10.39;1664.45;78;168.37;0.32;11.63
29939;CADBURY SLAB DREAM BISC;14;36653.82;1 964;4162.31;0.16;13.06;132.93;7;34.34;0.07;29.71;1066.89;77;179.06;0.30;19.30;240.88;13;62.65;0.13;29.91;1393.04;96;105.09;0.26;8.68;1890.20;124;211.25;0.43;12.85;242.88;12;56.07;0.12;26.55;633.82;36;84.94;0.18;15.41;427.85;24;60.20;0.12;16.18;546.10;31;72.25;0.17;15.21;398.79;21;74.43;0.13;21.46;568.75;30;106.06;0.22;21.45;493.74;26;92.64;0.19;21.58;910.57;48;165.69;0.28;20.93;2074.42;124;95.57;0.15;5.30;1119.63;61;131.79;0.25;13.54;1847.73;105;164.76;0.33;10.25;1179.96;95;-270.87;-0.52;-26.40;0.00;0;0.00;0.00;0.00;303.92;16;45.68;0.08;17.29;593.38;32;76.18;0.13;14.76;806.62;40;151.06;0.27;21.54;768.55;35;185.30;0.28;27.73;745.46;34;179.03;0.32;27.62;1236.81;70;94.31;0.17;8.77;124.95;5;35.73;0.05;32.88;389.91;19;78.90;0.13;23.27;670.89;35;87.79;0.17;15.05;866.58;45;89.99;0.17;11.94;604.19;28;110.87;0.22;21.10;590.10;24;177.71;0.30;34.63;704.59;34;101.89;0.18;16.63;1665.43;83;171.52;0.31;11.84;756.90;37;86.85;0.20;13.20;399.84;16;82.71;0.15;23.79;249.90;10;52.36;0.10;24.09;452.87;21;46.02;0.09;11.69;637.86;32;25.37;0.04;4.57;229.94;11;19.58;0.03;9.79;835.58;40;66.61;0.15;9.17;877.92;44;34.73;0.07;4.55;728.80;33;88.21;0.21;13.92;554.84;25;70.41;0.14;14.59;1151.55;66;-91.67;-0.23;-9.15;431.82;18;79.53;0.18;21.18;1016.69;45;140.81;0.32;15.93;405.43;17;72.00;0.14;20.42;358.65;15;63.46;0.13;20.35;1057.23;48;128.67;0.30;14.00;1268.44;56;184.75;0.35;16.75
29940;CADBURY SLAB DAIRY MILK;14;131360.46;6 836;15091.78;0.59;13.21;661.80;35;170.29;0.34;29.59;2511.74;179;525.34;0.88;24.05;1262.39;69;333.01;0.69;30.34;1902.90;115;329.50;0.83;19.91;1988.83;136;160.25;0.33;9.27;861.57;43;188.84;0.40;25.21;3190.62;193;275.08;0.58;9.91;1488.78;90;122.46;0.24;9.46;2708.75;162;254.92;0.60;10.82;1574.27;83;287.97;0.51;21.04;1251.44;66;225.58;0.47;20.73;758.65;40;141.70;0.30;21.48;1195.42;63;218.75;0.36;21.04;1218.57;61;227.36;0.37;21.46;1687.34;93;183.85;0.35;12.53;2834.10;156;343.31;0.69;13.93;3820.20;252;80.09;0.15;2.41;2178.04;110;538.72;1.07;28.44;3107.31;150;646.76;1.15;23.94;4884.24;278;420.69;0.71;9.91;857.85;48;90.18;0.16;12.09;2899.38;132;699.60;1.05;27.75;1843.86;84;444.16;0.81;27.70;3937.33;220;342.44;0.62;10.00;3710.26;182;724.32;0.95;22.45;3878.71;220;344.14;0.58;10.20;3602.95;203;316.29;0.62;10.10;4246.98;224;394.45;0.76;10.68;2641.02;147;100.66;0.20;4.38;4653.95;240;469.66;0.80;11.61;2731.09;130;422.29;0.74;17.78;4766.29;247;362.36;0.66;8.74;3281.61;162;359.89;0.84;12.61;3272.44;131;676.14;1.25;23.76;1549.38;62;324.16;0.63;24.06;1751.99;81;182.04;0.34;11.95;2390.90;130;-73.86;-0.12;-3.55;2686.82;144;-31.05;-0.05;-1.33;3710.92;179;275.10;0.62;8.53;2335.42;108;242.23;0.50;11.93;2442.88;125;54.14;0.13;2.55;2060.40;98;170.17;0.35;9.50;2942.23;164;-154.07;-0.38;-6.02;1675.70;70;297.87;0.66;20.44;7770.20;384;401.60;0.92;5.94;5051.09;211;910.36;1.74;20.73;1555.75;65;276.37;0.58;20.43;1959.87;86;293.59;0.68;17.23;4066.23;185;502.06;0.95;14.20
29941;CADBURY SLAB MINT CRISP;14;95553.55;5 098;11994.90;0.47;14.44;929.56;49;239.35;0.48;29.61;3208.77;234;524.79;0.88;18.81;1352.37;75;358.65;0.75;30.50;3881.39;261;367.51;0.92;10.89;2494.37;164;274.52;0.56;12.66;869.47;43;196.10;0.41;25.94;2845.31;164;348.29;0.74;14.08;1566.63;92;165.81;0.33;12.17;1229.88;72;135.24;0.32;12.65;1608.45;85;296.08;0.52;21.17;1079.58;57;200.61;0.42;21.37;1328.35;70;244.29;0.51;21.15;777.64;41;140.20;0.23;20.73;2227.46;123;246.31;0.40;12.72;1916.32;106;203.57;0.38;12.22;3050.30;170;345.14;0.69;13.01;4710.26;338;-389.05;-0.74;-9.50;0.00;0;0.00;0.00;0.00;1275.58;64;234.41;0.42;21.13;2627.40;143;319.71;0.54;13.99;3178.08;168;452.04;0.81;16.36;3516.20;160;849.57;1.28;27.79;1076.41;49;259.81;0.47;27.76;3134.82;182;183.97;0.33;6.75;2421.87;120;456.12;0.60;21.66;1776.58;99;183.37;0.31;11.87;2707.68;135;437.62;0.86;18.59;3441.07;176;394.23;0.76;13.18;2642.98;148;90.20;0.18;3.92;1036.51;55;66.41;0.11;7.37;1959.19;89;365.69;0.64;21.47;2654.55;135;230.62;0.42;9.99;3176.29;151;429.77;1.01;15.56;4090.86;164;841.30;1.55;23.65;823.42;33;173.32;0.34;24.21;1215.34;53;179.09;0.33;16.95;1967.52;96;125.47;0.20;7.33;1610.65;81;67.81;0.11;4.84;1869.18;88;172.93;0.39;10.64;1457.70;68;141.43;0.29;11.16;1504.49;71;133.58;0.31;10.21;1157.85;57;64.17;0.13;6.37;1550.98;87;-91.95;-0.23;-6.82;1127.53;47;203.41;0.45;20.75;1546.42;70;187.09;0.43;13.91;1055.56;44;189.20;0.36;20.61;622.54;26;110.76;0.23;20.46;992.70;44;141.75;0.33;16.42;1259.49;51;504.59;0.95;46.07
29942;CADBURY SLAB TOP DECK;14;111585.10;5 705;14624.31;0.57;15.07;1175.48;62;303.37;0.61;29.68;3143.57;222;636.70;1.07;23.29;1631.38;88;424.61;0.89;29.93;3539.96;224;496.98;1.25;16.15;1942.55;121;289.13;0.59;17.12;2159.73;107;486.97;1.03;25.93;2199.56;129;240.67;0.51;12.58;3270.75;181;501.71;1.00;17.64;2017.72;120;197.93;0.47;11.28;1271.38;67;234.90;0.41;21.25;246.87;13;46.32;0.10;21.58;56.97;3;10.69;0.02;21.58;1932.23;102;348.11;0.58;20.72;1372.42;65;308.01;0.50;25.81;3813.65;206;473.42;0.89;14.28;3498.96;192;407.05;0.82;13.38;1737.99;144;-472.39;-0.90;-31.26;1336.99;61;423.89;0.84;36.46;3717.51;188;663.32;1.18;20.52;2493.46;127;432.40;0.73;19.94;1534.42;78;272.87;0.49;20.45;1363.38;62;329.95;0.50;27.83;1758.10;80;424.78;0.77;27.79;1993.44;97;342.93;0.62;19.78;1074.57;43;345.54;0.45;36.98;2066.01;100;394.58;0.67;21.96;1274.49;51;356.39;0.70;32.16;3506.00;162;635.14;1.23;20.83;2384.86;136;18.33;0.04;0.88;1128.46;51;223.61;0.38;22.79;3017.89;149;389.05;0.68;14.82;3895.32;209;194.02;0.35;5.73;2185.52;100;328.60;0.77;17.29;4048.38;162;837.48;1.55;23.79;2571.47;103;534.27;1.05;23.89;3188.98;142;421.39;0.79;15.20;3377.73;168;160.67;0.25;5.47;3349.69;164;212.51;0.36;7.30;3803.04;186;236.82;0.53;7.16;2290.77;114;104.04;0.21;5.22;1943.90;93;150.68;0.35;8.91;2581.51;123;210.92;0.43;9.40;2700.21;149;-114.31;-0.29;-4.87;1652.91;69;294.62;0.65;20.50;5450.85;263;385.03;0.88;8.12;1655.31;69;296.70;0.57;20.61;0.00;0;0.00;0.00;0.00;1286.87;63;86.00;0.20;7.69;1941.89;97;97.92;0.18;5.80
29943;CADBURY SLAB BISCUIT;14;67114.54;3 472;9021.95;0.35;15.46;738.71;39;191.06;0.38;29.74;2039.87;142;451.17;0.76;25.44;614.76;34;161.96;0.34;30.30;3269.84;226;239.05;0.60;8.41;1052.91;72;84.96;0.17;9.28;994.31;49;223.96;0.47;25.90;1082.69;62;138.56;0.29;14.72;1896.64;113;178.36;0.36;10.81;1583.68;93;171.07;0.40;12.42;1405.26;74;261.45;0.46;21.40;1614.15;85;302.85;0.63;21.58;645.66;34;120.10;0.25;21.39;1707.20;90;308.01;0.51;20.75;1227.55;61;234.92;0.38;22.01;1557.35;82;222.62;0.42;16.44;1490.19;82;181.81;0.36;14.03;711.65;47;128.59;0.25;20.78;657.50;30;222.74;0.44;38.96;1289.38;65;233.16;0.42;20.80;1392.09;71;240.61;0.41;19.88;439.73;25;40.96;0.07;10.71;1055.52;48;255.44;0.38;27.83;613.52;28;147.10;0.27;27.57;814.80;42;112.36;0.20;15.86;1113.37;49;295.94;0.39;30.57;1436.71;72;251.57;0.43;20.14;499.80;20;133.98;0.26;30.83;1549.64;76;224.41;0.43;16.65;1251.72;64;124.95;0.25;11.48;936.64;40;232.04;0.39;28.49;1760.29;82;299.93;0.53;19.59;1300.84;69;81.18;0.15;7.18;2610.68;126;324.34;0.76;14.29;1648.09;66;340.11;0.63;23.73;1074.57;43;225.44;0.44;24.13;1357.70;68;54.47;0.10;4.61;1595.72;84;-1.73;-0.00;-0.12;2005.83;102;66.29;0.11;3.80;2791.60;136;184.53;0.41;7.60;1965.36;92;185.41;0.38;10.85;1921.93;99;31.72;0.07;1.90;1433.83;71;72.79;0.15;5.84;2399.76;138;-198.48;-0.49;-9.51;911.62;38;163.73;0.36;20.65;2161.78;98;256.85;0.59;13.66;1607.33;67;288.10;0.55;20.61;983.59;41;176.30;0.37;20.61;239.90;10;43.00;0.10;20.61;661.28;27;312.18;0.59;54.29
29944;CADBURY SLAB RUM&RAISIN;14;110029.93;5 817;12220.24;0.48;12.77;985.58;52;254.31;0.51;29.67;3291.67;238;674.44;1.13;23.56;1849.18;100;483.93;1.01;30.10;1244.31;74;229.28;0.57;21.19;3055.46;199;357.70;0.73;13.46;1849.08;92;414.07;0.87;25.75;2451.44;143;278.65;0.59;13.07;3341.47;201;292.25;0.58;10.06;1863.70;110;194.67;0.46;12.01;1861.02;98;346.44;0.61;21.41;1025.46;54;192.40;0.40;21.58;721.62;38;135.40;0.28;21.58;1689.16;89;308.48;0.51;21.00;1014.59;49;212.55;0.34;24.09;2994.96;165;327.31;0.62;12.57;3669.78;203;421.38;0.85;13.20;3441.48;233;-57.41;-0.11;-1.92;1802.26;97;386.05;0.77;24.63;2631.24;136;429.99;0.77;18.79;2380.11;132;258.66;0.44;12.50;197.91;9;50.37;0.09;29.27;1472.23;67;355.60;0.53;27.78;813.63;37;189.81;0.34;26.83;2814.60;162;167.72;0.30;6.85;1586.96;70;419.36;0.55;30.39;3043.87;165;369.78;0.63;13.97;1358.76;70;188.86;0.37;15.98;2999.20;162;224.52;0.43;8.61;2615.52;146;65.60;0.13;2.88;1141.50;55;157.71;0.27;15.89;2767.20;137;348.68;0.61;14.49;3782.67;207;137.41;0.25;4.18;1917.65;93;215.74;0.51;12.94;1974.21;79;408.40;0.75;23.79;1271.99;51;266.78;0.52;24.12;2472.33;131;-19.61;-0.04;-0.91;2327.60;123;-11.02;-0.02;-0.54;2494.61;134;-33.56;-0.06;-1.55;6212.35;307;343.24;0.77;6.35;3376.50;163;236.68;0.48;8.06;2304.67;114;116.46;0.27;5.81;0.00;0;0.00;0.00;0.00;47.98;2;41.72;0.10;100.00;1678.10;70;300.13;0.67;20.57;7835.26;388;391.28;0.90;5.74;3471.35;145;626.74;1.20;20.76;695.71;29;124.70;0.26;20.61;1421.96;72;55.90;0.13;4.52;2770.04;126;340.73;0.64;14.15
29945;CADBURY SLAB TOP DECK MIN;14;84667.51;4 491;10791.22;0.42;14.66;303.84;16;78.90;0.16;29.86;760.88;53;162.02;0.27;24.49;323.85;18;85.74;0.18;30.45;3652.45;255;237.58;0.60;7.48;2848.96;185;339.46;0.69;13.70;727.64;36;162.11;0.34;25.62;1893.76;112;196.34;0.42;11.92;1506.70;90;139.86;0.28;10.67;1411.72;83;150.39;0.36;12.25;1727.14;91;320.93;0.57;21.37;1554.33;82;548.69;1.14;40.60;1822.09;96;1584.43;3.31;100.00;1855.32;98;567.47;0.94;35.17;2311.15;135;151.92;0.24;7.56;1605.18;88;181.41;0.34;13.00;171.42;9;24.86;0.05;16.68;1501.20;96;212.86;0.41;16.31;837.69;44;197.34;0.39;27.09;1980.06;100;353.93;0.63;20.56;2479.95;139;244.07;0.41;11.32;2089.53;113;270.41;0.49;14.88;1231.44;56;298.02;0.45;27.83;701.48;32;168.38;0.31;27.60;3092.26;175;227.00;0.41;8.44;1159.68;56;238.53;0.31;23.65;1514.98;78;249.38;0.42;18.93;1720.03;93;202.96;0.40;13.57;2082.68;111;177.17;0.34;9.78;2128.55;120;50.86;0.10;2.75;1148.39;63;42.26;0.07;4.23;1710.71;87;181.28;0.32;12.19;1770.49;92;137.80;0.25;8.95;2217.73;107;282.11;0.66;14.63;1073.32;43;221.21;0.41;23.70;1073.32;43;224.69;0.44;24.07;1529.22;80;4.89;0.01;0.37;1724.63;87;59.38;0.09;3.96;1926.17;102;-2.33;-0.00;-0.14;3714.27;186;165.69;0.37;5.13;2654.61;128;188.57;0.39;8.17;2330.48;114;139.06;0.33;6.86;1936.66;93;146.03;0.30;8.67;2454.76;141;-198.04;-0.49;-9.28;1146.72;48;202.39;0.45;20.30;2593.19;119;284.21;0.65;12.60;1871.22;78;335.41;0.64;20.61;1294.26;54;231.16;0.48;20.54;2164.01;100;241.87;0.56;12.85;1337.39;66;80.58;0.15;6.93
29947;CADBURY SLAB  BOURNVILLE;14;36962.52;1 805;6864.40;0.27;21.36;265.86;14;68.46;0.14;29.61;1143.74;76;282.75;0.47;28.43;532.74;29;138.76;0.29;29.95;811.82;43;205.41;0.51;29.10;1549.53;93;269.09;0.55;19.97;725.54;36;166.04;0.35;26.32;590.91;34;72.49;0.15;14.11;661.81;37;91.79;0.18;15.95;1001.84;57;132.36;0.31;15.19;1500.21;79;277.32;0.49;21.26;376.00;20;65.88;0.14;20.15;719.72;38;133.74;0.28;21.37;564.00;30;99.86;0.17;20.36;914.78;42;221.65;0.36;27.86;972.34;49;169.31;0.32;20.02;654.10;31;172.65;0.35;30.36;654.45;34;187.86;0.36;33.01;451.67;27;48.31;0.10;12.30;528.48;25;117.17;0.21;25.50;749.97;38;130.92;0.22;20.08;656.25;32;132.78;0.24;23.27;832.32;38;199.36;0.30;27.54;746.56;34;179.98;0.33;27.72;746.24;33;167.28;0.30;25.78;527.30;22;157.08;0.21;34.26;1137.40;51;289.25;0.49;29.25;959.52;47;190.83;0.37;22.87;1156.70;52;236.45;0.46;23.51;1147.73;56;163.98;0.33;16.43;1172.38;56;198.29;0.34;19.45;703.50;30;161.30;0.28;26.37;735.53;33;132.60;0.24;20.73;957.74;42;184.21;0.43;22.12;1148.29;46;236.72;0.44;23.71;524.79;21;110.88;0.22;24.30;634.81;29;71.75;0.13;13.00;473.56;19;99.10;0.16;24.07;271.66;12;39.46;0.07;16.70;815.88;41;34.39;0.08;4.85;540.11;23;88.76;0.18;18.90;800.72;40;33.85;0.08;4.86;209.96;10;17.29;0.04;9.47;486.49;23;42.14;0.11;9.96;455.81;19;83.01;0.18;20.94;358.99;16;48.50;0.11;15.54;621.34;26;111.19;0.21;20.58;862.44;36;153.76;0.32;20.50;1267.14;57;165.92;0.38;15.06;641.85;29;82.45;0.16;14.77
29948;CADBURY SLAB WHOLE NUT;14;131468.53;3 634;19919.64;0.78;17.42;4944.69;188;433.02;0.87;10.07;2561.61;90;367.43;0.62;16.50;6424.29;244;513.73;1.07;9.20;1977.75;60;471.41;1.18;27.41;1052.38;32;249.71;0.51;27.29;1760.59;51;349.61;0.74;22.84;1140.06;34;193.44;0.41;19.51;1152.26;34;199.24;0.40;19.89;2483.51;79;306.22;0.72;14.18;3909.71;129;370.74;0.65;10.91;1012.96;29;198.33;0.41;22.52;502.10;15;81.83;0.17;18.74;2807.83;92;275.10;0.46;11.27;833.76;24;157.42;0.25;21.71;2668.32;88;251.51;0.47;10.84;1792.30;50;354.52;0.71;22.75;2011.84;56;386.76;0.74;22.11;1939.74;66;88.51;0.18;5.25;4338.60;140;387.35;0.69;10.27;2065.89;56;428.13;0.72;23.83;2067.74;56;441.96;0.79;24.58;2365.51;64;501.30;0.75;24.37;3307.49;96;544.54;0.99;18.93;4087.14;111;820.31;1.48;23.08;3229.43;82;528.08;0.69;18.80;4599.60;115;809.44;1.37;20.24;5601.50;150;711.02;1.39;14.60;2697.15;60;673.91;1.30;28.73;1975.06;44;497.84;1.00;28.99;5837.25;150;912.66;1.55;17.98;3238.90;85;467.14;0.82;16.59;2913.10;65;640.22;1.17;25.27;2749.30;70;286.67;0.67;11.99;4164.25;100;748.99;1.38;20.68;1473.16;34;284.59;0.56;22.22;3872.38;102;326.05;0.61;9.68;3190.15;85;286.76;0.45;10.34;2373.22;53;471.82;0.79;22.86;1757.81;44;207.50;0.47;13.58;2159.74;51;345.10;0.71;18.38;2116.86;49;255.23;0.60;13.87;1625.24;36;267.28;0.55;18.91;1735.92;38;275.16;0.69;18.23;3591.46;84;494.68;1.10;15.84;1548.32;33;278.57;0.64;20.69;2579.75;55;876.36;1.68;39.07;1968.88;42;353.05;0.74;20.62;2530.39;61;204.86;0.47;9.31;2731.64;62;344.55;0.65;14.51
29950;CADBURY SLAB MILK CHOC;14;60830.03;1 734;7887.88;0.31;14.91;2100.84;79;208.65;0.42;11.42;1438.20;50;216.48;0.36;17.31;3348.10;126;294.92;0.62;10.13;623.51;19;146.60;0.37;27.04;554.23;17;131.33;0.27;27.25;1208.64;36;210.00;0.44;19.98;794.06;24;127.25;0.27;18.43;475.86;14;83.19;0.17;20.10;1687.44;56;153.57;0.36;10.47;4095.94;136;366.77;0.65;10.30;139.96;4;26.90;0.06;22.11;461.84;16;25.76;0.05;6.41;1392.51;49;60.61;0.10;5.01;600.27;18;98.53;0.16;18.88;2134.30;70;212.28;0.40;11.44;1758.11;49;341.65;0.69;22.35;1256.05;35;241.50;0.46;22.11;1017.87;33;85.99;0.17;9.72;2909.03;97;180.67;0.32;7.14;36.99;1;7.71;0.01;23.96;0.00;0;0.00;0.00;0.00;0.00;0;0.00;0.00;0.00;0.00;0;0.00;0.00;0.00;0.00;0;0.00;0.00;0.00;1489.60;40;185.58;0.24;14.33;2143.71;54;367.13;0.62;19.69;2349.14;61;348.93;0.68;17.08;537.63;12;135.06;0.26;28.89;0.00;0;0.00;0.00;0.00;1344.63;37;145.08;0.25;12.41;1426.12;38;189.34;0.33;15.27;224.95;5;45.32;0.08;23.17;1189.70;30;132.80;0.31;12.84;1947.29;46;382.42;0.71;22.58;882.54;21;150.70;0.30;19.64;1951.68;52;146.13;0.27;8.61;1748.77;48;109.46;0.17;7.20;755.81;19;86.13;0.15;13.11;784.79;21;54.22;0.12;7.95;1180.22;28;184.67;0.38;17.99;1199.72;28;137.22;0.32;13.15;1061.42;23;200.11;0.41;21.68;1648.99;41;170.83;0.43;11.91;2551.67;58;383.51;0.85;17.28;796.48;17;142.51;0.33;20.58;1914.84;41;561.47;1.08;33.72;702.50;15;125.01;0.26;20.47;1553.62;38;106.61;0.25;7.89;1410.46;32;177.26;0.33;14.45
29951;CADBURY SLAB MINT CRISP;14;56169.27;1 601;8128.30;0.32;16.64;2797.19;107;234.96;0.47;9.66;1356.91;50;147.67;0.25;12.51;2703.87;104;189.03;0.39;8.04;651.55;20;150.79;0.38;26.61;1646.20;50;400.88;0.82;28.00;614.82;18;115.35;0.24;21.58;496.55;15;79.76;0.17;18.47;912.63;27;156.06;0.31;19.66;863.72;28;94.18;0.22;12.54;3586.08;122;254.03;0.45;8.15;593.08;17;114.74;0.24;22.25;307.89;11;9.67;0.02;3.61;1350.54;46;93.06;0.15;7.92;782.00;25;92.57;0.15;13.61;1287.58;42;133.28;0.25;11.90;1252.45;35;245.15;0.49;22.51;611.83;17;118.89;0.23;22.35;1020.06;34;63.68;0.13;7.18;405.04;11;88.01;0.16;24.99;1181.83;32;246.42;0.42;23.98;663.97;18;141.48;0.25;24.51;885.91;24;189.18;0.28;24.56;1067.84;31;175.67;0.32;18.92;1782.22;53;263.57;0.47;17.01;1032.98;27;148.36;0.19;16.52;710.33;17;146.28;0.25;23.68;3072.16;84;343.24;0.67;12.85;893.05;20;217.37;0.42;27.99;890.80;20;217.93;0.44;28.13;1797.29;46;286.22;0.49;18.31;1159.46;29;202.14;0.36;20.05;850.31;19;185.09;0.34;25.03;602.85;15;73.35;0.17;13.99;1778.34;41;395.70;0.73;25.59;1370.42;33;236.27;0.46;19.83;783.79;21;60.86;0.11;8.93;1202.93;32;100.41;0.16;9.60;593.85;15;65.83;0.11;12.75;1205.93;32;92.20;0.21;8.79;867.54;21;123.78;0.25;16.41;1072.00;25;123.24;0.29;13.22;416.91;9;82.32;0.17;22.71;554.52;13;71.90;0.18;14.91;1380.53;32;194.92;0.43;16.24;563.88;12;102.04;0.23;20.81;1632.90;35;477.60;0.91;33.64;892.81;19;161.56;0.34;20.81;919.43;22;80.74;0.19;10.10;1102.50;25;140.89;0.27;14.70
29952;CADBURY SLAB TOP DECK;14;74064.33;2 080;10020.54;0.39;15.56;3351.84;129;268.19;0.54;9.20;1982.69;68;319.14;0.54;18.51;4365.73;166;344.53;0.72;9.08;1118.36;34;266.06;0.67;27.36;791.76;24;190.05;0.39;27.60;1003.69;31;145.83;0.31;16.71;1279.82;38;221.10;0.47;19.87;1087.68;32;190.01;0.38;20.09;2273.56;74;240.93;0.57;12.19;2637.11;89;202.78;0.36;8.84;279.92;8;54.53;0.11;22.40;496.84;16;54.99;0.11;12.73;1579.73;52;149.43;0.25;10.88;1525.54;46;246.05;0.40;18.55;1729.43;57;163.68;0.31;10.88;789.98;22;164.78;0.33;23.99;647.82;18;126.71;0.24;22.49;1191.58;42;19.11;0.04;1.84;1769.41;59;109.89;0.20;7.14;36.99;1;7.71;0.01;23.96;0.00;0;0.00;0.00;0.00;0.00;0;0.00;0.00;0.00;0.00;0;0.00;0.00;0.00;0.00;0;0.00;0.00;0.00;1374.65;35;222.35;0.29;18.60;2184.41;59;266.08;0.45;14.01;933.00;25;117.62;0.23;14.50;2022.30;45;503.40;0.97;28.63;2020.05;45;509.84;1.03;29.02;2949.24;76;455.27;0.77;17.75;3008.94;81;378.21;0.66;14.46;1657.88;37;329.51;0.60;22.86;2038.49;51;239.67;0.56;13.52;2351.44;56;443.18;0.82;21.67;1652.37;38;347.02;0.68;24.15;1950.49;51;172.45;0.32;10.17;2244.38;62;137.65;0.22;7.05;677.83;17;78.74;0.13;13.36;784.79;21;52.42;0.12;7.68;1682.84;41;230.98;0.47;15.78;1885.57;43;248.25;0.58;15.14;2073.53;47;300.01;0.61;16.64;1518.79;36;188.35;0.47;14.26;1974.99;46;268.04;0.60;15.61;704.85;15;120.16;0.28;19.61;1454.34;31;388.03;0.74;30.68;1456.69;31;262.13;0.55;20.69;1825.54;46;78.30;0.18;4.93;1697.45;39;197.36;0.37;13.37
29954;CADBURY CRUNCHIE LARGE;14;203869.91;16 192;32155.86;1.26;18.14;3537.38;365;397.30;0.80;12.92;3593.82;381;335.03;0.56;10.72;2982.42;273;589.79;1.23;22.74;4768.45;450;841.48;2.11;20.29;3504.48;325;659.34;1.34;21.64;4917.01;430;835.54;1.76;19.54;2922.79;266;413.25;0.87;16.26;1591.67;133;320.06;0.64;23.12;3301.52;304;432.69;1.02;15.07;3826.25;334;648.01;1.14;19.48;4232.35;388;565.70;1.18;15.37;3698.97;324;616.74;1.29;19.17;3004.09;251;597.43;0.99;22.87;4944.30;388;940.76;1.52;21.88;2317.44;166;568.69;1.07;28.22;2698.55;200;609.31;1.22;25.97;5686.97;467;879.16;1.68;17.78;3790.48;292;753.90;1.50;22.87;2108.00;160;443.24;0.79;24.18;1784.42;128;434.23;0.74;27.98;7499.80;611;1197.41;2.15;18.36;6838.66;505;1543.52;2.32;25.96;3807.98;289;798.03;1.45;24.10;3632.62;273;655.08;1.18;20.74;3932.71;289;765.19;1.00;22.38;3727.33;271;775.96;1.32;23.94;8612.10;755;744.57;1.46;9.94;5245.58;414;777.97;1.50;17.06;4395.66;363;468.96;0.95;12.27;7600.27;596;1072.52;1.82;16.23;7989.28;631;1075.35;1.89;15.48;5099.94;351;999.59;1.82;22.54;4536.36;434;-255.36;-0.60;-6.47;4141.41;287;722.00;1.33;20.05;3892.32;283;544.97;1.07;16.10;4075.03;272;805.57;1.50;22.73;3560.12;238;698.62;1.10;22.57;3108.17;208;612.30;1.03;22.65;3705.15;279;420.93;0.95;13.06;4316.36;289;844.78;1.73;22.51;4821.48;358;607.17;1.43;14.48;7077.82;546;684.36;1.40;11.12;4083.26;274;803.17;2.00;22.62;1382.96;96;236.62;0.53;19.68;4144.01;296;622.17;1.42;17.27;3461.19;231;695.02;1.33;23.09;3720.45;266;561.02;1.17;17.34;3306.02;247;394.20;0.91;13.71;2944.51;215;402.52;0.76;15.72
29958;CADBURY SLAB CARAMEL;14;49058.68;2 132;11713.00;0.46;27.46;1044.45;55;268.95;0.54;29.61;1100.47;58;284.84;0.48;29.77;757.70;40;194.55;0.41;29.53;625.72;33;159.98;0.40;29.40;871.64;46;222.51;0.45;29.36;922.53;47;197.52;0.42;24.62;455.76;24;86.71;0.18;21.88;75.96;4;13.86;0.03;20.99;588.69;31;110.45;0.26;21.58;607.68;32;114.02;0.20;21.58;797.58;42;149.65;0.31;21.58;606.73;32;113.19;0.24;21.45;815.62;43;150.69;0.25;21.25;694.65;35;146.24;0.24;24.21;779.62;38;154.50;0.29;22.79;439.80;20;106.43;0.21;27.83;900.49;41;234.83;0.45;29.99;829.02;38;252.79;0.50;35.07;571.74;26;141.67;0.25;28.50;461.79;21;114.65;0.19;28.55;1032.43;47;255.65;0.46;28.48;1296.31;59;319.51;0.48;28.34;967.56;44;234.16;0.43;27.83;1157.03;47;321.98;0.58;32.00;997.10;40;319.36;0.42;36.83;1520.64;61;487.08;0.83;36.84;1374.45;55;442.11;0.87;36.99;1049.58;42;285.12;0.55;31.24;745.95;30;208.28;0.42;32.11;1024.59;41;318.12;0.54;35.71;772.19;31;213.50;0.38;31.80;474.81;19;98.22;0.18;23.79;624.75;25;129.24;0.30;23.79;1299.48;52;268.82;0.50;23.79;793.43;32;163.31;0.32;23.67;1172.03;47;240.80;0.45;23.63;1473.16;59;303.92;0.48;23.73;547.28;22;111.56;0.19;23.44;1471.91;59;302.83;0.68;23.66;2072.92;83;427.99;0.88;23.74;2146.64;86;446.67;1.05;23.93;1895.49;76;397.98;0.81;24.15;973.36;39;485.66;1.21;57.38;1523.14;61;314.26;0.70;23.73;1274.49;51;267.25;0.61;24.11;1323.22;53;274.05;0.52;23.82;1248.25;50;257.39;0.54;23.71;1364.45;55;284.64;0.66;23.99;1494.40;60;315.49;0.59;24.28
29959;STIMOROL GUM WILD CHEERY;14;43317.71;3 893;14032.64;0.55;37.25;1298.77;163;362.48;0.73;32.10;713.84;81;243.32;0.41;39.20;476.47;53;135.80;0.28;32.78;737.18;82;209.46;0.52;32.68;885.96;99;249.36;0.51;32.37;736.73;82;209.07;0.44;32.63;1176.79;131;333.84;0.71;32.62;1004.63;112;233.54;0.47;26.73;1085.09;121;242.97;0.57;25.75;1114.76;124;251.40;0.44;25.93;143.84;16;32.44;0.07;25.93;808.20;90;702.78;1.47;100.00;1212.30;135;857.31;1.43;81.33;924.62;103;207.65;0.33;25.83;624.91;64;172.84;0.33;31.81;1257.74;126;364.15;0.73;33.30;1368.63;137;396.88;0.76;33.35;1063.10;90;359.05;0.71;38.84;1290.72;108;438.73;0.78;39.09;918.43;77;311.22;0.53;38.97;862.08;72;293.87;0.53;39.20;1087.49;91;369.61;0.56;39.09;943.61;79;320.46;0.58;39.06;1459.18;122;446.77;0.80;35.21;1097.37;92;323.11;0.42;33.86;746.19;61;230.40;0.39;35.51;1114.54;86;385.61;0.76;39.79;621.57;48;219.02;0.42;40.52;850.84;66;287.10;0.58;38.80;597.54;46;204.04;0.35;39.27;724.84;56;247.23;0.43;39.22;948.27;73;323.80;0.59;39.27;815.77;63;277.19;0.65;39.08;869.03;67;296.06;0.55;39.18;661.19;51;226.12;0.44;39.33;531.29;41;180.73;0.34;39.12;800.83;62;271.05;0.43;38.92;192.25;15;65.27;0.11;39.05;819.69;71;198.05;0.44;27.79;896.31;69;237.12;0.49;30.42;985.94;76;267.22;0.63;31.17;614.54;46;170.06;0.35;31.82;447.68;32;135.85;0.34;34.90;685.51;49;208.98;0.46;35.06;544.21;39;173.71;0.40;36.71;922.64;66;295.42;0.57;36.82;1453.56;104;460.69;0.96;36.45;825.41;59;244.64;0.57;34.08;1355.63;97;359.16;0.68;30.47
29960;STIMOROL GUM MENTHOL;14;68057.37;5 179;18774.00;0.73;31.72;1348.65;135;363.46;0.73;30.99;1364.74;126;373.90;0.63;31.51;780.29;71;214.79;0.45;31.66;637.42;58;174.61;0.44;31.50;1077.02;98;295.03;0.60;31.50;1615.53;147;442.55;0.93;31.50;1978.20;180;541.89;1.15;31.50;956.13;87;261.92;0.52;31.50;1351.77;123;370.29;0.88;31.50;1532.62;138;429.37;0.76;32.22;869.68;67;317.66;0.66;42.01;635.86;49;232.17;0.48;41.99;1299.00;100;474.97;0.79;42.05;1090.51;84;350.19;0.56;36.93;2051.77;158;659.19;1.24;36.95;1882.90;145;604.90;1.21;36.95;1688.70;130;542.83;1.04;36.97;1759.74;126;592.77;1.18;38.74;1315.06;94;421.61;0.75;36.87;1301.07;93;417.13;0.71;36.87;1454.26;104;465.85;0.84;36.84;1104.51;79;353.72;0.53;36.83;1790.72;128;574.11;1.04;36.87;2041.84;146;597.58;1.08;33.66;1773.73;128;488.93;0.64;31.70;1580.87;113;444.68;0.76;32.35;1958.60;140;578.23;1.13;33.95;1678.80;120;475.83;0.92;32.59;1258.40;90;353.56;0.71;32.31;1412.99;101;397.46;0.68;32.35;1063.24;76;300.39;0.53;32.49;1523.51;109;427.72;0.78;32.29;951.32;68;267.59;0.63;32.35;1245.11;89;350.23;0.65;32.35;1495.53;107;423.39;0.83;32.56;2000.57;143;562.74;1.05;32.35;1762.74;126;495.84;0.78;32.35;474.96;34;133.19;0.22;32.25;1245.11;89;297.43;0.67;27.47;1496.23;107;302.76;0.62;23.27;1033.86;74;208.59;0.49;23.20;1005.88;72;202.92;0.41;23.20;768.05;55;154.72;0.39;23.17;1146.48;82;231.88;0.52;23.26;1538.90;110;311.87;0.71;23.31;2069.82;148;419.00;0.80;23.28;1622.84;116;328.89;0.69;23.31;1287.08;92;260.29;0.60;23.26;1734.76;124;283.37;0.53;18.78
29961;STIMOROL GUM SPEARMINT;14;29274.77;2 703;10346.04;0.40;40.64;1006.34;126;359.21;0.72;41.05;997.42;113;282.85;0.48;32.61;620.31;69;176.73;0.37;32.76;656.27;73;186.47;0.47;32.68;988.90;110;280.98;0.57;32.68;1311.19;146;371.77;0.78;32.61;1195.22;133;339.34;0.72;32.65;1060.37;118;249.38;0.50;27.05;1096.33;122;246.95;0.58;25.90;1114.76;124;251.40;0.44;25.93;107.88;12;24.33;0.05;25.93;0.00;0;0.00;0.00;0.00;0.00;0;0.00;0.00;0.00;574.01;64;499.14;0.80;100.00;792.27;83;387.85;0.73;56.30;888.11;89;256.96;0.52;33.27;1078.92;108;312.87;0.60;33.35;658.85;55;252.30;0.50;44.04;599.50;50;204.80;0.36;39.29;0.00;0;0.00;0.00;0.00;0.00;0;0.00;0.00;0.00;0.00;0;0.00;0.00;0.00;0.00;0;0.00;0.00;0.00;0.00;0;0.00;0.00;0.00;536.55;45;157.87;0.21;33.84;671.85;55;206.92;0.35;35.42;558.57;43;194.13;0.38;39.97;584.55;45;207.00;0.40;40.72;792.39;61;270.57;0.55;39.27;727.44;56;248.40;0.42;39.27;714.45;55;244.99;0.43;39.43;622.22;48;211.78;0.39;39.14;688.47;53;235.09;0.55;39.27;389.70;30;187.95;0.35;55.46;480.63;37;417.94;0.82;100.00;479.98;37;417.37;0.78;100.00;777.45;60;676.04;1.06;100.00;181.86;14;131.50;0.22;83.15;574.87;48;144.47;0.32;28.90;714.45;55;188.86;0.39;30.40;778.75;60;209.97;0.49;31.01;602.55;45;167.56;0.34;31.98;503.64;36;152.83;0.38;34.90;713.49;51;216.99;0.48;34.97;433.69;31;139.04;0.32;36.87;251.82;18;119.13;0.23;54.41;531.62;38;170.44;0.36;36.87;629.55;45;189.82;0.44;34.68;587.58;42;156.04;0.29;30.54
29962;HALLS CHERRY;14;24079.87;1 998;7655.59;0.30;36.56;475.57;53;112.08;0.23;27.10;611.32;68;146.37;0.25;27.53;799.21;89;188.73;0.39;27.16;322.74;36;75.80;0.19;27.01;547.49;61;128.99;0.26;27.09;88.91;9;21.55;0.05;27.87;0.00;0;0.00;0.00;0.00;0.00;0;0.00;0.00;0.00;0.00;0;0.00;0.00;0.00;0.00;0;0.00;0.00;0.00;0.00;0;0.00;0.00;0.00;0.00;0;0.00;0.00;0.00;728.99;61;333.45;0.55;52.60;334.52;28;126.49;0.20;43.48;455.02;38;135.37;0.26;34.21;0.00;0;0.00;0.00;0.00;683.43;57;594.29;1.14;100.00;803.33;67;438.25;0.87;62.74;419.65;35;125.16;0.22;34.30;502.38;42;149.15;0.25;34.14;610.89;51;181.86;0.33;34.23;586.91;49;174.71;0.26;34.23;479.60;40;143.04;0.26;34.30;526.96;44;133.46;0.24;29.12;575.52;48;144.29;0.19;28.83;419.65;35;105.21;0.18;28.83;779.40;60;232.54;0.46;34.31;882.02;68;262.41;0.51;34.21;998.93;77;297.29;0.60;34.23;765.76;59;228.10;0.39;34.26;829.41;64;247.38;0.43;34.30;479.98;37;142.83;0.26;34.22;284.48;22;84.13;0.20;34.01;259.15;20;76.95;0.14;34.15;350.73;27;105.09;0.21;34.46;869.03;67;258.54;0.48;34.21;714.45;55;213.16;0.33;34.31;597.54;46;178.28;0.30;34.31;1467.22;113;437.38;0.98;34.28;1428.25;110;425.76;0.87;34.28;946.97;73;385.67;0.91;46.84;856.69;66;284.99;0.58;38.26;12.99;1;2.74;0.01;24.22;285.78;22;60.18;0.13;24.22;532.59;41;112.16;0.26;24.22;103.92;8;21.89;0.04;24.22;0.00;0;0.00;0.00;0.00;181.86;14;38.30;0.09;24.22;480.63;37;101.56;0.19;24.30
29965;HALLS EXTRA STRONG;14;40118.70;3 340;12246.62;0.48;35.10;280.69;31;67.80;0.14;27.78;665.26;74;159.08;0.27;27.50;320.49;36;73.85;0.15;26.50;750.66;84;174.79;0.44;26.78;731.33;82;169.36;0.34;26.63;791.20;80;187.82;0.40;27.30;137.86;14;38.51;0.08;32.12;407.59;41;97.79;0.20;27.59;637.86;64;154.06;0.36;27.78;339.66;34;120.09;0.21;40.66;507.05;45;159.24;0.33;36.12;862.68;72;299.48;0.63;39.92;1050.32;88;481.42;0.80;52.71;1385.44;116;492.33;0.79;40.87;850.09;71;314.51;0.59;42.55;654.65;55;541.86;1.09;95.19;1360.26;114;984.18;1.88;83.21;742.18;62;220.67;0.44;34.19;655.25;55;193.03;0.34;33.88;618.08;52;181.26;0.31;33.73;826.71;69;246.23;0.44;34.25;678.63;57;199.66;0.30;33.83;572.52;48;169.04;0.31;33.96;895.65;75;226.89;0.41;29.13;1266.14;106;314.47;0.41;28.56;829.51;69;209.33;0.36;29.02;842.40;65;250.22;0.49;34.16;1087.91;84;322.73;0.62;34.11;996.33;77;295.03;0.60;34.05;1152.86;89;342.11;0.58;34.13;1163.25;90;346.10;0.61;34.22;1189.23;92;351.47;0.64;33.99;1269.77;98;376.99;0.88;34.14;727.44;56;217.04;0.40;34.31;544.93;42;163.10;0.32;34.42;634.56;49;188.21;0.35;34.11;777.45;60;230.84;0.36;34.15;399.44;31;117.32;0.20;33.78;662.49;51;197.66;0.44;34.31;1567.24;121;465.00;0.95;34.12;1252.23;97;378.76;0.89;34.78;1399.67;108;359.52;0.74;29.54;1369.79;106;283.76;0.71;23.82;687.17;53;143.86;0.32;24.08;930.73;72;193.01;0.44;23.85;770.95;60;156.79;0.30;23.39;671.58;52;138.86;0.29;23.78;701.46;54;147.73;0.34;24.22;502.06;39;103.75;0.20;23.77
29969;CADBURY BARS 5 STAR;14;259208.95;20 860;41259.84;1.62;18.31;7777.60;817;767.22;1.54;11.34;10481.55;1 129;842.41;1.42;9.24;6772.50;625;1312.24;2.74;22.28;7541.63;731;1186.52;2.97;18.09;6121.38;601;905.59;1.84;17.01;4185.48;344;887.62;1.87;24.39;544.28;42;137.29;0.29;29.01;1879.65;145;474.48;0.95;29.03;6185.46;525;1178.66;2.79;21.91;5813.35;464;1335.41;2.35;26.42;5670.38;507;857.17;1.78;17.38;762.87;68;117.73;0.25;17.75;2677.24;207;672.22;1.12;28.87;1783.09;132;420.16;0.68;27.10;2360.11;169;583.37;1.10;28.43;3550.04;266;769.97;1.55;24.94;5647.72;470;820.68;1.57;16.71;3504.05;270;701.04;1.39;23.01;5032.17;378;1086.44;1.93;24.83;3340.81;239;820.59;1.39;28.25;10648.64;870;1680.49;3.02;18.15;9342.14;712;1914.79;2.88;23.57;5984.25;467;1134.30;2.06;21.80;6822.68;459;1721.68;3.10;29.02;4999.58;320;1433.53;1.87;32.97;4107.40;260;1201.87;2.04;33.65;7747.27;683;656.76;1.29;9.75;5287.99;440;709.82;1.37;15.44;7591.90;676;361.05;0.73;5.47;7659.56;630;1473.05;2.51;22.12;7036.63;562;897.76;1.58;14.67;3531.12;243;696.99;1.27;22.70;6092.01;521;408.23;0.96;7.71;6733.55;469;1145.51;2.12;19.56;10250.80;775;1153.24;2.26;12.94;5077.86;339;1003.35;1.87;22.72;4433.29;296;874.23;1.37;22.68;2739.42;183;546.28;0.92;22.93;4123.28;331;266.29;0.60;7.43;3684.54;246;728.18;1.49;22.73;5462.56;407;672.72;1.58;14.16;8480.24;661;752.16;1.54;10.20;3111.92;208;615.45;1.53;22.74;4258.06;288;814.42;1.81;22.00;4646.44;336;674.20;1.54;16.69;2096.35;140;420.34;0.80;23.06;3996.44;288;577.42;1.20;16.62;7289.52;582;487.51;1.13;7.69;4342.15;339;361.41;0.68;9.57
29970;DENTYNE GUM WHT PEPPERMIN;14;28611.37;1 768;8465.01;0.33;34.02;571.56;44;162.55;0.33;32.71;363.72;28;93.82;0.16;29.66;350.73;27;85.23;0.18;27.94;259.80;20;62.83;0.16;27.81;12.99;1;3.14;0.01;27.81;584.55;45;141.37;0.30;27.81;350.08;27;84.25;0.18;27.68;168.87;13;40.84;0.08;27.81;648.85;50;156.51;0.37;27.74;428.02;33;103.10;0.18;27.70;12.99;1;3.14;0.01;27.81;647.54;46;154.90;0.32;27.51;29.98;2;7.51;0.01;28.81;584.61;39;146.44;0.24;28.81;1244.17;83;311.65;0.59;28.81;644.57;43;161.46;0.32;28.81;778.73;52;194.60;0.37;28.74;989.34;66;247.82;0.49;28.81;868.67;58;217.13;0.39;28.74;1191.76;74;349.59;0.59;33.73;1204.59;71;388.59;0.70;37.10;1357.50;80;438.03;0.66;37.11;1473.88;87;474.27;0.86;37.01;1682.01;99;496.05;0.89;33.92;1085.66;64;314.93;0.41;33.36;814.67;48;236.57;0.40;33.39;474.02;28;136.95;0.27;33.23;560.67;33;163.15;0.31;33.46;563.88;32;175.77;0.35;35.85;359.80;20;116.27;0.20;37.16;431.76;24;140.90;0.25;37.53;395.78;22;127.90;0.23;37.16;322.92;18;103.86;0.24;36.99;412.87;23;132.93;0.25;37.03;521.71;29;169.28;0.33;37.31;431.76;24;139.52;0.26;37.16;340.91;19;109.67;0.17;37.00;485.73;27;156.96;0.26;37.16;647.64;36;209.29;0.47;37.16;467.74;26;151.15;0.31;37.16;538.80;30;173.62;0.41;37.06;744.74;41;242.92;0.50;37.51;681.74;36;219.14;0.55;36.97;569.70;30;183.99;0.41;37.14;512.73;27;165.59;0.38;37.14;340.87;18;202.99;0.39;68.48;0.00;0;0.00;0.00;0.00;379.80;20;122.66;0.28;37.14;75.96;4;44.19;0.08;66.90
29996;LUNCH BAR CHOC BAR MAX;14;34231.01;2 030;7945.14;0.31;26.69;0.00;0;0.00;0.00;0.00;0.00;0;0.00;0.00;0.00;0.00;0;0.00;0.00;0.00;539.62;38;133.19;0.33;28.39;1575.51;115;222.31;0.45;16.23;2047.17;143;353.01;0.74;19.83;1739.88;112;396.68;0.84;26.22;1211.94;81;255.38;0.51;24.23;703.03;47;142.27;0.34;23.27;449.70;30;91.98;0.16;23.52;0.00;0;0.00;0.00;0.00;0.00;0;0.00;0.00;0.00;0.00;0;0.00;0.00;0.00;0.00;0;0.00;0.00;0.00;482.88;29;114.50;0.22;27.27;984.57;58;246.01;0.49;28.73;1512.11;89;377.50;0.72;28.71;1410.17;83;343.80;0.68;28.04;1715.99;101;413.49;0.74;27.71;1512.11;89;364.36;0.62;27.71;764.55;45;184.23;0.33;27.71;1648.03;97;397.11;0.60;27.71;1034.69;61;248.25;0.45;27.59;1164.37;63;308.01;0.55;30.42;1632.51;101;288.01;0.38;20.29;1568.43;93;315.44;0.54;23.13;1347.34;71;365.75;0.72;31.22;1576.17;83;428.53;0.83;31.27;930.51;49;252.99;0.51;31.27;417.78;22;113.59;0.19;31.27;474.75;25;112.38;0.20;27.22;626.67;33;148.34;0.27;27.22;606.73;32;143.02;0.33;27.11;510.83;27;191.82;0.35;43.18;189.90;10;81.30;0.16;49.24;588.69;31;139.35;0.26;27.22;987.48;52;234.82;0.37;27.35;871.64;46;205.12;0.35;27.06;1386.27;73;328.14;0.74;27.22;18.99;1;4.50;0.01;27.22;0.00;0;0.00;0.00;0.00;0.00;0;0.00;0.00;0.00;0.00;0;0.00;0.00;0.00;0.00;0;0.00;0.00;0.00;0.00;0;0.00;0.00;0.00;0.00;0;0.00;0.00;0.00;0.00;0;0.00;0.00;0.00;0.00;0;0.00;0.00;0.00;0.00;0;0.00;0.00;0.00
30020;CADBURY DM CHOC BAR OREO;14;55786.64;2 146;12664.71;0.50;26.11;1082.43;57;277.76;0.56;29.51;873.54;46;224.16;0.38;29.51;436.77;23;113.01;0.24;29.76;426.77;23;106.07;0.27;28.58;1272.33;67;326.84;0.67;29.54;1660.31;69;405.43;0.85;28.08;995.55;47;205.57;0.44;23.75;119.95;5;25.94;0.05;24.87;565.38;25;128.99;0.30;26.24;912.58;42;246.66;0.43;31.08;335.86;14;70.43;0.15;24.12;767.68;32;160.99;0.34;24.12;1375.31;69;260.27;0.43;21.76;569.23;26;78.89;0.13;15.94;1458.30;60;274.49;0.52;21.65;1371.96;55;282.21;0.57;23.66;1524.39;61;315.40;0.60;23.79;2424.03;97;501.53;1.00;23.79;1098.31;44;226.41;0.40;23.71;1125.56;44;250.11;0.42;25.55;103.96;4;24.16;0.04;26.73;0.00;0;0.00;0.00;0.00;0.00;0;0.00;0.00;0.00;0.00;0;0.00;0.00;0.00;811.71;29;205.58;0.27;29.13;1399.50;50;354.46;0.60;29.13;1091.61;39;276.48;0.54;29.13;1707.39;61;432.44;0.83;29.13;1567.44;56;396.99;0.80;29.13;1791.36;64;453.70;0.77;29.13;867.69;31;222.70;0.39;29.52;363.87;13;74.21;0.14;23.45;951.66;34;194.10;0.45;23.45;1343.52;48;274.02;0.51;23.45;727.74;26;149.73;0.29;23.66;1230.16;44;249.97;0.47;23.37;1651.41;59;336.82;0.53;23.45;1589.83;57;320.53;0.54;23.19;1705.99;61;347.02;0.78;23.39;2155.23;77;439.57;0.90;23.45;2656.25;95;520.59;1.22;22.54;2437.16;84;519.84;1.06;24.53;1109.63;37;559.18;1.39;57.95;1439.52;48;324.40;0.72;25.92;749.75;25;168.96;0.39;25.92;1409.53;47;317.64;0.61;25.92;1739.42;58;391.98;0.82;25.92;1979.34;66;446.05;1.03;25.92;809.73;27;182.47;0.34;25.92
31254;FLYERS PUFF CORN CHS&CHIV;14;57113.18;5 003;14499.12;0.57;29.19;638.40;80;148.09;0.30;26.68;486.19;61;112.41;0.19;26.59;551.44;56;129.96;0.27;27.10;269.23;27;62.24;0.16;26.59;1117.88;112;259.11;0.53;26.66;798.20;80;184.83;0.39;26.63;796.70;80;183.53;0.39;26.49;0.00;0;0.00;0.00;0.00;676.82;68;137.79;0.33;23.41;1428.07;143;293.90;0.52;23.67;1077.92;108;221.43;0.46;23.62;995.00;100;234.51;0.49;27.10;2228.76;248;329.12;0.55;16.98;2360.14;237;481.31;0.78;23.45;1324.67;133;258.63;0.49;22.45;1916.60;160;502.26;1.01;30.14;1839.38;158;492.58;0.94;30.80;1341.73;114;342.22;0.68;29.33;1893.22;158;524.02;0.93;31.83;1844.06;154;542.97;0.92;33.86;1243.96;104;330.48;0.59;30.55;1857.25;155;481.39;0.72;29.81;1421.41;119;392.91;0.71;31.79;1222.98;102;352.18;0.63;33.12;59.95;5;17.26;0.02;33.12;1520.33;127;393.20;0.67;29.74;1674.40;140;432.09;0.85;29.68;1685.04;131;482.44;0.93;32.93;997.63;77;304.12;0.61;35.06;1219.11;94;369.47;0.63;34.85;1297.05;100;377.00;0.66;33.43;545.38;45;137.20;0.25;28.93;817.72;63;233.77;0.55;32.88;882.67;68;263.49;0.49;34.33;1760.06;157;354.51;0.69;23.16;1870.05;156;466.52;0.87;28.69;1520.81;136;327.28;0.51;24.75;1349.01;104;412.04;0.69;35.13;1180.79;91;360.89;0.81;35.15;986.59;76;299.20;0.61;34.88;591.01;49;155.37;0.36;30.23;1065.94;84;298.54;0.61;32.21;998.28;77;297.65;0.74;34.29;1085.94;86;306.47;0.68;32.45;955.12;77;256.19;0.59;30.85;1025.56;79;291.95;0.56;32.74;1258.26;107;288.12;0.60;26.33;401.76;34;90.22;0.21;25.82;1034.71;83;286.27;0.54;31.82
31255;SPOOKIES CHIPS CHEESE;14;15586.38;3 133;6318.80;0.25;46.62;203.00;58;54.64;0.11;30.95;135.73;35;40.56;0.07;34.37;237.00;55;82.53;0.17;40.05;239.52;48;100.45;0.25;48.23;348.30;70;145.62;0.30;48.08;428.36;84;183.79;0.39;49.34;262.56;44;129.47;0.27;56.71;219.56;44;92.08;0.18;48.23;309.38;62;127.18;0.30;47.28;387.22;78;144.81;0.26;43.01;548.90;110;213.95;0.44;44.82;319.36;64;133.94;0.28;48.23;474.05;95;198.82;0.33;48.23;518.21;104;217.00;0.35;48.16;537.00;100;242.33;0.46;51.89;628.74;126;263.70;0.53;48.23;169.66;34;71.16;0.14;48.23;403.44;81;168.87;0.34;48.14;538.17;108;225.37;0.40;48.16;109.78;22;46.04;0.08;48.23;468.81;94;196.51;0.35;48.20;313.12;63;130.76;0.20;48.02;388.72;78;160.36;0.29;47.44;358.78;72;145.07;0.26;46.50;428.64;86;173.36;0.23;46.51;403.44;81;163.04;0.28;46.47;319.36;64;129.33;0.25;46.57;284.43;57;115.19;0.22;46.57;298.90;60;120.82;0.24;46.48;273.27;53;114.76;0.20;48.29;214.07;43;86.46;0.15;46.45;279.19;56;112.95;0.21;46.52;188.87;38;76.14;0.18;46.36;189.62;38;75.04;0.14;45.51;214.57;43;83.76;0.16;44.89;244.51;49;95.44;0.18;44.89;304.14;61;118.60;0.19;44.84;149.70;30;58.43;0.10;44.89;304.39;61;118.82;0.27;44.89;249.00;50;96.96;0.20;44.78;478.29;96;186.34;0.44;44.80;319.36;64;124.66;0.25;44.89;279.44;56;109.08;0.27;44.89;239.52;48;93.50;0.21;44.89;314.43;57;137.11;0.31;50.15;318.61;64;124.01;0.24;44.76;249.25;50;97.17;0.20;44.83;254.49;51;99.34;0.23;44.89;239.52;48;93.50;0.18;44.89
31256;SPOOKIES CHIPS BBQ;14;12622.05;2 565;5047.90;0.20;45.99;210.00;60;56.52;0.11;30.95;146.72;38;33.03;0.06;25.89;210.50;50;70.72;0.15;38.64;234.28;47;98.14;0.25;48.17;279.44;56;117.19;0.24;48.23;164.67;33;69.06;0.15;48.23;194.61;39;81.62;0.17;48.23;274.45;55;115.10;0.23;48.23;364.27;73;151.70;0.36;47.89;289.42;58;108.97;0.19;43.30;259.48;52;97.70;0.20;43.30;234.53;47;88.31;0.18;43.30;499.00;100;209.27;0.35;48.23;429.14;86;179.97;0.29;48.23;364.27;73;152.77;0.29;48.23;328.59;66;137.47;0.28;48.11;608.53;122;255.10;0.49;48.21;478.79;96;200.68;0.40;48.20;418.91;84;175.57;0.31;48.20;478.79;96;200.68;0.34;48.20;463.32;93;192.82;0.35;47.86;178.89;36;72.10;0.11;46.35;124.75;25;50.52;0.09;46.57;239.52;48;97.00;0.17;46.57;264.47;53;107.10;0.14;46.57;194.61;39;78.81;0.13;46.57;254.49;51;103.06;0.20;46.57;264.22;53;106.89;0.21;46.52;179.39;36;72.53;0.15;46.50;109.78;22;44.46;0.08;46.57;139.72;28;56.58;0.10;46.57;189.62;38;76.79;0.14;46.57;279.44;56;113.17;0.26;46.57;179.39;36;70.34;0.13;45.09;209.58;42;81.81;0.16;44.89;199.60;40;77.91;0.15;44.89;198.85;40;77.26;0.12;44.68;304.14;61;118.60;0.20;44.84;259.48;52;101.29;0.23;44.89;214.57;43;83.76;0.17;44.89;344.31;69;134.40;0.32;44.89;253.99;51;98.90;0.20;44.78;214.57;43;83.76;0.21;44.89;164.67;33;64.28;0.14;44.89;149.45;30;58.22;0.13;44.80;124.75;25;48.70;0.09;44.89;184.63;37;72.07;0.15;44.89;149.70;30;58.43;0.13;44.89;119.76;24;46.75;0.09;44.89
31257;SPOOKIES CHIPS CHICKEN;14;17666.15;3 552;7181.23;0.28;46.75;195.82;56;52.60;0.11;30.89;262.30;68;77.51;0.13;33.98;299.05;75;91.56;0.19;35.21;0.00;0;0.00;0.00;0.00;234.53;47;98.36;0.20;48.23;519.43;102;222.55;0.47;49.27;590.00;100;288.40;0.61;56.21;427.39;86;178.45;0.36;48.02;508.98;102;207.90;0.49;46.97;508.49;102;206.44;0.36;46.69;458.83;92;192.37;0.40;48.21;429.14;86;180.03;0.38;48.24;628.74;126;263.76;0.44;48.24;493.01;99;206.37;0.33;48.14;403.24;76;179.96;0.34;51.32;533.93;107;223.99;0.45;48.24;403.94;81;169.34;0.32;48.21;469.06;94;196.77;0.39;48.24;533.68;107;223.77;0.40;48.22;638.22;128;267.51;0.45;48.20;413.17;83;172.01;0.31;47.88;273.45;55;110.28;0.17;46.38;314.12;63;127.09;0.23;46.53;294.41;59;119.23;0.21;46.57;304.39;61;123.27;0.16;46.57;239.52;48;97.00;0.16;46.57;224.55;45;90.94;0.18;46.57;319.36;64;129.33;0.25;46.57;239.52;48;97.00;0.20;46.57;326.14;61;142.18;0.24;50.14;364.27;73;147.52;0.26;46.57;399.20;80;161.67;0.29;46.57;249.50;50;101.04;0.24;46.57;224.55;45;88.09;0.16;45.11;304.39;61;118.82;0.23;44.89;274.20;55;106.91;0.20;44.84;309.13;62;120.55;0.19;44.85;334.33;67;130.50;0.22;44.89;344.31;69;134.40;0.30;44.89;423.65;85;165.13;0.34;44.82;542.91;109;211.44;0.50;44.79;478.79;96;186.77;0.38;44.86;283.93;57;110.59;0.28;44.79;374.00;75;145.87;0.32;44.85;330.72;58;148.89;0.34;51.77;219.31;44;85.49;0.16;44.83;259.23;52;101.07;0.21;44.84;224.05;45;87.22;0.20;44.77;239.27;48;93.28;0.18;44.83
31258;SPOOKIES CHIPS CHUTNEY;14;26156.69;2 318;6255.40;0.24;27.50;23.97;3;6.04;0.01;28.98;47.94;6;12.08;0.02;28.98;201.39;21;47.17;0.10;26.93;99.90;10;23.21;0.06;26.72;309.69;31;71.96;0.15;26.72;559.44;56;127.90;0.27;26.29;9.99;1;2.06;0.00;23.71;799.20;80;164.67;0.33;23.69;269.73;27;55.57;0.13;23.69;439.56;44;90.57;0.16;23.69;589.41;59;121.44;0.25;23.69;528.47;53;125.80;0.26;27.38;1004.20;106;195.54;0.33;22.39;838.66;84;172.58;0.28;23.67;629.37;63;127.62;0.24;23.32;539.55;45;140.06;0.28;29.85;808.26;72;194.76;0.37;27.71;742.87;65;175.73;0.35;27.20;429.84;36;115.18;0.21;30.82;479.60;40;141.57;0.24;33.95;502.98;42;137.89;0.25;31.53;538.35;45;139.02;0.21;29.70;575.52;48;158.93;0.29;31.76;465.81;39;133.09;0.24;32.86;353.75;31;91.43;0.12;29.72;502.98;42;130.20;0.22;29.77;515.57;43;133.84;0.26;29.85;501.96;39;144.41;0.28;33.08;497.74;42;125.52;0.25;29.00;724.55;59;197.32;0.34;31.32;571.56;44;168.06;0.30;33.81;1091.73;106;151.71;0.28;15.98;402.69;31;115.31;0.27;32.93;597.54;46;181.45;0.34;34.92;600.73;52;134.63;0.26;25.77;640.73;56;138.59;0.26;24.87;934.65;83;205.40;0.32;25.27;505.96;39;154.59;0.26;35.14;531.94;41;162.54;0.37;35.14;896.31;69;270.10;0.55;34.66;446.81;39;100.83;0.24;25.95;521.66;42;140.08;0.29;30.88;323.45;25;96.00;0.24;34.13;518.77;45;115.36;0.26;25.57;513.82;46;97.49;0.22;21.82;623.52;48;175.65;0.34;32.40;638.08;59;109.88;0.23;19.80;525.07;46;105.09;0.24;23.02;741.42;69;129.49;0.24;20.08
31266;S/BIGGLEY P/CORN SLT&VIN;14;27573.88;1 960;7030.16;0.28;29.32;359.14;36;98.28;0.20;31.47;479.52;48;131.62;0.22;31.56;611.00;50;162.52;0.34;30.59;359.70;30;85.54;0.21;27.35;731.39;61;173.93;0.35;27.35;589.52;48;142.94;0.30;27.88;405.71;29;133.12;0.28;37.73;307.78;22;100.99;0.20;37.73;265.81;19;70.84;0.17;30.65;615.56;44;164.06;0.29;30.65;419.70;30;111.86;0.23;30.65;489.65;35;130.50;0.27;30.65;699.50;50;186.43;0.31;30.65;783.44;56;208.80;0.34;30.65;307.78;22;82.03;0.15;30.65;479.68;32;127.83;0.26;30.65;734.51;49;195.74;0.37;30.65;719.52;48;191.75;0.38;30.65;944.37;63;251.67;0.45;30.65;899.40;60;239.69;0.41;30.65;794.47;53;211.72;0.38;30.65;209.11;14;55.27;0.08;30.40;479.68;32;127.83;0.23;30.65;239.84;16;63.92;0.12;30.65;239.09;16;63.26;0.08;30.43;659.56;44;176.81;0.30;30.83;772.29;57;171.02;0.34;25.47;1040.33;74;238.00;0.46;26.31;744.45;55;150.15;0.30;23.19;944.37;63;251.67;0.43;30.65;389.74;26;103.86;0.18;30.65;479.68;32;127.83;0.23;30.65;299.80;20;79.90;0.19;30.65;224.85;15;59.92;0.11;30.65;448.95;30;119.19;0.23;30.53;688.79;46;183.11;0.34;30.57;629.58;42;167.78;0.26;30.65;539.64;36;143.81;0.24;30.65;871.16;67;151.85;0.34;20.05;603.81;48;91.13;0.19;17.36;242.91;18;48.51;0.11;22.96;767.56;53;188.32;0.39;28.22;628.83;42;167.13;0.42;30.56;584.61;39;155.80;0.35;30.65;389.74;26;102.04;0.23;30.11;779.48;52;202.98;0.39;29.95;719.52;48;187.37;0.39;29.95;584.61;39;152.24;0.35;29.95;374.75;25;97.59;0.18;29.95
31267;S/BIGGLEY P/CORN BUTTER;14;22924.44;1 641;6085.96;0.24;30.53;249.75;25;68.55;0.14;31.56;478.52;48;130.75;0.22;31.42;640.37;53;168.21;0.35;30.21;214.62;18;50.28;0.13;26.94;479.60;40;114.05;0.23;27.35;467.62;38;113.56;0.24;27.93;587.58;42;192.80;0.41;37.73;0.00;0;0.00;0.00;0.00;153.89;11;41.01;0.10;30.65;405.71;29;108.13;0.19;30.65;265.11;19;70.23;0.15;30.47;517.63;37;137.96;0.29;30.65;515.53;37;136.13;0.23;30.37;796.03;57;211.31;0.34;30.53;475.66;34;124.36;0.23;30.07;449.70;30;119.84;0.24;30.65;713.52;48;186.53;0.36;30.06;637.82;43;165.91;0.33;29.91;553.13;37;146.50;0.26;30.46;463.94;31;123.19;0.21;30.54;508.91;34;135.17;0.24;30.54;419.72;28;111.85;0.17;30.65;389.74;26;103.86;0.19;30.65;269.07;18;71.25;0.13;30.45;478.93;32;127.18;0.17;30.54;614.59;41;165.86;0.28;31.03;559.36;41;126.37;0.25;25.98;704.52;52;144.36;0.28;23.56;844.89;61;183.25;0.37;24.94;794.47;53;211.72;0.36;30.65;884.41;59;235.69;0.41;30.65;284.06;19;75.25;0.14;30.46;299.05;20;79.24;0.19;30.47;29.98;2;7.99;0.01;30.65;478.93;32;127.18;0.25;30.54;448.95;30;119.19;0.22;30.53;417.47;28;109.90;0.17;30.27;418.22;28;110.55;0.19;30.40;603.06;48;90.48;0.20;17.25;821.87;61;163.23;0.33;22.84;386.04;27;91.61;0.22;27.29;685.13;48;161.85;0.33;27.17;314.04;21;83.24;0.21;30.48;386.74;26;101.26;0.23;30.11;446.94;31;180.06;0.41;46.33;474.96;34;211.58;0.41;51.23;167.88;12;74.89;0.16;51.30;460.97;33;205.34;0.47;51.23;265.81;19;67.27;0.13;29.10
31271;SPOOKIES CHIPS SWT CHILLI;14;36899.25;3 248;8945.83;0.35;27.88;63.52;8;14.53;0.03;26.31;95.88;12;22.32;0.04;26.77;255.72;28;59.46;0.12;26.74;129.87;13;30.18;0.08;26.72;598.90;60;138.84;0.28;26.66;688.81;69;158.69;0.33;26.49;819.18;82;185.12;0.39;25.99;769.23;77;158.49;0.32;23.69;499.00;50;102.48;0.24;23.62;839.16;84;172.90;0.30;23.69;439.56;44;90.57;0.19;23.69;798.70;80;184.81;0.39;26.61;984.85;107;160.98;0.27;18.80;659.34;66;135.93;0.22;23.71;569.43;57;117.32;0.22;23.69;711.40;60;181.85;0.36;29.40;853.86;77;197.85;0.38;26.65;1210.54;106;287.00;0.57;27.26;886.66;74;243.03;0.43;31.52;779.35;65;230.06;0.39;33.95;599.50;50;164.16;0.30;31.49;694.82;58;180.00;0.27;29.79;755.37;63;209.36;0.38;31.87;563.53;47;162.28;0.29;33.12;440.73;40;104.31;0.14;27.22;431.04;36;111.53;0.19;29.75;539.55;45;140.06;0.27;29.85;704.85;55;200.41;0.39;32.70;1110.99;90;307.58;0.62;31.84;1390.41;111;393.79;0.67;32.57;974.25;75;281.04;0.49;33.17;1068.16;107;120.02;0.22;12.92;493.62;38;141.35;0.33;32.93;531.94;41;161.25;0.30;34.86;909.98;80;193.23;0.38;24.42;798.12;73;146.92;0.27;21.17;1562.29;135;370.67;0.58;27.28;1013.22;78;310.30;0.52;35.22;765.76;59;234.15;0.53;35.16;740.43;57;226.76;0.46;35.22;556.81;50;118.31;0.28;24.44;868.75;69;240.45;0.49;31.83;986.59;76;296.35;0.74;34.54;1121.46;96;260.56;0.58;26.72;929.60;81;191.86;0.44;23.74;1104.15;85;309.67;0.59;32.25;1023.51;92;194.60;0.41;21.86;547.71;48;111.04;0.26;23.31;1019.15;94;191.44;0.36;21.60
31272;SPOOKIES CHIPS CHICKEN;14;36765.02;3 242;8905.08;0.35;27.85;119.45;15;27.55;0.06;26.52;111.86;14;26.04;0.04;26.77;437.16;44;116.66;0.24;30.69;439.56;44;102.14;0.26;26.72;768.73;77;178.30;0.36;26.67;509.49;51;118.38;0.25;26.72;798.70;80;183.70;0.39;26.45;959.04;96;197.60;0.39;23.69;408.59;41;83.52;0.20;23.51;1057.44;106;216.88;0.38;23.59;289.71;29;59.69;0.12;23.69;777.23;78;184.12;0.38;27.24;1038.86;114;167.52;0.28;18.54;818.68;82;168.35;0.27;23.65;588.41;59;120.57;0.23;23.56;1085.09;91;281.44;0.56;29.83;806.41;70;209.49;0.40;29.88;830.39;72;201.32;0.40;27.88;706.81;59;192.93;0.34;31.39;647.46;54;191.12;0.32;33.95;549.74;46;145.45;0.26;30.43;610.89;51;158.21;0.24;29.78;407.66;34;112.63;0.20;31.77;191.84;16;55.24;0.10;33.12;0.00;0;0.00;0.00;0.00;551.54;46;143.17;0.24;29.85;755.37;63;196.09;0.38;29.85;772.40;60;221.52;0.43;32.98;816.51;67;219.79;0.44;30.96;1242.57;101;339.69;0.58;31.44;727.44;56;211.15;0.37;33.38;1133.85;116;110.76;0.20;11.23;220.18;17;62.67;0.15;32.73;402.04;31;118.88;0.22;34.01;793.62;68;180.63;0.35;26.17;852.97;74;188.07;0.35;25.36;1236.51;109;277.63;0.44;25.82;778.75;60;238.13;0.40;35.17;713.80;55;218.24;0.49;35.16;856.69;66;256.57;0.53;34.44;679.70;59;155.44;0.36;26.30;1087.62;87;295.96;0.61;31.29;959.31;74;286.75;0.72;34.37;1344.73;116;304.48;0.68;26.04;1228.47;107;254.01;0.58;23.78;1208.07;93;338.81;0.65;32.25;1535.13;132;341.74;0.71;25.60;903.82;77;200.61;0.46;25.52;1004.73;85;245.42;0.46;28.09
31273;SPOOKIES CHIPS CHEESE;14;35169.97;3 072;8658.85;0.34;28.31;143.82;18;33.48;0.07;26.77;87.89;11;20.46;0.03;26.77;281.72;28;76.96;0.16;31.41;419.08;42;97.06;0.24;26.63;578.92;58;134.20;0.27;26.66;379.12;38;87.77;0.19;26.62;819.18;82;182.77;0.39;25.66;458.54;46;93.81;0.19;23.53;369.13;37;75.72;0.18;23.59;849.15;85;174.96;0.31;23.69;567.93;57;116.02;0.24;23.49;788.71;79;190.47;0.40;27.77;572.53;60;112.62;0.19;22.62;648.85;65;133.46;0.22;23.65;763.74;76;133.63;0.25;20.12;1064.71;89;277.66;0.56;29.99;938.45;86;205.92;0.39;25.23;559.94;47;147.28;0.29;30.25;908.84;76;247.69;0.44;31.34;670.84;56;197.68;0.33;33.89;646.26;54;173.01;0.31;30.79;683.43;57;177.41;0.27;29.85;550.94;46;152.18;0.28;31.76;491.59;41;141.56;0.25;33.12;281.18;24;77.14;0.10;31.55;587.51;49;152.51;0.26;29.85;755.37;63;196.09;0.38;29.85;743.12;58;211.74;0.41;32.77;661.66;56;165.62;0.33;28.79;1410.03;112;405.35;0.69;33.06;1220.41;94;356.32;0.63;33.58;1172.05;115;150.78;0.28;14.79;622.22;48;177.41;0.42;32.79;402.69;31;123.07;0.23;35.15;941.56;81;214.92;0.42;26.25;870.91;74;204.45;0.38;27.00;1570.61;135;377.90;0.59;27.67;986.59;76;301.78;0.51;35.18;649.50;50;198.91;0.45;35.22;973.60;75;292.63;0.60;34.57;285.88;25;64.62;0.15;26.00;770.16;61;211.97;0.43;31.65;883.32;68;263.54;0.66;34.31;1000.63;89;205.42;0.46;23.61;894.93;77;193.88;0.44;24.91;986.59;76;276.31;0.53;32.21;992.80;86;216.16;0.45;25.04;534.07;47;105.26;0.24;22.67;729.27;68;131.28;0.25;20.70
33450;CANDY DUMMIES;14;6286.90;2 135;1947.62;0.08;35.63;0.00;0;0.00;0.00;0.00;0.00;0;0.00;0.00;0.00;0.00;0;0.00;0.00;0.00;0.00;0;0.00;0.00;0.00;0.00;0;0.00;0.00;0.00;0.00;0;0.00;0.00;0.00;0.00;0;0.00;0.00;0.00;0.00;0;0.00;0.00;0.00;0.00;0;0.00;0.00;0.00;0.00;0;0.00;0.00;0.00;0.00;0;0.00;0.00;0.00;0.00;0;0.00;0.00;0.00;0.00;0;0.00;0.00;0.00;0.00;0;0.00;0.00;0.00;0.00;0;0.00;0.00;0.00;0.00;0;0.00;0.00;0.00;0.00;0;0.00;0.00;0.00;0.00;0;0.00;0.00;0.00;0.00;0;0.00;0.00;0.00;0.00;0;0.00;0.00;0.00;0.00;0;0.00;0.00;0.00;0.00;0;0.00;0.00;0.00;0.00;0;0.00;0.00;0.00;0.00;0;0.00;0.00;0.00;0.00;0;0.00;0.00;0.00;582.50;233;182.37;0.31;36.00;0.00;0;0.00;0.00;0.00;0.00;0;0.00;0.00;0.00;5.00;2;1.57;0.00;36.00;0.00;0;0.00;0.00;0.00;0.00;0;0.00;0.00;0.00;150.00;50;54.78;0.10;42.00;303.00;101;98.36;0.23;37.33;423.00;141;137.32;0.25;37.33;0.00;0;0.00;0.00;0.00;366.00;122;118.82;0.22;37.33;375.00;125;114.14;0.18;35.00;240.00;80;73.05;0.12;35.00;168.00;56;51.13;0.11;35.00;315.00;105;95.88;0.20;35.00;290.85;97;88.44;0.21;34.97;591.00;197;178.84;0.37;34.80;0.00;0;0.00;0.00;0.00;216.00;72;65.36;0.15;34.80;252.00;84;76.25;0.17;34.80;834.00;278;253.81;0.49;35.00;93.00;31;28.30;0.06;35.00;444.00;148;135.12;0.31;35.00;638.55;213;194.08;0.37;34.95
33459;RED MOUTH SHERBET;14;2759.50;2 270;776.67;0.03;32.37;76.00;76;21.76;0.04;32.92;81.00;81;23.19;0.04;32.92;14.00;14;4.01;0.01;32.92;41.00;41;11.74;0.03;32.92;59.60;55;17.83;0.04;34.40;55.20;46;17.33;0.04;36.11;21.60;18;6.78;0.01;36.11;86.40;72;27.13;0.05;36.11;63.60;53;19.97;0.05;36.11;50.40;42;15.82;0.03;36.11;34.80;29;10.93;0.02;36.11;43.20;36;13.56;0.03;36.11;134.40;112;42.20;0.07;36.11;46.80;39;14.69;0.02;36.11;66.00;55;20.72;0.04;36.11;59.76;50;18.63;0.04;35.85;40.80;34;12.81;0.02;36.11;76.80;64;22.95;0.05;34.36;69.24;58;19.13;0.03;31.77;76.80;64;21.45;0.04;32.12;44.40;37;12.40;0.02;32.12;40.80;34;11.40;0.02;32.12;27.60;23;7.71;0.01;32.12;48.00;40;13.41;0.02;32.12;24.00;20;6.70;0.01;32.12;56.40;47;15.75;0.03;32.12;45.60;38;12.74;0.02;32.12;42.00;35;11.73;0.02;32.12;38.40;32;10.73;0.02;32.12;49.20;41;13.74;0.02;32.12;19.20;16;5.36;0.01;32.12;64.80;54;13.60;0.02;24.13;56.40;47;11.83;0.03;24.13;136.80;114;28.70;0.05;24.13;13.20;11;2.77;0.01;24.13;86.40;72;18.13;0.03;24.13;84.00;70;17.62;0.03;24.13;141.60;118;29.71;0.05;24.13;80.40;67;16.87;0.04;24.13;54.90;43;13.70;0.03;28.69;93.00;62;31.78;0.07;39.30;61.50;41;21.02;0.04;39.30;37.50;25;12.82;0.03;39.30;30.00;20;10.25;0.02;39.30;40.50;27;13.84;0.03;39.30;58.50;39;19.99;0.04;39.30;22.50;15;7.69;0.02;39.30;15.00;10;5.13;0.01;39.30;49.50;33;16.92;0.03;39.30
33472;WILLARDS FLINGS STRIP;14;31521.40;2 120;7106.95;0.28;25.93;1197.20;100;249.04;0.50;23.92;646.26;54;134.29;0.23;23.90;1186.41;99;247.58;0.52;24.00;598.90;50;124.78;0.31;23.96;335.72;28;70.17;0.14;24.04;695.42;58;145.35;0.31;24.04;467.61;39;97.74;0.21;24.04;575.52;48;120.29;0.24;24.04;922.03;77;191.93;0.45;23.94;899.25;75;187.96;0.33;24.04;898.65;75;187.43;0.39;23.99;995.17;83;208.01;0.43;24.04;1210.99;101;253.11;0.42;24.04;706.21;59;146.82;0.24;23.91;83.33;7;17.02;0.03;23.49;0.00;0;0.00;0.00;0.00;287.76;24;60.15;0.12;24.04;851.29;71;177.93;0.35;24.04;479.00;40;99.72;0.18;23.94;647.46;54;135.33;0.23;24.04;419.65;35;135.23;0.24;37.06;269.85;15;65.49;0.10;27.91;791.56;44;192.09;0.35;27.91;662.93;37;159.19;0.29;27.61;843.73;47;203.58;0.27;27.75;503.72;28;114.22;0.19;26.08;449.75;25;98.70;0.19;25.24;467.74;26;111.27;0.21;27.36;449.75;25;106.99;0.22;27.36;791.56;44;188.28;0.32;27.35;323.82;18;77.02;0.14;27.35;645.84;36;156.86;0.29;27.93;465.04;26;108.92;0.25;26.93;573.88;32;141.81;0.26;28.42;663.83;37;154.48;0.30;26.76;933.68;52;220.97;0.41;27.22;984.63;52;243.92;0.38;28.49;473.80;25;120.67;0.20;29.29;587.74;31;149.83;0.34;29.32;910.57;48;218.11;0.45;27.55;1006.47;53;228.43;0.54;26.10;816.57;43;185.36;0.38;26.11;474.75;25;107.72;0.27;26.09;569.70;30;129.32;0.29;26.11;531.72;28;120.70;0.28;26.11;626.67;33;142.25;0.27;26.11;645.66;34;146.57;0.31;26.11;453.86;24;103.62;0.24;26.26;498.75;25;120.70;0.23;27.83
34541;CORN NIBS CHUTNEY;14;8023.17;1 609;2964.77;0.12;42.50;19.96;4;9.36;0.02;53.91;119.76;24;56.14;0.09;53.91;79.84;16;37.43;0.08;53.91;0.00;0;0.00;0.00;0.00;269.46;54;99.31;0.20;42.38;204.59;41;74.50;0.16;41.88;174.65;35;53.87;0.11;35.47;99.80;20;36.78;0.07;42.38;99.80;20;36.78;0.09;42.38;69.86;14;25.75;0.05;42.38;29.94;6;11.03;0.02;42.38;194.61;39;71.73;0.15;42.38;174.65;35;64.37;0.11;42.38;59.63;12;21.85;0.04;42.14;159.68;32;58.85;0.11;42.38;64.87;13;23.91;0.05;42.38;133.73;27;48.79;0.09;41.95;199.10;40;73.13;0.15;42.24;128.99;26;47.17;0.08;42.05;264.47;53;97.47;0.17;42.38;159.68;32;58.85;0.11;42.38;39.92;8;14.71;0.02;42.38;99.80;20;36.78;0.07;42.38;94.81;19;34.94;0.06;42.38;4.99;1;1.84;0.00;42.38;199.60;40;73.57;0.12;42.38;99.80;20;36.78;0.07;42.38;169.66;34;62.53;0.12;42.38;287.92;58;105.37;0.21;42.08;269.46;54;99.31;0.17;42.38;204.34;41;75.19;0.13;42.31;184.63;37;68.05;0.12;42.38;269.21;54;99.10;0.23;42.33;99.80;20;36.78;0.07;42.38;164.17;33;60.26;0.12;42.21;369.26;74;136.10;0.25;42.38;164.67;33;60.69;0.10;42.38;204.34;41;75.19;0.13;42.31;179.64;36;66.21;0.15;42.38;234.53;47;86.44;0.18;42.38;293.92;59;108.08;0.25;42.29;184.63;37;68.05;0.14;42.38;299.40;60;110.35;0.28;42.38;344.31;69;126.90;0.28;42.38;244.51;49;90.12;0.21;42.38;309.38;62;114.03;0.22;42.38;0.00;0;0.00;0.00;0.00;289.42;58;106.67;0.25;42.38;9.98;2;3.68;0.01;42.38
34553;STYLOS CORN MEXICAN;14;7810.14;4 084;3278.14;0.13;48.27;310.80;234;69.18;0.14;25.60;183.40;131;38.74;0.07;24.29;252.53;169;63.82;0.13;29.06;208.95;105;84.92;0.21;46.74;292.53;147;118.88;0.24;46.74;103.48;52;42.05;0.09;46.74;294.52;148;119.69;0.25;46.74;350.24;176;142.34;0.28;46.74;266.66;134;108.37;0.26;46.74;155.22;78;63.08;0.11;46.74;224.87;113;91.39;0.19;46.74;226.76;114;92.11;0.19;46.71;594.82;299;241.65;0.40;46.72;183.08;92;74.40;0.12;46.74;298.50;150;121.31;0.23;46.74;0.00;0;0.00;0.00;0.00;0.00;0;0.00;0.00;0.00;0.00;0;0.00;0.00;0.00;0.00;0;0.00;0.00;0.00;189.05;95;88.39;0.15;53.77;274.62;138;128.40;0.23;53.77;199.00;100;93.04;0.14;53.77;322.28;162;150.64;0.27;53.75;240.69;121;112.50;0.20;53.75;254.72;128;119.10;0.16;53.77;290.54;146;135.84;0.23;53.77;575.11;289;268.90;0.53;53.77;388.05;195;181.43;0.35;53.77;415.91;209;194.46;0.39;53.77;101.49;51;47.45;0.08;53.77;260.69;131;121.89;0.21;53.77;351.63;177;164.17;0.30;53.69;0.00;0;0.00;0.00;0.00;0.00;0;0.00;0.00;0.00;0.00;0;0.00;0.00;0.00;0.00;0;0.00;0.00;0.00;0.00;0;0.00;0.00;0.00;0.00;0;0.00;0.00;0.00;0.00;0;0.00;0.00;0.00;0.00;0;0.00;0.00;0.00;0.00;0;0.00;0.00;0.00;0.00;0;0.00;0.00;0.00;0.00;0;0.00;0.00;0.00;0.00;0;0.00;0.00;0.00;0.00;0;0.00;0.00;0.00;0.00;0;0.00;0.00;0.00;0.00;0;0.00;0.00;0.00;0.00;0;0.00;0.00;0.00;0.00;0;0.00;0.00;0.00
34555;STYLOS CORN MEXICAN CHILLI;14;9128.49;4 688;4040.25;0.16;50.90;287.90;213;75.69;0.15;30.23;56.00;40;14.37;0.02;29.51;107.51;73;26.20;0.05;28.03;191.04;96;77.64;0.19;46.74;254.12;128;103.00;0.21;46.61;278.79;141;112.47;0.24;46.39;457.70;230;186.01;0.39;46.74;262.68;132;106.75;0.21;46.74;107.46;54;43.67;0.10;46.74;173.13;87;70.36;0.12;46.74;302.48;152;122.93;0.26;46.74;336.31;169;151.77;0.32;51.90;447.55;225;207.09;0.34;53.21;493.52;248;230.75;0.37;53.77;222.88;112;104.21;0.20;53.77;933.31;469;436.37;0.88;53.77;733.91;369;342.98;0.66;53.74;0.00;0;0.00;0.00;0.00;0.00;0;0.00;0.00;0.00;0.00;0;0.00;0.00;0.00;199.00;100;93.04;0.17;53.77;139.30;70;65.13;0.10;53.77;258.60;130;120.87;0.22;53.75;398.00;200;186.09;0.33;53.77;397.80;200;185.91;0.24;53.75;499.49;251;233.54;0.40;53.77;666.65;335;311.70;0.61;53.77;324.37;163;151.66;0.29;53.77;1.99;1;0.93;0.00;53.77;101.49;51;47.45;0.08;53.77;99.50;50;46.52;0.08;53.77;392.03;197;183.30;0.33;53.77;3.98;2;1.86;0.00;53.77;0.00;0;0.00;0.00;0.00;0.00;0;0.00;0.00;0.00;0.00;0;0.00;0.00;0.00;0.00;0;0.00;0.00;0.00;0.00;0;0.00;0.00;0.00;0.00;0;0.00;0.00;0.00;0.00;0;0.00;0.00;0.00;0.00;0;0.00;0.00;0.00;0.00;0;0.00;0.00;0.00;0.00;0;0.00;0.00;0.00;0.00;0;0.00;0.00;0.00;0.00;0;0.00;0.00;0.00;0.00;0;0.00;0.00;0.00;0.00;0;0.00;0.00;0.00;0.00;0;0.00;0.00;0.00;0.00;0;0.00;0.00;0.00
34557;SIMBA NIKNAKS SINGLE;14;50429.25;39 250;10939.29;0.43;24.95;279.87;268;52.28;0.11;21.48;556.86;500;84.23;0.14;17.39;500.55;421;76.54;0.16;17.59;800.36;674;121.59;0.30;17.47;603.05;529;73.59;0.15;14.03;762.56;622;133.03;0.28;20.06;936.20;776;170.75;0.36;20.97;920.25;757;186.24;0.37;23.27;1335.85;1 115;229.36;0.54;19.75;1008.64;787;210.93;0.37;24.05;1210.11;921;299.63;0.62;28.47;1367.94;1 039;340.44;0.71;28.62;1136.73;848;295.48;0.49;29.89;802.51;586;218.96;0.35;31.38;956.03;689;259.87;0.49;31.26;821.04;649;172.17;0.35;24.12;1252.30;1 013;243.32;0.47;22.34;1191.78;859;319.24;0.63;30.81;1224.69;944;276.91;0.49;26.00;1229.87;922;299.77;0.51;28.03;764.19;612;153.62;0.28;23.12;707.97;562;146.48;0.22;23.79;865.64;692;175.06;0.32;23.26;975.83;753;219.95;0.40;25.92;928.51;696;226.39;0.30;28.04;590.00;457;131.54;0.22;25.64;357.98;264;90.90;0.18;29.20;607.02;469;136.33;0.26;25.83;647.50;508;138.97;0.28;24.68;1124.09;864;256.21;0.44;26.21;745.43;574;169.03;0.30;26.08;1085.17;826;254.09;0.46;26.93;1538.20;1 255;289.91;0.68;21.67;885.37;755;139.63;0.26;18.14;727.95;551;173.03;0.34;27.34;1813.12;1 405;398.40;0.74;25.27;885.17;660;207.27;0.33;26.93;1149.02;873;255.19;0.43;25.54;1081.94;800;259.07;0.58;27.54;1189.71;898;269.27;0.55;26.03;859.04;625;214.37;0.50;28.70;1396.21;1 053;316.75;0.65;26.09;1945.97;1 497;416.44;1.04;24.61;2263.52;1 761;467.59;1.04;23.76;1115.74;857;239.89;0.55;24.73;1757.07;1 375;356.14;0.68;23.31;1818.35;1 403;385.57;0.80;24.38;658.63;500;146.63;0.34;25.60;1047.72;786;241.25;0.45;26.48
34558;TRUDA BIGGA NAKS BBQ;14;13875.19;7 369;3896.67;0.15;32.30;205.70;135;57.23;0.12;32.00;215.64;127;49.46;0.08;26.38;283.22;167;64.75;0.14;26.29;250.75;148;57.17;0.14;26.22;300.39;177;68.81;0.14;26.34;322.32;190;73.75;0.16;26.31;210.80;124;48.52;0.10;26.47;348.16;205;79.91;0.16;26.40;265.40;152;61.94;0.15;26.84;390.92;206;108.48;0.19;31.91;343.90;181;102.33;0.21;34.22;391.88;207;115.80;0.24;33.98;430.35;227;127.51;0.21;34.07;235.31;124;69.85;0.11;34.14;303.71;160;90.21;0.17;34.16;552.32;291;164.02;0.33;34.15;581.02;306;172.67;0.33;34.18;294.41;155;87.55;0.17;34.20;436.81;230;129.85;0.23;34.19;319.20;168;94.95;0.16;34.21;174.51;92;51.09;0.09;33.67;203.20;107;58.06;0.09;32.86;170.81;90;48.75;0.09;32.82;358.90;189;102.54;0.18;32.86;170.80;90;48.74;0.06;32.82;212.80;112;60.87;0.10;32.89;96.90;51;27.72;0.05;32.89;132.90;70;37.96;0.07;32.84;298.30;157;85.33;0.17;32.89;330.41;174;94.40;0.16;32.86;241.02;127;68.78;0.12;32.82;315.21;166;90.05;0.16;32.85;176.70;93;50.54;0.12;32.89;62.70;33;16.72;0.03;30.66;355.30;187;93.50;0.18;30.26;53.20;28;14.00;0.03;30.26;260.32;133;73.12;0.11;32.30;404.00;202;118.56;0.20;33.75;281.90;141;82.67;0.19;33.72;326.00;163;95.67;0.20;33.75;356.00;178;104.47;0.25;33.75;458.00;229;134.41;0.27;33.75;386.00;193;113.28;0.28;33.75;375.90;188;110.26;0.25;33.73;248.00;124;72.78;0.17;33.75;240.00;120;70.43;0.13;33.75;212.00;106;62.21;0.13;33.75;79.80;40;23.30;0.05;33.58;211.40;106;61.69;0.12;33.56
34560;SWEETNAX PARTY PACK;14;38520.11;4 000;7236.05;0.28;21.60;1122.00;132;315.65;0.64;32.35;850.00;100;206.13;0.35;27.89;1028.50;121;228.85;0.48;25.59;1003.00;118;245.67;0.62;28.17;721.50;77;189.14;0.38;30.15;1111.50;117;293.77;0.62;30.39;769.50;81;203.38;0.43;30.39;940.50;99;248.58;0.50;30.39;741.00;78;195.85;0.46;30.39;1843.00;194;487.11;0.86;30.39;456.00;48;120.52;0.25;30.39;855.00;90;225.98;0.47;30.39;864.50;91;228.49;0.38;30.39;940.50;99;248.58;0.40;30.39;987.50;103;259.70;0.49;30.24;829.50;79;207.80;0.42;28.81;1449.00;138;363.00;0.69;28.81;1302.00;124;326.17;0.65;28.81;1281.00;122;320.91;0.57;28.81;2517.00;486;-970.30;-1.64;-44.33;121.00;22;-46.58;-0.08;-44.27;1018.50;97;216.35;0.33;24.43;903.00;86;191.82;0.35;24.43;451.50;43;95.91;0.17;24.43;378.00;36;80.30;0.10;24.43;378.00;36;80.30;0.14;24.43;283.50;27;60.22;0.12;24.43;524.47;50;111.06;0.21;24.35;535.50;51;113.75;0.23;24.43;1039.50;99;220.81;0.38;24.43;745.50;71;158.36;0.28;24.43;977.50;85;195.50;0.36;23.00;621.00;54;124.20;0.29;23.00;0.00;0;0.00;0.00;0.00;80.50;7;16.10;0.03;23.00;34.50;3;6.90;0.01;23.00;241.50;21;48.30;0.08;23.00;207.00;18;41.40;0.07;23.00;345.00;30;69.00;0.16;23.00;1177.43;128;38.25;0.08;3.74;756.33;77;55.68;0.13;8.47;657.53;47;176.97;0.36;30.95;363.74;26;97.90;0.24;30.95;279.80;20;75.30;0.17;30.95;842.13;87;1.49;0.00;0.20;2070.52;148;557.25;1.07;30.95;209.85;15;56.48;0.12;30.95;1021.27;73;274.86;0.63;30.95;643.54;46;173.20;0.33;30.95
34563;FLYERS ASST;14;16351.99;9 859;4780.20;0.19;33.62;368.30;246;104.20;0.21;32.54;323.62;216;75.01;0.13;26.65;392.47;262;83.84;0.17;24.57;393.97;263;84.16;0.21;24.57;171.00;114;36.68;0.07;24.67;232.50;155;49.87;0.11;24.67;307.27;205;65.76;0.14;24.61;226.20;151;48.32;0.10;24.57;544.66;357;116.94;0.28;24.69;446.59;263;123.47;0.22;31.79;419.48;247;122.06;0.25;33.46;363.46;214;105.78;0.22;33.47;395.84;233;115.26;0.19;33.49;360.81;213;104.45;0.17;33.29;442.17;261;128.04;0.24;33.30;418.87;247;121.53;0.24;33.37;196.77;116;57.12;0.11;33.38;169.83;100;49.42;0.10;33.46;85.00;50;24.78;0.04;33.53;130.90;77;38.17;0.06;33.53;296.98;175;84.03;0.15;32.54;350.87;207;92.70;0.14;30.38;380.63;225;103.27;0.19;31.20;286.95;169;92.28;0.17;36.98;478.45;282;153.67;0.20;36.94;348.16;205;112.02;0.19;37.00;453.90;267;146.28;0.29;37.06;239.70;141;77.25;0.15;37.06;351.13;207;112.74;0.23;36.92;385.90;227;124.36;0.21;37.06;280.32;165;90.24;0.16;37.02;455.34;268;146.60;0.27;37.03;288.82;170;92.98;0.22;37.02;176.80;104;56.15;0.10;36.52;202.04;119;63.93;0.13;36.39;45.64;27;14.33;0.03;36.11;376.80;222;119.17;0.19;36.37;329.19;194;104.07;0.18;36.35;422.78;249;133.80;0.30;36.39;481.35;284;151.86;0.31;36.28;545.19;321;172.63;0.41;36.41;421.00;248;133.19;0.27;36.38;456.61;269;144.43;0.36;36.38;364.56;215;115.10;0.26;36.31;352.92;208;111.55;0.26;36.35;408.93;241;129.27;0.25;36.35;215.47;127;68.10;0.14;36.35;234.60;138;74.40;0.17;36.47;331.25;195;104.92;0.20;36.42
34564;SIMBA FRITOS BBQ;14;8862.35;2 855;2026.85;0.08;26.30;762.00;381;168.85;0.34;25.48;751.90;376;160.33;0.27;24.52;1208.00;460;270.14;0.56;25.72;630.00;210;136.58;0.34;24.93;0.00;0;0.00;0.00;0.00;0.00;0;0.00;0.00;0.00;0.00;0;0.00;0.00;0.00;0.00;0;0.00;0.00;0.00;0.00;0;0.00;0.00;0.00;0.00;0;0.00;0.00;0.00;0.00;0;0.00;0.00;0.00;0.00;0;0.00;0.00;0.00;0.00;0;0.00;0.00;0.00;0.00;0;0.00;0.00;0.00;0.00;0;0.00;0.00;0.00;0.00;0;0.00;0.00;0.00;0.00;0;0.00;0.00;0.00;0.00;0;0.00;0.00;0.00;0.00;0;0.00;0.00;0.00;0.00;0;0.00;0.00;0.00;0.00;0;0.00;0.00;0.00;0.00;0;0.00;0.00;0.00;0.00;0;0.00;0.00;0.00;0.00;0;0.00;0.00;0.00;0.00;0;0.00;0.00;0.00;0.00;0;0.00;0.00;0.00;0.00;0;0.00;0.00;0.00;0.00;0;0.00;0.00;0.00;0.00;0;0.00;0.00;0.00;0.00;0;0.00;0.00;0.00;0.00;0;0.00;0.00;0.00;0.00;0;0.00;0.00;0.00;0.00;0;0.00;0.00;0.00;0.00;0;0.00;0.00;0.00;0.00;0;0.00;0.00;0.00;111.68;32;24.11;0.04;24.83;457.19;131;84.25;0.13;21.19;366.45;105;62.71;0.11;19.68;489.61;130;108.87;0.24;25.57;601.09;151;154.62;0.32;29.58;363.09;91;93.92;0.22;29.75;470.82;118;121.78;0.25;29.75;550.42;138;142.25;0.35;29.72;371.07;93;95.98;0.21;29.75;223.44;56;57.80;0.13;29.75;326.38;82;83.93;0.16;29.57;518.70;130;134.17;0.28;29.75;367.65;97;67.21;0.16;21.02;292.86;74;59.33;0.11;23.30
34565;SIMBA FRITOS SWEET CHILLI;14;10652.20;3 235;2607.98;0.10;28.16;392.00;196;87.69;0.18;25.72;498.00;249;106.23;0.18;24.53;472.70;182;101.78;0.21;24.76;317.85;106;68.81;0.17;24.90;60.00;20;13.01;0.03;24.93;0.00;0;0.00;0.00;0.00;0.00;0;0.00;0.00;0.00;288.00;96;62.44;0.12;24.93;0.00;0;0.00;0.00;0.00;0.00;0;0.00;0.00;0.00;0.00;0;0.00;0.00;0.00;0.00;0;0.00;0.00;0.00;0.00;0;0.00;0.00;0.00;0.00;0;0.00;0.00;0.00;0.00;0;0.00;0.00;0.00;0.00;0;0.00;0.00;0.00;0.00;0;0.00;0.00;0.00;0.00;0;0.00;0.00;0.00;130.47;43;23.12;0.04;20.38;254.59;73;55.61;0.09;25.12;219.35;63;47.68;0.09;25.00;289.49;83;135.92;0.20;53.99;230.34;66;200.30;0.36;100.00;177.82;51;45.63;0.08;29.51;307.12;88;70.64;0.09;26.45;373.43;107;81.75;0.14;25.17;537.28;154;117.50;0.23;25.15;292.63;84;65.98;0.13;25.93;334.87;96;73.19;0.15;25.14;205.91;59;45.07;0.08;25.17;380.07;109;86.27;0.15;26.10;352.15;101;76.87;0.14;25.10;397.34;114;86.64;0.20;25.08;181.48;52;39.73;0.07;25.17;355.46;102;77.47;0.15;25.06;449.86;129;93.98;0.18;24.03;52.18;15;9.06;0.01;19.96;222.84;64;37.77;0.06;19.49;319.64;86;68.32;0.15;24.58;278.50;70;71.55;0.15;29.54;207.48;52;53.67;0.13;29.75;307.23;77;79.47;0.16;29.75;351.12;88;90.82;0.23;29.75;314.81;79;81.19;0.18;29.66;395.01;99;102.17;0.23;29.75;119.70;30;30.96;0.06;29.75;199.50;50;51.60;0.11;29.75;210.42;58;30.37;0.07;16.60;175.56;44;37.73;0.07;24.71
34566;SIMBA FRITOS TOMATO;14;14153.46;4 199;3173.61;0.12;25.79;534.00;267;118.70;0.24;25.56;268.00;134;57.17;0.10;24.53;700.00;275;157.25;0.33;25.83;452.85;151;98.08;0.25;24.91;12.00;4;2.60;0.01;24.93;3.00;1;0.65;0.00;24.93;0.00;0;0.00;0.00;0.00;0.00;0;0.00;0.00;0.00;0.00;0;0.00;0.00;0.00;0.00;0;0.00;0.00;0.00;0.00;0;0.00;0.00;0.00;0.00;0;0.00;0.00;0.00;0.00;0;0.00;0.00;0.00;0.00;0;0.00;0.00;0.00;0.00;0;0.00;0.00;0.00;0.00;0;0.00;0.00;0.00;0.00;0;0.00;0.00;0.00;0.00;0;0.00;0.00;0.00;144.00;48;25.22;0.04;20.14;320.57;92;69.84;0.12;25.06;341.15;98;74.11;0.13;24.98;142.92;41;31.18;0.05;25.09;187.76;54;40.65;0.07;24.90;516.17;148;112.77;0.20;25.12;397.86;114;88.12;0.12;25.47;537.46;154;117.65;0.20;25.17;596.62;171;130.49;0.26;25.15;526.65;151;115.07;0.22;25.13;449.86;129;98.25;0.20;25.12;537.29;154;117.51;0.20;25.15;529.78;152;121.87;0.21;26.46;442.01;127;95.96;0.18;24.97;595.92;171;129.88;0.30;25.06;575.85;165;126.06;0.23;25.17;355.46;102;77.47;0.15;25.06;568.70;163;119.39;0.22;24.14;174.50;50;30.81;0.05;20.30;344.99;99;58.68;0.10;19.56;474.90;120;120.46;0.27;29.17;330.17;83;84.79;0.17;29.53;371.07;93;95.98;0.23;29.75;538.65;135;139.33;0.28;29.75;263.34;66;68.12;0.17;29.75;362.29;91;93.22;0.21;29.59;406.98;102;105.27;0.24;29.75;255.36;64;66.05;0.13;29.75;279.30;70;72.24;0.15;29.75;317.98;85;53.27;0.12;19.27;298.05;75;59.44;0.11;22.93
34568;LAYS THAI SWEET CHILLI;14;161096.48;7 954;16906.22;0.66;12.07;4792.47;279;321.09;0.65;7.70;2174.39;119;221.74;0.37;11.73;1599.20;80;284.85;0.59;20.48;1139.43;57;191.40;0.48;19.32;3548.52;201;254.41;0.52;8.24;3559.22;185;363.05;0.77;11.73;4237.31;229;365.85;0.77;9.93;3474.83;184;499.33;1.00;16.53;4201.94;231;246.59;0.58;6.75;4695.17;247;700.91;1.24;17.17;1758.10;80;643.09;1.34;42.07;2797.76;141;279.84;0.58;11.50;2763.37;132;422.39;0.70;17.58;2872.60;125;596.33;0.96;23.87;2525.45;110;515.77;0.97;23.49;1948.40;85;389.07;0.78;22.96;2673.26;128;363.23;0.70;15.63;4358.31;223;475.14;0.94;12.54;3547.43;178;357.63;0.64;11.59;3826.88;186;489.87;0.83;14.72;2923.76;145;309.33;0.56;12.17;2619.71;114;522.84;0.79;22.95;2479.47;108;501.53;0.91;23.26;3869.06;180;597.56;1.08;17.76;4565.77;224;422.99;0.55;10.65;2691.67;128;290.80;0.49;12.42;2500.09;113;375.56;0.74;17.28;3822.41;191;279.25;0.54;8.40;3748.38;181;356.07;0.72;10.92;3069.56;150;249.13;0.42;9.33;2719.50;130;302.60;0.53;12.80;4018.05;195;377.01;0.69;10.79;3582.84;177;284.72;0.67;9.14;6466.27;356;-119.46;-0.22;-2.12;1844.83;77;360.72;0.71;22.49;2735.28;128;372.96;0.70;15.68;4363.49;221;307.40;0.48;8.10;2323.06;109;237.22;0.40;11.74;1868.57;91;143.71;0.32;8.84;1984.12;93;231.21;0.47;13.40;1890.38;87;224.43;0.53;13.65;3660.27;186;91.39;0.19;2.87;3315.39;170;59.41;0.15;2.06;2383.64;112;217.38;0.48;10.49;4603.34;217;425.40;0.97;10.63;8388.92;410;430.82;0.83;5.91;2590.92;108;523.42;1.09;23.23;2894.21;133;256.33;0.59;10.19;4679.48;220;292.91;0.55;7.20
34707;BLUE MOUTH SHERBET;14;2181.56;1 845;587.83;0.02;30.99;29.00;29;8.30;0.02;32.92;73.00;73;20.90;0.04;32.92;33.00;33;9.45;0.02;32.92;24.00;24;6.87;0.02;32.92;16.40;14;5.09;0.01;35.72;54.00;45;16.96;0.04;36.11;25.20;21;7.91;0.02;36.11;93.60;78;29.39;0.06;36.11;60.00;50;18.84;0.04;36.11;34.80;29;10.93;0.02;36.11;52.80;44;16.58;0.03;36.11;16.80;14;5.27;0.01;36.11;69.60;58;21.85;0.04;36.11;70.80;59;22.23;0.04;36.11;33.60;28;10.55;0.02;36.11;66.00;55;20.72;0.04;36.11;85.20;71;26.75;0.05;36.11;49.20;41;13.91;0.03;32.51;54.00;45;15.08;0.03;32.12;72.00;60;20.11;0.03;32.12;60.00;50;16.76;0.03;32.12;27.60;23;7.71;0.01;32.12;25.20;21;7.04;0.01;32.12;57.60;48;16.09;0.03;32.12;25.20;21;7.04;0.01;32.12;62.28;52;17.32;0.03;31.99;61.20;51;17.09;0.03;32.12;33.60;28;9.38;0.02;32.12;33.60;28;9.38;0.02;32.12;108.00;90;30.17;0.05;32.12;67.20;56;14.85;0.03;25.41;32.40;27;6.80;0.01;24.13;7.20;6;1.51;0.00;24.13;21.60;18;4.53;0.01;24.13;51.48;43;10.72;0.02;23.95;14.40;12;3.02;0.01;24.13;51.60;43;10.83;0.02;24.13;33.60;28;7.05;0.01;24.13;20.40;17;4.28;0.01;24.13;46.80;39;9.82;0.02;24.13;19.20;16;4.03;0.01;24.13;31.20;26;6.55;0.01;24.13;40.80;34;8.56;0.02;24.13;25.20;21;5.29;0.01;24.13;27.60;23;5.79;0.01;24.13;88.80;74;18.63;0.04;24.13;38.40;32;8.06;0.02;24.13;39.60;33;8.31;0.02;24.13;16.80;14;3.52;0.01;24.13
34833;BEACON MALLOW EASTER STRIP;14;130870.86;11 334;42033.80;1.65;36.94;0.00;0;0.00;0.00;0.00;0.00;0;0.00;0.00;0.00;0.00;0;0.00;0.00;0.00;0.00;0;0.00;0.00;0.00;0.00;0;0.00;0.00;0.00;0.00;0;0.00;0.00;0.00;0.00;0;0.00;0.00;0.00;0.00;0;0.00;0.00;0.00;0.00;0;0.00;0.00;0.00;0.00;0;0.00;0.00;0.00;1728.27;173;446.22;0.93;29.69;9850.14;986;2543.22;5.31;29.69;11048.94;1 106;2852.74;4.74;29.69;9430.56;944;2434.89;3.92;29.69;0.00;0;0.00;0.00;0.00;0.00;0;0.00;0.00;0.00;0.00;0;0.00;0.00;0.00;0.00;0;0.00;0.00;0.00;0.00;0;0.00;0.00;0.00;0.00;0;0.00;0.00;0.00;0.00;0;0.00;0.00;0.00;0.00;0;0.00;0.00;0.00;1558.70;130;565.32;1.03;41.71;3117.40;260;1130.63;2.04;41.71;23224.63;1 937;8423.21;11.00;41.71;8920.56;744;3235.35;5.49;41.71;1466.97;123;528.09;1.03;41.40;11.99;1;4.35;0.01;41.71;0.00;0;0.00;0.00;0.00;0.00;0;0.00;0.00;0.00;0.00;0;0.00;0.00;0.00;0.00;0;0.00;0.00;0.00;0.00;0;0.00;0.00;0.00;0.00;0;0.00;0.00;0.00;3762.45;315;1357.28;2.66;41.49;6226.99;521;2248.40;4.20;41.52;10195.08;852;3687.26;5.79;41.59;17740.96;1 484;6407.91;10.79;41.54;2195.96;184;791.27;1.78;41.44;35.97;3;13.05;0.03;41.71;0.00;0;0.00;0.00;0.00;0.00;0;0.00;0.00;0.00;0.00;0;0.00;0.00;0.00;0.00;0;0.00;0.00;0.00;0.00;0;0.00;0.00;0.00;0.00;0;0.00;0.00;0.00;7614.08;587;2011.76;4.19;30.38;8900.08;687;2344.81;5.42;30.30;3841.13;297;1008.04;1.90;30.18
34841;NESTLE SMARTIES MINI;14;24337.58;4 129;6591.35;0.26;31.15;219.45;55;41.37;0.08;21.68;255.36;64;49.74;0.08;22.40;363.09;91;72.49;0.15;22.96;167.58;42;33.46;0.08;22.96;217.91;49;50.19;0.10;26.49;239.50;50;59.76;0.13;28.70;421.52;88;105.18;0.22;28.70;249.08;52;62.15;0.12;28.70;368.35;77;91.61;0.22;28.60;330.51;69;82.47;0.15;28.70;258.18;54;64.12;0.13;28.56;138.91;29;34.66;0.07;28.70;0.00;0;0.00;0.00;0.00;138.91;29;34.66;0.06;28.70;239.50;50;59.76;0.11;28.70;306.56;64;76.49;0.15;28.70;234.71;49;58.57;0.11;28.70;0.00;0;0.00;0.00;0.00;387.99;81;96.81;0.17;28.70;306.56;64;73.86;0.13;27.71;273.03;57;61.87;0.11;26.06;167.65;35;37.99;0.06;26.06;334.82;70;75.57;0.14;25.96;114.96;24;26.05;0.05;26.06;325.72;68;73.82;0.10;26.06;320.93;67;72.73;0.12;26.06;282.37;59;63.84;0.13;26.00;316.14;66;71.64;0.14;26.06;497.44;104;112.27;0.23;25.95;308.61;59;76.69;0.13;28.58;451.04;78;137.86;0.24;35.15;654.27;113;200.45;0.37;35.23;393.72;68;120.62;0.28;35.23;272.13;47;83.37;0.15;35.23;445.83;77;136.59;0.27;35.23;318.45;55;97.56;0.18;35.23;238.41;41;73.62;0.12;35.51;94.50;15;33.26;0.06;40.48;220.50;35;77.61;0.17;40.48;308.70;49;108.65;0.22;40.48;423.81;63;120.34;0.28;32.65;845.44;121;252.92;0.52;34.40;7723.95;1 105;2301.27;5.74;34.26;800.00;115;195.66;0.43;28.13;621.41;89;153.40;0.35;28.39;824.82;118;204.19;0.39;28.47;726.96;104;179.97;0.38;28.47;566.19;81;140.17;0.32;28.47;622.11;89;154.01;0.29;28.47
38858;ROASTED PUFFS;14;26146.67;1 784;6788.66;0.27;29.86;962.51;69;326.96;0.66;39.06;530.92;38;180.80;0.30;39.16;447.68;32;152.76;0.32;39.24;335.06;24;113.96;0.29;39.11;768.05;55;232.74;0.47;34.85;432.10;33;111.74;0.24;29.74;436.25;35;99.35;0.21;26.19;150.00;12;34.43;0.07;26.40;300.00;24;68.87;0.16;26.40;0.00;0;0.00;0.00;0.00;0.00;0;0.00;0.00;0.00;0.00;0;0.00;0.00;0.00;0.00;0;0.00;0.00;0.00;212.50;17;48.78;0.08;26.40;687.50;55;157.83;0.30;26.40;281.50;21;70.18;0.14;28.67;661.50;49;166.18;0.32;28.89;0.00;0;0.00;0.00;0.00;940.94;70;233.87;0.42;28.58;1455.31;108;363.94;0.62;28.76;472.50;35;118.70;0.21;28.89;726.98;54;181.38;0.27;28.69;984.15;73;246.40;0.45;28.79;430.65;32;107.35;0.19;28.67;929.49;69;232.26;0.30;28.74;486.00;36;122.09;0.21;28.89;0.00;0;0.00;0.00;0.00;1033.56;69;268.76;0.52;29.90;538.14;36;139.26;0.28;29.76;1122.00;75;290.88;0.49;29.81;0.00;0;0.00;0.00;0.00;1184.56;78;309.63;0.56;30.06;704.00;44;191.31;0.45;31.25;671.20;42;171.80;0.32;29.44;479.20;30;121.54;0.24;29.17;384.00;24;97.79;0.18;29.29;720.00;45;161.88;0.25;25.86;496.00;31;107.82;0.18;25.00;655.20;41;141.91;0.32;24.91;843.08;52;190.50;0.39;25.98;660.91;39;167.74;0.39;29.19;934.45;55;238.65;0.49;29.37;797.68;47;216.24;0.54;31.17;492.71;29;134.24;0.30;31.33;949.74;56;241.51;0.55;29.24;237.86;14;60.75;0.12;29.37;0.00;0;0.00;0.00;0.00;610.79;36;165.90;0.38;31.24;0.00;0;0.00;0.00;0.00
38859;COCONUT PUFFS;14;26749.95;1 834;6938.22;0.27;29.83;278.40;20;94.26;0.19;38.94;447.68;32;152.76;0.26;39.24;670.82;48;228.53;0.48;39.18;822.61;59;279.22;0.70;39.03;1383.61;99;423.31;0.86;35.18;841.58;64;219.81;0.46;30.04;648.75;52;148.13;0.31;26.26;162.50;13;37.30;0.07;26.40;696.24;56;157.43;0.37;26.00;0.00;0;0.00;0.00;0.00;0.00;0;0.00;0.00;0.00;0.00;0;0.00;0.00;0.00;0.00;0;0.00;0.00;0.00;173.76;14;39.10;0.06;25.87;847.48;68;192.94;0.36;26.18;532.88;41;128.07;0.26;27.64;688.50;51;172.96;0.33;28.89;0.00;0;0.00;0.00;0.00;0.00;0;0.00;0.00;0.00;432.00;32;108.53;0.18;28.89;472.50;35;118.70;0.21;28.89;1133.32;84;284.29;0.43;28.85;782.33;58;196.12;0.36;28.83;675.00;50;169.57;0.31;28.89;821.47;61;205.11;0.27;28.71;592.65;44;148.05;0.25;28.73;0.00;0;0.00;0.00;0.00;521.65;35;134.05;0.26;29.55;1761.32;118;454.21;0.92;29.66;733.76;49;190.67;0.32;29.88;0.00;0;0.00;0.00;0.00;881.34;58;229.43;0.42;29.94;908.80;57;245.05;0.57;31.01;751.20;47;195.46;0.36;29.92;205.60;13;50.88;0.10;28.46;399.20;25;101.17;0.19;29.14;783.20;49;173.91;0.27;25.54;527.20;33;114.08;0.19;24.89;766.40;48;165.56;0.37;24.84;613.33;38;136.80;0.28;25.65;728.87;43;185.10;0.43;29.20;1199.49;71;302.16;0.62;28.97;473.17;28;127.39;0.32;30.96;627.78;37;170.53;0.38;31.24;1134.93;67;287.76;0.66;29.16;84.95;5;21.70;0.04;29.37;0.00;0;0.00;0.00;0.00;475.72;28;129.61;0.30;31.33;67.96;4;18.52;0.03;31.33
39575;LAYS SPRING ONION & CHEES;14;213956.09;10 602;20484.60;0.80;11.01;0.00;0;0.00;0.00;0.00;1477.26;74;250.42;0.42;19.49;2198.90;110;385.66;0.80;20.17;1678.16;84;281.20;0.70;19.27;5905.90;326;357.47;0.73;6.96;5205.78;269;554.59;1.17;12.25;7497.84;410;464.19;0.98;7.12;4856.98;254;727.70;1.45;17.23;8279.54;459;429.31;1.01;5.96;8422.07;437;871.21;1.54;11.90;3493.11;159;690.67;1.44;22.74;4794.23;237;561.91;1.17;13.48;4712.56;220;775.11;1.29;18.91;3947.38;172;806.64;1.30;23.50;2912.83;127;592.94;1.12;23.41;1809.31;79;361.58;0.73;22.98;3851.31;184;533.68;1.02;15.94;7659.99;406;409.97;0.81;6.15;6533.48;329;639.52;1.14;11.26;6270.39;313;660.60;1.12;12.12;3210.47;160;328.52;0.59;11.77;2778.34;121;551.06;0.83;22.81;1466.76;64;297.82;0.54;23.35;3398.23;160;429.86;0.77;14.55;6075.29;291;635.34;0.83;12.03;3717.05;176;394.23;0.67;12.20;3835.61;176;524.08;1.03;15.71;5554.53;270;507.51;0.98;10.51;4009.15;194;372.11;0.75;10.67;5009.96;247;378.55;0.64;8.69;3904.17;189;394.81;0.69;11.63;4718.42;229;419.89;0.77;10.23;6149.97;309;369.66;0.87;6.91;11312.48;612;-3.19;-0.01;-0.03;2277.85;95;447.12;0.88;22.57;3232.03;154;396.30;0.74;14.10;5329.05;273;348.01;0.55;7.51;3083.12;145;330.95;0.56;12.34;3273.08;160;260.37;0.58;9.15;2431.83;114;294.62;0.60;13.93;1757.33;82;198.96;0.47;13.02;4010.31;202;131.38;0.27;3.77;4070.02;208;84.84;0.21;2.40;1767.73;83;152.03;0.34;9.89;5914.36;287;378.97;0.87;7.37;8780.25;433;389.88;0.75;5.11;3232.65;135;601.53;1.25;21.40;2931.86;136;239.44;0.55;9.39;5217.17;248;275.59;0.52;6.07
39783;KIT KAT CHOC MILK 8F;14;44561.89;2 030;8913.04;0.35;23.00;259.87;13;57.38;0.12;25.39;479.76;24;105.93;0.18;25.39;439.78;22;97.10;0.20;25.39;704.65;35;158.33;0.40;25.84;1169.73;63;172.49;0.35;16.96;737.65;41;87.83;0.19;13.69;307.86;14;84.75;0.18;31.66;900.86;54;125.20;0.25;15.98;1476.75;78;281.45;0.67;21.92;593.73;27;147.41;0.26;28.55;373.83;17;92.82;0.19;28.55;395.82;18;98.28;0.21;28.55;590.43;27;144.54;0.24;28.15;747.66;34;185.63;0.30;28.55;1769.25;91;295.24;0.56;19.19;927.63;49;152.05;0.31;18.85;505.77;23;139.24;0.27;31.66;809.23;37;220.16;0.44;31.29;747.66;34;205.83;0.37;31.66;1784.75;103;205.94;0.35;13.27;642.61;33;126.95;0.23;22.72;1471.30;74;288.60;0.43;22.56;373.63;17;91.26;0.17;28.09;719.69;31;159.33;0.29;25.46;961.59;41;219.20;0.29;26.21;1029.17;43;254.10;0.43;28.39;1104.55;49;282.20;0.55;29.38;1005.18;42;242.05;0.47;27.69;597.35;25;142.74;0.29;27.48;862.44;36;190.40;0.32;25.39;334.66;14;73.41;0.13;25.22;1693.73;85;215.19;0.39;14.61;886.43;37;207.97;0.49;26.98;1055.56;44;269.63;0.50;29.37;95.96;4;26.02;0.05;31.19;923.38;37;213.79;0.40;26.63;1895.35;87;387.76;0.61;23.53;1170.61;55;217.90;0.37;21.41;1175.87;49;289.99;0.65;28.36;1067.75;44;228.25;0.47;24.58;1421.93;57;266.26;0.63;21.53;1340.71;54;234.44;0.48;20.11;1149.54;46;202.65;0.51;20.27;1298.49;51;228.91;0.51;20.27;620.77;23;116.58;0.27;21.60;1048.56;39;189.19;0.36;20.75;1033.81;39;169.24;0.35;18.83;1088.81;39;218.94;0.51;23.12;769.79;31;102.51;0.19;15.31
39896;BEACON MALLOW EGG LTHB;14;262846.23;3 017;44807.27;1.75;19.60;15378.71;229;692.63;1.39;5.18;34546.98;502;2359.93;3.96;7.86;0.00;0;0.00;0.00;0.00;0.00;0;0.00;0.00;0.00;0.00;0;0.00;0.00;0.00;0.00;0;0.00;0.00;0.00;0.00;0;0.00;0.00;0.00;0.00;0;0.00;0.00;0.00;0.00;0;0.00;0.00;0.00;0.00;0;0.00;0.00;0.00;4164.51;49;751.38;1.56;20.75;5864.31;69;1058.07;2.21;20.75;27906.15;385;1713.03;2.85;7.06;639.91;9;29.22;0.05;5.25;0.00;0;0.00;0.00;0.00;0.00;0;0.00;0.00;0.00;0.00;0;0.00;0.00;0.00;0.00;0;0.00;0.00;0.00;0.00;0;0.00;0.00;0.00;0.00;0;0.00;0.00;0.00;0.00;0;0.00;0.00;0.00;0.00;0;0.00;0.00;0.00;9499.05;95;2723.37;4.94;32.97;10498.95;105;3010.04;5.42;32.97;35957.61;389;7354.83;9.60;23.52;0.00;0;0.00;0.00;0.00;99.99;1;28.67;0.06;32.97;0.00;0;0.00;0.00;0.00;0.00;0;0.00;0.00;0.00;0.00;0;0.00;0.00;0.00;0.00;0;0.00;0.00;0.00;0.00;0;0.00;0.00;0.00;0.00;0;0.00;0.00;0.00;0.00;0;0.00;0.00;0.00;5294.47;53;1515.00;2.97;32.91;10448.95;105;2966.56;5.54;32.65;23804.97;253;4530.25;7.11;21.89;37505.10;390;8498.51;14.31;26.06;0.00;0;0.00;0.00;0.00;0.00;0;0.00;0.00;0.00;0.00;0;0.00;0.00;0.00;0.00;0;0.00;0.00;0.00;0.00;0;0.00;0.00;0.00;0.00;0;0.00;0.00;0.00;0.00;0;0.00;0.00;0.00;0.00;0;0.00;0.00;0.00;4211.61;39;815.27;1.70;22.26;6465.60;60;1140.02;2.63;20.28;30559.36;284;5620.47;10.59;21.15
40085;MINI DUMMIES;14;16800.50;8 202;6585.44;0.26;45.08;118.00;59;53.87;0.11;52.51;468.00;234;213.67;0.36;52.51;534.00;267;243.81;0.51;52.51;410.00;205;187.19;0.47;52.51;628.00;314;259.71;0.53;47.56;641.50;291;285.89;0.60;51.25;625.00;250;309.85;0.66;57.01;150.00;60;74.36;0.15;57.01;540.00;216;267.71;0.63;57.01;1105.00;515;471.57;0.83;49.08;68.00;34;26.61;0.06;45.00;0.00;0;0.00;0.00;0.00;428.00;214;167.48;0.28;45.00;360.00;180;140.87;0.23;45.00;314.00;157;122.87;0.23;45.00;88.00;44;34.44;0.07;45.00;30.00;15;11.74;0.02;45.00;0.00;0;0.00;0.00;0.00;720.00;360;281.75;0.50;45.00;16.00;8;6.26;0.01;45.00;162.00;81;63.39;0.11;45.00;212.00;106;82.96;0.12;45.00;2.00;1;0.78;0.00;45.00;0.00;0;0.00;0.00;0.00;398.00;199;155.74;0.20;45.00;2.00;1;0.78;0.00;45.00;0.00;0;0.00;0.00;0.00;0.00;0;0.00;0.00;0.00;994.00;497;388.97;0.78;45.00;579.20;290;226.27;0.38;44.93;790.00;395;274.77;0.48;40.00;160.00;80;55.65;0.10;40.00;0.00;0;0.00;0.00;0.00;152.00;76;52.87;0.10;40.00;0.00;0;0.00;0.00;0.00;672.00;336;233.73;0.44;40.00;830.00;415;288.69;0.45;40.00;650.00;325;226.08;0.38;40.00;494.00;247;171.82;0.39;40.00;416.00;208;144.69;0.30;40.00;12.00;6;4.17;0.01;40.00;250.00;125;86.95;0.18;40.00;147.90;74;51.39;0.13;39.96;384.00;192;133.56;0.30;40.00;220.00;110;76.52;0.18;40.00;593.90;297;206.52;0.40;39.99;538.00;269;187.12;0.39;40.00;410.00;205;142.60;0.33;40.00;488.00;244;169.73;0.32;40.00
41586;CADBURY MALLOW EGG FLUFFIES;14;49330.30;19 844;10298.33;0.40;24.01;5117.54;1 908;1311.21;2.64;29.47;28980.06;12 536;4627.90;7.77;18.36;0.00;0;0.00;0.00;0.00;0.00;0;0.00;0.00;0.00;0.00;0;0.00;0.00;0.00;0.00;0;0.00;0.00;0.00;0.00;0;0.00;0.00;0.00;0.00;0;0.00;0.00;0.00;0.00;0;0.00;0.00;0.00;0.00;0;0.00;0.00;0.00;758.91;270;215.59;0.45;32.67;1614.81;570;466.15;0.97;33.20;4071.02;1 440;1170.26;1.95;33.06;8787.96;3 120;2507.22;4.04;32.81;0.00;0;0.00;0.00;0.00;0.00;0;0.00;0.00;0.00;0.00;0;0.00;0.00;0.00;0.00;0;0.00;0.00;0.00;0.00;0;0.00;0.00;0.00;0.00;0;0.00;0.00;0.00;0.00;0;0.00;0.00;0.00;0.00;0;0.00;0.00;0.00;0.00;0;0.00;0.00;0.00;0.00;0;0.00;0.00;0.00;0.00;0;0.00;0.00;0.00;0.00;0;0.00;0.00;0.00;0.00;0;0.00;0.00;0.00;0.00;0;0.00;0.00;0.00;0.00;0;0.00;0.00;0.00;0.00;0;0.00;0.00;0.00;0.00;0;0.00;0.00;0.00;0.00;0;0.00;0.00;0.00;0.00;0;0.00;0.00;0.00;0.00;0;0.00;0.00;0.00;0.00;0;0.00;0.00;0.00;0.00;0;0.00;0.00;0.00;0.00;0;0.00;0.00;0.00;0.00;0;0.00;0.00;0.00;0.00;0;0.00;0.00;0.00;0.00;0;0.00;0.00;0.00;0.00;0;0.00;0.00;0.00;0.00;0;0.00;0.00;0.00;0.00;0;0.00;0.00;0.00;0.00;0;0.00;0.00;0.00;0.00;0;0.00;0.00;0.00;0.00;0;0.00;0.00;0.00;0.00;0;0.00;0.00;0.00;0.00;0;0.00;0.00;0.00;0.00;0;0.00;0.00;0.00
42621;SPOOKIES CHIPS SWEET CHILLIE;14;11112.44;2 242;4473.00;0.18;46.29;133.00;38;35.80;0.07;30.95;198.66;52;58.40;0.10;33.81;206.30;50;67.07;0.14;37.39;184.38;37;77.21;0.19;48.16;304.14;61;127.44;0.26;48.19;129.74;26;54.41;0.11;48.23;220.63;37;108.74;0.23;56.68;319.11;64;133.72;0.27;48.19;329.09;66;137.90;0.33;48.19;0.00;0;0.00;0.00;0.00;0.00;0;0.00;0.00;0.00;0.00;0;0.00;0.00;0.00;0.00;0;0.00;0.00;0.00;0.00;0;0.00;0.00;0.00;0.00;0;0.00;0.00;0.00;0.00;0;0.00;0.00;0.00;359.03;72;150.46;0.29;48.19;523.20;105;219.08;0.44;48.16;349.05;70;146.27;0.26;48.19;199.10;40;83.27;0.14;48.10;304.39;61;127.66;0.23;48.23;133.98;27;55.85;0.08;47.94;249.25;50;102.91;0.19;47.48;209.58;42;84.87;0.15;46.57;359.28;72;145.50;0.19;46.57;244.26;49;98.80;0.17;46.52;299.15;60;121.03;0.24;46.53;269.46;54;109.12;0.21;46.57;324.35;65;131.35;0.26;46.57;385.28;72;168.11;0.29;50.18;359.28;72;145.50;0.26;46.57;214.57;43;86.90;0.16;46.57;124.50;25;50.30;0.12;46.46;199.60;40;78.28;0.14;45.10;289.42;58;112.97;0.22;44.89;249.50;50;97.39;0.18;44.89;309.38;62;120.77;0.19;44.89;309.38;62;120.77;0.20;44.89;324.35;65;126.61;0.28;44.89;223.80;45;87.00;0.18;44.71;483.28;97;188.29;0.44;44.80;294.41;59;114.92;0.23;44.89;349.30;70;136.35;0.34;44.89;259.48;52;101.29;0.23;44.89;283.99;51;124.99;0.29;50.61;139.72;28;54.54;0.10;44.89;219.56;44;85.70;0.18;44.89;124.75;25;48.70;0.11;44.89;119.76;24;46.75;0.09;44.89
43228;LAYS ARGENTINIAN P/STEAK;14;36680.42;1 776;3331.44;0.13;10.44;3359.86;199;219.64;0.44;7.52;0.00;0;0.00;0.00;0.00;0.00;0;0.00;0.00;0.00;0.00;0;0.00;0.00;0.00;0.00;0;0.00;0.00;0.00;0.00;0;0.00;0.00;0.00;0.00;0;0.00;0.00;0.00;0.00;0;0.00;0.00;0.00;0.00;0;0.00;0.00;0.00;0.00;0;0.00;0.00;0.00;0.00;0;0.00;0.00;0.00;0.00;0;0.00;0.00;0.00;0.00;0;0.00;0.00;0.00;0.00;0;0.00;0.00;0.00;0.00;0;0.00;0.00;0.00;0.00;0;0.00;0.00;0.00;0.00;0;0.00;0.00;0.00;0.00;0;0.00;0.00;0.00;0.00;0;0.00;0.00;0.00;0.00;0;0.00;0.00;0.00;0.00;0;0.00;0.00;0.00;0.00;0;0.00;0.00;0.00;0.00;0;0.00;0.00;0.00;0.00;0;0.00;0.00;0.00;0.00;0;0.00;0.00;0.00;0.00;0;0.00;0.00;0.00;0.00;0;0.00;0.00;0.00;0.00;0;0.00;0.00;0.00;0.00;0;0.00;0.00;0.00;0.00;0;0.00;0.00;0.00;0.00;0;0.00;0.00;0.00;0.00;0;0.00;0.00;0.00;0.00;0;0.00;0.00;0.00;0.00;0;0.00;0.00;0.00;0.00;0;0.00;0.00;0.00;0.00;0;0.00;0.00;0.00;3001.89;132;556.02;0.87;21.30;167.93;7;36.66;0.06;25.11;2503.58;120;317.44;0.71;14.58;1748.58;80;205.35;0.42;13.51;3109.45;147;354.18;0.83;13.10;2049.23;91;273.46;0.56;15.35;4045.06;213;-16.89;-0.04;-0.48;2823.64;134;244.95;0.54;9.98;3375.91;167;159.20;0.36;5.42;4418.67;219;177.49;0.34;4.62;2470.97;103;444.11;0.93;20.67;1978.90;91;174.16;0.40;10.12;1626.75;73;185.65;0.35;13.12
43674;DORITOS SUPREME CHEESE;14;109052.80;5 067;16372.41;0.64;17.27;1301.38;62;301.02;0.61;26.60;1573.20;75;351.75;0.59;25.71;2543.70;140;320.33;0.67;14.48;2409.19;127;374.10;0.94;17.86;2860.83;133;685.53;1.40;27.56;1768.39;87;307.86;0.65;20.02;1913.13;87;399.90;0.85;24.04;1759.20;80;367.72;0.73;24.04;1696.07;83;269.26;0.64;18.26;2795.59;131;528.16;0.93;21.73;2482.67;113;517.50;1.08;23.97;2154.95;95;437.80;0.91;23.36;1539.18;67;322.40;0.54;24.09;1171.34;51;247.07;0.40;24.26;1973.50;100;174.84;0.33;10.19;1816.57;89;213.12;0.43;13.49;1899.10;89;289.16;0.55;17.51;1033.66;48;174.04;0.35;19.36;1448.37;63;351.78;0.63;27.93;1563.32;68;358.13;0.61;26.34;1539.18;67;328.35;0.59;24.53;1747.24;76;362.27;0.54;23.84;689.70;30;143.00;0.26;23.84;581.60;25;107.06;0.19;21.17;1559.35;65;322.39;0.42;23.78;3568.60;167;428.92;0.73;13.82;3932.62;197;272.58;0.53;7.97;1270.27;53;266.72;0.51;24.15;2821.64;139;309.53;0.62;12.62;1151.29;56;150.95;0.26;15.08;1289.97;54;321.44;0.56;28.66;1199.50;50;470.83;0.86;45.14;2433.50;117;231.36;0.54;10.93;2135.11;89;440.30;0.81;23.72;1871.22;78;408.11;0.80;25.08;1343.44;56;271.21;0.51;23.22;2566.23;117;367.34;0.58;16.46;3430.83;163;361.34;0.61;12.11;6388.04;317;457.08;1.03;8.23;2854.26;134;371.63;0.76;14.97;5911.09;311;66.47;0.16;1.29;1821.27;82;204.25;0.42;12.90;1676.36;78;158.95;0.40;10.90;1627.72;68;275.06;0.61;19.43;3480.69;153;461.12;1.06;15.24;2902.79;121;520.17;1.00;20.61;2829.62;118;530.28;1.11;21.55;1957.19;81;377.17;0.87;22.16;4769.14;217;395.09;0.74;9.53
43675;DORITOS SWT CHILLI PEPPER;14;237869.15;10 850;40336.19;1.58;19.50;4407.90;210;1035.56;2.08;27.02;3777.15;180;845.48;1.42;25.74;6740.85;357;1050.68;2.19;17.92;6382.89;324;1160.14;2.91;20.90;6372.19;294;1557.33;3.17;28.11;4475.38;215;842.93;1.78;21.66;4901.57;223;1023.11;2.17;24.00;2572.83;117;537.79;1.07;24.04;3402.36;164;576.44;1.36;19.48;4428.63;207;844.26;1.49;21.92;3914.22;178;818.18;1.70;24.04;3924.17;173;803.00;1.68;23.53;3332.40;145;701.63;1.17;24.21;3401.37;148;705.85;1.14;23.86;4859.94;234;630.69;1.19;14.92;6072.85;282;966.84;1.94;18.31;6933.93;317;1185.85;2.27;19.67;4987.80;233;824.56;1.64;19.01;5535.99;241;1350.23;2.40;28.05;5306.09;231;1161.59;1.97;25.18;4501.44;196;960.77;1.73;24.55;5954.41;259;1234.55;1.85;23.84;4023.25;175;834.13;1.51;23.84;3638.44;156;698.81;1.26;22.09;4412.96;184;904.40;1.18;23.57;6458.24;299;831.53;1.41;14.81;7627.02;381;545.68;1.07;8.23;3790.42;158;789.60;1.52;23.96;4414.90;212;569.95;1.15;14.85;4844.32;218;940.09;1.60;22.32;3447.64;152;888.66;1.56;29.64;2419.39;101;559.85;1.02;26.61;4080.09;194;430.86;1.01;12.14;4149.07;173;863.63;1.60;23.94;4604.88;192;1011.02;1.98;25.25;3309.42;138;676.99;1.26;23.52;3985.53;174;737.04;1.16;21.27;4101.66;191;410.48;0.69;11.51;6471.58;311;752.58;1.69;13.37;5113.86;236;741.61;1.52;16.68;10131.98;523;255.14;0.60;2.90;5584.05;248;678.88;1.39;13.98;4262.12;194;512.73;1.28;13.83;3333.41;139;566.47;1.26;19.54;4990.05;211;813.72;1.86;18.75;5349.77;223;937.80;1.80;20.16;4965.93;207;1011.79;2.11;23.43;4265.59;176;778.13;1.80;20.98;7907.22;356;777.14;1.46;11.30
43679;DORITOS SWT CHILLI PEPPER;14;56665.23;1 944;11460.88;0.45;23.26;337.87;13;66.30;0.13;22.57;1920.67;74;375.15;0.63;22.46;1091.58;42;226.45;0.47;23.86;623.76;24;122.40;0.31;22.57;1169.55;45;229.50;0.47;22.57;1422.09;51;311.43;0.66;25.18;1567.44;56;345.66;0.73;25.36;2015.28;72;444.41;0.89;25.36;1116.80;40;244.46;0.58;25.17;1287.54;46;283.93;0.50;25.36;559.80;20;123.45;0.26;25.36;1143.60;40;234.77;0.49;23.61;1042.19;36;202.75;0.34;22.37;1042.19;36;202.75;0.33;22.37;347.88;12;68.00;0.13;22.48;0.00;0;0.00;0.00;0.00;344.98;12;65.48;0.13;21.83;695.76;24;136.01;0.27;22.48;1036.39;36;197.71;0.35;21.94;713.76;24;151.66;0.26;24.44;719.76;24;156.88;0.28;25.07;2243.25;75;485.02;0.73;24.86;269.91;9;58.83;0.11;25.07;2157.78;72;426.83;0.77;22.75;2249.25;75;455.34;0.59;23.28;2819.06;94;549.88;0.93;22.43;2151.78;72;413.11;0.81;22.08;2037.82;68;395.02;0.76;22.29;1917.86;64;371.70;0.75;22.29;2189.27;73;425.46;0.72;22.35;1739.42;58;393.73;0.69;26.03;718.26;24;138.57;0.25;22.19;1319.56;44;337.44;0.79;29.41;1559.48;52;303.07;0.56;22.35;719.76;24;139.88;0.27;22.35;1286.57;43;248.01;0.46;22.17;479.84;16;94.26;0.15;22.59;1108.14;37;214.35;0.36;22.24;149.95;5;29.14;0.07;22.35;1259.58;42;244.79;0.50;22.35;359.88;12;69.94;0.16;22.35;719.76;24;139.88;0.29;22.35;599.80;20;116.57;0.29;22.35;806.73;27;154.75;0.34;22.06;956.68;32;183.90;0.42;22.11;1589.47;53;308.90;0.59;22.35;1498.00;50;290.11;0.60;22.27;1019.66;34;178.83;0.41;20.17;539.82;18;104.41;0.20;22.24
43802;S/BIGGLEY CHEESE & CHIVE;14;24310.66;1 750;6078.20;0.24;28.75;329.67;33;90.49;0.18;31.56;479.52;48;131.62;0.22;31.56;626.88;52;158.02;0.33;28.99;370.49;31;87.35;0.22;27.11;731.39;61;173.93;0.35;27.35;461.62;38;110.95;0.23;27.64;475.66;34;155.20;0.33;37.52;489.65;35;160.67;0.32;37.73;223.84;16;63.97;0.15;32.86;461.67;33;123.04;0.22;30.65;404.31;29;106.91;0.22;30.41;307.08;22;81.42;0.17;30.49;487.55;35;128.67;0.21;30.35;488.95;35;129.89;0.21;30.55;363.04;26;96.33;0.18;30.52;434.71;29;115.85;0.23;30.65;838.69;56;223.06;0.43;30.59;404.73;27;107.86;0.21;30.65;239.84;16;63.92;0.11;30.65;478.93;32;127.18;0.22;30.54;448.95;30;119.19;0.21;30.53;643.82;43;171.12;0.26;30.57;689.54;46;183.76;0.33;30.65;448.95;30;119.19;0.21;30.53;808.71;54;215.07;0.28;30.58;494.67;33;133.90;0.23;31.13;722.91;58;119.30;0.23;18.98;959.39;72;189.84;0.37;22.76;1013.22;78;175.94;0.35;19.97;59.96;4;15.98;0.03;30.65;179.88;12;47.94;0.08;30.65;314.04;21;83.24;0.15;30.48;254.08;17;67.26;0.16;30.44;224.10;15;59.27;0.11;30.42;403.98;27;107.21;0.21;30.52;509.66;34;135.82;0.25;30.65;493.92;33;131.18;0.21;30.54;344.77;23;91.88;0.15;30.65;876.87;66;165.86;0.37;21.75;997.76;73;207.70;0.43;23.94;808.83;57;188.05;0.44;26.74;572.65;39;145.40;0.30;29.20;584.61;39;155.80;0.39;30.65;654.31;44;171.21;0.38;30.09;401.73;27;103.79;0.24;29.71;254.08;17;65.71;0.13;29.74;343.27;23;88.48;0.18;29.64;179.88;12;46.84;0.11;29.95;523.90;35;135.97;0.26;29.85
43944;DORITOS S/CRM & M/CHILLI;14;117580.22;5 370;20444.16;0.80;20.00;1196.43;57;282.25;0.57;27.13;1678.15;80;375.26;0.63;25.72;2314.36;123;356.68;0.74;17.72;2061.40;106;356.22;0.89;19.87;2125.14;99;506.50;1.03;27.41;2551.11;122;487.16;1.03;21.96;1846.06;84;385.15;0.82;23.99;2616.81;119;546.99;1.09;24.04;1227.40;60;195.80;0.46;18.34;1378.24;66;239.81;0.42;20.01;879.60;40;183.86;0.38;24.04;1349.41;59;271.68;0.57;23.15;965.58;42;200.11;0.33;23.83;919.60;40;495.17;0.80;61.92;1972.51;96;241.88;0.46;14.10;2406.11;109;427.77;0.86;20.45;2456.19;114;391.96;0.75;18.35;2174.72;98;433.26;0.86;22.91;2023.12;88;691.09;1.23;39.28;1218.47;53;293.83;0.50;27.73;1903.57;83;741.77;1.33;44.81;2665.69;116;551.94;0.83;23.81;1326.52;58;270.47;0.49;23.45;1419.39;61;264.03;0.48;21.39;1959.98;82;404.76;0.53;23.75;3096.00;142;417.53;0.71;15.51;3441.50;168;308.79;0.61;10.32;2351.02;98;492.04;0.95;24.07;3546.60;165;543.91;1.10;17.64;3382.96;152;669.22;1.14;22.75;2723.05;119;598.29;1.05;25.27;2564.53;107;1136.96;2.07;50.98;2642.20;119;630.82;1.48;27.46;3286.63;137;677.96;1.25;23.72;3046.73;127;657.57;1.29;24.82;2207.08;92;450.61;0.84;23.48;3271.12;146;516.53;0.81;18.16;3266.50;156;275.52;0.46;9.70;6015.54;298;451.07;1.01;8.62;2793.88;129;387.89;0.79;15.97;6315.03;330;96.19;0.23;1.75;2770.17;124;318.34;0.65;13.22;2247.72;103;238.66;0.60;12.21;1894.01;79;321.27;0.71;19.51;3573.70;158;455.73;1.04;14.67;2854.81;119;492.98;0.94;19.86;863.64;36;148.99;0.31;19.84;1571.95;65;282.49;0.65;20.67;3218.29;146;279.41;0.53;9.98
44620;DIDDLE DADDLE CARAMEL;14;29804.60;3 485;7029.60;0.28;27.12;342.51;49;72.23;0.15;24.25;494.89;71;103.44;0.17;24.04;622.11;89;131.19;0.27;24.25;796.16;114;167.43;0.42;24.18;411.71;59;87.33;0.18;24.39;468.33;67;98.76;0.21;24.25;537.21;74;105.35;0.22;22.55;470.61;59;110.54;0.22;27.01;526.14;66;123.39;0.29;26.97;407.49;51;96.15;0.17;27.14;630.41;79;148.25;0.31;27.04;631.21;79;148.94;0.31;27.14;733.88;92;172.41;0.29;27.02;799.06;94;199.83;0.32;28.76;836.07;93;221.33;0.42;30.44;907.99;101;240.37;0.48;30.44;863.04;96;229.12;0.44;30.53;744.82;83;196.36;0.39;30.32;854.05;95;226.09;0.40;30.44;826.63;92;218.65;0.37;30.42;808.65;90;213.86;0.38;30.41;700.32;78;184.92;0.28;30.37;520.07;58;136.91;0.25;30.27;457.14;51;120.26;0.22;30.25;341.17;38;90.09;0.12;30.37;599.18;67;145.41;0.25;27.91;521.42;58;122.90;0.24;27.11;467.48;52;109.73;0.21;26.99;538.50;60;125.83;0.25;26.87;708.86;79;165.51;0.28;26.85;458.04;51;107.23;0.19;26.92;377.13;42;89.76;0.16;27.37;620.31;69;145.60;0.34;26.99;448.60;50;110.00;0.20;28.20;681.89;76;161.77;0.32;27.28;251.72;28;58.54;0.11;26.74;619.41;69;132.34;0.21;24.57;755.16;84;172.01;0.29;26.19;683.24;76;158.87;0.36;26.74;755.16;84;179.26;0.37;27.30;430.62;48;101.65;0.24;27.15;845.06;94;181.23;0.37;24.66;646.83;72;138.43;0.35;24.61;798.31;89;171.05;0.38;24.64;503.44;56;107.97;0.25;24.66;808.65;90;173.14;0.33;24.62;692.23;77;148.46;0.31;24.66;430.17;48;94.51;0.22;25.27;431.52;48;85.20;0.16;22.71
46718;NESTLE BAR ONE;14;55067.98;2 982;13900.68;0.54;29.03;0.00;0;0.00;0.00;0.00;696.59;41;191.71;0.32;31.65;814.67;48;223.70;0.47;31.58;594.65;35;163.66;0.41;31.65;1274.25;75;350.69;0.71;31.65;1528.25;90;420.09;0.89;31.61;1682.01;99;462.92;0.98;31.65;1951.30;115;535.51;1.07;31.56;1730.43;102;474.73;1.12;31.55;2207.85;130;607.13;1.07;31.62;2037.10;120;559.63;1.16;31.59;2343.77;138;644.54;1.35;31.63;2207.85;130;607.13;1.01;31.62;2735.47;153;755.37;1.22;31.76;2390.87;133;632.13;1.19;30.41;989.45;55;261.44;0.52;30.39;1942.02;108;512.59;0.98;30.35;680.92;38;178.28;0.35;30.11;457.95;25;125.97;0.22;31.63;227.88;12;67.48;0.11;34.05;132.93;7;39.36;0.07;34.05;321.88;17;94.77;0.14;33.86;189.90;10;55.44;0.10;33.57;417.78;22;106.28;0.19;29.26;339.92;18;85.31;0.11;28.86;728.62;38;189.67;0.32;29.94;497.75;25;140.78;0.28;32.52;675.66;34;190.34;0.37;32.40;555.72;28;143.76;0.29;29.75;739.63;37;192.61;0.33;29.95;2530.73;127;654.16;1.15;29.73;1835.08;92;475.44;0.87;29.79;759.62;38;197.81;0.46;29.95;677.66;34;175.25;0.32;29.74;638.68;32;165.71;0.32;29.84;1555.22;78;363.95;0.68;26.91;2216.89;111;521.14;0.82;27.03;1115.44;56;260.32;0.44;26.84;1018.49;51;239.37;0.54;27.03;1118.44;56;262.92;0.54;27.03;802.51;39;153.43;0.36;21.99;1059.47;53;181.45;0.37;19.70;739.63;37;126.67;0.32;19.70;1436.29;71;257.86;0.57;20.65;1233.38;62;207.05;0.47;19.30;798.60;40;136.07;0.26;19.60;1019.49;51;174.60;0.36;19.70;459.77;23;108.34;0.25;27.10;959.52;48;226.11;0.43;27.10
46719;NESTLE BAR ONE;14;667029.21;57 162;117461.77;4.60;20.25;12253.14;1 332;1583.88;3.19;14.87;15373.09;1 608;2360.74;3.97;17.66;12807.65;1 249;2750.81;5.74;24.70;15426.55;1 689;1947.62;4.88;14.52;14883.75;1 494;2264.35;4.61;17.50;13616.17;1 314;2420.94;5.10;20.45;15767.34;1 436;3351.96;7.09;24.45;16886.07;1 612;3193.20;6.37;21.75;12990.04;1 256;2246.69;5.31;19.89;14890.81;1 335;3432.65;6.05;26.51;17106.58;1 621;3009.25;6.26;20.23;15347.59;1 324;3614.23;7.54;27.08;17666.04;1 669;3280.41;5.45;21.35;18627.02;1 727;3697.27;5.96;22.83;20604.76;2 025;3488.43;6.59;19.47;16674.39;1 627;2706.49;5.43;18.67;17234.05;1 584;3523.42;6.75;23.51;8658.84;732;2026.56;4.02;26.92;18639.91;1 685;2971.53;5.29;18.33;16322.23;1 461;2755.69;4.67;19.42;18896.51;1 745;2865.13;5.15;17.44;16366.34;1 411;3017.17;4.53;21.20;12936.59;1 081;2580.67;4.68;22.94;10820.03;787;2610.59;4.70;27.75;11364.26;846;2631.01;3.44;26.62;13237.57;1 005;3082.60;5.23;26.78;15406.61;1 284;2613.99;5.12;19.51;16070.73;1 265;3229.19;6.23;23.11;17973.41;1 459;2814.00;5.68;18.00;13665.21;1 037;2643.02;4.49;22.24;8695.22;618;2054.62;3.61;27.17;11808.76;904;2216.67;4.04;21.59;12279.14;1 024;1553.59;3.64;14.55;13557.64;1 111;1949.93;3.60;16.54;8007.65;535;2101.28;4.12;30.18;8249.23;566;1850.01;3.45;25.79;10280.01;715;2214.56;3.48;24.77;12596.91;1 006;1492.40;2.51;13.62;15993.73;1 321;1223.41;2.75;8.80;10463.14;765;1607.35;3.29;17.67;14466.10;1 060;1999.48;4.69;15.90;13733.12;974;2261.92;4.62;18.94;8116.72;571;1318.59;3.29;18.68;11393.66;848;1257.11;2.79;12.69;10154.87;773;974.77;2.23;11.04;11625.87;897;847.31;1.62;8.38;8952.79;561;2104.32;4.39;27.03;8310.20;554;1698.50;3.92;23.50;9831.17;659;2022.47;3.81;23.66
47069;BEACON MALLOW EGG;14;25164.99;8 425;21882.60;0.86;100.00;9644.67;3 229;8386.67;16.87;100.00;10360.93;3 469;9009.50;15.14;100.00;0.00;0;0.00;0.00;0.00;0.00;0;0.00;0.00;0.00;0.00;0;0.00;0.00;0.00;0.00;0;0.00;0.00;0.00;0.00;0;0.00;0.00;0.00;0.00;0;0.00;0.00;0.00;0.00;0;0.00;0.00;0.00;0.00;0;0.00;0.00;0.00;0.00;0;0.00;0.00;0.00;0.00;0;0.00;0.00;0.00;0.00;0;0.00;0.00;0.00;0.00;0;0.00;0.00;0.00;0.00;0;0.00;0.00;0.00;0.00;0;0.00;0.00;0.00;0.00;0;0.00;0.00;0.00;0.00;0;0.00;0.00;0.00;0.00;0;0.00;0.00;0.00;0.00;0;0.00;0.00;0.00;0.00;0;0.00;0.00;0.00;0.00;0;0.00;0.00;0.00;107.64;36;93.60;0.17;100.00;1376.59;461;1197.03;2.15;100.00;3672.17;1 229;3193.19;4.17;100.00;0.00;0;0.00;0.00;0.00;2.99;1;2.60;0.01;100.00;0.00;0;0.00;0.00;0.00;0.00;0;0.00;0.00;0.00;0.00;0;0.00;0.00;0.00;0.00;0;0.00;0.00;0.00;0.00;0;0.00;0.00;0.00;0.00;0;0.00;0.00;0.00;0.00;0;0.00;0.00;0.00;0.00;0;0.00;0.00;0.00;0.00;0;0.00;0.00;0.00;0.00;0;0.00;0.00;0.00;0.00;0;0.00;0.00;0.00;0.00;0;0.00;0.00;0.00;0.00;0;0.00;0.00;0.00;0.00;0;0.00;0.00;0.00;0.00;0;0.00;0.00;0.00;0.00;0;0.00;0.00;0.00;0.00;0;0.00;0.00;0.00;0.00;0;0.00;0.00;0.00;0.00;0;0.00;0.00;0.00;0.00;0;0.00;0.00;0.00;0.00;0;0.00;0.00;0.00;0.00;0;0.00;0.00;0.00
47086;NIKNAKS BEEF BBQ;14;23106.51;1 626;4204.19;0.16;20.92;0.00;0;0.00;0.00;0.00;0.00;0;0.00;0.00;0.00;0.00;0;0.00;0.00;0.00;81.99;8;-0.30;-0.00;-0.41;777.75;65;101.53;0.21;15.01;1073.72;90;176.76;0.37;18.93;670.82;48;147.91;0.31;25.36;750.66;59;187.79;0.37;28.77;636.97;49;114.48;0.27;20.67;209.85;15;46.11;0.08;25.27;461.67;33;101.45;0.21;25.27;328.08;22;69.88;0.15;24.49;494.67;33;108.99;0.18;25.34;779.48;52;175.66;0.28;25.92;599.60;40;129.57;0.24;24.85;524.65;35;115.93;0.23;25.41;671.36;46;135.02;0.26;23.13;432.27;30;100.66;0.20;26.78;597.35;40;135.12;0.24;26.01;689.54;46;159.46;0.27;26.59;584.61;39;158.45;0.28;31.17;464.69;31;100.42;0.15;24.85;508.16;34;112.47;0.20;25.45;852.84;66;58.54;0.11;7.89;749.93;47;164.62;0.21;25.24;511.68;32;111.76;0.19;25.12;399.75;25;85.68;0.17;24.65;719.23;50;103.19;0.20;16.50;915.59;61;164.14;0.33;20.62;1036.49;68;195.88;0.33;21.73;638.80;40;148.76;0.26;26.78;510.88;32;111.02;0.20;24.99;415.74;26;89.10;0.21;24.65;573.24;36;123.06;0.23;24.69;685.88;50;78.82;0.15;13.22;0.00;0;0.00;0.00;0.00;0.00;0;0.00;0.00;0.00;0.00;0;0.00;0.00;0.00;0.00;0;0.00;0.00;0.00;854.08;63;93.83;0.19;12.63;658.19;44;119.34;0.28;20.85;1137.87;90;52.84;0.11;5.34;915.51;68;94.71;0.24;11.90;176.93;12;28.12;0.06;18.28;15.99;1;3.43;0.01;24.65;0.00;0;0.00;0.00;0.00;0.00;0;0.00;0.00;0.00;0.00;0;0.00;0.00;0.00;0.00;0;0.00;0.00;0.00
47087;NIKNAKS SWEET CHILLI;14;24119.26;1 693;4589.67;0.18;21.88;0.00;0;0.00;0.00;0.00;263.78;22;46.01;0.08;20.06;623.48;52;122.73;0.26;22.64;755.62;68;100.77;0.25;15.34;898.23;73;147.11;0.30;18.84;990.04;83;153.22;0.32;17.80;768.75;55;170.71;0.36;25.54;730.58;55;152.79;0.30;24.05;554.69;42;105.61;0.25;21.90;223.84;16;49.19;0.09;25.27;209.85;15;46.11;0.10;25.27;314.79;21;68.57;0.14;25.05;419.72;28;93.74;0.16;25.68;524.65;35;118.47;0.19;25.97;374.75;25;80.98;0.15;24.85;509.66;34;112.87;0.23;25.47;482.22;33;98.25;0.19;23.43;469.72;32;112.82;0.22;27.62;583.11;39;186.07;0.33;36.70;823.70;55;180.01;0.30;25.13;344.77;23;74.96;0.13;25.00;629.58;42;136.05;0.20;24.85;538.14;36;117.13;0.21;25.03;677.86;52;50.66;0.09;8.60;718.75;45;155.94;0.20;24.95;143.91;9;30.84;0.05;24.65;526.07;33;111.70;0.22;24.42;814.37;56;124.06;0.24;17.52;701.85;46;132.71;0.27;21.74;786.63;52;145.48;0.25;21.27;638.00;40;144.43;0.25;26.03;414.94;26;91.00;0.17;25.22;543.66;34;116.52;0.27;24.65;239.85;15;51.95;0.10;24.91;552.89;40;67.13;0.13;13.96;894.23;64;116.83;0.22;15.02;271.83;17;61.40;0.10;25.98;127.92;8;27.42;0.05;24.65;319.80;20;68.72;0.15;24.71;590.85;42;80.62;0.17;15.69;702.76;44;162.38;0.38;26.57;761.75;56;80.03;0.16;12.08;306.41;22;38.31;0.10;14.38;0.00;0;0.00;0.00;0.00;0.00;0;0.00;0.00;0.00;607.62;38;130.23;0.25;24.65;743.64;50;127.14;0.27;19.66;0.00;0;0.00;0.00;0.00;0.00;0;0.00;0.00;0.00
47089;NIKNAKS CHEESE;14;27973.52;3 718;7532.43;0.29;30.97;0.00;0;0.00;0.00;0.00;202.36;29;50.60;0.09;28.76;789.87;113;201.60;0.42;29.35;517.26;74;129.90;0.33;28.88;474.27;68;118.45;0.24;28.72;188.38;27;47.09;0.10;28.75;740.59;106;185.76;0.39;28.85;984.54;141;246.59;0.49;28.80;978.60;140;245.75;0.58;28.88;594.15;85;149.21;0.26;28.88;503.28;72;126.39;0.26;28.88;650.07;93;163.25;0.34;28.88;753.87;108;189.31;0.31;28.88;551.86;79;139.23;0.22;29.01;859.07;123;215.30;0.41;28.82;488.60;70;122.27;0.25;28.78;782.88;112;165.35;0.32;24.29;745.83;107;152.56;0.30;23.52;740.59;106;152.64;0.27;23.70;700.37;93;177.93;0.30;29.22;858.92;108;246.26;0.44;32.97;511.36;64;148.00;0.22;33.28;639.20;80;184.99;0.34;33.28;638.00;80;183.95;0.33;33.16;478.20;60;139.32;0.18;33.51;717.10;90;207.31;0.35;33.25;1115.00;140;320.61;0.63;33.07;732.68;92;210.66;0.41;33.06;453.43;57;130.07;0.26;32.99;829.76;104;239.45;0.41;33.19;764.64;96;227.55;0.40;34.22;1093.83;137;316.11;0.58;33.23;860.52;108;247.66;0.58;33.10;735.08;92;212.74;0.39;33.28;581.27;73;167.07;0.33;33.05;734.68;92;212.86;0.40;33.32;852.13;107;250.09;0.39;33.75;63.92;8;18.50;0.03;33.28;191.76;24;55.50;0.12;33.28;159.80;20;46.25;0.09;33.28;119.85;15;34.69;0.08;33.28;255.68;32;74.00;0.15;33.28;311.61;39;90.18;0.22;33.28;518.95;65;149.96;0.33;33.23;311.61;39;90.18;0.21;33.28;255.28;32;73.65;0.14;33.18;327.59;41;94.81;0.20;33.28;351.56;44;101.75;0.24;33.28;263.67;33;79.09;0.15;34.50
47246;SIMBA ZINGER WINGS;14;94951.36;5 582;12187.81;0.48;14.76;1151.36;64;250.55;0.50;25.02;5765.13;387;405.27;0.68;8.08;6062.16;375;852.07;1.78;16.16;5308.59;339;594.65;1.49;12.88;3542.07;214;447.61;0.91;14.53;2694.00;153;439.67;0.93;18.77;3213.24;194;346.64;0.73;12.41;1916.22;107;325.61;0.65;19.54;3487.39;215;324.30;0.77;10.69;4752.84;286;536.82;0.95;12.99;3280.94;188;498.25;1.04;17.46;2622.89;139;456.02;0.95;19.99;4249.06;252;578.35;0.96;15.65;4155.87;237;540.08;0.87;14.95;3273.95;185;389.04;0.73;13.67;3725.98;229;266.52;0.53;8.23;3287.29;194;348.58;0.67;12.19;3530.47;213;447.95;0.89;14.59;1609.30;99;235.53;0.42;16.83;479.76;24;134.89;0.23;32.33;1593.45;88;506.48;0.91;36.55;2483.55;144;244.61;0.37;11.33;2098.95;105;457.30;0.83;25.06;2396.13;129;400.72;0.72;19.23;1499.25;75;313.23;0.41;24.03;870.86;52;68.93;0.12;9.10;1375.50;76;201.97;0.40;16.89;1444.72;87;101.78;0.20;8.10;1350.14;73;203.04;0.41;17.29;850.25;44;136.81;0.23;18.50;1178.55;66;132.45;0.23;12.92;927.76;52;92.79;0.17;11.50;1551.88;94;53.92;0.13;4.00;3239.29;183;426.81;0.79;15.15;1720.35;99;131.87;0.26;8.82;1232.68;68;128.95;0.24;12.03;1029.54;53;167.75;0.26;18.74;0.00;0;0.00;0.00;0.00;0.00;0;0.00;0.00;0.00;0.00;0;0.00;0.00;0.00;0.00;0;0.00;0.00;0.00;0.00;0;0.00;0.00;0.00;0.00;0;0.00;0.00;0.00;0.00;0;0.00;0.00;0.00;0.00;0;0.00;0.00;0.00;0.00;0;0.00;0.00;0.00;0.00;0;0.00;0.00;0.00;0.00;0;0.00;0.00;0.00;0.00;0;0.00;0.00;0.00
47779;LAYS FRENCH GARLIC BAGUET;14;70131.83;3 521;9140.52;0.36;14.99;0.00;0;0.00;0.00;0.00;3457.27;173;588.63;0.99;19.58;4296.85;215;759.22;1.58;20.32;2497.75;125;418.91;1.05;19.29;5646.21;312;498.94;1.02;10.16;2463.60;128;252.06;0.53;11.77;3026.42;161;256.58;0.54;9.75;3663.22;187;559.90;1.12;17.58;5214.47;287;301.05;0.71;6.64;5739.23;298;590.62;1.04;11.83;2259.47;103;754.51;1.57;38.40;1765.87;97;41.14;0.09;2.68;3081.80;148;456.19;0.76;17.02;2678.33;117;1067.27;1.72;45.83;0.00;0;0.00;0.00;0.00;0.00;0;0.00;0.00;0.00;0.00;0;0.00;0.00;0.00;0.00;0;0.00;0.00;0.00;0.00;0;0.00;0.00;0.00;0.00;0;0.00;0.00;0.00;0.00;0;0.00;0.00;0.00;0.00;0;0.00;0.00;0.00;1880.58;82;381.91;0.69;23.35;3970.83;190;426.63;0.77;12.36;4496.60;221;430.74;0.56;11.02;4070.95;192;460.55;0.78;13.01;2416.41;117;236.89;0.46;11.27;4587.45;227;380.60;0.73;9.54;2837.53;137;272.23;0.55;11.03;80.99;4;5.93;0.01;8.41;0.00;0;0.00;0.00;0.00;0.00;0;0.00;0.00;0.00;0.00;0;0.00;0.00;0.00;0.00;0;0.00;0.00;0.00;0.00;0;0.00;0.00;0.00;0.00;0;0.00;0.00;0.00;0.00;0;0.00;0.00;0.00;0.00;0;0.00;0.00;0.00;0.00;0;0.00;0.00;0.00;0.00;0;0.00;0.00;0.00;0.00;0;0.00;0.00;0.00;0.00;0;0.00;0.00;0.00;0.00;0;0.00;0.00;0.00;0.00;0;0.00;0.00;0.00;0.00;0;0.00;0.00;0.00;0.00;0;0.00;0.00;0.00;0.00;0;0.00;0.00;0.00;0.00;0;0.00;0.00;0.00;0.00;0;0.00;0.00;0.00
47780;LAYS PORT PERI PERI PRAWN;14;38409.85;2 002;4115.07;0.16;12.32;0.00;0;0.00;0.00;0.00;1658.17;83;281.95;0.47;19.55;2177.91;109;384.19;0.80;20.29;1438.28;72;240.93;0.60;19.26;4106.31;224;413.47;0.84;11.58;2825.21;144;330.58;0.70;13.46;4470.49;248;229.09;0.48;5.89;3500.22;180;388.66;0.78;12.77;4951.05;274;263.74;0.62;6.13;6227.85;329;557.18;0.98;10.29;460.69;21;90.85;0.19;22.68;1491.96;84;-0.74;-0.00;-0.06;2346.36;114;336.12;0.56;16.47;2182.90;95;452.60;0.73;23.84;572.45;25;146.46;0.28;29.42;0.00;0;0.00;0.00;0.00;0.00;0;0.00;0.00;0.00;0.00;0;0.00;0.00;0.00;0.00;0;0.00;0.00;0.00;0.00;0;0.00;0.00;0.00;0.00;0;0.00;0.00;0.00;0.00;0;0.00;0.00;0.00;0.00;0;0.00;0.00;0.00;0.00;0;0.00;0.00;0.00;0.00;0;0.00;0.00;0.00;0.00;0;0.00;0.00;0.00;0.00;0;0.00;0.00;0.00;0.00;0;0.00;0.00;0.00;0.00;0;0.00;0.00;0.00;0.00;0;0.00;0.00;0.00;0.00;0;0.00;0.00;0.00;0.00;0;0.00;0.00;0.00;0.00;0;0.00;0.00;0.00;0.00;0;0.00;0.00;0.00;0.00;0;0.00;0.00;0.00;0.00;0;0.00;0.00;0.00;0.00;0;0.00;0.00;0.00;0.00;0;0.00;0.00;0.00;0.00;0;0.00;0.00;0.00;0.00;0;0.00;0.00;0.00;0.00;0;0.00;0.00;0.00;0.00;0;0.00;0.00;0.00;0.00;0;0.00;0.00;0.00;0.00;0;0.00;0.00;0.00;0.00;0;0.00;0.00;0.00;0.00;0;0.00;0.00;0.00;0.00;0;0.00;0.00;0.00;0.00;0;0.00;0.00;0.00;0.00;0;0.00;0.00;0.00
47831;NESTLE BAR ONE MINI;14;25841.18;5 093;6263.58;0.25;27.87;0.00;0;0.00;0.00;0.00;235.41;59;47.00;0.08;22.96;421.13;97;90.47;0.19;24.71;4691.82;1 045;1278.90;3.20;31.35;448.33;100;94.57;0.19;24.26;484.47;108;100.52;0.21;23.86;727.38;162;151.36;0.32;23.93;565.74;126;117.73;0.23;23.93;152.66;34;31.77;0.08;23.93;76.64;16;19.12;0.03;28.70;579.59;121;144.62;0.30;28.70;411.94;86;108.67;0.23;30.34;363.08;76;95.45;0.16;30.23;325.24;68;85.73;0.14;30.31;363.80;76;96.08;0.18;30.37;502.95;105;133.03;0.27;30.42;507.26;106;100.16;0.19;22.71;570.01;119;107.63;0.21;21.71;435.89;91;82.30;0.15;21.71;296.50;62;55.66;0.09;21.59;304.88;64;56.42;0.10;21.28;296.50;62;55.66;0.08;21.59;292.19;61;55.17;0.10;21.71;464.63;97;87.73;0.16;21.71;463.67;97;86.89;0.11;21.55;706.61;165;76.41;0.13;12.44;497.76;110;74.15;0.15;17.13;563.62;113;121.63;0.23;24.82;392.96;79;84.10;0.17;24.61;702.59;141;151.18;0.26;24.74;857.99;159;227.61;0.40;30.51;616.05;107;165.91;0.30;30.97;391.98;68;104.33;0.24;30.61;444.38;77;118.59;0.22;30.69;462.33;80;123.76;0.24;30.78;641.24;111;171.51;0.32;30.76;515.69;86;149.29;0.23;33.29;474.68;76;148.41;0.25;35.96;490.45;78;155.17;0.35;36.38;451.70;72;142.35;0.29;36.24;383.67;61;121.45;0.29;36.40;389.04;60;118.58;0.24;35.05;384.45;55;105.14;0.26;31.45;544.87;78;141.01;0.31;29.76;327.13;47;80.11;0.18;28.16;265.27;38;65.45;0.13;28.38;349.15;50;86.22;0.18;28.40;488.60;70;120.52;0.28;28.37;517.26;74;128.05;0.24;28.47
47898;NESTLE KIT KAT CHOC M/BAG;14;120799.01;2 381;25929.30;1.01;24.68;0.00;0;0.00;0.00;0.00;0.00;0;0.00;0.00;0.00;1934.55;45;470.46;0.98;27.97;1115.59;26;269.95;0.68;27.83;2272.02;53;581.75;1.18;29.45;171.96;4;46.57;0.10;31.14;1459.51;34;353.77;0.75;27.88;2059.22;48;498.08;0.99;27.82;1195.12;28;316.13;0.75;30.42;1777.05;45;383.39;0.68;24.81;1201.57;28;290.86;0.60;27.84;1977.54;46;480.91;1.00;27.97;1590.63;37;390.38;0.65;28.22;1506.05;35;339.40;0.55;25.92;2197.76;49;540.93;1.02;28.30;2069.54;46;476.96;0.96;26.50;3341.96;79;716.16;1.37;24.64;2279.49;51;548.24;1.09;27.66;1849.63;37;501.45;0.89;31.18;2194.56;44;571.01;0.97;29.92;2489.50;50;645.12;1.16;29.80;2197.06;44;565.47;0.85;29.60;1449.71;29;341.90;0.62;27.12;2969.46;54;732.42;1.32;28.36;2591.71;54;478.78;0.63;21.24;3078.81;69;409.33;0.70;15.29;1786.91;34;419.69;0.82;27.01;1968.64;36;478.72;0.92;27.96;3533.53;72;613.06;1.24;19.95;3811.52;73;821.03;1.40;24.77;3266.44;56;919.38;1.62;32.37;3483.36;64;647.41;1.18;21.37;2816.52;48;803.67;1.88;32.81;5083.94;106;800.38;1.48;18.10;2393.60;40;541.94;1.06;26.04;2459.59;41;535.47;1.00;25.04;1979.67;33;564.63;0.89;32.80;3132.86;64;538.30;0.91;19.76;3236.46;54;969.94;2.18;34.46;4436.26;74;1270.74;2.60;32.94;3874.29;71;619.42;1.45;18.39;1953.67;33;457.48;0.94;26.93;119.98;2;29.29;0.07;28.07;4113.71;79;503.68;1.12;14.08;3099.38;62;270.60;0.62;10.04;7641.29;143;1057.34;2.02;15.91;1853.69;31;405.99;0.85;25.19;4196.30;70;911.61;2.11;24.98;3587.40;60;800.11;1.51;25.65
47900;NESTLE TEX CHOC MINI BAG;14;81103.22;1 583;18413.53;0.72;26.11;0.00;0;0.00;0.00;0.00;0.00;0;0.00;0.00;0.00;900.64;21;217.68;0.45;27.79;1414.37;33;341.26;0.85;27.75;1900.53;47;434.54;0.88;26.29;2276.97;58;487.05;1.03;24.60;1287.55;30;312.14;0.66;27.88;1158.58;27;280.74;0.56;27.87;1197.27;28;312.15;0.74;29.98;1610.59;41;360.85;0.64;25.77;1244.56;29;301.31;0.63;27.84;1072.60;25;259.50;0.54;27.82;988.77;23;242.83;0.40;28.24;1532.65;35;372.43;0.60;27.94;1210.23;27;299.18;0.57;28.43;1122.50;25;254.57;0.51;26.08;1084.74;26;222.53;0.43;23.59;1014.79;21;292.39;0.58;33.13;899.82;18;227.65;0.41;29.09;1097.28;22;285.51;0.48;29.92;1149.77;23;300.76;0.54;30.08;997.30;20;254.21;0.38;29.31;947.31;19;221.83;0.40;26.93;1152.04;21;283.83;0.51;28.33;994.80;20;207.68;0.27;24.01;2256.01;49;351.21;0.60;17.90;1474.71;29;329.18;0.65;25.67;984.32;18;264.31;0.51;30.88;1712.91;34;329.49;0.66;22.12;2096.85;40;457.14;0.78;25.07;2089.64;36;568.09;1.00;31.26;3036.44;56;539.19;0.98;20.42;2339.59;41;609.41;1.43;29.95;2204.56;44;414.18;0.77;21.61;1676.72;28;377.93;0.74;25.92;1376.77;23;297.78;0.56;24.87;1559.74;26;448.46;0.70;33.07;2871.91;59;482.16;0.81;19.31;1739.71;29;522.29;1.17;34.53;3296.45;55;953.30;1.95;33.26;2572.04;46;453.57;1.07;20.28;3010.96;54;550.91;1.13;21.04;2030.66;34;458.40;1.14;25.96;2396.60;40;583.16;1.30;27.98;2321.61;39;500.03;1.14;24.77;3173.47;53;698.06;1.34;25.30;2156.64;36;492.90;1.03;26.28;2384.60;40;509.37;1.18;24.56;2084.65;35;450.40;0.85;24.85
47901;NESTLE BAR ONE MINI BAG;14;106334.08;2 088;23664.28;0.93;25.59;0.00;0;0.00;0.00;0.00;0.00;0;0.00;0.00;0.00;1289.70;30;313.64;0.65;27.97;1330.54;31;322.22;0.81;27.85;2011.32;53;377.63;0.77;21.59;1513.62;38;338.07;0.71;25.69;1584.18;37;389.53;0.82;28.28;1373.53;32;332.68;0.66;27.85;1281.10;30;337.04;0.80;30.26;2293.42;58;527.20;0.93;26.44;1799.13;42;433.48;0.90;27.71;1111.29;26;266.21;0.56;27.55;1375.68;32;338.11;0.56;28.26;1759.45;40;427.09;0.69;27.92;1662.38;37;419.90;0.79;29.05;1979.56;44;454.16;0.91;26.38;1680.10;40;352.15;0.67;24.10;2259.50;50;547.50;1.09;27.87;1499.70;30;384.57;0.68;29.49;1694.66;34;440.25;0.75;29.88;1994.60;40;518.71;0.93;29.91;1997.10;40;511.87;0.77;29.48;2259.55;45;534.08;0.97;27.18;2084.12;38;510.63;0.92;28.18;1317.99;26;291.51;0.38;25.44;3136.56;69;459.54;0.78;16.85;1019.80;20;229.42;0.45;25.87;2304.08;42;623.09;1.20;31.10;3301.83;67;585.33;1.18;20.39;2649.48;52;527.82;0.90;22.91;2451.58;42;676.50;1.19;31.73;3623.35;65;741.49;1.35;23.53;3093.44;56;697.39;1.63;25.93;3251.34;66;573.02;1.06;20.27;2867.52;48;646.16;1.27;25.91;2219.63;37;483.23;0.90;25.04;2573.57;43;739.52;1.16;33.05;2992.63;62;484.67;0.82;18.62;2390.60;40;712.58;1.60;34.28;3179.47;53;924.84;1.89;33.45;2684.51;49;441.97;1.04;18.93;3150.44;56;597.15;1.22;21.80;2924.51;49;676.01;1.69;26.58;2744.54;46;611.49;1.36;25.62;2453.59;41;530.25;1.21;24.85;4640.65;86;680.24;1.30;16.86;2387.60;40;535.73;1.12;25.80;1907.68;32;407.49;0.94;24.56;3233.46;54;711.12;1.34;25.29
49516;KIT KAT 4F GOLD CARAMEL;14;68383.56;5 461;12903.37;0.51;21.70;0.00;0;0.00;0.00;0.00;0.00;0;0.00;0.00;0.00;0.00;0;0.00;0.00;0.00;0.00;0;0.00;0.00;0.00;0.00;0;0.00;0.00;0.00;0.00;0;0.00;0.00;0.00;1091.09;91;237.06;0.50;24.99;2681.92;234;501.99;1.00;21.53;2032.29;183;374.77;0.89;21.21;1306.91;109;283.95;0.50;24.99;2012.55;182;326.62;0.68;18.66;2109.64;176;457.97;0.96;24.96;2217.55;185;493.89;0.82;25.61;2825.82;253;469.61;0.76;19.11;3293.01;301;396.01;0.75;13.83;3782.05;364;261.72;0.53;7.96;2509.56;224;319.44;0.61;14.64;1779.63;137;408.21;0.81;26.38;3123.67;259;562.39;1.00;20.70;2534.29;213;434.80;0.74;19.73;1648.33;144;258.99;0.47;18.07;1290.79;106;240.93;0.36;21.47;895.01;69;204.47;0.37;26.27;1365.33;102;321.98;0.58;27.12;1524.21;109;375.79;0.49;28.35;1559.54;116;345.53;0.59;25.48;2325.63;194;332.16;0.65;16.42;1714.03;125;407.99;0.79;27.37;1935.83;150;373.07;0.75;22.16;2898.78;209;628.79;1.07;24.95;1922.83;137;410.67;0.72;24.56;59.96;4;15.31;0.03;29.37;284.81;19;78.37;0.18;31.64;984.07;74;193.40;0.36;22.60;868.67;58;238.59;0.47;31.59;1002.83;67;275.06;0.51;31.54;524.65;35;144.37;0.23;31.64;935.83;73;163.34;0.28;20.07;664.59;46;168.04;0.38;29.08;1064.29;71;292.86;0.60;31.64;884.57;63;152.32;0.36;19.80;1079.40;75;183.54;0.38;19.55;1076.28;72;187.46;0.47;20.03;1333.36;89;234.29;0.52;20.21;2022.90;135;386.21;0.88;21.96;959.36;64;194.29;0.37;23.29;410.75;25;105.22;0.22;29.46;687.57;43;179.81;0.42;30.07;1159.38;76;282.09;0.53;27.98
49665;Dentyne Gum White SF Peppermin;14;22176.66;1 659;6021.57;0.24;31.23;0.00;0;0.00;0.00;0.00;0.00;0;0.00;0.00;0.00;0.00;0;0.00;0.00;0.00;0.00;0;0.00;0.00;0.00;0.00;0;0.00;0.00;0.00;0.00;0;0.00;0.00;0.00;450.59;41;123.35;0.26;31.48;120.89;11;33.09;0.07;31.48;549.50;50;150.43;0.36;31.48;977.56;89;267.28;0.47;31.44;76.93;7;21.06;0.04;31.48;11.99;1;3.31;0.01;31.71;0.00;0;0.00;0.00;0.00;0.00;0;0.00;0.00;0.00;527.56;44;145.47;0.27;31.71;886.66;74;244.13;0.49;31.66;1127.06;94;310.77;0.59;31.71;805.42;58;256.61;0.51;36.64;810.72;58;259.53;0.46;36.81;265.81;19;85.22;0.14;36.87;0.00;0;0.00;0.00;0.00;0.00;0;0.00;0.00;0.00;0.00;0;0.00;0.00;0.00;0.00;0;0.00;0.00;0.00;517.63;37;145.60;0.19;32.35;1021.27;73;287.27;0.49;32.35;937.33;67;263.66;0.52;32.35;629.55;45;177.08;0.34;32.35;447.68;32;125.93;0.25;32.35;825.41;59;232.18;0.39;32.35;446.98;32;167.46;0.29;43.08;572.19;41;160.13;0.29;32.18;544.91;39;152.86;0.36;32.26;922.64;66;259.12;0.48;32.30;55.26;4;15.13;0.03;31.49;0.00;0;0.00;0.00;0.00;503.64;36;141.67;0.22;32.35;1189.15;85;334.49;0.56;32.35;1049.25;75;295.14;0.66;32.35;755.46;54;212.50;0.44;32.35;867.38;62;243.98;0.57;32.35;1049.25;75;272.04;0.56;29.82;656.83;47;132.65;0.33;23.22;629.55;45;127.58;0.28;23.31;321.77;23;65.21;0.15;23.31;517.63;37;104.90;0.20;23.31;195.86;14;39.69;0.08;23.31;349.75;25;70.88;0.16;23.31;559.60;40;94.16;0.18;19.35
50989;WILLARDS C/C TOMATO;14;28768.66;1 613;3916.33;0.15;15.66;0.00;0;0.00;0.00;0.00;0.00;0;0.00;0.00;0.00;0.00;0;0.00;0.00;0.00;0.00;0;0.00;0.00;0.00;0.00;0;0.00;0.00;0.00;0.00;0;0.00;0.00;0.00;0.00;0;0.00;0.00;0.00;0.00;0;0.00;0.00;0.00;0.00;0;0.00;0.00;0.00;975.93;57;62.96;0.11;7.42;248.89;14;39.80;0.08;18.39;862.62;48;135.93;0.28;18.12;646.74;36;121.79;0.20;21.66;628.75;35;116.54;0.19;21.32;358.80;20;67.22;0.13;21.55;824.84;46;173.36;0.35;24.17;1174.53;67;161.22;0.31;15.79;622.79;37;51.17;0.10;9.45;574.78;32;92.54;0.16;18.52;1751.56;108;196.68;0.33;12.91;1496.70;88;114.08;0.21;8.77;1088.82;63;134.30;0.20;14.18;923.98;57;86.14;0.16;10.72;683.64;36;153.87;0.28;25.88;512.73;27;130.14;0.17;29.19;319.84;16;69.34;0.12;24.93;925.54;53;145.59;0.29;18.09;399.80;20;86.65;0.17;24.92;1214.80;71;129.70;0.26;12.28;139.93;7;29.85;0.05;24.53;499.75;25;107.30;0.19;24.69;1348.70;80;159.88;0.29;13.63;763.66;42;133.03;0.31;20.03;819.59;41;212.96;0.39;29.88;499.75;25;124.77;0.24;28.71;437.78;22;98.16;0.18;25.78;523.73;27;89.32;0.14;19.61;257.87;13;50.35;0.08;22.45;495.86;26;72.40;0.16;16.79;437.78;22;77.83;0.16;20.44;1101.84;62;99.94;0.23;10.43;378.81;19;57.95;0.12;17.59;590.71;40;-57.81;-0.14;-11.26;578.94;33;35.08;0.08;6.97;948.84;53;75.38;0.17;9.14;1600.87;92;80.18;0.15;5.76;279.86;14;43.38;0.09;17.82;462.77;23;74.61;0.17;18.54;365.54;16;82.76;0.16;26.04
53922;SIMBA 120GR STEAKHOUSE BEEF;14;83026.64;4 861;8265.53;0.32;11.45;0.00;0;0.00;0.00;0.00;0.00;0;0.00;0.00;0.00;0.00;0;0.00;0.00;0.00;0.00;0;0.00;0.00;0.00;0.00;0;0.00;0.00;0.00;0.00;0;0.00;0.00;0.00;0.00;0;0.00;0.00;0.00;0.00;0;0.00;0.00;0.00;0.00;0;0.00;0.00;0.00;0.00;0;0.00;0.00;0.00;0.00;0;0.00;0.00;0.00;0.00;0;0.00;0.00;0.00;0.00;0;0.00;0.00;0.00;0.00;0;0.00;0.00;0.00;0.00;0;0.00;0.00;0.00;0.00;0;0.00;0.00;0.00;0.00;0;0.00;0.00;0.00;2637.21;150;455.03;0.90;19.84;10015.42;654;666.59;1.19;7.65;3686.26;188;877.62;1.49;27.38;4036.98;202;929.71;1.67;26.48;11134.68;663;860.72;1.29;8.89;5390.99;312;641.83;1.17;13.69;1490.30;76;285.41;0.51;22.02;1538.23;77;321.93;0.42;24.07;4077.25;249;246.15;0.42;6.94;4054.48;253;179.99;0.35;5.11;4057.47;253;180.62;0.35;5.12;4592.99;253;624.70;1.26;15.64;5769.91;328;625.53;1.06;12.47;4861.78;282;434.48;0.76;10.28;4049.05;229;373.07;0.68;10.60;6159.73;377;147.19;0.34;2.75;5424.41;312;414.16;0.77;8.78;49.50;3;0.79;0.00;1.84;0.00;0;0.00;0.00;0.00;0.00;0;0.00;0.00;0.00;0.00;0;0.00;0.00;0.00;0.00;0;0.00;0.00;0.00;0.00;0;0.00;0.00;0.00;0.00;0;0.00;0.00;0.00;0.00;0;0.00;0.00;0.00;0.00;0;0.00;0.00;0.00;0.00;0;0.00;0.00;0.00;0.00;0;0.00;0.00;0.00;0.00;0;0.00;0.00;0.00;0.00;0;0.00;0.00;0.00;0.00;0;0.00;0.00;0.00;0.00;0;0.00;0.00;0.00
54015;PEANUT BRITTLE BAR;14;17299.27;2 048;4632.44;0.18;30.79;0.00;0;0.00;0.00;0.00;0.00;0;0.00;0.00;0.00;0.00;0;0.00;0.00;0.00;0.00;0;0.00;0.00;0.00;0.00;0;0.00;0.00;0.00;0.00;0;0.00;0.00;0.00;0.00;0;0.00;0.00;0.00;0.00;0;0.00;0.00;0.00;0.00;0;0.00;0.00;0.00;0.00;0;0.00;0.00;0.00;0.00;0;0.00;0.00;0.00;0.00;0;0.00;0.00;0.00;0.00;0;0.00;0.00;0.00;0.00;0;0.00;0.00;0.00;0.00;0;0.00;0.00;0.00;0.00;0;0.00;0.00;0.00;0.00;0;0.00;0.00;0.00;69.20;10;18.17;0.04;30.20;13.98;2;3.36;0.01;27.61;146.79;21;35.24;0.06;27.61;424.99;61;101.16;0.18;27.37;83.88;12;20.14;0.03;27.61;229.27;33;54.17;0.10;27.17;423.45;55;118.42;0.21;32.16;175.78;22;51.65;0.07;33.79;159.80;20;46.96;0.08;33.79;167.79;21;49.30;0.10;33.79;773.43;97;226.35;0.44;33.66;869.31;109;254.52;0.51;33.67;23.97;3;7.04;0.01;33.79;0.00;0;0.00;0.00;0.00;79.90;10;21.48;0.04;30.91;159.00;20;42.26;0.10;30.57;79.90;10;21.48;0.04;30.91;462.22;58;111.93;0.22;27.85;381.92;48;92.10;0.17;27.73;405.89;51;97.95;0.15;27.75;652.38;82;150.39;0.25;26.51;941.62;118;193.40;0.43;23.62;822.01;99;190.09;0.39;26.59;1328.72;148;371.01;0.87;32.11;1446.49;161;404.52;0.83;32.16;0.00;0;0.00;0.00;0.00;2162.54;241;603.17;1.34;32.08;1858.23;207;518.75;1.19;32.10;988.90;110;276.91;0.53;32.20;701.22;78;196.36;0.41;32.20;844.16;94;235.85;0.54;32.13;422.53;47;118.32;0.22;32.20
54262;TRUDA PRETZELS 30G TOM&BBQ;14;12355.01;2 390;3536.75;0.14;32.92;0.00;0;0.00;0.00;0.00;0.00;0;0.00;0.00;0.00;0.00;0;0.00;0.00;0.00;0.00;0;0.00;0.00;0.00;0.00;0;0.00;0.00;0.00;0.00;0;0.00;0.00;0.00;0.00;0;0.00;0.00;0.00;0.00;0;0.00;0.00;0.00;0.00;0;0.00;0.00;0.00;0.00;0;0.00;0.00;0.00;0.00;0;0.00;0.00;0.00;0.00;0;0.00;0.00;0.00;0.00;0;0.00;0.00;0.00;0.00;0;0.00;0.00;0.00;0.00;0;0.00;0.00;0.00;0.00;0;0.00;0.00;0.00;0.00;0;0.00;0.00;0.00;0.00;0;0.00;0.00;0.00;0.00;0;0.00;0.00;0.00;0.00;0;0.00;0.00;0.00;0.00;0;0.00;0.00;0.00;378.74;76;100.35;0.15;30.47;693.61;139;184.32;0.33;30.56;124.75;25;33.15;0.06;30.56;299.40;60;79.56;0.10;30.56;0.00;0;0.00;0.00;0.00;0.00;0;0.00;0.00;0.00;0.00;0;0.00;0.00;0.00;219.80;50;40.48;0.08;21.18;468.43;103;96.98;0.16;23.81;493.76;99;131.06;0.23;30.53;673.40;135;178.80;0.33;30.53;439.12;88;116.69;0.27;30.56;399.20;80;106.09;0.20;30.56;766.46;154;202.47;0.40;30.38;463.82;93;123.11;0.23;30.52;803.14;161;213.28;0.33;30.54;468.06;94;123.78;0.21;30.41;715.66;134;218.56;0.49;35.12;717.00;120;261.91;0.54;42.01;326.73;60;103.33;0.24;36.37;632.96;106;231.02;0.47;41.97;454.94;76;166.61;0.42;42.12;693.34;116;253.39;0.56;42.03;513.17;98;150.95;0.35;33.83;354.29;71;92.72;0.18;30.10;448.60;90;118.52;0.25;30.38;462.82;93;120.65;0.28;29.98;343.81;69;88.96;0.17;29.76
54263;TRUDA PRETZELS 30G HON&MUSTARD;14;13459.82;2 572;3942.81;0.15;33.69;0.00;0;0.00;0.00;0.00;0.00;0;0.00;0.00;0.00;0.00;0;0.00;0.00;0.00;0.00;0;0.00;0.00;0.00;0.00;0;0.00;0.00;0.00;0.00;0;0.00;0.00;0.00;0.00;0;0.00;0.00;0.00;0.00;0;0.00;0.00;0.00;0.00;0;0.00;0.00;0.00;0.00;0;0.00;0.00;0.00;0.00;0;0.00;0.00;0.00;0.00;0;0.00;0.00;0.00;0.00;0;0.00;0.00;0.00;0.00;0;0.00;0.00;0.00;0.00;0;0.00;0.00;0.00;0.00;0;0.00;0.00;0.00;0.00;0;0.00;0.00;0.00;0.00;0;0.00;0.00;0.00;0.00;0;0.00;0.00;0.00;0.00;0;0.00;0.00;0.00;0.00;0;0.00;0.00;0.00;229.54;46;61.00;0.09;30.56;667.66;134;176.82;0.32;30.46;174.65;35;46.41;0.08;30.56;413.67;83;109.63;0.14;30.48;0.00;0;0.00;0.00;0.00;0.00;0;0.00;0.00;0.00;0.00;0;0.00;0.00;0.00;253.66;55;54.86;0.11;24.87;599.65;129;132.75;0.23;25.46;518.21;104;137.26;0.24;30.46;642.71;129;170.19;0.31;30.45;284.43;57;75.59;0.18;30.56;0.00;0;0.00;0.00;0.00;299.40;60;79.56;0.16;30.56;596.55;120;157.17;0.29;30.30;642.96;129;170.41;0.27;30.48;555.88;112;145.91;0.25;30.19;671.65;115;237.54;0.53;40.67;739.76;124;269.65;0.55;41.92;322.77;60;99.89;0.23;35.59;770.73;129;281.51;0.58;42.00;682.86;114;250.30;0.62;42.15;866.45;145;316.54;0.70;42.01;1053.10;195;328.19;0.75;35.84;762.22;153;198.67;0.38;29.97;820.35;165;213.00;0.44;29.86;333.08;67;85.72;0.20;29.60;557.88;112;144.24;0.27;29.73
54264;TRUDA PRETZELS SALTED FISH SH;14;11768.29;2 277;3366.98;0.13;32.90;0.00;0;0.00;0.00;0.00;0.00;0;0.00;0.00;0.00;0.00;0;0.00;0.00;0.00;0.00;0;0.00;0.00;0.00;0.00;0;0.00;0.00;0.00;0.00;0;0.00;0.00;0.00;0.00;0;0.00;0.00;0.00;0.00;0;0.00;0.00;0.00;0.00;0;0.00;0.00;0.00;0.00;0;0.00;0.00;0.00;0.00;0;0.00;0.00;0.00;0.00;0;0.00;0.00;0.00;0.00;0;0.00;0.00;0.00;0.00;0;0.00;0.00;0.00;0.00;0;0.00;0.00;0.00;0.00;0;0.00;0.00;0.00;0.00;0;0.00;0.00;0.00;0.00;0;0.00;0.00;0.00;0.00;0;0.00;0.00;0.00;0.00;0;0.00;0.00;0.00;0.00;0;0.00;0.00;0.00;304.39;61;80.89;0.12;30.56;592.56;119;156.71;0.28;30.41;0.00;0;0.00;0.00;0.00;508.48;102;134.82;0.18;30.49;79.84;16;21.22;0.04;30.56;0.00;0;0.00;0.00;0.00;0.00;0;0.00;0.00;0.00;250.73;56;49.29;0.10;22.61;489.18;102;118.04;0.20;27.75;388.97;78;103.22;0.18;30.52;603.79;121;160.45;0.29;30.56;673.65;135;179.02;0.42;30.56;513.97;103;136.58;0.25;30.56;533.93;107;141.89;0.28;30.56;359.28;72;95.48;0.18;30.56;597.80;120;158.26;0.25;30.44;403.94;81;107.19;0.18;30.52;678.72;128;204.52;0.46;34.65;557.07;93;204.19;0.42;42.15;333.71;61;106.39;0.25;36.66;449.25;75;164.67;0.34;42.15;484.59;81;177.32;0.44;42.08;682.86;114;250.30;0.56;42.15;625.90;120;182.69;0.42;33.57;413.67;83;107.99;0.21;30.02;388.72;78;102.82;0.21;30.42;254.49;51;67.54;0.16;30.52;598.80;120;155.48;0.29;29.86
54370;SPAR CHIPS 120GR SMOKED BEEF;14;37011.57;2 157;7337.62;0.29;22.80;0.00;0;0.00;0.00;0.00;0.00;0;0.00;0.00;0.00;0.00;0;0.00;0.00;0.00;0.00;0;0.00;0.00;0.00;0.00;0;0.00;0.00;0.00;0.00;0;0.00;0.00;0.00;0.00;0;0.00;0.00;0.00;0.00;0;0.00;0.00;0.00;0.00;0;0.00;0.00;0.00;0.00;0;0.00;0.00;0.00;0.00;0;0.00;0.00;0.00;0.00;0;0.00;0.00;0.00;0.00;0;0.00;0.00;0.00;0.00;0;0.00;0.00;0.00;0.00;0;0.00;0.00;0.00;0.00;0;0.00;0.00;0.00;0.00;0;0.00;0.00;0.00;0.00;0;0.00;0.00;0.00;0.00;0;0.00;0.00;0.00;958.60;60;192.49;0.33;23.09;3130.04;196;577.10;1.04;21.20;1246.42;78;230.35;0.35;21.25;990.58;62;182.96;0.33;21.24;1261.61;79;232.62;0.42;21.20;1291.24;76;286.18;0.37;25.49;812.97;48;178.53;0.30;25.25;780.69;46;172.47;0.34;25.41;610.79;36;134.82;0.26;25.38;1525.70;90;335.94;0.68;25.32;1476.43;87;326.12;0.55;25.40;1271.70;75;280.20;0.49;25.34;610.79;36;134.82;0.25;25.38;706.75;40;155.98;0.37;25.38;1442.29;76;318.48;0.59;25.39;1696.13;97;286.39;0.56;19.42;1116.61;59;244.57;0.46;25.19;1119.46;59;247.05;0.39;25.38;1101.42;58;243.68;0.41;25.44;662.75;35;145.39;0.33;25.23;777.64;41;171.43;0.35;25.35;796.63;42;175.58;0.41;25.35;1461.28;77;319.18;0.65;25.12;813.72;43;176.23;0.44;24.91;1503.30;87;264.54;0.59;20.24;1100.47;58;240.22;0.55;25.10;1517.63;86;324.25;0.62;24.57;2136.71;137;299.57;0.62;16.12;968.49;51;211.95;0.49;25.17;2122.73;142;248.53;0.47;13.46
54371;SPAR CHIPS 120GR CHEESE&ONION;14;29661.91;1 723;5816.43;0.23;22.55;0.00;0;0.00;0.00;0.00;0.00;0;0.00;0.00;0.00;0.00;0;0.00;0.00;0.00;0.00;0;0.00;0.00;0.00;0.00;0;0.00;0.00;0.00;0.00;0;0.00;0.00;0.00;0.00;0;0.00;0.00;0.00;0.00;0;0.00;0.00;0.00;0.00;0;0.00;0.00;0.00;0.00;0;0.00;0.00;0.00;0.00;0;0.00;0.00;0.00;0.00;0;0.00;0.00;0.00;0.00;0;0.00;0.00;0.00;0.00;0;0.00;0.00;0.00;0.00;0;0.00;0.00;0.00;0.00;0;0.00;0.00;0.00;0.00;0;0.00;0.00;0.00;0.00;0;0.00;0.00;0.00;0.00;0;0.00;0.00;0.00;942.61;59;189.27;0.32;23.09;2749.48;172;508.79;0.91;21.28;1053.74;66;194.11;0.29;21.18;1084.12;68;198.64;0.36;21.07;1054.54;66;194.81;0.35;21.24;406.91;24;89.63;0.12;25.33;135.92;8;30.12;0.05;25.49;488.46;29;105.50;0.21;24.84;677.90;40;149.14;0.29;25.30;1524.85;90;335.20;0.68;25.28;321.11;19;70.07;0.12;25.09;0.00;0;0.00;0.00;0.00;202.18;12;43.71;0.08;24.86;389.13;22;84.46;0.20;24.96;1137.50;60;250.43;0.46;25.32;1688.07;98;267.78;0.52;18.24;1288.47;68;283.21;0.53;25.28;909.62;48;200.01;0.31;25.29;986.53;52;217.64;0.37;25.37;984.63;52;215.99;0.49;25.23;739.66;39;163.03;0.33;25.35;757.70;40;166.27;0.39;25.23;1191.62;63;257.69;0.53;24.87;682.69;36;148.79;0.37;25.06;1207.16;74;183.78;0.41;17.51;966.59;51;210.30;0.48;25.02;1632.12;94;357.23;0.68;25.17;1944.41;124;270.22;0.56;15.98;967.54;51;211.13;0.49;25.09;1546.65;98;219.47;0.41;16.32
54372;SPAR CHIPS 120GR CRMY CHEDDAR;14;38893.65;2 286;7790.73;0.30;23.04;0.00;0;0.00;0.00;0.00;0.00;0;0.00;0.00;0.00;0.00;0;0.00;0.00;0.00;0.00;0;0.00;0.00;0.00;0.00;0;0.00;0.00;0.00;0.00;0;0.00;0.00;0.00;0.00;0;0.00;0.00;0.00;0.00;0;0.00;0.00;0.00;0.00;0;0.00;0.00;0.00;0.00;0;0.00;0.00;0.00;0.00;0;0.00;0.00;0.00;0.00;0;0.00;0.00;0.00;0.00;0;0.00;0.00;0.00;0.00;0;0.00;0.00;0.00;0.00;0;0.00;0.00;0.00;0.00;0;0.00;0.00;0.00;0.00;0;0.00;0.00;0.00;0.00;0;0.00;0.00;0.00;0.00;0;0.00;0.00;0.00;974.59;61;195.71;0.33;23.09;2856.61;179;525.35;0.94;21.15;2407.29;151;441.02;0.66;21.07;1771.69;111;326.02;0.59;21.16;1340.76;84;246.73;0.44;21.16;2255.42;133;497.12;0.65;25.35;2013.31;119;440.70;0.75;25.17;338.95;20;74.57;0.15;25.30;1459.44;86;322.36;0.62;25.40;2128.84;126;464.11;0.94;25.07;1678.61;99;369.83;0.63;25.34;2150.08;127;471.57;0.83;25.22;608.24;36;132.60;0.24;25.07;546.99;31;118.74;0.28;24.96;739.66;39;163.03;0.30;25.35;1253.32;73;195.81;0.38;17.97;964.69;51;210.96;0.39;25.15;948.55;50;209.24;0.33;25.37;982.73;52;214.34;0.36;25.08;678.89;36;147.12;0.33;24.92;587.74;31;129.42;0.27;25.32;832.71;44;182.20;0.43;25.16;1193.52;63;259.35;0.53;24.99;681.74;36;147.96;0.37;24.96;1201.62;75;164.49;0.37;15.74;930.51;49;203.64;0.47;25.17;1670.31;95;373.38;0.72;25.71;1770.37;112;258.04;0.54;16.76;834.61;44;182.04;0.42;25.08;1091.86;73;123.28;0.23;12.98
54373;SPAR CHIPS 120GR FRT CHUTNEY;14;35811.40;2 097;7123.58;0.28;22.88;0.00;0;0.00;0.00;0.00;0.00;0;0.00;0.00;0.00;0.00;0;0.00;0.00;0.00;0.00;0;0.00;0.00;0.00;0.00;0;0.00;0.00;0.00;0.00;0;0.00;0.00;0.00;0.00;0;0.00;0.00;0.00;0.00;0;0.00;0.00;0.00;0.00;0;0.00;0.00;0.00;0.00;0;0.00;0.00;0.00;0.00;0;0.00;0.00;0.00;0.00;0;0.00;0.00;0.00;0.00;0;0.00;0.00;0.00;0.00;0;0.00;0.00;0.00;0.00;0;0.00;0.00;0.00;0.00;0;0.00;0.00;0.00;0.00;0;0.00;0.00;0.00;0.00;0;0.00;0.00;0.00;0.00;0;0.00;0.00;0.00;991.38;62;199.62;0.34;23.16;3175.61;199;583.90;1.05;21.15;1447.89;91;263.29;0.40;20.91;1837.25;115;339.26;0.62;21.24;1373.54;86;253.35;0.46;21.21;1433.75;85;311.03;0.41;24.95;626.93;37;137.85;0.23;25.29;1084.81;64;238.78;0.47;25.31;951.44;56;210.87;0.41;25.49;1694.75;100;372.86;0.75;25.30;1492.57;88;329.15;0.56;25.36;1288.69;76;283.96;0.50;25.34;406.91;24;89.63;0.16;25.33;960.51;54;210.80;0.49;25.24;930.51;49;205.87;0.38;25.44;1612.17;93;263.06;0.52;18.76;911.52;48;201.66;0.38;25.44;871.64;46;191.61;0.30;25.28;985.58;52;216.82;0.37;25.30;473.80;25;104.21;0.23;25.29;795.68;42;174.80;0.36;25.26;681.74;36;149.51;0.35;25.22;1135.60;60;246.05;0.50;24.92;928.61;49;201.99;0.50;25.01;1257.96;80;161.65;0.36;14.78;758.65;40;165.41;0.38;25.07;1452.69;83;323.19;0.62;25.58;1783.98;108;295.24;0.62;19.03;930.51;49;203.64;0.47;25.17;1534.73;100;194.53;0.37;14.58
54375;SPAR CHIPS 120GR SLT&VINEGAR;14;40884.01;2 361;8331.01;0.33;23.43;0.00;0;0.00;0.00;0.00;0.00;0;0.00;0.00;0.00;0.00;0;0.00;0.00;0.00;0.00;0;0.00;0.00;0.00;0.00;0;0.00;0.00;0.00;0.00;0;0.00;0.00;0.00;0.00;0;0.00;0.00;0.00;0.00;0;0.00;0.00;0.00;0.00;0;0.00;0.00;0.00;0.00;0;0.00;0.00;0.00;0.00;0;0.00;0.00;0.00;0.00;0;0.00;0.00;0.00;0.00;0;0.00;0.00;0.00;0.00;0;0.00;0.00;0.00;0.00;0;0.00;0.00;0.00;0.00;0;0.00;0.00;0.00;0.00;0;0.00;0.00;0.00;0.00;0;0.00;0.00;0.00;0.00;0;0.00;0.00;0.00;941.81;59;188.57;0.32;23.03;2827.83;177;522.21;0.94;21.24;1579.81;99;290.47;0.44;21.14;959.40;60;177.73;0.32;21.30;558.85;35;102.98;0.19;21.19;1371.19;81;300.66;0.39;25.22;1155.32;68;256.05;0.43;25.49;950.59;56;210.13;0.41;25.42;965.88;57;212.42;0.41;25.29;1851.06;109;409.70;0.83;25.45;2595.22;153;572.43;0.97;25.37;883.48;52;195.81;0.34;25.49;406.91;24;89.63;0.16;25.33;909.64;51;200.89;0.47;25.40;1727.14;91;381.50;0.70;25.40;1657.20;95;276.87;0.54;19.21;1291.32;68;285.69;0.53;25.44;1536.29;81;338.66;0.53;25.35;1099.52;58;242.03;0.41;25.31;929.56;49;205.04;0.46;25.37;1174.53;62;258.01;0.53;25.26;816.57;43;180.66;0.42;25.44;1670.17;88;364.90;0.75;25.13;833.66;44;181.21;0.45;25.00;1484.54;88;251.81;0.56;19.51;1063.44;56;232.73;0.53;25.17;1461.43;84;322.98;0.62;25.42;2765.80;170;487.91;1.02;20.29;1253.34;66;274.29;0.63;25.17;2162.51;137;317.05;0.60;16.86
58345;DORITOS 145GR GRILLED BBQ;14;47871.72;2 214;6093.96;0.24;14.64;0.00;0;0.00;0.00;0.00;0.00;0;0.00;0.00;0.00;0.00;0;0.00;0.00;0.00;0.00;0;0.00;0.00;0.00;0.00;0;0.00;0.00;0.00;0.00;0;0.00;0.00;0.00;0.00;0;0.00;0.00;0.00;0.00;0;0.00;0.00;0.00;0.00;0;0.00;0.00;0.00;0.00;0;0.00;0.00;0.00;0.00;0;0.00;0.00;0.00;0.00;0;0.00;0.00;0.00;0.00;0;0.00;0.00;0.00;0.00;0;0.00;0.00;0.00;0.00;0;0.00;0.00;0.00;0.00;0;0.00;0.00;0.00;0.00;0;0.00;0.00;0.00;0.00;0;0.00;0.00;0.00;0.00;0;0.00;0.00;0.00;0.00;0;0.00;0.00;0.00;0.00;0;0.00;0.00;0.00;0.00;0;0.00;0.00;0.00;0.00;0;0.00;0.00;0.00;0.00;0;0.00;0.00;0.00;0.00;0;0.00;0.00;0.00;0.00;0;0.00;0.00;0.00;0.00;0;0.00;0.00;0.00;0.00;0;0.00;0.00;0.00;3054.62;145;364.85;0.74;13.74;2976.93;144;342.69;0.58;13.24;2348.76;105;433.57;0.76;21.23;1534.16;64;638.44;1.16;47.86;1900.37;84;305.45;0.72;18.48;2396.60;100;501.00;0.93;24.04;1415.41;59;310.96;0.61;25.27;1175.51;49;237.07;0.44;23.19;1579.50;69;267.18;0.42;19.45;2693.56;128;238.77;0.40;10.19;5816.51;287;495.56;1.11;9.80;1877.98;89;228.58;0.47;14.00;5692.70;301;35.01;0.08;0.71;2088.47;96;197.55;0.40;10.88;1509.72;70;146.30;0.36;11.14;911.62;38;155.86;0.35;19.66;2669.18;118;338.24;0.77;14.57;1727.28;72;301.94;0.58;20.10;743.69;31;130.96;0.27;20.25;1041.57;43;172.69;0.40;19.07;2717.58;122;251.29;0.47;10.63
58743;LAYS 120GR I/TRUFFLE & GARLIC;14;54118.27;2 645;4229.54;0.17;8.99;0.00;0;0.00;0.00;0.00;0.00;0;0.00;0.00;0.00;0.00;0;0.00;0.00;0.00;0.00;0;0.00;0.00;0.00;0.00;0;0.00;0.00;0.00;0.00;0;0.00;0.00;0.00;0.00;0;0.00;0.00;0.00;0.00;0;0.00;0.00;0.00;0.00;0;0.00;0.00;0.00;0.00;0;0.00;0.00;0.00;0.00;0;0.00;0.00;0.00;0.00;0;0.00;0.00;0.00;0.00;0;0.00;0.00;0.00;0.00;0;0.00;0.00;0.00;0.00;0;0.00;0.00;0.00;0.00;0;0.00;0.00;0.00;0.00;0;0.00;0.00;0.00;0.00;0;0.00;0.00;0.00;0.00;0;0.00;0.00;0.00;0.00;0;0.00;0.00;0.00;0.00;0;0.00;0.00;0.00;0.00;0;0.00;0.00;0.00;0.00;0;0.00;0.00;0.00;0.00;0;0.00;0.00;0.00;0.00;0;0.00;0.00;0.00;0.00;0;0.00;0.00;0.00;0.00;0;0.00;0.00;0.00;0.00;0;0.00;0.00;0.00;0.00;0;0.00;0.00;0.00;5122.52;257;227.04;0.39;5.10;7357.04;357;700.61;1.23;10.95;4214.86;200;448.71;0.82;12.24;5151.40;253;422.84;0.99;9.44;5817.76;305;136.97;0.25;2.71;213.51;9;40.54;0.08;21.84;3485.32;171;369.37;0.69;12.19;2819.53;141;288.77;0.45;11.78;2204.86;103;216.19;0.36;11.28;1709.84;82;162.98;0.37;10.96;1179.14;50;232.53;0.48;22.68;1813.48;83;229.76;0.54;14.57;2076.39;103;103.13;0.21;5.71;2377.90;121;58.82;0.15;2.84;3123.54;147;263.75;0.59;9.71;2083.89;102;116.33;0.27;6.42;2408.89;121;52.81;0.10;2.52;958.40;40;158.39;0.33;19.01;0.00;0;0.00;0.00;0.00;0.00;0;0.00;0.00;0.00
58744;LAYS 120GR CHINESE 5 SPICE;14;46463.02;2 286;3523.15;0.14;8.72;0.00;0;0.00;0.00;0.00;0.00;0;0.00;0.00;0.00;0.00;0;0.00;0.00;0.00;0.00;0;0.00;0.00;0.00;0.00;0;0.00;0.00;0.00;0.00;0;0.00;0.00;0.00;0.00;0;0.00;0.00;0.00;0.00;0;0.00;0.00;0.00;0.00;0;0.00;0.00;0.00;0.00;0;0.00;0.00;0.00;0.00;0;0.00;0.00;0.00;0.00;0;0.00;0.00;0.00;0.00;0;0.00;0.00;0.00;0.00;0;0.00;0.00;0.00;0.00;0;0.00;0.00;0.00;0.00;0;0.00;0.00;0.00;0.00;0;0.00;0.00;0.00;0.00;0;0.00;0.00;0.00;0.00;0;0.00;0.00;0.00;0.00;0;0.00;0.00;0.00;0.00;0;0.00;0.00;0.00;0.00;0;0.00;0.00;0.00;0.00;0;0.00;0.00;0.00;0.00;0;0.00;0.00;0.00;0.00;0;0.00;0.00;0.00;0.00;0;0.00;0.00;0.00;0.00;0;0.00;0.00;0.00;0.00;0;0.00;0.00;0.00;0.00;0;0.00;0.00;0.00;4470.38;219;297.50;0.51;7.65;6264.54;302;671.34;1.18;12.32;2403.66;111;317.20;0.58;15.18;4018.85;200;294.83;0.69;8.44;6918.06;379;-96.73;-0.18;-1.61;166.73;7;34.52;0.07;23.81;2351.53;115;258.21;0.48;12.63;3301.61;168;251.99;0.40;8.78;1744.56;84;153.48;0.26;10.12;1310.54;63;117.42;0.26;10.30;2002.76;95;218.12;0.45;12.52;1725.67;80;202.48;0.48;13.49;1893.52;91;142.80;0.29;8.67;933.97;46;52.25;0.13;6.43;1859.70;87;181.92;0.40;11.25;2295.81;111;154.18;0.35;7.72;1430.81;69;84.68;0.16;6.81;359.85;15;59.79;0.12;19.11;1010.47;44;127.17;0.29;14.47;0.00;0;0.00;0.00;0.00
58749;SIMBA CHIPS 120GR KFC ORIG CHI;14;106997.09;5 930;9573.28;0.37;10.29;0.00;0;0.00;0.00;0.00;0.00;0;0.00;0.00;0.00;0.00;0;0.00;0.00;0.00;0.00;0;0.00;0.00;0.00;0.00;0;0.00;0.00;0.00;0.00;0;0.00;0.00;0.00;0.00;0;0.00;0.00;0.00;0.00;0;0.00;0.00;0.00;0.00;0;0.00;0.00;0.00;0.00;0;0.00;0.00;0.00;0.00;0;0.00;0.00;0.00;0.00;0;0.00;0.00;0.00;0.00;0;0.00;0.00;0.00;0.00;0;0.00;0.00;0.00;0.00;0;0.00;0.00;0.00;0.00;0;0.00;0.00;0.00;0.00;0;0.00;0.00;0.00;0.00;0;0.00;0.00;0.00;0.00;0;0.00;0.00;0.00;0.00;0;0.00;0.00;0.00;0.00;0;0.00;0.00;0.00;0.00;0;0.00;0.00;0.00;0.00;0;0.00;0.00;0.00;0.00;0;0.00;0.00;0.00;0.00;0;0.00;0.00;0.00;0.00;0;0.00;0.00;0.00;0.00;0;0.00;0.00;0.00;0.00;0;0.00;0.00;0.00;0.00;0;0.00;0.00;0.00;1132.41;54;255.37;0.43;25.93;7166.95;381;991.39;1.74;15.91;5917.48;319;687.64;1.25;13.36;6676.12;394;368.76;0.86;6.35;9566.15;558;632.96;1.17;7.61;5255.22;302;423.85;0.83;9.28;6536.22;357;733.34;1.37;12.90;6695.37;375;658.52;1.03;11.31;6453.66;345;836.85;1.41;14.91;7877.65;449;638.70;1.43;9.32;1708.98;93;189.44;0.39;12.75;4670.13;258;351.13;0.82;8.65;3422.96;181;393.76;0.81;13.23;4932.83;277;304.12;0.76;7.09;5452.95;308;246.85;0.55;5.21;6027.33;343;234.64;0.54;4.48;5654.79;296;611.25;1.17;12.43;4658.83;255;343.57;0.72;8.48;4318.02;232;349.45;0.81;9.31;2873.04;153;321.67;0.61;12.88
61135;SIMBA CHIPS 120GR WELLING TOM;14;41984.49;2 285;4106.89;0.16;11.25;0.00;0;0.00;0.00;0.00;0.00;0;0.00;0.00;0.00;0.00;0;0.00;0.00;0.00;0.00;0;0.00;0.00;0.00;0.00;0;0.00;0.00;0.00;0.00;0;0.00;0.00;0.00;0.00;0;0.00;0.00;0.00;0.00;0;0.00;0.00;0.00;0.00;0;0.00;0.00;0.00;0.00;0;0.00;0.00;0.00;0.00;0;0.00;0.00;0.00;0.00;0;0.00;0.00;0.00;0.00;0;0.00;0.00;0.00;0.00;0;0.00;0.00;0.00;0.00;0;0.00;0.00;0.00;0.00;0;0.00;0.00;0.00;0.00;0;0.00;0.00;0.00;0.00;0;0.00;0.00;0.00;0.00;0;0.00;0.00;0.00;0.00;0;0.00;0.00;0.00;0.00;0;0.00;0.00;0.00;0.00;0;0.00;0.00;0.00;0.00;0;0.00;0.00;0.00;0.00;0;0.00;0.00;0.00;0.00;0;0.00;0.00;0.00;0.00;0;0.00;0.00;0.00;0.00;0;0.00;0.00;0.00;0.00;0;0.00;0.00;0.00;0.00;0;0.00;0.00;0.00;0.00;0;0.00;0.00;0.00;0.00;0;0.00;0.00;0.00;0.00;0;0.00;0.00;0.00;0.00;0;0.00;0.00;0.00;0.00;0;0.00;0.00;0.00;0.00;0;0.00;0.00;0.00;0.00;0;0.00;0.00;0.00;956.19;48;171.96;0.27;20.68;4625.30;248;610.62;1.03;15.18;5823.10;334;443.43;1.00;8.76;2721.32;151;265.45;0.54;11.22;3908.87;210;404.34;0.95;11.90;2981.11;160;305.60;0.62;11.79;2075.22;110;213.95;0.53;11.86;3230.57;179;191.48;0.43;6.82;3794.49;213;173.11;0.40;5.25;2697.53;138;358.69;0.69;15.29;3122.28;172;195.05;0.41;7.18;2629.24;137;388.68;0.90;17.00;3419.27;185;384.52;0.72;12.93
61136;LAYS 120GR SOUR CREAM & ONION;14;51055.56;2 403;4877.02;0.19;10.99;0.00;0;0.00;0.00;0.00;0.00;0;0.00;0.00;0.00;0.00;0;0.00;0.00;0.00;0.00;0;0.00;0.00;0.00;0.00;0;0.00;0.00;0.00;0.00;0;0.00;0.00;0.00;0.00;0;0.00;0.00;0.00;0.00;0;0.00;0.00;0.00;0.00;0;0.00;0.00;0.00;0.00;0;0.00;0.00;0.00;0.00;0;0.00;0.00;0.00;0.00;0;0.00;0.00;0.00;0.00;0;0.00;0.00;0.00;0.00;0;0.00;0.00;0.00;0.00;0;0.00;0.00;0.00;0.00;0;0.00;0.00;0.00;0.00;0;0.00;0.00;0.00;0.00;0;0.00;0.00;0.00;0.00;0;0.00;0.00;0.00;0.00;0;0.00;0.00;0.00;0.00;0;0.00;0.00;0.00;0.00;0;0.00;0.00;0.00;0.00;0;0.00;0.00;0.00;0.00;0;0.00;0.00;0.00;0.00;0;0.00;0.00;0.00;0.00;0;0.00;0.00;0.00;0.00;0;0.00;0.00;0.00;0.00;0;0.00;0.00;0.00;0.00;0;0.00;0.00;0.00;0.00;0;0.00;0.00;0.00;0.00;0;0.00;0.00;0.00;0.00;0;0.00;0.00;0.00;0.00;0;0.00;0.00;0.00;0.00;0;0.00;0.00;0.00;0.00;0;0.00;0.00;0.00;0.00;0;0.00;0.00;0.00;3181.79;139;625.59;0.98;22.61;5890.86;269;669.98;1.13;13.08;3634.03;171;440.08;0.99;13.93;4448.72;208;546.47;1.12;14.13;2753.96;125;389.73;0.92;16.27;3511.20;172;202.11;0.41;6.62;4235.39;216;91.95;0.23;2.50;5116.85;241;477.65;1.06;10.74;5698.20;273;433.29;0.99;8.74;4121.55;201;204.71;0.39;5.71;981.19;41;161.33;0.34;18.91;3735.21;171;339.88;0.79;10.46;3746.61;176;294.25;0.55;9.03
62845;CADBURY CHOC BAR ORIGINAL 44GR;14;40444.84;2 788;7188.34;0.28;20.44;0.00;0;0.00;0.00;0.00;0.00;0;0.00;0.00;0.00;0.00;0;0.00;0.00;0.00;0.00;0;0.00;0.00;0.00;0.00;0;0.00;0.00;0.00;0.00;0;0.00;0.00;0.00;0.00;0;0.00;0.00;0.00;0.00;0;0.00;0.00;0.00;0.00;0;0.00;0.00;0.00;0.00;0;0.00;0.00;0.00;0.00;0;0.00;0.00;0.00;0.00;0;0.00;0.00;0.00;0.00;0;0.00;0.00;0.00;0.00;0;0.00;0.00;0.00;0.00;0;0.00;0.00;0.00;0.00;0;0.00;0.00;0.00;0.00;0;0.00;0.00;0.00;0.00;0;0.00;0.00;0.00;0.00;0;0.00;0.00;0.00;0.00;0;0.00;0.00;0.00;0.00;0;0.00;0.00;0.00;0.00;0;0.00;0.00;0.00;0.00;0;0.00;0.00;0.00;0.00;0;0.00;0.00;0.00;0.00;0;0.00;0.00;0.00;0.00;0;0.00;0.00;0.00;0.00;0;0.00;0.00;0.00;0.00;0;0.00;0.00;0.00;0.00;0;0.00;0.00;0.00;0.00;0;0.00;0.00;0.00;0.00;0;0.00;0.00;0.00;0.00;0;0.00;0.00;0.00;0.00;0;0.00;0.00;0.00;0.00;0;0.00;0.00;0.00;0.00;0;0.00;0.00;0.00;0.00;0;0.00;0.00;0.00;0.00;0;0.00;0.00;0.00;0.00;0;0.00;0.00;0.00;0.00;0;0.00;0.00;0.00;0.00;0;0.00;0.00;0.00;0.00;0;0.00;0.00;0.00;0.00;0;0.00;0.00;0.00;6381.44;376;1762.96;4.40;31.77;6657.00;471;1048.67;2.33;18.12;5894.84;413;984.30;2.25;19.20;4460.27;298;888.32;1.70;22.90;4791.55;320;960.55;2.00;23.05;5276.10;384;740.69;1.71;16.14;6983.64;526;802.84;1.51;13.22
99991402;SWEETS & CHOCOLATES 15%;14;65309.31;6 448;8038.86;0.31;14.16;-190.29;-111;-23.59;-0.05;14.26;411.92;10;51.06;0.09;14.26;717.66;108;88.96;0.19;14.26;18.00;1;2.23;0.01;14.26;2227.91;495;276.18;0.56;14.26;3263.88;692;404.61;0.85;14.26;-109.26;-68;-13.54;-0.03;14.26;1375.52;248;169.47;0.34;14.17;1121.15;257;138.98;0.33;14.26;340.36;5;31.31;0.06;10.58;1113.99;243;138.10;0.29;14.26;111.79;25;13.86;0.03;14.26;80.97;3;10.04;0.02;14.26;117.94;7;14.62;0.02;14.26;904.73;85;112.16;0.21;14.26;215.99;8;26.78;0.05;14.26;1897.97;392;235.28;0.45;14.26;361.20;-12;44.78;0.09;14.26;196.45;7;23.23;0.04;13.60;1033.19;251;125.17;0.21;13.93;2881.15;239;357.16;0.64;14.26;1145.98;47;142.06;0.21;14.26;1029.06;222;127.57;0.23;14.26;1742.78;254;214.81;0.39;14.17;2903.32;127;343.02;0.45;13.59;2111.79;55;258.73;0.44;14.09;3140.47;263;383.31;0.75;14.04;1116.80;193;137.62;0.27;14.17;2885.63;208;349.14;0.70;13.91;1281.17;229;158.82;0.27;14.26;1777.98;369;220.41;0.39;14.26;2626.32;113;325.57;0.59;14.26;332.40;72;41.21;0.10;14.26;149.98;8;18.59;0.03;14.26;138.99;9;16.67;0.03;13.79;29.70;235;3.68;0.01;14.26;3842.85;104;476.38;0.75;14.26;1272.94;29;157.80;0.27;14.26;654.37;88;81.12;0.18;14.26;30.96;12;2.35;0.00;8.72;1903.93;90;236.02;0.55;14.26;2099.87;43;260.31;0.53;14.26;598.99;22;74.25;0.19;14.26;3070.43;249;377.98;0.84;14.16;4343.54;192;538.45;1.23;14.26;1864.86;24;231.18;0.44;14.26;2627.97;214;325.78;0.68;14.26;2306.01;86;285.87;0.66;14.26;188.00;6;23.31;0.04;14.26
;Total (Overall);;14373629.31;1 063 282;2554789.61;100.00;20.44;275977.76;27 442;49706.89;100.00;20.71;346012.29;40 228;59527.22;100.00;19.78;258619.08;21 995;47944.48;100.00;21.32;258194.08;23 365;39915.17;100.00;17.78;284268.83;22 654;49128.39;100.00;19.87;248756.98;20 523;47435.88;100.00;21.93;274077.72;21 703;47247.20;100.00;19.82;257185.91;20 684;50107.61;100.00;22.41;282586.35;22 698;42309.93;100.00;17.22;314228.75;23 291;56738.95;100.00;20.77;240739.34;19 457;48078.46;100.00;22.97;226498.28;17 999;47906.84;100.00;24.32;319980.18;24 920;60143.02;100.00;21.62;289814.09;24 485;62036.02;100.00;24.62;277179.25;21 535;52950.68;100.00;21.97;276028.34;21 487;49823.63;100.00;20.76;304145.01;24 072;52234.88;100.00;19.75;263435.29;19 328;50360.10;100.00;21.98;313750.23;23 273;56173.96;100.00;20.59;288277.95;21 762;59068.64;100.00;23.56;279062.20;21 460;55606.49;100.00;22.92;337715.99;23 947;66555.69;100.00;22.66;254952.73;18 311;55088.07;100.00;24.85;269684.25;18 943;55553.39;100.00;23.69;341775.43;22 749;76573.71;100.00;25.77;294450.39;20 297;58890.12;100.00;23.00;297761.75;21 506;51031.52;100.00;19.71;289876.72;20 099;51832.32;100.00;20.56;299004.30;21 571;49574.75;100.00;19.07;326132.31;22 989;58801.36;100.00;20.73;303924.16;20 982;56926.25;100.00;21.53;307436.21;22 248;54803.96;100.00;20.49;310960.94;22 482;42713.41;100.00;15.80;353427.12;22 693;54121.03;100.00;17.61;277093.44;18 454;51058.46;100.00;21.19;275268.38;19 079;53593.46;100.00;22.39;353494.67;22 443;63707.07;100.00;20.73;335414.49;21 036;59375.17;100.00;20.36;325559.73;22 689;44512.15;100.00;15.72;283903.84;19 285;48833.59;100.00;19.78;300361.67;19 951;42588.16;100.00;16.31;306981.01;21 286;48911.34;100.00;18.32;274507.63;19 865;40097.19;100.00;16.80;288800.67;20 577;44989.09;100.00;17.91;323238.41;21 084;43672.65;100.00;15.54;326833.57;21 217;52217.70;100.00;18.37;250830.48;17 230;47960.45;100.00;21.99;255868.61;16 249;43296.42;100.00;19.46;329552.50;19 659;53066.69;100.00;18.52
