;;;Totals; ; ; ; ;01/03/22; ; ; ; ;01/04/22; ; ; ; ;01/05/22; ; ; ; ;01/06/22; ; ; ; ;01/07/22; ; ; ; ;01/08/22; ; ; ; ;01/09/22; ; ; ; ;01/10/22; ; ; ; ;01/11/22; ; ; ; ;01/12/22; ; ; ; ;01/01/23; ; ; ; ;01/02/23; ; ; ; ;01/03/23; ; ; ; ;01/04/23; ; ; ; ;01/05/23; ; ; ; ;01/06/23; ; ; ; ;01/07/23; ; ; ; ;01/08/23; ; ; ; ;01/09/23; ; ; ; ;01/10/23; ; ; ; ;01/11/23; ; ; ; ;01/12/23; ; ; ; ;01/01/24; ; ; ; ;01/02/24; ; ; ; ;01/03/24; ; ; ; ;01/04/24; ; ; ; ;01/05/24; ; ; ; ;01/06/24; ; ; ; ;01/07/24; ; ; ; ;01/08/24; ; ; ; ;01/09/24; ; ; ; ;01/10/24; ; ; ; ;01/11/24; ; ; ; ;01/12/24; ; ; ; ;01/01/25; ; ; ; ;01/02/25; ; ; ; ;01/03/25; ; ; ; ;01/04/25; ; ; ; ;01/05/25; ; ; ; ;01/06/25; ; ; ; ;01/07/25; ; ; ; ;01/08/25; ; ; ; ;01/09/25; ; ; ; ;01/10/25; ; ; ; ;01/11/25; ; ; ; ;01/12/25; ; ; ; ;01/01/26; ; ; ; ;01/02/26; ; ; ; ;01/03/26; ; ; ; 
Product Code;Product Description;Department;Sales incl. VAT;Sales Quantity;Gross Profit;GP Ratio (%);GP %;Sales incl. VAT;Sales Quantity;Gross Profit;GP Ratio (%);GP %;Sales incl. VAT;Sales Quantity;Gross Profit;GP Ratio (%);GP %;Sales incl. VAT;Sales Quantity;Gross Profit;GP Ratio (%);GP %;Sales incl. VAT;Sales Quantity;Gross Profit;GP Ratio (%);GP %;Sales incl. VAT;Sales Quantity;Gross Profit;GP Ratio (%);GP %;Sales incl. VAT;Sales Quantity;Gross Profit;GP Ratio (%);GP %;Sales incl. VAT;Sales Quantity;Gross Profit;GP Ratio (%);GP %;Sales incl. VAT;Sales Quantity;Gross Profit;GP Ratio (%);GP %;Sales incl. VAT;Sales Quantity;Gross Profit;GP Ratio (%);GP %;Sales incl. VAT;Sales Quantity;Gross Profit;GP Ratio (%);GP %;Sales incl. VAT;Sales Quantity;Gross Profit;GP Ratio (%);GP %;Sales incl. VAT;Sales Quantity;Gross Profit;GP Ratio (%);GP %;Sales incl. VAT;Sales Quantity;Gross Profit;GP Ratio (%);GP %;Sales incl. VAT;Sales Quantity;Gross Profit;GP Ratio (%);GP %;Sales incl. VAT;Sales Quantity;Gross Profit;GP Ratio (%);GP %;Sales incl. VAT;Sales Quantity;Gross Profit;GP Ratio (%);GP %;Sales incl. VAT;Sales Quantity;Gross Profit;GP Ratio (%);GP %;Sales incl. VAT;Sales Quantity;Gross Profit;GP Ratio (%);GP %;Sales incl. VAT;Sales Quantity;Gross Profit;GP Ratio (%);GP %;Sales incl. VAT;Sales Quantity;Gross Profit;GP Ratio (%);GP %;Sales incl. VAT;Sales Quantity;Gross Profit;GP Ratio (%);GP %;Sales incl. VAT;Sales Quantity;Gross Profit;GP Ratio (%);GP %;Sales incl. VAT;Sales Quantity;Gross Profit;GP Ratio (%);GP %;Sales incl. VAT;Sales Quantity;Gross Profit;GP Ratio (%);GP %;Sales incl. VAT;Sales Quantity;Gross Profit;GP Ratio (%);GP %;Sales incl. VAT;Sales Quantity;Gross Profit;GP Ratio (%);GP %;Sales incl. VAT;Sales Quantity;Gross Profit;GP Ratio (%);GP %;Sales incl. VAT;Sales Quantity;Gross Profit;GP Ratio (%);GP %;Sales incl. VAT;Sales Quantity;Gross Profit;GP Ratio (%);GP %;Sales incl. VAT;Sales Quantity;Gross Profit;GP Ratio (%);GP %;Sales incl. VAT;Sales Quantity;Gross Profit;GP Ratio (%);GP %;Sales incl. VAT;Sales Quantity;Gross Profit;GP Ratio (%);GP %;Sales incl. VAT;Sales Quantity;Gross Profit;GP Ratio (%);GP %;Sales incl. VAT;Sales Quantity;Gross Profit;GP Ratio (%);GP %;Sales incl. VAT;Sales Quantity;Gross Profit;GP Ratio (%);GP %;Sales incl. VAT;Sales Quantity;Gross Profit;GP Ratio (%);GP %;Sales incl. VAT;Sales Quantity;Gross Profit;GP Ratio (%);GP %;Sales incl. VAT;Sales Quantity;Gross Profit;GP Ratio (%);GP %;Sales incl. VAT;Sales Quantity;Gross Profit;GP Ratio (%);GP %;Sales incl. VAT;Sales Quantity;Gross Profit;GP Ratio (%);GP %;Sales incl. VAT;Sales Quantity;Gross Profit;GP Ratio (%);GP %;Sales incl. VAT;Sales Quantity;Gross Profit;GP Ratio (%);GP %;Sales incl. VAT;Sales Quantity;Gross Profit;GP Ratio (%);GP %;Sales incl. VAT;Sales Quantity;Gross Profit;GP Ratio (%);GP %;Sales incl. VAT;Sales Quantity;Gross Profit;GP Ratio (%);GP %;Sales incl. VAT;Sales Quantity;Gross Profit;GP Ratio (%);GP %;Sales incl. VAT;Sales Quantity;Gross Profit;GP Ratio (%);GP %;Sales incl. VAT;Sales Quantity;Gross Profit;GP Ratio (%);GP %;Sales incl. VAT;Sales Quantity;Gross Profit;GP Ratio (%);GP %
11167;MCCAIN COUNTRY CROP;7;51106.34;1 041.000;10423.93;0.63;20.40;1932.17;58.000;166.90;0.69;8.64;1345.20;30.000;344.67;1.53;25.62;492.64;11.000;125.78;0.38;25.53;1292.40;35.000;125.12;0.41;9.68;2464.33;67.000;229.81;1.17;9.33;1034.77;23.000;267.70;1.64;25.87;1813.62;38.000;454.11;1.75;25.04;1371.72;28.000;338.63;1.22;24.69;438.46;9.000;106.40;0.31;24.27;1026.34;21.000;251.52;0.58;24.51;979.80;20.000;241.88;0.66;24.69;678.51;14.000;161.96;0.43;23.87;1273.74;26.000;314.44;0.88;24.69;636.87;13.000;157.22;0.43;24.69;0.00;0.000;0.00;0.00;0.00;599.88;12.000;150.86;1.03;25.15;449.91;9.000;114.81;0.51;25.52;744.85;15.000;186.34;0.56;25.02;699.86;14.000;178.59;0.52;25.52;549.89;11.000;140.32;0.41;25.52;899.82;18.000;229.61;0.58;25.52;1447.21;29.000;301.08;0.68;20.80;1049.79;21.000;218.12;0.52;20.78;1139.74;26.000;110.05;0.26;9.66;1403.70;30.000;215.60;0.60;15.36;899.82;18.000;186.96;0.63;20.78;697.36;14.000;140.52;0.39;20.15;1147.27;23.000;222.62;2.54;19.40;1749.65;35.000;353.96;1.32;20.23;1497.20;30.000;292.94;1.00;19.57;1229.77;23.000;252.07;0.86;20.50;989.82;18.000;205.40;0.40;20.75;1429.74;26.000;288.74;0.71;20.20;437.17;8.000;86.09;0.17;19.69;604.89;11.000;122.16;0.33;20.20;934.83;17.000;188.79;0.49;20.20;549.90;10.000;111.06;0.30;20.20;1429.74;26.000;288.74;0.89;20.20;602.14;11.000;119.41;0.43;19.83;989.82;18.000;199.90;0.69;20.20;987.07;18.000;197.15;0.47;19.97;1264.77;23.000;255.43;0.74;20.20;1314.26;24.000;261.03;0.92;19.86;706.88;12.000;156.13;0.46;22.09;359.94;6.000;83.47;0.18;23.19;1139.81;19.000;264.31;0.55;23.19;779.87;13.000;180.85;0.38;23.19;1679.72;28.000;389.52;1.13;23.19;1919.68;32.000;445.16;1.10;23.19
11168;MCCAIN GARDEN MIX;7;28725.83;617.000;6077.12;0.37;21.16;1874.42;58.000;124.18;0.51;6.62;1212.48;27.000;312.00;1.39;25.73;404.91;9.000;104.75;0.31;25.87;944.75;25.000;110.98;0.36;11.75;2119.44;56.000;252.55;1.29;11.92;1032.52;23.000;265.45;1.63;25.71;704.85;15.000;183.31;0.71;26.01;549.89;11.000;144.03;0.52;26.19;397.42;8.000;102.25;0.30;25.73;699.86;14.000;183.31;0.42;26.19;549.89;11.000;144.03;0.39;26.19;249.95;5.000;65.47;0.17;26.19;549.89;11.000;144.03;0.40;26.19;997.30;20.000;259.38;0.70;26.01;1299.74;26.000;340.44;1.15;26.19;1147.27;23.000;298.66;2.04;26.03;944.81;19.000;241.53;1.07;25.56;799.84;16.000;204.10;0.61;25.52;1097.28;22.000;278.14;0.82;25.35;749.85;15.000;191.34;0.56;25.52;1347.23;27.000;341.92;0.86;25.38;899.82;18.000;201.18;0.46;22.36;497.40;10.000;101.37;0.24;20.38;827.82;18.000;114.96;0.27;13.89;675.86;14.000;121.41;0.34;17.96;699.86;14.000;145.41;0.49;20.78;397.42;8.000;78.80;0.22;19.83;499.90;10.000;97.88;1.12;19.58;397.42;8.000;77.00;0.29;19.38;97.48;2.000;17.08;0.06;17.52;924.83;17.000;191.66;0.65;20.72;1374.75;25.000;283.14;0.55;20.60;824.85;15.000;166.58;0.41;20.20;329.94;6.000;66.63;0.13;20.20;604.89;11.000;122.16;0.33;20.20;0.00;0.000;0.00;0.00;0.00;0.00;0.000;0.00;0.00;0.00;0.00;0.000;0.00;0.00;0.00;0.00;0.000;0.00;0.00;0.00;0.00;0.000;0.00;0.00;0.00;0.00;0.000;0.00;0.00;0.00;0.00;0.000;0.00;0.00;0.00;0.00;0.000;0.00;0.00;0.00;0.00;0.000;0.00;0.00;0.00;0.00;0.000;0.00;0.00;0.00;0.00;0.000;0.00;0.00;0.00;0.00;0.000;0.00;0.00;0.00;0.00;0.000;0.00;0.00;0.00;0.00;0.000;0.00;0.00;0.00
11169;MCCAIN MIX VEGETABLES;7;38414.83;827.000;6891.22;0.42;17.94;0.00;0.000;0.00;0.00;0.00;0.00;0.000;0.00;0.00;0.00;0.00;0.000;0.00;0.00;0.00;1178.54;31.000;199.56;0.65;16.93;666.83;17.000;129.97;0.66;19.49;0.00;0.000;0.00;0.00;0.00;0.00;0.000;0.00;0.00;0.00;0.00;0.000;0.00;0.00;0.00;322.93;7.000;81.54;0.24;25.25;558.53;12.000;144.24;0.33;25.83;234.95;5.000;62.25;0.17;26.49;93.98;2.000;24.90;0.07;26.49;749.49;16.000;196.85;0.55;26.26;798.83;17.000;211.64;0.57;26.49;655.51;14.000;171.95;0.58;26.23;1646.55;45.000;93.90;0.64;5.70;1179.71;29.000;169.39;0.75;14.36;1333.69;31.000;248.42;0.74;18.63;835.81;19.000;169.95;0.50;20.33;1011.77;23.000;205.73;0.61;20.33;1332.68;32.000;215.10;0.54;16.14;673.84;16.000;115.81;0.26;17.19;649.87;13.000;139.40;0.34;21.45;1438.25;35.000;165.62;0.39;11.52;1097.28;22.000;233.41;0.65;21.27;537.39;11.000;105.45;0.36;19.62;1299.74;26.000;278.80;0.78;21.45;1197.26;24.000;254.85;2.91;21.29;1597.65;35.000;232.75;0.87;14.57;915.31;19.000;171.94;0.59;18.78;673.85;15.000;79.09;0.27;11.74;1562.58;32.000;256.79;0.50;16.43;1763.64;36.000;247.66;0.61;14.04;890.83;17.000;173.55;0.35;19.48;696.47;13.000;146.61;0.40;21.05;915.13;17.000;196.08;0.50;21.43;1128.39;21.000;240.15;0.64;21.28;323.94;6.000;70.16;0.22;21.66;755.86;14.000;163.70;0.59;21.66;1025.81;19.000;222.17;0.77;21.66;303.24;6.000;49.46;0.12;16.31;1129.78;22.000;199.24;0.58;17.64;1446.97;28.000;262.65;0.92;18.15;2144.36;39.000;423.70;1.24;19.76;335.93;7.000;77.99;0.17;23.22;1311.66;34.000;58.81;0.12;4.48;0.00;0.000;0.00;0.00;0.00;0.00;0.000;0.00;0.00;0.00;0.00;0.000;0.00;0.00;0.00
11172;MCCAIN CHIPS SKINNY FRIES;7;124808.18;2 442.000;17660.58;1.07;14.15;3371.04;96.000;318.59;1.32;9.45;2003.52;48.000;556.19;2.48;27.76;674.85;15.000;235.80;0.70;34.94;1392.44;31.000;485.07;1.58;34.84;1799.60;40.000;628.80;3.21;34.94;2219.40;60.000;389.86;2.39;17.57;0.00;0.000;0.00;0.00;0.00;499.90;10.000;125.23;0.45;25.05;3639.27;73.000;904.16;2.66;24.84;1649.67;33.000;413.25;0.95;25.05;0.00;0.000;0.00;0.00;0.00;549.89;11.000;137.75;0.36;25.05;0.00;0.000;0.00;0.00;0.00;0.00;0.000;0.00;0.00;0.00;989.82;18.000;293.41;0.99;29.64;1042.06;19.000;306.97;2.10;29.46;4319.17;83.000;1069.23;4.72;24.76;1149.77;23.000;243.28;0.73;21.16;0.00;0.000;0.00;0.00;0.00;899.85;15.000;184.65;0.54;20.52;1985.63;37.000;253.88;0.64;12.79;1888.67;33.000;328.63;0.75;17.40;3439.38;62.000;487.79;1.17;14.18;2779.49;51.000;352.39;0.83;12.68;1679.72;28.000;344.67;0.97;20.52;2779.49;51.000;352.39;1.19;12.68;3944.23;77.000;284.16;0.80;7.20;3406.88;62.000;438.60;5.00;12.87;1319.76;24.000;170.75;0.64;12.94;3651.80;70.000;314.16;1.07;8.60;3496.87;63.000;478.20;1.63;13.67;4229.18;82.000;290.46;0.57;6.87;2971.93;57.000;276.52;0.68;9.30;2689.47;53.000;148.28;0.30;5.51;3533.82;68.000;271.02;0.73;7.67;4771.57;93.000;311.16;0.80;6.52;3598.81;69.000;287.45;0.76;7.99;4337.19;81.000;447.34;1.38;10.31;4379.16;84.000;348.41;1.26;7.96;3389.34;66.000;223.96;0.78;6.61;4633.64;86.000;1477.94;3.53;31.90;5116.00;100.000;1469.43;4.28;28.72;2617.37;48.000;311.95;1.10;11.92;4483.11;89.000;200.07;0.59;4.46;2481.54;46.000;272.91;0.58;11.00;4002.08;77.000;308.66;0.64;7.71;3927.26;74.000;377.92;0.80;9.62;3495.23;67.000;276.83;0.81;7.92;3579.31;69.000;262.42;0.65;7.33
11173;MCCAIN SLAP CHIPS;7;126667.72;2 493.000;12841.73;0.78;10.14;2474.29;71.000;164.03;0.68;6.63;1067.72;28.000;148.66;0.66;13.92;762.58;17.000;197.90;0.59;25.95;584.87;13.000;151.44;0.49;25.89;805.32;18.000;205.00;1.05;25.46;2969.20;80.000;333.71;2.05;11.24;2104.57;43.000;660.95;2.55;31.41;597.38;12.000;147.77;0.53;24.74;849.83;17.000;212.89;0.63;25.05;1599.68;32.000;400.73;0.92;25.05;0.00;0.000;0.00;0.00;0.00;0.00;0.000;0.00;0.00;0.00;0.00;0.000;0.00;0.00;0.00;0.00;0.000;0.00;0.00;0.00;384.93;7.000;114.83;0.39;29.83;2199.60;40.000;652.03;4.45;29.64;2429.55;45.000;684.42;3.02;28.17;0.00;0.000;0.00;0.00;0.00;1379.77;23.000;283.13;0.83;20.52;1739.71;29.000;356.98;1.05;20.52;2071.62;38.000;285.96;0.72;13.80;1504.74;26.000;272.72;0.62;18.12;3153.41;59.000;346.50;0.83;10.99;2099.62;38.000;290.72;0.68;13.85;1556.74;26.000;317.05;0.89;20.37;2591.01;49.000;260.25;0.88;10.04;3309.35;65.000;219.80;0.62;6.64;4486.66;84.000;474.45;5.41;10.57;1764.17;33.000;187.51;0.70;10.63;2869.44;56.000;203.49;0.70;7.09;2693.99;51.000;259.88;0.89;9.65;4006.70;80.000;163.73;0.32;4.09;3826.77;73.000;372.79;0.92;9.74;5938.85;115.000;422.36;0.84;7.11;3985.74;76.000;337.69;0.91;8.47;6273.76;124.000;329.51;0.85;5.25;3063.90;60.000;186.66;0.50;6.09;3409.34;66.000;243.64;0.75;7.15;4019.21;79.000;231.54;0.84;5.76;2289.55;45.000;132.65;0.46;5.79;4978.54;96.000;353.73;0.84;7.11;5551.89;111.000;221.35;0.65;3.99;2687.98;52.000;194.07;0.68;7.22;4129.54;81.000;234.60;0.69;5.68;3116.40;60.000;238.84;0.51;7.66;5675.74;111.000;354.41;0.74;6.24;3539.18;67.000;325.58;0.69;9.20;5371.81;104.000;376.06;1.10;7.00;4753.07;93.000;289.72;0.72;6.10
11174;MCCAIN STEW MIX VEG;7;10095.56;666.000;1276.46;0.08;12.64;244.36;17.000;57.10;0.24;23.37;219.93;17.000;33.51;0.15;15.23;46.00;4.000;2.36;0.01;5.13;141.49;12.000;10.43;0.03;7.37;59.96;4.000;15.77;0.08;26.31;26.49;2.000;4.53;0.03;17.11;14.99;1.000;3.94;0.02;26.31;59.96;4.000;9.75;0.04;16.25;167.88;12.000;17.88;0.05;10.65;136.91;9.000;24.21;0.06;17.68;275.80;20.000;24.89;0.07;9.02;55.96;4.000;5.93;0.02;10.60;298.78;22.000;23.23;0.06;7.77;295.78;22.000;19.57;0.05;6.62;227.84;16.000;24.85;0.08;10.91;384.74;26.000;51.88;0.35;13.48;174.90;10.000;44.04;0.19;25.18;484.63;37.000;38.77;0.12;8.00;221.15;15.000;27.96;0.08;12.64;347.76;24.000;41.43;0.12;11.91;84.95;5.000;18.75;0.05;22.07;179.88;12.000;24.45;0.06;13.59;236.94;16.000;25.45;0.06;10.74;229.15;15.000;26.37;0.06;11.51;461.69;31.000;43.23;0.12;9.36;470.18;33.000;59.27;0.20;12.61;248.86;14.000;58.03;0.16;23.32;141.91;9.000;19.11;0.22;13.47;215.11;14.000;26.34;0.10;12.25;285.11;19.000;28.50;0.10;10.00;294.89;16.000;67.29;0.23;22.82;236.85;15.000;33.67;0.07;14.22;214.00;13.000;26.79;0.07;12.52;269.07;18.000;10.16;0.02;3.77;304.95;19.000;31.81;0.09;10.43;124.95;7.000;23.47;0.06;18.78;484.77;31.000;38.71;0.10;7.99;210.87;13.000;22.54;0.07;10.69;228.87;13.000;38.88;0.14;16.99;74.96;4.000;16.10;0.06;21.48;334.80;20.000;44.04;0.11;13.15;99.94;6.000;12.76;0.04;12.76;119.94;6.000;30.99;0.11;25.84;134.92;8.000;17.68;0.05;13.11;39.98;2.000;9.49;0.02;23.73;39.98;2.000;9.49;0.02;23.73;275.83;17.000;16.63;0.04;6.03;134.92;8.000;12.94;0.04;9.59;31.98;2.000;1.49;0.00;4.65
11175;MCCAIN STIR FRY FRENCH;7;17337.42;1 133.000;2336.53;0.14;13.48;195.90;14.000;41.91;0.17;21.40;279.89;21.000;49.28;0.22;17.61;221.64;16.000;45.58;0.14;20.56;302.49;26.000;18.69;0.06;6.18;104.93;7.000;27.61;0.14;26.31;584.37;47.000;69.83;0.43;11.95;133.92;8.000;35.00;0.14;26.13;345.21;24.000;43.92;0.16;12.72;400.05;26.000;74.37;0.22;18.59;309.78;22.000;34.74;0.08;11.21;627.54;46.000;50.54;0.14;8.05;456.85;30.000;80.80;0.21;17.69;567.59;41.000;52.86;0.15;9.31;276.81;19.000;38.17;0.10;13.79;0.00;0.000;0.00;0.00;0.00;289.82;18.000;59.60;0.41;20.56;260.15;15.000;64.02;0.28;24.61;297.78;22.000;29.73;0.09;9.98;520.63;37.000;49.01;0.14;9.41;582.60;40.000;71.39;0.21;12.25;288.83;17.000;63.74;0.16;22.07;509.98;32.000;88.67;0.20;17.39;352.85;25.000;22.40;0.05;6.35;384.85;25.000;46.75;0.11;12.15;562.02;38.000;49.17;0.14;8.75;660.78;44.000;99.88;0.34;15.12;518.69;31.000;97.98;0.27;18.89;193.17;13.000;15.80;0.18;8.18;430.23;27.000;65.22;0.24;15.16;530.15;35.000;57.11;0.20;10.77;398.87;23.000;71.42;0.24;17.91;518.73;32.000;76.65;0.15;14.78;364.01;22.000;46.23;0.11;12.70;411.86;27.000;24.49;0.05;5.95;409.95;26.000;36.54;0.10;8.91;227.11;13.000;37.53;0.10;16.53;676.65;43.000;56.65;0.15;8.37;436.79;26.000;59.12;0.18;13.53;213.13;12.000;37.63;0.14;17.66;339.05;20.000;47.85;0.17;14.11;53.97;3.000;9.94;0.02;18.41;289.84;16.000;55.29;0.16;19.08;118.94;6.000;29.99;0.11;25.22;229.86;14.000;25.03;0.07;10.89;119.94;6.000;28.46;0.06;23.73;278.86;14.000;65.40;0.14;23.45;326.81;19.000;37.12;0.08;11.36;137.92;8.000;15.94;0.05;11.56;595.63;37.000;31.50;0.08;5.29
11176;MCCAIN COUNTRY CROP;7;38482.89;2 584.000;5341.87;0.32;13.88;593.46;43.000;120.37;0.50;20.28;1151.88;89.000;178.14;0.79;15.47;845.15;63.000;160.35;0.48;18.97;1313.86;110.000;114.77;0.37;8.74;493.17;33.000;135.53;0.69;27.48;1101.99;88.000;143.79;0.88;13.05;514.28;32.000;167.47;0.65;32.56;802.55;60.000;152.29;0.55;18.98;842.55;60.000;119.92;0.35;14.23;1213.28;87.000;161.85;0.37;13.34;2052.46;154.000;272.51;0.74;13.28;831.58;57.000;117.92;0.31;14.18;1639.17;103.000;345.82;0.97;21.10;1245.26;84.000;190.14;0.51;15.27;907.47;63.000;108.22;0.37;11.92;1238.41;79.000;228.14;1.56;18.42;516.50;30.000;123.31;0.54;23.87;950.47;68.000;112.50;0.34;11.84;555.60;40.000;46.97;0.14;8.45;655.54;46.000;70.24;0.21;10.71;441.74;26.000;97.48;0.25;22.07;668.87;43.000;109.32;0.25;16.34;1232.13;87.000;79.53;0.19;6.45;710.16;44.000;113.57;0.27;15.99;1129.14;76.000;103.26;0.29;9.14;542.40;39.000;52.94;0.18;9.76;801.85;50.000;125.65;0.35;15.67;595.59;41.000;37.31;0.43;6.26;693.16;44.000;98.82;0.37;14.26;1007.53;67.000;102.38;0.35;10.16;889.53;52.000;148.43;0.51;16.69;763.52;48.000;108.28;0.21;14.18;545.91;34.000;58.24;0.14;10.67;831.71;55.000;39.44;0.08;4.74;372.93;23.000;41.80;0.11;11.21;535.86;32.000;73.14;0.19;13.65;1135.55;72.000;100.11;0.27;8.82;340.83;22.000;23.37;0.07;6.86;440.99;26.000;62.56;0.23;14.19;383.75;25.000;23.27;0.08;6.06;889.43;57.000;66.46;0.16;7.47;524.70;30.000;88.34;0.26;16.84;357.82;18.000;90.98;0.32;25.43;902.46;54.000;110.59;0.32;12.25;259.87;13.000;61.66;0.13;23.73;337.83;17.000;78.63;0.16;23.28;575.66;34.000;57.27;0.12;9.95;459.74;26.000;63.32;0.18;13.77;647.60;40.000;55.46;0.14;8.56
11177;MCCAIN CUT BEANS;7;16012.33;1 037.000;2608.05;0.16;16.29;486.00;35.000;100.98;0.42;20.78;353.69;29.000;36.48;0.16;10.31;224.45;18.000;27.39;0.08;12.20;480.94;40.000;43.56;0.14;9.06;430.97;29.000;109.07;0.56;25.31;309.40;24.000;45.66;0.28;14.76;265.98;17.000;77.28;0.30;29.05;499.96;34.000;122.56;0.44;24.51;603.03;42.000;99.51;0.29;16.50;292.97;18.000;89.02;0.21;30.39;12.99;1.000;1.89;0.01;14.55;0.00;0.000;0.00;0.00;0.00;0.00;0.000;0.00;0.00;0.00;346.76;24.000;45.48;0.12;13.12;526.66;34.000;96.81;0.33;18.38;423.73;27.000;79.45;0.54;18.75;313.12;18.000;77.58;0.34;24.78;485.80;35.000;55.41;0.17;11.41;448.71;29.000;72.18;0.21;16.09;443.70;30.000;59.07;0.17;13.31;489.31;29.000;105.33;0.27;21.53;223.31;14.000;39.18;0.09;17.54;544.92;38.000;41.86;0.10;7.68;365.67;23.000;53.92;0.13;14.75;230.96;14.000;40.88;0.11;17.70;408.58;28.000;57.16;0.19;13.99;388.56;24.000;63.54;0.18;16.35;252.94;16.000;35.01;0.40;13.84;554.35;35.000;81.31;0.30;14.67;1040.36;64.000;172.21;0.59;16.55;692.13;37.000;168.09;0.57;24.29;395.76;24.000;64.81;0.13;16.38;146.97;9.000;17.66;0.04;12.01;413.73;27.000;24.35;0.05;5.89;326.02;21.000;25.21;0.07;7.73;86.97;5.000;14.26;0.04;16.39;371.90;23.000;39.47;0.10;10.61;206.87;13.000;19.21;0.06;9.28;147.91;9.000;17.24;0.06;11.65;167.90;10.000;22.30;0.08;13.28;251.85;15.000;33.45;0.08;13.28;284.85;15.000;64.69;0.19;22.71;176.91;9.000;43.49;0.15;24.58;136.16;9.000;5.84;0.02;4.29;139.93;7.000;33.20;0.07;23.73;118.94;6.000;27.46;0.06;23.09;123.93;7.000;17.20;0.04;13.88;87.95;5.000;11.72;0.03;13.32;287.83;17.000;28.63;0.07;9.95
11178;MCCAIN SWEET CORN;7;20177.20;1 321.000;2662.12;0.16;13.19;218.90;16.000;42.98;0.18;19.63;481.62;38.000;65.27;0.29;13.55;266.96;22.000;26.39;0.08;9.89;445.41;36.000;51.42;0.17;11.54;224.10;15.000;58.40;0.30;26.06;390.65;31.000;51.08;0.31;13.07;125.92;8.000;31.52;0.12;25.03;479.64;36.000;27.71;0.10;5.78;254.81;19.000;17.50;0.05;6.87;628.73;42.000;102.97;0.24;16.38;535.60;40.000;33.90;0.09;6.33;348.75;25.000;36.11;0.10;10.35;367.72;28.000;16.45;0.05;4.47;238.82;18.000;12.84;0.03;5.38;243.82;18.000;14.97;0.05;6.14;312.81;19.000;68.54;0.47;21.91;466.93;27.000;112.53;0.50;24.10;860.85;60.000;114.12;0.34;13.26;420.71;29.000;48.92;0.14;11.63;491.66;34.000;57.71;0.17;11.74;304.97;18.000;66.64;0.17;21.85;363.76;24.000;52.32;0.12;14.38;535.74;36.000;57.96;0.14;10.82;491.98;32.000;59.12;0.14;12.02;481.18;32.000;48.88;0.14;10.16;535.42;35.000;91.16;0.31;17.03;500.54;31.000;80.95;0.23;16.17;372.05;25.000;31.51;0.36;8.47;504.29;31.000;84.51;0.31;16.76;491.68;32.000;59.01;0.20;12.00;739.56;44.000;116.91;0.40;15.81;775.52;48.000;112.53;0.22;14.51;360.98;21.000;56.09;0.14;15.54;689.81;45.000;41.34;0.08;5.99;369.90;22.000;52.06;0.14;14.07;195.97;11.000;35.72;0.09;18.23;552.82;35.000;49.64;0.13;8.98;240.85;15.000;23.75;0.07;9.86;260.34;16.000;28.31;0.10;10.87;289.83;17.000;42.22;0.15;14.57;684.57;43.000;62.53;0.15;9.13;193.89;11.000;33.46;0.10;17.26;218.89;11.000;55.82;0.20;25.50;568.17;33.000;80.96;0.24;14.25;298.85;15.000;70.15;0.15;23.47;358.82;18.000;84.38;0.18;23.51;325.81;19.000;36.12;0.08;11.09;190.89;11.000;23.17;0.07;12.14;475.71;29.000;33.55;0.08;7.05
11179;MCCAIN MIXED VEGETABLES;7;44578.14;2 919.000;6450.39;0.39;14.47;1159.94;84.000;236.45;0.98;20.38;1165.16;91.000;167.71;0.75;14.39;800.88;66.000;79.18;0.24;9.89;1443.22;117.000;162.93;0.53;11.29;508.16;34.000;132.58;0.68;26.09;1269.62;99.000;184.35;1.13;14.52;324.95;20.000;84.43;0.33;25.98;1398.01;99.000;155.19;0.56;11.10;515.68;32.000;114.46;0.34;22.20;951.46;69.000;89.18;0.21;9.37;2122.38;162.000;92.49;0.25;4.36;951.36;64.000;149.68;0.40;15.73;1621.04;96.000;415.53;1.16;25.63;1139.41;79.000;147.23;0.40;12.92;1221.34;76.000;261.13;0.88;21.38;1146.25;75.000;189.28;1.29;16.51;915.62;53.000;218.82;0.97;23.90;837.17;58.000;113.25;0.34;13.53;454.69;31.000;56.42;0.17;12.41;964.51;64.000;140.20;0.41;14.54;421.35;25.000;90.34;0.23;21.44;794.92;48.000;159.37;0.36;20.05;1208.15;85.000;85.17;0.20;7.05;653.59;41.000;98.12;0.23;15.01;395.74;26.000;44.37;0.12;11.21;1173.23;82.000;144.97;0.49;12.36;752.53;47.000;117.07;0.33;15.56;1033.31;69.000;92.62;1.06;8.96;1262.66;79.000;194.53;0.72;15.41;1067.89;71.000;108.92;0.37;10.20;1259.24;76.000;177.67;0.61;14.11;1503.34;91.000;246.01;0.48;16.36;343.89;20.000;53.79;0.13;15.64;1010.36;66.000;58.68;0.12;5.81;794.88;46.000;127.21;0.34;16.00;589.81;33.000;108.73;0.28;18.43;1453.43;92.000;130.65;0.35;8.99;440.73;27.000;49.68;0.15;11.27;333.82;18.000;69.55;0.25;20.83;688.81;44.000;53.27;0.18;7.73;464.70;30.000;31.86;0.08;6.86;663.62;38.000;110.42;0.32;16.64;638.68;32.000;164.31;0.58;25.73;1248.50;75.000;154.13;0.45;12.34;758.62;38.000;179.24;0.38;23.63;796.60;40.000;186.72;0.39;23.44;855.51;49.000;108.42;0.23;12.67;583.67;33.000;80.52;0.23;13.80;475.71;29.000;33.55;0.08;7.05
11180;MCCAIN GARDEN PEAS;7;28744.32;1 852.000;4680.35;0.28;16.28;644.73;48.000;117.84;0.49;18.28;656.30;51.000;97.16;0.43;14.80;554.86;44.000;72.91;0.22;13.14;879.25;69.000;123.05;0.40;13.99;879.91;59.000;228.17;1.17;25.93;233.14;17.000;46.17;0.28;19.80;543.68;32.000;141.96;0.55;26.11;1445.16;99.000;202.34;0.73;14.00;693.11;49.000;80.40;0.24;11.60;836.61;54.000;160.14;0.37;19.14;904.47;68.000;51.63;0.14;5.71;870.48;57.000;155.82;0.41;17.90;1040.36;64.000;238.12;0.67;22.89;580.58;42.000;53.35;0.14;9.19;494.99;31.000;103.69;0.35;20.95;1220.21;79.000;211.00;1.44;17.29;472.98;27.000;120.44;0.53;25.46;1145.07;83.000;125.61;0.38;10.97;616.02;43.000;65.63;0.19;10.65;897.38;62.000;106.21;0.31;11.84;385.67;23.000;81.14;0.20;21.04;708.83;47.000;98.34;0.22;13.87;839.69;61.000;39.58;0.10;4.71;719.21;49.000;58.15;0.14;8.09;1066.97;73.000;82.40;0.23;7.72;509.80;32.000;106.02;0.36;20.80;278.83;17.000;48.57;0.14;17.42;17.99;1.000;4.35;0.05;24.16;0.00;0.000;0.00;0.00;0.00;0.00;0.000;0.00;0.00;0.00;0.00;0.000;0.00;0.00;0.00;818.54;46.000;190.00;0.37;23.21;459.77;23.000;124.80;0.31;27.14;459.77;23.000;120.83;0.24;26.28;19.99;1.000;5.25;0.01;26.28;433.78;22.000;109.58;0.28;25.26;891.55;45.000;228.41;0.61;25.62;513.74;26.000;130.59;0.40;25.42;199.90;10.000;51.66;0.19;25.84;320.83;17.000;70.14;0.24;21.86;737.57;43.000;110.69;0.26;15.01;398.77;23.000;63.09;0.18;15.82;438.78;22.000;112.65;0.40;25.67;352.53;22.000;36.49;0.11;10.35;138.93;7.000;32.20;0.07;23.18;398.80;20.000;93.86;0.20;23.54;890.47;53.000;82.39;0.17;9.25;418.76;24.000;52.83;0.15;12.62;715.56;44.000;44.70;0.11;6.25
11181;MCCAIN HAWAIIAN STIR FRY;7;18635.43;1 237.000;2540.61;0.15;13.63;330.81;23.000;77.29;0.32;23.36;332.12;25.000;57.60;0.26;17.34;158.94;12.000;27.20;0.08;17.11;541.93;45.000;50.03;0.16;9.23;239.84;16.000;63.10;0.32;26.31;771.30;61.000;103.06;0.63;13.36;385.76;24.000;101.05;0.39;26.20;581.58;42.000;54.32;0.20;9.34;468.67;33.000;56.04;0.16;11.96;322.77;23.000;35.25;0.08;10.92;756.45;55.000;66.62;0.18;8.81;705.68;47.000;116.95;0.31;16.57;631.56;44.000;79.10;0.22;12.53;542.72;38.000;65.49;0.18;12.07;677.59;41.000;160.16;0.54;23.64;269.83;17.000;52.08;0.36;19.30;455.94;26.000;116.64;0.51;25.58;436.71;29.000;69.86;0.21;16.00;261.82;18.000;30.94;0.09;11.82;259.82;18.000;30.17;0.09;11.61;0.00;0.000;0.00;0.00;0.00;38.97;3.000;0.98;0.00;2.51;281.79;21.000;8.99;0.02;3.19;0.00;0.000;0.00;0.00;0.00;652.15;45.000;45.48;0.13;6.97;511.62;38.000;44.35;0.15;8.67;448.97;28.000;70.31;0.20;15.66;616.20;40.000;70.44;0.80;11.43;615.81;39.000;88.94;0.33;14.44;750.22;48.000;100.37;0.34;13.38;333.79;21.000;34.87;0.12;10.45;450.71;29.000;55.14;0.11;12.23;301.92;18.000;42.03;0.10;13.92;407.86;27.000;19.77;0.04;4.85;413.94;26.000;40.09;0.11;9.68;292.06;16.000;58.11;0.15;19.90;641.67;42.000;37.50;0.10;5.84;342.79;21.000;38.71;0.12;11.29;271.84;16.000;39.01;0.14;14.35;353.79;21.000;48.20;0.17;13.62;508.18;32.000;45.25;0.11;8.90;227.87;13.000;37.80;0.11;16.59;239.88;12.000;61.99;0.22;25.84;289.83;17.000;39.26;0.11;13.55;138.93;7.000;32.20;0.07;23.18;196.90;10.000;44.43;0.09;22.57;119.93;7.000;13.20;0.03;11.01;55.97;3.000;10.23;0.03;18.28;0.00;0.000;0.00;0.00;0.00
11186;MCCAIN FRIES SWEET POTATO;7;24895.70;430.000;4887.19;0.29;22.58;499.90;10.000;111.45;0.46;25.64;349.93;7.000;78.02;0.35;25.64;399.92;8.000;89.16;0.27;25.64;349.93;7.000;78.02;0.25;25.64;399.92;8.000;89.16;0.46;25.64;447.41;9.000;98.14;0.60;25.22;423.92;8.000;91.00;0.35;24.69;1332.56;24.000;306.83;1.11;26.48;498.31;9.000;113.84;0.34;26.27;223.96;4.000;52.76;0.12;27.09;1279.37;23.000;296.07;0.80;26.61;601.89;11.000;132.92;0.35;25.40;660.68;12.000;148.54;0.41;25.86;666.28;12.000;153.41;0.42;26.48;107.23;2.000;22.25;0.08;23.86;219.96;4.000;49.28;0.34;25.77;382.18;7.000;80.85;0.36;24.33;673.86;14.000;89.49;0.27;15.27;1314.71;29.000;122.56;0.36;10.72;776.87;13.000;136.48;0.40;20.20;764.87;13.000;126.04;0.32;18.95;656.89;11.000;115.08;0.26;20.15;896.85;15.000;157.87;0.38;20.24;473.92;8.000;80.37;0.19;19.50;239.96;4.000;42.80;0.12;20.51;239.96;4.000;42.80;0.14;20.51;359.94;6.000;63.23;0.18;20.20;419.93;7.000;71.52;0.82;19.59;956.84;16.000;160.86;0.60;19.33;656.89;11.000;109.77;0.38;19.22;563.91;9.000;101.29;0.35;20.66;446.93;7.000;83.81;0.16;21.57;519.92;8.000;102.06;0.25;22.57;519.92;8.000;102.06;0.20;22.57;454.93;7.000;89.30;0.24;22.57;64.99;1.000;12.76;0.03;22.57;649.90;10.000;127.57;0.34;22.57;64.99;1.000;12.76;0.04;22.57;779.88;12.000;153.09;0.56;22.57;139.98;2.000;34.21;0.12;28.11;629.91;9.000;153.95;0.37;28.11;692.90;10.000;164.97;0.48;27.38;279.96;4.000;68.42;0.24;28.11;419.94;6.000;86.88;0.25;23.79;489.93;7.000;101.35;0.22;23.79;349.95;5.000;72.40;0.15;23.79;346.45;5.000;69.35;0.15;23.02;0.00;0.000;0.00;0.00;0.00;206.47;3.000;40.39;0.10;22.50
11188;MCCAIN STIR FRY FRENCH;7;15781.58;387.000;3056.81;0.18;19.37;245.93;7.000;53.10;0.22;21.59;287.92;8.000;66.87;0.30;23.23;359.90;10.000;83.59;0.25;23.23;318.51;9.000;69.83;0.23;21.92;143.96;4.000;33.44;0.17;23.23;215.94;6.000;50.15;0.31;23.23;313.92;8.000;76.29;0.29;24.30;239.94;6.000;59.94;0.22;24.98;0.00;0.000;0.00;0.00;0.00;159.96;4.000;38.58;0.09;24.12;599.85;15.000;144.67;0.39;24.12;359.91;9.000;86.80;0.23;24.12;0.00;0.000;0.00;0.00;0.00;0.00;0.000;0.00;0.00;0.00;599.84;16.000;119.01;0.40;19.84;207.85;5.000;56.12;0.38;27.00;119.97;3.000;27.25;0.12;22.72;439.89;11.000;99.93;0.30;22.72;437.89;11.000;97.93;0.29;22.36;277.93;7.000;61.59;0.18;22.16;159.96;4.000;36.34;0.09;22.72;239.94;6.000;54.50;0.12;22.72;568.12;13.000;122.72;0.30;21.60;480.87;13.000;37.93;0.09;7.89;393.66;9.000;79.82;0.22;20.28;329.97;8.000;54.99;0.19;16.67;308.18;7.000;64.08;0.18;20.79;222.70;5.000;48.34;0.55;21.71;314.93;7.000;70.83;0.26;22.49;629.86;14.000;141.66;0.48;22.49;393.90;10.000;50.78;0.17;12.89;132.72;3.000;28.11;0.05;21.18;220.45;5.000;46.09;0.11;20.91;298.93;7.000;56.43;0.11;18.88;449.90;10.000;101.18;0.27;22.49;650.98;17.000;65.33;0.17;10.03;489.43;12.000;73.53;0.20;15.02;251.69;6.000;43.48;0.13;17.28;224.95;5.000;50.59;0.18;22.49;314.93;7.000;70.83;0.25;22.49;530.03;12.000;114.64;0.27;21.63;278.93;7.000;36.88;0.11;13.22;400.41;9.000;86.57;0.30;21.62;199.95;5.000;24.71;0.07;12.36;230.25;5.000;49.86;0.11;21.65;482.88;12.000;49.94;0.10;10.34;0.00;0.000;0.00;0.00;0.00;724.08;17.000;110.75;0.32;15.29;529.87;13.000;60.85;0.15;11.48
11190;MCCAIN STIR FRY HAWAIAN;7;20171.00;510.000;3704.37;0.22;18.36;523.05;15.000;110.05;0.46;21.04;574.04;16.000;131.94;0.59;22.98;539.85;15.000;125.38;0.37;23.23;71.98;2.000;16.72;0.05;23.23;286.12;8.000;65.07;0.33;22.74;1076.10;30.000;247.17;1.51;22.97;143.96;4.000;33.44;0.13;23.23;239.94;6.000;59.94;0.22;24.98;1039.74;26.000;256.63;0.76;24.68;699.80;20.000;103.01;0.24;14.72;489.87;13.000;98.42;0.27;20.09;159.96;4.000;38.58;0.10;24.12;0.00;0.000;0.00;0.00;0.00;0.00;0.000;0.00;0.00;0.00;677.79;21.000;53.83;0.18;7.94;587.86;14.000;163.03;1.11;27.73;159.96;4.000;36.34;0.16;22.72;357.91;9.000;79.76;0.24;22.28;239.94;6.000;54.50;0.16;22.72;239.94;6.000;54.50;0.16;22.72;759.81;19.000;172.60;0.43;22.72;159.96;4.000;36.34;0.08;22.72;449.90;10.000;101.18;0.24;22.49;1091.72;28.000;132.09;0.31;12.10;434.79;11.000;56.80;0.16;13.06;197.25;5.000;26.09;0.09;13.23;87.73;2.000;19.58;0.05;22.32;0.00;0.000;0.00;0.00;0.00;134.97;3.000;30.36;0.11;22.49;314.93;7.000;70.83;0.24;22.49;593.00;15.000;77.92;0.27;13.14;668.10;15.000;145.03;0.28;21.71;445.40;10.000;96.68;0.24;21.71;674.58;17.000;90.55;0.18;13.42;543.02;13.000;93.68;0.25;17.25;110.97;3.000;7.89;0.02;7.11;446.89;11.000;66.37;0.18;14.85;333.67;8.000;56.23;0.17;16.85;314.93;7.000;70.83;0.26;22.49;42.74;1.000;8.38;0.03;19.61;0.00;0.000;0.00;0.00;0.00;503.86;14.000;22.82;0.07;4.53;0.00;0.000;0.00;0.00;0.00;850.00;20.000;142.18;0.42;16.73;328.93;7.000;76.38;0.16;23.22;670.84;16.000;93.59;0.19;13.95;373.57;8.000;84.94;0.18;22.74;717.83;17.000;104.50;0.30;14.56;813.80;20.000;92.23;0.23;11.33
11191;MCCAIN STIR FRY MEXICAN;7;10836.53;267.000;2021.93;0.12;18.66;0.00;0.000;0.00;0.00;0.00;0.00;0.000;0.00;0.00;0.00;0.00;0.000;0.00;0.00;0.00;0.00;0.000;0.00;0.00;0.00;0.00;0.000;0.00;0.00;0.00;0.00;0.000;0.00;0.00;0.00;0.00;0.000;0.00;0.00;0.00;0.00;0.000;0.00;0.00;0.00;0.00;0.000;0.00;0.00;0.00;79.98;2.000;19.29;0.04;24.12;359.91;9.000;86.80;0.24;24.12;229.93;7.000;21.38;0.06;9.30;761.79;21.000;132.27;0.37;17.36;797.81;19.000;221.25;0.60;27.73;1025.71;29.000;158.21;0.53;15.42;251.94;6.000;69.87;0.48;27.73;81.98;2.000;20.88;0.09;25.47;159.96;4.000;36.34;0.11;22.72;0.00;0.000;0.00;0.00;0.00;0.00;0.000;0.00;0.00;0.00;0.00;0.000;0.00;0.00;0.00;199.95;5.000;45.42;0.10;22.72;479.89;11.000;108.20;0.26;22.55;385.90;10.000;43.58;0.10;11.29;89.98;2.000;20.24;0.06;22.49;0.00;0.000;0.00;0.00;0.00;0.00;0.000;0.00;0.00;0.00;134.97;3.000;30.36;0.35;22.49;402.66;9.000;88.82;0.33;22.06;269.94;6.000;60.71;0.21;22.49;504.87;13.000;59.53;0.20;11.79;404.91;9.000;91.07;0.18;22.49;44.99;1.000;10.12;0.02;22.49;118.97;3.000;15.95;0.03;13.41;163.96;4.000;26.07;0.07;15.90;266.93;7.000;25.90;0.07;9.70;245.94;6.000;38.25;0.10;15.55;36.99;1.000;2.63;0.01;7.11;267.69;6.000;58.46;0.21;21.84;314.93;7.000;73.39;0.25;23.30;314.93;7.000;71.34;0.17;22.65;539.86;14.000;56.77;0.17;10.52;267.69;6.000;58.46;0.21;21.84;502.18;12.000;79.04;0.23;15.74;234.95;5.000;54.56;0.12;23.22;274.93;7.000;22.38;0.05;8.14;326.58;7.000;74.03;0.16;22.67;216.95;5.000;36.56;0.11;16.85;75.98;2.000;3.82;0.01;5.03
11192;MCCAIN STIR FRY ASIAN;7;12708.38;322.000;2243.19;0.14;17.65;467.86;14.000;84.55;0.35;18.07;0.00;0.000;0.00;0.00;0.00;0.00;0.000;0.00;0.00;0.00;287.92;8.000;66.87;0.22;23.23;215.94;6.000;50.15;0.26;23.23;0.00;0.000;0.00;0.00;0.00;235.94;6.000;58.31;0.23;24.71;317.92;8.000;77.92;0.28;24.51;0.00;0.000;0.00;0.00;0.00;0.00;0.000;0.00;0.00;0.00;199.95;5.000;48.22;0.13;24.12;569.82;18.000;35.21;0.09;6.18;527.86;14.000;106.89;0.30;20.25;167.96;4.000;46.58;0.13;27.73;371.88;12.000;16.34;0.06;4.39;81.88;2.000;21.19;0.14;25.88;529.87;13.000;131.65;0.58;24.84;597.85;15.000;134.26;0.40;22.46;0.00;0.000;0.00;0.00;0.00;0.00;0.000;0.00;0.00;0.00;159.96;4.000;36.34;0.09;22.72;279.93;7.000;63.59;0.14;22.72;119.97;3.000;27.25;0.07;22.72;282.93;7.000;42.02;0.10;14.85;282.93;7.000;42.02;0.12;14.85;438.89;11.000;62.49;0.21;14.24;404.91;9.000;92.66;0.26;22.88;224.95;5.000;50.59;0.58;22.49;449.90;10.000;101.18;0.38;22.49;404.91;9.000;91.07;0.31;22.49;603.74;16.000;56.98;0.19;9.44;404.91;9.000;91.07;0.18;22.49;224.95;5.000;50.59;0.12;22.49;124.72;3.000;20.90;0.04;16.76;274.93;7.000;34.82;0.09;12.67;824.79;21.000;100.16;0.26;12.14;327.92;8.000;50.99;0.14;15.55;327.92;8.000;50.99;0.16;15.55;132.72;3.000;28.11;0.10;21.18;132.72;3.000;28.62;0.10;21.56;134.97;3.000;30.36;0.07;22.49;829.58;22.000;71.10;0.21;8.57;222.70;5.000;48.34;0.17;21.71;208.95;5.000;34.41;0.10;16.47;0.00;0.000;0.00;0.00;0.00;122.97;3.000;14.73;0.03;11.98;140.97;3.000;32.73;0.07;23.22;46.99;1.000;10.91;0.03;23.22;0.00;0.000;0.00;0.00;0.00
11196;MCCAIN PEAS CARROTS CORN;7;12928.45;260.000;2993.83;0.18;23.16;0.00;0.000;0.00;0.00;0.00;0.00;0.000;0.00;0.00;0.00;0.00;0.000;0.00;0.00;0.00;257.94;6.000;72.13;0.24;27.96;255.79;6.000;69.98;0.36;27.36;472.89;11.000;132.24;0.81;27.96;42.99;1.000;12.02;0.05;27.96;0.00;0.000;0.00;0.00;0.00;0.00;0.000;0.00;0.00;0.00;0.00;0.000;0.00;0.00;0.00;0.00;0.000;0.00;0.00;0.00;0.00;0.000;0.00;0.00;0.00;0.00;0.000;0.00;0.00;0.00;0.00;0.000;0.00;0.00;0.00;0.00;0.000;0.00;0.00;0.00;0.00;0.000;0.00;0.00;0.00;1447.21;29.000;411.09;1.81;28.41;294.94;6.000;73.09;0.22;24.78;199.96;4.000;52.06;0.15;26.04;149.97;3.000;39.04;0.12;26.04;734.82;18.000;75.99;0.19;10.34;247.45;5.000;56.18;0.13;22.70;199.96;4.000;46.94;0.11;23.48;349.93;7.000;82.15;0.19;23.48;497.40;10.000;114.86;0.32;23.09;397.42;8.000;91.39;0.31;23.00;0.00;0.000;0.00;0.00;0.00;199.96;4.000;43.79;0.50;21.90;499.90;10.000;109.48;0.41;21.90;547.39;11.000;117.93;0.40;21.54;247.45;5.000;50.06;0.17;20.23;199.96;4.000;41.61;0.08;20.81;149.97;3.000;30.21;0.07;20.14;199.96;4.000;40.28;0.08;20.14;199.96;4.000;40.28;0.11;20.14;99.98;2.000;20.14;0.05;20.14;499.90;10.000;100.69;0.27;20.14;149.97;3.000;30.21;0.09;20.14;349.93;7.000;70.48;0.26;20.14;312.44;6.000;72.91;0.25;23.34;1110.14;21.000;271.80;0.65;24.48;421.27;8.000;101.90;0.30;24.19;158.97;3.000;39.21;0.14;24.66;217.96;4.000;52.29;0.15;23.99;384.93;7.000;91.51;0.19;23.77;109.98;2.000;26.15;0.05;23.77;494.91;9.000;117.65;0.25;23.77;329.94;6.000;78.44;0.23;23.77;494.91;9.000;117.65;0.29;23.77
11207;MCCAIN CHIPS FRY;7;16236.17;363.000;3690.55;0.22;22.73;184.95;5.000;53.94;0.22;29.16;484.87;13.000;141.06;0.63;29.09;467.88;12.000;134.39;0.40;28.72;467.88;12.000;134.39;0.44;28.72;857.78;22.000;246.38;1.26;28.72;506.87;13.000;145.59;0.89;28.72;513.73;12.000;139.08;0.54;27.07;0.00;0.000;0.00;0.00;0.00;0.00;0.000;0.00;0.00;0.00;0.00;0.000;0.00;0.00;0.00;0.00;0.000;0.00;0.00;0.00;0.00;0.000;0.00;0.00;0.00;0.00;0.000;0.00;0.00;0.00;0.00;0.000;0.00;0.00;0.00;0.00;0.000;0.00;0.00;0.00;0.00;0.000;0.00;0.00;0.00;0.00;0.000;0.00;0.00;0.00;0.00;0.000;0.00;0.00;0.00;0.00;0.000;0.00;0.00;0.00;179.96;4.000;40.10;0.12;22.29;674.85;15.000;150.39;0.38;22.29;584.87;13.000;130.34;0.30;22.29;179.96;4.000;40.10;0.10;22.29;359.92;8.000;80.21;0.19;22.29;494.89;11.000;110.29;0.31;22.29;717.59;16.000;158.17;0.54;22.04;494.89;11.000;107.82;0.30;21.79;1169.74;26.000;239.29;2.73;20.46;719.84;16.000;147.26;0.55;20.46;224.95;5.000;46.02;0.16;20.46;140.97;3.000;29.79;0.10;21.13;957.40;20.000;201.53;0.39;21.05;669.46;14.000;137.23;0.34;20.50;575.88;12.000;119.69;0.24;20.78;767.84;16.000;159.58;0.43;20.78;239.95;5.000;49.87;0.13;20.78;335.93;7.000;69.82;0.19;20.78;383.92;8.000;79.79;0.25;20.78;383.92;8.000;79.79;0.29;20.78;767.84;16.000;159.58;0.55;20.78;1007.79;21.000;209.45;0.50;20.78;143.97;3.000;29.92;0.09;20.78;527.89;11.000;109.71;0.39;20.78;47.99;1.000;9.97;0.03;20.78;0.00;0.000;0.00;0.00;0.00;0.00;0.000;0.00;0.00;0.00;0.00;0.000;0.00;0.00;0.00;0.00;0.000;0.00;0.00;0.00;0.00;0.000;0.00;0.00;0.00
11209;R/BOW LIVERS TUB FRZ;7;33589.61;2 460.000;8569.59;0.52;29.34;1098.63;96.000;276.97;1.15;28.99;1339.65;117.000;338.16;1.50;29.03;869.06;76.000;213.98;0.64;28.32;755.70;66.000;184.04;0.60;28.01;1568.65;137.000;382.01;1.95;28.01;1270.95;111.000;300.99;1.84;27.23;1419.80;124.000;330.44;1.28;26.76;1053.07;89.000;248.35;0.90;27.12;1594.67;133.000;348.44;1.03;25.13;1240.48;102.000;266.21;0.61;24.68;681.56;44.000;221.41;0.60;37.36;557.64;36.000;181.15;0.48;37.36;789.99;51.000;256.64;0.72;37.36;456.21;29.000;152.02;0.41;38.32;271.83;17.000;92.94;0.31;39.32;591.63;37.000;202.27;1.38;39.32;799.50;50.000;275.43;1.22;39.62;655.59;41.000;225.85;0.68;39.62;706.57;43.000;253.39;0.74;41.24;564.65;35.000;186.20;0.55;37.92;689.55;45.000;170.88;0.43;28.50;215.88;12.000;68.13;0.15;36.29;56.07;3.000;15.07;0.04;30.90;0.00;0.000;0.00;0.00;0.00;336.42;18.000;79.01;0.22;27.01;429.87;23.000;100.95;0.34;27.01;485.94;26.000;114.12;0.32;27.01;392.49;21.000;92.17;1.05;27.01;953.19;51.000;223.85;0.83;27.01;691.53;37.000;162.40;0.56;27.01;672.84;36.000;158.01;0.54;27.01;560.70;30.000;131.68;0.26;27.01;392.49;21.000;92.17;0.23;27.01;738.99;41.000;157.67;0.31;24.54;233.87;13.000;49.63;0.13;24.40;402.69;31.000;118.27;0.30;33.78;831.36;64.000;244.18;0.65;33.78;532.59;41.000;156.43;0.48;33.78;581.65;35.000;179.96;0.65;35.58;305.82;18.000;92.32;0.32;34.72;462.75;25.000;191.49;0.46;47.59;436.77;23.000;205.46;0.60;54.10;272.83;17.000;87.40;0.31;36.84;885.71;77.000;119.57;0.35;15.53;1365.71;125.000;134.88;0.29;11.36;629.55;45.000;130.76;0.27;23.89;537.59;41.000;127.10;0.27;27.19;621.42;58.000;108.82;0.32;20.14;587.51;49.000;120.33;0.30;23.55
11210;R/BOW LIVERS TUB FRZ;7;33637.08;1 292.000;7438.48;0.45;25.43;935.61;39.000;264.10;1.09;32.46;527.78;22.000;148.98;0.66;32.46;815.66;34.000;223.57;0.67;31.52;767.68;32.000;208.79;0.68;31.28;1199.50;50.000;326.23;1.67;31.28;887.63;37.000;234.98;1.44;30.44;599.75;25.000;156.94;0.61;30.09;623.74;26.000;157.28;0.57;29.00;1187.52;48.000;284.76;0.84;27.58;649.74;26.000;153.40;0.35;27.15;791.72;28.000;221.18;0.60;32.13;405.86;14.000;116.67;0.31;33.06;289.90;10.000;83.34;0.23;33.06;666.77;23.000;191.68;0.52;33.06;434.85;15.000;125.01;0.42;33.06;347.88;12.000;100.00;0.68;33.06;289.90;10.000;84.17;0.37;33.39;695.76;24.000;202.01;0.60;33.39;1159.60;40.000;336.68;0.99;33.39;923.65;35.000;193.58;0.57;24.10;836.69;31.000;150.47;0.38;20.68;1322.51;49.000;237.83;0.54;20.68;836.69;31.000;150.47;0.36;20.68;1781.34;66.000;270.60;0.63;17.47;1619.40;60.000;246.00;0.69;17.47;620.77;23.000;94.30;0.32;17.47;404.85;15.000;61.28;0.17;17.41;80.97;3.000;11.65;0.13;16.54;431.84;16.000;62.11;0.23;16.54;647.76;24.000;93.16;0.32;16.54;701.74;26.000;100.93;0.34;16.54;701.74;26.000;100.93;0.20;16.54;831.70;30.000;135.59;0.33;18.75;144.95;5.000;28.10;0.06;22.30;811.72;28.000;157.39;0.43;22.30;919.54;46.000;165.39;0.43;20.68;719.64;36.000;129.44;0.34;20.68;459.77;23.000;82.70;0.25;20.68;564.74;26.000;104.66;0.38;21.31;550.81;19.000;110.78;0.38;23.13;463.84;16.000;93.29;0.22;23.13;636.77;23.000;163.25;0.48;29.48;753.74;26.000;208.28;0.73;31.78;1275.56;44.000;350.57;1.03;31.61;405.86;14.000;108.81;0.23;30.83;281.90;10.000;66.41;0.14;27.09;269.89;11.000;60.32;0.13;25.70;359.85;15.000;80.43;0.23;25.70;0.00;0.000;0.00;0.00;0.00
11211;R/BOW SMPL CHIC NUGGETS ORIG;7;14481.52;262.000;2635.23;0.16;20.93;485.91;9.000;115.35;0.48;27.30;377.93;7.000;89.71;0.40;27.30;323.94;6.000;76.90;0.23;27.30;173.96;4.000;46.07;0.15;30.46;333.92;8.000;32.31;0.17;11.13;161.97;3.000;38.45;0.24;27.30;299.95;5.000;77.37;0.30;29.66;599.90;10.000;154.74;0.56;29.66;179.97;3.000;46.42;0.14;29.66;359.94;6.000;92.84;0.21;29.66;403.91;9.000;31.71;0.09;9.03;179.97;3.000;46.42;0.12;29.66;0.00;0.000;0.00;0.00;0.00;0.00;0.000;0.00;0.00;0.00;0.00;0.000;0.00;0.00;0.00;0.00;0.000;0.00;0.00;0.00;0.00;0.000;0.00;0.00;0.00;0.00;0.000;0.00;0.00;0.00;0.00;0.000;0.00;0.00;0.00;119.98;2.000;35.10;0.10;33.65;539.91;9.000;141.86;0.36;30.22;659.89;11.000;146.22;0.33;25.48;539.91;9.000;119.64;0.29;25.48;239.96;4.000;50.56;0.12;24.23;59.99;1.000;12.42;0.03;23.81;427.92;8.000;65.96;0.22;17.73;989.94;20.000;119.93;0.34;13.93;299.95;5.000;62.11;0.71;23.81;164.97;3.000;27.17;0.10;18.94;599.90;10.000;124.23;0.42;23.81;494.90;10.000;53.37;0.18;12.40;751.86;14.000;100.34;0.20;15.35;119.98;2.000;24.45;0.06;23.44;206.96;4.000;21.87;0.04;12.15;746.87;13.000;131.91;0.36;20.31;179.97;3.000;36.68;0.09;23.44;159.97;3.000;20.39;0.05;14.66;371.93;7.000;46.06;0.14;14.24;209.96;4.000;25.03;0.09;13.71;364.94;6.000;78.26;0.27;24.66;199.96;4.000;16.33;0.04;9.39;99.98;2.000;8.17;0.02;9.39;49.99;1.000;1.72;0.01;3.96;475.91;9.000;38.09;0.11;9.20;125.98;2.000;26.05;0.06;23.78;488.91;9.000;49.46;0.10;11.63;129.98;2.000;29.54;0.06;26.14;324.95;5.000;73.86;0.22;26.14;454.93;7.000;100.16;0.25;25.32
11213;R/BOW SMPL CHIC/STEAKL ORIG;7;19640.77;354.000;3626.40;0.22;21.23;0.00;0.000;0.00;0.00;0.00;377.93;7.000;89.71;0.40;27.30;429.22;8.000;100.18;0.30;26.84;681.84;16.000;46.80;0.15;7.89;547.87;13.000;39.53;0.20;8.30;593.89;11.000;140.98;0.86;27.30;113.98;2.000;28.29;0.11;28.54;179.97;3.000;46.42;0.17;29.66;599.90;10.000;154.74;0.46;29.66;719.88;12.000;185.69;0.43;29.66;618.86;14.000;41.85;0.11;7.78;479.92;8.000;123.79;0.33;29.66;599.90;10.000;154.74;0.43;29.66;959.84;16.000;247.58;0.67;29.66;539.91;9.000;139.26;0.47;29.66;179.97;3.000;46.42;0.32;29.66;0.00;0.000;0.00;0.00;0.00;0.00;0.000;0.00;0.00;0.00;0.00;0.000;0.00;0.00;0.00;179.97;3.000;52.66;0.16;33.65;719.88;12.000;182.21;0.46;29.11;299.95;5.000;66.47;0.15;25.48;599.90;10.000;132.93;0.32;25.48;419.93;7.000;90.44;0.21;24.77;573.90;10.000;107.52;0.30;21.54;414.92;8.000;57.60;0.20;15.97;229.97;4.000;53.07;0.15;26.54;0.00;0.000;0.00;0.00;0.00;0.00;0.000;0.00;0.00;0.00;359.94;6.000;74.54;0.25;23.81;464.91;9.000;60.94;0.21;15.07;631.88;12.000;75.89;0.15;13.81;539.91;9.000;110.04;0.27;23.44;397.93;7.000;67.56;0.13;19.52;217.96;4.000;30.88;0.08;16.29;719.88;12.000;146.72;0.38;23.44;759.87;13.000;142.66;0.38;21.59;441.91;9.000;29.79;0.09;7.75;319.94;6.000;40.79;0.15;14.66;399.92;8.000;32.66;0.11;9.39;640.89;11.000;110.60;0.26;19.85;742.88;12.000;150.45;0.44;23.29;401.93;7.000;57.26;0.20;16.38;738.86;14.000;57.99;0.17;9.03;125.98;2.000;26.05;0.06;23.78;0.00;0.000;0.00;0.00;0.00;129.98;2.000;29.54;0.06;26.14;0.00;0.000;0.00;0.00;0.00;544.90;10.000;53.17;0.13;11.22
11220;S/CHICK BURGER ORIGINAL;7;20693.50;374.000;3880.58;0.23;21.57;53.99;1.000;12.82;0.05;27.30;269.95;5.000;64.08;0.29;27.30;53.99;1.000;12.82;0.04;27.30;709.84;16.000;71.15;0.23;11.53;695.84;16.000;67.32;0.34;11.13;269.95;5.000;64.08;0.39;27.30;179.97;3.000;46.42;0.18;29.66;419.93;7.000;108.32;0.39;29.66;479.92;8.000;123.79;0.36;29.66;119.98;2.000;30.95;0.07;29.66;775.85;15.000;129.63;0.35;19.21;299.95;5.000;77.37;0.20;29.66;839.86;14.000;216.63;0.61;29.66;419.93;7.000;108.32;0.29;29.66;239.96;4.000;61.90;0.21;29.66;719.88;12.000;185.69;1.27;29.66;356.94;6.000;92.47;0.41;29.79;539.91;9.000;140.90;0.42;30.01;402.93;7.000;98.60;0.29;28.14;539.91;9.000;157.97;0.47;33.65;719.88;12.000;181.28;0.46;28.96;359.94;6.000;79.76;0.18;25.48;599.90;10.000;132.93;0.32;25.48;599.90;10.000;130.32;0.31;24.98;388.92;8.000;40.89;0.11;12.09;487.91;9.000;78.38;0.27;18.47;1564.92;32.000;178.17;0.50;13.09;359.94;6.000;74.54;0.85;23.81;1019.82;18.000;192.08;0.72;21.66;839.86;14.000;173.92;0.59;23.81;389.92;8.000;38.62;0.13;11.39;898.83;17.000;108.90;0.21;13.93;419.93;7.000;85.59;0.21;23.44;397.93;7.000;67.56;0.13;19.52;277.95;5.000;43.11;0.12;17.84;239.96;4.000;48.91;0.13;23.44;0.00;0.000;0.00;0.00;0.00;0.00;0.000;0.00;0.00;0.00;149.97;3.000;12.25;0.04;9.39;112.98;2.000;18.92;0.07;19.26;414.93;7.000;75.50;0.18;20.93;0.00;0.000;0.00;0.00;0.00;199.96;4.000;6.88;0.02;3.96;775.85;15.000;48.41;0.14;7.17;692.89;11.000;143.27;0.30;23.78;262.95;5.000;19.69;0.04;8.61;129.98;2.000;29.54;0.06;26.14;0.00;0.000;0.00;0.00;0.00;0.00;0.000;0.00;0.00;0.00
11222;S/CHICK BURGER CHEESE;7;17906.89;322.000;3370.26;0.20;21.64;323.94;6.000;76.90;0.32;27.30;107.98;2.000;25.63;0.11;27.30;161.97;3.000;38.45;0.11;27.30;589.87;13.000;69.22;0.23;13.50;599.85;15.000;18.74;0.10;3.59;161.97;3.000;38.45;0.24;27.30;119.98;2.000;30.95;0.12;29.66;179.97;3.000;46.42;0.17;29.66;539.91;9.000;139.26;0.41;29.66;419.93;7.000;108.32;0.25;29.66;426.91;9.000;47.69;0.13;12.85;119.98;2.000;30.95;0.08;29.66;479.92;8.000;123.79;0.35;29.66;239.96;4.000;61.90;0.17;29.66;419.93;7.000;108.32;0.37;29.66;239.96;4.000;61.90;0.42;29.66;758.87;13.000;193.27;0.85;29.29;359.94;6.000;93.93;0.28;30.01;359.94;6.000;105.31;0.31;33.65;719.88;12.000;210.62;0.62;33.65;419.93;7.000;102.50;0.26;28.07;419.93;7.000;93.05;0.21;25.48;239.96;4.000;53.17;0.13;25.48;119.98;2.000;26.59;0.06;25.48;247.95;5.000;28.69;0.08;13.31;260.95;5.000;37.05;0.13;16.33;614.98;13.000;53.56;0.15;10.02;119.98;2.000;24.85;0.28;23.81;239.96;4.000;49.69;0.19;23.81;479.92;8.000;99.38;0.34;23.81;704.86;14.000;82.67;0.28;13.49;522.90;10.000;59.86;0.12;13.17;419.93;7.000;85.59;0.21;23.44;299.95;5.000;61.13;0.12;23.44;544.90;10.000;77.20;0.21;16.29;359.94;6.000;73.36;0.19;23.44;569.90;10.000;97.84;0.26;19.74;433.91;9.000;22.83;0.07;6.05;539.90;10.000;73.40;0.27;15.64;125.98;2.000;29.67;0.10;27.08;0.00;0.000;0.00;0.00;0.00;440.93;7.000;92.94;0.27;24.24;314.95;5.000;65.12;0.23;23.78;551.90;10.000;62.42;0.18;13.01;629.90;10.000;130.24;0.28;23.78;225.96;4.000;29.52;0.06;15.02;251.96;4.000;52.13;0.11;23.79;259.96;4.000;59.09;0.17;26.14;214.96;4.000;16.71;0.04;8.94
11239;ITAL PIZZA REGINA;7;15511.69;268.000;2679.21;0.16;19.86;0.00;0.000;0.00;0.00;0.00;0.00;0.000;0.00;0.00;0.00;0.00;0.000;0.00;0.00;0.00;0.00;0.000;0.00;0.00;0.00;0.00;0.000;0.00;0.00;0.00;0.00;0.000;0.00;0.00;0.00;0.00;0.000;0.00;0.00;0.00;639.84;16.000;27.00;0.10;4.85;324.93;7.000;49.81;0.15;17.63;290.95;5.000;74.46;0.17;29.43;530.91;9.000;135.23;0.37;29.29;235.96;4.000;60.10;0.16;29.29;619.90;10.000;156.18;0.44;28.97;377.94;6.000;90.86;0.25;27.65;129.98;2.000;33.76;0.11;29.87;194.97;3.000;50.65;0.35;29.87;129.98;2.000;34.16;0.15;30.22;259.96;4.000;68.31;0.20;30.22;320.95;5.000;77.11;0.23;27.63;566.91;9.000;121.23;0.36;24.59;377.94;6.000;80.82;0.20;24.59;188.97;3.000;40.41;0.09;24.59;515.92;8.000;126.88;0.31;28.28;314.95;5.000;69.72;0.16;25.46;599.90;10.000;98.79;0.28;18.94;309.95;5.000;62.84;0.21;23.32;494.91;9.000;74.40;0.21;17.29;437.17;8.000;58.11;0.66;15.29;604.89;11.000;71.52;0.27;13.60;0.00;0.000;0.00;0.00;0.00;0.00;0.000;0.00;0.00;0.00;0.00;0.000;0.00;0.00;0.00;354.98;7.000;40.95;0.10;13.27;714.89;11.000;162.87;0.32;26.20;64.99;1.000;12.90;0.03;22.83;519.92;8.000;98.94;0.25;21.88;64.99;1.000;12.29;0.03;21.75;460.99;9.000;22.24;0.07;5.55;1431.43;28.000;133.95;0.49;10.76;679.21;12.000;93.04;0.32;15.75;879.92;14.000;142.24;0.34;18.59;300.00;5.000;36.95;0.11;14.16;0.00;0.000;0.00;0.00;0.00;126.73;2.000;42.54;0.12;38.60;139.98;2.000;30.47;0.06;25.03;342.95;5.000;70.09;0.15;23.50;0.00;0.000;0.00;0.00;0.00;0.00;0.000;0.00;0.00;0.00;962.93;16.000;117.37;0.29;14.02
11240;ITAL PIZ HAWAIIAN;7;31698.60;543.000;6005.83;0.36;21.79;743.86;14.000;184.11;0.76;28.46;431.92;8.000;107.13;0.48;28.52;755.86;14.000;187.47;0.56;28.52;431.92;8.000;107.13;0.35;28.52;701.87;13.000;174.08;0.89;28.52;323.94;6.000;80.34;0.49;28.52;161.97;3.000;40.17;0.16;28.52;1273.71;29.000;128.97;0.47;11.64;475.90;10.000;70.23;0.21;16.97;645.94;11.000;162.72;0.38;28.97;1002.83;17.000;255.44;0.69;29.29;589.90;10.000;150.26;0.40;29.29;770.63;12.000;197.90;0.55;29.53;584.91;9.000;151.94;0.41;29.87;389.94;6.000;101.29;0.34;29.87;324.95;5.000;84.41;0.58;29.87;454.93;7.000;119.54;0.53;30.22;129.98;2.000;34.16;0.10;30.22;322.95;5.000;81.25;0.24;28.93;440.93;7.000;94.29;0.28;24.59;314.95;5.000;67.35;0.17;24.59;503.92;8.000;107.41;0.24;24.51;259.96;4.000;64.10;0.15;28.36;814.87;13.000;163.23;0.38;23.04;716.88;12.000;115.94;0.32;18.60;734.88;12.000;138.47;0.47;21.67;679.88;12.000;119.19;0.33;20.16;714.87;13.000;98.32;1.12;15.82;824.85;15.000;92.03;0.34;12.83;589.90;10.000;112.38;0.38;21.91;389.94;6.000;77.40;0.26;22.83;649.90;10.000;129.00;0.25;22.83;1579.93;32.000;120.28;0.30;8.76;1488.27;23.000;317.27;0.63;24.52;646.65;10.000;126.17;0.34;22.44;194.97;3.000;36.87;0.09;21.75;448.43;7.000;80.39;0.21;20.62;1014.92;18.000;110.76;0.34;12.55;1184.97;24.000;79.96;0.29;7.76;1080.01;18.000;180.84;0.63;19.26;684.95;11.000;105.86;0.25;17.77;734.95;12.000;103.30;0.30;16.16;584.08;9.000;99.32;0.35;19.56;784.88;12.000;240.98;0.71;35.31;516.67;8.000;158.27;0.34;35.23;559.92;8.000;121.88;0.25;25.03;464.93;7.000;84.91;0.18;21.00;600.91;9.000;114.19;0.33;21.85;975.52;16.000;126.91;0.31;14.96
11241;ITAL PIZ MARGHERITA;7;21420.30;367.000;6122.23;0.37;32.87;477.91;9.000;190.57;0.79;45.86;269.95;5.000;109.74;0.49;46.75;485.91;9.000;197.53;0.59;46.75;701.87;13.000;285.32;0.93;46.75;375.23;7.000;151.29;0.77;46.37;269.95;5.000;109.74;0.67;46.75;53.99;1.000;21.95;0.08;46.75;765.85;15.000;242.44;0.87;36.40;822.87;18.000;151.58;0.45;21.18;640.89;11.000;265.37;0.61;47.62;589.90;10.000;262.96;0.71;51.26;117.98;2.000;52.59;0.14;51.26;321.70;5.000;154.74;0.43;55.32;454.93;7.000;220.59;0.60;55.76;519.92;8.000;252.10;0.85;55.76;324.95;5.000;157.57;1.08;55.76;519.92;8.000;252.10;1.11;55.76;129.98;2.000;63.03;0.19;55.76;387.94;6.000;187.34;0.55;55.53;62.99;1.000;29.77;0.09;54.36;314.95;5.000;148.87;0.37;54.36;899.86;14.000;432.49;0.98;55.27;974.85;15.000;428.13;1.03;50.50;244.96;4.000;80.87;0.19;37.96;59.99;1.000;9.88;0.03;18.94;679.89;11.000;135.56;0.46;22.93;239.96;4.000;49.68;0.14;23.81;824.85;15.000;113.44;1.29;15.82;829.85;15.000;104.76;0.39;14.52;404.93;7.000;74.29;0.25;21.10;714.89;11.000;147.44;0.50;23.72;844.87;13.000;167.70;0.33;22.83;759.98;16.000;40.17;0.10;6.08;584.91;9.000;126.59;0.25;24.89;129.98;2.000;25.80;0.07;22.83;454.93;7.000;86.04;0.22;21.75;194.97;3.000;36.87;0.10;21.75;850.93;15.000;93.56;0.29;12.64;582.49;12.000;36.43;0.13;7.19;282.60;5.000;28.85;0.10;11.74;862.89;14.000;126.43;0.30;16.85;239.98;4.000;28.81;0.08;13.80;553.25;9.000;73.99;0.26;15.38;129.98;2.000;45.36;0.13;40.13;464.93;7.000;121.91;0.26;30.15;0.00;0.000;0.00;0.00;0.00;0.00;0.000;0.00;0.00;0.00;0.00;0.000;0.00;0.00;0.00;0.00;0.000;0.00;0.00;0.00
11243;ITAL PIZ MARGHERITA VALUE PACK;7;42282.12;288.000;8469.89;0.51;23.04;0.00;0.000;0.00;0.00;0.00;0.00;0.000;0.00;0.00;0.00;0.00;0.000;0.00;0.00;0.00;0.00;0.000;0.00;0.00;0.00;909.93;7.000;228.18;1.17;28.84;519.96;4.000;130.39;0.80;28.84;1039.92;8.000;277.50;1.07;30.69;909.93;7.000;247.69;0.89;31.30;389.97;3.000;106.15;0.31;31.30;1299.90;10.000;341.59;0.79;30.22;1039.92;8.000;266.74;0.72;29.50;519.96;4.000;133.37;0.35;29.50;879.94;6.000;207.47;0.58;27.11;434.97;3.000;101.68;0.28;26.88;1034.93;7.000;246.38;0.83;27.38;299.98;2.000;71.45;0.49;27.39;419.97;3.000;72.74;0.32;19.92;1119.92;8.000;193.98;0.58;19.92;1819.87;13.000;315.22;0.92;19.92;1003.93;7.000;176.54;0.52;20.22;863.94;6.000;152.29;0.38;20.27;575.96;4.000;101.53;0.23;20.27;143.99;1.000;25.38;0.06;20.27;575.96;4.000;101.53;0.24;20.27;143.99;1.000;25.38;0.07;20.27;863.94;6.000;152.29;0.52;20.27;719.95;5.000;126.91;0.36;20.27;1439.90;10.000;253.82;2.89;20.27;959.94;6.000;186.28;0.69;22.32;2239.86;14.000;434.64;1.49;22.32;799.95;5.000;155.23;0.53;22.32;1119.93;7.000;215.85;0.42;22.16;1439.91;9.000;272.81;0.67;21.79;1279.92;8.000;242.50;0.48;21.79;1119.93;7.000;212.19;0.57;21.79;1439.91;9.000;272.81;0.70;21.79;959.94;6.000;181.87;0.48;21.79;1039.92;8.000;174.16;0.54;19.26;1039.92;8.000;174.16;0.63;19.26;2139.26;14.000;480.05;1.66;25.81;183.59;1.000;47.32;0.11;29.64;879.92;8.000;52.88;0.15;6.91;1229.91;9.000;175.04;0.62;16.37;849.95;5.000;177.49;0.52;24.01;1699.90;10.000;354.98;0.75;24.01;1359.92;8.000;283.98;0.59;24.01;1529.91;9.000;319.48;0.68;24.01;0.00;0.000;0.00;0.00;0.00;0.00;0.000;0.00;0.00;0.00
11256;ITAL PIZZA BBQ CHICKEN;7;31681.20;553.000;7401.34;0.45;26.87;319.94;6.000;128.21;0.53;46.08;377.93;7.000;153.63;0.68;46.75;485.91;9.000;197.53;0.59;46.75;215.96;4.000;87.79;0.29;46.75;537.20;10.000;217.13;1.11;46.48;593.89;11.000;241.43;1.48;46.75;755.86;14.000;307.27;1.19;46.75;1149.76;24.000;286.58;1.03;28.66;775.84;16.000;176.10;0.52;26.10;349.94;6.000;145.83;0.34;47.92;530.91;9.000;236.66;0.64;51.26;884.85;15.000;394.43;1.04;51.26;312.95;5.000;147.13;0.41;54.07;519.92;8.000;252.10;0.68;55.76;259.96;4.000;126.05;0.43;55.76;324.95;5.000;157.57;1.08;55.76;129.98;2.000;63.03;0.28;55.76;584.91;9.000;283.62;0.85;55.76;384.79;6.000;184.60;0.54;55.17;377.94;6.000;178.64;0.53;54.36;251.96;4.000;119.10;0.30;54.36;311.80;5.000;146.13;0.33;53.90;519.92;8.000;192.68;0.46;42.62;64.99;1.000;16.66;0.04;29.47;479.92;8.000;79.03;0.22;18.94;559.91;9.000;116.00;0.39;23.82;809.86;14.000;153.18;0.43;21.75;1097.05;20.000;148.87;1.70;15.61;2146.86;39.000;263.77;0.98;14.13;934.84;16.000;166.83;0.57;20.52;579.91;9.000;115.91;0.40;22.99;909.86;14.000;180.60;0.35;22.83;1814.97;39.000;80.19;0.20;5.08;714.89;11.000;157.63;0.31;25.36;324.95;5.000;64.50;0.17;22.83;584.91;9.000;111.84;0.29;21.99;649.90;10.000;122.91;0.33;21.75;838.47;16.000;50.62;0.16;6.94;2012.45;41.000;146.24;0.53;8.36;535.21;9.000;87.61;0.30;18.83;999.92;16.000;157.65;0.38;18.13;1212.36;20.000;162.18;0.47;15.38;380.79;7.000;17.43;0.06;5.27;264.96;4.000;80.74;0.24;35.04;134.98;2.000;35.37;0.08;30.14;349.95;5.000;76.18;0.16;25.03;411.44;6.000;84.02;0.18;23.48;856.87;13.000;154.27;0.45;20.70;1053.91;17.000;147.87;0.37;16.14
11275;ITAL PIZZA FAM BAC/FET/AV;7;26716.71;341.000;5483.87;0.33;23.60;0.00;0.000;0.00;0.00;0.00;0.00;0.000;0.00;0.00;0.00;0.00;0.000;0.00;0.00;0.00;0.00;0.000;0.00;0.00;0.00;0.00;0.000;0.00;0.00;0.00;0.00;0.000;0.00;0.00;0.00;0.00;0.000;0.00;0.00;0.00;899.88;12.000;221.57;0.80;28.32;824.89;11.000;203.11;0.60;28.32;749.90;10.000;184.64;0.43;28.32;824.89;11.000;203.11;0.55;28.32;974.87;13.000;240.03;0.64;28.32;1264.84;16.000;305.46;0.85;27.77;1039.87;13.000;250.07;0.68;27.66;559.93;7.000;130.61;0.44;26.82;959.88;12.000;221.13;1.51;26.49;1555.94;24.000;230.75;1.02;17.05;1559.80;20.000;343.59;1.03;25.33;824.89;11.000;164.22;0.48;22.89;959.88;12.000;198.57;0.59;23.79;879.89;11.000;182.03;0.46;23.79;1515.81;19.000;310.93;0.71;23.59;711.91;9.000;141.97;0.34;22.93;79.99;1.000;16.55;0.04;23.79;0.00;0.000;0.00;0.00;0.00;0.00;0.000;0.00;0.00;0.00;719.91;9.000;146.34;0.41;23.38;799.90;10.000;156.83;1.79;22.55;573.93;7.000;114.10;0.42;22.86;655.92;8.000;130.40;0.45;22.86;651.82;8.000;124.89;0.43;22.03;405.85;5.000;73.67;0.14;20.88;737.91;9.000;136.25;0.33;21.23;327.96;4.000;66.97;0.13;23.48;81.99;1.000;15.14;0.04;21.23;361.99;5.000;39.81;0.10;12.65;1367.91;18.000;191.77;0.51;16.12;245.97;3.000;45.42;0.14;21.23;163.98;2.000;30.28;0.11;21.23;0.00;0.000;0.00;0.00;0.00;0.00;0.000;0.00;0.00;0.00;0.00;0.000;0.00;0.00;0.00;0.00;0.000;0.00;0.00;0.00;1370.82;16.000;247.82;0.73;20.79;718.08;9.000;133.29;0.28;21.35;0.00;0.000;0.00;0.00;0.00;446.35;5.000;94.85;0.20;24.44;71.45;1.000;4.78;0.01;7.70;827.91;9.000;182.93;0.45;25.41
11276;ITAL PIZZA S/RIB&BACON;7;36633.86;632.000;7141.65;0.43;22.42;1221.77;23.000;297.67;1.23;28.02;917.83;17.000;227.64;1.01;28.52;485.91;9.000;120.52;0.36;28.52;863.84;16.000;214.25;0.70;28.52;1347.05;25.000;332.42;1.70;28.38;755.86;14.000;187.47;1.15;28.52;1241.77;23.000;307.98;1.19;28.52;904.82;18.000;162.12;0.59;20.61;1156.76;24.000;185.21;0.55;18.41;585.90;10.000;149.59;0.34;29.36;766.87;13.000;195.34;0.53;29.29;117.98;2.000;30.05;0.08;29.29;324.95;5.000;84.41;0.24;29.87;259.96;4.000;67.53;0.18;29.87;389.94;6.000;101.29;0.34;29.87;584.91;9.000;151.94;1.04;29.87;519.92;8.000;136.62;0.60;30.22;516.67;8.000;133.80;0.40;29.78;707.74;11.000;176.84;0.52;28.73;881.86;14.000;188.05;0.55;24.52;692.89;11.000;148.17;0.37;24.59;377.94;6.000;80.82;0.18;24.59;647.90;10.000;157.24;0.38;27.91;611.90;10.000;129.12;0.30;24.27;1259.79;21.000;207.47;0.58;18.94;859.86;14.000;167.82;0.57;22.44;459.92;8.000;78.88;0.22;19.72;1759.68;32.000;242.02;2.76;15.82;1721.94;31.000;220.33;0.82;14.71;1149.80;20.000;194.99;0.67;19.50;646.65;10.000;135.65;0.46;24.12;584.91;9.000;116.10;0.23;22.83;2061.64;41.000;174.29;0.43;9.72;711.64;11.000;144.32;0.29;23.32;649.90;10.000;129.00;0.35;22.83;0.00;0.000;0.00;0.00;0.00;0.00;0.000;0.00;0.00;0.00;986.97;19.000;56.77;0.17;6.61;824.45;16.000;92.75;0.34;12.94;1081.52;18.000;164.97;0.57;17.54;1067.84;17.000;176.29;0.42;18.99;219.96;4.000;11.06;0.03;5.78;344.94;6.000;29.06;0.10;9.69;1334.80;20.000;387.07;1.13;33.35;694.90;10.000;157.25;0.33;26.02;1119.84;16.000;243.76;0.51;25.03;209.97;3.000;45.71;0.10;25.03;0.00;0.000;0.00;0.00;0.00;0.00;0.000;0.00;0.00;0.00
11280;ITAL PIZZA RIB&BACON MINI;7;35710.87;428.000;7256.38;0.44;23.37;956.12;13.000;226.09;0.93;27.19;1424.81;19.000;343.14;1.53;27.70;1646.03;22.000;394.06;1.18;27.53;1049.86;14.000;252.84;0.83;27.70;1267.33;17.000;300.50;1.54;27.27;674.91;9.000;162.54;1.00;27.70;674.91;9.000;162.54;0.63;27.70;1049.86;14.000;252.84;0.91;27.70;749.90;10.000;180.60;0.53;27.70;1046.11;14.000;249.58;0.58;27.44;709.90;10.000;146.27;0.40;23.70;899.88;12.000;216.72;0.57;27.70;79.99;1.000;19.23;0.05;27.64;879.89;11.000;211.48;0.57;27.64;694.92;8.000;177.10;0.60;29.31;629.93;7.000;161.10;1.10;29.41;809.91;9.000;209.58;0.92;29.76;1079.88;12.000;279.44;0.84;29.76;719.92;8.000;186.30;0.55;29.76;434.95;5.000;85.63;0.25;22.64;169.63;2.000;30.47;0.08;20.66;608.93;7.000;119.89;0.27;22.64;538.93;7.000;59.02;0.14;12.59;608.93;7.000;119.89;0.28;22.64;521.94;6.000;102.76;0.29;22.64;173.98;2.000;34.25;0.12;22.64;434.95;5.000;85.08;0.24;22.49;608.93;7.000;117.95;1.34;22.28;275.97;3.000;51.94;0.19;21.64;1103.88;12.000;207.76;0.71;21.64;735.92;8.000;138.51;0.47;21.64;547.34;6.000;99.88;0.19;20.99;449.94;6.000;19.28;0.05;4.93;1662.81;19.000;251.47;0.50;17.39;868.93;10.000;126.49;0.34;16.74;943.93;11.000;129.32;0.33;15.76;0.00;0.000;0.00;0.00;0.00;275.97;3.000;50.44;0.16;21.02;919.90;10.000;169.31;0.61;21.17;367.96;4.000;68.43;0.24;21.39;457.95;5.000;79.96;0.19;20.08;570.71;7.000;37.87;0.11;7.63;697.93;7.000;141.22;0.50;23.27;284.97;3.000;51.14;0.15;20.64;759.92;8.000;136.38;0.29;20.64;650.93;7.000;107.16;0.22;18.93;1660.82;18.000;264.25;0.56;18.30;0.00;0.000;0.00;0.00;0.00;1329.86;14.000;238.67;0.59;20.64
11291;ESKORT G/MDL PORK SAUSAGE;7;25986.05;425.000;6032.77;0.36;26.70;549.90;10.000;127.81;0.53;26.73;443.92;8.000;103.06;0.46;26.70;284.95;5.000;65.94;0.20;26.61;227.96;4.000;52.75;0.17;26.61;569.90;10.000;131.88;0.67;26.61;398.93;7.000;92.32;0.57;26.61;512.91;9.000;118.69;0.46;26.61;687.39;11.000;157.80;0.57;26.40;437.43;7.000;100.42;0.30;26.40;983.30;20.000;116.94;0.27;13.68;437.43;7.000;100.42;0.27;26.40;0.00;0.000;0.00;0.00;0.00;124.98;2.000;28.69;0.08;26.40;663.40;10.000;174.57;0.47;30.26;339.95;5.000;93.95;0.32;31.78;472.53;7.000;128.58;0.88;31.29;407.94;6.000;113.94;0.50;32.12;407.94;6.000;113.94;0.34;32.12;339.95;5.000;94.95;0.28;32.12;679.90;10.000;189.90;0.56;32.12;679.90;10.000;189.90;0.48;32.12;705.88;12.000;145.62;0.33;23.72;229.95;5.000;12.69;0.03;6.35;135.98;2.000;37.31;0.09;31.55;339.95;5.000;91.59;0.26;30.98;404.54;6.000;106.95;0.36;30.40;659.88;12.000;148.64;0.42;25.90;439.92;8.000;99.10;1.13;25.90;953.82;18.000;191.66;0.71;23.11;736.63;12.000;173.74;0.59;27.12;968.35;15.000;232.51;0.79;27.61;743.38;12.000;175.92;0.34;27.21;293.95;5.000;54.11;0.13;21.17;533.91;9.000;101.57;0.20;21.88;299.95;5.000;59.33;0.16;22.75;713.88;12.000;137.17;0.35;22.10;593.90;10.000;113.43;0.30;21.96;1187.80;20.000;226.87;0.70;21.96;779.87;13.000;154.25;0.56;22.75;430.43;7.000;92.19;0.32;24.63;578.41;9.000;140.27;0.33;27.89;401.68;7.000;81.84;0.24;23.43;475.18;7.000;131.10;0.46;31.73;975.84;16.000;244.06;0.71;28.76;700.72;13.000;130.76;0.28;21.46;871.89;11.000;314.87;0.66;41.53;239.97;3.000;87.77;0.19;42.06;703.91;9.000;195.90;0.57;32.00;235.97;3.000;55.14;0.14;26.87
11300;C/FAIR GIZZARDS;7;15236.19;1 011.000;4038.67;0.24;30.48;491.59;41.000;127.23;0.53;29.76;850.09;71.000;219.28;0.98;29.66;911.24;76.000;235.84;0.70;29.76;827.31;69.000;214.12;0.70;29.76;1594.67;133.000;412.72;2.11;29.76;911.24;76.000;235.84;1.45;29.76;671.44;56.000;173.78;0.67;29.76;1426.81;119.000;369.28;1.33;29.76;1475.18;82.000;363.22;1.07;28.32;796.56;44.000;197.37;0.46;28.49;389.31;19.000;107.68;0.29;31.81;453.78;22.000;127.29;0.34;32.26;351.84;16.000;111.55;0.31;36.46;395.82;18.000;125.49;0.34;36.46;197.91;9.000;62.75;0.21;36.46;285.87;13.000;90.63;0.62;36.46;109.95;5.000;35.16;0.16;36.77;263.88;12.000;84.38;0.25;36.77;417.81;19.000;133.60;0.39;36.77;197.91;9.000;63.29;0.19;36.77;307.86;14.000;98.44;0.25;36.77;125.93;7.000;24.87;0.06;22.72;335.84;16.000;82.99;0.20;28.42;131.94;6.000;34.39;0.08;29.97;153.93;7.000;40.12;0.11;29.97;21.99;1.000;5.73;0.02;29.97;241.89;11.000;58.39;0.16;27.76;153.93;7.000;31.97;0.36;23.88;153.93;7.000;31.97;0.12;23.88;21.99;1.000;4.57;0.02;23.88;0.00;0.000;0.00;0.00;0.00;0.00;0.000;0.00;0.00;0.00;0.00;0.000;0.00;0.00;0.00;0.00;0.000;0.00;0.00;0.00;0.00;0.000;0.00;0.00;0.00;0.00;0.000;0.00;0.00;0.00;0.00;0.000;0.00;0.00;0.00;0.00;0.000;0.00;0.00;0.00;0.00;0.000;0.00;0.00;0.00;0.00;0.000;0.00;0.00;0.00;0.00;0.000;0.00;0.00;0.00;0.00;0.000;0.00;0.00;0.00;0.00;0.000;0.00;0.00;0.00;0.00;0.000;0.00;0.00;0.00;137.94;6.000;32.62;0.07;27.19;87.96;4.000;18.27;0.04;23.88;248.89;11.000;60.55;0.13;27.98;91.96;4.000;23.28;0.07;29.12;0.00;0.000;0.00;0.00;0.00
11301;C/FAIR NECKS;7;24002.84;1 852.000;6137.18;0.37;29.40;471.01;45.000;118.48;0.49;28.93;732.22;70.000;183.90;0.82;28.88;670.84;64.000;169.34;0.51;29.03;503.52;48.000;127.35;0.42;29.08;1069.98;102.000;270.61;1.38;29.08;639.89;61.000;161.84;0.99;29.08;912.63;87.000;230.81;0.89;29.08;1342.72;128.000;339.59;1.23;29.08;969.64;86.000;224.22;0.66;26.59;647.46;54.000;149.39;0.34;26.53;743.38;62.000;171.52;0.46;26.53;671.44;56.000;154.92;0.41;26.53;741.47;53.000;238.80;0.67;37.04;447.68;32.000;144.18;0.39;37.04;853.39;61.000;274.84;0.93;37.04;741.47;53.000;238.80;1.63;37.04;559.60;40.000;181.74;0.80;37.35;783.44;56.000;254.44;0.76;37.35;363.74;26.000;118.13;0.35;37.35;816.43;57.000;275.50;0.81;38.81;506.66;34.000;181.44;0.46;41.18;251.79;21.000;58.89;0.13;26.90;125.91;9.000;37.84;0.09;34.56;389.74;26.000;113.77;0.27;33.57;284.81;19.000;69.43;0.19;28.03;344.77;23.000;84.05;0.28;28.03;344.77;23.000;78.57;0.22;26.21;254.83;17.000;48.83;0.56;22.04;239.84;16.000;45.96;0.17;22.04;449.70;30.000;86.17;0.29;22.04;209.86;14.000;40.21;0.14;22.04;419.72;28.000;80.43;0.16;22.04;419.72;28.000;80.43;0.20;22.04;239.84;16.000;45.96;0.09;22.04;104.93;7.000;20.11;0.05;22.04;0.00;0.000;0.00;0.00;0.00;0.00;0.000;0.00;0.00;0.00;284.81;19.000;54.58;0.17;22.04;374.75;25.000;71.81;0.26;22.04;428.72;28.000;87.29;0.30;23.41;527.67;33.000;119.96;0.29;26.14;223.86;14.000;50.89;0.15;26.14;735.54;46.000;167.21;0.59;26.14;671.58;42.000;152.67;0.45;26.14;351.78;22.000;79.97;0.17;26.14;255.84;16.000;52.61;0.11;23.65;431.73;27.000;97.86;0.21;26.07;207.87;13.000;47.28;0.14;26.16;239.85;15.000;54.56;0.13;26.16
11303;C/FAIR LIVER TUBS;7;29695.93;1 047.000;5629.65;0.34;21.80;232.61;9.000;47.36;0.20;23.41;857.67;33.000;177.79;0.79;23.84;518.50;20.000;106.62;0.32;23.65;571.78;22.000;118.53;0.39;23.84;467.82;18.000;96.98;0.50;23.84;545.79;21.000;113.14;0.69;23.84;1117.57;43.000;231.66;0.89;23.84;753.71;29.000;156.24;0.56;23.84;511.84;16.000;126.07;0.37;28.33;991.69;31.000;244.26;0.56;28.33;447.86;14.000;110.31;0.30;28.33;159.95;5.000;39.40;0.10;28.33;575.82;18.000;141.83;0.40;28.33;415.87;13.000;102.43;0.28;28.33;735.77;23.000;181.23;0.61;28.33;351.89;11.000;86.67;0.59;28.33;1727.46;54.000;430.80;1.90;28.68;1311.59;41.000;327.09;0.98;28.68;383.88;12.000;95.73;0.28;28.68;314.90;10.000;75.99;0.22;27.75;782.71;29.000;110.65;0.28;16.26;377.86;14.000;53.42;0.12;16.26;350.87;13.000;49.60;0.12;16.26;296.89;11.000;41.97;0.10;16.26;188.93;7.000;26.71;0.07;16.26;755.72;28.000;106.84;0.36;16.26;890.67;33.000;125.92;0.35;16.26;566.79;21.000;80.13;0.91;16.26;512.81;19.000;72.50;0.27;16.26;944.65;35.000;133.55;0.46;16.26;863.68;32.000;122.10;0.42;16.26;728.73;27.000;103.02;0.20;16.26;1322.51;49.000;186.97;0.46;16.26;404.85;15.000;58.44;0.12;16.60;539.80;20.000;78.04;0.21;16.62;1025.62;38.000;148.27;0.38;16.62;512.81;19.000;74.13;0.20;16.62;512.81;19.000;74.13;0.23;16.62;350.87;13.000;50.72;0.18;16.62;413.85;15.000;65.47;0.23;18.19;569.81;19.000;118.11;0.28;23.84;479.84;16.000;99.46;0.29;23.84;509.83;17.000;105.67;0.37;23.84;509.83;17.000;105.67;0.31;23.84;509.83;17.000;105.67;0.22;23.84;419.85;15.000;63.88;0.13;17.50;279.90;10.000;42.58;0.09;17.50;299.90;10.000;59.98;0.17;23.00;779.74;26.000;155.94;0.39;23.00
11305;C/FAIR LIVER TUBS;7;14848.96;934.000;3356.57;0.20;26.00;349.75;25.000;93.36;0.39;30.70;279.10;20.000;74.08;0.33;30.52;153.89;11.000;41.08;0.12;30.70;237.83;17.000;63.48;0.21;30.70;433.69;31.000;115.76;0.59;30.70;265.81;19.000;70.95;0.43;30.70;195.86;14.000;52.28;0.20;30.70;937.33;67.000;250.19;0.90;30.70;703.56;44.000;173.16;0.51;28.30;607.62;38.000;149.54;0.34;28.30;143.91;9.000;35.42;0.10;28.30;383.76;24.000;94.45;0.25;28.30;463.71;29.000;114.13;0.32;28.30;143.91;9.000;35.42;0.10;28.30;79.95;5.000;19.68;0.07;28.30;31.98;2.000;7.87;0.05;28.30;0.00;0.000;0.00;0.00;0.00;0.00;0.000;0.00;0.00;0.00;287.82;18.000;71.72;0.21;28.66;309.81;19.000;73.49;0.22;27.28;458.73;27.000;97.58;0.25;24.46;84.95;5.000;18.07;0.04;24.46;849.50;50.000;180.71;0.43;24.46;730.57;43.000;155.41;0.36;24.46;373.78;22.000;79.51;0.22;24.46;203.88;12.000;43.37;0.15;24.46;220.87;13.000;46.98;0.13;24.46;135.92;8.000;27.78;0.32;23.51;16.99;1.000;3.47;0.01;23.51;356.79;21.000;72.93;0.25;23.51;662.61;39.000;135.44;0.46;23.51;526.69;31.000;107.66;0.21;23.51;577.66;34.000;118.08;0.29;23.51;713.58;42.000;145.86;0.29;23.51;339.80;20.000;69.46;0.19;23.51;747.56;44.000;152.81;0.39;23.51;325.80;20.000;61.99;0.16;21.88;74.95;5.000;12.03;0.04;18.46;74.95;5.000;12.03;0.04;18.46;89.94;6.000;15.15;0.05;19.37;209.86;14.000;43.62;0.10;23.91;389.74;26.000;81.02;0.24;23.91;89.94;6.000;18.70;0.07;23.91;149.90;10.000;31.16;0.09;23.91;134.91;9.000;28.04;0.06;23.91;149.90;10.000;30.83;0.06;23.65;149.90;10.000;30.83;0.07;23.65;0.00;0.000;0.00;0.00;0.00;0.00;0.000;0.00;0.00;0.00
11306;C/FAIR IQF MIX PORTIONS;7;227525.83;3 117.000;30753.97;1.86;15.54;3824.49;51.000;823.38;3.40;24.76;5699.24;76.000;1227.00;5.46;24.76;3903.48;52.000;827.32;2.47;24.37;4619.40;60.000;916.20;2.99;22.81;35120.31;569.000;1267.13;6.48;4.15;9238.80;120.000;1832.40;11.23;22.81;6775.12;88.000;1343.76;5.19;22.81;7237.06;94.000;1435.38;5.18;22.81;6267.20;80.000;1251.11;3.68;22.96;33994.71;529.000;2122.28;4.89;7.18;13518.31;169.000;2719.16;7.37;23.13;11798.53;147.000;2384.50;6.31;23.24;9358.96;104.000;2175.35;6.08;26.73;38884.39;561.000;2389.76;6.47;7.07;5129.43;57.000;1192.26;4.02;26.73;4589.49;51.000;1066.76;7.29;26.73;3239.64;36.000;763.20;3.37;27.09;1619.82;18.000;381.60;1.14;27.09;3149.65;35.000;742.00;2.18;27.09;989.89;11.000;233.20;0.69;27.09;1169.87;13.000;275.60;0.69;27.09;3209.61;39.000;578.11;1.31;20.71;1019.88;12.000;201.25;0.48;22.69;169.98;2.000;33.54;0.08;22.69;509.94;6.000;100.63;0.28;22.69;0.00;0.000;0.00;0.00;0.00;0.00;0.000;0.00;0.00;0.00;0.00;0.000;0.00;0.00;0.00;0.00;0.000;0.00;0.00;0.00;0.00;0.000;0.00;0.00;0.00;0.00;0.000;0.00;0.00;0.00;0.00;0.000;0.00;0.00;0.00;0.00;0.000;0.00;0.00;0.00;0.00;0.000;0.00;0.00;0.00;179.98;2.000;35.67;0.10;22.79;6845.25;75.000;1393.45;3.58;23.41;275.97;3.000;56.99;0.15;23.75;643.93;7.000;132.98;0.41;23.75;735.92;8.000;151.98;0.55;23.75;823.91;9.000;165.34;0.57;23.08;1495.83;17.000;227.04;0.54;17.45;759.92;8.000;155.54;0.45;23.54;0.00;0.000;0.00;0.00;0.00;636.93;7.000;133.07;0.39;24.03;90.99;1.000;19.01;0.04;24.03;0.00;0.000;0.00;0.00;0.00;0.00;0.000;0.00;0.00;0.00;0.00;0.000;0.00;0.00;0.00;0.00;0.000;0.00;0.00;0.00
11863;SPAR SEAFOOD MIX;7;21389.37;358.000;4923.16;0.30;26.47;415.92;8.000;92.09;0.38;25.46;423.90;10.000;31.64;0.14;8.58;259.95;5.000;67.44;0.20;29.83;153.37;3.000;38.20;0.12;28.64;467.91;9.000;121.38;0.62;29.83;160.97;3.000;44.81;0.27;32.01;455.92;8.000;142.68;0.55;35.99;455.92;8.000;142.68;0.51;35.99;341.94;6.000;107.01;0.31;35.99;795.01;14.000;247.21;0.57;35.76;227.96;4.000;71.34;0.19;35.99;0.00;0.000;0.00;0.00;0.00;227.96;4.000;71.34;0.20;35.99;797.86;14.000;249.69;0.68;35.99;512.91;9.000;160.52;0.54;35.99;455.92;8.000;142.68;0.97;35.99;170.97;3.000;53.51;0.24;35.99;116.98;2.000;38.28;0.11;37.63;599.90;10.000;204.44;0.60;39.19;239.96;4.000;81.77;0.24;39.19;914.84;16.000;200.10;0.50;25.15;356.94;6.000;120.05;0.27;38.68;419.93;7.000;143.11;0.34;39.19;599.90;10.000;204.44;0.48;39.19;1016.82;18.000;215.57;0.60;24.38;491.91;9.000;64.15;0.22;15.00;754.88;12.000;153.42;0.43;23.37;584.91;9.000;116.24;1.33;22.85;259.96;4.000;51.66;0.19;22.85;259.96;4.000;51.66;0.18;22.85;259.96;4.000;51.66;0.18;22.85;129.98;2.000;25.83;0.05;22.85;481.91;9.000;43.30;0.11;10.33;735.88;12.000;118.95;0.24;18.59;455.33;7.000;85.08;0.23;21.49;202.47;3.000;39.00;0.10;22.15;0.00;0.000;0.00;0.00;0.00;404.93;7.000;39.40;0.12;11.19;836.38;12.000;171.36;0.62;23.56;689.40;10.000;136.21;0.47;22.72;860.86;14.000;116.21;0.28;15.52;346.45;5.000;69.62;0.20;23.11;1585.77;23.000;341.20;1.20;24.74;883.87;13.000;196.44;0.57;25.56;400.93;7.000;40.56;0.09;11.63;173.97;3.000;19.25;0.04;12.72;0.00;0.000;0.00;0.00;0.00;0.00;0.000;0.00;0.00;0.00;0.00;0.000;0.00;0.00;0.00
11876;SPAR FISH FINGERS CRUMBED;7;69151.92;1 497.000;8511.15;0.51;14.15;1874.49;51.000;71.16;0.29;4.37;499.90;10.000;114.77;0.51;26.40;1703.55;45.000;64.78;0.19;4.37;349.93;7.000;93.81;0.31;30.83;1418.62;38.000;77.06;0.39;6.25;511.90;10.000;144.44;0.89;32.45;311.94;6.000;90.84;0.35;33.49;2179.47;53.000;301.55;1.09;15.91;259.95;5.000;75.70;0.22;33.49;259.95;5.000;75.70;0.17;33.49;2849.31;69.000;161.27;0.44;6.51;311.94;6.000;90.84;0.24;33.49;2866.30;70.000;116.30;0.32;4.67;769.83;17.000;75.85;0.21;11.33;2370.23;52.000;257.59;0.87;12.50;1317.01;24.000;290.78;1.99;25.39;3396.43;82.000;266.88;1.18;9.04;934.83;17.000;196.73;0.59;24.20;1994.52;48.000;88.59;0.26;5.11;3564.12;88.000;-19.59;-0.06;-0.63;384.93;7.000;81.01;0.20;24.20;604.89;11.000;130.20;0.30;24.75;1146.75;25.000;477.82;1.15;47.92;494.91;9.000;110.69;0.26;25.72;1316.56;29.000;148.36;0.42;12.96;494.91;9.000;110.69;0.37;25.72;1877.58;42.000;193.43;0.54;11.85;549.90;10.000;122.98;1.40;25.72;2293.51;49.000;301.43;1.12;15.11;1005.02;18.000;228.60;0.78;26.16;1444.54;26.000;323.97;1.10;25.79;2264.31;49.000;266.71;0.52;13.55;1396.95;25.000;309.71;0.76;25.50;559.90;10.000;122.53;0.24;25.17;2423.23;55.000;211.58;0.57;10.04;569.05;10.000;122.19;0.31;24.69;2893.35;65.000;242.66;0.65;9.64;1369.71;29.000;150.91;0.47;12.67;2042.93;43.000;175.37;0.64;9.87;606.85;10.000;135.71;0.47;25.72;976.75;20.000;94.77;0.23;11.16;1091.72;18.000;243.74;0.71;25.68;853.86;14.000;193.70;0.68;26.09;3543.28;72.000;364.63;1.07;11.83;853.86;14.000;193.70;0.41;26.09;2046.53;42.000;205.76;0.43;11.56;983.03;17.000;202.15;0.43;23.65;1194.34;21.000;236.86;0.69;22.81;2124.55;45.000;174.24;0.43;9.43
11898;SPAR MINI CHEESE PUFFS;7;29220.98;347.000;4543.96;0.27;17.88;309.95;5.000;73.66;0.30;27.33;465.93;7.000;111.50;0.50;27.52;1076.32;18.000;141.96;0.42;15.17;276.46;4.000;64.26;0.21;26.73;419.94;6.000;100.96;0.52;27.65;388.95;5.000;88.68;0.54;26.22;576.78;7.000;124.79;0.48;24.88;248.97;3.000;55.03;0.20;25.42;659.77;8.000;143.13;0.42;24.95;721.90;10.000;95.97;0.22;15.29;414.95;5.000;91.71;0.25;25.42;489.64;6.000;102.84;0.27;24.15;414.95;5.000;91.71;0.26;25.42;165.98;2.000;36.69;0.10;25.42;248.97;3.000;55.03;0.19;25.42;663.92;8.000;146.74;1.00;25.42;711.92;8.000;150.14;0.66;24.25;598.93;7.000;110.50;0.33;21.22;509.94;6.000;91.73;0.27;20.69;339.96;4.000;61.15;0.18;20.69;509.94;6.000;91.73;0.23;20.69;1269.84;16.000;166.36;0.38;15.07;1035.61;14.000;80.35;0.19;8.92;1104.87;13.000;198.75;0.47;20.69;1009.62;13.000;124.13;0.35;14.14;71.99;1.000;5.16;0.02;8.24;0.00;0.000;0.00;0.00;0.00;539.94;6.000;99.09;1.13;21.10;1409.81;19.000;89.94;0.33;7.34;411.95;5.000;53.50;0.18;14.93;91.99;1.000;17.28;0.06;21.61;888.29;11.000;98.15;0.19;12.71;599.27;8.000;42.84;0.11;8.22;1045.27;13.000;116.08;0.23;12.77;772.31;9.000;112.84;0.31;16.80;278.97;3.000;53.58;0.14;22.09;379.96;4.000;76.06;0.20;23.02;569.94;6.000;90.03;0.28;18.17;474.95;5.000;54.96;0.20;13.31;474.95;5.000;54.96;0.19;13.31;189.98;2.000;21.99;0.05;13.31;949.90;10.000;109.93;0.32;13.31;719.94;6.000;153.42;0.54;24.51;239.98;2.000;51.14;0.15;24.51;719.94;6.000;153.42;0.33;24.51;1609.83;17.000;100.94;0.21;7.21;474.96;4.000;100.29;0.21;24.28;830.93;7.000;173.52;0.51;24.02;841.92;8.000;115.33;0.29;15.75
11899;SPAR MINI SAUSAGE ROLLS;7;37549.61;439.000;5895.18;0.36;18.05;743.88;12.000;176.78;0.73;27.33;651.90;10.000;155.70;0.69;27.47;1089.81;19.000;109.21;0.33;11.52;139.98;2.000;33.65;0.11;27.65;489.93;7.000;117.78;0.60;27.65;790.90;10.000;178.88;1.10;26.01;580.93;7.000;128.40;0.50;25.42;497.94;6.000;110.06;0.40;25.42;825.75;10.000;179.82;0.53;25.04;815.88;12.000;74.36;0.17;10.48;829.90;10.000;183.43;0.50;25.42;497.94;6.000;110.06;0.29;25.42;331.96;4.000;73.37;0.20;25.42;580.93;7.000;128.40;0.35;25.42;82.99;1.000;18.34;0.06;25.42;663.92;8.000;141.66;0.97;24.54;177.98;2.000;37.53;0.17;24.25;424.95;5.000;76.44;0.23;20.69;424.95;5.000;76.44;0.22;20.69;594.93;7.000;107.02;0.32;20.69;1019.88;12.000;183.46;0.46;20.69;899.88;12.000;79.12;0.18;10.11;349.95;5.000;11.23;0.03;3.69;0.00;0.000;0.00;0.00;0.00;503.93;7.000;36.10;0.10;8.24;947.03;12.000;125.98;0.43;15.30;349.96;4.000;63.61;0.18;20.90;269.97;3.000;49.54;0.56;21.10;1516.30;20.000;118.33;0.44;8.97;1387.33;17.000;173.14;0.59;14.35;643.93;7.000;120.98;0.41;21.61;916.88;12.000;69.17;0.14;8.68;0.00;0.000;0.00;0.00;0.00;1562.80;20.000;149.09;0.30;10.97;1635.80;20.000;190.83;0.52;13.42;836.91;9.000;159.87;0.41;21.97;1044.89;11.000;209.18;0.56;23.02;565.19;6.000;93.92;0.29;19.11;759.92;8.000;87.94;0.32;13.31;1135.13;12.000;127.78;0.44;12.95;569.94;6.000;65.96;0.16;13.31;1040.14;11.000;116.79;0.34;12.91;719.94;6.000;153.42;0.54;24.51;1559.87;13.000;332.41;0.97;24.51;1193.90;10.000;250.48;0.53;24.13;1310.12;13.000;145.95;0.30;12.81;584.95;5.000;119.53;0.25;23.50;944.92;8.000;198.60;0.58;24.17;2042.80;20.000;245.46;0.61;13.82
11900;SPAR PUFF PASTRY;7;87997.17;3 444.000;13007.41;0.79;17.00;1136.33;77.000;71.95;0.30;7.28;872.76;54.000;106.87;0.48;14.08;676.66;34.000;122.48;0.37;20.82;839.58;42.000;154.53;0.50;21.17;677.64;36.000;95.93;0.49;16.28;2250.71;129.000;114.75;0.70;5.86;2027.93;107.000;212.97;0.82;12.08;2420.39;111.000;243.44;0.88;11.57;2238.18;107.000;132.66;0.39;6.82;2619.97;115.000;332.09;0.77;14.58;1760.02;70.000;353.98;0.96;23.13;1636.07;63.000;351.04;0.93;24.67;3734.35;167.000;393.55;1.10;12.12;2415.82;98.000;430.99;1.17;20.52;2745.84;106.000;494.68;1.67;20.72;2945.96;114.000;504.70;3.45;19.70;2812.88;122.000;292.92;1.29;11.98;2688.36;104.000;377.60;1.13;16.15;1533.57;53.000;284.58;0.83;21.34;1877.22;78.000;178.99;0.53;10.97;1847.18;82.000;82.75;0.21;5.15;3385.08;147.000;174.67;0.40;5.93;1477.04;51.000;275.01;0.66;21.41;1272.66;44.000;235.83;0.55;21.31;1620.54;56.000;300.84;0.84;21.35;1243.67;43.000;230.41;0.78;21.31;2404.72;83.000;444.73;1.25;21.27;2541.16;94.000;366.42;4.18;16.58;1402.03;47.000;284.90;1.06;23.37;1583.47;53.000;323.40;1.11;23.49;1466.51;49.000;301.21;1.03;23.62;750.75;25.000;148.30;0.29;22.72;1192.12;48.000;85.98;0.21;8.29;2458.32;98.000;185.22;0.37;8.66;1239.60;40.000;255.25;0.69;23.68;1887.29;61.000;386.56;0.99;23.55;1854.75;60.000;378.83;1.01;23.49;3216.76;104.000;658.26;2.03;23.53;1652.92;53.000;340.24;1.23;23.67;2549.06;94.000;280.89;0.97;12.67;1257.89;36.000;255.15;0.61;23.33;1047.95;30.000;202.49;0.59;22.22;1563.60;50.000;200.34;0.71;14.73;1479.71;39.000;365.30;1.07;28.39;2685.18;82.000;431.65;0.92;18.49;1001.82;28.000;213.88;0.45;24.55;645.83;17.000;159.95;0.34;28.48;472.37;13.000;105.04;0.31;25.57;886.95;30.000;83.20;0.21;10.79
11901;SPAR SHORTCRUST PASTRY;7;31480.87;1 248.000;4421.69;0.27;16.15;607.62;38.000;73.43;0.30;13.90;497.70;30.000;71.04;0.32;16.42;379.81;19.000;69.90;0.21;21.17;456.77;23.000;82.01;0.27;20.65;562.70;30.000;78.20;0.40;15.98;474.74;26.000;49.38;0.30;11.96;554.42;28.000;72.04;0.28;14.94;806.64;36.000;101.19;0.37;14.43;1626.06;79.000;69.23;0.20;4.90;1033.17;43.000;174.66;0.40;19.44;300.23;12.000;59.45;0.16;22.77;674.44;26.000;144.21;0.38;24.59;827.64;36.000;104.98;0.29;14.59;427.78;22.000;-5.37;-0.01;-1.44;0.00;0.000;0.00;0.00;0.00;0.00;0.000;0.00;0.00;0.00;1579.21;79.000;28.55;0.13;2.08;1271.49;51.000;159.99;0.48;14.47;260.91;9.000;48.75;0.14;21.49;281.90;10.000;49.10;0.14;20.03;934.70;40.000;57.46;0.14;7.07;980.57;43.000;45.21;0.10;5.30;605.89;21.000;111.24;0.27;21.11;346.43;12.000;63.74;0.15;21.16;691.41;24.000;126.23;0.35;21.00;463.84;16.000;86.67;0.29;21.49;691.41;24.000;126.23;0.35;21.00;0.00;0.000;0.00;0.00;0.00;509.83;17.000;105.41;0.39;23.78;749.75;25.000;155.01;0.53;23.78;869.71;29.000;179.81;0.61;23.78;999.67;33.000;199.22;0.39;22.92;1041.79;41.000;91.20;0.22;10.07;2043.03;82.000;144.80;0.29;8.15;557.82;18.000;114.86;0.31;23.68;737.56;24.000;147.76;0.38;23.04;991.68;32.000;204.20;0.54;23.68;525.28;17.000;107.13;0.33;23.45;154.95;5.000;31.91;0.12;23.68;529.82;18.000;76.26;0.26;16.55;626.32;18.000;124.63;0.30;22.88;699.80;20.000;136.01;0.40;22.35;604.80;20.000;63.32;0.22;12.04;455.88;12.000;112.91;0.33;28.48;743.77;23.000;112.58;0.24;17.41;506.16;14.000;112.92;0.24;25.66;189.95;5.000;47.05;0.10;28.48;220.94;6.000;51.08;0.15;26.59;384.88;12.000;56.10;0.14;16.76
11909;SPAR MINI CHICKEN ROLLS;7;25695.29;306.000;4219.39;0.25;18.88;616.80;10.000;144.62;0.60;26.96;333.95;5.000;79.94;0.36;27.53;1079.82;18.000;145.00;0.43;15.44;206.47;3.000;47.44;0.15;26.42;419.94;6.000;100.96;0.52;27.65;471.94;6.000;107.02;0.66;26.08;248.97;3.000;55.03;0.21;25.42;493.79;6.000;106.45;0.38;24.79;489.64;6.000;102.84;0.30;24.15;674.91;9.000;106.78;0.25;18.20;414.95;5.000;91.71;0.25;25.42;331.96;4.000;73.37;0.19;25.42;165.98;2.000;36.69;0.10;25.42;414.95;5.000;91.71;0.25;25.42;248.97;3.000;55.03;0.19;25.42;248.97;3.000;55.03;0.38;25.42;444.95;5.000;93.83;0.41;24.25;695.92;8.000;136.22;0.41;22.51;594.93;7.000;107.02;0.31;20.69;424.95;5.000;76.44;0.23;20.69;679.92;8.000;122.31;0.31;20.69;549.93;7.000;67.89;0.15;14.20;874.89;11.000;116.44;0.28;15.31;594.93;7.000;107.02;0.25;20.69;555.93;7.000;76.62;0.21;15.85;241.97;3.000;35.73;0.12;16.98;864.90;10.000;156.85;0.44;20.85;359.96;4.000;66.06;0.75;21.10;879.88;12.000;48.95;0.18;6.40;459.94;6.000;39.40;0.13;9.85;551.94;6.000;103.69;0.35;21.61;929.28;12.000;77.73;0.15;9.62;967.23;12.000;111.97;0.28;13.31;932.28;12.000;85.34;0.17;10.53;459.95;5.000;86.41;0.23;21.61;468.95;5.000;91.61;0.24;22.47;755.17;8.000;148.00;0.39;22.54;189.98;2.000;30.01;0.09;18.17;284.97;3.000;32.98;0.12;13.31;379.96;4.000;43.97;0.15;13.31;94.99;1.000;10.99;0.03;13.31;189.98;2.000;21.99;0.06;13.31;568.95;5.000;100.89;0.36;20.39;0.00;0.000;0.00;0.00;0.00;593.95;5.000;122.63;0.26;23.74;275.97;3.000;10.75;0.02;4.48;719.94;6.000;153.42;0.32;24.51;359.97;3.000;76.71;0.22;24.51;1886.82;18.000;259.88;0.64;15.84
11944;SPAR SNOEK WITH MARINADE;7;39648.51;274.000;5690.44;0.34;16.51;404.97;3.000;88.99;0.37;25.27;559.96;4.000;126.10;0.56;25.90;144.99;1.000;33.39;0.10;26.48;144.99;1.000;33.39;0.11;26.48;434.97;3.000;100.16;0.51;26.48;289.98;2.000;66.77;0.41;26.48;499.95;5.000;7.17;0.03;1.65;1114.92;8.000;235.14;0.85;24.25;1829.84;16.000;149.81;0.44;9.41;1419.89;11.000;215.08;0.50;17.42;862.69;6.000;194.01;0.53;25.86;144.99;1.000;33.39;0.09;26.48;289.98;2.000;66.77;0.19;26.48;579.96;4.000;133.55;0.36;26.48;579.96;4.000;133.55;0.45;26.48;579.96;4.000;133.55;0.91;26.48;724.95;5.000;149.35;0.66;23.69;289.98;2.000;57.75;0.17;22.90;1209.89;11.000;29.46;0.09;2.80;0.00;0.000;0.00;0.00;0.00;126.99;1.000;13.95;0.04;12.63;960.93;7.000;156.46;0.36;18.72;149.99;1.000;30.95;0.07;23.73;749.95;5.000;154.77;0.36;23.73;1768.85;15.000;138.75;0.39;9.02;712.95;5.000;129.73;0.44;20.92;449.97;3.000;92.86;0.26;23.73;299.98;2.000;59.79;0.68;22.92;892.44;6.000;172.86;0.64;22.27;0.00;0.000;0.00;0.00;0.00;827.93;7.000;65.36;0.22;9.08;412.97;3.000;65.60;0.13;18.27;1249.89;11.000;67.01;0.16;6.17;1784.37;13.000;278.23;0.55;17.93;899.94;6.000;178.75;0.48;22.84;1297.42;8.000;252.95;0.65;22.42;1294.93;7.000;257.86;0.69;22.90;1904.88;12.000;217.74;0.67;13.14;184.99;1.000;36.84;0.13;22.90;479.97;3.000;45.29;0.16;10.85;904.94;6.000;67.56;0.16;8.59;859.94;6.000;28.43;0.08;3.80;1749.89;11.000;182.18;0.64;11.97;2082.87;13.000;166.55;0.49;9.20;1163.93;7.000;55.59;0.12;5.49;2651.87;13.000;529.57;1.10;22.97;815.96;4.000;162.94;0.34;22.97;397.98;2.000;79.61;0.23;23.00;464.97;3.000;14.88;0.04;3.68
11970;SPAR CHICKEN NECKS;7;38307.24;1 371.000;7987.90;0.48;23.98;701.73;27.000;160.96;0.67;26.38;1217.63;47.000;276.80;1.23;26.14;803.91;29.000;176.22;0.53;25.21;1300.20;45.000;286.39;0.94;25.33;1043.64;36.000;232.14;1.19;25.58;869.70;30.000;193.45;1.19;25.58;753.74;26.000;167.65;0.65;25.58;1101.62;38.000;245.03;0.88;25.58;1047.63;37.000;240.33;0.71;26.38;1007.64;36.000;234.65;0.54;26.78;979.65;35.000;228.13;0.62;26.78;951.66;34.000;221.61;0.59;26.78;839.70;30.000;195.54;0.55;26.78;1091.61;39.000;254.20;0.69;26.78;895.68;32.000;208.58;0.70;26.78;895.68;32.000;208.58;1.42;26.78;587.79;21.000;138.73;0.61;27.14;1091.61;39.000;257.64;0.77;27.14;1063.62;38.000;240.47;0.71;26.00;811.71;29.000;180.23;0.53;25.53;1101.63;37.000;227.43;0.57;23.74;689.77;23.000;145.70;0.33;24.29;689.77;23.000;145.70;0.35;24.29;779.74;26.000;164.71;0.39;24.29;920.63;37.000;100.47;0.28;12.55;359.88;12.000;76.02;0.26;24.29;209.93;7.000;44.34;0.12;24.29;1099.60;40.000;195.70;2.23;20.47;689.77;23.000;140.31;0.52;23.39;909.65;35.000;144.61;0.49;18.28;1192.46;54.000;3.03;0.01;0.29;999.54;46.000;123.97;0.24;14.26;699.69;31.000;96.06;0.24;15.79;0.00;0.000;0.00;0.00;0.00;299.90;10.000;61.01;0.17;23.39;419.86;14.000;85.41;0.22;23.39;509.83;17.000;200.69;0.53;45.27;779.74;26.000;158.61;0.49;23.39;629.79;21.000;128.11;0.46;23.39;839.72;28.000;170.82;0.59;23.39;161.94;6.000;33.67;0.08;23.91;404.85;15.000;84.17;0.25;23.91;339.87;13.000;74.06;0.26;25.06;776.73;27.000;167.05;0.49;24.73;666.77;23.000;143.14;0.30;24.69;712.77;23.000;157.83;0.33;25.46;1151.64;36.000;278.34;0.59;27.79;511.84;16.000;123.71;0.36;27.79;703.78;22.000;165.93;0.41;27.11
11973;SPAR CHICKEN MALA;7;30047.77;1 923.000;7476.32;0.45;28.61;631.95;55.000;135.70;0.56;24.69;643.44;56.000;138.17;0.61;24.69;771.87;63.000;175.80;0.52;26.19;936.75;75.000;216.85;0.71;26.62;1024.18;82.000;237.09;1.21;26.62;1161.57;93.000;268.90;1.65;26.62;1099.12;88.000;254.44;0.98;26.62;1658.88;112.000;431.52;1.56;29.91;1403.11;89.000;368.13;1.08;30.17;1519.05;95.000;398.72;0.92;30.19;1646.97;103.000;432.30;1.17;30.19;1071.33;67.000;281.20;0.74;30.19;1263.21;79.000;331.57;0.93;30.19;1455.09;91.000;378.64;1.03;29.92;1189.31;69.000;333.92;1.13;32.29;917.49;51.000;270.52;1.85;33.91;791.56;44.000;212.12;0.94;30.82;863.52;48.000;210.02;0.63;27.97;719.60;40.000;175.02;0.51;27.97;719.60;40.000;175.02;0.52;27.97;629.65;35.000;153.14;0.39;27.97;431.76;24.000;105.01;0.24;27.97;305.83;17.000;74.38;0.18;27.97;323.82;18.000;78.76;0.18;27.97;323.82;18.000;78.76;0.22;27.97;467.74;26.000;113.76;0.39;27.97;629.65;35.000;152.76;0.43;27.90;215.88;12.000;52.09;0.59;27.75;0.00;0.000;0.00;0.00;0.00;161.91;9.000;39.07;0.13;27.75;17.99;1.000;4.34;0.01;27.75;345.75;25.000;66.27;0.13;22.04;49.95;5.000;2.98;0.01;6.86;251.86;14.000;60.78;0.12;27.75;258.85;15.000;86.06;0.23;38.23;17.99;1.000;4.34;0.01;27.75;349.80;20.000;137.33;0.37;45.15;71.96;4.000;17.36;0.05;27.75;197.89;11.000;47.75;0.17;27.75;693.62;38.000;165.36;0.57;27.42;284.85;15.000;64.52;0.15;26.05;170.91;9.000;38.23;0.11;25.72;217.88;12.000;48.47;0.17;25.58;503.72;28.000;111.92;0.33;25.55;359.80;20.000;79.29;0.17;25.34;233.87;13.000;51.34;0.11;25.24;341.81;19.000;75.99;0.16;25.57;359.80;20.000;74.69;0.22;23.87;341.81;19.000;65.92;0.16;22.18
11974;SPAR CHICKEN SOUP PACK;7;14376.45;455.000;2349.24;0.14;18.79;0.00;0.000;0.00;0.00;0.00;0.00;0.000;0.00;0.00;0.00;0.00;0.000;0.00;0.00;0.00;0.00;0.000;0.00;0.00;0.00;0.00;0.000;0.00;0.00;0.00;0.00;0.000;0.00;0.00;0.00;0.00;0.000;0.00;0.00;0.00;0.00;0.000;0.00;0.00;0.00;0.00;0.000;0.00;0.00;0.00;0.00;0.000;0.00;0.00;0.00;0.00;0.000;0.00;0.00;0.00;0.00;0.000;0.00;0.00;0.00;0.00;0.000;0.00;0.00;0.00;0.00;0.000;0.00;0.00;0.00;0.00;0.000;0.00;0.00;0.00;2044.06;94.000;-144.20;-0.98;-8.11;689.80;20.000;165.30;0.73;27.56;209.94;6.000;47.03;0.14;25.76;279.92;8.000;62.70;0.18;25.76;314.91;9.000;70.54;0.21;25.76;154.96;4.000;29.31;0.07;21.75;249.93;7.000;55.44;0.13;25.51;244.93;7.000;50.98;0.12;23.94;454.87;13.000;93.48;0.22;23.63;314.91;9.000;64.72;0.18;23.63;349.90;10.000;71.91;0.24;23.63;69.98;2.000;15.71;0.04;25.81;110.97;3.000;27.55;0.31;28.56;147.96;4.000;36.74;0.14;28.56;124.95;5.000;9.85;0.03;9.06;98.97;3.000;20.34;0.07;23.63;147.96;4.000;36.74;0.07;28.56;295.92;8.000;73.48;0.18;28.56;36.99;1.000;9.18;0.02;28.56;244.93;7.000;57.13;0.15;26.82;349.90;10.000;81.62;0.21;26.82;524.85;15.000;122.43;0.33;26.82;244.93;7.000;57.13;0.18;26.82;419.88;12.000;97.35;0.35;26.66;179.95;5.000;41.11;0.14;26.27;736.79;21.000;77.07;0.18;12.03;942.76;24.000;175.08;0.51;21.36;332.91;9.000;68.49;0.24;23.66;494.85;15.000;110.03;0.32;25.57;902.72;28.000;184.02;0.39;23.44;362.89;11.000;80.74;0.17;25.59;591.81;19.000;106.72;0.23;20.74;719.77;23.000;130.10;0.38;20.79;985.68;32.000;163.45;0.40;19.07
11975;SPAR LIVER CHICKEN TUBS;7;115085.16;10 260.000;18134.71;1.09;18.12;2535.33;257.000;372.16;1.54;16.88;4541.16;509.000;294.27;1.31;7.45;1336.69;117.000;289.55;0.86;24.91;1700.52;148.000;369.50;1.21;24.99;1907.34;166.000;414.44;2.12;24.99;1309.86;114.000;284.61;1.74;24.99;1011.12;88.000;219.70;0.85;24.99;6774.39;711.000;594.68;2.15;10.10;2790.81;269.000;400.20;1.18;16.49;3105.18;282.000;456.50;1.05;16.91;3522.18;282.000;802.62;2.18;26.21;5379.96;504.000;666.23;1.76;14.24;3372.30;270.000;768.47;2.15;26.21;5782.14;536.000;864.02;2.34;17.18;4530.92;408.000;751.63;2.54;19.08;6933.46;654.000;845.37;5.77;14.02;5317.75;475.000;855.56;3.78;18.50;2585.43;207.000;597.33;1.79;26.57;4740.41;459.000;478.51;1.40;11.61;3676.70;330.000;512.81;1.51;16.04;1476.92;108.000;305.52;0.77;23.79;2241.38;162.000;444.79;1.01;22.82;2238.40;160.000;419.54;1.01;21.55;2714.06;194.000;508.69;1.19;21.55;3815.88;312.000;453.80;1.27;13.68;1608.85;115.000;301.54;1.02;21.55;2000.57;143.000;374.96;1.05;21.55;1734.76;124.000;325.14;3.71;21.55;1706.78;122.000;319.90;1.19;21.55;1622.84;116.000;304.17;1.04;21.55;2535.84;216.000;196.74;0.67;8.92;335.76;24.000;62.93;0.12;21.55;391.72;28.000;73.42;0.18;21.55;279.80;20.000;52.44;0.10;21.55;923.34;66.000;173.06;0.47;21.55;1007.28;72.000;188.79;0.49;21.55;671.52;48.000;125.86;0.33;21.55;391.72;28.000;73.42;0.23;21.55;1111.72;118.000;109.82;0.40;11.36;475.66;34.000;89.15;0.31;21.55;1632.47;167.000;167.22;0.40;11.78;1712.13;171.000;213.69;0.62;14.35;902.22;78.000;238.72;0.84;30.43;1191.23;103.000;318.02;0.93;30.70;756.30;70.000;187.49;0.40;28.51;904.17;83.000;222.47;0.46;28.30;1417.71;129.000;347.58;0.74;28.19;1774.25;175.000;349.40;1.02;22.65;2656.23;288.000;348.28;0.86;15.08
11976;SPAR IQF MIXED PORTIONS;7;2802036.26;36 816.000;73033.85;4.41;3.00;109848.66;1 534.000;2970.02;12.28;3.11;97831.40;1 360.000;-1488.56;-6.62;-1.75;90436.45;1 255.000;-621.97;-1.86;-0.79;87922.75;1 225.000;2532.73;8.27;3.31;78730.07;1 093.000;-1837.22;-9.39;-2.68;74599.34;1 066.000;-129.89;-0.80;-0.20;88921.65;1 235.000;2732.40;10.55;3.53;159283.06;2 230.000;1170.54;4.22;0.85;173105.41;2 438.000;3873.37;11.40;2.57;50404.75;625.000;2874.28;6.63;6.56;164409.08;2 292.000;-2255.29;-6.11;-1.58;109756.94;1 406.000;4007.02;10.60;4.20;101547.96;1 304.000;1583.20;4.42;1.79;9151.12;88.000;1718.53;4.65;21.60;96102.77;1 223.000;2473.89;8.35;2.96;85449.93;1 107.000;2527.97;17.27;3.40;100495.50;1 370.000;-3050.65;-13.46;-3.49;85997.01;1 119.000;3550.30;10.61;4.75;98896.76;1 404.000;1997.81;5.86;2.32;148495.24;2 076.000;2876.45;8.48;2.23;84561.67;1 033.000;2211.19;5.56;3.01;35806.18;382.000;2230.57;5.06;7.16;122187.30;1 470.000;2594.75;6.24;2.44;12255.81;119.000;1363.03;3.19;12.79;54403.26;774.000;957.68;2.68;2.02;411.96;4.000;45.82;0.16;12.79;0.00;0.000;0.00;0.00;0.00;80241.05;1 192.000;-6845.81;-78.04;-9.81;308.97;3.000;65.52;0.24;24.39;0.00;0.000;0.00;0.00;0.00;46705.56;570.000;3029.36;10.33;7.46;7329.15;61.000;1600.33;3.12;25.11;58076.70;714.000;4519.18;11.11;8.95;82093.75;1 097.000;3560.09;7.10;4.99;3123.90;26.000;682.11;1.85;25.11;9362.55;81.000;1952.32;5.02;23.98;6155.46;54.000;1238.95;3.29;23.15;9233.19;81.000;1858.42;5.73;23.15;6611.42;58.000;1330.72;4.83;23.15;10409.09;91.000;2119.16;7.35;23.41;15408.66;134.000;3190.94;7.62;23.82;12993.81;119.000;2261.54;6.59;20.02;12198.78;122.000;1387.59;4.88;13.08;13048.83;117.000;2417.45;7.08;21.31;35071.32;368.000;2244.57;4.76;7.36;20548.06;194.000;2952.70;6.15;16.53;25814.48;252.000;3042.35;6.44;13.55;15694.44;156.000;1577.90;4.60;11.56;10595.06;94.000;1940.48;4.80;21.06
11977;SPAR IQF CHKN DRUMSTICKS;7;42974.62;388.000;8704.81;0.53;23.29;1759.84;16.000;376.03;1.55;24.57;1754.34;16.000;371.25;1.65;24.34;1429.87;13.000;305.53;0.91;24.57;1649.85;15.000;352.53;1.15;24.57;1979.82;18.000;423.04;2.16;24.57;1663.84;16.000;335.30;2.06;23.18;1455.86;14.000;293.39;1.13;23.18;983.91;9.000;218.42;0.79;25.53;1759.84;16.000;390.27;1.15;25.50;1869.83;17.000;412.41;0.95;25.36;1649.85;15.000;363.89;0.99;25.36;2749.75;25.000;606.48;1.60;25.36;2969.73;27.000;655.00;1.83;25.36;3019.73;27.000;624.22;1.69;23.77;1149.90;10.000;218.57;0.74;21.86;574.95;5.000;109.28;0.75;21.86;114.99;1.000;22.24;0.10;22.24;0.00;0.000;0.00;0.00;0.00;0.00;0.000;0.00;0.00;0.00;1379.88;12.000;266.91;0.79;22.24;229.98;2.000;44.48;0.11;22.24;1839.84;16.000;342.95;0.78;21.44;1724.85;15.000;321.51;0.77;21.44;0.00;0.000;0.00;0.00;0.00;1724.85;15.000;321.51;0.90;21.44;1609.86;14.000;300.08;1.02;21.44;804.93;7.000;150.04;0.42;21.44;344.97;3.000;64.30;0.73;21.44;1839.84;16.000;342.95;1.28;21.44;479.94;6.000;32.66;0.11;7.83;159.98;2.000;10.89;0.04;7.83;229.98;2.000;42.87;0.08;21.44;804.93;7.000;150.04;0.37;21.44;1264.89;11.000;235.78;0.47;21.44;0.00;0.000;0.00;0.00;0.00;0.00;0.000;0.00;0.00;0.00;0.00;0.000;0.00;0.00;0.00;0.00;0.000;0.00;0.00;0.00;0.00;0.000;0.00;0.00;0.00;0.00;0.000;0.00;0.00;0.00;0.00;0.000;0.00;0.00;0.00;0.00;0.000;0.00;0.00;0.00;0.00;0.000;0.00;0.00;0.00;0.00;0.000;0.00;0.00;0.00;0.00;0.000;0.00;0.00;0.00;0.00;0.000;0.00;0.00;0.00;0.00;0.000;0.00;0.00;0.00;0.00;0.000;0.00;0.00;0.00;0.00;0.000;0.00;0.00;0.00
11978;SPAR IQF CHICKEN THIGHS;7;27614.63;337.000;5865.38;0.35;24.43;1605.78;22.000;349.65;1.45;25.04;1970.73;27.000;429.11;1.91;25.04;1632.78;22.000;356.26;1.06;25.09;1519.80;20.000;332.56;1.09;25.16;227.97;3.000;49.88;0.25;25.16;719.90;10.000;156.74;0.96;25.04;0.00;0.000;0.00;0.00;0.00;0.00;0.000;0.00;0.00;0.00;0.00;0.000;0.00;0.00;0.00;0.00;0.000;0.00;0.00;0.00;0.00;0.000;0.00;0.00;0.00;0.00;0.000;0.00;0.00;0.00;0.00;0.000;0.00;0.00;0.00;331.96;4.000;82.57;0.22;28.60;331.96;4.000;82.57;0.28;28.60;580.93;7.000;144.49;0.99;28.60;1410.83;17.000;355.23;1.57;28.96;663.92;8.000;167.17;0.50;28.96;995.88;12.000;250.75;0.74;28.96;746.91;9.000;179.57;0.53;27.65;255.97;3.000;51.79;0.13;23.27;359.96;4.000;76.38;0.17;24.40;269.97;3.000;57.29;0.14;24.40;89.99;1.000;19.31;0.05;24.67;719.92;8.000;154.44;0.43;24.67;0.00;0.000;0.00;0.00;0.00;0.00;0.000;0.00;0.00;0.00;0.00;0.000;0.00;0.00;0.00;0.00;0.000;0.00;0.00;0.00;0.00;0.000;0.00;0.00;0.00;0.00;0.000;0.00;0.00;0.00;0.00;0.000;0.00;0.00;0.00;359.96;4.000;73.26;0.18;23.41;629.93;7.000;128.20;0.26;23.41;1799.80;20.000;366.30;0.99;23.41;1874.78;22.000;357.18;0.92;21.91;2039.76;24.000;387.27;1.03;21.83;169.98;2.000;32.27;0.10;21.83;1444.83;17.000;274.32;1.00;21.83;2719.68;32.000;516.36;1.79;21.83;1444.83;17.000;295.08;0.70;23.49;0.00;0.000;0.00;0.00;0.00;0.00;0.000;0.00;0.00;0.00;0.00;0.000;0.00;0.00;0.00;0.00;0.000;0.00;0.00;0.00;0.00;0.000;0.00;0.00;0.00;0.00;0.000;0.00;0.00;0.00;695.92;8.000;139.39;0.41;23.03;0.00;0.000;0.00;0.00;0.00
11983;SPAR IQF CHKN MIX PORTION;7;5949358.50;31 998.000;167237.57;10.09;3.23;123752.80;720.000;-4102.05;-16.96;-3.81;153021.05;895.000;1430.75;6.37;1.08;118703.05;695.000;15252.61;45.53;14.78;112063.45;655.000;8511.03;27.80;8.73;94504.69;531.000;-130.72;-0.67;-0.16;117433.12;688.000;-3276.77;-20.08;-3.21;140191.80;820.000;2173.56;8.40;1.78;84265.09;491.000;-3148.29;-11.36;-4.30;118363.14;686.000;1029.44;3.03;1.00;159991.13;887.000;3369.36;7.77;2.42;100754.46;554.000;1777.16;4.82;2.03;128452.97;703.000;2622.70;6.94;2.35;147411.89;811.000;2617.16;7.31;2.04;159671.28;872.000;6604.62;17.88;4.76;131192.80;720.000;4539.90;15.32;3.98;36717.96;204.000;527.84;3.60;1.65;137902.83;724.000;2773.18;12.24;2.31;153321.93;807.000;2668.22;7.98;2.00;113124.25;615.000;3733.73;10.95;3.80;75355.82;418.000;1272.31;3.75;1.94;143472.30;770.000;2733.25;6.88;2.19;152442.32;768.000;3841.54;8.72;2.90;69476.40;360.000;1896.38;4.56;3.14;105614.31;569.000;2255.09;5.28;2.46;113243.72;628.000;2028.30;5.68;2.06;125763.11;689.000;5750.77;19.48;5.26;144189.10;800.000;4898.11;13.74;3.91;88685.41;459.000;882.68;10.06;1.14;148432.03;797.000;5584.85;20.80;4.33;179656.21;991.000;3955.91;13.53;2.53;110521.61;593.000;3417.77;11.65;3.56;150654.75;831.000;4656.28;9.09;3.55;172013.17;953.000;3375.19;8.30;2.26;70836.44;356.000;3878.55;7.73;6.30;89559.48;452.000;4074.81;11.04;5.23;83207.52;448.000;2350.96;6.04;3.25;191829.52;1 048.000;5905.12;15.70;3.54;181660.01;999.000;5240.87;16.15;3.32;189840.01;999.000;5217.93;18.93;3.16;88905.41;459.000;2575.44;8.93;3.33;52187.94;206.000;8936.41;21.34;19.69;68387.27;322.000;3932.66;11.46;6.61;96390.21;479.000;1183.70;4.17;1.41;125593.72;628.000;-175.35;-0.51;-0.16;104940.03;497.000;4619.56;9.80;5.06;133615.60;640.000;6443.62;13.41;5.55;127517.01;599.000;7923.76;16.76;7.15;110134.52;548.000;3823.69;11.14;3.99;124393.86;614.000;5783.98;14.31;5.35
12085;I&J FISH FINGERS ORIGINAL;7;43623.47;408.000;7966.35;0.48;21.00;1169.87;13.000;262.07;1.08;25.76;1259.86;14.000;282.23;1.26;25.76;1169.87;13.000;262.07;0.78;25.76;1799.80;20.000;403.19;1.32;25.76;1682.82;18.000;369.31;1.89;25.24;1159.03;12.000;252.73;1.55;25.08;1648.83;17.000;364.01;1.41;25.39;969.90;10.000;214.13;0.77;25.39;1099.89;11.000;236.67;0.70;24.75;755.93;7.000;184.69;0.43;28.10;431.96;4.000;105.53;0.29;28.10;1079.90;10.000;263.84;0.70;28.10;539.95;5.000;131.92;0.37;28.10;215.98;2.000;52.77;0.14;28.10;785.93;7.000;194.38;0.66;28.44;913.92;8.000;228.35;1.56;28.73;659.94;6.000;150.30;0.66;26.19;519.95;5.000;73.74;0.22;16.31;1674.59;16.000;226.29;0.66;15.54;473.96;4.000;94.62;0.28;22.96;917.33;7.000;224.44;0.56;28.14;1835.85;15.000;404.69;0.92;25.35;1025.91;9.000;196.32;0.47;22.01;455.96;4.000;87.25;0.20;22.01;341.97;3.000;65.44;0.18;22.01;797.93;7.000;109.44;0.37;15.77;1025.91;9.000;144.04;0.40;16.15;573.95;5.000;84.00;0.96;16.83;1494.87;13.000;211.39;0.79;16.26;1149.90;10.000;183.55;0.63;18.36;459.96;4.000;65.04;0.22;16.26;1034.91;9.000;146.35;0.29;16.26;1374.13;12.000;190.13;0.47;15.91;243.98;2.000;41.58;0.08;19.60;1641.83;17.000;88.00;0.24;6.16;759.92;8.000;33.61;0.09;5.09;609.95;5.000;103.95;0.28;19.60;609.95;5.000;103.95;0.32;19.60;243.98;2.000;41.58;0.15;19.60;0.00;0.000;0.00;0.00;0.00;0.00;0.000;0.00;0.00;0.00;247.98;2.000;50.67;0.15;23.50;1239.90;10.000;253.36;0.89;23.50;0.00;0.000;0.00;0.00;0.00;134.99;1.000;28.13;0.06;23.96;944.93;7.000;196.90;0.41;23.96;2384.78;22.000;252.36;0.53;12.17;2060.82;18.000;307.35;0.90;17.15;0.00;0.000;0.00;0.00;0.00
12089;I&J LGT+CRISP L/HAKE;7;28773.64;306.000;4714.35;0.28;18.84;1092.12;13.000;210.76;0.87;22.19;1624.75;25.000;-3.54;-0.02;-0.25;764.91;9.000;174.37;0.52;26.22;509.94;6.000;116.25;0.38;26.22;795.91;9.000;201.33;1.03;29.09;359.96;4.000;94.89;0.58;30.32;0.00;0.000;0.00;0.00;0.00;0.00;0.000;0.00;0.00;0.00;1577.79;21.000;133.57;0.39;9.74;286.12;3.000;85.21;0.20;34.25;0.00;0.000;0.00;0.00;0.00;0.00;0.000;0.00;0.00;0.00;0.00;0.000;0.00;0.00;0.00;839.88;12.000;-0.60;-0.00;-0.08;1324.83;17.000;148.44;0.50;12.89;700.93;7.000;227.79;1.56;37.37;1551.82;18.000;177.58;0.78;13.16;1014.89;11.000;201.13;0.60;22.79;514.95;5.000;175.13;0.51;39.11;825.93;7.000;336.49;0.99;46.85;1557.63;17.000;121.29;0.31;8.96;619.95;5.000;266.44;0.60;49.42;695.94;6.000;239.55;0.58;39.58;499.95;5.000;65.99;0.15;15.18;899.91;9.000;118.79;0.33;15.18;499.95;5.000;65.99;0.22;15.18;699.93;7.000;92.39;0.26;15.18;0.00;0.000;0.00;0.00;0.00;769.93;7.000;157.53;0.59;23.53;659.94;6.000;135.03;0.46;23.53;863.42;8.000;142.09;0.48;18.93;533.45;5.000;74.58;0.15;16.08;799.18;7.000;124.06;0.30;17.85;224.23;2.000;31.87;0.06;16.35;914.17;8.000;142.50;0.39;17.93;454.21;4.000;68.75;0.18;17.41;284.97;3.000;12.60;0.03;5.09;724.93;7.000;72.12;0.22;11.44;459.96;4.000;73.75;0.27;18.44;0.00;0.000;0.00;0.00;0.00;0.00;0.000;0.00;0.00;0.00;0.00;0.000;0.00;0.00;0.00;99.99;1.000;4.47;0.02;5.14;773.93;7.000;85.87;0.25;12.76;199.98;2.000;8.93;0.02;5.14;1103.41;9.000;194.43;0.40;20.26;649.95;5.000;136.53;0.29;24.16;0.00;0.000;0.00;0.00;0.00;0.00;0.000;0.00;0.00;0.00
12090;I&J LGT+CRISP C/HAKE;7;30226.69;321.000;5356.69;0.32;20.38;922.14;11.000;176.63;0.73;22.03;2049.70;30.000;86.40;0.38;4.85;509.94;6.000;116.25;0.35;26.22;1096.37;13.000;244.48;0.80;25.64;889.90;10.000;228.53;1.17;29.53;1079.88;12.000;284.67;1.74;30.32;570.09;6.000;168.55;0.65;34.00;1551.84;16.000;476.95;1.72;35.34;236.97;3.000;31.50;0.09;15.28;872.91;9.000;268.28;0.62;35.34;969.90;10.000;298.09;0.81;35.34;484.95;5.000;149.05;0.39;35.34;0.00;0.000;0.00;0.00;0.00;629.91;9.000;-0.45;-0.00;-0.08;1033.86;14.000;59.02;0.20;6.56;398.96;4.000;128.80;0.88;37.13;1851.80;20.000;370.14;1.63;22.99;431.96;4.000;157.50;0.47;41.93;617.94;6.000;210.16;0.62;39.11;371.97;3.000;159.86;0.47;49.42;1867.80;20.000;189.15;0.48;11.65;347.97;3.000;73.17;0.17;24.18;699.93;7.000;92.39;0.22;15.18;794.92;8.000;101.24;0.24;14.65;499.95;5.000;65.99;0.18;15.18;0.00;0.000;0.00;0.00;0.00;399.96;4.000;52.80;0.15;15.18;514.95;5.000;59.41;0.68;13.27;439.96;4.000;90.02;0.34;23.53;329.97;3.000;67.51;0.23;23.53;852.42;8.000;127.81;0.44;17.24;219.98;2.000;35.57;0.07;18.60;574.95;5.000;92.19;0.23;18.44;344.97;3.000;55.31;0.11;18.44;229.98;2.000;36.87;0.10;18.44;114.99;1.000;18.44;0.05;18.44;609.94;6.000;53.68;0.14;10.12;618.44;6.000;57.91;0.18;10.77;229.98;2.000;36.87;0.13;18.44;0.00;0.000;0.00;0.00;0.00;0.00;0.000;0.00;0.00;0.00;0.00;0.000;0.00;0.00;0.00;974.90;10.000;22.93;0.08;2.70;1349.88;12.000;167.80;0.49;14.30;359.97;3.000;59.08;0.13;18.87;1149.90;10.000;158.86;0.33;15.89;129.99;1.000;27.31;0.06;24.16;0.00;0.000;0.00;0.00;0.00;0.00;0.000;0.00;0.00;0.00
12414;SEA/H FISH FINGERS;7;39144.21;379.000;7005.91;0.42;20.58;193.98;2.000;47.03;0.19;27.88;484.95;5.000;117.56;0.52;27.88;193.98;2.000;47.03;0.14;27.88;858.91;9.000;203.59;0.66;27.26;456.95;5.000;100.67;0.51;25.34;484.95;5.000;113.31;0.69;26.87;775.92;8.000;181.29;0.70;26.87;0.00;0.000;0.00;0.00;0.00;0.00;0.000;0.00;0.00;0.00;1849.74;26.000;73.08;0.17;4.54;899.91;9.000;203.10;0.55;25.95;2629.65;35.000;197.89;0.52;8.65;1669.80;20.000;226.80;0.63;15.62;399.96;4.000;90.26;0.24;25.95;755.93;7.000;186.31;0.63;28.34;341.97;3.000;88.96;0.61;29.91;113.99;1.000;29.99;0.13;30.26;1239.90;10.000;317.60;0.95;29.46;495.96;4.000;127.04;0.37;29.46;619.95;5.000;158.80;0.47;29.46;619.95;5.000;158.80;0.40;29.46;2611.65;35.000;155.53;0.35;6.85;867.93;7.000;222.32;0.53;29.46;743.94;6.000;190.56;0.45;29.46;619.95;5.000;158.80;0.44;29.46;371.97;3.000;95.28;0.32;29.46;619.95;5.000;158.80;0.45;29.46;247.98;2.000;62.12;0.71;28.81;867.93;7.000;217.41;0.81;28.81;733.94;6.000;154.04;0.53;24.14;1585.87;13.000;319.75;1.09;23.19;853.93;7.000;172.17;0.34;23.19;731.94;6.000;145.88;0.36;22.92;1869.81;19.000;206.35;0.41;12.69;1219.90;10.000;240.29;0.65;22.65;1341.89;11.000;264.32;0.68;22.65;1122.91;9.000;218.58;0.58;22.38;1650.87;13.000;318.40;0.98;22.18;888.93;7.000;171.45;0.62;22.18;1015.92;8.000;195.94;0.68;22.18;126.99;1.000;24.49;0.06;22.18;1269.90;10.000;255.71;0.75;23.16;0.00;0.000;0.00;0.00;0.00;0.00;0.000;0.00;0.00;0.00;999.92;8.000;204.35;0.43;23.50;1099.89;11.000;70.49;0.15;7.37;353.97;3.000;66.20;0.14;21.51;239.98;2.000;47.61;0.14;22.81;0.00;0.000;0.00;0.00;0.00
12416;S/H CRISP&CHUNKY CLASSIC;7;26002.61;274.000;3522.99;0.21;15.58;0.00;0.000;0.00;0.00;0.00;0.00;0.000;0.00;0.00;0.00;0.00;0.000;0.00;0.00;0.00;0.00;0.000;0.00;0.00;0.00;0.00;0.000;0.00;0.00;0.00;839.88;12.000;28.59;0.18;3.92;629.91;9.000;21.45;0.08;3.92;226.97;3.000;22.33;0.08;11.31;0.00;0.000;0.00;0.00;0.00;0.00;0.000;0.00;0.00;0.00;0.00;0.000;0.00;0.00;0.00;449.95;5.000;93.21;0.25;23.82;530.94;6.000;104.02;0.29;22.53;89.99;1.000;18.64;0.05;23.82;0.00;0.000;0.00;0.00;0.00;0.00;0.000;0.00;0.00;0.00;0.00;0.000;0.00;0.00;0.00;0.00;0.000;0.00;0.00;0.00;0.00;0.000;0.00;0.00;0.00;0.00;0.000;0.00;0.00;0.00;719.91;9.000;61.64;0.16;9.85;239.97;3.000;21.33;0.05;10.22;1064.89;11.000;179.37;0.43;19.37;639.92;8.000;42.69;0.10;7.67;448.46;4.000;96.58;0.27;24.77;344.97;3.000;79.93;0.27;26.65;824.15;10.000;66.63;0.19;9.30;0.00;0.000;0.00;0.00;0.00;0.00;0.000;0.00;0.00;0.00;0.00;0.000;0.00;0.00;0.00;0.00;0.000;0.00;0.00;0.00;1526.82;18.000;356.83;0.70;26.88;519.20;5.000;87.92;0.22;19.47;459.96;4.000;90.41;0.18;22.61;1383.54;16.000;107.97;0.29;8.97;1323.37;13.000;195.82;0.50;17.02;468.96;4.000;92.15;0.25;22.60;849.33;7.000;154.23;0.48;20.88;483.56;4.000;86.59;0.31;20.59;426.96;4.000;70.90;0.25;19.10;642.54;6.000;124.93;0.30;22.36;323.97;3.000;64.82;0.19;23.01;1329.86;14.000;105.73;0.37;9.14;1031.24;11.000;71.21;0.21;7.94;1513.43;17.000;71.87;0.15;5.46;543.45;5.000;107.32;0.22;22.71;2417.30;25.000;283.03;0.60;13.46;1730.13;17.000;267.57;0.78;17.78;1979.08;17.000;347.27;0.86;20.18
12480;SPAR CR CHKN STRIPS;7;41463.35;665.000;7034.15;0.42;19.51;686.89;11.000;152.66;0.63;25.56;1259.80;20.000;276.74;1.23;25.26;1133.82;18.000;249.07;0.74;25.26;1326.73;27.000;95.40;0.31;8.27;503.92;8.000;110.70;0.57;25.26;944.85;15.000;207.56;1.27;25.26;566.91;9.000;124.53;0.48;25.26;629.90;10.000;138.37;0.50;25.26;503.92;8.000;110.70;0.33;25.26;944.85;15.000;207.56;0.48;25.26;566.91;9.000;124.53;0.34;25.26;818.87;13.000;179.88;0.48;25.26;269.96;4.000;59.89;0.17;25.51;1006.81;19.000;65.51;0.18;7.48;965.86;14.000;214.93;0.73;25.59;551.92;8.000;122.82;0.84;25.59;758.89;11.000;171.30;0.76;25.96;689.90;10.000;155.73;0.47;25.96;1002.85;15.000;207.85;0.61;23.83;965.86;14.000;220.26;0.65;26.23;965.86;14.000;217.23;0.55;25.86;1499.72;28.000;124.39;0.28;9.54;0.00;0.000;0.00;0.00;0.00;0.00;0.000;0.00;0.00;0.00;69.99;1.000;14.60;0.04;23.99;1244.79;21.000;148.03;0.50;13.68;784.86;14.000;66.97;0.19;9.81;894.84;16.000;34.08;0.39;4.38;1069.83;17.000;163.66;0.61;17.59;629.91;9.000;129.22;0.44;23.59;209.97;3.000;43.07;0.15;23.59;909.87;13.000;186.66;0.36;23.59;349.95;5.000;71.79;0.18;23.59;1407.76;24.000;164.31;0.33;13.42;559.92;8.000;114.00;0.31;23.41;629.91;9.000;128.25;0.33;23.41;279.96;4.000;57.00;0.15;23.41;1445.74;26.000;113.03;0.35;8.99;891.84;16.000;77.11;0.28;9.94;539.91;9.000;68.46;0.24;14.58;909.87;13.000;185.25;0.44;23.41;979.86;14.000;230.29;0.67;27.03;839.88;12.000;171.00;0.60;23.41;1515.73;27.000;127.28;0.37;9.66;998.82;18.000;85.00;0.18;9.79;1147.81;19.000;171.18;0.36;17.15;2750.60;40.000;579.94;1.23;24.25;1020.85;15.000;200.51;0.58;22.59;815.88;12.000;165.85;0.41;23.38
12481;SPAR CR CHKN SPICY WINGS;7;29969.95;505.000;3969.70;0.24;15.23;182.97;3.000;41.96;0.17;26.38;251.96;4.000;55.35;0.25;25.26;314.95;5.000;69.19;0.21;25.26;643.86;14.000;16.68;0.05;2.98;314.95;5.000;69.19;0.35;25.26;314.95;5.000;69.19;0.42;25.26;314.95;5.000;69.19;0.27;25.26;377.94;6.000;83.02;0.30;25.26;62.99;1.000;13.84;0.04;25.26;566.91;9.000;124.53;0.29;25.26;251.96;4.000;55.35;0.15;25.26;188.97;3.000;41.51;0.11;25.26;332.95;5.000;70.03;0.20;24.19;1756.66;34.000;83.75;0.23;5.48;68.99;1.000;15.35;0.05;25.59;206.97;3.000;46.06;0.31;25.59;758.89;11.000;171.30;0.76;25.96;413.94;6.000;93.44;0.28;25.96;413.94;6.000;93.92;0.28;26.09;551.92;8.000;125.87;0.37;26.23;413.94;6.000;93.46;0.24;25.97;704.87;13.000;63.90;0.15;10.42;620.91;9.000;139.49;0.34;25.84;206.97;3.000;46.50;0.11;25.84;559.92;8.000;116.80;0.33;23.99;1104.81;19.000;118.83;0.40;12.37;1434.75;25.000;143.00;0.40;11.46;1324.77;23.000;82.41;0.94;7.15;1049.82;18.000;117.70;0.44;12.89;1484.73;27.000;116.23;0.40;9.00;1049.85;15.000;215.37;0.73;23.59;209.97;3.000;43.07;0.08;23.59;699.90;10.000;143.58;0.35;23.59;1619.70;30.000;102.49;0.20;7.28;769.89;11.000;156.75;0.42;23.41;279.96;4.000;57.00;0.15;23.41;489.93;7.000;99.75;0.27;23.41;1199.78;22.000;79.43;0.24;7.61;1025.80;20.000;40.44;0.15;4.53;414.93;7.000;49.93;0.17;13.84;279.96;4.000;57.00;0.14;23.41;0.00;0.000;0.00;0.00;0.00;0.00;0.000;0.00;0.00;0.00;794.85;15.000;38.20;0.11;5.53;1536.71;29.000;73.86;0.16;5.53;899.83;17.000;42.59;0.09;5.44;412.94;6.000;86.49;0.18;24.09;340.95;5.000;67.42;0.20;22.74;747.89;11.000;169.31;0.42;26.03
12489;SPAR CHIC CRUMBED BITES;7;41484.28;672.000;6709.74;0.40;18.60;731.88;12.000;167.86;0.69;26.38;188.97;3.000;41.51;0.18;25.26;944.85;15.000;207.56;0.62;25.26;786.84;16.000;57.00;0.19;8.33;377.94;6.000;83.02;0.42;25.26;314.95;5.000;69.19;0.42;25.26;125.98;2.000;27.67;0.11;25.26;944.85;15.000;207.56;0.75;25.26;692.89;11.000;152.21;0.45;25.26;692.89;11.000;152.21;0.35;25.26;881.86;14.000;193.72;0.53;25.26;692.89;11.000;152.21;0.40;25.26;734.89;11.000;159.11;0.44;24.90;2396.57;43.000;236.05;0.64;11.33;620.91;9.000;138.17;0.47;25.59;620.91;9.000;138.17;0.94;25.59;758.89;11.000;171.30;0.76;25.96;758.89;11.000;171.30;0.51;25.96;811.88;12.000;173.76;0.51;24.61;827.88;12.000;188.80;0.56;26.23;482.93;7.000;108.96;0.27;25.95;1006.81;19.000;76.63;0.17;8.75;275.96;4.000;62.00;0.15;25.84;1034.85;15.000;231.01;0.54;25.67;347.95;5.000;73.81;0.21;24.39;799.86;14.000;77.54;0.26;11.15;964.83;17.000;89.63;0.25;10.68;634.89;11.000;40.55;0.46;7.34;809.88;12.000;152.19;0.57;21.61;0.00;0.000;0.00;0.00;0.00;839.88;12.000;172.30;0.59;23.59;139.98;2.000;28.72;0.06;23.59;909.87;13.000;186.66;0.46;23.59;1543.72;28.000;120.51;0.24;8.98;979.86;14.000;199.50;0.54;23.41;559.92;8.000;114.00;0.29;23.41;1259.82;18.000;256.50;0.68;23.41;491.92;8.000;67.19;0.21;15.71;1675.67;33.000;56.57;0.21;3.88;1144.80;20.000;115.61;0.40;11.61;419.94;6.000;85.50;0.20;23.41;1469.79;21.000;342.36;1.00;26.79;839.88;12.000;171.00;0.60;23.41;1585.72;28.000;141.53;0.41;10.26;2005.63;37.000;133.39;0.28;7.65;2095.64;36.000;255.51;0.53;14.02;1236.82;18.000;260.03;0.55;24.18;475.93;7.000;93.16;0.27;22.51;543.92;8.000;109.04;0.27;23.05
12492;SPAR CRMBD CHKN MXD POR;7;349079.41;4 601.000;35696.13;2.15;11.76;3071.61;39.000;683.70;2.83;25.60;1410.83;17.000;307.33;1.37;25.05;12163.03;197.000;954.75;2.85;9.03;2157.74;26.000;470.03;1.54;25.05;2821.66;34.000;614.66;3.14;25.05;7206.86;114.000;668.31;4.10;10.66;1825.78;22.000;397.72;1.54;25.05;995.88;12.000;216.94;0.78;25.05;1244.85;15.000;271.17;0.80;25.05;1991.76;24.000;433.88;1.00;25.05;1576.81;19.000;343.49;0.93;25.05;6709.06;94.000;976.41;2.58;16.74;2599.68;32.000;489.98;1.37;21.67;2519.72;28.000;556.96;1.51;25.42;1709.81;19.000;377.94;1.28;25.42;10148.57;143.000;876.11;5.98;9.93;4454.47;53.000;816.70;3.60;21.08;9230.72;128.000;558.21;1.67;6.95;4121.45;55.000;370.03;1.08;10.32;4753.35;65.000;503.80;1.49;12.19;15656.78;222.000;1717.06;4.32;12.61;15848.84;216.000;1609.21;3.65;11.68;9013.87;113.000;1229.53;2.96;15.69;6785.22;78.000;1397.31;3.27;23.68;4118.55;45.000;908.40;2.55;25.36;1859.80;20.000;406.14;1.38;25.11;1745.82;18.000;380.88;1.07;25.09;5621.22;78.000;209.20;2.38;4.28;678.93;7.000;148.12;0.55;25.09;484.95;5.000;105.80;0.36;25.09;8136.93;107.000;641.31;2.19;9.06;15481.92;208.000;955.44;1.87;7.10;9958.80;120.000;1253.88;3.08;14.48;12107.56;156.000;1128.85;2.25;10.72;11912.71;159.000;852.80;2.31;8.23;10134.66;134.000;689.71;1.77;7.83;12320.34;166.000;708.10;1.88;6.61;3491.64;36.000;713.49;2.20;23.50;10279.62;138.000;654.62;2.37;7.32;9782.76;124.000;962.59;3.34;11.32;15728.97;203.000;1385.07;3.31;10.13;10806.61;139.000;907.46;2.64;9.66;9176.81;119.000;762.75;2.69;9.56;11760.46;154.000;979.36;2.87;9.58;9564.82;118.000;1118.50;2.37;13.45;4224.50;50.000;513.84;1.07;13.99;11142.49;151.000;617.73;1.31;6.38;17354.65;235.000;983.16;2.86;6.51;11185.54;146.000;867.71;2.15;8.92
12493;SPAR CRUMBED CHCKN BURGER;7;74679.42;1 523.000;10813.73;0.65;16.65;505.30;10.000;109.42;0.45;24.90;2155.47;53.000;167.77;0.75;8.95;679.86;14.000;122.39;0.37;20.70;1772.98;42.000;178.37;0.58;11.57;1195.71;29.000;52.48;0.27;5.05;1309.12;28.000;185.14;1.13;16.26;415.92;8.000;89.32;0.34;24.70;2595.39;61.000;261.90;0.95;11.60;2207.49;51.000;246.31;0.72;12.83;1193.17;23.000;254.54;0.59;24.53;4660.30;110.000;457.07;1.24;11.28;2555.43;57.000;339.36;0.90;15.27;1580.72;28.000;350.50;0.98;25.50;1362.06;24.000;299.36;0.81;25.28;1481.74;26.000;329.68;1.11;25.59;3284.31;69.000;419.82;2.87;14.70;1361.76;24.000;303.47;1.34;25.63;2469.50;50.000;312.67;0.93;14.56;1307.75;25.000;219.81;0.64;19.33;1241.77;23.000;235.83;0.70;21.84;1025.81;19.000;194.82;0.49;21.84;917.83;17.000;174.31;0.40;21.84;1455.03;27.000;274.49;0.66;21.70;1727.68;32.000;328.11;0.77;21.84;1440.04;26.000;274.32;0.77;21.91;341.94;6.000;67.64;0.23;22.75;1310.77;23.000;259.28;0.73;22.75;3419.40;75.000;318.96;3.64;10.73;1647.01;29.000;321.97;1.20;22.48;4622.05;95.000;534.64;1.83;13.30;1910.65;35.000;337.44;1.15;20.31;2621.46;54.000;302.30;0.59;13.26;2261.58;42.000;384.10;0.94;19.53;626.89;11.000;124.01;0.25;22.75;1655.80;35.000;163.15;0.44;11.33;191.96;4.000;20.56;0.05;12.32;0.00;0.000;0.00;0.00;0.00;1100.91;24.000;88.20;0.27;9.21;1268.75;25.000;175.54;0.64;15.91;848.83;17.000;109.88;0.38;14.89;405.93;7.000;85.00;0.20;24.08;927.84;16.000;194.28;0.57;24.08;289.95;5.000;60.71;0.21;24.08;1237.74;26.000;121.58;0.36;11.30;867.84;16.000;151.15;0.32;20.03;970.83;17.000;206.98;0.43;24.52;1985.58;42.000;213.90;0.45;12.39;1370.73;27.000;219.49;0.64;18.41;892.84;16.000;171.68;0.42;22.11
12494;SPAR CRUMB CHICKEN FILLET;7;23419.15;385.000;3378.14;0.20;16.59;302.95;5.000;70.09;0.29;26.61;0.00;0.000;0.00;0.00;0.00;188.97;3.000;41.51;0.12;25.26;292.94;6.000;19.79;0.06;7.77;62.99;1.000;13.84;0.07;25.26;188.97;3.000;41.51;0.25;25.26;125.98;2.000;27.67;0.11;25.26;0.00;0.000;0.00;0.00;0.00;0.00;0.000;0.00;0.00;0.00;0.00;0.000;0.00;0.00;0.00;0.00;0.000;0.00;0.00;0.00;0.00;0.000;0.00;0.00;0.00;482.93;7.000;107.47;0.30;25.59;987.81;19.000;51.37;0.14;5.98;413.94;6.000;92.11;0.31;25.59;275.96;4.000;61.41;0.42;25.59;137.98;2.000;31.15;0.14;25.96;551.92;8.000;124.58;0.37;25.96;206.97;3.000;46.72;0.14;25.96;275.96;4.000;62.93;0.19;26.23;275.96;4.000;62.00;0.16;25.84;1568.71;29.000;139.89;0.32;10.26;827.88;12.000;185.99;0.45;25.84;482.93;7.000;108.00;0.25;25.72;698.90;10.000;146.41;0.41;24.09;1079.82;18.000;135.94;0.46;14.48;834.87;13.000;136.94;0.38;18.86;329.94;6.000;7.89;0.09;2.75;0.00;0.000;0.00;0.00;0.00;349.95;5.000;71.79;0.25;23.59;699.90;10.000;143.58;0.49;23.59;209.97;3.000;43.07;0.08;23.59;699.90;10.000;143.58;0.35;23.59;1813.67;33.000;137.59;0.27;8.72;209.97;3.000;42.75;0.12;23.41;419.94;6.000;85.50;0.22;23.41;559.92;8.000;114.00;0.30;23.41;525.92;8.000;90.59;0.28;19.81;1165.78;22.000;68.94;0.25;6.80;124.98;2.000;18.54;0.06;17.06;559.92;8.000;114.00;0.27;23.41;769.89;11.000;181.38;0.53;27.09;279.96;4.000;57.00;0.20;23.41;1055.82;18.000;116.06;0.34;12.64;1324.75;25.000;63.67;0.14;5.53;1779.67;33.000;111.32;0.23;7.19;273.96;4.000;59.56;0.13;25.00;0.00;0.000;0.00;0.00;0.00;0.00;0.000;0.00;0.00;0.00
12498;SPAR CHKN BURG CRMB CHSE;7;77746.33;1 562.000;12578.79;0.76;18.61;395.47;8.000;87.23;0.36;25.37;1351.74;26.000;332.62;1.48;28.30;779.85;15.000;202.75;0.61;29.90;2172.88;52.000;224.03;0.73;11.86;2147.52;48.000;346.18;1.77;18.54;1895.58;42.000;317.26;1.94;19.25;1039.80;20.000;270.33;1.04;29.90;1479.66;34.000;193.54;0.70;15.04;1739.61;39.000;261.13;0.77;17.26;675.87;13.000;175.71;0.41;29.90;3879.12;88.000;546.34;1.48;16.20;1867.59;41.000;310.24;0.82;19.10;948.83;17.000;286.30;0.80;34.70;1766.69;31.000;553.80;1.50;36.05;797.86;14.000;250.10;0.84;36.05;2393.50;50.000;368.14;2.51;17.69;1133.80;20.000;332.06;1.47;33.68;2862.43;57.000;397.49;1.19;15.97;1833.65;35.000;310.17;0.91;19.45;755.86;14.000;143.55;0.42;21.84;1187.78;22.000;225.58;0.57;21.84;1241.77;23.000;235.83;0.54;21.84;1619.70;30.000;307.60;0.74;21.84;1781.67;33.000;338.36;0.79;21.84;1964.65;35.000;379.60;1.06;22.22;1652.71;29.000;326.92;1.11;22.75;1424.75;25.000;281.83;0.79;22.75;1278.71;29.000;93.44;1.07;8.40;0.00;0.000;0.00;0.00;0.00;2891.40;60.000;330.98;1.13;13.16;1559.72;28.000;293.44;1.00;21.64;2384.51;49.000;273.82;0.53;13.21;1463.72;28.000;226.27;0.56;17.78;968.83;17.000;191.64;0.38;22.75;1592.67;33.000;178.05;0.48;12.86;2567.48;52.000;316.39;0.81;14.17;1025.82;18.000;202.92;0.54;22.75;2597.46;54.000;283.97;0.88;12.57;1151.76;24.000;123.39;0.45;12.32;2189.54;46.000;224.23;0.78;11.78;1889.66;34.000;341.55;0.82;20.79;729.87;13.000;136.99;0.40;21.58;695.88;12.000;145.71;0.51;24.08;1407.69;31.000;96.02;0.28;7.84;1849.65;35.000;297.84;0.63;18.52;796.86;14.000;170.55;0.35;24.61;2336.49;51.000;194.89;0.41;9.59;2364.49;51.000;219.24;0.64;10.66;1213.78;22.000;232.76;0.58;22.05
12544;TODAYS PUFF PASTRY;7;93748.56;3 324.000;17409.20;1.05;21.36;1427.32;68.000;270.35;1.12;21.78;1427.32;68.000;270.35;1.20;21.78;3565.05;195.000;342.39;1.02;11.04;3094.81;164.000;348.08;1.14;12.93;2489.59;126.000;351.66;1.80;16.24;1316.07;63.000;237.81;1.46;20.78;1356.50;60.000;316.14;1.22;26.80;0.00;0.000;0.00;0.00;0.00;491.21;19.000;153.72;0.45;35.99;1192.94;46.000;375.38;0.87;36.19;1337.49;51.000;407.29;1.10;35.02;1287.54;46.000;290.30;0.77;25.93;2065.06;74.000;461.62;1.29;25.71;1701.79;61.000;380.10;1.03;25.69;1791.36;64.000;403.90;1.36;25.93;1062.22;38.000;238.60;1.63;25.83;2235.00;80.000;508.35;2.24;26.16;1179.46;44.000;155.17;0.46;15.13;2798.12;103.000;395.52;1.16;16.26;2931.52;98.000;610.43;1.80;23.95;1318.06;44.000;275.70;0.69;24.05;1409.53;47.000;295.89;0.67;24.14;1462.01;49.000;301.96;0.73;23.75;629.79;21.000;132.20;0.31;24.14;2571.64;86.000;534.89;1.50;23.92;2598.63;87.000;538.57;1.82;23.83;2922.38;92.000;665.67;1.87;26.20;1978.58;62.000;383.05;4.37;22.26;2141.73;67.000;417.06;1.55;22.39;2044.49;76.000;138.35;0.47;7.78;1607.52;53.000;254.54;0.87;18.21;1943.39;61.000;369.51;0.72;21.87;1818.63;57.000;334.67;0.82;21.16;2005.77;63.000;366.16;0.73;20.99;1023.68;32.000;190.23;0.52;21.37;1837.82;58.000;329.48;0.85;20.62;1660.28;52.000;306.34;0.81;21.22;2050.31;59.000;442.51;1.36;24.82;1432.84;41.000;313.29;1.14;25.14;2269.10;65.000;494.52;1.72;25.06;2900.93;92.000;429.75;1.03;17.04;2073.93;67.000;279.31;0.81;15.49;2338.99;71.000;418.81;1.47;20.59;2701.88;82.000;484.14;1.42;20.61;1964.55;60.000;343.44;0.73;20.10;2700.23;82.000;482.71;1.00;20.56;2965.80;90.000;531.65;1.12;20.62;2304.35;70.000;411.44;1.20;20.53;2321.35;70.000;426.22;1.05;21.11
12558;SPAR MIX VEGETABLES;7;52138.87;1 198.000;9799.47;0.59;18.79;972.80;25.000;225.48;0.93;23.18;701.82;18.000;163.75;0.73;23.33;699.87;18.000;161.80;0.48;23.12;1950.45;60.000;156.88;0.51;8.04;1676.54;46.000;301.47;1.54;17.98;465.93;12.000;107.22;0.66;23.01;311.92;8.000;72.78;0.28;23.33;621.89;16.000;143.61;0.52;23.09;531.87;13.000;128.92;0.38;24.24;615.86;14.000;157.19;0.36;25.52;263.94;6.000;67.37;0.18;25.52;615.86;14.000;157.19;0.42;25.52;615.86;14.000;157.19;0.44;25.52;483.89;11.000;123.50;0.33;25.52;395.91;9.000;101.05;0.34;25.52;1099.75;25.000;280.69;1.92;25.52;879.80;20.000;226.02;1.00;25.69;1619.60;40.000;293.08;0.88;18.10;2145.42;58.000;380.07;1.11;17.72;1418.58;42.000;184.72;0.54;13.02;1334.62;38.000;139.25;0.35;10.43;1550.67;33.000;356.16;0.81;22.97;1180.36;29.000;132.14;0.32;11.19;1183.37;28.000;170.93;0.40;14.44;1142.73;27.000;166.57;0.47;14.58;2124.45;55.000;204.32;0.69;9.62;1338.32;33.000;179.84;0.50;13.44;890.46;19.000;168.18;1.92;18.89;794.13;17.000;147.88;0.55;18.62;562.18;12.000;124.25;0.42;22.10;431.91;9.000;117.15;0.40;27.12;2153.01;49.000;375.43;0.73;17.44;1369.74;26.000;340.38;0.84;24.85;1424.24;26.000;356.08;0.71;25.00;1321.96;29.000;189.61;0.51;14.34;774.84;16.000;140.48;0.36;18.13;1935.56;44.000;201.86;0.54;10.43;1042.06;19.000;261.48;0.81;25.09;659.88;12.000;166.89;0.61;25.29;1039.31;19.000;258.73;0.90;24.89;2364.57;43.000;598.01;1.43;25.29;1249.74;26.000;209.32;0.61;16.75;839.81;19.000;103.14;0.36;12.28;706.22;13.000;163.84;0.48;23.20;1169.11;24.000;187.56;0.40;16.04;1400.73;27.000;260.86;0.54;18.62;740.87;13.000;179.57;0.38;24.24;683.88;12.000;165.76;0.48;24.24;642.58;12.000;143.89;0.36;22.39
12560;SPAR FROZEN OVEN CHIPS;7;69720.22;1 741.000;14674.68;0.89;21.05;1443.64;44.000;408.75;1.69;28.31;1716.38;62.000;279.03;1.24;16.26;1748.47;53.000;479.88;1.43;27.45;2309.32;68.000;657.72;2.15;28.48;1949.40;60.000;84.50;0.43;4.33;2531.15;85.000;161.65;0.99;6.39;2652.41;79.000;439.07;1.70;16.55;1609.92;48.000;328.97;1.19;20.43;2131.58;62.000;456.56;1.34;21.42;1083.71;29.000;272.81;0.63;25.17;607.84;16.000;158.46;0.43;26.07;3297.53;87.000;854.02;2.26;25.90;2467.45;65.000;641.84;1.79;26.01;911.76;24.000;237.69;0.64;26.07;911.76;24.000;237.69;0.80;26.07;1005.66;24.000;292.95;2.00;29.13;3821.09;91.000;1132.09;5.00;29.63;4530.72;108.000;1339.37;4.00;29.56;335.92;8.000;99.52;0.29;29.63;741.74;16.000;224.67;0.66;30.29;749.85;15.000;232.81;0.59;31.05;0.00;0.000;0.00;0.00;0.00;894.82;18.000;251.48;0.61;28.10;857.82;18.000;191.59;0.45;22.33;1136.76;24.000;248.45;0.70;21.86;1923.47;48.000;331.49;1.12;17.23;1079.77;23.000;228.47;0.64;21.16;1097.28;22.000;269.76;3.08;24.58;1997.04;46.000;319.10;1.19;15.98;914.75;25.000;93.30;0.32;10.20;34.99;1.000;2.13;0.01;6.09;48.99;1.000;12.31;0.02;25.13;1886.57;43.000;327.02;0.80;17.33;1876.56;44.000;285.41;0.57;15.21;2155.56;44.000;516.94;1.40;23.98;1114.52;23.000;257.97;0.66;23.15;97.98;2.000;23.50;0.06;23.98;627.07;13.000;142.93;0.44;22.79;685.86;14.000;164.48;0.60;23.98;1186.45;25.000;255.42;0.89;21.53;1736.20;35.000;411.94;0.98;23.73;486.66;9.000;104.66;0.31;21.51;1417.94;31.000;69.37;0.24;4.89;1650.14;36.000;157.49;0.46;9.54;1409.21;29.000;196.90;0.42;13.97;494.91;9.000;112.58;0.23;22.75;929.33;17.000;207.66;0.44;22.35;1152.78;22.000;261.44;0.76;22.68;2269.49;51.000;210.80;0.52;9.29
12561;SPAR PEAS;7;39534.36;739.000;8148.65;0.49;20.61;1539.41;49.000;116.33;0.48;7.56;583.66;14.000;156.91;0.70;26.88;499.68;12.000;133.89;0.40;26.80;669.74;16.000;182.02;0.59;27.18;751.33;17.000;192.84;0.99;25.67;623.11;14.000;156.07;0.96;25.05;1075.26;24.000;274.62;1.06;25.54;895.30;20.000;228.10;0.82;25.48;392.32;8.000;96.08;0.28;24.49;1315.68;32.000;92.15;0.21;7.00;467.91;9.000;114.82;0.31;24.54;777.25;15.000;188.77;0.50;24.29;588.09;11.000;138.66;0.39;23.58;864.05;15.000;208.54;0.56;24.14;866.95;15.000;211.44;0.71;24.39;811.86;14.000;200.05;1.37;24.64;634.99;11.000;156.66;0.69;24.67;519.01;9.000;127.65;0.38;24.59;634.99;11.000;156.66;0.46;24.67;808.96;14.000;200.17;0.59;24.74;574.10;10.000;139.25;0.35;24.26;1731.66;34.000;253.47;0.58;14.64;173.97;3.000;43.52;0.10;25.01;0.00;0.000;0.00;0.00;0.00;0.00;0.000;0.00;0.00;0.00;0.00;0.000;0.00;0.00;0.00;873.32;18.000;94.18;0.26;10.78;616.80;10.000;152.63;1.74;24.74;1596.24;26.000;389.39;1.45;24.39;1295.59;21.000;320.82;1.10;24.76;616.80;10.000;152.63;0.52;24.74;1755.17;28.000;412.18;0.80;23.48;560.61;9.000;119.82;0.29;21.37;809.85;15.000;103.35;0.21;12.76;1253.50;20.000;273.97;0.74;21.86;1206.19;21.000;202.17;0.52;16.76;703.88;12.000;125.96;0.33;17.89;869.26;14.000;183.59;0.57;21.12;816.85;15.000;114.96;0.42;14.07;809.42;13.000;172.73;0.60;21.34;1209.34;21.000;200.42;0.48;16.57;752.73;12.000;167.46;0.49;22.25;1124.37;18.000;242.79;0.85;21.59;925.95;15.000;191.30;0.56;20.66;500.92;8.000;116.81;0.25;23.32;850.17;13.000;201.73;0.42;23.73;688.69;11.000;157.29;0.33;22.84;908.84;16.000;101.01;0.29;11.11;990.59;16.000;182.76;0.45;18.45
12563;SPAR CUT BEANS FROZEN 1KG;7;28064.47;578.000;5872.42;0.35;20.92;460.08;12.000;104.83;0.43;22.78;506.87;13.000;122.01;0.54;24.07;348.96;9.000;82.52;0.25;23.65;708.84;21.000;87.15;0.28;12.29;438.93;12.000;83.68;0.43;19.06;541.96;14.000;127.50;0.78;23.53;348.96;9.000;82.52;0.32;23.65;348.96;9.000;82.52;0.30;23.65;544.88;12.000;138.71;0.41;25.46;183.96;4.000;47.03;0.11;25.56;639.26;14.000;159.99;0.43;25.03;590.97;13.000;145.93;0.39;24.69;917.50;20.000;232.83;0.65;25.38;367.92;8.000;94.05;0.25;25.56;0.00;0.000;0.00;0.00;0.00;665.05;15.000;161.81;1.11;24.33;775.53;17.000;196.43;0.87;25.33;726.64;16.000;181.61;0.54;24.99;912.90;20.000;231.61;0.68;25.37;588.67;13.000;145.83;0.43;24.77;823.01;19.000;133.82;0.34;16.26;329.94;6.000;78.08;0.18;23.67;692.86;14.000;108.58;0.26;15.67;450.91;9.000;73.99;0.17;16.41;704.86;14.000;123.07;0.34;17.46;900.02;18.000;150.91;0.51;16.77;602.14;11.000;134.92;0.38;22.41;329.94;6.000;75.09;0.86;22.76;764.36;14.000;169.71;0.63;22.20;274.95;5.000;62.58;0.21;22.76;1042.06;19.000;235.04;0.80;22.56;684.38;12.000;157.20;0.31;22.97;419.93;7.000;105.67;0.26;25.16;479.92;8.000;120.76;0.24;25.16;731.86;14.000;119.05;0.32;16.27;638.88;12.000;111.37;0.29;17.43;460.40;10.000;31.66;0.08;6.88;587.48;12.000;66.70;0.21;11.35;627.89;11.000;138.54;0.50;22.06;479.92;8.000;120.76;0.42;25.16;179.97;3.000;45.29;0.11;25.16;759.86;14.000;140.32;0.41;18.47;580.90;10.000;121.79;0.43;20.97;1292.61;24.000;216.95;0.63;16.78;368.93;7.000;57.37;0.12;15.55;440.93;7.000;112.01;0.23;25.40;420.77;8.000;80.86;0.17;19.22;803.85;15.000;163.36;0.48;20.32;574.10;10.000;108.41;0.27;18.88
12564;SPAR COUNTRY MIX FROZEN;7;60637.30;1 290.000;14796.96;0.89;24.40;1239.69;31.000;292.09;1.21;23.56;999.75;25.000;235.55;1.05;23.56;1233.69;31.000;286.09;0.85;23.19;1277.64;36.000;177.20;0.58;13.87;959.76;24.000;263.46;1.35;27.45;1117.72;28.000;305.37;1.87;27.32;1473.63;37.000;400.17;1.55;27.16;1275.68;32.000;347.28;1.25;27.22;1473.33;32.000;544.93;1.60;36.99;563.88;12.000;215.73;0.50;38.26;1123.06;24.000;426.76;1.16;38.00;1221.74;26.000;467.42;1.24;38.26;796.48;17.000;303.27;0.85;38.08;516.89;11.000;197.75;0.54;38.26;0.00;0.000;0.00;0.00;0.00;892.81;19.000;341.57;2.33;38.26;422.91;9.000;161.80;0.71;38.26;704.85;15.000;269.66;0.81;38.26;1691.64;36.000;647.19;1.90;38.26;1521.62;38.000;302.53;0.89;19.88;867.79;21.000;195.36;0.49;22.51;699.86;14.000;293.69;0.67;41.96;1124.74;26.000;217.10;0.52;19.30;399.92;8.000;167.82;0.39;41.96;667.84;16.000;104.73;0.29;15.68;797.34;16.000;333.14;1.13;41.78;1299.74;26.000;426.81;1.20;32.84;1194.76;24.000;261.24;2.98;21.87;1399.72;28.000;310.62;1.16;22.19;1299.74;26.000;288.43;0.99;22.19;1149.77;23.000;255.15;0.87;22.19;1283.25;25.000;295.30;0.58;23.01;1457.73;27.000;355.80;0.87;24.41;1349.75;25.000;329.44;0.66;24.41;831.82;18.000;133.32;0.36;16.03;803.13;17.000;136.41;0.35;16.99;2357.50;50.000;365.85;0.97;15.52;2286.80;50.000;305.35;0.94;13.35;1986.20;40.000;378.19;1.37;19.04;1886.95;35.000;458.52;1.59;24.30;1719.58;32.000;413.58;0.99;24.05;772.43;17.000;99.02;0.29;12.82;2585.50;50.000;499.82;1.76;19.33;1759.79;36.000;284.71;0.83;16.18;1821.80;35.000;359.06;0.76;19.71;1934.81;34.000;466.80;0.97;24.13;2769.60;55.000;559.67;1.18;20.21;1622.67;33.000;316.24;0.92;19.49;0.00;0.000;0.00;0.00;0.00
12565;SPAR CORN FROZEN;7;15849.47;333.000;3327.67;0.20;21.00;291.83;7.000;70.13;0.29;24.03;419.90;10.000;103.19;0.46;24.57;209.95;5.000;51.60;0.15;24.57;293.93;7.000;72.23;0.24;24.57;335.92;8.000;82.55;0.42;24.57;167.96;4.000;41.28;0.25;24.57;209.95;5.000;51.60;0.20;24.57;209.95;5.000;51.60;0.19;24.57;139.97;3.000;36.74;0.11;26.25;725.82;18.000;101.19;0.23;13.94;342.93;7.000;92.46;0.25;26.96;97.98;2.000;26.42;0.07;26.96;146.97;3.000;39.63;0.11;26.96;146.97;3.000;39.63;0.11;26.96;95.53;2.000;23.97;0.08;25.09;244.95;5.000;66.05;0.45;26.96;195.96;4.000;53.54;0.24;27.32;146.97;3.000;40.16;0.12;27.32;293.94;6.000;80.32;0.24;27.32;195.96;4.000;53.54;0.16;27.32;440.91;9.000;120.47;0.30;27.32;744.81;19.000;68.68;0.16;9.22;299.94;6.000;80.40;0.19;26.80;47.49;1.000;8.93;0.02;18.80;349.93;7.000;79.98;0.22;22.86;247.45;5.000;54.63;0.19;22.08;447.90;10.000;72.53;0.20;16.19;199.96;4.000;45.70;0.52;22.86;0.00;0.000;0.00;0.00;0.00;697.36;14.000;157.47;0.54;22.58;249.95;5.000;57.13;0.19;22.86;689.87;13.000;166.40;0.32;24.12;591.19;11.000;142.25;0.35;24.06;333.92;8.000;26.46;0.05;7.92;377.93;7.000;92.24;0.25;24.41;449.91;9.000;90.76;0.23;20.17;683.84;16.000;59.41;0.16;8.69;477.81;9.000;110.50;0.34;23.13;147.97;3.000;17.39;0.06;11.76;377.93;7.000;92.24;0.32;24.41;200.96;4.000;37.71;0.09;18.77;353.63;7.000;67.94;0.20;19.21;428.42;8.000;92.46;0.33;21.58;336.24;6.000;77.18;0.23;22.95;624.04;11.000;149.09;0.32;23.89;227.96;4.000;55.25;0.11;24.24;0.00;0.000;0.00;0.00;0.00;226.95;5.000;19.04;0.06;8.39;681.86;14.000;107.61;0.27;15.78
12566;SPAR C/FLOWER & BROCOLLI;7;19755.09;311.000;4171.95;0.25;21.12;140.97;3.000;35.90;0.15;25.47;328.93;7.000;83.77;0.37;25.47;608.52;13.000;153.22;0.46;25.18;140.97;3.000;35.90;0.12;25.47;281.94;6.000;71.80;0.37;25.47;375.92;8.000;95.74;0.59;25.47;281.94;6.000;71.80;0.28;25.47;187.96;4.000;47.87;0.17;25.47;108.98;2.000;26.18;0.08;24.03;561.89;11.000;52.36;0.12;9.32;241.76;4.000;50.67;0.14;20.96;306.85;5.000;67.99;0.18;22.16;495.92;8.000;113.74;0.32;22.94;557.91;9.000;127.96;0.35;22.94;309.95;5.000;71.09;0.24;22.94;557.91;9.000;127.96;0.87;22.94;371.94;6.000;86.72;0.38;23.32;123.98;2.000;28.91;0.09;23.32;241.76;4.000;51.61;0.15;21.35;247.96;4.000;57.81;0.17;23.32;185.97;3.000;43.36;0.11;23.32;342.94;6.000;57.80;0.13;16.86;272.51;4.000;65.93;0.16;24.19;482.93;7.000;111.82;0.26;23.15;206.97;3.000;47.92;0.13;23.15;137.98;2.000;31.95;0.11;23.15;605.90;10.000;93.41;0.26;15.42;413.94;6.000;95.84;1.09;23.15;344.95;5.000;79.87;0.30;23.15;827.88;12.000;191.69;0.66;23.15;206.97;3.000;47.92;0.16;23.15;216.97;3.000;49.67;0.10;22.89;443.94;6.000;101.10;0.25;22.77;295.96;4.000;67.40;0.13;22.77;295.96;4.000;67.40;0.18;22.77;411.94;6.000;74.81;0.19;18.16;379.94;6.000;48.52;0.13;12.77;443.94;6.000;101.10;0.31;22.77;1135.81;19.000;172.73;0.63;15.21;961.87;13.000;219.04;0.76;22.77;366.25;5.000;80.55;0.19;21.99;443.94;6.000;101.10;0.29;22.77;459.99;6.000;106.16;0.37;23.08;315.96;4.000;76.41;0.22;24.18;857.04;11.000;198.28;0.42;23.14;315.96;4.000;76.41;0.16;24.18;315.96;4.000;79.41;0.17;25.13;944.85;15.000;91.46;0.27;9.68;645.91;9.000;133.88;0.33;20.73
12567;SPAR FRZ OVEN CHIP CRINKLE;7;70332.66;1 556.000;10782.81;0.65;15.33;985.84;26.000;374.31;1.55;37.97;1321.51;49.000;104.80;0.47;7.93;600.83;17.000;136.82;0.41;22.77;1293.63;37.000;336.75;1.10;26.03;2109.28;62.000;182.22;0.93;8.64;1437.43;47.000;60.42;0.37;4.20;1741.31;49.000;323.31;1.25;18.57;1175.64;36.000;121.74;0.44;10.36;1665.24;41.000;350.01;1.03;21.02;373.57;8.000;96.59;0.22;25.86;0.00;0.000;0.00;0.00;0.00;0.00;0.000;0.00;0.00;0.00;0.00;0.000;0.00;0.00;0.00;1832.61;39.000;482.32;1.31;26.32;1830.26;39.000;479.97;1.62;26.22;2552.06;54.000;659.89;4.51;25.86;146.97;3.000;38.81;0.17;26.41;1467.25;30.000;385.64;1.15;26.28;729.95;15.000;189.14;0.55;25.91;0.00;0.000;0.00;0.00;0.00;549.90;10.000;130.70;0.33;23.77;1374.75;25.000;323.57;0.73;23.54;1099.80;20.000;248.72;0.60;22.61;896.68;17.000;173.26;0.41;19.32;2158.07;43.000;374.31;1.05;17.34;704.83;17.000;54.70;0.19;7.76;1304.73;27.000;194.98;0.55;14.94;1649.70;30.000;376.04;4.29;22.79;1676.78;37.000;175.36;0.65;10.46;2572.42;58.000;207.17;0.71;8.05;1766.69;31.000;391.10;1.33;22.14;2161.84;41.000;383.39;0.75;17.73;2430.64;53.000;51.19;0.13;2.11;1806.62;38.000;96.74;0.19;5.35;1937.66;34.000;407.77;1.10;21.04;1624.82;33.000;171.78;0.44;10.57;3048.09;66.000;164.18;0.44;5.39;3402.70;80.000;182.32;0.56;5.36;1944.76;39.000;230.05;0.83;11.83;2188.70;45.000;208.17;0.72;9.51;1560.97;28.000;313.63;0.75;20.09;922.66;19.000;128.61;0.37;13.94;1674.48;37.000;113.05;0.40;6.75;769.09;16.000;101.44;0.30;13.19;1683.87;38.000;130.39;0.28;7.74;1723.91;34.000;304.13;0.63;17.64;1645.70;30.000;376.60;0.80;22.88;938.82;18.000;213.02;0.62;22.69;1849.60;40.000;233.72;0.58;12.64
12568;SAVEMOR VEGETABLES MIXED;7;421497.79;15 582.000;32552.83;1.96;7.72;9016.11;389.000;966.37;4.00;10.72;9122.59;401.000;782.84;3.48;8.58;7554.33;367.000;-111.80;-0.33;-1.48;3999.77;143.000;1000.17;3.27;25.01;8580.18;382.000;741.73;3.79;8.64;8728.34;406.000;556.17;3.41;6.37;8397.85;375.000;705.56;2.73;8.40;11871.16;544.000;867.30;3.13;7.31;9885.73;467.000;505.97;1.49;5.12;10125.14;466.000;1420.59;3.28;14.03;7285.97;283.000;792.42;2.15;10.88;8423.52;348.000;333.28;0.88;3.96;9704.37;403.000;496.83;1.39;5.12;11409.64;476.000;611.46;1.66;5.36;10095.74;406.000;820.76;2.77;8.13;8630.52;348.000;701.74;4.79;8.13;11788.44;496.000;831.13;3.67;7.05;11394.22;478.000;1183.10;3.54;10.38;9573.60;380.000;885.62;2.60;9.25;6755.88;252.000;910.29;2.68;13.47;5260.42;198.000;584.81;1.47;11.12;6939.19;261.000;656.34;1.49;9.46;8436.83;317.000;468.74;1.13;5.56;6888.57;243.000;366.65;0.86;5.32;9075.00;325.000;391.18;1.10;4.31;6138.48;202.000;640.12;2.17;10.43;7427.18;243.000;715.97;2.01;9.64;7995.48;272.000;505.10;5.76;6.32;7909.28;272.000;425.26;1.58;5.38;10714.85;375.000;416.68;1.42;3.89;7813.18;262.000;588.90;2.01;7.54;9652.12;333.000;469.45;0.92;4.86;8288.05;275.000;383.74;0.94;4.63;5292.37;163.000;528.46;1.05;9.99;7665.73;247.000;755.18;2.05;9.85;9789.80;330.000;492.86;1.27;5.03;10595.25;345.000;520.36;1.38;4.91;9566.28;302.000;567.40;1.75;5.93;10055.56;324.000;452.83;1.64;4.50;7164.90;210.000;807.66;2.80;11.27;9957.04;296.000;1050.32;2.51;10.55;8322.17;233.000;1243.99;3.63;14.95;6826.12;188.000;945.40;3.33;13.85;10467.76;329.000;411.78;1.21;3.93;9669.63;297.000;672.21;1.43;6.95;5550.46;154.000;758.88;1.58;13.67;7307.89;211.000;783.66;1.66;10.72;9180.15;285.000;343.16;1.00;3.74;9204.95;280.000;604.19;1.49;6.56
12571;SPAR FROZEN PEAS;7;44529.01;3 036.000;9570.17;0.58;21.49;655.45;55.000;161.20;0.67;24.59;1240.41;104.000;305.82;1.36;24.66;1303.16;129.000;152.79;0.46;11.72;556.26;47.000;133.90;0.44;24.07;332.80;28.000;81.18;0.41;24.39;1143.00;96.000;280.31;1.72;24.52;0.00;0.000;0.00;0.00;0.00;1071.91;90.000;263.13;0.95;24.55;1303.63;115.000;267.53;0.79;20.52;1253.16;84.000;363.68;0.84;29.02;879.16;59.000;254.41;0.69;28.94;1100.85;90.000;177.07;0.47;16.09;822.20;55.000;239.81;0.67;29.17;733.76;49.000;214.90;0.58;29.29;1090.34;91.000;158.63;0.54;14.55;433.21;29.000;126.13;0.86;29.11;862.67;58.000;251.54;1.11;29.16;897.15;60.000;264.95;0.79;29.53;1133.36;89.000;256.27;0.75;22.61;1148.98;77.000;418.00;1.23;36.38;1450.10;110.000;276.68;0.70;19.08;1573.27;93.000;377.93;0.86;24.02;1194.39;71.000;275.98;0.66;23.11;1352.67;93.000;196.15;0.46;14.50;1016.00;60.000;239.88;0.67;23.61;1198.64;71.000;280.23;0.95;23.38;902.93;62.000;129.60;0.36;14.35;1049.98;62.000;232.98;2.66;22.19;725.47;43.000;158.84;0.59;21.90;621.57;48.000;40.50;0.14;6.52;1110.95;70.000;219.61;0.75;19.77;728.87;43.000;162.24;0.32;22.26;705.01;53.000;66.81;0.16;9.48;1100.97;64.000;222.78;0.44;20.24;726.08;43.000;138.00;0.37;19.01;946.39;61.000;125.68;0.32;13.28;680.92;38.000;153.42;0.41;22.53;461.44;26.000;100.52;0.31;21.78;914.73;57.000;143.91;0.52;15.73;705.57;43.000;120.64;0.42;17.10;931.88;52.000;210.03;0.50;22.54;608.06;34.000;136.08;0.40;22.38;716.63;47.000;87.60;0.31;12.22;750.18;42.000;171.67;0.50;22.88;916.85;55.000;159.28;0.34;17.37;814.91;44.000;193.12;0.40;23.70;928.61;49.000;227.41;0.48;24.49;951.75;55.000;170.30;0.50;17.89;782.73;42.000;181.06;0.45;23.13
12573;SPAR FRZN CHIPS SKINNY FR;7;96372.47;2 168.000;16005.89;0.97;16.61;1039.74;26.000;368.73;1.52;35.46;1603.41;59.000;77.46;0.34;4.83;2357.34;66.000;515.18;1.54;21.85;1916.45;55.000;440.34;1.44;22.98;2198.35;65.000;178.04;0.91;8.10;2635.14;86.000;106.21;0.65;4.03;1067.69;31.000;172.52;0.67;16.16;3635.04;96.000;736.28;2.66;20.25;2446.06;59.000;534.66;1.57;21.86;2747.28;72.000;299.20;0.69;10.89;1127.76;24.000;296.81;0.80;26.32;2441.13;52.000;640.74;1.70;26.25;4273.74;91.000;1123.07;3.14;26.28;4978.59;106.000;1308.57;3.54;26.28;5067.87;108.000;1328.61;4.48;26.22;0.00;0.000;0.00;0.00;0.00;0.00;0.000;0.00;0.00;0.00;440.91;9.000;108.79;0.33;24.67;3081.47;63.000;756.63;2.22;24.55;2308.53;47.000;564.09;1.66;24.44;1916.40;35.000;449.18;1.13;23.44;1536.97;28.000;363.20;0.82;23.63;1099.80;20.000;261.39;0.63;23.77;1865.09;41.000;189.11;0.44;10.14;1762.38;37.000;242.76;0.68;13.77;1800.76;39.000;188.50;0.64;10.47;1549.68;32.000;234.10;0.66;15.11;714.87;13.000;162.95;1.86;22.79;1785.61;39.000;199.28;0.74;11.16;2439.44;56.000;162.53;0.56;6.66;1824.67;33.000;379.95;1.30;20.82;2704.85;52.000;458.56;0.90;16.95;2519.89;54.000;121.73;0.30;4.83;1899.61;39.000;144.73;0.29;7.62;1253.78;22.000;263.85;0.71;21.04;926.82;18.000;129.34;0.33;13.96;2804.35;60.000;177.95;0.47;6.35;2895.37;68.000;154.33;0.48;5.33;1927.60;40.000;172.05;0.62;8.93;2362.51;49.000;201.99;0.70;8.55;1518.12;28.000;283.36;0.68;18.67;896.08;17.000;177.83;0.52;19.84;2373.23;52.000;141.71;0.50;5.97;2128.53;47.000;183.29;0.54;8.61;2141.03;47.000;216.00;0.46;10.09;717.86;14.000;132.12;0.27;18.41;989.82;18.000;225.82;0.48;22.81;1350.14;26.000;301.76;0.88;22.35;1300.71;29.000;130.61;0.32;10.04
12574;SPAR FRZN CHIPS SLAP;7;118808.47;2 660.000;19067.50;1.15;16.05;1434.86;36.000;505.77;2.09;35.25;1327.51;49.000;69.25;0.31;5.22;1855.48;52.000;400.18;1.19;21.57;2928.96;84.000;712.43;2.33;24.32;2065.20;60.000;200.30;1.02;9.70;2714.10;90.000;67.89;0.42;2.50;2634.00;70.000;600.54;2.32;22.80;4836.55;125.000;1177.18;4.25;24.34;2207.32;53.000;836.11;2.46;37.88;3375.08;92.000;275.99;0.64;8.18;1503.68;32.000;395.75;1.07;26.32;939.80;20.000;247.34;0.65;26.32;4224.40;90.000;1108.35;3.10;26.24;655.51;14.000;170.79;0.46;26.05;1313.37;28.000;343.93;1.16;26.19;1501.33;32.000;393.40;2.69;26.20;391.92;8.000;96.70;0.43;24.67;4154.35;85.000;1017.66;3.04;24.50;3225.99;66.000;790.44;2.32;24.50;2593.77;53.000;612.86;1.81;23.63;1704.69;31.000;405.15;1.02;23.77;1861.41;34.000;436.11;0.99;23.43;2144.61;39.000;509.71;1.23;23.77;3514.06;79.000;291.63;0.68;8.30;2689.70;55.000;423.06;1.19;15.73;1943.07;43.000;176.96;0.60;9.11;2773.90;60.000;323.53;0.91;11.66;1319.76;24.000;300.83;3.43;22.79;2237.49;51.000;185.95;0.69;8.31;3422.21;79.000;233.13;0.80;6.81;2373.88;42.000;522.24;1.78;22.00;2411.84;46.000;418.76;0.82;17.36;3927.93;82.000;284.40;0.70;7.24;2063.56;44.000;83.70;0.17;4.06;1763.84;31.000;368.94;1.00;20.92;1178.46;24.000;122.08;0.31;10.36;2744.68;57.000;239.42;0.64;8.72;4046.37;93.000;275.91;0.85;6.82;1545.83;32.000;146.10;0.53;9.45;3322.16;69.000;293.56;1.02;8.84;1185.09;21.000;250.22;0.60;21.11;3024.87;68.000;213.43;0.62;7.06;2889.36;64.000;179.59;0.63;6.22;1975.56;44.000;156.38;0.46;7.92;4237.31;94.000;394.82;0.84;9.32;3268.33;67.000;505.18;1.05;15.46;2342.62;43.000;538.72;1.14;23.00;2131.34;41.000;469.63;1.37;22.03;2881.36;64.000;295.50;0.73;10.26
12575;SPAR FRZ FRENCH STIR FRY;7;11520.37;868.000;2472.60;0.15;21.46;83.65;7.000;24.63;0.10;29.44;262.90;22.000;77.40;0.34;29.44;403.95;42.000;35.17;0.10;8.71;285.00;24.000;82.64;0.27;29.00;298.75;25.000;87.96;0.45;29.44;250.35;21.000;73.29;0.45;29.27;724.50;71.000;123.33;0.48;17.02;296.35;25.000;85.56;0.31;28.87;671.90;63.000;139.03;0.41;20.69;252.58;17.000;109.24;0.25;43.25;269.82;18.000;118.05;0.32;43.75;379.16;34.000;45.33;0.12;11.96;224.10;15.000;97.63;0.27;43.56;59.96;4.000;26.23;0.07;43.75;383.68;32.000;79.72;0.27;20.78;179.88;12.000;78.70;0.54;43.75;179.88;12.000;78.70;0.35;43.75;179.88;12.000;78.70;0.24;43.75;554.28;47.000;93.20;0.27;16.81;299.80;20.000;109.94;0.32;36.67;638.73;52.000;105.94;0.27;16.59;304.97;18.000;75.34;0.17;24.70;50.97;3.000;12.34;0.03;24.21;350.73;27.000;23.88;0.06;6.81;0.00;0.000;0.00;0.00;0.00;0.00;0.000;0.00;0.00;0.00;0.00;0.000;0.00;0.00;0.00;0.00;0.000;0.00;0.00;0.00;0.00;0.000;0.00;0.00;0.00;0.00;0.000;0.00;0.00;0.00;0.00;0.000;0.00;0.00;0.00;0.00;0.000;0.00;0.00;0.00;290.97;23.000;18.76;0.05;6.45;304.90;19.000;49.08;0.10;16.10;316.97;19.000;58.03;0.16;18.31;257.72;18.000;19.12;0.05;7.42;140.32;8.000;29.27;0.08;20.86;125.03;7.000;27.86;0.09;22.28;31.98;2.000;4.92;0.02;15.39;91.94;6.000;11.47;0.04;12.47;250.96;14.000;56.62;0.14;22.56;197.89;11.000;45.19;0.13;22.84;608.69;41.000;62.41;0.22;10.25;179.90;10.000;42.16;0.12;23.44;212.87;13.000;33.81;0.07;15.88;97.94;6.000;15.64;0.03;15.97;132.93;7.000;32.76;0.07;24.64;561.66;34.000;72.55;0.21;12.92;131.93;7.000;31.00;0.08;23.50
12576;SPAR FROZEN SWEETCORN;7;20292.63;1 406.000;4880.86;0.29;24.05;239.00;20.000;70.37;0.29;29.44;415.85;35.000;120.74;0.54;29.03;635.85;62.000;97.55;0.29;15.34;190.60;16.000;55.69;0.18;29.22;403.30;34.000;116.62;0.60;28.92;285.00;24.000;82.64;0.51;29.00;559.45;52.000;119.03;0.46;21.28;533.55;45.000;154.13;0.56;28.89;890.26;78.000;230.88;0.68;25.93;494.67;33.000;216.43;0.50;43.75;164.14;11.000;71.39;0.19;43.49;536.54;46.000;93.41;0.25;17.41;284.81;19.000;124.61;0.35;43.75;521.65;35.000;226.54;0.61;43.43;720.17;58.000;177.48;0.60;24.64;568.87;38.000;248.47;1.70;43.68;88.44;6.000;37.85;0.17;42.80;0.00;0.000;0.00;0.00;0.00;457.62;38.000;86.95;0.25;19.00;404.73;27.000;148.41;0.44;36.67;269.98;17.000;118.70;0.30;43.96;628.63;37.000;294.14;0.67;46.79;322.81;19.000;77.04;0.19;23.86;377.88;27.000;45.22;0.11;11.97;305.82;18.000;72.98;0.20;23.86;271.84;16.000;64.87;0.22;23.86;360.10;25.000;49.51;0.14;13.75;271.84;16.000;61.00;0.70;22.44;377.07;23.000;77.21;0.29;20.48;258.50;20.000;16.39;0.06;6.34;431.72;28.000;78.83;0.27;18.26;287.98;17.000;63.96;0.12;22.21;847.81;58.000;122.65;0.30;14.47;463.85;29.000;73.93;0.15;15.94;516.88;31.000;96.59;0.26;18.69;584.23;37.000;84.70;0.22;14.50;250.96;14.000;56.62;0.15;22.56;233.87;13.000;53.41;0.16;22.84;565.63;37.000;69.62;0.25;12.31;283.12;18.000;40.30;0.14;14.23;357.10;20.000;79.47;0.19;22.25;304.93;17.000;68.94;0.20;22.61;475.68;32.000;49.41;0.17;10.39;286.94;16.000;66.56;0.19;23.20;616.72;38.000;93.31;0.20;15.13;524.92;28.000;121.85;0.25;23.21;512.73;27.000;122.58;0.26;23.91;481.72;28.000;83.46;0.24;17.33;426.87;23.000;98.44;0.24;23.06
12577;SPAR FROZEN STEW MIX;7;11557.21;864.000;2369.89;0.14;20.51;382.40;32.000;112.59;0.47;29.44;403.30;34.000;116.62;0.52;28.92;302.45;30.000;41.07;0.12;13.58;142.80;12.000;41.62;0.14;29.15;95.60;8.000;28.15;0.14;29.44;166.10;14.000;48.06;0.29;28.93;344.80;37.000;31.42;0.12;9.11;0.00;0.000;0.00;0.00;0.00;663.86;64.000;122.25;0.36;18.42;179.13;12.000;77.95;0.18;43.52;238.34;16.000;103.43;0.28;43.40;403.15;35.000;64.14;0.17;15.91;254.83;17.000;111.49;0.31;43.75;299.05;20.000;130.42;0.35;43.61;425.62;38.000;53.19;0.18;12.50;344.02;23.000;150.09;1.03;43.63;89.94;6.000;39.35;0.17;43.75;89.19;6.000;38.60;0.12;43.28;253.29;21.000;49.58;0.15;19.58;359.76;24.000;131.92;0.39;36.67;572.51;49.000;68.89;0.17;12.03;235.31;14.000;56.71;0.13;24.10;203.88;12.000;49.72;0.12;24.39;374.02;28.000;32.57;0.08;8.71;237.01;14.000;55.91;0.16;23.59;388.22;23.000;90.71;0.31;23.36;509.31;39.000;36.36;0.10;7.14;220.87;13.000;49.56;0.57;22.44;16.99;1.000;3.81;0.01;22.44;51.96;4.000;3.54;0.01;6.81;0.00;0.000;0.00;0.00;0.00;33.98;2.000;7.63;0.01;22.44;576.95;46.000;34.08;0.08;5.91;237.93;15.000;36.13;0.07;15.18;161.98;11.000;16.51;0.04;10.19;221.04;16.000;10.21;0.03;4.62;53.07;3.000;11.42;0.03;21.53;179.90;10.000;41.08;0.13;22.84;275.82;18.000;35.82;0.13;12.98;291.10;20.000;25.45;0.09;8.74;89.95;5.000;20.54;0.05;22.84;0.00;0.000;0.00;0.00;0.00;199.86;14.000;14.79;0.05;7.40;214.08;12.000;48.79;0.14;22.79;314.80;20.000;39.32;0.08;12.49;36.98;2.000;8.71;0.02;23.55;0.00;0.000;0.00;0.00;0.00;182.09;11.000;24.85;0.07;13.64;239.97;13.000;54.85;0.14;22.86
12578;SPAR FROZEN MIX VEG;7;46353.52;3 338.000;10864.88;0.66;23.44;905.20;76.000;261.80;1.08;28.92;1003.20;84.000;292.07;1.30;29.11;1340.95;137.000;140.17;0.42;10.45;809.60;68.000;233.93;0.76;28.89;1180.65;99.000;342.54;1.75;29.01;882.50;74.000;256.03;1.57;29.01;2145.75;216.000;314.60;1.22;14.66;879.51;74.000;253.04;0.91;28.77;2211.83;197.000;544.07;1.60;24.60;638.57;43.000;274.54;0.63;42.99;403.23;27.000;174.65;0.47;43.31;1550.45;130.000;309.83;0.82;19.98;1268.90;85.000;549.31;1.53;43.29;929.38;62.000;404.50;1.10;43.52;782.37;63.000;191.72;0.65;24.51;1152.73;77.000;500.86;3.42;43.45;1136.24;76.000;492.84;2.17;43.37;925.63;62.000;400.75;1.20;43.29;1938.88;162.000;364.61;1.07;18.81;808.71;54.000;296.08;0.87;36.61;1472.78;122.000;234.77;0.59;15.94;577.66;34.000;142.30;0.32;24.63;843.55;50.000;196.78;0.47;23.33;508.85;30.000;120.79;0.28;23.74;1235.17;73.000;290.89;0.82;23.55;575.11;34.000;135.31;0.46;23.53;1357.54;96.000;172.17;0.48;12.68;966.73;57.000;215.62;2.46;22.30;576.81;34.000;128.78;0.48;22.33;374.76;29.000;23.70;0.08;6.32;183.91;14.000;13.36;0.05;7.26;389.07;23.000;85.99;0.17;22.10;1301.89;95.000;142.49;0.35;10.94;857.20;53.000;139.93;0.28;16.32;1089.73;66.000;193.51;0.52;17.76;1216.50;80.000;144.72;0.37;11.90;644.04;36.000;144.30;0.38;22.41;520.81;29.000;118.24;0.36;22.70;603.62;38.000;94.44;0.34;15.65;1083.67;73.000;110.47;0.38;10.19;822.14;46.000;183.58;0.44;22.33;771.77;43.000;174.86;0.51;22.66;983.36;64.000;125.93;0.44;12.81;824.84;46.000;191.24;0.56;23.18;689.57;43.000;97.29;0.21;14.11;727.85;40.000;162.01;0.34;22.26;715.92;38.000;168.92;0.36;23.60;817.73;47.000;146.07;0.43;17.86;726.66;39.000;168.49;0.42;23.19
12579;SPAR S/FRY FRZ VEG TROPIC;7;13907.57;965.000;2574.35;0.16;18.51;119.50;10.000;29.64;0.12;24.80;227.05;19.000;56.31;0.25;24.80;265.70;25.000;42.26;0.13;15.91;152.36;13.000;35.54;0.12;23.32;130.25;11.000;31.40;0.16;24.11;178.65;15.000;43.85;0.27;24.55;101.65;9.000;23.06;0.09;22.68;0.00;0.000;0.00;0.00;0.00;0.00;0.000;0.00;0.00;0.00;0.00;0.000;0.00;0.00;0.00;0.00;0.000;0.00;0.00;0.00;451.07;43.000;18.60;0.05;4.12;164.89;11.000;48.41;0.14;29.36;209.86;14.000;61.61;0.17;29.36;359.70;30.000;52.66;0.18;14.64;236.84;16.000;67.42;0.46;28.46;314.79;21.000;93.52;0.41;29.71;522.40;35.000;153.62;0.46;29.41;684.41;59.000;101.76;0.30;14.87;329.03;22.000;120.18;0.35;36.53;651.13;52.000;108.54;0.27;16.67;372.08;22.000;91.42;0.21;24.57;253.15;15.000;60.36;0.15;23.85;638.53;47.000;63.76;0.15;9.99;440.89;26.000;104.57;0.29;23.72;575.96;34.000;136.16;0.46;23.64;748.81;54.000;85.15;0.24;11.37;423.90;25.000;94.47;1.08;22.28;287.13;17.000;63.11;0.24;21.98;272.79;21.000;18.57;0.06;6.81;120.91;9.000;10.89;0.04;9.00;288.83;17.000;64.81;0.13;22.44;385.10;30.000;27.66;0.07;7.18;169.96;11.000;22.88;0.05;13.46;330.97;20.000;58.96;0.16;17.81;462.50;30.000;58.73;0.15;12.70;268.95;15.000;60.72;0.16;22.58;35.98;2.000;8.22;0.03;22.84;287.80;20.000;22.85;0.08;7.94;27.98;2.000;1.63;0.01;5.81;0.00;0.000;0.00;0.00;0.00;322.02;18.000;72.15;0.21;22.41;439.70;30.000;40.87;0.14;9.29;286.04;16.000;65.66;0.19;22.95;428.74;26.000;70.62;0.15;16.47;141.92;8.000;30.88;0.06;21.76;265.86;14.000;62.87;0.13;23.65;384.87;23.000;54.29;0.16;14.11;146.92;8.000;33.73;0.08;22.96
12581;SPAR PEAS BABY FRZN;7;31533.81;929.000;7696.31;0.46;24.41;298.87;13.000;79.63;0.33;26.65;344.85;15.000;91.89;0.41;26.65;549.46;24.000;144.72;0.43;26.34;546.01;24.000;141.27;0.46;25.87;341.40;15.000;88.44;0.45;25.90;572.45;25.000;150.84;0.92;26.35;137.94;6.000;36.75;0.14;26.65;594.29;26.000;155.82;0.56;26.22;506.81;19.000;134.89;0.40;26.62;531.81;19.000;141.50;0.33;26.61;615.78;22.000;163.84;0.44;26.61;676.78;22.000;184.58;0.49;27.27;693.38;22.000;186.08;0.52;26.84;732.57;23.000;202.21;0.55;27.60;475.05;15.000;129.16;0.44;27.19;569.42;18.000;154.35;1.05;27.11;666.99;21.000;185.14;0.82;27.76;762.96;24.000;212.27;0.63;27.82;635.00;20.000;176.09;0.52;27.73;351.89;11.000;99.49;0.29;28.27;886.15;25.000;264.31;0.67;29.83;513.87;13.000;158.61;0.36;30.87;675.83;17.000;211.26;0.51;31.26;871.78;22.000;231.53;0.54;26.56;159.96;4.000;35.03;0.10;21.90;913.77;23.000;171.39;0.58;18.76;431.89;11.000;76.84;0.22;17.79;717.82;18.000;163.57;1.86;22.79;1109.72;28.000;247.55;0.92;22.31;1111.72;28.000;249.55;0.85;22.45;997.75;25.000;211.61;0.72;21.21;587.49;16.000;113.03;0.22;19.24;656.57;18.000;141.37;0.35;21.53;553.00;15.000;123.67;0.25;22.36;434.63;12.000;91.16;0.25;20.97;619.58;17.000;133.00;0.34;21.47;663.97;18.000;148.77;0.40;22.41;547.45;15.000;118.12;0.36;21.58;998.73;27.000;225.93;0.82;22.62;586.29;16.000;128.33;0.45;21.89;810.08;22.000;180.39;0.43;22.27;806.38;22.000;176.69;0.51;21.91;784.80;20.000;183.42;0.65;23.37;951.76;24.000;221.43;0.65;23.27;1157.71;29.000;275.23;0.58;23.77;675.83;17.000;158.51;0.33;23.45;795.80;20.000;187.19;0.40;23.52;471.88;12.000;106.72;0.31;22.61;437.89;11.000;103.16;0.26;23.56
12842;C/FAIR STEAKLET CR/PEPPER;7;20600.93;347.000;5110.52;0.31;28.53;571.89;11.000;141.90;0.59;28.54;569.29;11.000;139.64;0.62;28.21;371.93;7.000;90.63;0.27;28.02;107.98;2.000;25.96;0.08;27.65;377.93;7.000;90.87;0.46;27.65;161.97;3.000;38.94;0.24;27.65;377.93;7.000;90.87;0.35;27.65;593.89;11.000;142.80;0.52;27.65;839.86;14.000;221.61;0.65;30.34;179.97;3.000;47.49;0.11;30.34;479.92;8.000;126.63;0.34;30.34;179.97;3.000;47.49;0.13;30.34;659.89;11.000;174.12;0.49;30.34;659.89;11.000;174.12;0.47;30.34;359.94;6.000;94.98;0.32;30.34;179.97;3.000;47.49;0.32;30.34;779.87;13.000;208.11;0.92;30.69;599.90;10.000;160.09;0.48;30.69;479.92;8.000;128.07;0.38;30.69;599.90;10.000;160.09;0.47;30.69;599.90;10.000;160.09;0.40;30.69;359.94;6.000;96.05;0.22;30.69;359.94;6.000;96.05;0.23;30.69;479.92;8.000;115.65;0.27;27.71;419.93;7.000;90.32;0.25;24.74;599.90;10.000;129.03;0.44;24.74;419.93;7.000;90.32;0.25;24.74;359.94;6.000;77.42;0.88;24.74;539.91;9.000;116.13;0.43;24.74;419.93;7.000;90.32;0.31;24.74;599.90;10.000;127.10;0.43;24.37;359.94;6.000;74.52;0.15;23.81;539.91;9.000;111.78;0.27;23.81;239.96;4.000;49.68;0.10;23.81;359.94;6.000;74.52;0.20;23.81;299.95;5.000;62.10;0.16;23.81;299.95;5.000;62.10;0.17;23.81;239.96;4.000;49.68;0.15;23.81;479.92;8.000;99.36;0.36;23.81;308.95;5.000;69.93;0.24;26.03;629.90;10.000;150.29;0.36;27.44;440.93;7.000;105.20;0.31;27.44;0.00;0.000;0.00;0.00;0.00;566.91;9.000;158.91;0.47;32.23;125.98;2.000;39.52;0.08;36.07;251.96;4.000;79.03;0.16;36.07;385.94;6.000;125.50;0.27;37.40;519.92;8.000;171.98;0.50;38.04;259.96;4.000;85.99;0.21;38.04
12846;C/FAIR STEAKLETS GARLIC;7;24660.27;413.000;6075.52;0.37;28.33;467.91;9.000;116.10;0.48;28.54;621.28;12.000;152.54;0.68;28.24;481.91;9.000;116.67;0.35;27.84;323.94;6.000;77.89;0.25;27.65;485.91;9.000;116.83;0.60;27.65;593.89;11.000;142.80;0.88;27.65;107.98;2.000;25.96;0.10;27.65;431.92;8.000;103.85;0.37;27.65;293.95;5.000;76.30;0.22;29.85;299.95;5.000;79.15;0.18;30.34;539.91;9.000;142.46;0.39;30.34;719.88;12.000;189.95;0.50;30.34;479.92;8.000;126.63;0.35;30.34;419.93;7.000;110.81;0.30;30.34;299.95;5.000;79.15;0.27;30.34;419.93;7.000;110.81;0.76;30.34;899.85;15.000;240.13;1.06;30.69;419.93;7.000;112.06;0.34;30.69;299.95;5.000;80.04;0.23;30.69;479.92;8.000;128.07;0.38;30.69;359.94;6.000;96.05;0.24;30.69;359.94;6.000;96.05;0.22;30.69;419.93;7.000;112.06;0.27;30.69;539.91;9.000;119.24;0.28;25.40;239.96;4.000;51.61;0.14;24.74;719.88;12.000;154.84;0.52;24.74;479.92;8.000;103.23;0.29;24.74;419.93;7.000;90.32;1.03;24.74;479.92;8.000;103.23;0.38;24.74;479.92;8.000;103.23;0.35;24.74;899.85;15.000;190.14;0.65;24.30;659.89;11.000;134.44;0.26;23.43;659.89;11.000;134.44;0.33;23.43;479.92;8.000;97.78;0.19;23.43;419.93;7.000;85.55;0.23;23.43;299.95;5.000;61.11;0.16;23.43;659.89;11.000;134.44;0.36;23.43;359.94;6.000;73.33;0.23;23.43;419.93;7.000;85.55;0.31;23.43;431.93;7.000;95.99;0.33;25.56;566.91;9.000;133.48;0.32;27.08;1070.83;17.000;252.12;0.73;27.08;692.89;11.000;163.14;0.57;27.08;755.88;12.000;202.60;0.59;30.82;440.93;7.000;138.30;0.29;36.07;440.93;7.000;138.30;0.29;36.07;383.94;6.000;123.76;0.26;37.07;779.88;12.000;257.96;0.75;38.04;649.90;10.000;214.97;0.53;38.04
12851;C/FAIR C/BLEU STEAKLETS;7;29862.25;505.000;7242.11;0.44;27.89;571.89;11.000;141.90;0.59;28.54;727.86;14.000;180.61;0.80;28.54;583.19;11.000;140.12;0.42;27.63;755.86;14.000;181.74;0.59;27.65;593.89;11.000;142.80;0.73;27.65;593.89;11.000;142.80;0.88;27.65;647.88;12.000;155.78;0.60;27.65;1025.81;19.000;246.65;0.89;27.65;779.87;13.000;205.78;0.61;30.34;539.91;9.000;142.46;0.33;30.34;959.84;16.000;253.27;0.69;30.34;599.90;10.000;158.29;0.42;30.34;599.90;10.000;158.29;0.44;30.34;179.97;3.000;47.49;0.13;30.34;239.96;4.000;63.32;0.21;30.34;299.95;5.000;79.15;0.54;30.34;719.88;12.000;192.10;0.85;30.69;599.90;10.000;160.09;0.48;30.69;659.89;11.000;176.10;0.52;30.69;659.89;11.000;176.10;0.52;30.69;839.86;14.000;224.12;0.56;30.69;479.92;8.000;128.07;0.29;30.69;719.88;12.000;192.10;0.46;30.69;839.86;14.000;205.49;0.48;28.14;779.87;13.000;167.74;0.47;24.74;959.84;16.000;206.45;0.70;24.74;479.92;8.000;103.23;0.29;24.74;839.86;14.000;180.65;2.06;24.74;419.93;7.000;90.32;0.34;24.74;659.89;11.000;141.94;0.49;24.74;959.84;16.000;201.00;0.69;24.08;779.87;13.000;158.89;0.31;23.43;539.91;9.000;110.00;0.27;23.43;779.87;13.000;158.89;0.32;23.43;239.96;4.000;48.89;0.13;23.43;719.88;12.000;146.67;0.38;23.43;719.88;12.000;146.67;0.39;23.43;539.91;9.000;110.00;0.34;23.43;599.90;10.000;122.22;0.44;23.43;746.88;12.000;170.14;0.59;26.20;1007.84;16.000;237.29;0.57;27.08;188.97;3.000;44.49;0.13;27.08;629.90;10.000;148.31;0.52;27.08;125.98;2.000;29.66;0.09;27.08;251.96;4.000;79.03;0.17;36.07;377.94;6.000;118.55;0.25;36.07;255.96;4.000;82.51;0.17;37.07;454.93;7.000;150.48;0.44;38.04;584.91;9.000;193.47;0.48;38.04
20155;OLA PADDLE POP ORANGE;7;9045.49;753.000;2117.09;0.13;26.92;30.00;3.000;6.19;0.03;23.73;190.00;19.000;39.21;0.17;23.73;169.50;17.000;34.65;0.10;23.51;50.00;5.000;10.32;0.03;23.73;90.00;9.000;18.57;0.09;23.73;100.00;10.000;20.64;0.13;23.73;33.00;3.000;7.32;0.03;25.51;44.00;4.000;9.76;0.04;25.51;143.00;13.000;31.72;0.09;25.51;88.00;8.000;19.52;0.05;25.51;440.00;40.000;97.61;0.26;25.51;228.80;21.000;49.33;0.13;24.79;110.00;10.000;24.40;0.07;25.51;33.00;3.000;5.41;0.01;18.84;22.00;2.000;3.60;0.01;18.84;22.00;2.000;3.60;0.02;18.84;22.00;2.000;3.60;0.02;18.84;22.00;2.000;3.60;0.01;18.84;23.98;2.000;5.33;0.02;25.54;0.00;0.000;0.00;0.00;0.00;35.97;3.000;7.99;0.02;25.54;95.92;8.000;23.17;0.05;27.78;191.84;16.000;46.34;0.11;27.78;202.03;17.000;47.67;0.11;27.13;215.82;18.000;52.13;0.15;27.78;59.95;5.000;14.48;0.05;27.78;59.95;5.000;14.48;0.04;27.78;0.00;0.000;0.00;0.00;0.00;47.96;4.000;11.58;0.04;27.78;47.96;4.000;10.65;0.04;25.54;71.94;6.000;15.98;0.05;25.54;299.97;25.000;66.77;0.13;25.60;348.00;29.000;77.49;0.19;25.61;180.00;15.000;40.08;0.08;25.61;300.00;25.000;66.80;0.18;25.61;264.00;22.000;58.78;0.15;25.61;600.00;50.000;133.60;0.36;25.61;312.00;26.000;69.47;0.21;25.61;312.00;26.000;69.47;0.25;25.61;108.00;9.000;24.05;0.08;25.61;0.00;0.000;0.00;0.00;0.00;85.98;7.000;20.43;0.06;27.32;324.75;25.000;88.32;0.31;31.28;194.85;15.000;52.99;0.16;31.28;740.43;57.000;203.47;0.43;31.60;402.69;31.000;116.74;0.24;33.34;487.12;38.000;137.45;0.29;32.45;727.44;56.000;116.74;0.34;18.45;467.64;36.000;135.57;0.34;33.34
20156;OLA I/CRM PADDLE POP CHOC;7;9894.02;712.000;2377.75;0.14;27.64;60.00;6.000;12.38;0.05;23.73;190.00;19.000;39.21;0.17;23.73;90.00;9.000;18.57;0.06;23.73;40.00;4.000;8.26;0.03;23.73;0.00;0.000;0.00;0.00;0.00;30.00;3.000;6.19;0.04;23.73;0.00;0.000;0.00;0.00;0.00;0.00;0.000;0.00;0.00;0.00;0.00;0.000;0.00;0.00;0.00;13.00;1.000;2.88;0.01;25.51;13.00;1.000;2.88;0.01;25.51;130.00;10.000;28.84;0.08;25.51;52.00;4.000;11.53;0.03;25.51;52.00;4.000;9.51;0.03;21.04;39.00;3.000;7.14;0.02;21.04;13.00;1.000;2.38;0.02;21.04;13.00;1.000;2.38;0.01;21.04;78.00;6.000;14.27;0.04;21.04;0.00;0.000;0.00;0.00;0.00;13.00;1.000;2.38;0.01;21.04;26.00;2.000;4.76;0.01;21.04;39.00;3.000;7.14;0.02;21.04;284.70;22.000;51.20;0.12;20.68;208.00;16.000;38.06;0.09;21.04;194.35;15.000;39.13;0.11;23.15;51.35;4.000;10.02;0.03;22.44;39.00;3.000;7.94;0.02;23.41;26.00;2.000;5.29;0.06;23.41;26.00;2.000;5.29;0.02;23.41;52.00;4.000;9.51;0.03;21.04;104.00;8.000;19.03;0.06;21.04;457.00;33.000;102.84;0.20;25.88;322.00;23.000;74.71;0.18;26.68;560.00;40.000;129.92;0.26;26.68;574.00;41.000;133.17;0.36;26.68;462.00;33.000;107.19;0.28;26.68;588.00;42.000;136.42;0.36;26.68;210.00;15.000;48.72;0.15;26.68;210.00;15.000;48.72;0.18;26.68;42.00;3.000;9.74;0.03;26.68;14.00;1.000;3.25;0.01;26.68;238.00;17.000;55.22;0.16;26.68;280.00;20.000;64.96;0.23;26.68;657.89;48.000;143.64;0.42;25.11;914.39;61.000;250.65;0.53;31.52;764.49;51.000;209.56;0.44;31.52;599.60;40.000;164.63;0.35;31.57;854.43;57.000;249.47;0.73;33.58;269.82;18.000;78.78;0.19;33.58
20159;OLA ICE CREAM CHOC PIE;7;10261.04;699.000;2233.10;0.13;25.03;156.00;12.000;33.41;0.14;24.63;221.00;17.000;47.33;0.21;24.63;91.00;7.000;19.49;0.06;24.63;26.00;2.000;5.57;0.02;24.63;143.00;11.000;30.63;0.16;24.63;117.00;9.000;25.06;0.15;24.63;26.00;2.000;5.57;0.02;24.63;26.00;2.000;5.57;0.02;24.63;39.00;3.000;8.35;0.02;24.63;78.00;6.000;16.70;0.04;24.63;104.00;8.000;22.27;0.06;24.63;39.00;3.000;8.35;0.02;24.63;39.00;3.000;8.35;0.02;24.63;179.88;12.000;38.84;0.11;24.83;149.90;10.000;32.36;0.11;24.83;29.98;2.000;6.77;0.05;25.96;179.88;12.000;42.36;0.19;27.08;299.80;20.000;70.61;0.21;27.08;89.94;6.000;21.18;0.06;27.08;119.92;8.000;28.24;0.08;27.08;479.68;32.000;112.97;0.28;27.08;224.10;15.000;52.30;0.12;26.84;523.90;35.000;122.91;0.30;26.98;254.83;17.000;60.02;0.14;27.08;74.20;5.000;17.00;0.05;26.35;89.94;6.000;21.18;0.07;27.08;119.92;8.000;28.24;0.08;27.08;44.97;3.000;10.59;0.12;27.08;74.95;5.000;17.65;0.07;27.08;194.12;13.000;41.42;0.14;24.54;179.88;12.000;38.84;0.13;24.83;224.99;15.000;48.67;0.10;24.88;210.00;14.000;45.43;0.11;24.88;420.00;28.000;90.86;0.18;24.88;180.00;12.000;38.94;0.11;24.88;660.00;44.000;142.79;0.37;24.88;240.00;16.000;51.92;0.14;24.88;165.00;11.000;35.70;0.11;24.88;150.00;10.000;32.45;0.12;24.88;90.00;6.000;19.47;0.07;24.88;60.00;4.000;12.98;0.03;24.88;195.00;13.000;42.19;0.12;24.88;613.50;41.000;131.75;0.46;24.70;749.59;50.000;161.90;0.47;24.84;269.82;18.000;58.26;0.12;24.83;959.36;64.000;207.13;0.43;24.83;14.99;1.000;3.24;0.01;24.83;308.00;22.000;52.26;0.15;19.51;336.00;24.000;57.01;0.14;19.51
20161;OLA  PADDLEPOP RAINBOW;7;11341.86;778.000;3100.87;0.19;31.44;130.00;10.000;27.12;0.11;23.99;117.00;9.000;24.41;0.11;23.99;130.00;10.000;27.12;0.08;23.99;26.00;2.000;5.42;0.02;23.99;169.00;13.000;35.26;0.18;23.99;208.00;16.000;43.39;0.27;23.99;65.00;5.000;13.56;0.05;23.99;78.00;6.000;16.27;0.06;23.99;65.00;5.000;13.56;0.04;23.99;169.00;13.000;35.26;0.08;23.99;156.00;12.000;32.54;0.09;23.99;286.00;22.000;59.66;0.16;23.99;249.92;18.000;62.66;0.18;28.83;164.89;11.000;46.46;0.13;32.40;0.00;0.000;0.00;0.00;0.00;14.99;1.000;4.14;0.03;31.77;89.94;6.000;24.85;0.11;31.77;44.97;3.000;12.42;0.04;31.77;119.92;8.000;33.13;0.10;31.77;14.99;1.000;4.14;0.01;31.77;329.78;22.000;96.99;0.24;33.82;359.76;24.000;105.80;0.24;33.82;719.52;48.000;211.61;0.51;33.82;404.73;27.000;119.03;0.28;33.82;539.64;36.000;158.70;0.44;33.82;164.14;11.000;47.84;0.16;33.52;149.90;10.000;44.08;0.12;33.82;209.86;14.000;61.72;0.70;33.82;59.96;4.000;17.63;0.07;33.82;104.93;7.000;28.99;0.10;31.77;224.85;15.000;62.12;0.21;31.77;439.24;31.000;106.26;0.21;27.82;364.00;26.000;85.30;0.21;26.95;0.00;0.000;0.00;0.00;0.00;0.00;0.000;0.00;0.00;0.00;0.00;0.000;0.00;0.00;0.00;0.00;0.000;0.00;0.00;0.00;0.00;0.000;0.00;0.00;0.00;0.00;0.000;0.00;0.00;0.00;0.00;0.000;0.00;0.00;0.00;0.00;0.000;0.00;0.00;0.00;0.00;0.000;0.00;0.00;0.00;374.75;25.000;103.54;0.36;31.77;749.50;50.000;208.42;0.61;31.98;808.71;54.000;229.13;0.49;32.58;1301.13;87.000;380.93;0.79;33.67;434.71;29.000;127.85;0.27;33.82;524.65;35.000;154.30;0.45;33.82;779.48;52.000;229.24;0.57;33.82
20164;MAGNUM MINT;7;38430.48;1 168.000;9835.43;0.59;29.43;781.20;28.000;185.66;0.77;27.33;560.00;20.000;133.19;0.59;27.35;812.00;29.000;181.32;0.54;25.68;476.00;17.000;106.29;0.35;25.68;532.00;19.000;118.80;0.61;25.68;448.00;16.000;108.18;0.66;27.77;257.00;9.000;59.99;0.23;26.85;986.00;34.000;242.62;0.88;28.30;870.00;30.000;210.63;0.62;27.84;665.55;23.000;164.76;0.38;28.47;1334.00;46.000;333.14;0.90;28.72;1044.00;36.000;251.88;0.67;27.74;658.28;22.000;179.58;0.50;31.37;572.81;19.000;133.68;0.36;26.84;494.85;15.000;135.13;0.46;31.40;263.92;8.000;72.07;0.49;31.40;428.87;13.000;117.11;0.52;31.40;428.87;13.000;117.11;0.35;31.40;428.87;13.000;117.11;0.34;31.40;956.71;29.000;261.25;0.77;31.40;1187.64;36.000;332.82;0.84;32.23;824.75;25.000;232.81;0.53;32.46;1220.63;37.000;337.27;0.81;31.78;656.50;20.000;177.30;0.42;31.06;923.72;28.000;277.03;0.78;34.49;395.88;12.000;118.73;0.40;34.49;658.15;20.000;190.55;0.53;33.29;593.82;18.000;172.78;1.97;33.46;362.89;11.000;100.27;0.37;31.78;758.77;23.000;148.89;0.51;22.57;725.78;22.000;130.68;0.45;20.71;593.82;18.000;113.25;0.22;21.93;1251.97;38.000;241.16;0.59;22.15;1662.70;45.000;455.89;0.91;31.53;885.91;24.000;238.63;0.65;30.98;811.93;22.000;205.59;0.53;29.12;1146.69;31.000;334.51;0.89;33.55;924.75;25.000;249.13;0.77;30.98;1035.72;28.000;263.71;0.96;29.28;600.84;16.000;160.91;0.56;30.80;759.81;19.000;254.46;0.61;38.51;961.74;26.000;269.36;0.79;32.21;1255.81;34.000;343.17;1.21;31.43;1047.80;29.000;266.71;0.78;29.27;990.65;27.000;265.34;0.56;30.80;1087.02;33.000;272.16;0.57;28.79;724.13;22.000;147.19;0.31;23.38;489.87;13.000;134.60;0.39;31.60;891.86;27.000;171.01;0.42;22.05
20171;OLA CORNETTO CLASSIC;7;15802.70;724.000;3992.25;0.24;29.05;419.00;21.000;86.58;0.36;23.76;399.00;20.000;82.41;0.37;23.75;140.00;7.000;29.15;0.09;23.94;357.00;18.000;72.35;0.24;23.30;320.00;16.000;66.63;0.34;23.94;499.00;25.000;103.76;0.64;23.91;140.00;7.000;29.15;0.11;23.94;900.00;45.000;187.39;0.68;23.94;640.00;32.000;133.25;0.39;23.94;640.00;32.000;133.25;0.31;23.94;1098.00;55.000;236.81;0.64;24.80;420.00;21.000;95.78;0.25;26.23;320.00;16.000;72.97;0.20;26.23;300.00;15.000;55.32;0.15;21.21;99.96;4.000;30.84;0.10;35.48;124.95;5.000;38.55;0.26;35.48;124.95;5.000;38.55;0.17;35.48;274.89;11.000;84.81;0.25;35.48;574.77;23.000;182.37;0.53;36.49;924.63;37.000;300.83;0.89;37.42;854.76;41.000;171.37;0.43;23.06;673.87;33.000;123.29;0.28;21.04;297.96;13.000;78.51;0.19;30.30;299.88;12.000;96.72;0.23;37.09;624.75;25.000;202.00;0.57;37.18;599.76;24.000;195.13;0.66;37.42;524.79;21.000;170.74;0.48;37.42;99.96;4.000;32.52;0.37;37.42;174.93;7.000;56.91;0.21;37.42;447.32;18.000;140.76;0.48;36.19;624.75;25.000;238.50;0.81;43.90;559.76;25.000;136.23;0.27;27.99;22.00;1.000;5.11;0.01;26.71;0.00;0.000;0.00;0.00;0.00;0.00;0.000;0.00;0.00;0.00;0.00;0.000;0.00;0.00;0.00;0.00;0.000;0.00;0.00;0.00;0.00;0.000;0.00;0.00;0.00;220.00;10.000;51.10;0.19;26.71;242.00;11.000;56.21;0.19;26.71;138.55;7.000;22.33;0.05;18.54;154.85;8.000;22.49;0.07;16.70;0.00;0.000;0.00;0.00;0.00;0.00;0.000;0.00;0.00;0.00;0.00;0.000;0.00;0.00;0.00;0.00;0.000;0.00;0.00;0.00;197.91;9.000;49.70;0.11;28.88;328.75;15.000;81.87;0.24;28.64;0.00;0.000;0.00;0.00;0.00
20190;OLA CARAMEL PIE;7;8142.12;565.000;1755.03;0.11;24.79;324.35;25.000;69.04;0.29;24.48;208.00;16.000;44.55;0.20;24.63;91.00;7.000;19.49;0.06;24.63;221.00;17.000;47.33;0.15;24.63;234.00;18.000;50.11;0.26;24.63;234.00;18.000;50.11;0.31;24.63;78.00;6.000;16.70;0.06;24.63;26.00;2.000;5.57;0.02;24.63;52.00;4.000;11.14;0.03;24.63;13.00;1.000;2.78;0.01;24.63;0.00;0.000;0.00;0.00;0.00;117.00;9.000;25.06;0.07;24.63;286.00;22.000;65.09;0.18;26.17;132.92;9.000;28.93;0.08;25.03;44.97;3.000;9.71;0.03;24.83;0.00;0.000;0.00;0.00;0.00;59.96;4.000;12.95;0.06;24.83;89.94;6.000;19.42;0.06;24.83;29.98;2.000;6.47;0.02;24.83;59.96;4.000;14.12;0.04;27.08;224.85;15.000;52.96;0.13;27.08;119.92;8.000;28.24;0.06;27.08;209.11;14.000;48.77;0.12;26.82;164.89;11.000;38.83;0.09;27.08;74.95;5.000;17.65;0.05;27.08;14.99;1.000;3.53;0.01;27.08;89.94;6.000;21.18;0.06;27.08;44.97;3.000;10.59;0.12;27.08;29.98;2.000;7.06;0.03;27.08;134.91;9.000;29.13;0.10;24.83;29.98;2.000;6.47;0.02;24.83;195.00;13.000;42.19;0.08;24.88;375.00;25.000;81.13;0.20;24.88;270.00;18.000;58.41;0.12;24.88;465.00;31.000;100.60;0.27;24.88;30.00;2.000;6.49;0.02;24.88;105.00;7.000;22.72;0.06;24.88;270.00;18.000;58.41;0.18;24.88;75.00;5.000;16.23;0.06;24.88;0.00;0.000;0.00;0.00;0.00;0.00;0.000;0.00;0.00;0.00;0.00;0.000;0.00;0.00;0.00;0.00;0.000;0.00;0.00;0.00;434.72;29.000;93.87;0.27;24.83;164.89;11.000;35.60;0.08;24.83;1199.20;80.000;258.92;0.54;24.83;433.74;30.000;83.22;0.18;22.06;384.00;27.000;69.36;0.20;20.77;300.00;20.000;64.90;0.16;24.88
20200;OLA RICH N CREAMY NEOPOLI;7;76825.85;1 330.000;7846.67;0.47;11.75;684.85;15.000;46.64;0.19;7.83;567.13;12.000;54.16;0.24;10.98;219.96;4.000;45.01;0.13;23.53;518.89;11.000;61.94;0.20;13.73;494.91;9.000;106.47;0.54;24.74;329.94;6.000;67.35;0.41;23.47;379.94;6.000;77.91;0.30;23.58;374.95;6.000;83.83;0.30;25.71;1253.82;24.000;54.07;0.16;4.96;3364.89;64.000;362.31;0.84;12.38;3609.96;71.000;313.75;0.85;10.00;389.94;6.000;100.25;0.27;29.57;2024.95;39.000;208.87;0.58;11.86;1380.64;24.000;225.37;0.61;18.77;0.00;0.000;0.00;0.00;0.00;74.99;1.000;16.39;0.11;25.13;224.97;3.000;46.17;0.20;23.60;149.98;2.000;30.78;0.09;23.60;299.96;4.000;61.56;0.18;23.60;1184.81;19.000;83.71;0.25;8.12;2819.57;43.000;323.17;0.81;13.18;2690.88;37.000;521.23;1.18;22.28;2159.68;32.000;283.77;0.68;15.11;599.92;8.000;123.12;0.29;23.60;2278.48;45.000;-217.73;-0.61;-10.99;1049.83;17.000;84.86;0.29;9.30;134.98;2.000;20.70;0.06;17.64;224.97;3.000;46.17;0.53;23.60;74.99;1.000;15.39;0.06;23.60;674.91;9.000;138.51;0.47;23.60;374.95;5.000;76.95;0.26;23.60;2799.92;52.000;292.51;0.57;12.01;2099.84;34.000;456.93;1.12;25.02;3074.50;50.000;660.82;1.32;24.72;1599.71;29.000;220.29;0.60;15.84;374.95;5.000;94.37;0.24;28.94;2574.93;48.000;303.20;0.81;13.54;4097.18;82.000;-45.39;-0.14;-1.27;449.92;8.000;-7.32;-0.03;-1.87;0.00;0.000;0.00;0.00;0.00;299.96;4.000;61.56;0.15;23.60;149.98;2.000;27.46;0.08;21.05;524.93;7.000;109.30;0.38;23.94;10440.81;180.000;1003.02;2.94;11.05;4853.98;86.000;362.34;0.77;8.58;4703.18;82.000;345.31;0.72;8.44;1877.71;29.000;144.05;0.30;8.82;3016.76;49.000;19.36;0.06;0.74;3274.95;55.000;336.20;0.83;11.81
20201;OLA RICH N CREAMY VANILLA;7;143817.86;2 478.000;16157.14;0.98;12.92;1659.64;36.000;125.95;0.52;8.73;1864.14;36.000;340.27;1.51;20.99;1426.99;26.000;317.39;0.95;25.58;1188.75;25.000;146.93;0.48;14.21;162.22;3.000;36.73;0.19;26.04;329.94;6.000;67.35;0.41;23.47;389.94;6.000;80.02;0.31;23.60;3809.86;72.000;231.23;0.83;6.98;6388.27;121.000;343.73;1.01;6.19;5874.55;104.000;909.15;2.10;17.80;6436.39;118.000;859.38;2.33;15.35;1943.20;30.000;472.01;1.25;27.93;3729.88;71.000;418.00;1.17;12.89;2542.26;43.000;449.21;1.22;20.32;224.97;3.000;46.17;0.16;23.60;371.20;5.000;78.67;0.54;24.37;367.45;5.000;70.43;0.31;22.04;524.93;7.000;107.73;0.32;23.60;974.87;13.000;200.06;0.59;23.60;1211.08;17.000;206.19;0.61;19.58;3220.74;51.000;269.22;0.68;9.61;2924.59;41.000;522.63;1.19;20.55;3285.77;48.000;465.87;1.12;16.31;2695.89;36.000;550.76;1.29;23.49;4235.16;81.000;-279.87;-0.78;-7.60;2108.66;34.000;178.51;0.60;9.74;2536.85;40.000;258.84;0.73;11.73;524.93;7.000;107.73;1.23;23.60;374.95;5.000;76.95;0.29;23.60;1121.10;15.000;227.58;0.78;23.34;824.89;11.000;169.28;0.58;23.60;5149.92;99.000;452.42;0.88;10.10;3074.83;53.000;539.48;1.33;20.18;7823.68;132.000;1489.77;2.97;21.90;6816.20;130.000;685.65;1.86;11.57;1349.82;18.000;372.85;0.96;31.77;3574.89;66.000;446.88;1.19;14.38;6560.91;128.000;244.16;0.75;4.28;1570.97;28.000;-28.88;-0.10;-2.11;521.18;7.000;104.47;0.36;23.05;674.91;9.000;138.51;0.33;23.60;976.35;13.000;171.45;0.50;20.19;1871.00;25.000;348.08;1.23;21.39;9525.82;164.000;925.24;2.71;11.17;9802.91;172.000;807.25;1.71;9.47;7059.80;120.000;661.73;1.38;10.78;4054.77;63.000;245.30;0.52;6.96;3448.43;57.000;-15.45;-0.05;-0.52;4687.41;78.000;514.13;1.27;12.61
20204;OLA RICH N CREAMY CHOC;7;57466.88;1 008.000;5673.15;0.34;11.35;1064.77;23.000;84.30;0.35;9.10;654.87;13.000;104.00;0.46;18.26;437.17;8.000;94.73;0.28;24.92;706.85;15.000;83.45;0.27;13.58;769.86;14.000;176.22;0.90;26.32;492.16;9.000;120.43;0.74;28.14;54.99;1.000;11.22;0.04;23.47;1339.94;25.000;102.62;0.37;8.81;900.00;18.000;5.45;0.02;0.70;1004.93;18.000;137.28;0.32;15.71;3126.53;56.000;454.79;1.23;16.73;649.90;10.000;163.72;0.43;28.97;2586.69;50.000;259.63;0.73;11.54;1679.68;31.000;196.92;0.53;13.48;74.99;1.000;15.39;0.05;23.60;149.98;2.000;32.77;0.22;25.13;74.99;1.000;15.39;0.07;23.60;221.22;3.000;42.91;0.13;22.31;74.99;1.000;15.39;0.05;23.60;929.85;15.000;61.28;0.18;7.58;449.94;6.000;93.19;0.23;23.82;1429.80;20.000;257.97;0.59;20.75;1284.81;19.000;170.66;0.41;15.28;524.93;7.000;107.73;0.25;23.60;2254.47;44.000;-189.79;-0.53;-9.68;1091.82;18.000;71.57;0.24;7.54;449.93;7.000;49.46;0.14;12.64;0.00;0.000;0.00;0.00;0.00;0.00;0.000;0.00;0.00;0.00;449.94;6.000;92.34;0.32;23.60;224.97;3.000;46.17;0.16;23.60;2224.97;43.000;183.69;0.36;9.49;671.16;9.000;221.37;0.54;37.93;521.18;7.000;171.43;0.34;37.83;3499.34;66.000;381.06;1.03;12.52;449.94;6.000;127.19;0.33;32.51;2249.98;44.000;183.41;0.49;9.37;2769.67;54.000;-71.94;-0.22;-2.99;499.92;8.000;36.16;0.13;8.32;149.98;2.000;30.78;0.11;23.60;224.97;3.000;46.17;0.11;23.60;0.00;0.000;0.00;0.00;0.00;530.93;7.000;122.79;0.43;26.60;3475.88;58.000;420.25;1.23;13.90;4835.96;85.000;391.54;0.83;9.31;3103.05;55.000;187.61;0.39;6.95;2346.83;37.000;111.89;0.24;5.48;1850.69;31.000;-38.07;-0.11;-2.37;2907.46;49.000;290.64;0.72;11.50
20205;OLA RICH N CREAMY C/VAN/C;7;79225.81;1 391.000;7951.36;0.48;11.54;784.83;17.000;60.39;0.25;8.85;439.92;8.000;101.51;0.45;26.54;274.95;5.000;60.55;0.18;25.33;651.86;14.000;72.19;0.24;12.73;547.15;10.000;109.86;0.56;23.09;329.94;6.000;67.35;0.41;23.47;379.94;6.000;77.91;0.30;23.58;0.00;0.000;0.00;0.00;0.00;1907.64;36.000;104.50;0.31;6.30;4779.78;89.000;584.29;1.35;14.06;3159.86;59.000;387.33;1.05;14.10;1169.82;18.000;290.66;0.77;28.57;3341.72;66.000;279.49;0.78;9.62;0.00;0.000;0.00;0.00;0.00;0.00;0.000;0.00;0.00;0.00;0.00;0.000;0.00;0.00;0.00;0.00;0.000;0.00;0.00;0.00;0.00;0.000;0.00;0.00;0.00;0.00;0.000;0.00;0.00;0.00;0.00;0.000;0.00;0.00;0.00;2609.58;42.000;177.64;0.45;7.83;2050.96;29.000;353.14;0.80;19.80;454.93;7.000;46.86;0.11;11.84;0.00;0.000;0.00;0.00;0.00;0.00;0.000;0.00;0.00;0.00;1394.77;23.000;89.92;0.30;7.41;944.85;15.000;90.22;0.25;10.98;146.23;2.000;27.52;0.31;21.64;74.99;1.000;15.39;0.06;23.60;674.91;9.000;138.51;0.47;23.60;224.97;3.000;46.17;0.16;23.60;3574.89;66.000;364.33;0.71;11.72;299.96;4.000;99.83;0.25;38.27;7223.74;126.000;1209.61;2.41;19.26;1742.19;31.000;261.12;0.71;17.24;449.94;6.000;118.47;0.30;30.28;2449.94;46.000;275.90;0.73;12.95;6419.41;126.000;-46.38;-0.14;-0.83;1474.72;28.000;-112.57;-0.41;-8.78;224.97;3.000;46.17;0.16;23.60;224.97;3.000;46.17;0.11;23.60;149.98;2.000;24.14;0.07;18.51;1292.83;17.000;287.00;1.01;25.53;8160.89;142.000;725.40;2.12;10.22;3808.97;67.000;306.10;0.65;9.24;6161.89;111.000;291.91;0.61;5.45;2400.24;36.000;241.39;0.51;11.57;1666.75;25.000;120.82;0.35;8.34;5155.93;87.000;510.56;1.26;11.39
20227;CORNETTO I/CRM CHOCOLATE;7;14740.74;659.000;3914.04;0.24;30.54;220.00;11.000;45.81;0.19;23.94;180.00;9.000;37.48;0.17;23.94;320.00;16.000;66.63;0.20;23.94;140.00;7.000;29.15;0.10;23.94;180.00;9.000;37.48;0.19;23.94;99.00;5.000;19.95;0.12;23.18;140.00;7.000;29.15;0.11;23.94;419.00;21.000;86.58;0.31;23.76;320.00;16.000;66.63;0.20;23.94;980.00;49.000;204.04;0.47;23.94;920.00;46.000;191.55;0.52;23.94;780.00;39.000;162.40;0.43;23.94;380.00;19.000;83.48;0.23;25.26;389.98;19.000;73.14;0.20;21.57;249.90;10.000;77.10;0.26;35.48;374.85;15.000;115.65;0.79;35.48;149.94;6.000;46.26;0.20;35.48;449.82;18.000;138.78;0.41;35.48;574.77;23.000;187.00;0.55;37.42;474.81;19.000;154.48;0.46;37.42;311.85;15.000;63.39;0.16;23.38;381.91;19.000;65.70;0.15;19.78;450.89;19.000;130.31;0.31;33.24;299.88;12.000;97.56;0.23;37.41;699.72;28.000;227.65;0.64;37.42;324.87;13.000;105.70;0.36;37.42;249.90;10.000;81.30;0.23;37.42;249.90;10.000;81.30;0.93;37.42;199.92;8.000;65.04;0.24;37.42;473.56;19.000;157.88;0.54;38.34;674.73;27.000;258.08;0.88;43.99;599.76;24.000;185.04;0.36;35.48;124.95;5.000;38.55;0.09;35.48;0.00;0.000;0.00;0.00;0.00;0.00;0.000;0.00;0.00;0.00;0.00;0.000;0.00;0.00;0.00;0.00;0.000;0.00;0.00;0.00;0.00;0.000;0.00;0.00;0.00;174.93;7.000;53.97;0.20;35.48;399.84;16.000;123.36;0.43;35.48;182.40;8.000;46.44;0.11;29.28;143.87;7.000;26.96;0.08;21.55;0.00;0.000;0.00;0.00;0.00;0.00;0.000;0.00;0.00;0.00;0.00;0.000;0.00;0.00;0.00;21.99;1.000;5.10;0.01;26.68;1033.80;47.000;247.98;0.52;27.59;0.00;0.000;0.00;0.00;0.00;0.00;0.000;0.00;0.00;0.00
20228;OLA I/CRM CUP CHOC;7;7414.00;468.000;1727.46;0.10;26.79;135.00;9.000;27.70;0.11;23.60;210.00;14.000;43.09;0.19;23.60;120.00;8.000;24.62;0.07;23.60;180.00;12.000;36.94;0.12;23.60;285.00;19.000;58.48;0.30;23.60;120.00;8.000;24.62;0.15;23.60;32.00;2.000;7.10;0.03;25.51;176.00;11.000;39.04;0.14;25.51;400.00;25.000;88.73;0.26;25.51;320.00;20.000;77.20;0.18;27.74;608.00;38.000;146.68;0.40;27.74;319.20;20.000;76.51;0.20;27.56;415.20;26.000;99.67;0.28;27.60;365.60;23.000;86.69;0.23;27.27;240.00;15.000;57.90;0.20;27.74;80.00;5.000;19.30;0.13;27.74;64.00;4.000;15.44;0.07;27.74;288.00;18.000;69.48;0.21;27.74;128.00;8.000;30.57;0.09;27.46;288.00;18.000;66.37;0.20;26.50;464.00;29.000;111.94;0.28;27.74;256.00;16.000;61.76;0.14;27.74;320.00;20.000;77.20;0.19;27.74;192.00;12.000;46.32;0.11;27.74;224.00;14.000;54.04;0.15;27.74;224.00;14.000;54.04;0.18;27.74;176.00;11.000;42.46;0.12;27.74;144.00;9.000;34.74;0.40;27.74;288.00;18.000;69.48;0.26;27.74;64.00;4.000;15.44;0.05;27.74;0.00;0.000;0.00;0.00;0.00;0.00;0.000;0.00;0.00;0.00;0.00;0.000;0.00;0.00;0.00;0.00;0.000;0.00;0.00;0.00;0.00;0.000;0.00;0.00;0.00;0.00;0.000;0.00;0.00;0.00;0.00;0.000;0.00;0.00;0.00;0.00;0.000;0.00;0.00;0.00;0.00;0.000;0.00;0.00;0.00;0.00;0.000;0.00;0.00;0.00;0.00;0.000;0.00;0.00;0.00;0.00;0.000;0.00;0.00;0.00;0.00;0.000;0.00;0.00;0.00;0.00;0.000;0.00;0.00;0.00;0.00;0.000;0.00;0.00;0.00;128.00;8.000;28.39;0.06;25.51;160.00;10.000;35.49;0.08;25.51;0.00;0.000;0.00;0.00;0.00;0.00;0.000;0.00;0.00;0.00
29272;WAFER WIZZ ICE CREAM;7;19478.24;1 090.000;5031.20;0.30;29.70;565.50;39.000;134.19;0.55;27.29;274.77;19.000;64.74;0.29;27.10;130.50;9.000;30.97;0.09;27.29;218.70;14.000;48.62;0.16;25.57;112.00;7.000;24.82;0.13;25.48;316.80;20.000;68.12;0.42;24.73;367.20;23.000;80.84;0.31;25.32;253.60;16.000;54.63;0.20;24.77;606.40;38.000;133.32;0.39;25.28;432.00;27.000;95.72;0.22;25.48;897.51;50.000;262.04;0.71;33.58;436.25;25.000;116.69;0.31;30.76;420.75;25.000;99.47;0.28;27.19;170.00;10.000;41.27;0.11;27.92;119.00;7.000;28.89;0.10;27.92;153.00;9.000;37.14;0.25;27.92;17.00;1.000;4.13;0.02;27.92;34.00;2.000;8.25;0.02;27.92;52.98;3.000;14.10;0.04;30.61;356.20;20.000;96.62;0.28;31.19;413.77;23.000;114.71;0.29;31.88;557.69;31.000;154.61;0.35;31.88;791.56;44.000;219.45;0.53;31.88;482.13;27.000;131.53;0.31;31.37;269.85;15.000;74.81;0.21;31.88;232.97;13.000;64.05;0.22;31.62;161.91;9.000;44.89;0.13;31.88;143.98;8.000;36.78;0.42;29.38;126.00;7.000;31.28;0.12;28.55;431.10;24.000;106.45;0.36;28.40;216.00;12.000;53.62;0.18;28.55;629.10;35.000;155.60;0.30;28.44;450.00;25.000;111.70;0.27;28.55;716.40;40.000;175.60;0.35;28.19;894.60;50.000;218.71;0.59;28.12;482.40;27.000;117.51;0.30;28.01;432.00;24.000;107.24;0.29;28.55;587.70;33.000;141.97;0.44;27.78;90.00;5.000;22.34;0.08;28.55;0.00;0.000;0.00;0.00;0.00;228.00;12.000;57.14;0.14;28.82;450.30;24.000;109.33;0.32;27.92;279.86;14.000;78.72;0.28;32.35;298.85;15.000;83.47;0.24;32.12;819.59;41.000;230.53;0.49;32.35;879.56;44.000;247.39;0.51;32.35;1359.32;68.000;382.34;0.81;32.35;759.62;38.000;213.66;0.62;32.35;359.82;18.000;101.21;0.25;32.35
29295;KING CONE I/CRM VANILLA;7;28376.92;1 139.000;7608.00;0.46;30.83;570.00;30.000;137.09;0.57;27.66;323.00;17.000;77.69;0.35;27.66;190.00;10.000;45.70;0.14;27.66;187.00;9.000;40.06;0.13;24.64;84.00;4.000;17.75;0.09;24.30;252.00;12.000;53.24;0.33;24.30;525.00;25.000;110.92;0.43;24.30;733.95;35.000;154.38;0.56;24.19;231.00;11.000;48.81;0.14;24.30;438.90;21.000;91.35;0.21;23.93;617.76;26.000;177.76;0.48;33.09;471.97;19.000;132.33;0.35;32.24;400.00;16.000;111.24;0.31;31.98;375.00;15.000;104.33;0.28;31.99;100.00;4.000;27.82;0.09;31.99;25.00;1.000;6.96;0.05;31.99;200.00;8.000;55.64;0.25;31.99;575.00;23.000;159.97;0.48;31.99;225.00;9.000;62.60;0.18;31.99;725.00;29.000;201.70;0.59;31.99;798.75;32.000;221.48;0.56;31.89;525.00;21.000;146.06;0.33;31.99;775.00;31.000;215.61;0.52;31.99;504.96;21.000;132.42;0.31;30.16;500.00;20.000;154.26;0.43;35.48;175.00;7.000;52.48;0.18;34.49;200.00;8.000;58.68;0.16;33.74;163.00;7.000;35.66;0.41;25.16;46.00;2.000;9.57;0.04;23.92;529.00;23.000;110.03;0.38;23.92;437.00;19.000;90.90;0.31;23.92;239.00;10.000;55.67;0.11;26.78;1404.00;54.000;399.21;0.98;32.70;1557.40;60.000;441.30;0.88;32.59;806.00;31.000;229.17;0.62;32.70;1482.00;57.000;421.38;1.08;32.70;1554.80;60.000;439.04;1.17;32.47;725.40;28.000;204.73;0.63;32.46;364.00;14.000;103.50;0.38;32.70;466.70;18.000;131.94;0.46;32.51;188.93;7.000;51.36;0.12;31.26;377.86;14.000;102.73;0.30;31.26;728.73;27.000;199.03;0.70;31.41;538.45;20.000;145.58;0.43;31.09;1508.74;56.000;408.55;0.87;31.14;1295.52;48.000;352.20;0.73;31.26;1457.46;54.000;396.23;0.84;31.26;647.76;24.000;176.10;0.51;31.26;1130.88;42.000;305.83;0.76;31.10
29298;FLAKE I/CRM CONE;7;13729.95;395.000;2976.00;0.18;24.93;341.00;11.000;77.40;0.32;26.10;186.00;6.000;42.22;0.19;26.10;62.00;2.000;14.07;0.04;26.10;371.00;11.000;83.33;0.27;25.83;238.00;7.000;53.40;0.27;25.80;204.00;6.000;45.78;0.28;25.80;476.00;14.000;106.81;0.41;25.80;442.00;13.000;99.18;0.36;25.80;578.00;17.000;129.70;0.38;25.80;782.00;23.000;175.47;0.40;25.80;717.82;19.000;207.41;0.56;33.23;523.94;14.000;136.21;0.36;29.90;407.00;11.000;95.72;0.27;27.05;370.00;10.000;87.02;0.24;27.05;407.00;11.000;95.72;0.32;27.05;148.00;4.000;34.81;0.24;27.05;74.00;2.000;17.40;0.08;27.05;191.94;6.000;32.98;0.10;19.76;383.88;12.000;65.97;0.19;19.76;351.89;11.000;60.47;0.18;19.76;571.02;18.000;94.78;0.24;19.09;735.77;23.000;126.44;0.29;19.76;1106.67;33.000;194.66;0.47;20.23;1079.44;31.000;246.72;0.58;26.29;279.92;8.000;64.85;0.18;26.64;349.90;10.000;81.06;0.27;26.64;349.90;10.000;81.06;0.23;26.64;152.00;4.000;33.68;0.38;25.48;228.00;6.000;50.52;0.19;25.48;152.00;4.000;33.68;0.12;25.48;456.00;12.000;101.03;0.34;25.48;456.00;12.000;101.03;0.20;25.48;0.00;0.000;0.00;0.00;0.00;0.00;0.000;0.00;0.00;0.00;0.00;0.000;0.00;0.00;0.00;0.00;0.000;0.00;0.00;0.00;0.00;0.000;0.00;0.00;0.00;0.00;0.000;0.00;0.00;0.00;0.00;0.000;0.00;0.00;0.00;0.00;0.000;0.00;0.00;0.00;0.00;0.000;0.00;0.00;0.00;0.00;0.000;0.00;0.00;0.00;0.00;0.000;0.00;0.00;0.00;0.00;0.000;0.00;0.00;0.00;0.00;0.000;0.00;0.00;0.00;0.00;0.000;0.00;0.00;0.00;0.00;0.000;0.00;0.00;0.00;119.97;3.000;22.96;0.07;22.01;437.89;11.000;82.45;0.20;21.65
29300;CADBURY I/CRM DAIRYMILK;7;14658.32;432.000;3029.54;0.18;23.77;192.00;6.000;51.76;0.21;31.00;192.00;6.000;44.27;0.20;26.52;30.40;1.000;5.99;0.02;22.65;70.00;2.000;15.85;0.05;26.03;33.25;1.000;6.40;0.03;22.14;0.00;0.000;0.00;0.00;0.00;486.50;14.000;107.88;0.42;25.50;208.25;6.000;46.01;0.17;25.41;245.00;7.000;55.46;0.16;26.03;105.00;3.000;23.77;0.05;26.03;105.00;3.000;24.92;0.07;27.29;35.00;1.000;9.07;0.02;29.82;148.00;4.000;39.80;0.11;30.93;74.00;2.000;17.03;0.05;26.46;185.00;5.000;42.57;0.14;26.46;63.98;2.000;10.61;0.07;19.07;222.00;6.000;57.97;0.26;30.03;146.15;4.000;37.04;0.11;29.14;185.00;5.000;48.31;0.14;30.03;148.00;4.000;38.65;0.11;30.03;109.15;3.000;27.38;0.07;28.84;74.00;2.000;19.32;0.04;30.03;206.94;6.000;39.14;0.09;21.75;292.15;10.000;17.44;0.04;6.87;107.96;4.000;0.42;0.00;0.45;269.90;10.000;1.05;0.00;0.45;323.88;12.000;24.48;0.07;8.69;336.99;11.000;87.11;0.99;29.73;186.00;6.000;46.54;0.17;28.77;0.00;0.000;0.00;0.00;0.00;217.00;7.000;54.30;0.19;28.77;248.00;8.000;60.31;0.12;27.97;620.00;20.000;115.88;0.28;21.49;589.00;19.000;103.60;0.21;20.23;215.45;7.000;36.82;0.10;19.65;310.00;10.000;55.47;0.14;20.58;587.45;19.000;111.19;0.30;21.77;372.00;12.000;65.43;0.20;20.23;279.00;9.000;46.48;0.17;19.16;331.06;9.000;71.01;0.25;24.67;369.90;10.000;80.69;0.19;25.09;73.98;2.000;16.14;0.05;25.09;443.88;12.000;97.79;0.34;25.34;1109.70;30.000;265.88;0.78;27.55;517.86;14.000;119.20;0.25;26.47;998.73;27.000;217.87;0.45;25.09;1197.69;31.000;298.33;0.63;28.65;873.71;24.000;192.48;0.56;25.34;522.41;16.000;74.44;0.18;16.39
29302;SPAR I/CREAM STRAWBERRY;7;53932.48;974.000;4599.13;0.28;9.81;250.21;4.000;44.77;0.19;20.58;469.90;10.000;28.06;0.12;6.87;0.00;0.000;0.00;0.00;0.00;187.96;4.000;10.61;0.03;6.49;111.98;2.000;20.96;0.11;21.52;132.98;2.000;29.01;0.18;25.09;335.94;6.000;28.38;0.11;9.71;767.92;13.000;58.73;0.21;8.80;2389.55;46.000;-77.14;-0.23;-3.71;2257.57;43.000;-40.42;-0.09;-2.06;1685.67;33.000;100.39;0.27;6.85;2175.59;41.000;195.40;0.52;10.33;135.98;2.000;88.55;0.25;74.89;553.90;10.000;36.92;0.10;7.66;0.00;0.000;0.00;0.00;0.00;101.98;2.000;5.93;0.04;6.68;288.95;5.000;44.38;0.20;17.66;203.97;3.000;47.77;0.14;26.93;1239.77;23.000;99.05;0.29;9.19;540.52;8.000;95.23;0.28;20.26;4821.05;95.000;-258.34;-0.65;-6.16;1696.35;25.000;440.69;1.00;29.88;2776.69;51.000;561.52;1.35;23.26;4341.27;83.000;751.21;1.76;19.90;510.93;7.000;138.24;0.39;31.11;468.92;8.000;65.80;0.22;16.14;145.98;2.000;33.24;0.09;26.19;429.93;7.000;51.29;0.58;13.72;111.98;2.000;5.21;0.02;5.35;0.00;0.000;0.00;0.00;0.00;485.92;8.000;51.74;0.18;12.24;374.95;5.000;87.00;0.17;26.68;3071.16;57.000;344.55;0.85;12.90;3724.91;70.000;360.67;0.72;11.14;524.93;7.000;129.58;0.35;28.39;7530.85;134.000;367.33;0.94;5.61;564.06;9.000;58.49;0.16;11.92;3003.94;54.000;30.63;0.09;1.17;149.98;2.000;38.26;0.14;29.33;359.94;6.000;36.51;0.13;11.66;263.96;4.000;40.89;0.10;17.81;449.94;6.000;114.77;0.33;29.33;1286.03;22.000;61.33;0.22;5.48;449.94;6.000;114.77;0.34;29.33;1570.72;28.000;134.05;0.28;9.81;987.81;19.000;23.11;0.05;2.69;0.00;0.000;0.00;0.00;0.00;0.00;0.000;0.00;0.00;0.00;0.00;0.000;0.00;0.00;0.00
29303;SPAR I/CREAM VANILLA;7;107210.91;1 890.000;11545.21;0.70;12.38;649.90;10.000;138.12;0.57;24.44;1716.65;35.000;161.60;0.72;10.83;324.95;5.000;66.57;0.20;23.56;538.65;10.000;86.31;0.28;18.43;985.84;16.000;196.64;1.00;22.94;1016.85;15.000;194.04;1.19;21.94;1275.77;23.000;95.77;0.37;8.63;2464.24;39.000;315.75;1.14;14.74;4221.17;83.000;-195.91;-0.58;-5.34;1365.77;23.000;126.54;0.29;10.65;3553.91;69.000;235.41;0.64;7.62;3600.50;70.000;234.55;0.62;7.49;336.55;5.000;218.41;0.61;74.63;2233.60;40.000;182.68;0.49;9.41;611.91;9.000;159.71;0.54;30.02;1155.80;20.000;177.52;1.21;17.66;390.94;6.000;91.69;0.40;26.97;407.94;6.000;101.00;0.30;28.47;2290.17;43.000;163.04;0.48;8.19;1631.76;24.000;294.57;0.87;20.76;6732.70;130.000;-175.53;-0.44;-3.00;2789.55;45.000;481.70;1.09;19.86;6759.94;126.000;1326.94;3.19;22.57;7188.11;139.000;1259.87;2.95;20.16;1810.15;25.000;473.98;1.33;30.11;1530.42;28.000;161.32;0.55;12.12;653.26;9.000;152.90;0.43;26.92;945.36;14.000;178.32;2.03;21.69;1193.82;18.000;202.18;0.75;19.48;524.93;7.000;118.78;0.41;26.02;930.09;16.000;71.49;0.24;8.84;821.14;11.000;192.03;0.37;26.89;5824.83;108.000;768.62;1.89;15.17;4224.83;76.000;497.78;0.99;13.55;1267.33;17.000;303.54;0.82;27.54;15423.72;276.000;693.77;1.78;5.17;1148.07;18.000;132.16;0.35;13.24;5181.89;91.000;164.96;0.51;3.66;524.93;7.000;131.74;0.48;28.86;1098.59;16.000;218.01;0.76;22.82;716.89;11.000;105.70;0.25;16.96;671.16;9.000;168.89;0.49;28.94;3083.50;50.000;297.38;1.05;11.09;1863.50;25.000;453.17;1.33;27.97;2622.50;50.000;80.81;0.17;3.54;906.83;17.000;40.68;0.08;5.16;0.00;0.000;0.00;0.00;0.00;0.00;0.000;0.00;0.00;0.00;0.00;0.000;0.00;0.00;0.00
29304;SPAR I/CREAM CARAMEL;7;62246.09;1 132.000;5152.80;0.31;9.52;451.68;7.000;95.36;0.39;24.28;852.83;17.000;95.13;0.42;12.83;194.97;3.000;39.94;0.12;23.56;158.97;3.000;23.61;0.08;17.08;111.98;2.000;13.92;0.07;14.29;135.98;2.000;24.55;0.15;20.76;835.84;16.000;10.59;0.04;1.46;1897.34;31.000;197.57;0.71;11.98;4111.26;79.000;-120.51;-0.35;-3.37;1157.79;21.000;22.97;0.05;2.28;2703.47;53.000;157.92;0.43;6.72;1939.63;37.000;182.25;0.48;10.81;132.58;2.000;85.59;0.24;74.24;1218.37;23.000;18.75;0.05;1.77;339.95;5.000;71.64;0.24;24.24;254.95;5.000;14.82;0.10;6.68;0.00;0.000;0.00;0.00;0.00;0.00;0.000;0.00;0.00;0.00;1371.74;26.000;95.15;0.28;7.98;407.94;6.000;73.64;0.22;20.76;5093.01;99.000;-209.25;-0.53;-4.72;1896.92;28.000;490.97;1.11;29.76;4457.74;86.000;777.61;1.87;20.06;4199.68;82.000;707.77;1.66;19.38;291.96;4.000;77.43;0.22;30.50;1041.81;19.000;119.77;0.41;13.22;145.98;2.000;33.24;0.09;26.19;667.14;11.000;73.24;0.83;12.62;519.92;8.000;83.46;0.31;18.46;449.94;6.000;106.13;0.36;27.13;987.03;17.000;70.60;0.24;8.23;374.95;5.000;87.00;0.17;26.68;2899.90;53.000;407.87;1.00;16.17;3574.91;67.000;366.79;0.73;11.80;224.97;3.000;57.39;0.16;29.33;7938.84;144.000;267.78;0.69;3.88;602.91;9.000;90.11;0.24;17.19;4010.99;73.000;-31.54;-0.10;-0.90;74.99;1.000;19.13;0.07;29.33;491.92;8.000;59.11;0.21;13.82;263.96;4.000;43.05;0.10;18.76;149.98;2.000;38.26;0.11;29.33;473.92;8.000;28.34;0.10;6.88;524.93;7.000;127.28;0.37;27.88;1599.71;29.000;115.27;0.24;8.29;1010.81;19.000;43.11;0.09;4.91;0.00;0.000;0.00;0.00;0.00;0.00;0.000;0.00;0.00;0.00;0.00;0.000;0.00;0.00;0.00
29305;SPAR I/CREAM CHOC;7;64570.46;1 148.000;6704.94;0.40;11.94;129.98;2.000;26.63;0.11;23.56;845.82;18.000;47.75;0.21;6.49;194.97;3.000;39.94;0.12;23.56;158.97;3.000;23.61;0.08;17.08;256.71;4.000;49.27;0.25;22.07;336.55;5.000;69.36;0.43;23.70;875.85;15.000;89.70;0.35;11.78;2072.70;33.000;256.36;0.93;14.22;1494.36;26.000;108.76;0.32;8.37;812.48;12.000;166.22;0.38;23.53;2818.05;55.000;174.80;0.47;7.13;2961.44;56.000;284.64;0.75;11.05;67.99;1.000;44.27;0.12;74.89;785.85;15.000;12.37;0.03;1.81;203.97;3.000;53.24;0.18;30.02;441.92;8.000;53.27;0.36;13.86;67.99;1.000;17.75;0.08;30.02;679.90;10.000;161.04;0.48;27.24;1707.68;32.000;106.19;0.31;7.15;883.87;13.000;159.56;0.47;20.76;3571.91;69.000;-126.50;-0.32;-4.07;1692.95;25.000;437.73;0.99;29.73;2115.62;38.000;464.37;1.12;25.24;7228.59;141.000;1223.27;2.86;19.46;510.93;7.000;149.18;0.42;33.58;1261.26;24.000;98.25;0.33;8.96;72.99;1.000;16.62;0.05;26.19;666.89;11.000;74.41;0.85;12.83;389.19;6.000;59.78;0.22;17.67;224.97;3.000;53.07;0.18;27.13;727.87;13.000;33.89;0.12;5.35;674.91;9.000;163.52;0.32;27.86;5049.94;98.000;460.01;1.13;10.48;449.94;6.000;101.81;0.20;26.02;449.94;6.000;114.77;0.31;29.33;10358.86;187.000;388.53;1.00;4.31;642.04;11.000;27.66;0.07;4.95;3950.94;70.000;82.27;0.25;2.39;599.92;8.000;148.71;0.54;28.51;341.94;6.000;20.86;0.07;7.01;245.96;4.000;27.40;0.07;12.81;371.20;5.000;92.38;0.27;28.62;1247.80;20.000;133.20;0.47;12.28;1117.35;15.000;271.62;0.80;27.96;1818.69;31.000;217.70;0.46;13.77;935.82;18.000;21.89;0.05;2.69;0.00;0.000;0.00;0.00;0.00;54.99;1.000;3.82;0.01;8.00;0.00;0.000;0.00;0.00;0.00
29307;MEGA ICE CREAM ALMOND;7;9319.25;352.000;1999.48;0.12;24.67;240.00;12.000;52.60;0.22;25.20;140.00;7.000;30.68;0.14;25.20;100.00;5.000;21.92;0.07;25.20;0.00;0.000;0.00;0.00;0.00;25.00;1.000;5.18;0.03;23.82;0.00;0.000;0.00;0.00;0.00;275.00;11.000;56.97;0.22;23.82;100.00;4.000;20.72;0.07;23.82;300.00;12.000;62.15;0.18;23.82;525.00;21.000;108.76;0.25;23.82;400.00;16.000;82.87;0.22;23.82;210.00;8.000;47.48;0.13;26.00;189.00;7.000;44.72;0.12;27.21;243.00;9.000;57.50;0.16;27.21;108.00;4.000;25.55;0.09;27.21;0.00;0.000;0.00;0.00;0.00;54.00;2.000;12.78;0.06;27.21;162.00;6.000;38.33;0.11;27.21;187.65;7.000;43.54;0.13;26.69;81.00;3.000;19.17;0.06;27.21;297.00;11.000;70.27;0.18;27.21;297.00;11.000;70.28;0.16;27.21;513.00;19.000;121.41;0.29;27.22;135.00;5.000;31.95;0.07;27.22;189.00;7.000;44.73;0.13;27.22;108.00;4.000;25.56;0.09;27.22;81.00;3.000;19.17;0.05;27.22;135.00;5.000;31.95;0.36;27.22;27.00;1.000;6.39;0.02;27.22;243.00;9.000;57.50;0.20;27.21;270.00;10.000;63.88;0.22;27.21;270.00;10.000;51.80;0.10;22.06;448.00;16.000;88.51;0.22;22.72;756.00;27.000;149.36;0.30;22.72;728.00;26.000;143.83;0.39;22.72;644.00;23.000;127.23;0.33;22.72;280.00;10.000;55.32;0.15;22.72;84.00;3.000;16.60;0.05;22.72;168.00;6.000;33.19;0.12;22.72;110.60;4.000;20.91;0.07;21.74;84.00;3.000;16.60;0.04;22.72;84.00;3.000;16.60;0.05;22.72;0.00;0.000;0.00;0.00;0.00;0.00;0.000;0.00;0.00;0.00;0.00;0.000;0.00;0.00;0.00;28.00;1.000;5.53;0.01;22.72;0.00;0.000;0.00;0.00;0.00;0.00;0.000;0.00;0.00;0.00;0.00;0.000;0.00;0.00;0.00
29319;ZOOTY I/CRM POP GROOVY;7;3935.51;361.000;980.09;0.06;28.64;180.02;19.000;41.63;0.17;26.59;84.55;9.000;19.09;0.08;25.96;95.00;10.000;22.13;0.07;26.79;0.00;0.000;0.00;0.00;0.00;0.00;0.000;0.00;0.00;0.00;0.00;0.000;0.00;0.00;0.00;0.00;0.000;0.00;0.00;0.00;0.00;0.000;0.00;0.00;0.00;0.00;0.000;0.00;0.00;0.00;0.00;0.000;0.00;0.00;0.00;143.88;12.000;45.05;0.12;36.01;277.26;24.000;78.86;0.21;32.71;186.45;17.000;45.44;0.13;28.03;198.00;18.000;48.62;0.13;28.24;77.00;7.000;18.91;0.06;28.24;11.00;1.000;2.70;0.02;28.24;132.00;12.000;32.41;0.14;28.24;66.00;6.000;16.21;0.05;28.24;77.00;7.000;18.91;0.06;28.24;44.00;4.000;10.80;0.03;28.24;198.00;18.000;48.62;0.12;28.24;350.90;32.000;85.48;0.19;28.02;374.00;34.000;91.84;0.22;28.24;263.45;24.000;64.35;0.15;28.09;231.00;21.000;56.73;0.16;28.24;143.00;13.000;35.12;0.12;28.24;176.00;16.000;43.22;0.12;28.24;231.00;21.000;56.73;0.65;28.24;352.00;32.000;86.44;0.32;28.24;44.00;4.000;10.80;0.04;28.24;0.00;0.000;0.00;0.00;0.00;0.00;0.000;0.00;0.00;0.00;0.00;0.000;0.00;0.00;0.00;0.00;0.000;0.00;0.00;0.00;0.00;0.000;0.00;0.00;0.00;0.00;0.000;0.00;0.00;0.00;0.00;0.000;0.00;0.00;0.00;0.00;0.000;0.00;0.00;0.00;0.00;0.000;0.00;0.00;0.00;0.00;0.000;0.00;0.00;0.00;0.00;0.000;0.00;0.00;0.00;0.00;0.000;0.00;0.00;0.00;0.00;0.000;0.00;0.00;0.00;0.00;0.000;0.00;0.00;0.00;0.00;0.000;0.00;0.00;0.00;0.00;0.000;0.00;0.00;0.00;0.00;0.000;0.00;0.00;0.00;0.00;0.000;0.00;0.00;0.00;0.00;0.000;0.00;0.00;0.00
29320;ZOOTY I/CRM POP ORANGE;7;4206.10;542.000;1123.03;0.07;30.71;112.00;16.000;27.50;0.11;28.24;77.00;11.000;18.91;0.08;28.24;70.00;10.000;17.19;0.05;28.24;51.00;7.000;12.81;0.04;28.89;37.50;5.000;9.57;0.05;29.34;22.50;3.000;5.74;0.04;29.34;172.50;23.000;44.02;0.17;29.34;120.00;16.000;30.62;0.11;29.34;210.00;28.000;53.58;0.16;29.34;255.00;34.000;65.07;0.15;29.34;375.00;50.000;95.69;0.26;29.34;256.00;33.000;68.10;0.18;30.59;208.00;26.000;57.32;0.16;31.69;176.00;22.000;48.50;0.13;31.69;16.00;2.000;4.41;0.01;31.69;8.00;1.000;2.20;0.02;31.69;120.00;15.000;33.07;0.15;31.69;64.00;8.000;17.64;0.05;31.69;32.00;4.000;8.82;0.03;31.69;112.00;14.000;30.86;0.09;31.69;336.00;42.000;92.59;0.23;31.69;216.00;27.000;59.52;0.14;31.69;183.60;23.000;50.36;0.12;31.54;400.00;50.000;110.23;0.26;31.69;176.00;22.000;48.50;0.14;31.69;64.00;8.000;17.64;0.06;31.69;96.00;12.000;26.45;0.07;31.69;16.00;2.000;4.41;0.05;31.69;48.00;6.000;13.23;0.05;31.69;56.00;7.000;15.43;0.05;31.69;120.00;15.000;33.07;0.11;31.69;0.00;0.000;0.00;0.00;0.00;0.00;0.000;0.00;0.00;0.00;0.00;0.000;0.00;0.00;0.00;0.00;0.000;0.00;0.00;0.00;0.00;0.000;0.00;0.00;0.00;0.00;0.000;0.00;0.00;0.00;0.00;0.000;0.00;0.00;0.00;0.00;0.000;0.00;0.00;0.00;0.00;0.000;0.00;0.00;0.00;0.00;0.000;0.00;0.00;0.00;0.00;0.000;0.00;0.00;0.00;0.00;0.000;0.00;0.00;0.00;0.00;0.000;0.00;0.00;0.00;0.00;0.000;0.00;0.00;0.00;0.00;0.000;0.00;0.00;0.00;0.00;0.000;0.00;0.00;0.00;0.00;0.000;0.00;0.00;0.00;0.00;0.000;0.00;0.00;0.00
29322;C/FRESH I/CRM VANILLA;7;42719.79;699.000;5309.36;0.32;14.29;5053.91;109.000;78.85;0.33;1.79;976.36;14.000;199.86;0.89;23.54;576.40;10.000;68.07;0.20;13.58;1529.73;27.000;152.47;0.50;11.46;1148.24;16.000;285.77;1.46;28.62;863.88;12.000;182.11;1.12;24.24;637.11;9.000;153.11;0.59;27.64;3309.46;54.000;472.42;1.70;16.42;1508.19;21.000;376.05;1.11;28.67;9532.35;165.000;939.24;2.17;11.33;2386.32;33.000;432.31;1.17;20.83;3120.28;47.000;346.89;0.92;12.78;2939.52;48.000;203.86;0.57;7.98;596.17;8.000;107.05;0.29;20.65;794.88;12.000;115.20;0.39;16.67;1575.89;24.000;218.34;1.49;15.93;1039.87;13.000;280.23;1.24;30.99;2679.59;41.000;362.08;1.08;15.54;1895.71;29.000;219.96;0.64;13.34;395.95;5.000;81.50;0.24;23.67;0.00;0.000;0.00;0.00;0.00;0.00;0.000;0.00;0.00;0.00;0.00;0.000;0.00;0.00;0.00;0.00;0.000;0.00;0.00;0.00;0.00;0.000;0.00;0.00;0.00;0.00;0.000;0.00;0.00;0.00;0.00;0.000;0.00;0.00;0.00;0.00;0.000;0.00;0.00;0.00;0.00;0.000;0.00;0.00;0.00;0.00;0.000;0.00;0.00;0.00;0.00;0.000;0.00;0.00;0.00;0.00;0.000;0.00;0.00;0.00;159.98;2.000;33.99;0.08;24.44;0.00;0.000;0.00;0.00;0.00;0.00;0.000;0.00;0.00;0.00;0.00;0.000;0.00;0.00;0.00;0.00;0.000;0.00;0.00;0.00;0.00;0.000;0.00;0.00;0.00;0.00;0.000;0.00;0.00;0.00;0.00;0.000;0.00;0.00;0.00;0.00;0.000;0.00;0.00;0.00;0.00;0.000;0.00;0.00;0.00;0.00;0.000;0.00;0.00;0.00;0.00;0.000;0.00;0.00;0.00;0.00;0.000;0.00;0.00;0.00;0.00;0.000;0.00;0.00;0.00;0.00;0.000;0.00;0.00;0.00;0.00;0.000;0.00;0.00;0.00;0.00;0.000;0.00;0.00;0.00
29324;C/FRESH I/CRM CHOCACARANI;7;81018.40;1 334.000;8386.66;0.51;11.90;2334.52;48.000;167.57;0.69;8.25;346.45;5.000;69.42;0.31;23.04;699.88;12.000;87.79;0.26;14.43;309.95;5.000;54.10;0.18;20.07;99.98;2.000;-13.67;-0.07;-15.72;287.96;4.000;60.70;0.37;24.24;143.98;2.000;36.11;0.14;28.84;1955.70;30.000;364.29;1.31;21.42;1295.82;18.000;325.01;0.96;28.84;2369.60;40.000;278.76;0.64;13.53;1511.19;21.000;269.21;0.73;20.49;1754.73;27.000;167.64;0.44;10.99;1319.78;22.000;61.68;0.17;5.37;674.91;9.000;122.96;0.33;20.95;339.95;5.000;55.61;0.19;18.81;779.93;12.000;97.64;0.67;14.40;0.00;0.000;0.00;0.00;0.00;1339.79;21.000;157.03;0.47;13.48;379.94;6.000;37.58;0.11;11.38;1049.85;15.000;225.55;0.66;24.71;1396.30;20.000;311.77;0.78;25.68;4069.26;74.000;-191.11;-0.43;-5.40;959.88;12.000;229.88;0.55;27.54;1178.85;15.000;321.89;0.75;31.40;4076.33;67.000;521.59;1.46;14.71;621.92;8.000;148.16;0.50;27.40;304.11;4.000;83.96;0.24;31.75;296.36;4.000;49.96;0.57;19.39;151.98;2.000;28.28;0.11;21.40;531.93;7.000;99.00;0.34;21.40;607.92;8.000;140.69;0.48;26.61;2334.44;36.000;345.56;0.67;17.02;4681.05;82.000;208.86;0.51;5.13;6043.85;112.000;323.35;0.64;6.15;3227.09;51.000;165.30;0.45;5.89;1263.32;18.000;163.69;0.42;14.90;3170.20;55.000;116.68;0.31;4.23;538.93;7.000;147.61;0.45;31.50;805.61;14.000;75.76;0.27;10.81;535.08;7.000;101.45;0.35;21.80;376.94;6.000;29.60;0.07;9.03;775.89;11.000;137.85;0.40;20.43;2206.93;37.000;159.57;0.56;8.31;1385.78;22.000;201.82;0.59;16.75;4144.31;69.000;490.89;1.04;13.62;9844.89;174.000;626.33;1.30;7.32;2695.55;45.000;291.95;0.62;12.46;629.91;9.000;137.34;0.40;25.07;3169.88;54.000;294.00;0.73;10.67
29325;C/FRESH I/CRM NEAPOLITAN;7;17563.24;285.000;2334.62;0.14;15.29;1979.56;44.000;101.61;0.42;5.90;419.94;6.000;86.96;0.39;23.81;259.96;4.000;45.67;0.14;20.20;189.97;3.000;41.35;0.14;25.03;387.94;6.000;58.56;0.30;17.36;287.96;4.000;60.70;0.37;24.24;716.30;10.000;177.43;0.69;28.49;2310.62;38.000;316.56;1.14;15.76;863.88;12.000;216.67;0.64;28.84;2673.52;48.000;186.69;0.43;8.03;866.28;12.000;149.64;0.41;19.86;1169.83;17.000;164.52;0.44;16.17;1600.99;26.000;109.70;0.31;7.88;149.98;2.000;25.30;0.07;19.40;294.96;4.000;64.49;0.22;25.14;459.97;7.000;63.97;0.44;15.99;239.97;3.000;64.67;0.29;30.99;699.90;10.000;128.61;0.38;21.13;1079.83;17.000;109.30;0.32;11.64;311.96;4.000;61.03;0.18;22.50;439.94;6.000;67.20;0.17;17.57;0.00;0.000;0.00;0.00;0.00;0.00;0.000;0.00;0.00;0.00;0.00;0.000;0.00;0.00;0.00;0.00;0.000;0.00;0.00;0.00;0.00;0.000;0.00;0.00;0.00;0.00;0.000;0.00;0.00;0.00;0.00;0.000;0.00;0.00;0.00;0.00;0.000;0.00;0.00;0.00;0.00;0.000;0.00;0.00;0.00;0.00;0.000;0.00;0.00;0.00;79.99;1.000;17.00;0.03;24.44;79.99;1.000;17.00;0.04;24.44;0.00;0.000;0.00;0.00;0.00;0.00;0.000;0.00;0.00;0.00;0.00;0.000;0.00;0.00;0.00;0.00;0.000;0.00;0.00;0.00;0.00;0.000;0.00;0.00;0.00;0.00;0.000;0.00;0.00;0.00;0.00;0.000;0.00;0.00;0.00;0.00;0.000;0.00;0.00;0.00;0.00;0.000;0.00;0.00;0.00;0.00;0.000;0.00;0.00;0.00;0.00;0.000;0.00;0.00;0.00;0.00;0.000;0.00;0.00;0.00;0.00;0.000;0.00;0.00;0.00;0.00;0.000;0.00;0.00;0.00;0.00;0.000;0.00;0.00;0.00;0.00;0.000;0.00;0.00;0.00
29327;C/FRESH I/CRM BLUEB C/CAK;7;19775.45;320.000;2614.20;0.16;15.20;2639.43;57.000;62.08;0.26;2.70;836.38;12.000;170.87;0.76;23.49;509.91;9.000;56.62;0.17;12.77;389.93;7.000;14.01;0.05;4.13;775.88;12.000;117.11;0.60;17.36;143.98;2.000;36.11;0.22;28.84;647.91;9.000;162.50;0.63;28.84;1781.71;29.000;257.54;0.93;16.62;500.33;7.000;123.26;0.36;28.33;2809.52;48.000;304.95;0.70;12.48;869.13;12.000;152.12;0.41;20.13;2099.68;32.000;211.57;0.56;11.59;2320.89;36.000;253.35;0.71;12.55;821.14;11.000;186.03;0.50;26.05;319.95;5.000;38.22;0.13;13.74;199.97;3.000;29.89;0.20;17.19;399.95;5.000;107.78;0.48;30.99;839.87;13.000;106.32;0.32;14.56;399.95;5.000;107.78;0.32;30.99;239.97;3.000;64.67;0.19;30.99;149.98;2.000;29.86;0.08;22.89;79.99;1.000;21.56;0.05;30.99;0.00;0.000;0.00;0.00;0.00;0.00;0.000;0.00;0.00;0.00;0.00;0.000;0.00;0.00;0.00;0.00;0.000;0.00;0.00;0.00;0.00;0.000;0.00;0.00;0.00;0.00;0.000;0.00;0.00;0.00;0.00;0.000;0.00;0.00;0.00;0.00;0.000;0.00;0.00;0.00;0.00;0.000;0.00;0.00;0.00;0.00;0.000;0.00;0.00;0.00;0.00;0.000;0.00;0.00;0.00;0.00;0.000;0.00;0.00;0.00;0.00;0.000;0.00;0.00;0.00;0.00;0.000;0.00;0.00;0.00;0.00;0.000;0.00;0.00;0.00;0.00;0.000;0.00;0.00;0.00;0.00;0.000;0.00;0.00;0.00;0.00;0.000;0.00;0.00;0.00;0.00;0.000;0.00;0.00;0.00;0.00;0.000;0.00;0.00;0.00;0.00;0.000;0.00;0.00;0.00;0.00;0.000;0.00;0.00;0.00;0.00;0.000;0.00;0.00;0.00;0.00;0.000;0.00;0.00;0.00;0.00;0.000;0.00;0.00;0.00;0.00;0.000;0.00;0.00;0.00;0.00;0.000;0.00;0.00;0.00
29328;C/FRESH I/CRM RUM&RAISIN;7;22632.20;362.000;2731.44;0.16;13.88;1359.72;28.000;89.52;0.37;7.57;489.93;7.000;101.45;0.45;23.81;569.91;9.000;93.53;0.28;18.87;266.45;5.000;16.27;0.05;7.02;465.92;8.000;20.00;0.10;4.94;71.99;1.000;18.06;0.11;28.84;431.94;6.000;108.34;0.42;28.84;1849.71;29.000;316.67;1.14;19.69;1079.85;15.000;270.84;0.80;28.84;3367.40;60.000;255.53;0.59;8.73;935.87;13.000;159.85;0.43;19.64;1334.80;20.000;150.20;0.40;12.94;1810.95;30.000;97.92;0.27;6.22;524.93;7.000;88.54;0.24;19.40;439.93;7.000;46.55;0.16;12.17;679.96;11.000;58.71;0.40;9.93;239.97;3.000;55.55;0.25;26.62;1119.82;18.000;109.76;0.33;11.27;479.93;7.000;81.33;0.24;19.49;698.91;9.000;171.19;0.50;28.17;2009.72;28.000;298.70;0.75;17.09;2244.61;39.000;79.83;0.18;4.09;79.99;1.000;21.56;0.05;30.99;0.00;0.000;0.00;0.00;0.00;0.00;0.000;0.00;0.00;0.00;0.00;0.000;0.00;0.00;0.00;0.00;0.000;0.00;0.00;0.00;0.00;0.000;0.00;0.00;0.00;0.00;0.000;0.00;0.00;0.00;0.00;0.000;0.00;0.00;0.00;0.00;0.000;0.00;0.00;0.00;0.00;0.000;0.00;0.00;0.00;79.99;1.000;21.56;0.05;30.99;0.00;0.000;0.00;0.00;0.00;0.00;0.000;0.00;0.00;0.00;0.00;0.000;0.00;0.00;0.00;0.00;0.000;0.00;0.00;0.00;0.00;0.000;0.00;0.00;0.00;0.00;0.000;0.00;0.00;0.00;0.00;0.000;0.00;0.00;0.00;0.00;0.000;0.00;0.00;0.00;0.00;0.000;0.00;0.00;0.00;0.00;0.000;0.00;0.00;0.00;0.00;0.000;0.00;0.00;0.00;0.00;0.000;0.00;0.00;0.00;0.00;0.000;0.00;0.00;0.00;0.00;0.000;0.00;0.00;0.00;0.00;0.000;0.00;0.00;0.00;0.00;0.000;0.00;0.00;0.00
31243;SPAR SS CRM CHK B/L WING;7;27236.44;456.000;3788.07;0.23;15.99;683.89;11.000;152.89;0.63;25.71;188.97;3.000;41.51;0.18;25.26;251.96;4.000;55.35;0.17;25.26;924.81;19.000;60.57;0.20;7.53;62.99;1.000;13.84;0.07;25.26;314.95;5.000;69.19;0.42;25.26;125.98;2.000;27.67;0.11;25.26;188.97;3.000;41.51;0.15;25.26;251.96;4.000;55.35;0.16;25.26;755.88;12.000;166.05;0.38;25.26;314.95;5.000;69.19;0.19;25.26;251.96;4.000;55.35;0.15;25.26;482.93;7.000;107.47;0.30;25.59;1106.79;21.000;67.94;0.18;7.06;68.99;1.000;15.35;0.05;25.59;0.00;0.000;0.00;0.00;0.00;68.99;1.000;15.57;0.07;25.96;344.95;5.000;77.86;0.23;25.96;551.92;8.000;125.06;0.37;26.06;275.96;4.000;62.93;0.19;26.23;551.92;8.000;124.46;0.31;25.93;1695.68;32.000;129.06;0.29;8.75;1103.84;16.000;247.99;0.60;25.84;827.88;12.000;184.01;0.43;25.56;277.96;4.000;59.21;0.17;24.50;2084.64;36.000;219.03;0.74;12.08;1229.79;21.000;137.21;0.38;12.83;994.83;17.000;74.52;0.85;8.61;2049.66;34.000;267.01;0.99;14.98;1649.70;30.000;129.15;0.44;9.00;0.00;0.000;0.00;0.00;0.00;769.89;11.000;157.94;0.31;23.59;1189.83;17.000;244.09;0.60;23.59;501.91;9.000;41.58;0.08;9.53;559.92;8.000;114.00;0.31;23.41;0.00;0.000;0.00;0.00;0.00;279.96;4.000;57.00;0.15;23.41;631.90;10.000;95.69;0.29;17.41;499.90;10.000;12.41;0.05;2.85;414.93;7.000;49.93;0.17;13.84;279.96;4.000;57.00;0.14;23.41;69.99;1.000;17.33;0.05;28.47;0.00;0.000;0.00;0.00;0.00;0.00;0.000;0.00;0.00;0.00;794.85;15.000;38.20;0.08;5.53;1559.70;30.000;50.60;0.11;3.73;0.00;0.000;0.00;0.00;0.00;0.00;0.000;0.00;0.00;0.00;0.00;0.000;0.00;0.00;0.00
32521;C/FRESH I/CRM VAN&CHOC SAUCE;7;78282.17;1 261.000;9534.32;0.58;14.01;1474.70;30.000;145.71;0.60;11.36;209.97;3.000;70.26;0.31;38.48;979.84;16.000;245.31;0.73;28.79;759.86;14.000;82.83;0.27;12.54;653.90;10.000;155.81;0.80;27.40;500.33;7.000;136.32;0.84;31.33;215.97;3.000;54.17;0.21;28.84;1057.82;18.000;118.05;0.43;12.83;431.94;6.000;108.34;0.32;28.84;2584.53;47.000;153.85;0.35;6.85;1736.76;24.000;337.49;0.91;22.35;1529.76;24.000;111.65;0.30;8.39;1049.86;14.000;231.80;0.65;25.39;824.89;11.000;148.26;0.40;20.67;814.89;11.000;180.60;0.61;25.49;919.93;14.000;127.94;0.87;15.99;319.96;4.000;86.23;0.38;30.99;619.91;9.000;107.05;0.32;19.86;639.92;8.000;174.37;0.51;31.34;1046.35;15.000;217.23;0.64;23.87;1676.26;24.000;374.74;0.94;25.71;2309.58;42.000;-108.47;-0.25;-5.40;2306.20;30.000;493.39;1.19;24.60;1737.93;22.000;455.24;1.07;30.12;911.76;14.000;161.15;0.45;20.33;630.92;8.000;171.83;0.58;31.32;692.91;9.000;191.17;0.54;31.73;985.07;13.000;188.23;2.15;21.97;379.95;5.000;70.71;0.26;21.40;75.99;1.000;14.14;0.05;21.40;303.96;4.000;72.31;0.25;27.36;1585.74;26.000;138.17;0.27;10.02;2120.92;38.000;51.67;0.13;2.80;8052.73;144.000;691.05;1.38;9.87;5681.68;92.000;166.42;0.45;3.37;209.97;3.000;26.77;0.07;14.66;1745.94;31.000;30.20;0.08;1.99;307.96;4.000;67.92;0.21;25.36;461.92;8.000;45.22;0.16;11.26;384.95;5.000;77.84;0.27;23.25;818.88;12.000;109.57;0.26;15.39;761.89;11.000;120.11;0.35;18.13;79.99;1.000;20.02;0.07;28.78;1247.80;20.000;173.04;0.51;15.95;4644.21;79.000;436.02;0.93;10.80;12314.76;213.000;995.63;2.07;9.30;2930.58;42.000;633.12;1.34;24.84;839.88;12.000;183.13;0.53;25.07;3710.75;60.000;490.72;1.21;15.21
32523;JC SAPPE BAG;7;53017.48;907.000;42552.57;2.57;92.30;391.92;8.000;340.80;1.41;100.00;0.00;0.000;0.00;0.00;0.00;0.00;0.000;0.00;0.00;0.00;0.00;0.000;0.00;0.00;0.00;0.00;0.000;0.00;0.00;0.00;97.98;2.000;85.20;0.52;100.00;293.94;6.000;255.60;0.99;100.00;538.89;11.000;468.60;1.69;100.00;930.81;19.000;809.40;2.38;100.00;1273.74;26.000;1107.60;2.55;100.00;1812.63;37.000;1576.20;4.27;100.00;1175.76;24.000;1022.40;2.71;100.00;832.83;17.000;724.20;2.02;100.00;489.90;10.000;426.00;1.15;100.00;0.00;0.000;0.00;0.00;0.00;0.00;0.000;0.00;0.00;0.00;0.00;0.000;0.00;0.00;0.00;195.96;4.000;170.40;0.51;100.00;340.48;7.000;296.07;0.87;100.00;979.80;20.000;852.00;2.51;100.00;2204.55;45.000;1917.00;4.82;100.00;3772.23;77.000;3280.20;7.45;100.00;1959.60;40.000;1704.00;4.10;100.00;4262.13;87.000;3706.20;8.68;100.00;3037.38;62.000;2641.20;7.40;100.00;489.90;10.000;426.00;1.44;100.00;685.86;14.000;596.40;1.67;100.00;195.96;4.000;170.40;1.94;100.00;293.94;6.000;255.60;0.95;100.00;391.92;8.000;340.80;1.17;100.00;636.87;13.000;-917.40;-3.13;-99.99;-6371.63;-137.000;13587.91;26.53;-99.99;4088.08;62.000;947.91;2.33;26.67;4942.65;75.000;1037.11;2.07;24.13;2705.59;41.000;570.09;1.54;24.23;3431.48;52.000;723.04;1.86;24.23;1979.70;30.000;417.14;1.11;24.23;857.87;13.000;180.76;0.56;24.23;263.96;4.000;55.62;0.20;24.23;65.99;1.000;13.90;0.05;24.23;65.99;1.000;13.90;0.03;24.23;197.97;3.000;41.71;0.12;24.23;989.85;15.000;208.57;0.73;24.23;2177.67;33.000;458.85;1.34;24.23;2177.67;33.000;458.85;0.97;24.23;3167.52;48.000;667.42;1.39;24.23;2636.30;40.000;494.18;1.05;21.56;527.92;8.000;97.32;0.28;21.20;1827.92;28.000;323.41;0.80;20.35
32524;GATTI TWICE AS NICE;7;13489.45;1 789.000;3632.35;0.22;30.97;300.00;50.000;87.06;0.36;33.37;246.00;41.000;67.01;0.30;31.33;162.00;27.000;43.20;0.13;30.67;0.00;0.000;0.00;0.00;0.00;0.00;0.000;0.00;0.00;0.00;161.10;27.000;42.42;0.26;30.28;150.00;25.000;40.00;0.15;30.67;435.50;67.000;113.47;0.41;29.96;442.50;59.000;124.84;0.37;32.44;720.00;96.000;203.13;0.47;32.44;225.00;30.000;63.48;0.17;32.44;412.50;55.000;116.38;0.31;32.44;322.13;43.000;90.66;0.25;32.37;157.50;21.000;44.43;0.12;32.44;75.00;10.000;21.16;0.07;32.44;90.00;12.000;25.39;0.17;32.44;22.50;3.000;6.35;0.03;32.44;59.62;8.000;16.60;0.05;32.01;142.50;19.000;40.19;0.12;32.43;389.25;52.000;109.23;0.32;32.27;307.50;41.000;86.64;0.22;32.40;749.25;100.000;210.66;0.48;32.33;562.50;75.000;158.48;0.38;32.40;591.37;79.000;165.95;0.39;32.27;343.87;46.000;96.22;0.27;32.18;202.50;27.000;57.05;0.19;32.40;156.37;21.000;43.39;0.12;31.91;142.50;19.000;40.15;0.46;32.40;105.00;14.000;29.58;0.11;32.40;45.00;6.000;12.68;0.04;32.40;60.00;8.000;16.90;0.06;32.40;307.50;41.000;80.11;0.16;29.96;591.37;79.000;136.05;0.33;26.46;749.24;100.000;173.25;0.35;26.59;537.74;72.000;123.25;0.33;26.36;224.25;30.000;51.52;0.13;26.42;447.75;60.000;102.39;0.27;26.30;0.00;0.000;0.00;0.00;0.00;170.99;23.000;38.69;0.14;26.02;186.74;25.000;42.82;0.15;26.37;156.75;21.000;35.87;0.09;26.32;142.50;19.000;33.04;0.10;26.67;67.50;9.000;15.65;0.06;26.67;440.50;51.000;126.52;0.37;33.03;284.05;30.000;90.48;0.19;36.63;0.00;0.000;0.00;0.00;0.00;406.11;43.000;103.75;0.22;29.38;437.00;46.000;126.70;0.37;33.34;560.50;59.000;179.56;0.44;36.84
32525;GATTI  JELLY CUSTARD DREAM;7;6161.60;1 268.000;1771.85;0.11;33.07;3.99;1.000;1.12;0.00;32.40;0.00;0.000;0.00;0.00;0.00;18.95;5.000;4.75;0.01;28.83;31.92;8.000;8.99;0.03;32.40;55.26;14.000;15.21;0.08;31.66;47.88;12.000;13.49;0.08;32.40;11.97;3.000;3.37;0.01;32.40;180.60;41.000;51.38;0.19;32.72;86.40;18.000;25.79;0.08;34.32;9.60;2.000;2.87;0.01;34.32;86.40;18.000;25.79;0.07;34.32;91.20;19.000;27.22;0.07;34.32;38.40;8.000;11.46;0.03;34.32;24.00;5.000;7.16;0.02;34.32;43.20;9.000;12.89;0.04;34.32;14.40;3.000;4.30;0.03;34.32;38.40;8.000;11.46;0.05;34.32;105.12;22.000;31.10;0.09;34.02;91.20;19.000;27.22;0.08;34.32;172.80;36.000;51.57;0.15;34.32;373.92;78.000;111.33;0.28;34.24;263.04;55.000;77.96;0.18;34.08;283.20;59.000;84.52;0.20;34.32;181.20;38.000;53.40;0.13;33.89;118.56;25.000;34.56;0.10;33.53;72.00;15.000;21.49;0.07;34.32;151.44;32.000;43.97;0.12;33.39;62.16;13.000;18.42;0.21;34.07;0.00;0.000;0.00;0.00;0.00;67.20;14.000;20.06;0.07;34.32;100.80;21.000;30.08;0.10;34.32;201.60;42.000;58.68;0.11;33.47;267.36;56.000;73.41;0.18;31.58;355.20;74.000;98.67;0.20;31.94;451.92;95.000;123.12;0.33;31.33;192.00;40.000;53.33;0.14;31.94;172.80;36.000;48.00;0.13;31.94;258.72;54.000;71.58;0.22;31.82;81.12;17.000;22.25;0.08;31.54;52.80;11.000;14.67;0.05;31.94;9.60;2.000;2.67;0.01;31.94;38.40;8.000;10.67;0.03;31.94;91.20;19.000;25.33;0.09;31.94;113.45;22.000;36.16;0.11;36.65;164.72;30.000;50.19;0.11;35.04;104.50;19.000;31.94;0.07;35.15;341.00;62.000;87.95;0.19;29.66;214.50;39.000;61.38;0.18;32.91;225.50;41.000;68.93;0.17;35.15
32527;CHOCOLINA SINGLE;7;11450.49;2 271.000;3297.12;0.20;33.11;108.00;27.000;28.29;0.12;30.13;167.40;42.000;43.49;0.19;29.88;68.00;17.000;17.81;0.05;30.13;16.00;4.000;4.19;0.01;30.13;0.00;0.000;0.00;0.00;0.00;60.00;15.000;15.72;0.10;30.13;148.00;37.000;38.77;0.15;30.13;285.00;60.000;79.96;0.29;32.26;405.00;81.000;120.97;0.36;34.35;379.75;76.000;113.29;0.26;34.31;575.00;115.000;171.75;0.47;34.35;250.00;50.000;74.68;0.20;34.35;165.00;33.000;49.29;0.14;34.35;65.00;13.000;19.42;0.05;34.35;0.00;0.000;0.00;0.00;0.00;0.00;0.000;0.00;0.00;0.00;0.00;0.000;0.00;0.00;0.00;145.00;29.000;43.31;0.13;34.35;65.00;13.000;19.42;0.06;34.35;378.00;76.000;111.77;0.33;34.00;604.50;121.000;180.28;0.45;34.30;678.25;136.000;197.78;0.45;33.53;519.00;104.000;151.54;0.36;33.58;445.00;89.000;132.92;0.31;34.35;395.00;79.000;117.99;0.33;34.35;248.50;50.000;73.37;0.25;33.95;234.25;47.000;69.54;0.20;34.14;50.00;10.000;14.94;0.17;34.35;85.00;17.000;25.39;0.09;34.35;20.00;4.000;5.97;0.02;34.35;55.00;11.000;16.43;0.06;34.35;165.00;33.000;47.84;0.09;33.35;384.50;77.000;104.46;0.26;31.24;444.50;89.000;120.81;0.24;31.26;310.00;62.000;84.46;0.23;31.33;412.50;83.000;110.90;0.29;30.92;395.00;79.000;107.62;0.29;31.33;110.00;22.000;29.97;0.09;31.33;105.00;21.000;28.61;0.10;31.33;83.50;17.000;21.86;0.08;30.10;169.00;34.000;45.45;0.11;30.93;90.00;18.000;24.52;0.07;31.33;30.00;6.000;8.17;0.03;31.33;292.45;54.000;84.68;0.25;33.30;174.00;30.000;53.04;0.11;35.06;266.80;46.000;81.33;0.17;35.06;601.75;104.000;166.41;0.35;31.80;283.04;49.000;85.63;0.25;34.79;518.80;91.000;153.07;0.38;33.93
32530;WAFFER;7;11966.44;1 151.000;3380.36;0.20;32.49;71.92;8.000;24.95;0.10;39.90;180.00;24.000;43.76;0.19;27.96;17.98;2.000;6.24;0.02;39.90;71.92;8.000;24.95;0.08;39.90;26.97;3.000;9.36;0.05;39.90;98.89;11.000;34.31;0.21;39.90;291.86;38.000;75.26;0.29;29.65;263.86;30.000;66.98;0.24;29.19;275.83;21.000;71.03;0.21;29.61;161.85;15.000;46.32;0.11;32.91;439.56;44.000;130.44;0.35;34.13;189.81;19.000;56.33;0.15;34.13;59.94;6.000;17.79;0.05;34.13;214.78;22.000;60.87;0.16;32.59;29.97;3.000;8.89;0.03;34.13;0.00;0.000;0.00;0.00;0.00;66.93;7.000;18.14;0.08;31.17;164.33;17.000;45.61;0.14;31.92;270.72;28.000;75.18;0.22;31.94;432.56;44.000;124.35;0.37;33.06;376.62;38.000;110.04;0.28;33.60;229.77;23.000;68.18;0.15;34.13;369.63;37.000;109.69;0.26;34.13;318.18;32.000;93.56;0.22;33.82;139.86;14.000;41.50;0.12;34.13;99.90;10.000;29.64;0.10;34.13;69.93;7.000;20.75;0.06;34.13;0.00;0.000;0.00;0.00;0.00;0.00;0.000;0.00;0.00;0.00;239.76;24.000;71.15;0.24;34.13;288.71;29.000;85.10;0.29;33.90;289.71;29.000;82.91;0.16;32.91;589.41;59.000;149.13;0.37;29.10;648.85;65.000;163.86;0.33;29.04;229.77;23.000;58.13;0.16;29.10;228.27;23.000;56.83;0.15;28.63;359.64;36.000;90.99;0.24;29.10;246.75;25.000;60.58;0.19;28.23;0.00;0.000;0.00;0.00;0.00;0.00;0.000;0.00;0.00;0.00;0.00;0.000;0.00;0.00;0.00;0.00;0.000;0.00;0.00;0.00;0.00;0.000;0.00;0.00;0.00;357.00;30.000;109.35;0.32;35.22;648.00;54.000;201.52;0.43;35.76;468.00;39.000;145.54;0.30;35.76;693.00;58.000;187.70;0.40;31.15;814.80;68.000;216.53;0.63;30.56;931.20;78.000;286.91;0.71;35.43
32531;JOLLY JELLY;7;8353.15;1 629.000;2420.01;0.15;33.32;84.00;21.000;22.00;0.09;30.12;124.00;31.000;32.48;0.14;30.12;24.00;6.000;6.29;0.02;30.12;8.00;2.000;2.10;0.01;30.12;4.00;1.000;1.05;0.01;30.12;24.00;6.000;6.29;0.04;30.12;92.00;23.000;24.10;0.09;30.12;286.00;61.000;94.42;0.34;37.97;195.00;39.000;58.25;0.17;34.35;255.00;51.000;76.17;0.18;34.35;390.00;78.000;116.49;0.32;34.35;210.00;42.000;62.73;0.17;34.35;150.00;30.000;44.81;0.13;34.35;15.00;3.000;4.48;0.01;34.35;30.00;6.000;8.96;0.03;34.35;35.00;7.000;10.45;0.07;34.35;20.00;4.000;5.97;0.03;34.35;50.00;10.000;14.94;0.04;34.35;0.00;0.000;0.00;0.00;0.00;300.00;60.000;89.61;0.26;34.35;300.00;60.000;89.61;0.23;34.35;255.00;51.000;74.74;0.17;33.70;345.00;69.000;101.11;0.24;33.70;345.00;69.000;103.05;0.24;34.35;190.00;38.000;56.75;0.16;34.35;75.00;15.000;22.40;0.08;34.35;95.00;19.000;28.38;0.08;34.35;20.00;4.000;5.97;0.07;34.35;20.00;4.000;5.97;0.02;34.35;135.00;27.000;40.32;0.14;34.35;90.00;18.000;26.88;0.09;34.35;75.00;15.000;22.40;0.04;34.35;340.00;68.000;92.64;0.23;31.33;560.00;112.000;152.58;0.30;31.33;297.25;60.000;79.35;0.21;30.70;5.00;1.000;1.36;0.00;31.33;150.00;30.000;40.87;0.11;31.33;0.00;0.000;0.00;0.00;0.00;64.75;13.000;17.49;0.06;31.07;65.00;13.000;17.71;0.06;31.33;85.00;17.000;23.16;0.06;31.33;45.00;9.000;12.26;0.04;31.33;105.00;21.000;28.61;0.10;31.33;273.22;49.000;80.86;0.24;34.03;231.42;40.000;70.22;0.15;34.89;464.00;80.000;141.45;0.29;35.06;637.71;110.000;166.72;0.35;30.07;330.60;57.000;95.87;0.28;33.35;458.20;79.000;139.68;0.35;35.06
33480;OLA MAGNUM DEATH BY CHOC;7;31082.46;937.000;8120.07;0.49;30.04;1050.00;38.000;232.48;0.96;25.46;252.00;9.000;56.27;0.25;25.68;250.60;9.000;55.05;0.16;25.26;84.00;3.000;18.76;0.06;25.68;252.00;9.000;56.27;0.29;25.68;420.00;15.000;101.93;0.62;27.91;203.00;7.000;48.98;0.19;27.74;435.00;15.000;107.50;0.39;28.42;580.00;20.000;144.67;0.43;28.68;1276.00;44.000;323.34;0.75;29.14;232.00;8.000;63.26;0.17;31.36;406.00;14.000;97.95;0.26;27.74;1336.05;45.000;367.36;1.03;31.62;401.87;13.000;96.00;0.26;27.47;296.91;9.000;81.08;0.27;31.40;32.99;1.000;9.01;0.06;31.40;329.90;10.000;90.09;0.40;31.40;395.88;12.000;108.10;0.32;31.40;494.85;15.000;135.13;0.40;31.40;920.42;28.000;249.37;0.74;31.16;788.46;24.000;231.36;0.58;33.74;684.54;21.000;204.96;0.47;34.43;1451.56;44.000;400.02;0.96;31.69;1331.14;41.000;350.70;0.82;30.30;923.72;28.000;277.03;0.78;34.49;428.87;13.000;128.62;0.44;34.49;461.86;14.000;126.12;0.35;31.40;263.92;8.000;76.79;0.88;33.46;263.92;8.000;76.79;0.29;33.46;626.81;19.000;119.00;0.41;21.83;626.81;19.000;112.86;0.38;20.71;912.94;27.000;181.10;0.35;22.81;666.00;18.000;178.12;0.44;30.76;998.91;27.000;277.91;0.55;31.99;1030.17;28.000;280.00;0.76;31.26;475.32;13.000;117.61;0.30;28.46;813.78;22.000;239.11;0.64;33.79;776.79;21.000;209.94;0.65;31.08;443.88;12.000;113.02;0.41;29.28;147.96;4.000;37.67;0.13;29.28;279.93;7.000;93.14;0.22;38.26;184.95;5.000;52.06;0.15;32.37;443.88;12.000;121.69;0.43;31.53;1368.63;37.000;375.20;1.10;31.53;665.82;18.000;182.53;0.39;31.53;1496.55;45.000;344.72;0.72;26.49;1167.69;31.000;326.99;0.69;32.20;937.76;24.000;283.28;0.83;34.74;770.42;23.000;159.14;0.39;23.75
33481;OLA MAGNUM ALMOND;7;39526.31;1 178.000;10416.42;0.63;30.31;754.60;27.000;180.63;0.75;27.53;336.00;12.000;79.37;0.35;27.17;390.60;14.000;86.32;0.26;25.41;224.00;8.000;50.02;0.16;25.68;168.00;6.000;37.51;0.19;25.68;305.20;11.000;72.31;0.44;27.25;85.55;3.000;19.73;0.08;26.52;754.00;26.000;183.73;0.66;28.02;1100.55;38.000;270.08;0.79;28.22;897.55;31.000;222.19;0.51;28.47;1447.10;50.000;365.53;0.99;29.05;1044.00;36.000;257.34;0.68;28.35;538.32;18.000;146.69;0.41;31.34;305.90;10.000;72.86;0.20;27.39;296.91;9.000;81.08;0.27;31.40;362.89;11.000;99.09;0.68;31.40;494.85;15.000;135.13;0.60;31.40;656.50;20.000;177.30;0.53;31.06;758.77;23.000;207.20;0.61;31.40;1153.00;35.000;313.86;0.93;31.30;1416.92;43.000;395.66;1.00;32.11;757.12;23.000;212.75;0.48;32.32;1217.33;37.000;335.31;0.81;31.68;593.82;18.000;165.70;0.39;32.09;1517.54;46.000;455.13;1.28;34.49;428.87;13.000;125.67;0.43;33.70;593.82;18.000;172.78;0.48;33.46;395.88;12.000;115.19;1.31;33.46;164.95;5.000;48.00;0.18;33.46;362.89;11.000;68.41;0.23;21.68;656.50;20.000;115.93;0.40;20.31;852.62;24.000;202.51;0.40;27.31;1176.60;32.000;308.59;0.76;30.16;1924.00;52.000;540.06;1.08;32.28;1291.30;35.000;350.98;0.95;31.26;886.15;24.000;224.64;0.58;29.15;1035.76;28.000;306.29;0.81;34.01;776.79;21.000;206.90;0.64;30.63;480.87;13.000;122.44;0.44;29.28;381.90;10.000;107.81;0.37;32.46;195.95;5.000;64.02;0.15;37.57;554.85;15.000;155.50;0.45;32.23;1183.68;32.000;324.50;1.14;31.53;1253.96;34.000;341.56;1.00;31.32;1353.92;37.000;359.56;0.76;30.54;988.79;29.000;243.32;0.51;28.30;1930.52;52.000;525.70;1.11;31.32;1553.60;40.000;465.96;1.36;34.49;1525.12;46.000;297.58;0.74;22.44
33482;MAGNUM CLASSIC;7;24297.64;733.000;5896.99;0.36;27.91;585.20;21.000;121.03;0.50;23.78;588.00;21.000;119.55;0.53;23.38;196.00;7.000;39.85;0.12;23.38;140.00;5.000;28.46;0.09;23.38;224.00;8.000;45.54;0.23;23.38;140.00;5.000;31.26;0.19;25.68;56.55;2.000;11.61;0.04;23.60;493.00;17.000;110.86;0.40;25.86;696.00;24.000;154.77;0.46;25.57;926.55;32.000;224.32;0.52;27.84;841.00;29.000;213.80;0.58;29.23;580.00;20.000;129.60;0.34;25.70;599.80;20.000;145.88;0.41;27.97;458.85;15.000;109.35;0.30;27.40;329.90;10.000;84.00;0.28;29.28;32.99;1.000;8.40;0.06;29.28;65.98;2.000;16.80;0.07;29.28;32.99;1.000;8.40;0.03;29.28;428.87;13.000;109.20;0.32;29.28;527.84;16.000;134.40;0.40;29.28;923.72;28.000;259.94;0.65;32.36;460.21;14.000;132.11;0.30;33.01;1253.62;38.000;319.80;0.77;29.34;428.87;13.000;117.42;0.27;31.49;395.88;12.000;111.75;0.31;32.46;230.93;7.000;65.19;0.22;32.46;32.99;1.000;9.01;0.03;31.40;197.94;6.000;54.05;0.62;31.40;428.87;13.000;117.11;0.44;31.40;263.92;8.000;41.89;0.14;18.25;494.85;15.000;78.55;0.27;18.25;666.91;19.000;137.18;0.27;23.65;481.00;13.000;115.51;0.28;27.62;1258.00;34.000;321.79;0.64;29.42;514.30;14.000;132.30;0.36;29.58;257.15;7.000;59.46;0.15;26.59;553.05;15.000;150.43;0.40;31.28;295.92;8.000;78.83;0.24;30.64;110.97;3.000;26.14;0.09;27.09;304.92;8.000;79.94;0.28;30.15;119.97;3.000;38.46;0.09;36.86;369.90;10.000;97.24;0.28;30.23;766.86;21.000;188.82;0.66;28.32;745.64;21.000;167.48;0.49;25.83;1113.01;31.000;259.65;0.55;26.83;403.88;12.000;87.95;0.18;25.04;1234.70;33.000;318.61;0.67;29.68;1152.00;30.000;319.46;0.93;31.89;894.14;27.000;163.85;0.41;21.07
33486;D/MAID ROLO ICE CREAM;7;16302.53;619.000;3731.36;0.23;26.32;282.91;16.000;57.85;0.24;23.51;227.88;12.000;44.94;0.20;22.68;151.92;8.000;29.96;0.09;22.68;72.00;3.000;16.96;0.06;27.09;120.00;5.000;28.27;0.14;27.09;144.00;6.000;33.92;0.21;27.09;192.00;8.000;45.23;0.17;27.09;336.00;14.000;79.15;0.29;27.09;528.00;22.000;124.38;0.37;27.09;598.80;25.000;140.30;0.32;26.94;746.75;28.000;223.30;0.61;34.39;255.97;10.000;65.05;0.17;29.22;300.00;12.000;69.06;0.19;26.47;525.00;21.000;120.86;0.33;26.47;275.00;11.000;63.31;0.21;26.47;200.00;8.000;46.04;0.31;26.47;275.00;11.000;63.31;0.28;26.47;475.00;19.000;109.35;0.33;26.47;400.00;16.000;92.08;0.27;26.47;525.00;21.000;120.86;0.36;26.47;400.00;16.000;92.08;0.23;26.47;525.00;21.000;120.86;0.27;26.47;250.00;10.000;57.55;0.14;26.47;375.00;15.000;86.33;0.20;26.47;300.00;12.000;69.06;0.19;26.47;300.00;12.000;69.06;0.23;26.47;125.00;5.000;28.78;0.08;26.47;81.00;3.000;19.89;0.23;28.24;162.00;6.000;39.78;0.15;28.24;324.00;12.000;79.56;0.27;28.24;378.00;14.000;92.82;0.32;28.24;459.00;17.000;112.71;0.22;28.24;513.00;19.000;125.97;0.31;28.24;864.00;32.000;147.66;0.29;19.65;513.00;19.000;87.67;0.24;19.65;375.30;14.000;62.25;0.16;19.08;513.00;19.000;87.67;0.23;19.65;270.00;10.000;46.14;0.14;19.65;122.00;4.000;30.39;0.11;28.65;306.00;9.000;76.01;0.26;28.56;510.00;15.000;126.68;0.30;28.56;340.00;10.000;84.45;0.25;28.56;238.00;7.000;59.12;0.21;28.56;374.00;11.000;92.90;0.27;28.56;408.00;12.000;101.34;0.22;28.56;612.00;18.000;152.01;0.32;28.56;34.00;1.000;8.45;0.02;28.56;0.00;0.000;0.00;0.00;0.00;0.00;0.000;0.00;0.00;0.00
33488;NESTLE JIVE STICK S/BERRY & YOGURT;7;22616.08;872.000;5383.33;0.32;27.37;605.77;28.000;114.24;0.47;21.69;439.80;20.000;81.95;0.36;21.43;263.88;12.000;49.17;0.15;21.43;183.96;8.000;38.24;0.12;23.90;24.00;1.000;5.46;0.03;26.17;120.00;5.000;27.31;0.17;26.17;624.00;26.000;142.00;0.55;26.17;360.00;15.000;81.92;0.30;26.17;504.00;21.000;114.69;0.34;26.17;816.00;34.000;185.69;0.43;26.17;432.00;18.000;98.31;0.27;26.17;543.25;22.000;124.30;0.33;26.31;372.50;15.000;85.59;0.24;26.42;150.00;6.000;35.11;0.10;26.92;150.00;6.000;35.11;0.12;26.92;175.00;7.000;40.96;0.28;26.92;300.00;12.000;70.21;0.31;26.92;475.00;19.000;111.17;0.33;26.92;375.00;15.000;87.77;0.26;26.92;450.00;18.000;105.32;0.31;26.92;800.00;32.000;187.24;0.47;26.92;225.00;9.000;52.66;0.12;26.92;525.00;21.000;122.87;0.30;26.92;875.00;35.000;204.79;0.48;26.92;625.00;25.000;146.28;0.41;26.92;150.00;6.000;35.11;0.12;26.92;350.00;14.000;81.92;0.23;26.92;403.00;15.000;101.36;1.16;28.92;216.00;8.000;54.58;0.20;29.06;432.00;16.000;109.16;0.37;29.06;162.00;6.000;40.93;0.14;29.06;648.00;24.000;163.73;0.32;29.06;702.00;26.000;177.38;0.44;29.06;1078.65;40.000;271.72;0.54;28.97;729.00;27.000;184.20;0.50;29.06;1212.30;45.000;304.65;0.78;28.90;810.00;30.000;204.67;0.54;29.06;513.00;19.000;129.62;0.40;29.06;222.00;8.000;57.78;0.21;29.93;84.00;3.000;20.05;0.07;27.45;222.60;8.000;52.25;0.12;27.00;560.00;20.000;133.68;0.39;27.45;476.00;17.000;113.63;0.40;27.45;672.00;24.000;160.41;0.47;27.45;658.00;23.000;142.35;0.30;24.88;782.73;27.000;171.91;0.36;25.26;318.89;11.000;70.04;0.15;25.26;31.99;1.000;10.15;0.03;36.50;767.76;24.000;243.68;0.60;36.50
33489;ZOOTY TROPICAL SPLASH;7;9362.97;481.000;2052.21;0.12;25.21;300.06;19.000;58.27;0.24;22.33;95.94;6.000;18.91;0.08;22.67;143.91;9.000;28.37;0.08;22.67;196.96;11.000;40.57;0.13;23.69;228.00;12.000;47.92;0.24;24.17;169.10;9.000;34.29;0.21;23.32;342.00;18.000;71.89;0.28;24.17;589.00;31.000;123.81;0.45;24.17;703.00;37.000;147.77;0.43;24.17;456.00;24.000;95.85;0.22;24.17;361.00;19.000;75.88;0.21;24.17;275.00;14.000;60.28;0.16;25.21;440.00;22.000;98.54;0.28;25.76;40.00;2.000;8.96;0.02;25.76;100.00;5.000;22.40;0.08;25.76;40.00;2.000;8.96;0.06;25.76;40.00;2.000;8.96;0.04;25.76;140.00;7.000;31.36;0.09;25.76;140.00;7.000;31.36;0.09;25.76;100.00;5.000;22.40;0.07;25.76;120.00;6.000;26.88;0.07;25.76;300.00;15.000;67.19;0.15;25.76;999.00;50.000;223.10;0.54;25.68;780.00;39.000;174.69;0.41;25.76;320.00;16.000;71.67;0.20;25.76;320.00;16.000;71.67;0.24;25.76;280.00;14.000;62.71;0.18;25.76;210.00;10.000;49.62;0.57;27.17;168.00;8.000;39.70;0.15;27.17;147.00;7.000;34.74;0.12;27.17;168.00;8.000;39.70;0.14;27.17;462.00;22.000;109.17;0.21;27.17;189.00;9.000;44.66;0.11;27.17;0.00;0.000;0.00;0.00;0.00;0.00;0.000;0.00;0.00;0.00;0.00;0.000;0.00;0.00;0.00;0.00;0.000;0.00;0.00;0.00;0.00;0.000;0.00;0.00;0.00;0.00;0.000;0.00;0.00;0.00;0.00;0.000;0.00;0.00;0.00;0.00;0.000;0.00;0.00;0.00;0.00;0.000;0.00;0.00;0.00;0.00;0.000;0.00;0.00;0.00;0.00;0.000;0.00;0.00;0.00;0.00;0.000;0.00;0.00;0.00;0.00;0.000;0.00;0.00;0.00;0.00;0.000;0.00;0.00;0.00;0.00;0.000;0.00;0.00;0.00;0.00;0.000;0.00;0.00;0.00
34328;OREO ICE CREAM SANDWICH;7;24073.60;689.000;5323.63;0.32;25.43;528.85;22.000;105.15;0.43;22.87;149.94;6.000;30.16;0.13;23.13;349.86;14.000;70.37;0.21;23.13;102.00;3.000;23.75;0.08;26.78;204.00;6.000;47.50;0.24;26.78;204.00;6.000;47.50;0.29;26.78;510.00;15.000;118.76;0.46;26.78;678.30;20.000;156.87;0.57;26.60;1054.00;31.000;245.43;0.72;26.78;1122.00;33.000;261.27;0.60;26.78;1632.00;48.000;380.03;1.03;26.78;590.00;17.000;139.84;0.37;27.26;1225.00;35.000;292.42;0.82;27.45;525.00;15.000;125.32;0.34;27.45;105.00;3.000;25.06;0.08;27.45;175.00;5.000;41.77;0.29;27.45;175.00;5.000;41.77;0.18;27.45;245.00;7.000;58.48;0.17;27.45;140.00;4.000;33.42;0.10;27.45;315.00;9.000;75.19;0.22;27.45;1015.00;29.000;242.29;0.61;27.45;910.00;26.000;217.22;0.49;27.45;280.00;8.000;66.84;0.16;27.45;945.00;27.000;225.58;0.53;27.45;525.00;15.000;125.32;0.35;27.45;315.00;9.000;75.19;0.25;27.45;385.00;11.000;91.90;0.26;27.45;105.00;3.000;25.06;0.29;27.45;105.00;3.000;25.06;0.09;27.45;140.00;4.000;33.42;0.11;27.45;0.00;0.000;0.00;0.00;0.00;36.00;1.000;7.02;0.01;22.41;1044.00;29.000;203.47;0.50;22.41;1044.00;29.000;203.47;0.41;22.41;972.00;27.000;189.44;0.51;22.41;251.96;7.000;49.08;0.13;22.40;287.92;8.000;56.06;0.15;22.39;755.79;21.000;147.16;0.45;22.39;395.89;11.000;77.08;0.28;22.39;323.91;9.000;63.07;0.22;22.39;168.00;4.000;43.17;0.10;29.55;546.00;13.000;140.32;0.41;29.55;453.98;11.000;111.76;0.39;28.31;303.92;8.000;58.45;0.17;22.12;569.85;15.000;109.60;0.23;22.12;721.81;19.000;138.83;0.29;22.12;797.79;21.000;153.44;0.32;22.12;265.93;7.000;51.15;0.15;22.12;379.90;10.000;73.07;0.18;22.12
34329;KING CONE BAR ONE;7;23944.18;662.000;6094.72;0.37;29.27;264.00;11.000;62.19;0.26;27.09;96.00;4.000;22.61;0.10;27.09;144.00;6.000;33.92;0.10;27.09;312.00;13.000;73.50;0.24;27.09;264.00;11.000;62.19;0.32;27.09;264.00;11.000;62.19;0.38;27.09;504.00;21.000;118.72;0.46;27.09;504.00;21.000;118.72;0.43;27.09;696.00;29.000;163.95;0.48;27.09;384.00;16.000;90.46;0.21;27.09;1041.77;30.000;449.41;1.22;49.61;303.92;8.000;142.55;0.38;53.94;417.89;11.000;196.01;0.55;53.94;113.97;3.000;28.69;0.08;28.95;227.94;6.000;57.38;0.19;28.95;151.96;4.000;38.25;0.26;28.95;75.98;2.000;19.13;0.08;28.95;189.95;5.000;47.81;0.14;28.95;265.93;7.000;66.94;0.20;28.95;303.92;8.000;76.50;0.23;28.95;531.86;14.000;133.88;0.34;28.95;797.79;21.000;200.82;0.46;28.95;493.87;13.000;124.32;0.30;28.95;303.92;8.000;76.50;0.18;28.95;113.97;3.000;28.69;0.08;28.95;227.94;6.000;57.38;0.19;28.95;189.95;5.000;47.81;0.13;28.95;189.95;5.000;47.81;0.55;28.95;151.96;4.000;38.25;0.14;28.95;113.97;3.000;28.69;0.10;28.95;414.09;11.000;101.89;0.35;28.30;493.88;13.000;124.32;0.24;28.95;1216.00;32.000;306.29;0.75;28.97;1330.00;35.000;313.11;0.62;27.07;608.00;16.000;134.71;0.36;25.48;684.00;18.000;151.55;0.39;25.48;646.00;17.000;143.13;0.38;25.48;494.00;13.000;109.45;0.34;25.48;152.00;4.000;33.68;0.12;25.48;378.10;10.000;82.54;0.29;25.11;453.00;11.000;105.58;0.25;26.80;817.00;19.000;195.15;0.57;27.47;771.85;18.000;183.01;0.64;27.27;728.85;17.000;172.74;0.51;27.26;1247.00;29.000;297.87;0.63;27.47;1505.00;35.000;359.50;0.75;27.47;1118.00;26.000;267.05;0.56;27.47;774.00;18.000;184.88;0.54;27.47;473.00;11.000;112.98;0.28;27.47
34348;BIG DEAL MINT CRUNCH;7;17317.12;1 103.000;4764.59;0.29;31.64;242.00;22.000;62.15;0.26;29.53;77.00;7.000;19.78;0.09;29.53;143.00;13.000;36.73;0.11;29.53;11.00;1.000;2.83;0.01;29.53;33.00;3.000;8.48;0.04;29.53;208.99;20.000;46.93;0.29;25.82;209.00;19.000;53.68;0.21;29.53;379.50;31.000;101.00;0.36;30.61;432.10;30.000;118.85;0.35;31.63;706.87;49.000;195.09;0.45;31.74;449.50;31.000;125.42;0.34;32.09;174.00;12.000;48.55;0.13;32.09;114.55;8.000;31.11;0.09;31.23;71.05;5.000;18.97;0.05;30.70;87.00;6.000;24.27;0.08;32.09;116.00;8.000;32.37;0.22;32.09;203.00;14.000;56.64;0.25;32.09;376.27;26.000;104.55;0.31;31.96;14.50;1.000;4.05;0.01;32.09;476.32;33.000;131.61;0.39;31.78;680.77;47.000;189.52;0.48;32.01;883.77;61.000;246.16;0.56;32.03;377.00;26.000;105.19;0.25;32.09;449.50;31.000;125.42;0.29;32.09;333.50;23.000;93.05;0.26;32.09;261.00;18.000;72.82;0.25;32.09;0.00;0.000;0.00;0.00;0.00;187.77;13.000;51.96;0.59;31.82;72.50;5.000;20.23;0.08;32.09;29.00;2.000;8.09;0.03;32.09;130.50;9.000;36.41;0.12;32.09;390.27;26.000;116.73;0.23;34.40;495.00;30.000;127.82;0.31;29.70;891.00;54.000;230.08;0.46;29.70;377.84;23.000;96.56;0.26;29.39;476.86;29.000;122.14;0.31;29.45;511.50;31.000;132.09;0.35;29.70;313.50;19.000;80.96;0.25;29.70;179.85;11.000;45.43;0.16;29.05;228.52;14.000;57.50;0.20;28.93;212.02;13.000;53.23;0.13;28.87;361.35;22.000;92.30;0.27;29.38;99.00;6.000;25.56;0.09;29.70;472.72;26.000;134.89;0.39;32.81;136.50;7.000;42.00;0.09;35.38;819.00;42.000;252.00;0.52;35.38;1519.04;78.000;403.84;0.85;30.57;544.05;28.000;164.66;0.48;34.81;1359.14;70.000;414.91;1.03;35.11
34349;SHERBET GRANADILLA;7;17799.88;1 431.000;4864.16;0.29;31.43;9.00;1.000;2.17;0.01;27.78;456.10;53.000;97.05;0.43;24.47;151.20;17.000;35.39;0.11;26.92;80.10;9.000;18.78;0.06;26.97;99.00;11.000;23.91;0.12;27.78;0.00;0.000;0.00;0.00;0.00;99.00;11.000;23.91;0.09;27.78;170.10;19.000;40.52;0.15;27.40;234.00;26.000;56.52;0.17;27.78;483.00;42.000;131.10;0.30;31.21;884.35;77.000;239.35;0.65;31.12;184.00;16.000;49.94;0.13;31.21;172.50;15.000;46.82;0.13;31.21;195.50;17.000;53.06;0.14;31.21;34.50;3.000;9.36;0.03;31.21;11.50;1.000;3.12;0.02;31.21;11.50;1.000;3.12;0.01;31.21;23.00;2.000;6.24;0.02;31.21;46.00;4.000;12.49;0.04;31.21;183.43;16.000;49.45;0.15;31.00;217.92;19.000;58.80;0.15;31.03;722.77;63.000;195.14;0.44;31.05;503.69;44.000;135.33;0.33;30.90;745.77;65.000;201.88;0.47;31.13;713.00;62.000;194.22;0.54;31.33;378.35;33.000;102.38;0.35;31.12;276.00;24.000;75.18;0.21;31.33;356.50;31.000;97.11;1.11;31.33;92.00;8.000;25.06;0.09;31.33;309.35;27.000;83.58;0.29;31.07;310.50;27.000;84.58;0.29;31.33;240.92;21.000;65.28;0.13;31.16;521.01;41.000;140.87;0.35;31.09;1192.48;92.000;322.28;0.64;31.08;765.11;59.000;207.00;0.56;31.11;529.99;41.000;142.37;0.37;30.89;571.56;44.000;155.22;0.41;31.23;246.81;19.000;67.03;0.21;31.23;155.88;12.000;42.33;0.15;31.23;168.87;13.000;45.86;0.16;31.23;142.89;11.000;38.80;0.09;31.23;38.97;3.000;10.58;0.03;31.23;77.94;6.000;21.17;0.07;31.23;721.26;49.000;214.08;0.63;34.13;523.89;34.000;159.90;0.34;35.10;589.00;38.000;181.74;0.38;35.48;1377.95;89.000;369.52;0.78;30.84;682.00;44.000;185.65;0.54;31.30;1099.72;71.000;338.88;0.84;35.44
34350;BIG DEAL CARAMEL;7;17923.87;1 148.000;4981.88;0.30;31.96;328.90;30.000;83.79;0.35;29.30;396.00;36.000;101.70;0.45;29.53;209.00;19.000;53.68;0.16;29.53;55.00;5.000;14.13;0.05;29.53;110.00;10.000;28.25;0.14;29.53;218.90;20.000;55.54;0.34;29.18;220.00;20.000;56.50;0.22;29.53;753.00;57.000;204.97;0.74;31.30;767.05;53.000;213.16;0.63;31.96;565.50;39.000;157.78;0.36;32.09;449.50;31.000;125.42;0.34;32.09;290.00;20.000;80.92;0.21;32.09;390.77;27.000;108.60;0.30;31.96;319.00;22.000;89.01;0.24;32.09;159.50;11.000;44.50;0.15;32.09;0.00;0.000;0.00;0.00;0.00;0.00;0.000;0.00;0.00;0.00;0.00;0.000;0.00;0.00;0.00;0.00;0.000;0.00;0.00;0.00;0.00;0.000;0.00;0.00;0.00;0.00;0.000;0.00;0.00;0.00;130.50;9.000;36.41;0.08;32.09;638.00;44.000;178.01;0.43;32.09;435.00;30.000;121.37;0.28;32.09;290.00;20.000;80.92;0.23;32.09;522.00;36.000;145.65;0.49;32.09;290.00;20.000;80.92;0.23;32.09;130.50;9.000;36.41;0.42;32.09;29.00;2.000;8.09;0.03;32.09;145.00;10.000;40.46;0.14;32.09;232.00;16.000;64.73;0.22;32.09;228.77;15.000;70.49;0.14;35.43;478.50;29.000;123.56;0.30;29.70;313.50;19.000;80.96;0.16;29.70;675.67;41.000;173.97;0.47;29.61;709.50;43.000;183.22;0.47;29.70;858.00;52.000;221.56;0.59;29.70;428.18;26.000;110.07;0.34;29.56;148.50;9.000;38.35;0.14;29.70;231.00;14.000;59.65;0.21;29.70;280.50;17.000;72.43;0.17;29.70;346.50;21.000;89.48;0.26;29.70;115.50;7.000;29.83;0.10;29.70;418.04;22.000;125.08;0.37;34.41;409.50;21.000;126.00;0.27;35.38;585.00;30.000;180.00;0.37;35.38;780.00;40.000;213.70;0.45;31.51;975.00;50.000;300.00;0.87;35.38;1868.09;96.000;572.60;1.42;35.25
34351;JCS BOMPIES SINGLE;7;17661.07;12 141.000;5122.95;0.31;33.36;205.20;171.000;65.44;0.27;36.67;108.00;90.000;34.44;0.15;36.67;24.00;20.000;7.65;0.02;36.67;0.00;0.000;0.00;0.00;0.00;0.00;0.000;0.00;0.00;0.00;27.60;23.000;8.80;0.05;36.67;67.20;56.000;21.43;0.08;36.67;40.80;34.000;9.88;0.04;27.85;258.58;210.000;61.61;0.18;27.40;179.20;128.000;55.77;0.13;35.79;323.40;231.000;104.46;0.28;37.14;182.00;130.000;58.78;0.16;37.14;16.80;12.000;5.43;0.02;37.14;19.60;14.000;6.33;0.02;37.14;21.00;15.000;6.78;0.02;37.14;15.40;11.000;4.97;0.03;37.14;5.60;4.000;1.81;0.01;37.14;128.80;92.000;41.60;0.12;37.14;186.20;133.000;60.14;0.18;37.14;238.00;170.000;76.87;0.23;37.14;762.44;545.000;218.34;0.55;32.93;521.92;373.000;148.95;0.34;32.82;728.00;520.000;208.00;0.50;32.86;1149.54;822.000;327.70;0.77;32.78;596.33;426.000;170.34;0.48;32.85;204.40;146.000;58.40;0.20;32.86;131.46;94.000;37.48;0.11;32.78;71.40;51.000;20.40;0.23;32.86;68.60;49.000;19.60;0.07;32.86;89.46;64.000;25.48;0.09;32.75;121.66;87.000;34.68;0.12;32.78;415.80;298.000;117.98;0.23;32.63;766.01;548.000;214.98;0.53;32.27;1055.60;754.000;262.23;0.52;28.57;1121.33;801.000;278.52;0.75;28.56;1156.40;827.000;286.41;0.74;28.48;842.86;556.000;249.42;0.66;34.03;282.16;177.000;91.44;0.28;37.27;154.72;97.000;50.19;0.18;37.30;129.28;81.000;41.98;0.15;37.34;124.40;78.000;40.35;0.10;37.30;91.04;57.000;29.60;0.09;37.39;322.24;202.000;104.55;0.37;37.31;666.88;417.000;217.27;0.64;37.47;780.08;488.000;245.85;0.52;36.24;963.04;602.000;293.04;0.61;34.99;986.88;617.000;300.20;0.64;34.98;645.28;404.000;195.78;0.57;34.89;664.48;416.000;201.62;0.50;34.89
34363;PERFECT I/CREAM CONES;7;20136.82;718.000;4475.07;0.27;25.56;419.80;20.000;86.78;0.36;23.77;103.90;5.000;20.78;0.09;23.00;104.95;5.000;21.70;0.06;23.77;230.89;11.000;47.73;0.16;23.77;83.96;4.000;17.36;0.09;23.77;125.94;6.000;26.04;0.16;23.77;230.89;11.000;47.73;0.18;23.77;805.64;36.000;177.95;0.64;25.40;883.50;35.000;198.70;0.58;25.86;1025.62;38.000;230.97;0.53;25.90;593.78;22.000;133.72;0.36;25.90;350.87;13.000;79.02;0.21;25.90;647.76;24.000;145.88;0.41;25.90;215.92;8.000;48.63;0.13;25.90;133.60;5.000;29.22;0.10;25.15;242.91;9.000;54.70;0.37;25.90;161.94;6.000;36.47;0.16;25.90;134.95;5.000;30.39;0.09;25.90;296.89;11.000;66.86;0.20;25.90;349.52;13.000;77.84;0.23;25.61;1025.62;38.000;230.97;0.58;25.90;998.63;37.000;224.90;0.51;25.90;161.94;6.000;36.47;0.09;25.90;323.88;12.000;72.94;0.17;25.90;485.82;18.000;109.41;0.31;25.90;267.20;10.000;58.43;0.20;25.15;161.94;6.000;36.47;0.10;25.90;80.97;3.000;18.23;0.21;25.90;53.98;2.000;12.16;0.05;25.90;26.99;1.000;6.08;0.02;25.90;0.00;0.000;0.00;0.00;0.00;0.00;0.000;0.00;0.00;0.00;688.27;23.000;148.50;0.36;24.81;1078.14;36.000;233.17;0.46;24.87;239.92;8.000;52.10;0.14;24.98;449.85;15.000;97.70;0.25;24.98;629.79;21.000;136.77;0.36;24.98;269.91;9.000;58.62;0.18;24.98;179.94;6.000;39.08;0.14;24.98;59.98;2.000;13.03;0.05;24.98;29.99;1.000;6.51;0.02;24.98;59.98;2.000;13.03;0.04;24.98;179.94;6.000;39.08;0.14;24.98;899.70;30.000;195.39;0.57;24.98;1313.59;41.000;294.43;0.62;25.78;2005.41;59.000;461.23;0.96;26.45;645.81;19.000;148.53;0.31;26.45;406.18;12.000;92.33;0.27;26.14;270.22;8.000;61.06;0.15;25.99
34821;OLA MAGNUM WHITE ALMOND;7;29400.85;885.000;7094.82;0.43;27.75;364.00;13.000;74.01;0.31;23.38;446.60;16.000;89.87;0.40;23.14;390.60;14.000;78.48;0.23;23.11;112.00;4.000;22.77;0.07;23.38;336.00;12.000;68.31;0.35;23.38;448.00;16.000;100.04;0.61;25.68;87.00;3.000;19.30;0.07;25.51;725.00;25.000;163.08;0.59;25.87;928.00;32.000;206.61;0.61;25.60;1247.00;43.000;299.91;0.69;27.66;1015.00;35.000;258.03;0.70;29.23;870.00;30.000;199.57;0.53;26.38;448.35;15.000;117.69;0.33;30.19;362.88;12.000;81.87;0.22;25.95;164.95;5.000;42.00;0.14;29.28;197.94;6.000;50.40;0.34;29.28;263.92;8.000;67.20;0.30;29.28;395.88;12.000;100.80;0.30;29.28;263.92;8.000;67.20;0.20;29.28;362.89;11.000;92.40;0.27;29.28;758.77;23.000;211.30;0.53;32.03;557.53;17.000;159.49;0.36;32.90;659.80;20.000;170.43;0.41;29.71;560.83;17.000;153.15;0.36;31.40;131.96;4.000;37.25;0.10;32.46;460.21;14.000;128.34;0.43;32.07;428.87;13.000;117.11;0.33;31.40;461.86;14.000;126.12;1.44;31.40;428.87;13.000;117.11;0.44;31.40;395.88;12.000;69.16;0.24;20.09;824.75;25.000;130.91;0.45;18.25;953.04;27.000;201.19;0.39;24.28;1184.00;32.000;290.40;0.71;28.21;1591.00;43.000;414.43;0.83;29.96;962.00;26.000;244.13;0.66;29.18;1215.45;33.000;283.05;0.73;26.78;739.82;20.000;204.70;0.54;31.82;480.87;13.000;120.89;0.37;28.91;184.95;5.000;43.57;0.16;27.09;76.98;2.000;20.84;0.07;31.13;159.96;4.000;51.27;0.12;36.86;184.95;5.000;47.18;0.14;29.34;437.65;12.000;107.10;0.38;28.14;943.05;26.000;228.32;0.67;27.84;912.29;25.000;223.65;0.47;28.19;1430.57;43.000;300.66;0.63;24.17;279.93;7.000;79.26;0.17;32.56;1667.57;43.000;447.47;1.30;30.86;897.51;27.000;166.78;0.41;21.37
35006;YS 2KG;7;576898.40;35 702.000;155805.40;9.40;27.01;17365.60;1 241.000;4955.60;20.49;28.54;12639.90;903.000;3609.90;16.06;28.56;6850.90;490.000;1950.90;5.82;28.48;6239.10;446.000;1779.10;5.81;28.52;7561.90;515.000;2053.90;10.50;27.16;5867.20;367.000;1463.20;8.97;24.94;9690.40;606.000;2418.40;9.34;24.96;13643.20;853.000;3407.20;12.30;24.97;14582.40;912.000;3638.40;10.71;24.95;25283.20;1 581.000;6311.20;14.55;24.96;21812.00;1 364.000;5444.00;14.75;24.96;14955.20;935.000;3735.20;9.88;24.98;11996.80;750.000;2996.80;8.37;24.98;11899.20;744.000;2971.20;8.04;24.97;6541.60;409.000;1633.60;5.51;24.97;5703.20;357.000;1419.20;9.69;24.88;5742.40;359.000;1434.40;6.33;24.98;6556.00;410.000;1636.00;4.89;24.95;9132.00;571.000;2280.00;6.69;24.97;6476.00;405.000;1616.00;4.76;24.95;13057.60;817.000;3253.60;8.19;24.92;22912.80;1 433.000;5716.80;12.98;24.95;16723.20;1 046.000;4171.20;10.04;24.94;14473.60;905.000;3613.60;8.46;24.97;14118.40;883.000;3522.40;9.87;24.95;7644.80;478.000;1908.80;6.47;24.97;11722.40;733.000;2926.40;8.21;24.96;5852.00;366.000;1460.00;16.64;24.95;5260.00;329.000;1312.00;4.89;24.94;6816.00;426.000;1704.00;5.83;25.00;7818.40;489.000;1950.40;6.65;24.95;9812.00;614.000;2444.00;4.77;24.91;12216.00;764.000;3048.00;7.49;24.95;26200.00;1 638.000;6544.00;13.05;24.98;15601.60;976.000;3889.60;10.53;24.93;12896.00;807.000;3280.00;8.43;25.43;14676.00;918.000;4598.00;12.22;31.33;10518.40;658.000;3622.40;11.16;34.44;6313.60;395.000;2267.60;8.23;35.92;5138.80;321.000;1768.80;6.13;34.42;5218.20;290.000;2294.20;5.48;43.97;6568.70;366.000;2340.70;6.82;35.63;7067.50;393.000;2351.50;8.28;33.27;10594.60;590.000;3514.60;10.29;33.17;14664.00;816.000;4872.00;10.34;33.22;22797.90;1 269.000;6807.90;14.17;29.86;20414.60;1 136.000;5769.60;12.21;28.26;13688.70;762.000;3782.70;11.02;27.63;15574.40;866.000;4316.40;10.68;27.71
38851;SPAR PIZZA FRZ BBQ CHIC;7;14941.10;277.000;2602.74;0.16;20.03;1269.65;35.000;124.87;0.52;11.31;351.92;8.000;79.70;0.35;26.04;393.71;9.000;87.75;0.26;25.63;393.92;8.000;91.77;0.30;26.79;197.46;4.000;44.57;0.23;25.96;197.46;4.000;44.57;0.27;25.96;199.96;4.000;46.75;0.18;26.89;0.00;0.000;0.00;0.00;0.00;0.00;0.000;0.00;0.00;0.00;0.00;0.000;0.00;0.00;0.00;0.00;0.000;0.00;0.00;0.00;0.00;0.000;0.00;0.00;0.00;0.00;0.000;0.00;0.00;0.00;829.84;16.000;83.63;0.23;11.59;674.89;11.000;141.85;0.48;24.17;440.93;7.000;95.34;0.65;24.87;440.93;7.000;96.77;0.43;25.24;125.98;2.000;27.65;0.08;25.24;188.97;3.000;41.47;0.12;25.24;125.98;2.000;27.65;0.08;25.24;377.94;6.000;82.94;0.21;25.24;314.95;5.000;69.12;0.16;25.24;125.98;2.000;27.65;0.07;25.24;503.92;8.000;110.59;0.26;25.24;62.99;1.000;13.82;0.04;25.24;188.97;3.000;41.47;0.14;25.24;125.98;2.000;27.65;0.08;25.24;125.98;2.000;27.65;0.32;25.24;371.64;6.000;77.46;0.29;23.97;125.98;2.000;27.65;0.09;25.24;125.98;2.000;27.65;0.09;25.24;0.00;0.000;0.00;0.00;0.00;125.98;2.000;27.65;0.07;25.24;1133.77;23.000;85.88;0.17;8.71;248.81;4.000;52.56;0.14;24.29;125.98;2.000;27.65;0.07;25.24;255.96;4.000;56.49;0.15;25.38;575.91;9.000;127.10;0.39;25.38;127.98;2.000;28.24;0.10;25.38;255.96;4.000;56.49;0.20;25.38;251.96;4.000;53.01;0.13;24.19;188.97;3.000;39.76;0.12;24.19;0.00;0.000;0.00;0.00;0.00;314.95;5.000;66.26;0.19;24.19;314.95;5.000;66.26;0.14;24.19;881.85;15.000;144.00;0.30;18.78;125.98;2.000;26.50;0.06;24.19;545.91;9.000;115.54;0.34;24.34;1184.27;25.000;61.39;0.15;5.96
39739;SPAR PIZZA FRZ HAWAIIA;7;15161.05;284.000;2532.13;0.15;19.21;1504.57;43.000;104.83;0.43;8.01;305.73;7.000;67.82;0.30;25.51;175.96;4.000;39.85;0.12;26.04;531.89;11.000;123.39;0.40;26.68;99.98;2.000;23.37;0.12;26.89;0.00;0.000;0.00;0.00;0.00;0.00;0.000;0.00;0.00;0.00;0.00;0.000;0.00;0.00;0.00;0.00;0.000;0.00;0.00;0.00;0.00;0.000;0.00;0.00;0.00;0.00;0.000;0.00;0.00;0.00;0.00;0.000;0.00;0.00;0.00;0.00;0.000;0.00;0.00;0.00;789.85;15.000;88.73;0.24;12.92;623.90;10.000;133.55;0.45;24.62;377.94;6.000;81.72;0.56;24.87;314.95;5.000;69.12;0.30;25.24;251.96;4.000;55.29;0.17;25.24;440.93;7.000;96.77;0.28;25.24;377.94;6.000;82.94;0.24;25.24;440.93;7.000;96.77;0.24;25.24;440.93;7.000;96.77;0.22;25.24;251.96;4.000;55.29;0.13;25.24;188.97;3.000;41.47;0.10;25.24;314.95;5.000;69.12;0.19;25.24;188.97;3.000;41.47;0.14;25.24;0.00;0.000;0.00;0.00;0.00;125.98;2.000;27.65;0.32;25.24;62.99;1.000;13.82;0.05;25.24;0.00;0.000;0.00;0.00;0.00;0.00;0.000;0.00;0.00;0.00;0.00;0.000;0.00;0.00;0.00;0.00;0.000;0.00;0.00;0.00;845.83;17.000;69.24;0.14;9.41;314.95;5.000;69.12;0.19;25.24;188.97;3.000;41.47;0.11;25.24;191.97;3.000;42.37;0.11;25.38;191.97;3.000;42.37;0.13;25.38;0.00;0.000;0.00;0.00;0.00;255.96;4.000;56.49;0.20;25.38;442.93;7.000;94.50;0.23;24.54;314.95;5.000;66.26;0.19;24.19;188.97;3.000;39.76;0.14;24.19;185.82;3.000;37.02;0.11;22.91;377.94;6.000;79.51;0.17;24.19;629.89;11.000;90.99;0.19;16.61;314.95;5.000;66.26;0.14;24.19;842.86;14.000;176.53;0.51;24.09;2061.81;43.000;150.52;0.37;8.40
40042;GATTI JELLY DREAM;7;6820.46;1 400.000;2005.69;0.12;33.82;111.72;28.000;31.47;0.13;32.40;83.79;21.000;23.60;0.11;32.40;19.95;5.000;5.62;0.02;32.40;7.98;2.000;2.25;0.01;32.40;7.98;2.000;2.25;0.01;32.40;7.98;2.000;2.25;0.01;32.40;63.84;16.000;17.98;0.07;32.40;167.82;38.000;47.31;0.17;32.42;316.80;66.000;94.57;0.28;34.33;182.40;38.000;54.45;0.13;34.33;292.80;61.000;87.41;0.24;34.33;244.80;51.000;73.08;0.19;34.33;0.00;0.000;0.00;0.00;0.00;0.00;0.000;0.00;0.00;0.00;0.00;0.000;0.00;0.00;0.00;4.80;1.000;1.43;0.01;34.33;4.80;1.000;1.43;0.01;34.33;134.40;28.000;40.12;0.12;34.33;33.60;7.000;10.03;0.03;34.33;225.60;47.000;67.35;0.20;34.33;354.24;74.000;105.20;0.26;34.15;191.52;40.000;56.90;0.13;34.17;345.60;72.000;103.17;0.25;34.33;345.60;72.000;103.17;0.24;34.33;225.60;47.000;67.35;0.19;34.33;144.00;30.000;42.99;0.15;34.33;62.16;13.000;18.42;0.05;34.08;14.40;3.000;4.30;0.05;34.33;28.80;6.000;8.60;0.03;34.33;187.20;39.000;55.88;0.19;34.33;76.80;16.000;22.93;0.08;34.33;67.20;14.000;20.06;0.04;34.33;139.20;29.000;38.67;0.10;31.94;168.00;35.000;46.67;0.09;31.94;230.40;48.000;64.00;0.17;31.94;172.80;36.000;48.00;0.12;31.94;148.80;31.000;41.33;0.11;31.94;139.20;29.000;38.67;0.12;31.94;18.72;4.000;4.92;0.02;30.20;9.60;2.000;2.67;0.01;31.94;33.60;7.000;9.33;0.02;31.94;110.40;23.000;30.67;0.09;31.94;148.80;31.000;41.33;0.15;31.94;277.36;54.000;80.49;0.24;33.37;279.40;51.000;84.79;0.18;34.90;357.50;65.000;109.28;0.23;35.15;330.00;60.000;100.87;0.21;35.15;137.50;25.000;42.03;0.12;35.15;165.00;30.000;50.44;0.12;35.15
40137;FRUIT PUNCH;7;3227.70;1 099.000;909.18;0.05;32.39;82.50;33.000;22.31;0.09;31.10;30.00;12.000;8.11;0.04;31.10;17.50;7.000;4.73;0.01;31.10;2.50;1.000;0.68;0.00;31.10;7.50;3.000;2.03;0.01;31.10;7.50;3.000;2.03;0.01;31.10;15.00;6.000;4.06;0.02;31.10;25.00;10.000;6.76;0.02;31.10;55.44;20.000;14.30;0.04;29.65;72.80;26.000;19.22;0.04;30.36;207.20;74.000;54.70;0.15;30.36;86.80;31.000;22.91;0.06;30.36;47.60;17.000;12.57;0.04;30.36;0.00;0.000;0.00;0.00;0.00;0.00;0.000;0.00;0.00;0.00;0.00;0.000;0.00;0.00;0.00;61.60;22.000;16.26;0.07;30.36;109.20;39.000;28.83;0.09;30.36;0.00;0.000;0.00;0.00;0.00;25.20;9.000;6.65;0.02;30.36;120.40;43.000;31.78;0.08;30.36;64.40;23.000;17.00;0.04;30.36;42.00;15.000;11.09;0.03;30.36;112.00;40.000;29.57;0.07;30.36;112.00;40.000;29.57;0.08;30.36;28.00;10.000;7.39;0.03;30.36;0.00;0.000;0.00;0.00;0.00;0.00;0.000;0.00;0.00;0.00;8.40;3.000;2.22;0.01;30.36;53.20;19.000;14.04;0.05;30.36;140.00;50.000;36.96;0.13;30.36;56.00;20.000;14.78;0.03;30.36;72.80;26.000;19.93;0.05;31.48;165.20;59.000;45.22;0.09;31.48;180.04;65.000;48.11;0.13;30.73;86.80;31.000;23.76;0.06;31.48;77.84;28.000;20.97;0.06;30.98;0.00;0.000;0.00;0.00;0.00;25.06;9.000;6.78;0.02;31.09;28.00;10.000;7.66;0.03;31.48;19.60;7.000;5.36;0.01;31.48;25.20;9.000;6.90;0.02;31.48;47.60;17.000;13.03;0.05;31.48;125.82;38.000;40.60;0.12;37.10;112.00;32.000;38.03;0.08;39.05;21.00;6.000;7.13;0.01;39.05;122.50;35.000;37.70;0.08;35.39;290.50;83.000;86.67;0.25;34.31;238.00;68.000;80.81;0.20;39.05
40924;PLAY TIME LOLLY;7;3340.18;966.000;977.18;0.06;33.64;83.72;28.000;23.74;0.10;32.61;53.82;18.000;15.26;0.07;32.61;23.92;8.000;6.78;0.02;32.61;5.98;2.000;1.70;0.01;32.61;11.96;4.000;3.39;0.02;32.61;14.95;5.000;4.24;0.03;32.61;23.92;8.000;6.78;0.03;32.61;84.44;25.000;25.33;0.09;34.49;42.00;12.000;12.78;0.04;35.00;98.00;28.000;29.83;0.07;35.00;21.00;6.000;6.39;0.02;35.00;199.50;57.000;60.72;0.16;35.00;52.50;15.000;15.98;0.04;35.00;31.50;9.000;9.59;0.03;35.00;10.50;3.000;3.20;0.01;35.00;14.00;4.000;4.26;0.03;35.00;17.50;5.000;5.33;0.02;35.00;31.50;9.000;9.59;0.03;35.00;45.50;13.000;13.85;0.04;35.00;49.00;14.000;14.91;0.04;35.00;94.50;27.000;28.76;0.07;35.00;140.00;40.000;42.61;0.10;35.00;140.00;40.000;42.61;0.10;35.00;150.50;43.000;45.80;0.11;35.00;143.50;41.000;43.67;0.12;35.00;35.00;10.000;10.65;0.04;35.00;38.50;11.000;11.72;0.03;35.00;10.50;3.000;3.20;0.04;35.00;7.00;2.000;2.13;0.01;35.00;28.00;8.000;8.52;0.03;35.00;52.50;15.000;15.98;0.05;35.00;107.97;31.000;33.69;0.07;35.88;115.50;33.000;38.26;0.09;38.09;182.00;52.000;60.29;0.12;38.09;70.00;20.000;23.19;0.06;38.09;0.00;0.000;0.00;0.00;0.00;105.00;30.000;34.78;0.09;38.09;3.50;1.000;1.16;0.00;38.09;0.00;0.000;0.00;0.00;0.00;0.00;0.000;0.00;0.00;0.00;0.00;0.000;0.00;0.00;0.00;0.00;0.000;0.00;0.00;0.00;0.00;0.000;0.00;0.00;0.00;0.00;0.000;0.00;0.00;0.00;17.50;5.000;4.93;0.01;32.38;210.00;60.000;59.13;0.12;32.38;283.50;81.000;73.96;0.16;30.00;224.00;64.000;43.62;0.13;22.40;266.00;76.000;74.90;0.19;32.38
41695;FRUIT JUICE BAR;7;2121.62;721.000;611.25;0.04;33.13;65.00;26.000;17.58;0.07;31.10;27.50;11.000;7.44;0.03;31.10;55.00;22.000;14.87;0.04;31.10;5.00;2.000;1.35;0.00;31.10;7.50;3.000;2.03;0.01;31.10;5.00;2.000;1.35;0.01;31.10;0.00;0.000;0.00;0.00;0.00;3.00;1.000;0.91;0.00;35.00;132.00;44.000;40.18;0.12;35.00;177.00;59.000;53.87;0.12;35.00;146.20;51.000;40.66;0.11;31.98;56.00;20.000;14.79;0.04;30.36;22.40;8.000;5.91;0.02;30.36;19.60;7.000;5.17;0.01;30.36;28.00;10.000;7.39;0.02;30.36;28.00;10.000;7.39;0.05;30.36;0.00;0.000;0.00;0.00;0.00;0.00;0.000;0.00;0.00;0.00;0.00;0.000;0.00;0.00;0.00;0.00;0.000;0.00;0.00;0.00;0.00;0.000;0.00;0.00;0.00;0.00;0.000;0.00;0.00;0.00;0.00;0.000;0.00;0.00;0.00;0.00;0.000;0.00;0.00;0.00;0.00;0.000;0.00;0.00;0.00;0.00;0.000;0.00;0.00;0.00;0.00;0.000;0.00;0.00;0.00;0.00;0.000;0.00;0.00;0.00;0.00;0.000;0.00;0.00;0.00;22.40;8.000;5.91;0.02;30.36;16.80;6.000;4.44;0.02;30.36;53.20;19.000;14.19;0.03;30.67;123.06;44.000;33.67;0.08;31.47;95.20;34.000;26.11;0.05;31.55;106.40;39.000;27.52;0.07;29.74;95.20;34.000;26.11;0.07;31.55;114.80;41.000;31.49;0.08;31.55;53.20;19.000;14.59;0.04;31.55;36.40;13.000;9.99;0.04;31.55;11.20;4.000;3.07;0.01;31.55;11.20;4.000;3.07;0.01;31.55;11.20;4.000;3.07;0.01;31.55;8.40;3.000;2.30;0.01;31.55;78.26;28.000;21.38;0.06;31.42;21.00;6.000;7.13;0.02;39.05;129.50;37.000;43.97;0.09;39.05;206.50;59.000;63.99;0.14;35.64;119.00;34.000;37.62;0.11;36.36;31.50;9.000;10.70;0.03;39.05
41878;SPAR PIES PEPPER STEAK;7;71837.51;708.000;8123.73;0.49;13.00;3449.52;48.000;217.25;0.90;7.24;615.93;7.000;136.87;0.61;25.56;3079.63;37.000;266.84;0.80;9.96;2143.75;25.000;188.84;0.62;10.13;618.74;6.000;127.72;0.65;23.74;2239.72;28.000;103.02;0.63;5.29;1327.84;16.000;95.59;0.37;8.28;0.00;0.000;0.00;0.00;0.00;2359.72;28.000;210.82;0.62;10.27;2023.75;25.000;127.03;0.29;7.22;410.76;4.000;83.64;0.23;23.42;514.75;5.000;105.68;0.28;23.61;727.93;7.000;154.29;0.43;24.37;415.96;4.000;88.16;0.24;24.37;365.97;3.000;85.84;0.29;26.97;487.96;4.000;114.45;0.78;26.97;719.94;6.000;132.43;0.58;21.15;1739.81;19.000;102.21;0.31;6.76;809.93;7.000;150.04;0.44;21.30;1999.96;23.000;29.15;0.09;1.68;3139.69;31.000;186.50;0.47;6.83;3179.65;35.000;276.92;0.63;10.02;1319.89;11.000;240.70;0.58;20.97;3859.63;37.000;432.66;1.01;12.89;1899.83;17.000;281.00;0.79;17.01;1559.87;13.000;284.46;0.96;20.97;719.94;6.000;131.29;0.37;20.97;746.94;6.000;130.31;1.49;20.06;1412.44;11.000;253.92;0.95;20.67;902.93;7.000;171.99;0.59;21.91;1853.82;18.000;17.73;0.06;1.10;773.94;6.000;141.56;0.28;21.03;778.94;6.000;139.73;0.34;20.63;779.94;6.000;139.36;0.28;20.55;389.97;3.000;69.68;0.19;20.55;519.96;4.000;92.91;0.24;20.55;1039.92;8.000;185.82;0.49;20.55;1804.84;16.000;179.51;0.55;11.44;649.95;5.000;116.14;0.42;20.55;3089.70;30.000;166.07;0.58;6.18;2989.70;30.000;110.95;0.26;4.27;4610.37;43.000;382.25;1.11;9.53;1540.86;14.000;142.05;0.50;10.60;1095.92;8.000;234.52;0.69;24.61;1018.93;7.000;218.65;0.46;24.68;1028.93;7.000;220.89;0.46;24.69;440.97;3.000;94.67;0.20;24.69;1315.56;9.000;277.61;0.81;24.27;1322.91;9.000;284.00;0.70;24.69
41879;SPAR PIES CHKN & MUSHRM;7;41799.32;399.000;5648.53;0.34;15.54;1453.80;20.000;105.90;0.44;8.38;435.55;5.000;93.94;0.42;24.80;1647.80;20.000;128.36;0.38;8.96;951.89;11.000;89.95;0.29;10.87;415.96;4.000;88.16;0.45;24.37;1002.68;12.000;76.35;0.47;8.76;919.90;10.000;128.60;0.50;16.08;1232.28;12.000;250.93;0.91;23.42;1306.66;14.000;198.05;0.58;17.43;927.89;11.000;83.45;0.19;10.34;722.73;7.000;149.77;0.41;23.83;930.71;9.000;193.85;0.51;23.95;1039.90;10.000;220.41;0.62;24.37;694.94;6.000;162.31;0.44;26.86;115.89;1.000;23.31;0.08;23.13;853.93;7.000;200.29;1.37;26.97;113.99;1.000;16.85;0.07;17.00;779.92;8.000;75.12;0.22;11.08;689.94;6.000;128.16;0.38;21.36;1353.96;15.000;74.48;0.22;6.33;1139.89;11.000;94.99;0.24;9.58;1739.81;19.000;99.46;0.23;6.57;479.96;4.000;87.53;0.21;20.97;1693.84;16.000;201.90;0.47;13.71;1039.91;9.000;170.94;0.48;18.90;599.95;5.000;109.41;0.37;20.97;599.95;5.000;109.41;0.31;20.97;377.97;3.000;69.07;0.79;21.01;386.97;3.000;70.78;0.26;21.03;257.98;2.000;54.03;0.18;24.08;797.92;8.000;-14.73;-0.05;-2.12;644.95;5.000;117.97;0.23;21.03;518.96;4.000;93.28;0.23;20.67;389.97;3.000;69.68;0.14;20.55;1163.41;9.000;203.40;0.55;20.11;519.96;4.000;92.91;0.24;20.55;519.96;4.000;92.91;0.25;20.55;724.93;7.000;33.06;0.10;5.24;983.41;9.000;78.21;0.28;9.15;1059.90;10.000;75.01;0.26;8.14;2199.78;22.000;90.42;0.22;4.73;1547.86;14.000;161.52;0.47;12.00;363.97;3.000;61.64;0.22;19.48;684.95;5.000;146.57;0.43;24.61;561.11;4.000;115.87;0.25;23.75;1014.23;7.000;208.11;0.43;23.60;440.97;3.000;94.67;0.20;24.69;874.59;6.000;182.94;0.53;24.06;881.94;6.000;189.33;0.47;24.69
41880;SPAR PIES STEAK & KIDNEY;7;69126.62;682.000;7807.84;0.47;12.99;3153.57;43.000;253.68;1.05;9.25;1055.88;12.000;234.64;1.04;25.56;3623.55;45.000;153.10;0.46;4.86;2831.67;33.000;250.79;0.82;10.19;519.95;5.000;110.20;0.56;24.37;2607.68;32.000;154.46;0.95;6.81;959.88;12.000;44.15;0.17;5.29;311.97;3.000;66.12;0.24;24.37;1959.77;23.000;188.94;0.56;11.09;1775.79;21.000;162.53;0.37;10.53;623.94;6.000;132.25;0.36;24.37;831.92;8.000;176.33;0.47;24.37;519.95;5.000;110.20;0.31;24.37;780.93;7.000;173.35;0.47;25.53;121.99;1.000;28.61;0.10;26.97;243.98;2.000;57.23;0.39;26.97;239.98;2.000;44.14;0.19;21.15;2519.73;27.000;174.77;0.52;7.98;959.92;8.000;198.01;0.58;23.72;1999.96;23.000;68.39;0.20;3.93;1619.84;16.000;104.20;0.26;7.40;1899.79;21.000;115.97;0.26;7.02;239.98;2.000;43.76;0.11;20.97;3599.64;36.000;319.78;0.75;10.22;1459.87;13.000;219.47;0.61;17.29;1319.89;11.000;240.70;0.82;20.97;719.94;6.000;131.29;0.37;20.97;617.95;5.000;100.60;1.15;18.72;1160.91;9.000;212.34;0.79;21.03;773.94;6.000;144.98;0.50;21.54;1814.82;18.000;-16.18;-0.06;-1.03;380.52;3.000;65.17;0.13;19.70;648.95;5.000;116.50;0.29;20.65;519.96;4.000;92.91;0.19;20.55;389.97;3.000;69.68;0.19;20.55;909.93;7.000;162.59;0.42;20.55;1689.87;13.000;301.96;0.80;20.55;1313.38;12.000;106.16;0.33;9.30;1169.91;9.000;209.05;0.76;20.55;2176.79;21.000;122.63;0.43;6.48;2954.71;29.000;150.38;0.36;5.85;4705.05;45.000;301.06;0.88;7.36;2354.29;21.000;243.72;0.86;11.91;1082.22;8.000;222.60;0.65;23.65;1148.57;8.000;235.20;0.50;23.55;1308.21;9.000;271.22;0.56;23.84;874.59;6.000;182.94;0.39;24.06;1021.58;7.000;214.50;0.62;24.15;1609.54;11.000;340.72;0.84;24.34
43062;SPAR FRZN CAROTS CORN PEA;7;23229.84;446.000;4910.98;0.30;21.14;755.82;18.000;193.97;0.80;25.66;293.93;7.000;75.43;0.34;25.66;545.87;13.000;140.09;0.42;25.66;503.88;12.000;129.31;0.42;25.66;1397.56;44.000;85.36;0.44;6.11;449.90;10.000;116.30;0.71;25.85;314.93;7.000;81.41;0.31;25.85;674.85;15.000;174.45;0.63;25.85;415.92;8.000;110.33;0.32;26.53;207.96;4.000;55.17;0.13;26.53;415.92;8.000;110.33;0.30;26.53;395.93;7.000;102.93;0.27;26.00;779.87;13.000;200.07;0.56;25.65;414.92;8.000;62.63;0.17;15.09;236.96;4.000;58.56;0.20;24.71;479.92;8.000;123.12;0.84;25.65;495.90;10.000;59.28;0.26;11.95;881.84;16.000;176.63;0.53;20.03;719.88;12.000;181.14;0.53;25.16;356.94;6.000;87.57;0.26;24.53;179.97;3.000;45.29;0.11;25.16;419.93;7.000;105.67;0.24;25.16;299.95;5.000;75.48;0.18;25.16;539.91;9.000;135.86;0.32;25.16;1079.82;18.000;271.72;0.76;25.16;868.31;19.000;47.11;0.16;5.43;476.92;8.000;117.76;0.33;24.69;1451.71;29.000;185.88;2.12;12.80;719.88;12.000;181.14;0.67;25.16;1079.82;18.000;284.56;0.97;26.35;236.96;4.000;57.38;0.20;24.22;620.90;10.000;149.51;0.29;24.08;319.95;5.000;75.07;0.18;23.46;447.93;7.000;105.09;0.21;23.46;575.91;9.000;135.12;0.37;23.46;447.93;7.000;105.09;0.27;23.46;703.89;11.000;165.15;0.44;23.46;1256.77;23.000;167.04;0.51;13.29;764.68;12.000;176.96;0.64;23.14;0.00;0.000;0.00;0.00;0.00;0.00;0.000;0.00;0.00;0.00;0.00;0.000;0.00;0.00;0.00;0.00;0.000;0.00;0.00;0.00;0.00;0.000;0.00;0.00;0.00;0.00;0.000;0.00;0.00;0.00;0.00;0.000;0.00;0.00;0.00;0.00;0.000;0.00;0.00;0.00;0.00;0.000;0.00;0.00;0.00;0.00;0.000;0.00;0.00;0.00
43326;SPAR CHIPS SWEET POTATO;7;17108.39;446.000;2718.59;0.16;16.42;226.04;6.000;59.24;0.24;26.21;75.98;2.000;20.38;0.09;26.82;151.96;4.000;40.76;0.12;26.82;0.00;0.000;0.00;0.00;0.00;0.00;0.000;0.00;0.00;0.00;0.00;0.000;0.00;0.00;0.00;0.00;0.000;0.00;0.00;0.00;0.00;0.000;0.00;0.00;0.00;0.00;0.000;0.00;0.00;0.00;0.00;0.000;0.00;0.00;0.00;0.00;0.000;0.00;0.00;0.00;1151.64;36.000;87.14;0.23;7.57;1823.42;58.000;112.57;0.31;6.17;827.74;26.000;61.12;0.17;7.38;839.72;28.000;12.56;0.04;1.50;599.84;16.000;130.82;0.89;21.81;1357.39;41.000;217.72;0.96;16.04;1697.45;55.000;169.92;0.51;10.01;489.74;16.000;42.30;0.12;8.64;0.00;0.000;0.00;0.00;0.00;0.00;0.000;0.00;0.00;0.00;0.00;0.000;0.00;0.00;0.00;0.00;0.000;0.00;0.00;0.00;46.99;1.000;17.81;0.04;37.91;747.14;16.000;280.31;0.79;37.52;324.23;7.000;119.99;0.41;37.01;281.94;6.000;71.63;0.20;25.41;279.59;6.000;62.23;0.71;22.26;368.87;8.000;79.05;0.29;21.43;185.61;4.000;40.70;0.14;21.93;183.26;4.000;38.35;0.13;20.93;183.26;4.000;38.35;0.07;20.93;140.97;3.000;32.29;0.08;22.90;326.58;7.000;72.99;0.15;22.35;187.96;4.000;43.05;0.12;22.90;281.94;6.000;64.58;0.17;22.90;250.55;5.000;48.99;0.13;21.29;300.23;7.000;25.41;0.08;9.73;534.50;10.000;102.51;0.37;22.06;159.27;3.000;29.81;0.10;21.53;371.93;7.000;75.19;0.18;23.25;101.38;2.000;19.28;0.06;21.87;540.90;10.000;103.73;0.37;22.05;602.14;11.000;117.60;0.34;22.46;437.17;8.000;84.88;0.18;22.33;379.43;7.000;71.58;0.15;21.69;486.66;9.000;91.00;0.19;21.50;164.97;3.000;32.73;0.10;22.81;0.00;0.000;0.00;0.00;0.00
44665;C/BURY 5 STAR STICK;7;8842.30;316.000;2101.72;0.13;27.33;210.00;10.000;45.86;0.19;25.12;189.00;9.000;41.28;0.18;25.12;42.00;2.000;9.17;0.03;25.12;23.75;1.000;4.28;0.01;20.74;0.00;0.000;0.00;0.00;0.00;50.00;2.000;10.74;0.07;24.71;425.00;17.000;91.31;0.35;24.71;275.00;11.000;59.08;0.21;24.71;275.00;11.000;61.72;0.18;25.81;225.00;9.000;48.34;0.11;24.71;300.00;12.000;64.45;0.17;24.71;285.75;11.000;65.07;0.17;26.19;513.00;19.000;125.97;0.35;28.24;216.00;8.000;53.04;0.14;28.24;81.00;3.000;19.89;0.07;28.24;54.00;2.000;13.26;0.09;28.24;81.00;3.000;19.89;0.09;28.24;432.00;16.000;106.08;0.32;28.24;135.00;5.000;33.15;0.10;28.24;243.00;9.000;59.67;0.18;28.24;162.00;6.000;39.78;0.10;28.24;162.00;6.000;39.78;0.09;28.24;297.00;11.000;72.93;0.18;28.24;50.99;2.000;11.46;0.03;25.84;143.94;6.000;28.97;0.08;23.15;48.98;2.000;10.53;0.04;24.72;249.90;10.000;56.98;0.16;26.22;78.99;3.000;18.14;0.21;26.41;135.00;5.000;33.15;0.12;28.24;405.00;15.000;99.45;0.34;28.24;27.00;1.000;6.63;0.02;28.24;0.00;0.000;0.00;0.00;0.00;0.00;0.000;0.00;0.00;0.00;0.00;0.000;0.00;0.00;0.00;0.00;0.000;0.00;0.00;0.00;0.00;0.000;0.00;0.00;0.00;0.00;0.000;0.00;0.00;0.00;0.00;0.000;0.00;0.00;0.00;0.00;0.000;0.00;0.00;0.00;0.00;0.000;0.00;0.00;0.00;0.00;0.000;0.00;0.00;0.00;0.00;0.000;0.00;0.00;0.00;102.00;3.000;25.34;0.09;28.56;374.00;11.000;92.90;0.27;28.56;238.00;7.000;59.12;0.13;28.56;306.00;9.000;76.01;0.16;28.56;544.00;16.000;135.12;0.29;28.56;646.00;19.000;160.46;0.47;28.56;816.00;24.000;202.69;0.50;28.56
44879;GATTI NEOPILITAN TUB;7;11111.44;516.000;2850.31;0.17;29.50;232.07;13.000;63.42;0.26;31.43;125.93;7.000;34.99;0.16;31.95;35.98;2.000;10.00;0.03;31.95;53.97;3.000;15.00;0.05;31.95;197.89;11.000;54.98;0.28;31.95;161.91;9.000;44.99;0.28;31.95;143.02;8.000;39.21;0.15;31.53;466.84;26.000;129.18;0.47;31.82;973.55;45.000;253.62;0.75;29.96;460.69;21.000;118.70;0.27;29.63;219.90;10.000;56.98;0.15;29.80;87.96;4.000;22.79;0.06;29.80;65.97;3.000;17.09;0.05;29.80;175.92;8.000;45.59;0.12;29.80;87.96;4.000;22.79;0.08;29.80;87.96;4.000;22.79;0.16;29.80;0.00;0.000;0.00;0.00;0.00;21.99;1.000;5.70;0.02;29.80;20.89;1.000;4.74;0.01;26.10;283.67;13.000;72.16;0.21;29.25;417.81;19.000;108.26;0.27;29.80;657.50;30.000;169.03;0.38;29.56;175.92;8.000;45.59;0.11;29.80;461.79;21.000;125.59;0.29;31.28;219.90;10.000;56.98;0.16;29.80;174.82;8.000;44.63;0.15;29.36;131.94;6.000;34.19;0.10;29.80;285.87;13.000;74.08;0.84;29.80;307.86;14.000;79.77;0.30;29.80;0.00;0.000;0.00;0.00;0.00;87.96;4.000;22.79;0.08;29.80;307.86;14.000;78.89;0.15;29.47;0.00;0.000;0.00;0.00;0.00;483.78;22.000;115.65;0.23;27.49;392.52;18.000;91.76;0.25;26.88;305.66;14.000;71.69;0.18;26.97;284.77;13.000;67.38;0.18;27.21;65.97;3.000;15.77;0.05;27.49;152.83;7.000;35.84;0.13;26.97;131.94;6.000;31.54;0.11;27.49;21.99;1.000;5.26;0.01;27.49;131.94;6.000;31.54;0.09;27.49;87.96;4.000;21.03;0.07;27.49;503.57;23.000;119.00;0.35;27.18;174.82;8.000;41.10;0.09;27.04;416.71;19.000;98.93;0.21;27.30;173.93;7.000;44.72;0.09;29.57;363.86;14.000;103.36;0.30;32.67;285.89;11.000;81.21;0.20;32.67
45086;ZOOTY PIE CHOCSTICK;7;3686.95;276.000;858.56;0.05;26.78;228.00;19.000;51.43;0.21;25.94;204.00;17.000;46.02;0.20;25.94;60.00;5.000;13.53;0.04;25.94;39.00;3.000;8.43;0.03;24.84;208.00;16.000;44.93;0.23;24.84;65.00;5.000;14.04;0.09;24.84;247.00;19.000;53.36;0.21;24.84;90.35;7.000;19.09;0.07;24.30;104.00;8.000;22.47;0.07;24.84;182.00;14.000;39.32;0.09;24.84;221.00;17.000;47.74;0.13;24.84;382.00;28.000;89.97;0.24;27.08;96.60;7.000;22.85;0.06;27.20;56.00;4.000;13.75;0.04;28.24;56.00;4.000;13.75;0.05;28.24;56.00;4.000;13.75;0.09;28.24;126.00;9.000;30.94;0.14;28.24;98.00;7.000;24.07;0.07;28.24;112.00;8.000;27.50;0.08;28.24;140.00;10.000;34.38;0.10;28.24;168.00;12.000;41.25;0.10;28.24;70.00;5.000;17.19;0.04;28.24;336.00;24.000;82.51;0.20;28.24;238.00;17.000;58.44;0.14;28.24;14.00;1.000;3.44;0.01;28.24;0.00;0.000;0.00;0.00;0.00;0.00;0.000;0.00;0.00;0.00;30.00;2.000;8.13;0.09;31.18;15.00;1.000;4.07;0.02;31.18;45.00;3.000;12.20;0.04;31.18;0.00;0.000;0.00;0.00;0.00;0.00;0.000;0.00;0.00;0.00;0.00;0.000;0.00;0.00;0.00;0.00;0.000;0.00;0.00;0.00;0.00;0.000;0.00;0.00;0.00;0.00;0.000;0.00;0.00;0.00;0.00;0.000;0.00;0.00;0.00;0.00;0.000;0.00;0.00;0.00;0.00;0.000;0.00;0.00;0.00;0.00;0.000;0.00;0.00;0.00;0.00;0.000;0.00;0.00;0.00;0.00;0.000;0.00;0.00;0.00;0.00;0.000;0.00;0.00;0.00;0.00;0.000;0.00;0.00;0.00;0.00;0.000;0.00;0.00;0.00;0.00;0.000;0.00;0.00;0.00;0.00;0.000;0.00;0.00;0.00;0.00;0.000;0.00;0.00;0.00;0.00;0.000;0.00;0.00;0.00
45231;GATTI VANILLA TUB 500ML;7;7273.97;328.000;1849.85;0.11;29.25;0.00;0.000;0.00;0.00;0.00;0.00;0.000;0.00;0.00;0.00;0.00;0.000;0.00;0.00;0.00;0.00;0.000;0.00;0.00;0.00;0.00;0.000;0.00;0.00;0.00;0.00;0.000;0.00;0.00;0.00;0.00;0.000;0.00;0.00;0.00;196.99;11.000;54.20;0.20;31.64;238.98;12.000;57.84;0.17;27.83;271.82;13.000;61.85;0.14;26.17;0.00;0.000;0.00;0.00;0.00;0.00;0.000;0.00;0.00;0.00;0.00;0.000;0.00;0.00;0.00;0.00;0.000;0.00;0.00;0.00;0.00;0.000;0.00;0.00;0.00;0.00;0.000;0.00;0.00;0.00;175.92;8.000;45.58;0.20;29.80;195.71;9.000;49.37;0.15;29.01;130.84;6.000;33.23;0.10;29.21;415.61;19.000;106.35;0.31;29.43;262.78;12.000;67.42;0.17;29.50;614.62;28.000;158.58;0.36;29.67;218.80;10.000;56.02;0.13;29.44;504.67;23.000;130.09;0.30;29.64;241.89;11.000;62.68;0.18;29.80;0.00;0.000;0.00;0.00;0.00;0.00;0.000;0.00;0.00;0.00;0.00;0.000;0.00;0.00;0.00;0.00;0.000;0.00;0.00;0.00;0.00;0.000;0.00;0.00;0.00;0.00;0.000;0.00;0.00;0.00;0.00;0.000;0.00;0.00;0.00;305.66;14.000;77.86;0.19;29.29;614.62;28.000;154.71;0.31;28.95;372.73;17.000;88.41;0.24;27.28;502.47;23.000;118.04;0.30;27.02;461.79;21.000;110.40;0.29;27.49;87.96;4.000;21.03;0.06;27.49;87.96;4.000;21.03;0.08;27.49;43.98;2.000;10.51;0.04;27.49;131.94;6.000;31.54;0.08;27.49;87.96;4.000;21.03;0.06;27.49;43.98;2.000;10.51;0.04;27.49;0.00;0.000;0.00;0.00;0.00;388.55;15.000;109.61;0.23;32.44;363.86;14.000;103.36;0.22;32.67;181.93;7.000;51.68;0.11;32.67;0.00;0.000;0.00;0.00;0.00;129.95;5.000;36.91;0.09;32.67
45656;NICEE NILLA;7;7534.08;668.000;2016.90;0.12;30.79;0.00;0.000;0.00;0.00;0.00;0.00;0.000;0.00;0.00;0.00;53.94;6.000;14.09;0.04;30.05;17.98;2.000;4.70;0.02;30.05;89.90;10.000;23.49;0.12;30.05;197.78;22.000;51.68;0.32;30.05;0.00;0.000;0.00;0.00;0.00;0.00;0.000;0.00;0.00;0.00;219.80;20.000;58.02;0.17;30.36;362.67;33.000;95.74;0.22;30.36;76.93;7.000;20.31;0.06;30.36;218.15;20.000;56.59;0.15;29.83;219.25;20.000;57.55;0.16;30.18;54.95;5.000;14.51;0.04;30.36;65.94;6.000;17.41;0.06;30.36;131.88;12.000;34.81;0.24;30.36;43.96;4.000;11.60;0.05;30.36;142.87;13.000;37.72;0.11;30.36;65.94;6.000;17.41;0.05;30.36;153.31;14.000;40.14;0.12;30.11;417.62;38.000;110.24;0.28;30.36;109.90;10.000;29.01;0.07;30.36;504.99;46.000;132.98;0.32;30.28;263.76;24.000;69.63;0.16;30.36;109.90;10.000;29.01;0.08;30.36;373.66;34.000;98.64;0.33;30.36;362.67;33.000;95.74;0.27;30.36;54.95;5.000;14.51;0.17;30.36;252.77;23.000;66.73;0.25;30.36;219.80;20.000;58.02;0.20;30.36;76.93;7.000;20.31;0.07;30.36;219.80;20.000;53.88;0.11;28.19;362.14;31.000;92.51;0.23;29.38;503.58;42.000;136.59;0.27;31.19;227.22;19.000;61.28;0.17;31.01;203.83;17.000;55.29;0.14;31.19;179.85;15.000;48.78;0.13;31.19;287.16;24.000;77.53;0.24;31.05;35.37;3.000;9.23;0.03;30.03;23.38;2.000;5.98;0.02;29.43;0.00;0.000;0.00;0.00;0.00;0.00;0.000;0.00;0.00;0.00;0.00;0.000;0.00;0.00;0.00;0.00;0.000;0.00;0.00;0.00;0.00;0.000;0.00;0.00;0.00;0.00;0.000;0.00;0.00;0.00;0.00;0.000;0.00;0.00;0.00;55.96;4.000;17.36;0.05;35.67;573.59;41.000;177.90;0.44;35.67
46663;SPAR RUSSIANS IQF SMOKEY;7;41909.93;627.000;8677.39;0.52;23.81;1042.81;19.000;60.39;0.25;6.66;559.92;8.000;171.55;0.76;35.23;209.97;3.000;64.33;0.19;35.23;1229.77;23.000;162.78;0.53;15.22;1705.74;26.000;458.42;2.34;30.91;959.82;18.000;84.58;0.52;10.13;449.91;9.000;12.15;0.05;3.10;769.89;11.000;235.89;0.85;35.23;626.41;9.000;189.95;0.56;34.87;629.91;9.000;193.00;0.44;35.23;766.39;11.000;232.84;0.63;34.94;209.97;3.000;64.33;0.17;35.23;69.99;1.000;21.44;0.06;35.23;969.83;17.000;135.34;0.37;16.05;626.41;9.000;189.95;0.64;34.87;2146.15;35.000;364.96;2.49;19.56;279.96;4.000;85.78;0.38;35.23;559.92;8.000;171.55;0.51;35.23;629.91;9.000;193.00;0.57;35.23;349.95;5.000;107.22;0.32;35.23;839.88;12.000;257.33;0.65;35.23;139.98;2.000;42.89;0.10;35.23;839.88;12.000;257.33;0.62;35.23;1189.83;17.000;364.55;0.85;35.23;909.87;13.000;278.77;0.78;35.23;1049.85;15.000;321.66;1.09;35.23;976.36;14.000;228.04;0.64;26.86;1409.78;22.000;168.60;1.92;13.75;1679.76;24.000;307.25;1.14;21.03;1599.75;25.000;211.92;0.72;15.23;1634.76;24.000;274.20;0.93;19.29;1186.81;19.000;138.26;0.27;13.40;2172.17;33.000;318.61;0.78;16.87;364.95;5.000;74.26;0.15;23.40;1167.84;16.000;237.63;0.64;23.40;1094.85;15.000;222.78;0.57;23.40;1532.79;21.000;311.89;0.83;23.40;868.58;12.000;171.87;0.53;22.76;791.94;11.000;153.85;0.56;22.34;941.57;13.000;186.73;0.65;22.81;503.63;7.000;97.62;0.23;22.29;645.96;9.000;124.15;0.36;22.10;218.97;3.000;44.56;0.16;23.40;437.94;6.000;89.11;0.26;23.40;437.94;6.000;89.11;0.19;23.40;583.92;8.000;118.81;0.25;23.40;948.87;13.000;193.07;0.41;23.40;364.95;5.000;74.26;0.22;23.40;583.92;8.000;118.81;0.29;23.40
46678;MCCAIN CRISPERS V CUT;7;20773.16;339.000;4064.08;0.25;22.50;497.90;10.000;121.90;0.50;28.15;242.50;5.000;54.62;0.24;25.90;489.90;10.000;113.49;0.34;26.64;342.93;7.000;79.45;0.26;26.64;440.91;9.000;102.33;0.52;26.69;538.89;11.000;126.83;0.78;27.07;0.00;0.000;0.00;0.00;0.00;0.00;0.000;0.00;0.00;0.00;0.00;0.000;0.00;0.00;0.00;1239.07;23.000;265.67;0.61;24.66;1349.75;25.000;288.89;0.78;24.61;0.00;0.000;0.00;0.00;0.00;0.00;0.000;0.00;0.00;0.00;0.00;0.000;0.00;0.00;0.00;0.00;0.000;0.00;0.00;0.00;0.00;0.000;0.00;0.00;0.00;0.00;0.000;0.00;0.00;0.00;1565.71;29.000;321.83;0.96;23.64;710.88;12.000;127.59;0.37;20.64;1076.82;18.000;192.28;0.57;20.53;1039.84;16.000;185.55;0.47;20.52;519.92;8.000;92.78;0.21;20.52;507.92;8.000;82.88;0.20;18.77;248.96;4.000;40.02;0.09;18.49;593.91;9.000;113.59;0.32;21.99;725.89;11.000;138.83;0.47;21.99;722.59;11.000;132.33;0.37;21.06;659.90;10.000;114.10;1.30;19.88;791.88;12.000;136.92;0.51;19.88;725.89;11.000;125.51;0.43;19.88;139.98;2.000;25.30;0.09;20.79;705.90;10.000;130.51;0.25;21.26;791.89;11.000;153.82;0.38;22.34;1151.84;16.000;223.74;0.45;22.34;359.95;5.000;69.92;0.19;22.34;647.91;9.000;125.86;0.32;22.34;719.90;10.000;139.84;0.37;22.34;431.94;6.000;83.90;0.26;22.34;143.98;2.000;27.97;0.10;22.34;287.96;4.000;55.94;0.19;22.34;359.95;5.000;69.92;0.17;22.34;0.00;0.000;0.00;0.00;0.00;0.00;0.000;0.00;0.00;0.00;0.00;0.000;0.00;0.00;0.00;0.00;0.000;0.00;0.00;0.00;0.00;0.000;0.00;0.00;0.00;0.00;0.000;0.00;0.00;0.00;0.00;0.000;0.00;0.00;0.00;0.00;0.000;0.00;0.00;0.00
46807;OLA PADDLEPOP TORNADO EXOTIC;7;23455.91;1 211.000;5704.10;0.34;27.97;986.00;58.000;206.14;0.85;24.04;492.15;29.000;102.33;0.46;23.91;391.00;23.000;81.75;0.24;24.04;238.00;14.000;49.76;0.16;24.04;289.00;17.000;60.42;0.31;24.04;323.00;19.000;67.53;0.41;24.04;90.00;5.000;19.96;0.08;25.51;576.00;32.000;127.77;0.46;25.51;270.00;15.000;59.89;0.18;25.51;504.00;28.000;111.80;0.26;25.51;468.00;26.000;103.81;0.28;25.51;576.00;32.000;127.77;0.34;25.51;0.00;0.000;0.00;0.00;0.00;39.98;2.000;10.34;0.03;29.73;319.84;16.000;82.70;0.28;29.73;139.93;7.000;36.18;0.25;29.73;379.81;19.000;98.20;0.43;29.73;719.64;36.000;186.06;0.56;29.73;419.79;21.000;108.54;0.32;29.73;439.78;22.000;113.71;0.34;29.73;719.64;36.000;186.06;0.47;29.73;819.59;41.000;213.37;0.48;29.94;919.54;46.000;221.61;0.53;27.72;419.79;21.000;108.54;0.25;29.73;899.55;45.000;232.58;0.65;29.73;319.84;16.000;82.70;0.28;29.73;378.81;19.000;97.33;0.27;29.55;259.87;13.000;67.19;0.77;29.73;59.97;3.000;15.51;0.06;29.73;639.68;32.000;153.30;0.52;27.56;259.87;13.000;62.28;0.21;27.56;917.84;46.000;218.89;0.43;27.43;1080.00;54.000;259.79;0.64;27.66;1860.00;93.000;473.09;0.94;29.25;2000.00;100.000;479.93;1.30;27.60;860.00;43.000;206.37;0.53;27.60;1260.00;63.000;302.36;0.80;27.60;500.00;25.000;119.98;0.37;27.60;740.00;37.000;177.58;0.64;27.60;500.00;25.000;119.98;0.42;27.60;340.00;17.000;135.10;0.32;45.70;40.00;2.000;15.89;0.05;45.70;0.00;0.000;0.00;0.00;0.00;0.00;0.000;0.00;0.00;0.00;0.00;0.000;0.00;0.00;0.00;0.00;0.000;0.00;0.00;0.00;0.00;0.000;0.00;0.00;0.00;0.00;0.000;0.00;0.00;0.00;0.00;0.000;0.00;0.00;0.00
46808;PADDLEPOP TUBE ORANGE/MANGO;7;24560.61;1 297.000;6597.21;0.40;30.89;408.00;24.000;85.30;0.35;24.04;271.15;16.000;56.13;0.25;23.80;272.00;16.000;56.87;0.17;24.04;102.00;6.000;21.33;0.07;24.04;170.00;10.000;35.54;0.18;24.04;204.00;12.000;42.65;0.26;24.04;234.00;13.000;51.91;0.20;25.51;234.00;13.000;51.91;0.19;25.51;252.00;14.000;55.90;0.16;25.51;414.00;23.000;91.83;0.21;25.51;576.00;32.000;127.77;0.35;25.51;342.00;19.000;75.86;0.20;25.51;792.00;44.000;176.73;0.49;25.66;517.75;26.000;124.11;0.34;27.57;59.97;3.000;14.37;0.05;27.56;159.92;8.000;41.35;0.28;29.73;379.81;19.000;98.20;0.43;29.73;179.91;9.000;46.52;0.14;29.73;479.76;24.000;124.04;0.36;29.73;519.74;26.000;134.38;0.40;29.73;279.86;14.000;72.36;0.18;29.73;499.75;25.000;130.11;0.30;29.94;519.74;26.000;125.80;0.30;27.83;999.50;50.000;241.42;0.57;27.78;459.77;23.000;118.87;0.33;29.73;279.86;14.000;72.36;0.25;29.73;299.85;15.000;77.53;0.22;29.73;219.89;11.000;56.85;0.65;29.73;59.97;3.000;15.51;0.06;29.73;339.83;17.000;81.44;0.28;27.56;379.81;19.000;91.02;0.31;27.56;779.87;39.000;187.06;0.37;27.58;820.00;41.000;200.55;0.49;28.13;1278.00;64.000;325.56;0.65;29.30;1340.00;67.000;321.56;0.87;27.60;1280.00;64.000;307.16;0.79;27.60;900.00;45.000;215.97;0.57;27.60;320.00;16.000;76.79;0.24;27.60;260.00;13.000;62.39;0.23;27.60;180.00;9.000;43.19;0.15;27.60;0.00;0.000;0.00;0.00;0.00;240.00;12.000;95.37;0.28;45.70;660.00;33.000;262.26;0.92;45.70;755.59;46.000;223.17;0.65;33.97;972.99;61.000;285.57;0.61;33.75;972.45;55.000;332.98;0.69;39.38;755.80;40.000;288.52;0.61;43.90;808.67;46.000;277.54;0.81;39.47;1331.40;72.000;495.61;1.23;42.81
46809;OLA PADDLEPOP TUBE PN/RASP;7;27759.25;1 482.000;7333.05;0.44;30.38;714.00;42.000;149.28;0.62;24.04;272.00;16.000;56.87;0.25;24.04;475.15;28.000;98.78;0.29;23.91;391.00;23.000;81.75;0.27;24.04;340.00;20.000;71.08;0.36;24.04;170.00;10.000;35.54;0.22;24.04;144.00;8.000;31.94;0.12;25.51;630.00;35.000;139.75;0.50;25.51;504.00;28.000;111.80;0.33;25.51;756.00;42.000;167.70;0.39;25.51;1008.00;56.000;223.60;0.61;25.51;918.00;51.000;203.63;0.54;25.51;198.00;11.000;43.92;0.12;25.51;155.94;8.000;37.43;0.10;27.60;419.79;21.000;100.60;0.34;27.56;199.90;10.000;49.80;0.34;28.65;218.89;11.000;55.98;0.25;29.41;379.81;19.000;98.20;0.29;29.73;358.82;18.000;92.16;0.27;29.54;859.57;43.000;222.24;0.66;29.73;659.67;33.000;170.56;0.43;29.73;539.73;27.000;140.51;0.32;29.94;1199.40;60.000;288.68;0.69;27.68;239.88;12.000;58.62;0.14;28.10;439.78;22.000;113.71;0.32;29.73;539.73;27.000;139.55;0.47;29.73;79.96;4.000;20.67;0.06;29.73;119.94;6.000;31.01;0.35;29.73;259.87;13.000;67.19;0.25;29.73;419.79;21.000;101.74;0.35;27.87;419.79;21.000;100.60;0.34;27.56;659.67;33.000;158.09;0.31;27.56;1078.00;54.000;260.57;0.64;27.80;399.00;20.000;101.41;0.20;29.23;640.00;32.000;153.58;0.42;27.60;1340.00;67.000;321.56;0.83;27.60;1280.00;64.000;307.16;0.82;27.60;640.00;32.000;153.58;0.47;27.60;360.00;18.000;86.39;0.31;27.60;200.00;10.000;47.99;0.17;27.60;140.00;7.000;55.63;0.13;45.70;400.00;20.000;158.94;0.46;45.70;660.00;33.000;262.26;0.92;45.70;807.52;50.000;229.99;0.67;32.75;1277.60;80.000;374.12;0.79;33.68;1041.36;64.000;317.54;0.66;35.07;853.60;45.000;328.04;0.69;44.19;1094.49;60.000;398.96;1.16;41.92;857.60;47.000;312.35;0.77;41.88
48164;SPAR CHIPS STEAKHOUSE;7;17682.74;354.000;3535.10;0.21;22.99;0.00;0.000;0.00;0.00;0.00;0.00;0.000;0.00;0.00;0.00;274.46;7.000;59.58;0.18;24.97;157.96;4.000;35.03;0.11;25.50;473.88;12.000;105.08;0.54;25.50;315.92;8.000;70.05;0.43;25.50;829.29;21.000;183.89;0.71;25.50;315.92;8.000;70.05;0.25;25.50;0.00;0.000;0.00;0.00;0.00;0.00;0.000;0.00;0.00;0.00;0.00;0.000;0.00;0.00;0.00;0.00;0.000;0.00;0.00;0.00;0.00;0.000;0.00;0.00;0.00;0.00;0.000;0.00;0.00;0.00;0.00;0.000;0.00;0.00;0.00;0.00;0.000;0.00;0.00;0.00;0.00;0.000;0.00;0.00;0.00;0.00;0.000;0.00;0.00;0.00;0.00;0.000;0.00;0.00;0.00;0.00;0.000;0.00;0.00;0.00;0.00;0.000;0.00;0.00;0.00;797.34;16.000;141.20;0.32;20.37;944.81;19.000;165.91;0.40;20.19;647.37;13.000;114.32;0.27;20.31;599.88;12.000;107.53;0.30;20.61;599.88;12.000;107.53;0.36;20.61;549.89;11.000;98.57;0.28;20.61;599.88;12.000;107.53;1.23;20.61;447.41;9.000;78.47;0.29;20.17;447.41;9.000;78.47;0.27;20.17;1049.79;21.000;188.18;0.64;20.61;822.64;16.000;160.11;0.31;22.38;809.85;15.000;179.97;0.44;25.56;429.22;8.000;93.63;0.19;25.09;699.17;13.000;153.62;0.42;25.27;161.97;3.000;35.99;0.09;25.56;431.92;8.000;95.98;0.26;25.56;269.95;5.000;59.99;0.18;25.56;647.88;12.000;143.97;0.52;25.56;701.87;13.000;155.97;0.54;25.56;485.91;9.000;107.98;0.26;25.56;480.51;9.000;103.28;0.30;24.72;53.99;1.000;12.00;0.04;25.56;659.88;12.000;130.90;0.38;22.81;0.00;0.000;0.00;0.00;0.00;0.00;0.000;0.00;0.00;0.00;1209.78;22.000;239.99;0.51;22.81;604.89;11.000;119.99;0.35;22.81;162.22;3.000;30.33;0.08;21.50
48343;SPAR BURGER CHIC & BEEF;7;21037.09;526.000;4254.77;0.26;23.26;0.00;0.000;0.00;0.00;0.00;0.00;0.000;0.00;0.00;0.00;0.00;0.000;0.00;0.00;0.00;0.00;0.000;0.00;0.00;0.00;0.00;0.000;0.00;0.00;0.00;0.00;0.000;0.00;0.00;0.00;0.00;0.000;0.00;0.00;0.00;0.00;0.000;0.00;0.00;0.00;0.00;0.000;0.00;0.00;0.00;0.00;0.000;0.00;0.00;0.00;397.90;10.000;87.82;0.24;25.38;557.86;14.000;123.65;0.33;25.49;359.91;9.000;80.61;0.23;25.76;1239.60;40.000;91.70;0.25;8.51;199.95;5.000;44.78;0.15;25.76;1039.68;32.000;115.11;0.79;12.73;1445.57;43.000;193.99;0.86;15.43;359.91;9.000;81.75;0.24;26.12;319.92;8.000;72.67;0.21;26.12;479.88;12.000;109.01;0.32;26.12;1109.73;27.000;261.48;0.66;27.10;595.86;14.000;143.71;0.33;27.74;730.83;17.000;176.55;0.42;27.78;687.84;16.000;166.16;0.39;27.78;300.93;7.000;72.70;0.20;27.78;300.93;7.000;72.70;0.25;27.78;642.70;15.000;153.91;0.43;27.54;853.74;26.000;79.34;0.90;10.69;687.84;16.000;166.16;0.62;27.78;558.87;13.000;141.49;0.48;29.11;220.95;5.000;54.90;0.19;28.57;267.69;6.000;63.06;0.12;27.09;359.92;8.000;84.32;0.21;26.94;404.91;9.000;93.98;0.19;26.69;359.92;8.000;83.54;0.23;26.69;179.96;4.000;41.77;0.11;26.69;629.86;14.000;146.19;0.39;26.69;539.88;12.000;125.30;0.39;26.69;494.89;11.000;114.86;0.42;26.69;977.74;26.000;146.85;0.51;17.27;584.87;13.000;135.75;0.32;26.69;404.91;9.000;93.98;0.27;26.69;312.68;7.000;71.14;0.25;26.16;404.91;9.000;93.98;0.28;26.69;404.91;9.000;93.98;0.20;26.69;449.90;10.000;104.42;0.22;26.69;359.92;8.000;83.54;0.18;26.69;494.89;11.000;114.86;0.33;26.69;314.93;7.000;73.09;0.18;26.69
48396;SPAR PIES ROAST CHICKEN;7;36775.51;342.000;4815.20;0.29;15.06;0.00;0.000;0.00;0.00;0.00;0.00;0.000;0.00;0.00;0.00;0.00;0.000;0.00;0.00;0.00;0.00;0.000;0.00;0.00;0.00;415.96;4.000;88.16;0.45;24.37;1106.67;13.000;98.39;0.60;10.22;1106.67;13.000;98.39;0.38;10.22;207.98;2.000;44.08;0.16;24.37;1183.87;13.000;162.87;0.48;15.82;903.89;11.000;65.79;0.15;8.37;0.00;0.000;0.00;0.00;0.00;415.96;4.000;88.16;0.23;24.37;410.76;4.000;83.64;0.23;23.42;688.44;6.000;156.88;0.42;26.21;1097.91;9.000;257.52;0.87;26.97;1213.80;12.000;125.90;0.86;11.93;713.94;6.000;127.21;0.56;20.49;779.92;8.000;70.00;0.21;10.32;803.93;7.000;160.13;0.47;22.91;1359.96;15.000;79.70;0.23;6.74;1273.88;12.000;137.64;0.35;12.43;1879.78;22.000;61.11;0.14;3.74;473.96;4.000;82.31;0.20;19.97;739.93;7.000;88.18;0.21;13.70;1753.85;15.000;297.01;0.83;19.48;1199.90;10.000;218.82;0.74;20.97;1313.89;11.000;235.48;0.66;20.61;386.97;3.000;70.78;0.81;21.03;386.97;3.000;70.78;0.26;21.03;386.97;3.000;70.78;0.24;21.03;539.94;6.000;-61.92;-0.21;-13.19;773.94;6.000;141.56;0.28;21.03;902.48;7.000;157.35;0.39;20.05;519.96;4.000;92.91;0.19;20.55;773.44;6.000;133.71;0.36;19.88;1039.92;8.000;185.82;0.48;20.55;1033.42;8.000;180.17;0.48;20.05;1099.89;11.000;25.99;0.08;2.72;259.98;2.000;46.45;0.17;20.55;759.93;7.000;64.30;0.22;9.73;2619.74;26.000;116.33;0.28;5.11;1769.84;16.000;192.25;0.56;12.49;911.93;7.000;178.90;0.63;22.56;273.98;2.000;58.63;0.17;24.61;424.12;3.000;86.47;0.18;23.45;580.61;4.000;119.83;0.25;23.73;286.63;2.000;56.72;0.12;22.76;0.00;0.000;0.00;0.00;0.00;0.00;0.000;0.00;0.00;0.00
49766;OLA JOY BERRY DELIGHT;7;7066.50;1 039.000;1704.84;0.10;27.74;0.00;0.000;0.00;0.00;0.00;0.00;0.000;0.00;0.00;0.00;0.00;0.000;0.00;0.00;0.00;0.00;0.000;0.00;0.00;0.00;0.00;0.000;0.00;0.00;0.00;0.00;0.000;0.00;0.00;0.00;30.00;5.000;9.80;0.04;37.58;149.70;25.000;48.76;0.18;37.46;161.70;27.000;52.68;0.16;37.47;108.00;18.000;25.86;0.06;27.53;438.00;73.000;102.62;0.28;26.94;48.00;8.000;11.25;0.03;26.94;84.00;14.000;19.68;0.05;26.94;72.00;12.000;16.87;0.05;26.94;36.00;6.000;8.43;0.03;26.94;30.00;5.000;7.03;0.05;26.94;55.00;9.000;12.91;0.06;27.00;133.00;19.000;31.64;0.09;27.36;91.00;13.000;21.65;0.06;27.36;168.00;24.000;39.97;0.12;27.36;280.00;40.000;66.61;0.17;27.36;272.30;39.000;64.34;0.15;27.17;322.00;46.000;76.60;0.18;27.36;28.00;4.000;6.66;0.02;27.36;147.00;21.000;34.97;0.10;27.36;210.00;30.000;49.96;0.17;27.36;131.60;19.000;30.42;0.09;26.59;49.00;7.000;11.66;0.13;27.36;14.00;2.000;3.33;0.01;27.36;63.00;9.000;14.99;0.05;27.36;224.00;32.000;53.29;0.18;27.36;497.00;71.000;118.24;0.23;27.36;77.00;11.000;18.32;0.05;27.36;609.00;87.000;144.88;0.29;27.36;342.65;49.000;81.30;0.22;27.28;579.60;83.000;137.00;0.35;27.18;497.00;71.000;118.24;0.31;27.36;238.00;34.000;56.62;0.17;27.36;147.00;21.000;34.97;0.13;27.36;140.00;20.000;33.31;0.12;27.36;34.65;5.000;8.02;0.02;26.62;168.00;24.000;39.97;0.12;27.36;217.00;31.000;51.62;0.18;27.36;167.30;24.000;39.36;0.12;27.05;0.00;0.000;0.00;0.00;0.00;0.00;0.000;0.00;0.00;0.00;7.00;1.000;1.02;0.00;16.72;0.00;0.000;0.00;0.00;0.00;0.00;0.000;0.00;0.00;0.00
49767;OLA JOY CARAMEL DIP;7;10651.00;1 066.000;2776.89;0.17;29.98;0.00;0.000;0.00;0.00;0.00;0.00;0.000;0.00;0.00;0.00;0.00;0.000;0.00;0.00;0.00;0.00;0.000;0.00;0.00;0.00;0.00;0.000;0.00;0.00;0.00;0.00;0.000;0.00;0.00;0.00;70.00;7.000;18.29;0.07;30.04;179.50;18.000;46.59;0.17;29.85;239.00;24.000;61.83;0.18;29.75;389.50;39.000;101.45;0.23;29.95;368.50;37.000;95.35;0.26;29.76;390.00;39.000;101.88;0.27;30.04;0.00;0.000;0.00;0.00;0.00;70.00;7.000;18.29;0.05;30.04;170.00;17.000;44.41;0.15;30.04;89.00;9.000;22.64;0.15;29.26;150.00;15.000;39.18;0.17;30.04;359.50;36.000;93.61;0.28;29.94;279.00;28.000;72.27;0.21;29.79;250.00;25.000;65.31;0.19;30.04;0.00;0.000;0.00;0.00;0.00;249.50;25.000;64.87;0.15;29.90;490.00;49.000;128.00;0.31;30.04;89.50;9.000;23.08;0.05;29.65;270.00;27.000;70.53;0.20;30.04;180.00;18.000;47.02;0.16;30.04;290.00;29.000;75.76;0.21;30.04;250.00;25.000;65.31;0.74;30.04;130.00;13.000;33.96;0.13;30.04;560.00;56.000;146.29;0.50;30.04;330.00;33.000;86.21;0.29;30.04;469.50;47.000;122.34;0.24;29.97;500.00;50.000;130.62;0.32;30.04;1159.50;116.000;302.59;0.60;30.01;609.00;61.000;158.48;0.43;29.93;480.00;48.000;125.39;0.32;30.04;160.00;16.000;41.80;0.11;30.04;230.00;23.000;60.08;0.19;30.04;290.00;29.000;75.76;0.27;30.04;70.00;7.000;18.29;0.06;30.04;170.00;17.000;44.41;0.11;30.04;80.00;8.000;20.90;0.06;30.04;250.00;25.000;65.31;0.23;30.04;0.00;0.000;0.00;0.00;0.00;0.00;0.000;0.00;0.00;0.00;180.00;18.000;47.02;0.10;30.04;100.00;10.000;26.12;0.06;30.04;60.00;6.000;15.67;0.05;30.04;0.00;0.000;0.00;0.00;0.00
49768;OLA JOY CHOC DIP;7;13618.50;1 363.000;3550.57;0.21;29.98;0.00;0.000;0.00;0.00;0.00;0.00;0.000;0.00;0.00;0.00;0.00;0.000;0.00;0.00;0.00;0.00;0.000;0.00;0.00;0.00;0.00;0.000;0.00;0.00;0.00;0.00;0.000;0.00;0.00;0.00;30.00;3.000;7.84;0.03;30.04;269.50;27.000;70.10;0.25;29.91;249.00;25.000;64.44;0.19;29.76;569.50;57.000;148.47;0.34;29.98;380.00;38.000;99.27;0.27;30.04;409.50;41.000;106.67;0.28;29.96;210.00;21.000;54.86;0.15;30.04;130.00;13.000;33.96;0.09;30.04;0.00;0.000;0.00;0.00;0.00;119.50;12.000;30.91;0.21;29.75;40.00;4.000;10.45;0.05;30.04;210.00;21.000;54.86;0.16;30.04;369.50;37.000;96.22;0.28;29.95;170.00;17.000;44.41;0.13;30.04;199.50;20.000;51.81;0.13;29.87;259.50;26.000;67.49;0.15;29.91;369.50;37.000;96.22;0.23;29.95;60.00;6.000;15.67;0.04;30.04;390.00;39.000;101.88;0.29;30.04;180.00;18.000;47.02;0.16;30.04;280.00;28.000;73.14;0.21;30.04;80.00;8.000;20.90;0.24;30.04;179.50;18.000;46.59;0.17;29.85;140.00;14.000;36.57;0.13;30.04;290.00;29.000;75.76;0.26;30.04;469.00;47.000;121.91;0.24;29.89;570.00;57.000;148.90;0.37;30.04;899.50;90.000;234.67;0.47;30.00;719.00;72.000;187.22;0.51;29.94;560.00;56.000;146.29;0.38;30.04;1109.50;111.000;289.53;0.77;30.01;429.50;43.000;111.89;0.34;29.96;220.00;22.000;57.47;0.21;30.04;150.00;15.000;39.18;0.14;30.04;110.00;11.000;28.74;0.07;30.04;150.00;15.000;39.18;0.11;30.04;240.00;24.000;62.70;0.22;30.04;10.00;1.000;2.61;0.01;30.04;330.00;33.000;86.21;0.18;30.04;499.50;50.000;130.18;0.27;29.97;530.00;53.000;138.45;0.29;30.04;539.50;54.000;140.63;0.41;29.98;498.50;50.000;129.31;0.32;29.83
49769;OLA JOY MILKSHAPE DIP;7;10253.00;1 026.000;2674.14;0.16;29.99;0.00;0.000;0.00;0.00;0.00;0.00;0.000;0.00;0.00;0.00;0.00;0.000;0.00;0.00;0.00;0.00;0.000;0.00;0.00;0.00;0.00;0.000;0.00;0.00;0.00;0.00;0.000;0.00;0.00;0.00;70.00;7.000;18.29;0.07;30.04;429.50;43.000;111.89;0.40;29.96;359.00;36.000;93.17;0.27;29.85;510.00;51.000;133.23;0.31;30.04;130.00;13.000;33.96;0.09;30.04;590.00;59.000;154.13;0.41;30.04;160.00;16.000;41.80;0.12;30.04;220.00;22.000;57.47;0.16;30.04;30.00;3.000;7.84;0.03;30.04;90.00;9.000;23.51;0.16;30.04;90.00;9.000;23.51;0.10;30.04;169.50;17.000;43.97;0.13;29.84;149.50;15.000;38.75;0.11;29.81;190.00;19.000;49.63;0.15;30.04;310.00;31.000;80.98;0.20;30.04;488.50;49.000;126.70;0.29;29.83;500.00;50.000;130.62;0.31;30.04;449.00;45.000;116.68;0.27;29.89;150.00;15.000;39.18;0.11;30.04;170.00;17.000;44.41;0.15;30.04;419.50;42.000;109.28;0.31;29.96;240.00;24.000;62.70;0.71;30.04;20.00;2.000;5.22;0.02;30.04;70.00;7.000;18.29;0.06;30.04;340.00;34.000;88.82;0.30;30.04;329.50;33.000;85.77;0.17;29.94;10.00;1.000;2.61;0.01;30.04;240.00;24.000;62.70;0.12;30.04;820.00;82.000;214.21;0.58;30.04;440.00;44.000;114.94;0.30;30.04;739.00;74.000;192.44;0.51;29.95;410.00;41.000;107.10;0.33;30.04;110.00;11.000;28.74;0.10;30.04;80.00;8.000;20.90;0.07;30.04;80.00;8.000;20.90;0.05;30.04;190.00;19.000;49.63;0.14;30.04;290.00;29.000;75.76;0.27;30.04;170.00;17.000;44.41;0.13;30.04;0.00;0.000;0.00;0.00;0.00;0.00;0.000;0.00;0.00;0.00;0.00;0.000;0.00;0.00;0.00;0.00;0.000;0.00;0.00;0.00;0.00;0.000;0.00;0.00;0.00
49770;OLA JOY RASPBERRY FLAVOR;7;4240.98;837.000;1269.70;0.08;34.43;0.00;0.000;0.00;0.00;0.00;0.00;0.000;0.00;0.00;0.00;0.00;0.000;0.00;0.00;0.00;0.00;0.000;0.00;0.00;0.00;0.00;0.000;0.00;0.00;0.00;0.00;0.000;0.00;0.00;0.00;48.00;12.000;17.79;0.07;42.62;72.00;18.000;26.68;0.10;42.62;96.00;24.000;33.46;0.10;40.08;204.00;51.000;48.65;0.11;27.42;179.80;45.000;42.75;0.12;27.34;116.00;29.000;27.66;0.07;27.42;104.00;26.000;24.80;0.07;27.42;36.00;9.000;8.59;0.02;27.42;52.00;13.000;12.40;0.04;27.42;8.00;2.000;1.91;0.01;27.42;32.00;8.000;7.63;0.03;27.42;12.00;3.000;2.86;0.01;27.42;81.00;15.000;24.24;0.07;34.41;82.50;15.000;25.54;0.08;35.60;165.00;30.000;51.08;0.13;35.60;82.50;15.000;25.54;0.06;35.60;247.50;45.000;76.62;0.18;35.60;154.00;28.000;47.68;0.11;35.60;71.50;13.000;22.14;0.06;35.60;0.00;0.000;0.00;0.00;0.00;33.00;6.000;10.22;0.03;35.60;16.50;3.000;5.11;0.06;35.60;0.00;0.000;0.00;0.00;0.00;71.50;13.000;22.14;0.08;35.60;88.00;16.000;27.24;0.09;35.60;319.00;58.000;98.76;0.19;35.60;220.00;40.000;68.11;0.17;35.60;99.00;18.000;30.65;0.06;35.60;418.00;76.000;129.41;0.35;35.60;341.00;62.000;105.57;0.27;35.60;291.50;53.000;90.24;0.24;35.60;126.50;23.000;39.16;0.12;35.60;104.50;19.000;32.35;0.12;35.60;55.00;10.000;17.03;0.06;35.60;22.00;4.000;6.81;0.02;35.60;93.50;17.000;28.95;0.08;35.60;0.00;0.000;0.00;0.00;0.00;98.18;18.000;29.94;0.09;35.06;0.00;0.000;0.00;0.00;0.00;0.00;0.000;0.00;0.00;0.00;0.00;0.000;0.00;0.00;0.00;0.00;0.000;0.00;0.00;0.00;0.00;0.000;0.00;0.00;0.00
50008;SPAR S/STYL CRM CHIC DRUM;7;154841.13;1 887.000;24698.35;1.49;18.34;0.00;0.000;0.00;0.00;0.00;0.00;0.000;0.00;0.00;0.00;0.00;0.000;0.00;0.00;0.00;0.00;0.000;0.00;0.00;0.00;0.00;0.000;0.00;0.00;0.00;0.00;0.000;0.00;0.00;0.00;414.95;5.000;92.51;0.36;25.64;912.89;11.000;203.52;0.73;25.64;995.88;12.000;222.02;0.65;25.64;2323.72;28.000;508.31;1.17;25.16;1244.85;15.000;271.17;0.73;25.05;5755.20;80.000;861.02;2.28;17.20;5029.33;67.000;811.74;2.27;18.56;2609.71;29.000;576.85;1.56;25.42;1619.82;18.000;358.05;1.21;25.42;8088.87;113.000;742.51;5.07;10.56;2474.69;31.000;387.38;1.71;18.00;6679.07;93.000;382.39;1.14;6.58;4079.49;51.000;559.44;1.64;15.77;6461.14;86.000;779.45;2.30;13.87;14117.00;200.000;1632.61;4.11;13.30;15550.80;220.000;1202.57;2.73;8.89;7220.00;100.000;461.55;1.11;7.35;1478.83;17.000;348.07;0.81;27.07;4700.49;51.000;1036.83;2.91;25.37;3905.58;42.000;852.90;2.89;25.11;3068.67;33.000;670.13;1.88;25.11;4498.53;47.000;981.62;11.19;25.09;872.91;9.000;190.41;0.71;25.09;1454.85;15.000;317.37;1.09;25.09;4655.52;48.000;1015.71;3.46;25.09;2715.72;28.000;588.47;1.15;24.92;1551.84;16.000;317.11;0.78;23.50;2521.74;26.000;515.30;1.03;23.50;2812.71;29.000;574.76;1.56;23.50;2036.79;21.000;416.20;1.07;23.50;2327.76;24.000;475.66;1.26;23.50;1842.81;19.000;376.57;1.16;23.50;3200.67;33.000;654.03;2.37;23.50;2424.75;25.000;495.48;1.72;23.50;2812.71;29.000;574.76;1.37;23.50;1260.87;13.000;257.65;0.75;23.50;1648.83;17.000;336.93;1.19;23.50;2902.69;31.000;607.84;1.78;24.08;2255.76;24.000;467.69;0.99;23.84;4844.49;51.000;989.77;2.06;23.50;3039.68;32.000;687.38;1.45;26.01;2289.75;25.000;490.26;1.43;24.62;2138.77;23.000;406.37;1.01;21.85
50035;MCCAIN STIR FRY AFRICAN;7;10764.01;274.000;1953.59;0.12;18.15;0.00;0.000;0.00;0.00;0.00;0.00;0.000;0.00;0.00;0.00;0.00;0.000;0.00;0.00;0.00;0.00;0.000;0.00;0.00;0.00;0.00;0.000;0.00;0.00;0.00;0.00;0.000;0.00;0.00;0.00;195.95;5.000;45.95;0.18;23.45;239.94;6.000;59.94;0.22;24.98;475.88;12.000;113.81;0.33;23.91;319.91;9.000;50.85;0.12;15.89;329.91;9.000;59.84;0.16;18.14;479.85;15.000;33.95;0.09;7.08;725.79;21.000;98.60;0.28;13.58;251.94;6.000;69.87;0.19;27.73;1031.68;32.000;80.96;0.27;7.85;83.98;2.000;23.29;0.16;27.73;121.97;3.000;29.96;0.13;24.57;319.92;8.000;72.67;0.22;22.72;159.96;4.000;36.34;0.11;22.72;159.96;4.000;36.34;0.11;22.72;557.86;14.000;125.18;0.32;22.44;199.95;5.000;45.42;0.10;22.72;439.90;10.000;99.12;0.24;22.53;356.91;9.000;47.86;0.11;13.41;343.92;8.000;66.55;0.19;19.35;468.64;11.000;90.65;0.31;19.34;179.96;4.000;40.47;0.11;22.49;269.94;6.000;60.71;0.69;22.49;400.41;9.000;86.57;0.32;21.62;179.96;4.000;40.47;0.14;22.49;118.97;3.000;15.95;0.05;13.41;132.72;3.000;28.11;0.05;21.18;89.98;2.000;20.24;0.05;22.49;245.94;6.000;39.11;0.08;15.90;208.95;5.000;36.19;0.10;17.32;370.66;9.000;58.86;0.15;15.88;73.98;2.000;5.26;0.01;7.11;0.00;0.000;0.00;0.00;0.00;179.96;4.000;40.47;0.15;22.49;179.96;4.000;40.99;0.14;22.77;134.97;3.000;30.87;0.07;22.87;35.99;1.000;1.63;0.00;4.53;0.00;0.000;0.00;0.00;0.00;0.00;0.000;0.00;0.00;0.00;93.98;2.000;21.82;0.05;23.22;216.95;5.000;36.56;0.08;16.85;140.97;3.000;32.73;0.07;23.22;131.97;3.000;23.73;0.07;17.98;113.97;3.000;5.73;0.01;5.03
50036;SPAR BURGERS CHIC CRMB;7;18363.51;258.000;3678.55;0.22;23.04;0.00;0.000;0.00;0.00;0.00;0.00;0.000;0.00;0.00;0.00;0.00;0.000;0.00;0.00;0.00;0.00;0.000;0.00;0.00;0.00;0.00;0.000;0.00;0.00;0.00;0.00;0.000;0.00;0.00;0.00;0.00;0.000;0.00;0.00;0.00;0.00;0.000;0.00;0.00;0.00;0.00;0.000;0.00;0.00;0.00;188.97;3.000;46.46;0.11;28.27;629.90;10.000;154.87;0.42;28.27;251.96;4.000;61.95;0.16;28.27;224.97;3.000;49.92;0.14;25.52;74.99;1.000;16.64;0.05;25.52;1253.81;19.000;216.76;0.73;19.88;347.95;5.000;67.50;0.46;22.31;674.91;9.000;146.48;0.65;24.96;674.91;9.000;142.14;0.42;24.22;599.92;8.000;126.34;0.37;24.22;599.92;8.000;126.34;0.37;24.22;299.96;4.000;63.17;0.16;24.22;149.98;2.000;31.59;0.07;24.22;674.93;10.000;114.50;0.28;19.51;599.96;10.000;69.80;0.16;13.38;299.96;4.000;61.47;0.17;23.57;74.99;1.000;15.37;0.05;23.57;0.00;0.000;0.00;0.00;0.00;299.96;4.000;61.47;0.70;23.57;299.96;4.000;61.47;0.23;23.57;0.00;0.000;0.00;0.00;0.00;0.00;0.000;0.00;0.00;0.00;899.88;12.000;184.41;0.36;23.57;1199.84;16.000;245.88;0.60;23.57;1049.86;14.000;215.14;0.43;23.57;824.89;11.000;169.04;0.46;23.57;1106.86;14.000;278.49;0.72;28.93;510.93;7.000;109.18;0.29;24.57;145.98;2.000;31.20;0.10;24.57;0.00;0.000;0.00;0.00;0.00;215.97;3.000;44.18;0.15;23.53;867.87;13.000;132.93;0.32;17.61;1015.84;16.000;133.63;0.39;15.13;575.92;8.000;136.97;0.48;27.35;575.92;8.000;127.44;0.37;25.45;0.00;0.000;0.00;0.00;0.00;575.92;8.000;117.91;0.25;23.54;575.92;8.000;117.91;0.25;23.54;0.00;0.000;0.00;0.00;0.00;0.00;0.000;0.00;0.00;0.00
50299;AMAZING  BRAAI PIE HAM & CHEESE;7;27435.03;701.000;5876.31;0.35;24.63;0.00;0.000;0.00;0.00;0.00;0.00;0.000;0.00;0.00;0.00;0.00;0.000;0.00;0.00;0.00;0.00;0.000;0.00;0.00;0.00;0.00;0.000;0.00;0.00;0.00;0.00;0.000;0.00;0.00;0.00;0.00;0.000;0.00;0.00;0.00;770.00;22.000;172.15;0.62;25.71;980.00;28.000;219.09;0.64;25.71;840.00;24.000;187.79;0.43;25.71;700.00;20.000;156.50;0.42;25.71;313.25;9.000;68.90;0.18;25.29;733.25;21.000;162.80;0.45;25.53;0.00;0.000;0.00;0.00;0.00;521.50;15.000;114.33;0.39;25.21;1188.25;34.000;264.52;1.81;25.60;1048.25;30.000;233.22;1.03;25.59;884.00;24.000;197.35;0.59;25.67;542.10;14.000;118.31;0.35;25.10;505.05;13.000;111.31;0.33;25.35;700.05;18.000;154.78;0.39;25.43;973.05;25.000;215.63;0.49;25.48;817.05;21.000;180.86;0.44;25.46;895.05;23.000;198.24;0.46;25.47;819.00;21.000;182.55;0.51;25.63;1014.00;26.000;226.02;0.77;25.63;663.00;17.000;147.78;0.41;25.63;702.00;18.000;156.47;1.78;25.63;466.05;12.000;102.62;0.38;25.32;546.00;14.000;121.70;0.42;25.63;341.77;8.000;74.55;0.25;25.09;687.84;16.000;152.84;0.30;25.55;515.88;12.000;114.63;0.28;25.55;515.88;12.000;114.63;0.23;25.55;515.88;12.000;114.63;0.31;25.55;427.75;10.000;93.66;0.24;25.18;769.52;18.000;168.21;0.45;25.14;169.81;4.000;36.34;0.11;24.61;556.72;13.000;122.31;0.44;25.27;0.00;0.000;0.00;0.00;0.00;0.00;0.000;0.00;0.00;0.00;429.90;10.000;95.53;0.28;25.55;513.73;12.000;112.76;0.40;25.24;515.88;12.000;104.19;0.30;23.23;1031.76;24.000;187.50;0.40;20.90;902.79;21.000;164.06;0.34;20.90;1246.71;29.000;226.57;0.48;20.90;558.87;13.000;101.56;0.30;20.90;1113.44;26.000;199.39;0.49;20.59
50300;AMAZING  BRAAI PIE JALAPENO CHEESE;7;18121.21;460.000;3911.03;0.24;24.82;0.00;0.000;0.00;0.00;0.00;0.00;0.000;0.00;0.00;0.00;0.00;0.000;0.00;0.00;0.00;0.00;0.000;0.00;0.00;0.00;0.00;0.000;0.00;0.00;0.00;0.00;0.000;0.00;0.00;0.00;0.00;0.000;0.00;0.00;0.00;665.00;19.000;148.67;0.54;25.71;385.00;11.000;86.07;0.25;25.71;385.00;11.000;86.07;0.20;25.71;490.00;14.000;109.55;0.30;25.71;348.25;10.000;76.73;0.20;25.34;453.25;13.000;100.20;0.28;25.42;735.00;21.000;164.32;0.44;25.71;70.00;2.000;15.65;0.05;25.71;416.50;12.000;90.85;0.62;25.09;453.25;13.000;100.20;0.44;25.42;372.25;10.000;81.94;0.24;25.31;390.00;10.000;86.93;0.25;25.63;427.05;11.000;93.93;0.28;25.29;310.05;8.000;67.85;0.17;25.17;778.05;20.000;172.17;0.39;25.45;388.05;10.000;85.23;0.21;25.26;312.00;8.000;69.54;0.16;25.63;546.00;14.000;121.70;0.34;25.63;505.05;13.000;111.31;0.38;25.35;663.00;17.000;147.78;0.41;25.63;234.00;6.000;52.16;0.59;25.63;195.00;5.000;43.47;0.16;25.63;351.00;9.000;78.24;0.27;25.63;349.05;9.000;76.54;0.26;25.22;644.85;15.000;143.29;0.28;25.55;470.74;11.000;103.21;0.25;25.21;859.80;20.000;191.05;0.38;25.55;386.91;9.000;85.97;0.23;25.55;470.74;11.000;103.21;0.27;25.21;341.77;8.000;74.55;0.20;25.09;300.93;7.000;66.87;0.21;25.55;343.92;8.000;76.42;0.28;25.55;42.99;1.000;9.55;0.03;25.55;171.96;4.000;38.21;0.09;25.55;0.00;0.000;0.00;0.00;0.00;429.90;10.000;95.53;0.34;25.55;515.88;12.000;114.63;0.34;25.55;343.92;8.000;76.42;0.16;25.55;644.85;15.000;117.19;0.24;20.90;513.73;12.000;91.88;0.19;20.57;773.82;18.000;140.63;0.41;20.90;642.70;15.000;115.32;0.29;20.63
50662;OLA JOY ORANGE FLAVOR;7;4113.24;805.000;1213.54;0.07;33.93;0.00;0.000;0.00;0.00;0.00;0.00;0.000;0.00;0.00;0.00;0.00;0.000;0.00;0.00;0.00;0.00;0.000;0.00;0.00;0.00;0.00;0.000;0.00;0.00;0.00;0.00;0.000;0.00;0.00;0.00;0.00;0.000;0.00;0.00;0.00;0.00;0.000;0.00;0.00;0.00;52.00;13.000;12.40;0.04;27.42;120.00;30.000;28.62;0.07;27.42;236.00;59.000;56.28;0.15;27.42;199.80;50.000;47.52;0.13;27.35;88.00;22.000;20.99;0.06;27.42;28.00;7.000;6.68;0.02;27.42;28.00;7.000;6.68;0.02;27.42;16.00;4.000;3.82;0.03;27.42;32.00;8.000;7.63;0.03;27.42;91.00;19.000;25.61;0.08;32.37;132.00;24.000;40.87;0.12;35.60;77.00;14.000;23.84;0.07;35.60;66.00;12.000;20.43;0.05;35.60;99.00;18.000;30.65;0.07;35.60;390.22;71.000;120.65;0.29;35.56;5.50;1.000;1.70;0.00;35.60;16.50;3.000;5.11;0.01;35.60;27.50;5.000;8.51;0.03;35.60;38.50;7.000;11.92;0.03;35.60;44.00;8.000;13.62;0.16;35.60;16.50;3.000;5.11;0.02;35.60;22.00;4.000;6.81;0.02;35.60;71.50;13.000;22.14;0.08;35.60;88.00;16.000;27.24;0.05;35.60;313.50;57.000;97.06;0.24;35.60;368.50;67.000;114.08;0.23;35.60;363.00;66.000;112.38;0.30;35.60;308.00;56.000;95.35;0.25;35.60;297.00;54.000;91.95;0.24;35.60;148.50;27.000;45.97;0.14;35.60;49.50;9.000;15.32;0.06;35.60;27.50;5.000;8.51;0.03;35.60;5.50;1.000;1.70;0.00;35.60;82.22;15.000;25.30;0.07;35.38;137.50;25.000;42.57;0.15;35.60;27.50;5.000;8.51;0.02;35.60;0.00;0.000;0.00;0.00;0.00;0.00;0.000;0.00;0.00;0.00;0.00;0.000;0.00;0.00;0.00;0.00;0.000;0.00;0.00;0.00;0.00;0.000;0.00;0.00;0.00
50663;OLA JOY TROPICAL DELIGHT;7;6216.85;921.000;1467.81;0.09;27.15;0.00;0.000;0.00;0.00;0.00;0.00;0.000;0.00;0.00;0.00;0.00;0.000;0.00;0.00;0.00;0.00;0.000;0.00;0.00;0.00;0.00;0.000;0.00;0.00;0.00;0.00;0.000;0.00;0.00;0.00;0.00;0.000;0.00;0.00;0.00;84.00;14.000;19.68;0.07;26.94;215.10;36.000;49.82;0.15;26.64;186.00;31.000;43.58;0.10;26.94;431.10;72.000;100.43;0.27;26.79;251.70;42.000;58.78;0.16;26.86;48.00;8.000;11.25;0.03;26.94;42.00;7.000;9.84;0.03;26.94;6.00;1.000;1.41;0.00;26.94;36.00;6.000;8.43;0.06;26.94;46.00;7.000;10.88;0.05;27.20;84.00;12.000;19.98;0.06;27.36;63.00;9.000;14.99;0.04;27.36;244.65;35.000;57.98;0.17;27.25;189.00;27.000;44.96;0.11;27.36;231.00;33.000;54.96;0.12;27.36;315.00;45.000;74.94;0.18;27.36;161.00;23.000;38.30;0.09;27.36;0.00;0.000;0.00;0.00;0.00;35.00;5.000;8.33;0.03;27.36;56.00;8.000;13.32;0.04;27.36;14.00;2.000;3.33;0.04;27.36;28.00;4.000;6.66;0.02;27.36;77.00;11.000;18.32;0.06;27.36;77.00;11.000;18.32;0.06;27.36;70.00;10.000;16.65;0.03;27.36;245.00;35.000;58.29;0.14;27.36;685.65;98.000;162.90;0.32;27.32;743.40;107.000;173.32;0.47;26.81;539.00;77.000;128.23;0.33;27.36;308.00;44.000;73.27;0.19;27.36;252.00;36.000;59.95;0.18;27.36;84.00;12.000;19.98;0.07;27.36;63.00;9.000;14.99;0.05;27.36;26.95;4.000;5.75;0.01;24.53;49.00;7.000;11.66;0.03;27.36;168.00;24.000;39.97;0.14;27.36;62.30;9.000;14.38;0.04;26.54;0.00;0.000;0.00;0.00;0.00;0.00;0.000;0.00;0.00;0.00;0.00;0.000;0.00;0.00;0.00;0.00;0.000;0.00;0.00;0.00;0.00;0.000;0.00;0.00;0.00
50783;GATTI CHOC & BANANA TUB;7;5893.39;261.000;1467.26;0.09;28.63;0.00;0.000;0.00;0.00;0.00;0.00;0.000;0.00;0.00;0.00;0.00;0.000;0.00;0.00;0.00;0.00;0.000;0.00;0.00;0.00;0.00;0.000;0.00;0.00;0.00;0.00;0.000;0.00;0.00;0.00;0.00;0.000;0.00;0.00;0.00;0.00;0.000;0.00;0.00;0.00;219.90;10.000;56.98;0.17;29.80;329.85;15.000;85.47;0.20;29.80;197.91;9.000;51.28;0.14;29.80;395.82;18.000;102.57;0.27;29.80;130.84;6.000;33.23;0.09;29.21;65.97;3.000;17.09;0.05;29.80;65.97;3.000;17.09;0.06;29.80;21.99;1.000;5.70;0.04;29.80;109.95;5.000;28.49;0.13;29.80;43.98;2.000;11.40;0.03;29.80;0.00;0.000;0.00;0.00;0.00;0.00;0.000;0.00;0.00;0.00;130.84;6.000;33.23;0.08;29.21;262.78;12.000;67.42;0.15;29.51;0.00;0.000;0.00;0.00;0.00;327.65;15.000;90.97;0.21;31.93;65.97;3.000;17.09;0.05;29.80;65.97;3.000;17.09;0.06;29.80;131.94;6.000;34.19;0.10;29.80;128.64;6.000;31.32;0.36;28.00;21.99;1.000;5.70;0.02;29.80;21.99;1.000;5.70;0.02;29.80;64.87;3.000;16.14;0.06;28.61;326.55;15.000;82.60;0.16;29.09;0.00;0.000;0.00;0.00;0.00;197.91;9.000;47.31;0.09;27.49;195.71;9.000;45.40;0.12;26.68;0.00;0.000;0.00;0.00;0.00;437.60;20.000;103.23;0.27;27.13;236.39;11.000;53.04;0.16;25.81;87.96;4.000;21.03;0.08;27.49;64.87;3.000;14.81;0.05;26.26;64.87;3.000;14.81;0.04;26.26;65.97;3.000;15.77;0.05;27.49;195.71;9.000;45.40;0.16;26.68;205.32;8.000;56.80;0.17;31.81;258.60;10.000;72.70;0.15;32.33;0.00;0.000;0.00;0.00;0.00;363.86;14.000;91.94;0.19;29.06;258.60;10.000;49.87;0.15;22.18;128.65;5.000;24.37;0.06;21.78
50816;SPAR CHIC CRMB STRIPS;7;18579.64;336.000;3649.74;0.22;22.59;0.00;0.000;0.00;0.00;0.00;0.00;0.000;0.00;0.00;0.00;0.00;0.000;0.00;0.00;0.00;0.00;0.000;0.00;0.00;0.00;0.00;0.000;0.00;0.00;0.00;0.00;0.000;0.00;0.00;0.00;0.00;0.000;0.00;0.00;0.00;0.00;0.000;0.00;0.00;0.00;0.00;0.000;0.00;0.00;0.00;0.00;0.000;0.00;0.00;0.00;0.00;0.000;0.00;0.00;0.00;254.95;5.000;53.61;0.14;24.18;539.90;10.000;118.36;0.33;25.21;569.90;10.000;129.50;0.35;26.13;569.90;10.000;129.50;0.44;26.13;683.88;12.000;155.41;1.06;26.13;626.89;11.000;144.44;0.64;26.50;569.90;10.000;131.31;0.39;26.50;1025.82;18.000;236.36;0.69;26.50;284.95;5.000;65.66;0.19;26.50;455.92;8.000;105.05;0.26;26.50;0.00;0.000;0.00;0.00;0.00;569.90;10.000;129.35;0.31;26.10;113.98;2.000;25.87;0.06;26.10;455.92;8.000;94.09;0.26;23.73;113.98;2.000;23.52;0.08;23.73;284.95;5.000;57.97;0.16;23.39;1481.74;26.000;294.88;3.36;22.89;854.85;15.000;170.12;0.63;22.89;227.96;4.000;45.37;0.16;22.89;0.00;0.000;0.00;0.00;0.00;512.91;9.000;102.07;0.20;22.89;341.94;6.000;68.05;0.17;22.89;56.99;1.000;11.34;0.02;22.89;455.92;8.000;90.73;0.25;22.89;512.91;9.000;102.07;0.26;22.89;569.90;10.000;113.42;0.30;22.89;0.00;0.000;0.00;0.00;0.00;0.00;0.000;0.00;0.00;0.00;569.90;10.000;113.42;0.39;22.89;113.98;2.000;22.68;0.05;22.89;854.85;15.000;170.12;0.50;22.89;113.98;2.000;22.68;0.08;22.89;740.87;13.000;147.44;0.43;22.89;854.85;15.000;170.12;0.36;22.89;512.91;9.000;102.07;0.21;22.89;841.81;19.000;53.76;0.11;7.34;1015.78;22.000;93.54;0.27;10.59;824.85;15.000;155.83;0.39;21.73
51247;SPAR STRIPS CHIC CRMB;7;40132.61;554.000;8210.84;0.50;23.53;0.00;0.000;0.00;0.00;0.00;0.00;0.000;0.00;0.00;0.00;0.00;0.000;0.00;0.00;0.00;0.00;0.000;0.00;0.00;0.00;0.00;0.000;0.00;0.00;0.00;0.00;0.000;0.00;0.00;0.00;0.00;0.000;0.00;0.00;0.00;0.00;0.000;0.00;0.00;0.00;0.00;0.000;0.00;0.00;0.00;377.94;6.000;92.92;0.21;28.27;566.91;9.000;139.38;0.38;28.27;251.96;4.000;61.95;0.16;28.27;950.87;13.000;195.44;0.55;23.64;374.95;5.000;83.20;0.23;25.52;599.92;8.000;133.11;0.45;25.52;440.94;6.000;92.01;0.63;24.00;749.90;10.000;161.19;0.71;24.72;524.93;7.000;110.55;0.33;24.22;974.87;13.000;205.31;0.60;24.22;1424.81;19.000;300.07;0.88;24.22;1124.85;15.000;236.89;0.60;24.22;1124.85;15.000;236.89;0.54;24.22;1549.82;22.000;289.54;0.70;21.48;3024.67;44.000;528.43;1.24;20.09;1574.79;21.000;322.72;0.90;23.57;1799.76;24.000;368.82;1.25;23.57;1199.84;16.000;245.88;0.69;23.57;149.98;2.000;30.73;0.35;23.57;0.00;0.000;0.00;0.00;0.00;149.98;2.000;30.73;0.11;23.57;974.87;13.000;199.78;0.68;23.57;824.89;11.000;169.04;0.33;23.57;1274.83;17.000;261.25;0.64;23.57;1199.84;16.000;245.88;0.49;23.57;1655.77;23.000;338.74;0.92;23.53;1079.85;15.000;220.92;0.57;23.53;863.88;12.000;176.74;0.47;23.53;431.94;6.000;88.37;0.27;23.53;935.87;13.000;191.46;0.69;23.53;431.94;6.000;88.37;0.31;23.53;867.87;13.000;132.93;0.32;17.61;647.91;9.000;121.01;0.35;21.48;1007.86;14.000;239.70;0.84;27.35;1655.77;23.000;367.58;1.08;25.53;1295.82;18.000;265.29;0.56;23.54;647.91;9.000;132.65;0.28;23.54;1655.77;23.000;338.98;0.72;23.54;1727.76;24.000;353.72;1.03;23.54;2015.72;28.000;412.68;1.02;23.54
51248;SPAR NUGGETS CHIC CRMB;7;28321.16;392.000;5825.74;0.35;23.66;0.00;0.000;0.00;0.00;0.00;0.00;0.000;0.00;0.00;0.00;0.00;0.000;0.00;0.00;0.00;0.00;0.000;0.00;0.00;0.00;0.00;0.000;0.00;0.00;0.00;0.00;0.000;0.00;0.00;0.00;0.00;0.000;0.00;0.00;0.00;0.00;0.000;0.00;0.00;0.00;0.00;0.000;0.00;0.00;0.00;314.95;5.000;77.43;0.18;28.27;755.88;12.000;185.84;0.50;28.27;944.85;15.000;232.30;0.61;28.27;599.92;8.000;133.11;0.37;25.52;149.98;2.000;33.28;0.09;25.52;497.93;7.000;93.00;0.31;21.48;656.91;9.000;134.10;0.92;23.48;599.92;8.000;129.60;0.57;24.84;224.97;3.000;47.38;0.14;24.22;149.98;2.000;31.59;0.09;24.22;524.93;7.000;110.55;0.33;24.22;674.91;9.000;142.14;0.36;24.22;1049.86;14.000;221.10;0.50;24.22;1224.87;18.000;211.90;0.51;19.89;1124.87;16.000;206.71;0.48;21.13;824.89;11.000;169.04;0.47;23.57;899.88;12.000;184.41;0.62;23.57;1124.85;15.000;230.51;0.65;23.57;599.92;8.000;122.94;1.40;23.57;1124.85;15.000;230.51;0.86;23.57;674.91;9.000;138.31;0.47;23.57;824.89;11.000;169.04;0.58;23.57;1124.85;15.000;230.51;0.45;23.57;299.96;4.000;61.47;0.15;23.57;974.87;13.000;199.78;0.40;23.57;674.91;9.000;138.31;0.37;23.57;662.91;9.000;135.75;0.35;23.55;287.96;4.000;58.91;0.16;23.53;431.94;6.000;88.37;0.27;23.53;287.96;4.000;58.91;0.21;23.53;1057.85;15.000;207.12;0.72;22.52;613.91;9.000;101.36;0.24;18.99;575.92;8.000;107.57;0.31;21.48;359.95;5.000;85.61;0.30;27.35;791.89;11.000;174.04;0.51;25.27;1439.80;20.000;294.77;0.63;23.54;1151.84;16.000;235.81;0.49;23.54;935.87;13.000;191.60;0.41;23.54;503.93;7.000;103.17;0.30;23.54;575.92;8.000;117.91;0.29;23.54
52416;SPAR IQF CHKN MIXED PORT;7;2395990.97;15 423.000;81929.14;4.94;3.93;0.00;0.000;0.00;0.00;0.00;0.00;0.000;0.00;0.00;0.00;0.00;0.000;0.00;0.00;0.00;0.00;0.000;0.00;0.00;0.00;0.00;0.000;0.00;0.00;0.00;0.00;0.000;0.00;0.00;0.00;0.00;0.000;0.00;0.00;0.00;0.00;0.000;0.00;0.00;0.00;0.00;0.000;0.00;0.00;0.00;0.00;0.000;0.00;0.00;0.00;0.00;0.000;0.00;0.00;0.00;0.00;0.000;0.00;0.00;0.00;0.00;0.000;0.00;0.00;0.00;92155.86;614.000;1140.34;3.09;1.42;3249.85;15.000;896.11;3.02;31.71;0.00;0.000;0.00;0.00;0.00;4606.77;23.000;1046.78;4.62;26.13;5549.70;30.000;966.13;2.89;20.02;5919.68;32.000;1231.47;3.61;23.92;6849.62;38.000;1449.03;4.27;24.33;0.00;0.000;0.00;0.00;0.00;819.96;4.000;198.38;0.45;27.82;409.98;2.000;99.19;0.24;27.82;86174.35;565.000;3391.68;7.94;4.53;98918.05;695.000;2767.18;7.75;3.22;81119.21;579.000;1371.79;4.65;1.94;126176.65;835.000;7468.08;20.94;6.81;65920.37;463.000;-4302.54;-49.05;-7.51;104678.12;688.000;2916.88;10.86;3.20;114397.45;755.000;5143.61;17.59;5.17;75559.70;530.000;2227.05;7.59;3.39;122656.96;804.000;3367.54;6.57;3.16;70565.71;429.000;2955.25;7.26;4.82;56042.87;333.000;3981.58;7.94;8.17;81324.62;538.000;1700.62;4.61;2.40;96313.77;623.000;4309.55;11.08;5.15;101943.25;675.000;2168.81;5.77;2.45;105993.05;695.000;3841.74;11.84;4.17;94123.79;621.000;2589.39;9.39;3.16;126811.83;817.000;4945.59;17.15;4.48;66296.07;393.000;7686.30;18.36;13.33;149770.83;917.000;4717.14;13.75;3.62;96054.09;591.000;2697.35;9.50;3.23;104169.52;648.000;701.47;2.05;0.77;5501.66;34.000;147.75;0.31;3.09;0.00;0.000;0.00;0.00;0.00;56728.86;314.000;1402.71;2.97;2.84;97334.10;590.000;3525.61;10.27;4.17;91854.67;533.000;3179.57;7.87;3.98
53325;GOLDI IQF MP;7;181894.66;922.000;-10705.07;-0.65;-6.77;0.00;0.000;0.00;0.00;0.00;0.00;0.000;0.00;0.00;0.00;0.00;0.000;0.00;0.00;0.00;0.00;0.000;0.00;0.00;0.00;0.00;0.000;0.00;0.00;0.00;0.00;0.000;0.00;0.00;0.00;0.00;0.000;0.00;0.00;0.00;0.00;0.000;0.00;0.00;0.00;0.00;0.000;0.00;0.00;0.00;0.00;0.000;0.00;0.00;0.00;0.00;0.000;0.00;0.00;0.00;0.00;0.000;0.00;0.00;0.00;0.00;0.000;0.00;0.00;0.00;0.00;0.000;0.00;0.00;0.00;0.00;0.000;0.00;0.00;0.00;72956.16;384.000;-11598.26;-79.21;-18.28;26574.68;132.000;-2558.65;-11.29;-11.07;2319.92;8.000;461.74;1.38;22.89;40607.75;225.000;878.38;2.58;2.49;15899.24;76.000;704.35;2.08;5.09;959.96;4.000;59.04;0.15;7.07;0.00;0.000;0.00;0.00;0.00;6959.71;29.000;428.06;1.03;7.07;2879.88;12.000;170.40;0.40;6.80;3466.90;14.000;258.62;0.72;8.58;1333.75;5.000;159.79;0.54;13.78;1067.00;4.000;127.83;0.36;13.78;3509.87;13.000;452.08;5.15;14.81;2279.88;12.000;-387.58;-1.44;-19.55;809.97;3.000;104.33;0.36;14.81;269.99;1.000;34.78;0.12;14.81;0.00;0.000;0.00;0.00;0.00;0.00;0.000;0.00;0.00;0.00;0.00;0.000;0.00;0.00;0.00;0.00;0.000;0.00;0.00;0.00;0.00;0.000;0.00;0.00;0.00;0.00;0.000;0.00;0.00;0.00;0.00;0.000;0.00;0.00;0.00;0.00;0.000;0.00;0.00;0.00;0.00;0.000;0.00;0.00;0.00;0.00;0.000;0.00;0.00;0.00;0.00;0.000;0.00;0.00;0.00;0.00;0.000;0.00;0.00;0.00;0.00;0.000;0.00;0.00;0.00;0.00;0.000;0.00;0.00;0.00;0.00;0.000;0.00;0.00;0.00;0.00;0.000;0.00;0.00;0.00;0.00;0.000;0.00;0.00;0.00;0.00;0.000;0.00;0.00;0.00
53969;OREO ICE CREAM STICK;7;10958.06;314.000;2635.56;0.16;27.66;0.00;0.000;0.00;0.00;0.00;0.00;0.000;0.00;0.00;0.00;0.00;0.000;0.00;0.00;0.00;0.00;0.000;0.00;0.00;0.00;0.00;0.000;0.00;0.00;0.00;0.00;0.000;0.00;0.00;0.00;0.00;0.000;0.00;0.00;0.00;0.00;0.000;0.00;0.00;0.00;0.00;0.000;0.00;0.00;0.00;0.00;0.000;0.00;0.00;0.00;0.00;0.000;0.00;0.00;0.00;0.00;0.000;0.00;0.00;0.00;0.00;0.000;0.00;0.00;0.00;0.00;0.000;0.00;0.00;0.00;0.00;0.000;0.00;0.00;0.00;0.00;0.000;0.00;0.00;0.00;0.00;0.000;0.00;0.00;0.00;139.96;4.000;31.68;0.09;26.03;384.89;11.000;87.11;0.26;26.03;682.19;21.000;196.36;0.58;33.10;447.86;14.000;125.83;0.32;32.31;703.78;22.000;192.22;0.44;31.41;479.85;15.000;129.26;0.31;30.98;414.85;15.000;72.74;0.17;20.16;85.97;3.000;17.16;0.05;22.95;208.93;7.000;47.04;0.16;25.89;255.92;8.000;67.50;0.19;30.33;155.00;5.000;40.22;0.46;29.84;93.00;3.000;23.27;0.09;28.77;62.00;2.000;15.51;0.05;28.77;0.00;0.000;0.00;0.00;0.00;0.00;0.000;0.00;0.00;0.00;0.00;0.000;0.00;0.00;0.00;0.00;0.000;0.00;0.00;0.00;0.00;0.000;0.00;0.00;0.00;0.00;0.000;0.00;0.00;0.00;0.00;0.000;0.00;0.00;0.00;0.00;0.000;0.00;0.00;0.00;0.00;0.000;0.00;0.00;0.00;0.00;0.000;0.00;0.00;0.00;184.95;5.000;40.35;0.10;25.09;258.93;7.000;56.48;0.16;25.09;887.76;24.000;196.06;0.69;25.40;1109.70;30.000;268.60;0.79;27.83;998.73;27.000;243.81;0.52;28.07;1590.57;43.000;346.98;0.72;25.09;507.87;13.000;130.78;0.28;29.61;734.81;19.000;190.26;0.55;29.78;570.54;16.000;116.35;0.29;23.45
54243;FRENCH FRIES 9MM;7;15501.89;311.000;5243.09;0.32;33.82;0.00;0.000;0.00;0.00;0.00;0.00;0.000;0.00;0.00;0.00;0.00;0.000;0.00;0.00;0.00;0.00;0.000;0.00;0.00;0.00;0.00;0.000;0.00;0.00;0.00;0.00;0.000;0.00;0.00;0.00;0.00;0.000;0.00;0.00;0.00;0.00;0.000;0.00;0.00;0.00;0.00;0.000;0.00;0.00;0.00;0.00;0.000;0.00;0.00;0.00;0.00;0.000;0.00;0.00;0.00;0.00;0.000;0.00;0.00;0.00;0.00;0.000;0.00;0.00;0.00;0.00;0.000;0.00;0.00;0.00;0.00;0.000;0.00;0.00;0.00;0.00;0.000;0.00;0.00;0.00;0.00;0.000;0.00;0.00;0.00;0.00;0.000;0.00;0.00;0.00;2591.98;52.000;877.02;2.57;33.84;3394.32;68.000;1151.68;3.39;33.93;3384.32;68.000;1141.68;2.87;33.73;4541.59;91.000;1539.03;3.49;33.89;1239.75;25.000;414.75;1.00;33.45;349.93;7.000;118.93;0.28;33.99;0.00;0.000;0.00;0.00;0.00;0.00;0.000;0.00;0.00;0.00;0.00;0.000;0.00;0.00;0.00;0.00;0.000;0.00;0.00;0.00;0.00;0.000;0.00;0.00;0.00;0.00;0.000;0.00;0.00;0.00;0.00;0.000;0.00;0.00;0.00;0.00;0.000;0.00;0.00;0.00;0.00;0.000;0.00;0.00;0.00;0.00;0.000;0.00;0.00;0.00;0.00;0.000;0.00;0.00;0.00;0.00;0.000;0.00;0.00;0.00;0.00;0.000;0.00;0.00;0.00;0.00;0.000;0.00;0.00;0.00;0.00;0.000;0.00;0.00;0.00;0.00;0.000;0.00;0.00;0.00;0.00;0.000;0.00;0.00;0.00;0.00;0.000;0.00;0.00;0.00;0.00;0.000;0.00;0.00;0.00;0.00;0.000;0.00;0.00;0.00;0.00;0.000;0.00;0.00;0.00;0.00;0.000;0.00;0.00;0.00;0.00;0.000;0.00;0.00;0.00;0.00;0.000;0.00;0.00;0.00;0.00;0.000;0.00;0.00;0.00
54457;C/FRESH I/CRM 1.8LT LEMON CRM;7;23306.78;390.000;1531.15;0.09;7.55;0.00;0.000;0.00;0.00;0.00;0.00;0.000;0.00;0.00;0.00;0.00;0.000;0.00;0.00;0.00;0.00;0.000;0.00;0.00;0.00;0.00;0.000;0.00;0.00;0.00;0.00;0.000;0.00;0.00;0.00;0.00;0.000;0.00;0.00;0.00;0.00;0.000;0.00;0.00;0.00;0.00;0.000;0.00;0.00;0.00;0.00;0.000;0.00;0.00;0.00;0.00;0.000;0.00;0.00;0.00;0.00;0.000;0.00;0.00;0.00;0.00;0.000;0.00;0.00;0.00;0.00;0.000;0.00;0.00;0.00;0.00;0.000;0.00;0.00;0.00;0.00;0.000;0.00;0.00;0.00;0.00;0.000;0.00;0.00;0.00;0.00;0.000;0.00;0.00;0.00;79.99;1.000;24.44;0.07;35.13;319.96;4.000;76.63;0.23;27.54;1229.83;17.000;302.38;0.76;28.27;3734.33;67.000;-119.00;-0.27;-3.66;385.95;5.000;83.61;0.20;24.91;392.95;5.000;94.98;0.22;27.80;737.12;13.000;49.13;0.14;7.67;307.96;4.000;66.19;0.22;24.72;153.98;2.000;43.66;0.12;32.60;151.98;2.000;28.28;0.32;21.40;0.00;0.000;0.00;0.00;0.00;319.96;4.000;70.48;0.24;25.33;235.97;3.000;53.32;0.18;25.99;789.47;13.000;66.42;0.13;9.67;1397.14;24.000;82.53;0.20;6.79;4192.94;81.000;90.50;0.18;2.48;1369.77;23.000;-3.42;-0.01;-0.29;426.94;6.000;59.64;0.15;16.06;681.88;12.000;16.94;0.05;2.86;76.99;1.000;18.95;0.06;28.30;109.98;2.000;7.51;0.03;7.85;0.00;0.000;0.00;0.00;0.00;59.99;1.000;2.72;0.01;5.22;156.98;2.000;39.47;0.12;28.91;2301.98;41.000;55.21;0.19;2.76;253.96;4.000;30.56;0.09;13.84;1355.83;17.000;277.83;0.59;23.57;1339.97;23.000;-41.05;-0.09;-3.52;0.00;0.000;0.00;0.00;0.00;0.00;0.000;0.00;0.00;0.00;742.98;13.000;53.27;0.13;8.24
54653;C/FRESH I/CRM 1.8LT VANILLA;7;125306.64;2 065.000;12023.52;0.73;11.03;0.00;0.000;0.00;0.00;0.00;0.00;0.000;0.00;0.00;0.00;0.00;0.000;0.00;0.00;0.00;0.00;0.000;0.00;0.00;0.00;0.00;0.000;0.00;0.00;0.00;0.00;0.000;0.00;0.00;0.00;0.00;0.000;0.00;0.00;0.00;0.00;0.000;0.00;0.00;0.00;0.00;0.000;0.00;0.00;0.00;0.00;0.000;0.00;0.00;0.00;0.00;0.000;0.00;0.00;0.00;0.00;0.000;0.00;0.00;0.00;0.00;0.000;0.00;0.00;0.00;0.00;0.000;0.00;0.00;0.00;0.00;0.000;0.00;0.00;0.00;0.00;0.000;0.00;0.00;0.00;0.00;0.000;0.00;0.00;0.00;0.00;0.000;0.00;0.00;0.00;0.00;0.000;0.00;0.00;0.00;979.86;14.000;220.37;0.65;25.86;4612.34;66.000;1032.81;2.60;25.75;13102.62;238.000;-596.34;-1.35;-5.23;1385.82;18.000;297.86;0.72;24.72;614.07;8.000;173.01;0.41;32.40;3033.74;51.000;336.91;0.94;12.77;2081.33;27.000;480.73;1.63;26.56;1539.80;20.000;431.27;1.21;32.21;1511.20;20.000;282.18;3.22;21.47;607.92;8.000;113.14;0.42;21.40;1588.19;21.000;290.38;0.99;21.03;2348.09;31.000;518.39;1.77;25.39;3971.38;62.000;535.80;1.05;15.52;6212.80;107.000;379.46;0.93;7.02;18185.67;334.000;1078.64;2.15;6.82;6032.03;97.000;219.26;0.59;4.18;2518.60;35.000;392.01;1.01;17.90;5210.94;86.000;403.23;1.07;8.90;1066.31;14.000;223.74;0.69;24.13;1635.97;28.000;169.11;0.61;11.89;1455.11;19.000;279.49;0.97;22.09;1487.94;21.000;234.11;0.56;18.09;1408.94;21.000;173.09;0.50;14.13;2148.93;36.000;177.19;0.62;9.48;2203.68;32.000;457.03;1.34;23.85;5652.07;93.000;721.00;1.53;14.67;21576.66;377.000;1571.01;3.27;8.37;6807.90;110.000;903.89;1.91;15.27;972.86;14.000;207.56;0.60;24.54;3353.87;57.000;317.19;0.78;10.88
54654;C/FRESH I/CRM 1.8LT NEAPOLITAN;7;49090.53;820.000;4424.32;0.27;10.36;0.00;0.000;0.00;0.00;0.00;0.00;0.000;0.00;0.00;0.00;0.00;0.000;0.00;0.00;0.00;0.00;0.000;0.00;0.00;0.00;0.00;0.000;0.00;0.00;0.00;0.00;0.000;0.00;0.00;0.00;0.00;0.000;0.00;0.00;0.00;0.00;0.000;0.00;0.00;0.00;0.00;0.000;0.00;0.00;0.00;0.00;0.000;0.00;0.00;0.00;0.00;0.000;0.00;0.00;0.00;0.00;0.000;0.00;0.00;0.00;0.00;0.000;0.00;0.00;0.00;0.00;0.000;0.00;0.00;0.00;0.00;0.000;0.00;0.00;0.00;0.00;0.000;0.00;0.00;0.00;0.00;0.000;0.00;0.00;0.00;0.00;0.000;0.00;0.00;0.00;0.00;0.000;0.00;0.00;0.00;0.00;0.000;0.00;0.00;0.00;1609.77;23.000;362.04;0.91;25.86;4084.26;74.000;-172.79;-0.39;-4.87;0.00;0.000;0.00;0.00;0.00;948.88;12.000;241.43;0.57;29.26;1469.00;25.000;149.39;0.42;11.69;233.97;3.000;57.53;0.19;28.28;153.98;2.000;38.38;0.11;28.66;379.95;5.000;70.71;0.81;21.40;75.99;1.000;14.14;0.05;21.40;227.97;3.000;42.43;0.15;21.40;151.98;2.000;28.28;0.10;21.40;1231.61;19.000;178.01;0.35;16.62;3018.26;51.000;223.65;0.55;8.52;6006.86;112.000;320.99;0.64;6.15;1745.73;27.000;127.56;0.35;8.40;1728.41;24.000;260.44;0.67;17.33;1918.07;33.000;83.88;0.22;5.03;689.06;9.000;155.37;0.48;25.93;373.94;6.000;52.91;0.19;16.27;153.98;2.000;29.45;0.10;21.99;179.97;3.000;8.17;0.02;5.22;487.93;7.000;82.72;0.24;19.50;2064.90;33.000;229.12;0.81;12.76;1073.83;17.000;158.56;0.46;16.98;2729.54;46.000;275.90;0.59;11.62;8194.89;144.000;559.55;1.16;7.85;2880.53;47.000;361.60;0.76;14.44;279.96;4.000;61.04;0.18;25.07;4997.31;86.000;423.86;1.05;9.75
54655;C/FRESH I/CRM 1.8LT RUM&RAISIN;7;48459.39;797.000;4934.67;0.30;11.71;0.00;0.000;0.00;0.00;0.00;0.00;0.000;0.00;0.00;0.00;0.00;0.000;0.00;0.00;0.00;0.00;0.000;0.00;0.00;0.00;0.00;0.000;0.00;0.00;0.00;0.00;0.000;0.00;0.00;0.00;0.00;0.000;0.00;0.00;0.00;0.00;0.000;0.00;0.00;0.00;0.00;0.000;0.00;0.00;0.00;0.00;0.000;0.00;0.00;0.00;0.00;0.000;0.00;0.00;0.00;0.00;0.000;0.00;0.00;0.00;0.00;0.000;0.00;0.00;0.00;0.00;0.000;0.00;0.00;0.00;0.00;0.000;0.00;0.00;0.00;0.00;0.000;0.00;0.00;0.00;0.00;0.000;0.00;0.00;0.00;0.00;0.000;0.00;0.00;0.00;0.00;0.000;0.00;0.00;0.00;0.00;0.000;0.00;0.00;0.00;0.00;0.000;0.00;0.00;0.00;0.00;0.000;0.00;0.00;0.00;1076.36;14.000;230.37;0.55;24.61;1494.96;19.000;400.44;0.94;30.80;1307.19;21.000;173.32;0.49;15.25;229.97;3.000;48.77;0.17;24.39;307.96;4.000;87.31;0.24;32.60;75.99;1.000;14.14;0.16;21.40;151.98;2.000;28.28;0.11;21.40;151.98;2.000;28.28;0.10;21.40;75.99;1.000;14.14;0.05;21.40;1886.30;30.000;225.71;0.44;13.76;2089.27;36.000;126.83;0.31;6.98;5569.91;106.000;183.55;0.37;3.79;4150.45;65.000;241.12;0.65;6.68;1150.99;16.000;173.82;0.45;17.37;2301.35;40.000;81.16;0.22;4.06;384.95;5.000;78.99;0.24;23.60;428.93;7.000;56.66;0.21;15.19;227.12;3.000;43.51;0.15;22.03;496.92;8.000;35.04;0.08;8.11;881.87;13.000;129.11;0.38;16.84;2021.96;35.000;95.98;0.34;5.46;1073.83;17.000;158.56;0.46;16.98;4134.33;67.000;539.85;1.15;15.02;10909.86;192.000;731.58;1.52;7.71;1765.76;24.000;441.04;0.93;28.72;556.42;8.000;119.04;0.35;24.60;3556.79;58.000;448.04;1.11;14.49
54656;C/FRESH I/CRM 1.8LT BLUEB CH/C;7;57260.62;936.000;5944.93;0.36;11.94;0.00;0.000;0.00;0.00;0.00;0.00;0.000;0.00;0.00;0.00;0.00;0.000;0.00;0.00;0.00;0.00;0.000;0.00;0.00;0.00;0.00;0.000;0.00;0.00;0.00;0.00;0.000;0.00;0.00;0.00;0.00;0.000;0.00;0.00;0.00;0.00;0.000;0.00;0.00;0.00;0.00;0.000;0.00;0.00;0.00;0.00;0.000;0.00;0.00;0.00;0.00;0.000;0.00;0.00;0.00;0.00;0.000;0.00;0.00;0.00;0.00;0.000;0.00;0.00;0.00;0.00;0.000;0.00;0.00;0.00;0.00;0.000;0.00;0.00;0.00;0.00;0.000;0.00;0.00;0.00;0.00;0.000;0.00;0.00;0.00;0.00;0.000;0.00;0.00;0.00;0.00;0.000;0.00;0.00;0.00;349.95;5.000;62.86;0.19;20.66;2169.69;31.000;487.97;1.23;25.86;2599.53;47.000;-103.06;-0.23;-4.56;1376.33;18.000;289.61;0.70;24.20;1504.81;19.000;387.89;0.91;29.64;2519.83;42.000;269.71;0.76;12.31;79.99;1.000;19.16;0.06;27.54;230.97;3.000;54.92;0.15;27.35;0.00;0.000;0.00;0.00;0.00;151.98;2.000;28.28;0.11;21.40;303.96;4.000;56.57;0.19;21.40;379.95;5.000;90.39;0.31;27.36;1669.74;26.000;244.20;0.48;16.82;2286.51;38.000;199.59;0.49;10.04;6031.80;111.000;350.16;0.70;6.68;3565.04;56.000;195.55;0.53;6.31;2421.66;34.000;347.84;0.89;16.52;2691.78;47.000;84.66;0.23;3.62;538.93;7.000;124.76;0.38;26.62;294.20;5.000;31.57;0.11;12.34;230.97;3.000;40.43;0.14;20.13;590.91;9.000;64.26;0.15;12.51;290.96;4.000;54.19;0.16;21.42;1436.93;23.000;147.90;0.52;11.84;1611.76;24.000;307.12;0.90;21.91;4904.14;86.000;342.84;0.73;8.04;10495.87;185.000;690.79;1.44;7.57;2866.60;40.000;668.69;1.41;26.83;419.94;6.000;91.56;0.27;25.07;3245.89;55.000;314.50;0.78;11.14
55982;CADBURY CRUNCHIE BLAST;7;9117.76;275.000;1899.26;0.11;23.95;0.00;0.000;0.00;0.00;0.00;0.00;0.000;0.00;0.00;0.00;0.00;0.000;0.00;0.00;0.00;0.00;0.000;0.00;0.00;0.00;0.00;0.000;0.00;0.00;0.00;0.00;0.000;0.00;0.00;0.00;0.00;0.000;0.00;0.00;0.00;0.00;0.000;0.00;0.00;0.00;0.00;0.000;0.00;0.00;0.00;0.00;0.000;0.00;0.00;0.00;0.00;0.000;0.00;0.00;0.00;0.00;0.000;0.00;0.00;0.00;0.00;0.000;0.00;0.00;0.00;0.00;0.000;0.00;0.00;0.00;0.00;0.000;0.00;0.00;0.00;0.00;0.000;0.00;0.00;0.00;0.00;0.000;0.00;0.00;0.00;0.00;0.000;0.00;0.00;0.00;0.00;0.000;0.00;0.00;0.00;0.00;0.000;0.00;0.00;0.00;0.00;0.000;0.00;0.00;0.00;223.93;7.000;60.32;0.14;30.98;287.91;9.000;77.56;0.19;30.98;338.88;12.000;64.28;0.15;21.81;245.92;8.000;61.92;0.17;28.96;58.98;2.000;13.37;0.05;26.06;191.94;6.000;54.34;0.15;32.56;217.99;7.000;58.52;0.67;30.87;0.00;0.000;0.00;0.00;0.00;279.00;9.000;69.81;0.24;28.77;62.00;2.000;15.51;0.05;28.77;341.00;11.000;84.83;0.17;28.61;739.00;24.000;71.93;0.18;11.19;372.00;12.000;65.43;0.13;20.23;310.00;10.000;54.53;0.15;20.23;773.45;25.000;135.44;0.35;20.14;341.00;11.000;65.15;0.17;21.97;403.00;13.000;70.88;0.22;20.23;186.00;6.000;27.53;0.10;17.02;36.99;1.000;8.07;0.03;25.09;147.96;4.000;32.28;0.08;25.09;221.94;6.000;48.42;0.14;25.09;147.96;4.000;32.76;0.12;25.46;295.92;8.000;71.22;0.21;27.68;369.90;10.000;83.57;0.18;25.98;591.84;16.000;129.11;0.27;25.09;886.77;23.000;217.86;0.46;28.25;475.60;13.000;106.56;0.31;25.77;570.88;16.000;118.08;0.29;23.79
56713;CADBURY I/CRM 90ML HAZELNUT;7;10139.08;303.000;2174.33;0.13;24.66;0.00;0.000;0.00;0.00;0.00;0.00;0.000;0.00;0.00;0.00;0.00;0.000;0.00;0.00;0.00;0.00;0.000;0.00;0.00;0.00;0.00;0.000;0.00;0.00;0.00;0.00;0.000;0.00;0.00;0.00;0.00;0.000;0.00;0.00;0.00;0.00;0.000;0.00;0.00;0.00;0.00;0.000;0.00;0.00;0.00;0.00;0.000;0.00;0.00;0.00;0.00;0.000;0.00;0.00;0.00;0.00;0.000;0.00;0.00;0.00;0.00;0.000;0.00;0.00;0.00;0.00;0.000;0.00;0.00;0.00;0.00;0.000;0.00;0.00;0.00;0.00;0.000;0.00;0.00;0.00;0.00;0.000;0.00;0.00;0.00;0.00;0.000;0.00;0.00;0.00;0.00;0.000;0.00;0.00;0.00;0.00;0.000;0.00;0.00;0.00;0.00;0.000;0.00;0.00;0.00;0.00;0.000;0.00;0.00;0.00;0.00;0.000;0.00;0.00;0.00;0.00;0.000;0.00;0.00;0.00;0.00;0.000;0.00;0.00;0.00;0.00;0.000;0.00;0.00;0.00;0.00;0.000;0.00;0.00;0.00;155.00;5.000;40.22;0.46;29.84;124.00;4.000;31.03;0.12;28.77;651.00;21.000;162.89;0.56;28.77;589.00;19.000;147.37;0.50;28.77;248.00;8.000;64.41;0.13;29.87;706.00;23.000;120.83;0.30;19.68;837.00;27.000;147.22;0.29;20.23;155.00;5.000;27.26;0.07;20.23;341.00;11.000;59.98;0.15;20.23;930.00;30.000;177.68;0.47;21.97;527.00;17.000;92.69;0.29;20.23;124.00;4.000;21.81;0.08;20.23;73.98;2.000;16.14;0.06;25.09;221.94;6.000;48.42;0.12;25.09;258.93;7.000;56.48;0.16;25.09;406.89;11.000;88.76;0.31;25.09;554.85;15.000;132.94;0.39;27.55;480.87;13.000;110.62;0.23;26.46;554.85;15.000;121.04;0.25;25.09;1108.71;29.000;266.75;0.56;27.67;636.26;18.000;128.18;0.37;23.17;454.80;13.000;111.61;0.28;28.22
57729;BIG DEAL CLASSIC;7;8116.24;463.000;2211.63;0.13;31.34;0.00;0.000;0.00;0.00;0.00;0.00;0.000;0.00;0.00;0.00;0.00;0.000;0.00;0.00;0.00;0.00;0.000;0.00;0.00;0.00;0.00;0.000;0.00;0.00;0.00;0.00;0.000;0.00;0.00;0.00;0.00;0.000;0.00;0.00;0.00;0.00;0.000;0.00;0.00;0.00;0.00;0.000;0.00;0.00;0.00;0.00;0.000;0.00;0.00;0.00;0.00;0.000;0.00;0.00;0.00;0.00;0.000;0.00;0.00;0.00;0.00;0.000;0.00;0.00;0.00;0.00;0.000;0.00;0.00;0.00;0.00;0.000;0.00;0.00;0.00;0.00;0.000;0.00;0.00;0.00;0.00;0.000;0.00;0.00;0.00;0.00;0.000;0.00;0.00;0.00;0.00;0.000;0.00;0.00;0.00;0.00;0.000;0.00;0.00;0.00;0.00;0.000;0.00;0.00;0.00;0.00;0.000;0.00;0.00;0.00;0.00;0.000;0.00;0.00;0.00;0.00;0.000;0.00;0.00;0.00;0.00;0.000;0.00;0.00;0.00;0.00;0.000;0.00;0.00;0.00;58.00;4.000;16.18;0.05;32.09;29.00;2.000;8.09;0.09;32.09;101.50;7.000;28.32;0.11;32.09;203.00;14.000;56.64;0.19;32.09;174.00;12.000;48.55;0.17;32.09;80.50;5.000;21.09;0.04;30.13;726.00;44.000;187.48;0.46;29.70;759.00;46.000;196.00;0.39;29.70;379.50;23.000;98.00;0.27;29.70;726.00;44.000;187.48;0.48;29.70;577.50;35.000;149.13;0.40;29.70;0.00;0.000;0.00;0.00;0.00;115.50;7.000;29.83;0.11;29.70;66.00;4.000;17.04;0.06;29.70;49.50;3.000;12.78;0.03;29.70;99.00;6.000;25.56;0.07;29.70;16.50;1.000;4.26;0.01;29.70;278.03;17.000;70.29;0.21;29.07;409.50;21.000;126.00;0.27;35.38;390.00;20.000;120.00;0.25;35.38;1203.15;62.000;320.90;0.68;30.67;604.50;31.000;159.70;0.47;30.38;1070.56;55.000;328.31;0.81;35.27
60304;C/FAIR IQF MIXED PORTIONS;7;257289.89;1 309.000;8253.46;0.50;3.69;0.00;0.000;0.00;0.00;0.00;0.00;0.000;0.00;0.00;0.00;0.00;0.000;0.00;0.00;0.00;0.00;0.000;0.00;0.00;0.00;0.00;0.000;0.00;0.00;0.00;0.00;0.000;0.00;0.00;0.00;0.00;0.000;0.00;0.00;0.00;0.00;0.000;0.00;0.00;0.00;0.00;0.000;0.00;0.00;0.00;0.00;0.000;0.00;0.00;0.00;0.00;0.000;0.00;0.00;0.00;0.00;0.000;0.00;0.00;0.00;0.00;0.000;0.00;0.00;0.00;0.00;0.000;0.00;0.00;0.00;0.00;0.000;0.00;0.00;0.00;0.00;0.000;0.00;0.00;0.00;0.00;0.000;0.00;0.00;0.00;0.00;0.000;0.00;0.00;0.00;0.00;0.000;0.00;0.00;0.00;0.00;0.000;0.00;0.00;0.00;0.00;0.000;0.00;0.00;0.00;0.00;0.000;0.00;0.00;0.00;0.00;0.000;0.00;0.00;0.00;0.00;0.000;0.00;0.00;0.00;0.00;0.000;0.00;0.00;0.00;0.00;0.000;0.00;0.00;0.00;0.00;0.000;0.00;0.00;0.00;0.00;0.000;0.00;0.00;0.00;0.00;0.000;0.00;0.00;0.00;0.00;0.000;0.00;0.00;0.00;0.00;0.000;0.00;0.00;0.00;0.00;0.000;0.00;0.00;0.00;0.00;0.000;0.00;0.00;0.00;0.00;0.000;0.00;0.00;0.00;66196.52;348.000;1114.66;3.02;1.94;56027.11;289.000;1684.52;4.33;3.46;0.00;0.000;0.00;0.00;0.00;0.00;0.000;0.00;0.00;0.00;19878.96;104.000;501.89;1.82;2.90;21487.97;103.000;590.01;2.05;3.16;279.99;1.000;46.12;0.11;18.94;28490.66;130.000;1062.12;3.10;4.29;8119.71;29.000;1337.55;4.71;18.94;1422.95;5.000;237.05;0.69;19.16;55386.02;300.000;1679.55;3.56;3.49;0.00;0.000;0.00;0.00;0.00;0.00;0.000;0.00;0.00;0.00;0.00;0.000;0.00;0.00;0.00;0.00;0.000;0.00;0.00;0.00
60806;SPAR COUNTRY MIX 250GR;7;4934.92;293.000;867.71;0.05;17.58;0.00;0.000;0.00;0.00;0.00;0.00;0.000;0.00;0.00;0.00;0.00;0.000;0.00;0.00;0.00;0.00;0.000;0.00;0.00;0.00;0.00;0.000;0.00;0.00;0.00;0.00;0.000;0.00;0.00;0.00;0.00;0.000;0.00;0.00;0.00;0.00;0.000;0.00;0.00;0.00;0.00;0.000;0.00;0.00;0.00;0.00;0.000;0.00;0.00;0.00;0.00;0.000;0.00;0.00;0.00;0.00;0.000;0.00;0.00;0.00;0.00;0.000;0.00;0.00;0.00;0.00;0.000;0.00;0.00;0.00;0.00;0.000;0.00;0.00;0.00;0.00;0.000;0.00;0.00;0.00;0.00;0.000;0.00;0.00;0.00;0.00;0.000;0.00;0.00;0.00;0.00;0.000;0.00;0.00;0.00;0.00;0.000;0.00;0.00;0.00;0.00;0.000;0.00;0.00;0.00;0.00;0.000;0.00;0.00;0.00;0.00;0.000;0.00;0.00;0.00;0.00;0.000;0.00;0.00;0.00;0.00;0.000;0.00;0.00;0.00;0.00;0.000;0.00;0.00;0.00;0.00;0.000;0.00;0.00;0.00;0.00;0.000;0.00;0.00;0.00;0.00;0.000;0.00;0.00;0.00;0.00;0.000;0.00;0.00;0.00;0.00;0.000;0.00;0.00;0.00;0.00;0.000;0.00;0.00;0.00;0.00;0.000;0.00;0.00;0.00;0.00;0.000;0.00;0.00;0.00;0.00;0.000;0.00;0.00;0.00;429.96;24.000;96.80;0.25;22.51;53.97;3.000;12.32;0.03;22.84;323.82;18.000;73.95;0.23;22.84;526.78;32.000;92.43;0.34;17.55;783.48;52.000;88.41;0.31;11.28;251.86;14.000;57.52;0.14;22.84;17.99;1.000;4.11;0.01;22.84;335.76;24.000;19.51;0.07;5.81;0.00;0.000;0.00;0.00;0.00;311.80;20.000;36.32;0.08;11.65;376.85;20.000;87.60;0.18;23.24;301.94;16.000;69.96;0.15;23.17;605.84;36.000;87.90;0.26;14.51;614.87;33.000;140.89;0.35;22.91
61244;PADDLE POP I/CRM TWISTER ISLAN;7;6037.47;357.000;1760.45;0.11;33.53;0.00;0.000;0.00;0.00;0.00;0.00;0.000;0.00;0.00;0.00;0.00;0.000;0.00;0.00;0.00;0.00;0.000;0.00;0.00;0.00;0.00;0.000;0.00;0.00;0.00;0.00;0.000;0.00;0.00;0.00;0.00;0.000;0.00;0.00;0.00;0.00;0.000;0.00;0.00;0.00;0.00;0.000;0.00;0.00;0.00;0.00;0.000;0.00;0.00;0.00;0.00;0.000;0.00;0.00;0.00;0.00;0.000;0.00;0.00;0.00;0.00;0.000;0.00;0.00;0.00;0.00;0.000;0.00;0.00;0.00;0.00;0.000;0.00;0.00;0.00;0.00;0.000;0.00;0.00;0.00;0.00;0.000;0.00;0.00;0.00;0.00;0.000;0.00;0.00;0.00;0.00;0.000;0.00;0.00;0.00;0.00;0.000;0.00;0.00;0.00;0.00;0.000;0.00;0.00;0.00;0.00;0.000;0.00;0.00;0.00;0.00;0.000;0.00;0.00;0.00;0.00;0.000;0.00;0.00;0.00;0.00;0.000;0.00;0.00;0.00;0.00;0.000;0.00;0.00;0.00;0.00;0.000;0.00;0.00;0.00;0.00;0.000;0.00;0.00;0.00;0.00;0.000;0.00;0.00;0.00;0.00;0.000;0.00;0.00;0.00;0.00;0.000;0.00;0.00;0.00;0.00;0.000;0.00;0.00;0.00;0.00;0.000;0.00;0.00;0.00;0.00;0.000;0.00;0.00;0.00;0.00;0.000;0.00;0.00;0.00;0.00;0.000;0.00;0.00;0.00;0.00;0.000;0.00;0.00;0.00;480.00;24.000;115.31;0.36;27.63;280.00;14.000;67.26;0.24;27.63;140.00;7.000;33.63;0.12;27.63;59.97;3.000;23.81;0.06;45.67;180.00;12.000;43.19;0.13;27.59;357.48;24.000;86.73;0.31;27.90;599.87;41.000;138.08;0.40;26.47;802.44;54.000;187.77;0.40;26.91;1369.65;82.000;416.55;0.87;34.97;1010.48;52.000;393.54;0.83;44.79;325.85;17.000;126.49;0.37;44.64;431.73;27.000;128.10;0.32;34.12
64171;OLA BERRY DELIGHT;7;1809.62;363.000;427.16;0.03;27.15;0.00;0.000;0.00;0.00;0.00;0.00;0.000;0.00;0.00;0.00;0.00;0.000;0.00;0.00;0.00;0.00;0.000;0.00;0.00;0.00;0.00;0.000;0.00;0.00;0.00;0.00;0.000;0.00;0.00;0.00;0.00;0.000;0.00;0.00;0.00;0.00;0.000;0.00;0.00;0.00;0.00;0.000;0.00;0.00;0.00;0.00;0.000;0.00;0.00;0.00;0.00;0.000;0.00;0.00;0.00;0.00;0.000;0.00;0.00;0.00;0.00;0.000;0.00;0.00;0.00;0.00;0.000;0.00;0.00;0.00;0.00;0.000;0.00;0.00;0.00;0.00;0.000;0.00;0.00;0.00;0.00;0.000;0.00;0.00;0.00;0.00;0.000;0.00;0.00;0.00;0.00;0.000;0.00;0.00;0.00;0.00;0.000;0.00;0.00;0.00;0.00;0.000;0.00;0.00;0.00;0.00;0.000;0.00;0.00;0.00;0.00;0.000;0.00;0.00;0.00;0.00;0.000;0.00;0.00;0.00;0.00;0.000;0.00;0.00;0.00;0.00;0.000;0.00;0.00;0.00;0.00;0.000;0.00;0.00;0.00;0.00;0.000;0.00;0.00;0.00;0.00;0.000;0.00;0.00;0.00;0.00;0.000;0.00;0.00;0.00;0.00;0.000;0.00;0.00;0.00;0.00;0.000;0.00;0.00;0.00;0.00;0.000;0.00;0.00;0.00;0.00;0.000;0.00;0.00;0.00;0.00;0.000;0.00;0.00;0.00;0.00;0.000;0.00;0.00;0.00;0.00;0.000;0.00;0.00;0.00;0.00;0.000;0.00;0.00;0.00;0.00;0.000;0.00;0.00;0.00;0.00;0.000;0.00;0.00;0.00;0.00;0.000;0.00;0.00;0.00;0.00;0.000;0.00;0.00;0.00;0.00;0.000;0.00;0.00;0.00;299.40;60.000;70.86;0.21;27.22;263.47;53.000;61.72;0.13;26.94;328.84;66.000;77.51;0.16;27.11;369.01;74.000;87.17;0.18;27.17;319.36;64.000;75.58;0.22;27.22;229.54;46.000;54.32;0.13;27.22
64490;OLA JOY MILKSHAPE DIP;7;2717.00;272.000;707.94;0.04;29.96;0.00;0.000;0.00;0.00;0.00;0.00;0.000;0.00;0.00;0.00;0.00;0.000;0.00;0.00;0.00;0.00;0.000;0.00;0.00;0.00;0.00;0.000;0.00;0.00;0.00;0.00;0.000;0.00;0.00;0.00;0.00;0.000;0.00;0.00;0.00;0.00;0.000;0.00;0.00;0.00;0.00;0.000;0.00;0.00;0.00;0.00;0.000;0.00;0.00;0.00;0.00;0.000;0.00;0.00;0.00;0.00;0.000;0.00;0.00;0.00;0.00;0.000;0.00;0.00;0.00;0.00;0.000;0.00;0.00;0.00;0.00;0.000;0.00;0.00;0.00;0.00;0.000;0.00;0.00;0.00;0.00;0.000;0.00;0.00;0.00;0.00;0.000;0.00;0.00;0.00;0.00;0.000;0.00;0.00;0.00;0.00;0.000;0.00;0.00;0.00;0.00;0.000;0.00;0.00;0.00;0.00;0.000;0.00;0.00;0.00;0.00;0.000;0.00;0.00;0.00;0.00;0.000;0.00;0.00;0.00;0.00;0.000;0.00;0.00;0.00;0.00;0.000;0.00;0.00;0.00;0.00;0.000;0.00;0.00;0.00;0.00;0.000;0.00;0.00;0.00;0.00;0.000;0.00;0.00;0.00;0.00;0.000;0.00;0.00;0.00;0.00;0.000;0.00;0.00;0.00;0.00;0.000;0.00;0.00;0.00;0.00;0.000;0.00;0.00;0.00;0.00;0.000;0.00;0.00;0.00;0.00;0.000;0.00;0.00;0.00;0.00;0.000;0.00;0.00;0.00;0.00;0.000;0.00;0.00;0.00;0.00;0.000;0.00;0.00;0.00;0.00;0.000;0.00;0.00;0.00;0.00;0.000;0.00;0.00;0.00;0.00;0.000;0.00;0.00;0.00;0.00;0.000;0.00;0.00;0.00;0.00;0.000;0.00;0.00;0.00;89.00;9.000;22.64;0.07;29.26;399.50;40.000;104.06;0.22;29.95;660.00;66.000;172.41;0.36;30.04;669.50;67.000;174.59;0.37;29.99;529.00;53.000;137.58;0.40;29.91;370.00;37.000;96.66;0.24;30.04
99990701;FROZENS 15%;7;91032.53;4 550.000;11255.08;0.68;14.22;54.00;3.000;6.69;0.03;14.26;203.00;11.000;25.16;0.11;14.26;191.99;105.000;23.80;0.07;14.26;509.97;3.000;63.22;0.21;14.26;232.00;202.000;28.76;0.15;14.26;164.38;133.000;20.38;0.12;14.26;106.00;6.000;13.14;0.05;14.26;0.00;0.000;0.00;0.00;0.00;-781.00;202.000;-96.82;-0.28;14.26;306.00;17.000;37.93;0.09;14.26;911.96;514.000;113.05;0.31;14.26;1005.97;755.000;124.71;0.33;14.26;318.90;13.000;39.53;0.11;14.26;0.00;0.000;0.00;0.00;0.00;67.00;51.000;8.31;0.03;14.26;-86.99;-1.000;-10.78;-0.07;14.26;359.94;6.000;44.62;0.20;14.26;0.00;0.000;0.00;0.00;0.00;177.98;3.000;22.06;0.06;14.26;98.00;100.000;12.15;0.04;14.26;405.99;305.000;50.33;0.13;14.26;703.00;35.000;87.15;0.20;14.26;1084.95;759.000;134.50;0.32;14.26;1054.96;505.000;130.78;0.31;14.26;1006.84;27.000;124.81;0.35;14.26;292.08;8.000;34.83;0.12;13.71;160.00;2.000;19.83;0.06;14.26;80.98;2.000;10.04;0.11;14.26;22.99;1.000;2.85;0.01;14.26;299.96;4.000;37.18;0.13;14.26;2874.85;25.000;356.38;1.21;14.26;9733.04;196.000;1206.56;2.36;14.26;599.98;14.000;74.38;0.18;14.26;313.00;4.000;38.80;0.08;14.26;26.01;11.000;3.22;0.01;14.26;6.86;0.000;0.85;0.00;14.26;525.00;0.000;65.08;0.17;14.26;1744.99;17.000;216.32;0.67;14.26;413.47;10.000;51.26;0.19;14.26;366.97;6.000;45.49;0.16;14.26;149.99;2.000;18.59;0.04;14.26;8327.48;58.000;1032.32;3.01;14.26;668.45;19.000;78.02;0.27;13.42;374.98;18.000;46.48;0.14;14.26;50213.01;313.000;6209.75;13.17;14.22;3103.41;53.000;384.71;0.80;14.26;1197.88;18.000;148.50;0.31;14.26;479.98;8.000;59.50;0.17;14.26;962.33;7.000;110.65;0.27;13.22
;Total (Overall);;19249844.38;340 063.000;1656899.19;100.00;9.71;374926.09;7 953.000;24183.17;100.00;7.26;367903.31;7 377.000;22470.61;100.00;6.89;319917.86;6 095.000;33500.72;100.00;11.84;303711.61;5 515.000;30619.64;100.00;11.37;313093.42;6 281.000;19566.74;100.00;7.03;307995.13;5 953.000;16315.16;100.00;5.96;331971.88;5 979.000;25891.02;100.00;8.80;400333.66;9 028.000;27711.38;100.00;7.80;452351.01;9 682.000;33974.51;100.00;8.49;429704.30;9 078.000;43374.03;100.00;11.36;447238.28;10 289.000;36898.76;100.00;9.33;399503.15;8 770.000;37792.58;100.00;10.69;404660.46;7 232.000;35797.44;100.00;9.98;428745.09;6 678.000;36937.53;100.00;9.75;335478.78;5 591.000;29626.94;100.00;9.96;319748.48;5 644.000;14642.03;100.00;5.17;387112.88;6 061.000;22663.05;100.00;6.62;385075.80;6 342.000;33447.37;100.00;9.80;393247.22;6 840.000;34104.94;100.00;9.79;381840.57;7 254.000;33925.18;100.00;10.05;430531.55;8 521.000;39736.08;100.00;10.43;419448.96;8 304.000;44048.54;100.00;11.82;379641.31;9 085.000;41561.79;100.00;12.32;379057.94;7 978.000;42709.42;100.00;12.70;431285.55;7 693.000;35690.68;100.00;9.34;330401.11;5 070.000;29522.35;100.00;10.07;396918.95;5 708.000;35656.45;100.00;10.13;350799.77;5 320.000;8771.93;100.00;2.82;363798.44;4 514.000;26850.48;100.00;8.34;418469.18;5 578.000;29248.33;100.00;7.89;362530.14;5 542.000;29332.43;100.00;9.14;455140.26;6 928.000;51221.15;100.00;12.70;496077.75;8 362.000;40687.39;100.00;9.27;466936.52;10 423.000;50163.52;100.00;12.10;426180.48;7 871.000;36922.54;100.00;9.78;442289.95;7 887.000;38908.80;100.00;9.93;480265.99;7 983.000;37612.02;100.00;8.84;460703.90;6 415.000;32449.43;100.00;7.96;435204.91;5 288.000;27566.05;100.00;7.17;363247.29;4 479.000;28834.70;100.00;8.97;263964.39;3 992.000;41872.14;100.00;17.75;392259.25;4 756.000;34312.41;100.00;9.89;345594.77;4 896.000;28407.57;100.00;9.27;435215.29;7 015.000;34165.95;100.00;8.86;450364.18;7 433.000;47135.94;100.00;11.83;411315.08;8 271.000;48049.49;100.00;13.15;393289.80;7 451.000;47268.13;100.00;13.54;373739.16;6 397.000;34325.48;100.00;10.34;410613.53;7 261.000;40425.18;100.00;11.10
