;;;Totals; ; ; ; ;01/03/22; ; ; ; ;01/04/22; ; ; ; ;01/05/22; ; ; ; ;01/06/22; ; ; ; ;01/07/22; ; ; ; ;01/08/22; ; ; ; ;01/09/22; ; ; ; ;01/10/22; ; ; ; ;01/11/22; ; ; ; ;01/12/22; ; ; ; ;01/01/23; ; ; ; ;01/02/23; ; ; ; ;01/03/23; ; ; ; ;01/04/23; ; ; ; ;01/05/23; ; ; ; ;01/06/23; ; ; ; ;01/07/23; ; ; ; ;01/08/23; ; ; ; ;01/09/23; ; ; ; ;01/10/23; ; ; ; ;01/11/23; ; ; ; ;01/12/23; ; ; ; ;01/01/24; ; ; ; ;01/02/24; ; ; ; ;01/03/24; ; ; ; ;01/04/24; ; ; ; ;01/05/24; ; ; ; ;01/06/24; ; ; ; ;01/07/24; ; ; ; ;01/08/24; ; ; ; ;01/09/24; ; ; ; ;01/10/24; ; ; ; ;01/11/24; ; ; ; ;01/12/24; ; ; ; ;01/01/25; ; ; ; ;01/02/25; ; ; ; ;01/03/25; ; ; ; ;01/04/25; ; ; ; ;01/05/25; ; ; ; ;01/06/25; ; ; ; ;01/07/25; ; ; ; ;01/08/25; ; ; ; ;01/09/25; ; ; ; ;01/10/25; ; ; ; ;01/11/25; ; ; ; ;01/12/25; ; ; ; ;01/01/26; ; ; ; ;01/02/26; ; ; ; ;01/03/26; ; ; ; 
Product Code;Product Description;Department;Sales incl. VAT;Sales Quantity;Gross Profit;GP Ratio (%);GP %;Sales incl. VAT;Sales Quantity;Gross Profit;GP Ratio (%);GP %;Sales incl. VAT;Sales Quantity;Gross Profit;GP Ratio (%);GP %;Sales incl. VAT;Sales Quantity;Gross Profit;GP Ratio (%);GP %;Sales incl. VAT;Sales Quantity;Gross Profit;GP Ratio (%);GP %;Sales incl. VAT;Sales Quantity;Gross Profit;GP Ratio (%);GP %;Sales incl. VAT;Sales Quantity;Gross Profit;GP Ratio (%);GP %;Sales incl. VAT;Sales Quantity;Gross Profit;GP Ratio (%);GP %;Sales incl. VAT;Sales Quantity;Gross Profit;GP Ratio (%);GP %;Sales incl. VAT;Sales Quantity;Gross Profit;GP Ratio (%);GP %;Sales incl. VAT;Sales Quantity;Gross Profit;GP Ratio (%);GP %;Sales incl. VAT;Sales Quantity;Gross Profit;GP Ratio (%);GP %;Sales incl. VAT;Sales Quantity;Gross Profit;GP Ratio (%);GP %;Sales incl. VAT;Sales Quantity;Gross Profit;GP Ratio (%);GP %;Sales incl. VAT;Sales Quantity;Gross Profit;GP Ratio (%);GP %;Sales incl. VAT;Sales Quantity;Gross Profit;GP Ratio (%);GP %;Sales incl. VAT;Sales Quantity;Gross Profit;GP Ratio (%);GP %;Sales incl. VAT;Sales Quantity;Gross Profit;GP Ratio (%);GP %;Sales incl. VAT;Sales Quantity;Gross Profit;GP Ratio (%);GP %;Sales incl. VAT;Sales Quantity;Gross Profit;GP Ratio (%);GP %;Sales incl. VAT;Sales Quantity;Gross Profit;GP Ratio (%);GP %;Sales incl. VAT;Sales Quantity;Gross Profit;GP Ratio (%);GP %;Sales incl. VAT;Sales Quantity;Gross Profit;GP Ratio (%);GP %;Sales incl. VAT;Sales Quantity;Gross Profit;GP Ratio (%);GP %;Sales incl. VAT;Sales Quantity;Gross Profit;GP Ratio (%);GP %;Sales incl. VAT;Sales Quantity;Gross Profit;GP Ratio (%);GP %;Sales incl. VAT;Sales Quantity;Gross Profit;GP Ratio (%);GP %;Sales incl. VAT;Sales Quantity;Gross Profit;GP Ratio (%);GP %;Sales incl. VAT;Sales Quantity;Gross Profit;GP Ratio (%);GP %;Sales incl. VAT;Sales Quantity;Gross Profit;GP Ratio (%);GP %;Sales incl. VAT;Sales Quantity;Gross Profit;GP Ratio (%);GP %;Sales incl. VAT;Sales Quantity;Gross Profit;GP Ratio (%);GP %;Sales incl. VAT;Sales Quantity;Gross Profit;GP Ratio (%);GP %;Sales incl. VAT;Sales Quantity;Gross Profit;GP Ratio (%);GP %;Sales incl. VAT;Sales Quantity;Gross Profit;GP Ratio (%);GP %;Sales incl. VAT;Sales Quantity;Gross Profit;GP Ratio (%);GP %;Sales incl. VAT;Sales Quantity;Gross Profit;GP Ratio (%);GP %;Sales incl. VAT;Sales Quantity;Gross Profit;GP Ratio (%);GP %;Sales incl. VAT;Sales Quantity;Gross Profit;GP Ratio (%);GP %;Sales incl. VAT;Sales Quantity;Gross Profit;GP Ratio (%);GP %;Sales incl. VAT;Sales Quantity;Gross Profit;GP Ratio (%);GP %;Sales incl. VAT;Sales Quantity;Gross Profit;GP Ratio (%);GP %;Sales incl. VAT;Sales Quantity;Gross Profit;GP Ratio (%);GP %;Sales incl. VAT;Sales Quantity;Gross Profit;GP Ratio (%);GP %;Sales incl. VAT;Sales Quantity;Gross Profit;GP Ratio (%);GP %;Sales incl. VAT;Sales Quantity;Gross Profit;GP Ratio (%);GP %;Sales incl. VAT;Sales Quantity;Gross Profit;GP Ratio (%);GP %;Sales incl. VAT;Sales Quantity;Gross Profit;GP Ratio (%);GP %;Sales incl. VAT;Sales Quantity;Gross Profit;GP Ratio (%);GP %;Sales incl. VAT;Sales Quantity;Gross Profit;GP Ratio (%);GP %
11762;F/LINE RED ECONO PACK;4;154197.09;5 233.000;38199.27;0.71;24.77;3804.01;149.000;919.47;1.06;24.17;3658.17;183.000;745.67;0.84;20.38;2984.85;140.000;760.69;0.89;25.49;3105.05;145.000;903.04;1.17;29.08;3168.69;131.000;1012.73;1.22;31.96;3960.76;174.000;1083.27;1.28;27.35;3879.33;157.000;1069.63;1.19;27.57;3011.57;123.000;731.63;0.74;24.29;3559.69;131.000;1045.92;0.98;29.38;3709.76;124.000;996.34;0.83;26.86;3016.53;97.000;826.47;0.73;27.40;2935.40;85.000;845.87;0.86;28.82;4006.01;144.000;983.22;1.00;24.54;4289.38;162.000;1343.11;1.27;31.31;3641.99;151.000;1017.87;1.02;27.95;2734.50;115.000;726.64;0.79;26.57;2030.53;72.000;494.93;0.54;24.37;3413.75;125.000;805.16;0.79;23.59;3530.34;111.000;1023.14;0.96;28.98;3972.43;122.000;1040.75;0.94;26.20;4183.91;124.000;1070.19;0.92;25.58;2327.82;63.000;529.13;0.46;22.73;275.93;7.000;47.98;0.04;17.39;1480.40;60.000;257.84;0.25;17.42;1885.24;76.000;406.44;0.39;21.56;3285.87;133.000;762.68;0.81;23.21;2372.27;93.000;574.27;0.58;24.21;2255.60;80.000;569.92;0.63;25.27;2334.04;71.000;708.35;0.75;30.35;3407.96;109.000;943.38;0.91;27.68;3608.90;110.000;954.11;0.93;26.44;5027.38;162.000;1061.84;0.89;21.12;3904.17;113.000;914.22;0.76;23.42;3469.13;87.000;646.18;0.50;18.63;4660.37;113.000;799.67;0.59;17.16;4065.79;96.000;739.65;0.59;18.19;4226.47;128.000;1004.63;0.73;23.77;3614.38;127.000;932.06;0.79;25.79;3097.86;95.000;893.12;0.72;28.83;2054.79;56.000;687.08;0.66;33.44;1790.15;50.000;555.77;0.49;31.05;2713.55;95.000;603.62;0.48;22.24;3166.24;101.000;744.22;0.60;23.50;2717.29;71.000;606.12;0.48;22.31;2663.33;67.000;560.50;0.41;21.04;2033.49;51.000;286.62;0.19;14.09;2331.80;60.000;372.01;0.26;15.95;3281.16;84.000;465.23;0.41;14.18;3549.06;110.000;1126.89;0.90;31.75
11763;F/L GOLDEN DELICIOUS1.5KG;4;118728.27;4 148.000;28549.94;0.53;24.05;1952.70;80.000;442.26;0.51;22.65;2958.52;148.000;616.80;0.69;20.85;1872.89;86.000;496.70;0.58;26.52;2080.76;99.000;494.47;0.64;23.76;2522.70;105.000;772.83;0.93;30.63;2786.52;123.000;718.16;0.85;25.77;2918.46;114.000;729.64;0.81;25.00;2737.30;110.000;645.22;0.65;23.57;3528.73;127.000;1076.22;1.01;30.50;2688.60;90.000;751.31;0.63;27.94;3899.46;154.000;838.32;0.74;21.50;2858.29;113.000;835.68;0.85;29.24;3125.49;127.000;917.39;0.93;29.35;2448.57;93.000;768.96;0.72;31.40;1763.74;76.000;425.25;0.42;24.11;1974.27;83.000;451.71;0.49;22.88;1802.88;62.000;437.69;0.48;24.28;2979.93;107.000;728.53;0.71;24.45;2202.61;74.000;472.27;0.44;21.44;3106.71;99.000;710.27;0.64;22.86;3457.69;106.000;773.67;0.67;22.38;3042.38;87.000;603.77;0.52;19.85;1674.27;48.000;320.39;0.29;19.14;1770.59;66.000;320.88;0.31;18.12;988.60;40.000;213.38;0.20;21.58;2443.06;99.000;600.68;0.64;24.59;1979.81;79.000;457.78;0.46;23.12;2229.49;81.000;545.95;0.61;24.49;1972.80;60.000;571.45;0.61;28.97;2685.35;85.000;691.75;0.67;25.76;3050.34;96.000;740.53;0.72;24.28;3791.81;119.000;898.13;0.76;23.69;3127.39;91.000;795.02;0.66;25.42;3077.32;83.000;714.37;0.55;23.21;4074.98;102.000;692.20;0.51;16.99;3417.11;89.000;735.18;0.59;21.51;2143.35;70.000;537.18;0.39;25.06;2387.48;101.000;483.08;0.41;20.23;1781.06;70.000;386.13;0.31;21.68;768.03;22.000;219.12;0.21;28.53;1431.09;41.000;410.96;0.36;28.72;1417.82;43.000;385.64;0.31;27.20;1757.28;57.000;394.85;0.32;22.47;1891.50;50.000;455.70;0.36;24.09;2103.46;54.000;494.53;0.36;23.51;2515.32;68.000;564.39;0.38;22.44;1173.16;34.000;217.18;0.15;18.51;1464.99;41.000;264.06;0.23;18.02;2901.61;96.000;732.28;0.58;25.24
11764;F/LINE GRANNY ECO PACKS;4;30854.80;875.000;7712.55;0.14;25.00;949.74;26.000;288.26;0.33;30.35;665.82;18.000;207.87;0.23;31.22;239.92;8.000;64.24;0.08;26.77;0.00;0.000;0.00;0.00;0.00;0.00;0.000;0.00;0.00;0.00;547.28;22.000;162.76;0.19;29.74;422.33;17.000;119.73;0.13;28.35;551.80;20.000;156.59;0.16;28.38;618.39;21.000;158.63;0.15;25.65;825.97;23.000;223.05;0.19;27.00;143.96;4.000;38.60;0.03;26.81;215.94;6.000;57.90;0.06;26.81;312.36;9.000;83.02;0.08;26.58;664.81;19.000;182.67;0.17;27.48;329.90;10.000;88.63;0.09;26.87;64.98;2.000;20.47;0.02;31.50;269.91;9.000;73.92;0.08;27.39;658.28;22.000;189.35;0.19;28.76;880.21;29.000;253.78;0.24;28.83;857.74;26.000;229.43;0.21;26.75;935.94;26.000;237.40;0.21;25.37;749.80;20.000;175.64;0.15;23.42;1025.73;27.000;231.23;0.21;22.54;1023.83;27.000;229.33;0.22;22.40;797.79;21.000;188.15;0.18;23.58;965.74;26.000;263.72;0.28;27.31;694.81;19.000;197.46;0.20;28.42;341.89;11.000;92.60;0.10;27.08;389.87;13.000;110.43;0.12;28.33;684.79;21.000;189.76;0.18;27.71;696.30;20.000;198.52;0.19;28.51;1119.68;32.000;300.41;0.25;26.83;959.73;27.000;240.31;0.20;25.04;1439.64;36.000;273.40;0.21;18.99;0.00;0.000;0.00;0.00;0.00;539.88;12.000;86.30;0.07;15.99;44.99;1.000;7.19;0.01;15.99;864.77;23.000;225.56;0.19;26.08;783.02;23.000;232.78;0.19;29.73;559.84;16.000;170.11;0.16;30.39;768.03;22.000;194.68;0.17;25.35;909.74;26.000;232.14;0.19;25.52;546.85;15.000;114.70;0.09;20.97;633.84;16.000;124.91;0.10;19.71;1159.71;29.000;221.02;0.16;19.06;1359.66;34.000;259.13;0.17;19.06;719.82;18.000;134.10;0.09;18.63;599.85;15.000;119.57;0.11;19.93;319.92;8.000;63.10;0.05;19.72
11767;F/L APPLE GOLDEN DEL SNACK;4;45344.20;2 224.000;14373.12;0.27;31.70;478.76;24.000;184.23;0.21;38.48;159.92;8.000;61.74;0.07;38.61;1073.18;82.000;316.09;0.37;29.45;521.65;35.000;199.51;0.26;38.25;696.04;46.000;242.28;0.29;34.81;401.15;25.000;117.28;0.14;29.24;641.37;38.000;190.58;0.21;29.72;1095.68;62.000;346.88;0.35;31.66;777.61;39.000;275.63;0.26;35.45;956.52;48.000;287.80;0.24;30.09;996.50;50.000;294.69;0.26;29.57;858.57;43.000;253.76;0.26;29.56;945.26;60.000;295.75;0.30;31.29;575.96;34.000;225.19;0.21;39.10;945.42;61.000;346.43;0.35;36.64;756.52;48.000;386.29;0.42;51.06;1230.38;62.000;356.30;0.39;28.96;1335.33;67.000;390.76;0.38;29.26;1277.36;64.000;372.40;0.35;29.15;1315.34;66.000;372.28;0.33;28.30;1297.27;58.000;390.21;0.34;30.08;1393.38;57.000;413.99;0.36;29.71;257.30;10.000;74.60;0.07;28.99;1086.38;42.000;319.04;0.31;29.37;1312.65;93.000;418.55;0.40;31.89;1305.07;84.000;417.46;0.44;31.99;497.72;28.000;156.30;0.16;31.40;308.84;16.000;98.42;0.11;31.87;699.65;35.000;227.07;0.24;32.45;577.71;29.000;181.62;0.18;31.44;626.56;29.000;206.63;0.20;32.98;711.54;31.000;257.53;0.22;36.19;1300.94;56.000;431.61;0.36;33.18;1376.79;51.000;440.06;0.34;31.96;1679.44;56.000;511.88;0.38;30.48;1016.66;34.000;332.76;0.27;32.73;1826.50;72.000;661.99;0.48;36.24;684.57;28.000;244.12;0.21;35.66;812.60;40.000;234.53;0.19;28.86;638.68;32.000;187.84;0.18;29.41;952.56;49.000;272.67;0.24;28.62;917.54;46.000;255.33;0.20;27.83;666.55;30.000;211.84;0.17;31.78;688.82;28.000;220.70;0.18;32.04;1045.83;42.000;321.57;0.24;30.75;1023.34;41.000;310.99;0.21;30.39;1535.64;61.000;452.47;0.32;29.46;1062.22;38.000;307.68;0.27;28.97;1002.93;46.000;297.75;0.24;29.69
11768;F/L APPLES RED SNACK PK;4;71094.54;3 456.000;22490.97;0.42;31.64;877.56;44.000;337.60;0.39;38.47;499.75;25.000;192.95;0.22;38.61;1671.65;135.000;428.19;0.50;25.61;358.26;24.000;137.37;0.18;38.34;658.06;44.000;253.09;0.30;38.46;1807.25;150.000;469.08;0.55;25.96;1132.38;67.000;337.57;0.38;29.81;1353.68;77.000;424.27;0.43;31.34;1535.23;77.000;553.48;0.52;36.05;1315.34;66.000;395.85;0.33;30.09;1296.35;65.000;383.39;0.34;29.57;1278.36;64.000;367.52;0.37;28.75;2040.70;125.000;632.55;0.64;31.00;1801.78;107.000;697.32;0.66;38.70;1929.10;120.000;748.66;0.75;38.81;1088.84;66.000;434.86;0.47;39.94;1817.09;91.000;588.38;0.64;32.38;2048.97;103.000;658.23;0.64;32.13;1577.21;79.000;502.22;0.47;31.84;1417.29;71.000;406.75;0.37;28.70;2037.34;91.000;608.17;0.53;29.85;1729.41;69.000;502.17;0.43;29.04;1299.90;50.000;384.77;0.35;29.60;1537.08;57.000;464.65;0.46;30.23;1241.11;85.000;412.67;0.39;33.25;1671.90;107.000;530.98;0.56;31.76;829.53;47.000;261.54;0.26;31.53;608.78;32.000;193.57;0.21;31.80;929.53;47.000;294.92;0.31;31.73;1099.45;55.000;348.90;0.34;31.73;1156.32;53.000;379.31;0.37;32.80;1901.27;83.000;609.30;0.51;32.05;1637.85;70.000;472.79;0.39;28.87;1997.86;74.000;564.03;0.43;28.23;2688.60;90.000;812.16;0.60;30.21;1851.88;62.000;601.49;0.48;32.48;2207.26;74.000;821.38;0.60;37.21;2287.63;87.000;840.58;0.71;36.74;1666.22;78.000;510.18;0.41;30.62;1075.46;54.000;311.04;0.30;28.92;1083.51;56.000;327.78;0.29;30.25;1197.40;60.000;333.65;0.27;27.86;1585.68;72.000;473.22;0.38;29.84;1566.60;60.000;387.13;0.31;24.71;1539.97;53.000;468.71;0.34;30.44;1225.09;41.000;390.62;0.26;31.89;1016.66;34.000;324.66;0.23;31.93;1521.99;51.000;483.99;0.43;31.80;1398.41;64.000;427.27;0.34;30.55
12863;FRESHLINE PINK LADY APPLES 1KG;4;69776.26;2 379.000;19725.77;0.37;28.27;0.00;0.000;0.00;0.00;0.00;107.96;4.000;29.15;0.03;27.00;2173.35;95.000;637.77;0.74;29.35;633.37;23.000;183.75;0.24;29.01;1197.97;43.000;350.72;0.42;29.28;1619.22;58.000;476.42;0.56;29.42;1841.74;66.000;541.32;0.60;29.39;1489.80;60.000;358.53;0.36;24.07;1462.58;52.000;433.41;0.41;29.63;1169.61;39.000;358.10;0.30;30.62;1911.86;64.000;580.15;0.51;30.34;1554.98;52.000;472.96;0.48;30.42;179.94;6.000;55.09;0.06;30.62;59.98;2.000;26.81;0.03;44.69;923.82;33.000;318.12;0.32;34.44;1826.85;75.000;467.86;0.51;25.61;2873.21;109.000;795.28;0.87;27.68;2148.78;72.000;678.65;0.66;31.58;1405.03;47.000;516.26;0.48;36.74;1895.06;94.000;279.29;0.25;14.74;2333.64;81.000;672.84;0.58;28.83;2269.13;67.000;723.16;0.62;31.87;2162.69;81.000;511.06;0.46;23.63;419.88;12.000;127.56;0.13;30.38;0.00;0.000;0.00;0.00;0.00;748.45;30.000;215.40;0.23;28.78;804.70;30.000;253.02;0.26;31.44;1410.60;55.000;349.58;0.39;24.78;646.41;24.000;177.07;0.19;27.39;1098.49;41.000;296.70;0.29;27.01;1650.93;57.000;479.36;0.47;29.04;2592.63;87.000;767.54;0.65;29.60;2355.71;79.000;681.35;0.57;28.92;1283.57;43.000;258.98;0.20;20.18;0.00;0.000;0.00;0.00;0.00;0.00;0.000;0.00;0.00;0.00;0.00;0.000;0.00;0.00;0.00;0.00;0.000;0.00;0.00;0.00;2132.20;80.000;502.80;0.40;23.58;2320.15;85.000;622.99;0.60;26.85;2471.07;73.000;842.24;0.74;34.08;2857.58;92.000;849.92;0.68;29.74;2379.22;78.000;623.49;0.50;26.21;2626.29;71.000;668.25;0.53;25.44;3231.19;81.000;935.98;0.69;28.97;1515.62;38.000;429.07;0.29;28.31;2713.32;68.000;798.85;0.56;29.44;1277.68;32.000;378.90;0.33;29.66;0.00;0.000;0.00;0.00;0.00
14381;FRESHLINE MINI PLUM TOMS;4;105019.48;5 176.000;30065.52;0.56;28.63;1542.79;121.000;279.19;0.32;18.10;1075.31;49.000;310.67;0.35;28.89;1112.35;55.000;336.99;0.39;30.30;1056.47;53.000;354.02;0.46;33.51;1353.47;73.000;435.34;0.52;32.17;1219.76;64.000;388.26;0.46;31.83;1834.08;92.000;592.58;0.66;32.31;2398.89;131.000;772.80;0.78;32.22;1589.56;84.000;526.33;0.49;33.11;2996.50;150.000;1150.93;0.96;38.41;2094.95;105.000;803.05;0.71;38.33;1761.08;92.000;738.55;0.75;41.94;2129.85;100.000;568.57;0.58;26.70;1601.25;70.000;452.90;0.43;28.28;1432.05;65.000;403.74;0.40;28.19;1246.56;64.000;349.73;0.38;28.06;1116.04;71.000;338.61;0.37;30.34;1048.55;70.000;325.48;0.32;31.04;1293.90;85.000;380.94;0.36;29.44;2011.05;95.000;420.73;0.38;20.92;1997.26;74.000;527.30;0.46;26.40;4395.32;163.000;1200.95;1.04;27.32;2501.97;93.000;698.57;0.63;27.92;2110.78;92.000;914.03;0.90;43.30;2120.07;158.000;534.32;0.51;25.20;1171.25;60.000;353.51;0.37;30.18;1611.19;81.000;445.79;0.45;27.67;1316.60;90.000;262.91;0.29;19.97;1962.19;131.000;198.41;0.21;10.11;1672.05;95.000;409.45;0.40;24.49;2907.13;176.000;819.68;0.80;28.20;4086.68;208.000;1308.13;1.10;32.01;3757.93;208.000;1270.11;1.06;33.80;5145.56;242.000;1301.00;1.00;25.28;2019.11;89.000;576.67;0.42;28.56;2148.92;108.000;594.89;0.48;27.68;2591.70;130.000;750.48;0.54;28.96;804.05;35.000;208.11;0.18;25.88;1738.97;73.000;428.85;0.34;24.66;742.89;31.000;256.28;0.25;34.50;1505.27;103.000;389.41;0.34;25.87;1509.06;94.000;375.99;0.30;24.92;2870.21;146.000;1038.40;0.84;36.18;3224.69;126.000;832.77;0.67;25.82;4917.04;196.000;1367.18;1.00;27.80;4810.48;167.000;1219.60;0.82;25.35;2947.62;113.000;727.64;0.51;24.69;1857.54;104.000;531.69;0.47;28.62;2661.49;101.000;593.95;0.47;22.32
14383;F/L TOMATO L/LIFE;4;97161.96;3 566.000;26815.07;0.50;27.60;1989.23;77.000;482.81;0.56;24.27;2454.68;102.000;591.15;0.67;24.08;1926.68;87.000;635.13;0.74;32.97;2049.15;85.000;403.41;0.52;19.69;1462.23;62.000;431.32;0.52;29.50;2383.32;93.000;621.89;0.73;26.09;3559.46;129.000;896.47;1.00;25.19;2923.86;109.000;910.99;0.92;31.16;1798.70;70.000;384.27;0.36;21.36;3273.43;117.000;812.91;0.68;24.83;1908.58;72.000;571.95;0.51;29.97;2321.39;86.000;676.61;0.69;29.15;2202.58;92.000;521.63;0.53;23.68;2817.56;94.000;847.66;0.80;30.08;2360.84;81.000;718.02;0.72;30.41;1570.62;63.000;510.65;0.55;32.51;1776.53;72.000;537.05;0.59;30.23;2101.47;93.000;669.70;0.65;31.87;1263.98;57.000;455.32;0.43;36.02;1847.88;62.000;454.77;0.41;24.61;2834.92;98.000;823.13;0.71;29.04;3284.38;122.000;954.39;0.82;29.06;2321.78;82.000;732.69;0.66;31.56;1112.58;42.000;300.54;0.29;27.01;2507.76;94.000;530.90;0.51;21.17;2669.21;94.000;513.91;0.54;19.25;2049.69;66.000;480.81;0.49;23.46;1493.76;54.000;455.11;0.51;30.47;1408.72;53.000;409.89;0.44;29.10;1840.96;69.000;615.03;0.59;33.41;1601.88;62.000;456.21;0.45;28.48;2218.11;79.000;712.71;0.60;32.13;1908.55;61.000;626.31;0.52;32.82;1713.43;53.000;529.46;0.41;30.90;1295.60;40.000;455.41;0.33;35.15;1227.58;38.000;422.34;0.34;34.40;1672.43;51.000;401.20;0.29;23.99;1403.98;42.000;185.72;0.16;13.23;1108.13;37.000;198.10;0.16;17.88;869.71;29.000;231.08;0.22;26.57;1675.33;57.000;491.44;0.43;29.33;1022.11;39.000;380.09;0.30;37.19;1243.26;49.000;449.01;0.36;36.12;2601.63;87.000;472.56;0.38;18.16;2214.76;74.000;671.72;0.49;30.33;2205.72;78.000;745.55;0.50;33.80;1988.51;74.000;635.40;0.45;31.95;1468.83;57.000;491.40;0.43;33.46;2206.48;82.000;309.25;0.25;14.02
14384;F/LINE CHERRY TOMS 250GR;4;46783.53;2 289.000;13211.91;0.25;28.24;813.55;45.000;251.14;0.29;30.87;1531.55;130.000;-13.31;-0.01;-0.87;816.48;37.000;229.91;0.27;28.16;343.70;15.000;126.82;0.16;36.90;795.62;38.000;289.09;0.35;36.34;917.66;49.000;329.36;0.39;35.89;1506.16;89.000;505.31;0.56;33.55;674.55;45.000;209.81;0.21;31.10;881.65;45.000;318.32;0.30;36.10;1307.87;73.000;431.60;0.36;33.00;1551.99;111.000;463.46;0.41;29.86;1210.45;87.000;301.66;0.31;24.92;948.89;56.000;276.68;0.28;29.16;1153.62;68.000;337.37;0.32;29.24;1049.98;62.000;305.75;0.31;29.12;645.21;39.000;195.21;0.21;30.25;823.66;54.000;256.92;0.28;31.19;930.73;72.000;263.15;0.26;28.27;1166.50;90.000;332.02;0.31;28.46;142.89;11.000;40.90;0.04;28.62;0.00;0.000;0.00;0.00;0.00;2773.69;106.000;774.29;0.67;27.92;1402.13;52.000;369.19;0.33;26.33;1879.07;73.000;536.94;0.53;28.57;71.97;3.000;21.80;0.02;30.29;0.00;0.000;0.00;0.00;0.00;390.83;17.000;107.90;0.11;27.61;1193.18;52.000;327.73;0.36;27.47;689.70;30.000;190.40;0.20;27.61;1652.98;72.000;454.67;0.44;27.51;870.17;38.000;237.73;0.23;27.32;1971.39;86.000;540.07;0.45;27.40;1628.84;71.000;447.17;0.37;27.45;2748.44;106.000;826.29;0.64;30.06;1449.85;55.000;417.30;0.31;28.78;1615.35;60.000;449.11;0.36;27.80;832.64;31.000;237.86;0.17;28.57;0.00;0.000;0.00;0.00;0.00;359.88;12.000;68.32;0.05;18.98;896.70;30.000;246.52;0.24;27.49;503.33;17.000;169.50;0.15;33.67;399.84;16.000;119.94;0.10;30.00;0.00;0.000;0.00;0.00;0.00;0.00;0.000;0.00;0.00;0.00;0.00;0.000;0.00;0.00;0.00;431.88;12.000;116.48;0.08;26.97;1529.52;48.000;385.57;0.27;25.21;1440.25;55.000;460.38;0.40;31.97;839.19;31.000;255.58;0.20;30.46
14388;F/L TOMATOES MINI PLUMS;4;117372.44;3 326.000;31366.34;0.59;26.72;1993.76;54.000;567.73;0.65;28.48;3074.20;80.000;884.06;1.00;28.76;1359.66;34.000;413.04;0.48;30.38;2317.42;58.000;747.46;0.97;32.25;899.76;24.000;263.99;0.32;29.34;2027.05;55.000;574.61;0.68;28.35;2772.40;75.000;791.80;0.88;28.56;2953.65;80.000;841.01;0.85;28.47;2224.42;58.000;650.74;0.61;29.25;4338.63;137.000;1169.44;0.98;26.95;2454.21;79.000;647.38;0.57;26.38;2518.79;71.000;783.59;0.79;31.11;2835.43;72.000;702.66;0.72;24.78;3396.80;120.000;769.85;0.73;22.66;1357.66;34.000;383.09;0.38;28.22;1490.90;40.000;420.53;0.45;28.21;1433.04;46.000;449.93;0.49;31.40;1501.68;52.000;465.77;0.46;31.02;1019.65;35.000;318.34;0.30;31.22;1591.58;42.000;470.88;0.42;29.59;2581.90;70.000;760.24;0.66;29.44;4179.87;113.000;1228.39;1.06;29.39;3311.58;107.000;844.84;0.76;25.51;2250.84;61.000;684.87;0.67;30.43;2177.80;60.000;685.10;0.65;31.46;2322.41;59.000;676.26;0.72;29.12;1477.75;40.000;422.66;0.43;28.60;1257.66;34.000;360.83;0.40;28.69;1264.40;35.000;358.37;0.38;28.34;2257.55;80.000;504.38;0.49;22.34;2787.93;107.000;659.49;0.64;23.66;3647.04;103.000;1146.29;0.96;31.43;3465.33;117.000;926.07;0.77;26.72;4384.91;109.000;933.97;0.72;21.30;3244.13;87.000;747.62;0.55;23.05;1595.54;46.000;437.62;0.35;27.43;3315.17;83.000;1032.81;0.75;31.15;1715.11;39.000;406.03;0.34;23.67;2101.19;51.000;601.99;0.48;28.65;1149.68;32.000;428.32;0.41;37.26;1897.38;62.000;506.95;0.45;26.72;1825.31;69.000;534.80;0.43;29.30;1868.39;76.000;438.71;0.35;23.48;3739.53;92.000;813.70;0.65;21.76;2598.18;71.000;676.81;0.50;26.05;4631.20;114.000;715.30;0.48;15.45;2594.44;56.000;514.78;0.36;19.84;2046.02;58.000;508.23;0.45;24.84;2123.51;49.000;495.05;0.39;23.31
14412;F/LINE COLESLAW DRY;4;13930.60;1 000.000;3918.67;0.07;28.13;641.44;46.000;188.66;0.22;29.41;688.04;46.000;208.80;0.24;30.35;312.54;21.000;93.49;0.11;29.91;401.73;27.000;120.09;0.16;29.89;44.97;3.000;13.68;0.02;30.41;0.00;0.000;0.00;0.00;0.00;415.22;28.000;123.15;0.14;29.66;552.38;37.000;166.43;0.17;30.13;625.08;42.000;186.97;0.18;29.91;897.90;60.000;272.03;0.23;30.30;658.06;44.000;199.09;0.18;30.25;29.98;2.000;12.86;0.01;42.90;212.79;21.000;21.82;0.02;10.25;0.00;0.000;0.00;0.00;0.00;0.00;0.000;0.00;0.00;0.00;0.00;0.000;0.00;0.00;0.00;0.00;0.000;0.00;0.00;0.00;0.00;0.000;0.00;0.00;0.00;0.00;0.000;0.00;0.00;0.00;0.00;0.000;0.00;0.00;0.00;149.15;10.000;54.69;0.05;36.67;960.61;74.000;171.96;0.15;17.90;209.85;15.000;38.44;0.03;18.32;377.73;27.000;69.20;0.07;18.32;0.00;0.000;0.00;0.00;0.00;0.00;0.000;0.00;0.00;0.00;0.00;0.000;0.00;0.00;0.00;0.00;0.000;0.00;0.00;0.00;0.00;0.000;0.00;0.00;0.00;0.00;0.000;0.00;0.00;0.00;0.00;0.000;0.00;0.00;0.00;0.00;0.000;0.00;0.00;0.00;296.00;20.000;85.06;0.07;28.74;717.78;72.000;128.52;0.10;17.91;0.00;0.000;0.00;0.00;0.00;0.00;0.000;0.00;0.00;0.00;0.00;0.000;0.00;0.00;0.00;0.00;0.000;0.00;0.00;0.00;0.00;0.000;0.00;0.00;0.00;0.00;0.000;0.00;0.00;0.00;0.00;0.000;0.00;0.00;0.00;0.00;0.000;0.00;0.00;0.00;342.52;23.000;107.23;0.09;31.31;762.99;51.000;241.25;0.19;31.62;1132.42;83.000;368.31;0.27;32.52;1469.48;92.000;497.62;0.34;33.86;1010.98;92.000;184.90;0.13;18.29;461.31;29.000;163.81;0.14;35.51;559.65;35.000;200.60;0.16;35.84
14414;F/L MARROW BABY;4;96479.91;3 521.000;24757.41;0.46;25.66;2374.81;119.000;722.00;0.83;30.40;1552.26;74.000;409.58;0.46;26.39;2384.06;104.000;602.46;0.70;25.27;1631.14;71.000;463.28;0.60;28.40;2362.22;103.000;667.99;0.80;28.28;1465.61;64.000;412.89;0.49;28.17;1442.62;63.000;406.35;0.45;28.17;1671.37;73.000;434.75;0.44;26.01;1555.27;68.000;439.92;0.41;28.29;1534.28;76.000;507.25;0.42;33.06;1788.19;95.000;624.86;0.55;34.94;1179.41;59.000;330.24;0.33;28.00;269.91;9.000;52.75;0.05;19.54;2657.11;89.000;616.53;0.58;23.20;1918.34;66.000;490.76;0.49;25.58;1661.22;58.000;400.50;0.43;24.11;1551.98;52.000;364.58;0.40;23.49;1970.34;66.000;312.92;0.31;15.88;2153.28;72.000;318.50;0.30;14.79;2063.31;69.000;327.10;0.29;15.85;1884.87;63.000;361.39;0.31;19.17;1913.39;71.000;527.61;0.46;27.57;1999.93;77.000;601.53;0.54;30.08;2229.94;86.000;668.09;0.65;29.96;1939.83;67.000;560.89;0.53;28.91;2096.30;70.000;553.47;0.59;26.40;2066.31;69.000;542.90;0.55;26.27;1586.47;53.000;424.39;0.47;26.75;1914.86;64.000;511.59;0.55;26.72;1990.93;57.000;442.47;0.43;22.22;2327.76;74.000;348.92;0.34;14.99;2040.17;73.000;490.39;0.41;24.04;1724.21;64.000;474.51;0.40;27.52;1851.14;66.000;564.00;0.43;30.47;1542.04;56.000;472.92;0.35;30.67;1668.14;61.000;505.15;0.40;30.28;2892.52;98.000;809.90;0.59;28.00;2244.75;75.000;611.09;0.51;27.22;2285.31;69.000;503.68;0.40;22.04;2297.96;64.000;349.55;0.33;15.21;2900.79;81.000;510.36;0.45;17.59;2285.36;64.000;504.27;0.40;22.07;1856.11;59.000;471.88;0.38;25.42;2001.83;67.000;559.89;0.45;27.97;1268.36;44.000;362.88;0.27;28.61;2030.84;90.000;593.71;0.40;29.23;2507.55;90.000;767.81;0.54;30.62;2954.01;99.000;900.65;0.79;30.49;2991.50;100.000;856.35;0.68;28.63
14415;F/LINE POTJIE PACK;4;37762.64;851.000;8537.06;0.16;22.61;0.00;0.000;0.00;0.00;0.00;0.00;0.000;0.00;0.00;0.00;0.00;0.000;0.00;0.00;0.00;224.95;5.000;61.53;0.08;27.35;179.96;4.000;49.23;0.06;27.35;0.00;0.000;0.00;0.00;0.00;769.78;22.000;148.28;0.17;19.26;501.86;14.000;91.86;0.09;18.30;0.00;0.000;0.00;0.00;0.00;743.80;20.000;219.01;0.18;29.44;915.70;30.000;131.89;0.12;14.40;1221.27;38.000;239.54;0.24;19.61;719.76;24.000;94.50;0.10;13.13;89.97;3.000;11.70;0.01;13.00;289.93;7.000;55.84;0.06;19.26;0.00;0.000;0.00;0.00;0.00;460.89;11.000;114.09;0.12;24.75;299.94;6.000;80.70;0.08;26.91;719.82;18.000;131.13;0.12;18.22;149.97;3.000;34.09;0.03;22.73;249.95;5.000;76.95;0.07;30.78;479.88;12.000;63.85;0.06;13.31;759.81;19.000;94.09;0.08;12.38;979.76;24.000;129.27;0.13;13.19;699.86;14.000;193.43;0.18;27.64;549.89;11.000;151.98;0.16;27.64;599.88;12.000;159.41;0.16;26.57;499.90;10.000;125.39;0.14;25.08;499.90;10.000;125.39;0.13;25.08;1036.76;24.000;214.78;0.21;20.72;1117.72;28.000;132.97;0.13;11.90;877.79;21.000;127.60;0.11;14.54;567.40;10.000;181.13;0.15;31.92;1195.70;30.000;142.85;0.11;11.95;899.82;18.000;222.99;0.16;24.78;949.81;19.000;235.38;0.19;24.78;1649.67;33.000;408.81;0.30;24.78;1447.21;29.000;356.76;0.30;24.65;1449.71;29.000;359.26;0.29;24.78;1447.21;29.000;356.76;0.34;24.65;1149.77;23.000;284.93;0.25;24.78;1139.77;23.000;300.00;0.24;26.32;1384.71;29.000;374.65;0.30;27.06;2119.56;44.000;456.61;0.36;21.54;1896.64;36.000;672.09;0.49;35.44;1927.54;46.000;354.23;0.24;18.38;1249.75;25.000;327.65;0.23;26.22;999.80;20.000;262.06;0.23;26.21;649.87;13.000;182.40;0.14;28.07
14492;F/LINE GREEN BEANS;4;40518.31;1 424.000;10160.27;0.19;25.08;298.87;13.000;87.26;0.10;29.20;1172.49;51.000;342.34;0.39;29.20;1126.51;49.000;328.91;0.38;29.20;1128.23;47.000;318.97;0.41;28.27;823.42;33.000;229.54;0.28;27.88;646.90;25.000;162.54;0.19;25.13;669.35;25.000;153.28;0.17;22.90;535.75;20.000;140.78;0.14;26.28;781.36;29.000;217.37;0.20;27.82;214.57;8.000;60.44;0.05;28.17;295.54;11.000;79.07;0.07;26.76;566.79;21.000;138.39;0.14;24.42;921.87;33.000;229.40;0.23;24.88;999.71;34.000;245.64;0.23;24.57;868.90;30.000;215.62;0.22;24.81;474.43;17.000;124.13;0.13;26.16;0.00;0.000;0.00;0.00;0.00;89.97;3.000;13.99;0.01;15.55;655.28;22.000;112.85;0.11;17.22;563.81;19.000;123.20;0.11;21.85;898.20;30.000;253.30;0.22;28.20;326.89;11.000;92.22;0.08;28.21;699.72;28.000;198.59;0.18;28.38;575.47;23.000;159.63;0.16;27.74;1271.25;45.000;293.42;0.28;23.08;1106.63;37.000;234.65;0.25;21.20;440.84;16.000;127.92;0.13;29.02;912.26;34.000;236.71;0.26;25.95;611.58;22.000;160.06;0.17;26.17;1034.52;33.000;204.83;0.20;19.80;985.17;33.000;183.74;0.18;18.65;1016.66;34.000;205.30;0.17;20.19;688.27;23.000;146.38;0.12;21.27;1258.08;42.000;271.16;0.21;21.55;808.23;27.000;195.96;0.14;24.25;1139.62;38.000;292.22;0.23;25.64;1151.61;39.000;288.80;0.21;25.08;955.18;32.000;205.96;0.17;21.56;953.68;32.000;227.44;0.18;23.85;536.82;18.000;138.36;0.13;25.77;1423.76;44.000;395.15;0.35;27.75;1185.99;36.000;311.31;0.25;26.25;1049.36;34.000;270.79;0.22;25.81;1432.02;48.000;376.86;0.30;26.32;592.30;20.000;152.65;0.11;25.77;775.24;26.000;202.35;0.14;26.10;1372.04;46.000;357.75;0.25;26.07;1288.07;43.000;339.93;0.30;26.39;1195.10;40.000;313.11;0.25;26.20
14499;F/LINE AVO R&R PUNNET;4;76732.39;1 705.000;17929.86;0.34;23.37;0.00;0.000;0.00;0.00;0.00;0.00;0.000;0.00;0.00;0.00;2525.26;74.000;583.11;0.68;23.09;2923.16;84.000;770.20;1.00;26.35;0.00;0.000;0.00;0.00;0.00;0.00;0.000;0.00;0.00;0.00;0.00;0.000;0.00;0.00;0.00;0.00;0.000;0.00;0.00;0.00;0.00;0.000;0.00;0.00;0.00;0.00;0.000;0.00;0.00;0.00;0.00;0.000;0.00;0.00;0.00;0.00;0.000;0.00;0.00;0.00;0.00;0.000;0.00;0.00;0.00;1799.40;60.000;193.72;0.18;10.77;1194.66;35.000;187.95;0.19;15.73;2814.24;77.000;555.07;0.60;19.72;0.00;0.000;0.00;0.00;0.00;1719.57;43.000;341.20;0.33;19.84;1076.76;24.000;254.07;0.24;23.60;2513.57;43.000;768.02;0.69;30.55;839.86;14.000;242.01;0.21;28.82;0.00;0.000;0.00;0.00;0.00;0.00;0.000;0.00;0.00;0.00;0.00;0.000;0.00;0.00;0.00;0.00;0.000;0.00;0.00;0.00;1077.73;27.000;272.02;0.29;25.24;1559.62;38.000;408.61;0.41;26.20;2418.72;78.000;377.43;0.42;15.60;387.89;11.000;87.79;0.09;22.63;3429.79;106.000;725.57;0.70;21.15;2185.45;55.000;373.28;0.37;17.08;1376.26;26.000;438.17;0.37;31.84;3119.52;48.000;904.10;0.75;28.98;412.94;6.000;100.31;0.08;24.29;0.00;0.000;0.00;0.00;0.00;1192.26;24.000;155.61;0.12;13.05;4688.91;109.000;639.96;0.46;13.65;2164.09;41.000;848.63;0.71;39.21;3347.24;76.000;1064.17;0.85;31.79;4826.83;117.000;1474.38;1.41;30.55;3560.77;103.000;723.70;0.64;20.32;2777.38;62.000;655.66;0.52;23.61;2343.73;52.000;553.24;0.45;23.61;2636.56;44.000;792.41;0.63;30.05;3845.89;61.000;993.04;0.73;25.82;3315.56;44.000;588.56;0.40;17.75;3867.50;50.000;658.63;0.46;17.03;2451.66;34.000;552.36;0.49;22.53;2339.61;39.000;646.90;0.51;27.65
14504;AVOS LOOSE SELL;4;59051.16;5 991.000;11848.99;0.22;20.07;0.00;0.000;0.00;0.00;0.00;0.00;0.000;0.00;0.00;0.00;0.00;0.000;0.00;0.00;0.00;0.00;0.000;0.00;0.00;0.00;869.97;129.000;133.57;0.16;15.35;2146.27;261.000;591.41;0.70;27.56;0.00;0.000;0.00;0.00;0.00;0.00;0.000;0.00;0.00;0.00;6865.62;890.000;1445.27;1.36;21.05;8945.66;888.000;1820.80;1.53;20.35;0.00;0.000;0.00;0.00;0.00;4575.76;292.000;865.26;0.88;18.91;950.52;48.000;240.15;0.24;25.27;0.00;0.000;0.00;0.00;0.00;4348.20;539.000;1168.21;1.17;26.87;2877.55;380.000;512.22;0.55;17.80;1159.84;136.000;184.43;0.20;15.90;0.00;0.000;0.00;0.00;0.00;0.00;0.000;0.00;0.00;0.00;0.00;0.000;0.00;0.00;0.00;1998.35;150.000;431.34;0.37;21.58;883.48;52.000;194.73;0.17;22.04;0.00;0.000;0.00;0.00;0.00;0.00;0.000;0.00;0.00;0.00;0.00;0.000;0.00;0.00;0.00;4526.34;384.000;872.91;0.92;19.29;2652.12;313.000;645.91;0.65;24.35;0.00;0.000;0.00;0.00;0.00;0.00;0.000;0.00;0.00;0.00;0.00;0.000;0.00;0.00;0.00;3930.86;381.000;251.48;0.25;6.40;0.00;0.000;0.00;0.00;0.00;0.00;0.000;0.00;0.00;0.00;0.00;0.000;0.00;0.00;0.00;0.00;0.000;0.00;0.00;0.00;0.00;0.000;0.00;0.00;0.00;6588.45;588.000;1139.03;0.83;17.29;0.00;0.000;0.00;0.00;0.00;0.00;0.000;0.00;0.00;0.00;0.00;0.000;0.00;0.00;0.00;2266.37;246.000;409.92;0.36;18.09;2911.13;271.000;749.69;0.60;25.75;554.67;43.000;192.65;0.16;34.73;0.00;0.000;0.00;0.00;0.00;0.00;0.000;0.00;0.00;0.00;0.00;0.000;0.00;0.00;0.00;0.00;0.000;0.00;0.00;0.00;0.00;0.000;0.00;0.00;0.00;0.00;0.000;0.00;0.00;0.00
14526;F/L BROWN  MUSHROOMS;4;30134.70;871.000;7794.77;0.15;25.87;0.00;0.000;0.00;0.00;0.00;0.00;0.000;0.00;0.00;0.00;0.00;0.000;0.00;0.00;0.00;0.00;0.000;0.00;0.00;0.00;0.00;0.000;0.00;0.00;0.00;0.00;0.000;0.00;0.00;0.00;0.00;0.000;0.00;0.00;0.00;25.64;1.000;6.48;0.01;25.26;0.00;0.000;0.00;0.00;0.00;0.00;0.000;0.00;0.00;0.00;0.00;0.000;0.00;0.00;0.00;0.00;0.000;0.00;0.00;0.00;0.00;0.000;0.00;0.00;0.00;0.00;0.000;0.00;0.00;0.00;0.00;0.000;0.00;0.00;0.00;0.00;0.000;0.00;0.00;0.00;0.00;0.000;0.00;0.00;0.00;1379.81;55.000;219.79;0.21;15.93;776.74;26.000;200.38;0.19;25.80;718.26;24.000;186.24;0.17;25.93;546.82;18.000;159.11;0.14;29.10;729.78;22.000;208.27;0.18;28.54;626.81;19.000;177.28;0.16;28.28;920.42;28.000;257.95;0.25;28.03;758.77;23.000;214.60;0.20;28.28;1047.95;30.000;268.70;0.28;25.64;979.72;28.000;252.42;0.25;25.76;839.76;24.000;216.36;0.24;25.76;1187.91;34.000;304.76;0.32;25.66;1184.41;34.000;301.26;0.29;25.44;976.22;28.000;248.92;0.24;25.50;733.04;21.000;187.57;0.16;25.59;972.72;28.000;245.42;0.20;25.23;1079.70;30.000;284.54;0.22;26.35;860.16;24.000;224.03;0.16;26.05;1218.26;34.000;317.08;0.25;26.03;1187.67;33.000;313.00;0.23;26.35;1110.29;31.000;288.63;0.24;26.00;964.53;27.000;248.89;0.20;25.80;827.77;23.000;218.15;0.21;26.35;719.80;20.000;189.69;0.17;26.35;1038.31;29.000;269.66;0.22;25.97;786.38;22.000;203.26;0.16;25.85;1074.30;30.000;279.14;0.22;25.98;1079.70;30.000;284.54;0.21;26.35;1039.74;26.000;283.17;0.19;27.24;797.80;20.000;215.83;0.15;27.05;713.82;18.000;190.04;0.17;26.62;1231.69;31.000;329.63;0.26;26.76
14529;F/L MUSHROOM MIXED;4;148835.22;4 547.000;32406.74;0.61;21.77;4357.41;194.000;718.98;0.83;16.50;6308.95;255.000;1462.39;1.65;23.18;887.43;27.000;258.08;0.30;29.08;2066.82;63.000;598.33;0.78;28.95;2882.74;126.000;-679.66;-0.82;-23.58;1218.98;37.000;366.80;0.43;30.09;1158.12;38.000;402.93;0.45;34.79;2830.84;116.000;553.03;0.56;19.54;2501.55;95.000;547.12;0.51;21.87;2274.35;65.000;636.76;0.53;28.00;2711.70;80.000;732.56;0.65;27.01;6099.91;259.000;868.64;0.88;14.24;2889.93;92.000;731.98;0.75;25.33;3630.96;109.000;903.41;0.85;24.88;3293.04;96.000;816.03;0.81;24.78;2085.88;62.000;518.22;0.56;24.84;1680.84;51.000;421.22;0.46;25.06;1812.80;55.000;454.39;0.44;25.07;3511.65;110.000;801.93;0.75;22.84;2860.65;85.000;698.50;0.63;24.42;2648.74;76.000;800.05;0.69;30.20;3957.61;104.000;1126.11;0.97;28.45;2177.59;56.000;605.48;0.55;27.81;2586.91;69.000;813.77;0.80;31.46;4301.75;130.000;931.71;0.89;21.66;3501.12;88.000;1010.17;1.07;28.85;3421.54;96.000;904.07;0.91;26.42;3049.65;85.000;700.48;0.78;22.97;3728.46;104.000;929.78;0.99;24.94;3637.09;91.000;1141.93;1.10;31.40;5322.28;172.000;763.17;0.75;14.34;4521.58;142.000;742.16;0.62;16.41;4164.82;118.000;860.53;0.72;20.66;3395.15;85.000;819.94;0.63;24.15;2475.38;62.000;502.73;0.37;20.31;2967.60;90.000;428.61;0.34;14.44;3366.57;93.000;668.21;0.48;19.85;2997.86;84.000;573.97;0.48;19.15;1791.31;39.000;535.50;0.43;29.89;3106.30;95.000;472.20;0.45;15.20;3749.37;113.000;602.54;0.53;16.07;2896.27;88.000;457.70;0.37;15.80;2524.27;73.000;434.95;0.35;17.23;3159.06;94.000;467.76;0.37;14.81;2905.27;73.000;699.86;0.51;24.09;3172.52;73.000;908.38;0.61;28.63;2157.27;48.000;592.81;0.42;27.48;2424.95;54.000;664.93;0.58;27.42;1662.38;37.000;435.60;0.35;26.20
14532;F/L MUSHROOMS CHOPPED WHT;4;140463.89;4 212.000;41136.15;0.77;29.29;2067.92;83.000;630.42;0.73;30.49;1815.00;70.000;497.81;0.56;27.43;2829.01;109.000;770.65;0.90;27.24;2592.50;100.000;704.10;0.91;27.16;2847.20;110.000;769.96;0.93;27.04;2696.46;104.000;732.52;0.86;27.17;2571.71;99.000;702.19;0.78;27.30;1065.59;41.000;291.35;0.30;27.34;2495.04;96.000;682.18;0.64;27.34;3821.71;129.000;1201.04;1.01;31.43;3109.96;104.000;981.90;0.87;31.57;1587.97;53.000;503.48;0.51;31.71;2009.33;67.000;605.30;0.62;30.12;3622.57;113.000;1105.69;1.04;30.52;2927.86;89.000;887.79;0.89;30.32;2601.26;79.000;790.41;0.86;30.39;2141.05;65.000;658.42;0.72;30.75;2533.63;77.000;777.28;0.76;30.68;2729.92;83.000;836.71;0.78;30.65;1713.83;52.000;527.73;0.47;30.79;2799.20;85.000;860.38;0.74;30.74;3922.37;113.000;1171.18;1.01;29.86;3353.80;96.000;995.64;0.90;29.69;2410.81;69.000;715.88;0.70;29.69;2751.96;79.000;811.39;0.77;29.48;3171.84;91.000;936.50;0.99;29.53;4609.93;132.000;1367.46;1.38;29.66;2998.64;86.000;886.12;0.98;29.55;3596.97;103.000;1066.86;1.14;29.66;3180.59;91.000;945.25;0.91;29.72;3022.80;85.000;880.65;0.86;29.13;3473.36;94.000;994.52;0.84;28.63;2992.49;81.000;856.47;0.71;28.62;3551.04;96.000;1019.46;0.79;28.71;2955.50;80.000;845.85;0.62;28.62;3023.93;82.000;861.54;0.69;28.49;2617.04;71.000;744.73;0.54;28.46;2842.68;77.000;812.14;0.68;28.57;3471.51;94.000;992.67;0.80;28.59;2772.40;75.000;794.61;0.76;28.66;2478.33;67.000;711.50;0.63;28.71;2171.31;59.000;615.44;0.49;28.34;2441.34;66.000;700.88;0.56;28.71;3602.82;98.000;1018.50;0.81;28.27;2617.04;71.000;744.73;0.55;28.46;3167.35;80.000;937.69;0.63;29.61;3511.12;88.000;1049.70;0.74;29.90;3381.15;85.000;1003.64;0.88;29.68;3795.05;95.000;1137.83;0.90;29.98
14730;F/L S/CORN COB 4'S;4;253935.11;8 198.000;44104.53;0.83;17.37;4905.16;234.000;1053.95;1.21;21.49;4909.16;209.000;1245.47;1.40;25.37;1967.31;69.000;494.39;0.58;25.13;2097.80;70.000;466.57;0.61;22.24;3529.82;118.000;515.58;0.62;14.61;3534.32;118.000;369.71;0.44;10.46;2781.57;93.000;346.70;0.39;12.46;2993.00;100.000;401.69;0.41;13.42;2838.55;95.000;389.55;0.37;13.72;5673.49;201.000;1048.39;0.88;18.48;6433.46;279.000;947.78;0.84;14.73;5542.27;223.000;907.24;0.92;16.37;6277.80;220.000;985.29;1.00;15.69;4309.56;144.000;634.19;0.60;14.72;3835.72;128.000;421.76;0.42;11.00;3910.70;130.000;357.03;0.39;9.13;4365.89;131.000;543.42;0.59;12.45;2855.16;84.000;389.97;0.38;13.66;3838.40;110.000;502.22;0.47;13.08;2953.90;85.000;386.19;0.35;13.07;3054.32;93.000;589.13;0.51;19.29;5726.53;197.000;919.60;0.79;16.06;6186.83;217.000;926.83;0.84;14.98;5227.39;187.000;1205.02;1.18;23.05;5472.89;198.000;1082.95;1.03;19.79;4434.57;140.000;1198.83;1.27;27.03;3436.11;109.000;743.38;0.75;21.63;4327.18;137.000;504.48;0.56;11.66;5950.57;168.000;608.25;0.65;10.22;7706.86;209.000;787.67;0.76;10.22;6353.03;172.000;781.00;0.76;12.29;5952.81;164.000;776.41;0.65;13.04;3869.89;111.000;809.20;0.68;20.91;9238.72;278.000;1810.09;1.40;19.59;9824.85;320.000;1671.71;1.23;17.02;6404.58;208.000;1757.71;1.41;27.44;8574.35;297.000;1991.32;1.44;23.22;7291.91;209.000;1714.59;1.44;23.51;6501.14;186.000;1284.72;1.03;19.76;5301.46;144.000;799.57;0.77;15.08;5535.26;154.000;583.05;0.52;10.53;6438.85;175.000;826.50;0.66;12.84;4002.34;111.000;519.82;0.42;12.99;3907.99;106.000;561.67;0.45;14.37;4729.73;177.000;764.30;0.56;16.16;7412.08;207.000;1520.46;1.03;20.51;9100.97;293.000;1943.98;1.36;21.36;6788.39;227.000;1720.16;1.51;25.34;5630.47;163.000;1295.03;1.03;23.00
14731;F/LINE STRAWBERRIES;4;140799.22;4 292.000;39133.88;0.73;27.79;0.00;0.000;0.00;0.00;0.00;644.85;15.000;80.94;0.09;12.55;4237.98;102.000;614.21;0.72;14.49;1894.53;47.000;327.73;0.43;17.30;3672.37;88.000;934.50;1.12;25.45;3060.49;101.000;1030.92;1.21;33.68;5237.82;216.000;1493.74;1.67;28.52;3037.93;139.000;791.78;0.80;26.06;3182.16;139.000;865.47;0.81;27.20;5116.94;146.000;1455.57;1.22;28.45;4042.40;90.000;1138.79;1.01;28.17;4423.31;99.000;1218.87;1.24;27.56;996.80;20.000;232.73;0.24;23.35;0.00;0.000;0.00;0.00;0.00;1192.26;24.000;210.84;0.21;17.68;2843.72;58.000;711.32;0.77;25.01;2581.49;66.000;645.01;0.70;24.99;5649.87;173.000;1711.16;1.67;30.29;1859.38;62.000;737.54;0.69;39.67;6304.06;249.000;1635.43;1.47;25.94;2967.15;85.000;928.90;0.80;31.31;4381.37;118.000;1272.36;1.10;29.04;3573.98;87.000;998.18;0.90;27.93;1799.64;36.000;486.51;0.48;27.03;0.00;0.000;0.00;0.00;0.00;0.00;0.000;0.00;0.00;0.00;0.00;0.000;0.00;0.00;0.00;0.00;0.000;0.00;0.00;0.00;238.42;8.000;27.75;0.03;11.64;3579.00;100.000;733.03;0.71;20.48;4388.08;152.000;1025.56;1.00;23.37;8811.70;299.000;2755.70;2.32;31.27;5269.24;176.000;1707.51;1.42;32.41;6402.25;175.000;2005.44;1.55;31.32;5046.49;101.000;1249.07;0.92;24.75;2349.53;47.000;684.84;0.55;29.15;599.88;12.000;174.85;0.13;29.15;0.00;0.000;0.00;0.00;0.00;0.00;0.000;0.00;0.00;0.00;0.00;0.000;0.00;0.00;0.00;1588.07;43.000;393.66;0.35;24.79;8861.91;309.000;1747.39;1.40;19.72;3981.22;103.000;1994.60;1.61;50.10;4681.04;196.000;1241.31;0.99;26.52;6455.34;216.000;2123.72;1.56;32.90;3807.23;127.000;1158.35;0.78;30.43;2039.32;68.000;588.64;0.41;28.86;0.00;0.000;0.00;0.00;0.00;0.00;0.000;0.00;0.00;0.00
14732;F/L STRAWBERRIES;4;49189.81;1 094.000;9657.25;0.18;19.63;0.00;0.000;0.00;0.00;0.00;0.00;0.000;0.00;0.00;0.00;0.00;0.000;0.00;0.00;0.00;879.78;22.000;99.01;0.13;11.25;999.75;25.000;93.27;0.11;9.33;0.00;0.000;0.00;0.00;0.00;0.00;0.000;0.00;0.00;0.00;0.00;0.000;0.00;0.00;0.00;0.00;0.000;0.00;0.00;0.00;0.00;0.000;0.00;0.00;0.00;0.00;0.000;0.00;0.00;0.00;0.00;0.000;0.00;0.00;0.00;0.00;0.000;0.00;0.00;0.00;0.00;0.000;0.00;0.00;0.00;0.00;0.000;0.00;0.00;0.00;0.00;0.000;0.00;0.00;0.00;0.00;0.000;0.00;0.00;0.00;0.00;0.000;0.00;0.00;0.00;4936.43;107.000;1351.53;1.27;27.38;2879.31;69.000;556.81;0.50;19.34;2097.49;51.000;378.83;0.33;18.06;59.99;1.000;19.05;0.02;31.75;0.00;0.000;0.00;0.00;0.00;0.00;0.000;0.00;0.00;0.00;0.00;0.000;0.00;0.00;0.00;0.00;0.000;0.00;0.00;0.00;0.00;0.000;0.00;0.00;0.00;0.00;0.000;0.00;0.00;0.00;0.00;0.000;0.00;0.00;0.00;4550.86;114.000;450.38;0.43;9.90;6852.53;147.000;1282.68;1.25;18.72;4964.82;118.000;498.38;0.42;10.04;5115.99;101.000;1205.01;1.01;23.55;1739.71;29.000;543.86;0.42;31.26;0.00;0.000;0.00;0.00;0.00;0.00;0.000;0.00;0.00;0.00;0.00;0.000;0.00;0.00;0.00;0.00;0.000;0.00;0.00;0.00;0.00;0.000;0.00;0.00;0.00;0.00;0.000;0.00;0.00;0.00;0.00;0.000;0.00;0.00;0.00;1544.69;31.000;449.13;0.36;29.08;4091.45;80.000;1222.93;0.98;29.89;4842.83;117.000;795.91;0.64;16.43;3634.18;82.000;710.46;0.52;19.55;0.00;0.000;0.00;0.00;0.00;0.00;0.000;0.00;0.00;0.00;0.00;0.000;0.00;0.00;0.00;0.00;0.000;0.00;0.00;0.00
14759;GEM SQUASH;4;46337.47;2 158.000;11877.49;0.22;25.63;1022.16;79.000;341.47;0.39;33.41;745.00;50.000;233.52;0.26;31.34;966.99;86.000;218.72;0.26;22.62;733.09;41.000;196.86;0.26;26.85;488.81;19.000;78.19;0.09;16.00;1364.53;47.000;127.13;0.15;9.32;863.71;29.000;106.57;0.12;12.34;985.17;33.000;195.89;0.20;19.88;1034.07;93.000;161.80;0.15;15.65;551.27;33.000;173.65;0.15;31.50;956.98;62.000;356.33;0.32;37.24;771.23;51.000;282.08;0.29;36.57;1054.53;64.000;173.09;0.18;16.41;22.99;1.000;3.93;0.00;17.08;16.99;1.000;5.27;0.01;31.02;67.96;4.000;19.33;0.02;28.44;0.00;0.000;0.00;0.00;0.00;279.90;10.000;42.19;0.04;15.07;0.00;0.000;0.00;0.00;0.00;0.00;0.000;0.00;0.00;0.00;19.99;1.000;6.60;0.01;33.02;228.84;16.000;10.10;0.01;4.41;1139.91;63.000;401.47;0.36;35.22;1155.13;75.000;331.39;0.32;28.69;1269.72;78.000;346.50;0.33;27.29;712.93;37.000;202.33;0.21;28.38;856.29;36.000;160.29;0.16;18.72;1128.18;42.000;197.16;0.22;17.48;1118.64;41.000;171.70;0.18;15.35;1825.92;58.000;263.43;0.25;14.43;1554.02;43.000;275.62;0.27;17.74;1655.53;57.000;462.79;0.39;27.95;1574.61;89.000;376.04;0.31;23.88;1489.33;92.000;366.14;0.28;24.58;1478.06;64.000;623.61;0.46;42.19;1354.53;74.000;550.14;0.44;40.61;1511.84;76.000;422.88;0.31;27.97;785.67;33.000;238.11;0.20;30.31;1134.18;42.000;292.27;0.23;25.77;1015.16;34.000;233.93;0.22;23.04;1432.02;48.000;280.18;0.25;19.57;1420.67;43.000;229.92;0.18;16.18;1046.99;31.000;194.74;0.16;18.60;1151.35;35.000;323.54;0.26;28.10;1111.76;34.000;422.31;0.31;37.99;905.41;29.000;359.98;0.24;39.76;1422.33;57.000;506.94;0.36;35.64;1535.59;71.000;474.34;0.42;30.89;1377.49;56.000;437.02;0.35;31.73
14764;F/PRODUCE MANGOES LSE;4;55086.64;4 776.000;14334.68;0.27;26.02;0.00;0.000;0.00;0.00;0.00;0.00;0.000;0.00;0.00;0.00;0.00;0.000;0.00;0.00;0.00;0.00;0.000;0.00;0.00;0.00;0.00;0.000;0.00;0.00;0.00;0.00;0.000;0.00;0.00;0.00;0.00;0.000;0.00;0.00;0.00;0.00;0.000;0.00;0.00;0.00;0.00;0.000;0.00;0.00;0.00;6226.74;576.000;1559.78;1.31;25.05;5455.07;418.000;1894.93;1.68;34.74;7153.50;607.000;2041.69;2.07;28.54;1365.77;98.000;396.88;0.40;29.06;49.97;3.000;13.77;0.01;27.56;0.00;0.000;0.00;0.00;0.00;0.00;0.000;0.00;0.00;0.00;0.00;0.000;0.00;0.00;0.00;0.00;0.000;0.00;0.00;0.00;0.00;0.000;0.00;0.00;0.00;0.00;0.000;0.00;0.00;0.00;0.00;0.000;0.00;0.00;0.00;0.00;0.000;0.00;0.00;0.00;868.97;171.000;-68.04;-0.06;-7.83;6286.22;909.000;1516.74;1.49;24.13;0.00;0.000;0.00;0.00;0.00;0.00;0.000;0.00;0.00;0.00;0.00;0.000;0.00;0.00;0.00;0.00;0.000;0.00;0.00;0.00;0.00;0.000;0.00;0.00;0.00;0.00;0.000;0.00;0.00;0.00;0.00;0.000;0.00;0.00;0.00;0.00;0.000;0.00;0.00;0.00;0.00;0.000;0.00;0.00;0.00;5234.34;392.000;607.38;0.47;11.60;3492.77;290.000;868.31;0.64;24.86;2389.70;150.000;825.29;0.66;34.54;5875.75;391.000;1501.02;1.09;25.55;647.73;27.000;210.72;0.18;32.53;0.00;0.000;0.00;0.00;0.00;0.00;0.000;0.00;0.00;0.00;0.00;0.000;0.00;0.00;0.00;0.00;0.000;0.00;0.00;0.00;0.00;0.000;0.00;0.00;0.00;0.00;0.000;0.00;0.00;0.00;1954.62;134.000;456.53;0.33;23.36;6213.79;409.000;2105.59;1.42;33.89;0.00;0.000;0.00;0.00;0.00;1871.70;201.000;404.08;0.35;21.59;0.00;0.000;0.00;0.00;0.00
14775;F/L MANGO VALUE BAG;4;52611.35;1 490.000;12105.22;0.23;23.01;564.83;17.000;167.48;0.19;29.65;45.99;1.000;13.08;0.01;28.43;0.00;0.000;0.00;0.00;0.00;0.00;0.000;0.00;0.00;0.00;0.00;0.000;0.00;0.00;0.00;0.00;0.000;0.00;0.00;0.00;0.00;0.000;0.00;0.00;0.00;0.00;0.000;0.00;0.00;0.00;0.00;0.000;0.00;0.00;0.00;1612.57;43.000;432.30;0.36;26.81;4882.65;155.000;1033.63;0.91;21.17;1328.77;33.000;444.09;0.45;33.42;2246.58;62.000;592.73;0.60;26.38;1831.69;31.000;506.96;0.48;27.68;0.00;0.000;0.00;0.00;0.00;0.00;0.000;0.00;0.00;0.00;0.00;0.000;0.00;0.00;0.00;0.00;0.000;0.00;0.00;0.00;0.00;0.000;0.00;0.00;0.00;0.00;0.000;0.00;0.00;0.00;0.00;0.000;0.00;0.00;0.00;3794.66;144.000;733.61;0.63;19.33;4014.29;121.000;1309.58;1.18;32.62;753.82;18.000;217.89;0.21;28.90;877.78;22.000;237.59;0.23;27.07;949.76;24.000;308.48;0.33;32.48;239.94;6.000;79.62;0.08;33.18;0.00;0.000;0.00;0.00;0.00;0.00;0.000;0.00;0.00;0.00;0.00;0.000;0.00;0.00;0.00;0.00;0.000;0.00;0.00;0.00;0.00;0.000;0.00;0.00;0.00;1199.60;40.000;162.95;0.14;13.58;5827.09;171.000;898.22;0.69;15.41;4818.20;130.000;844.46;0.62;17.53;3697.00;100.000;775.32;0.62;20.97;2786.94;56.000;821.35;0.60;29.47;49.99;1.000;13.55;0.01;27.10;0.00;0.000;0.00;0.00;0.00;0.00;0.000;0.00;0.00;0.00;0.00;0.000;0.00;0.00;0.00;0.00;0.000;0.00;0.00;0.00;0.00;0.000;0.00;0.00;0.00;0.00;0.000;0.00;0.00;0.00;0.00;0.000;0.00;0.00;0.00;4167.56;114.000;842.54;0.57;20.22;3638.40;110.000;792.44;0.56;21.78;1427.71;44.000;334.43;0.29;23.42;1855.53;47.000;542.92;0.43;29.26
14787;F/LINE CAULI BROC MIX;4;56927.10;1 465.000;16688.66;0.31;29.32;941.23;27.000;267.63;0.31;28.43;977.97;28.000;279.43;0.31;28.57;768.03;22.000;267.99;0.31;34.89;871.25;25.000;305.66;0.40;35.08;419.88;12.000;148.40;0.18;35.34;1008.71;29.000;398.84;0.47;39.54;689.49;21.000;211.32;0.24;30.65;857.74;26.000;307.55;0.31;35.86;527.84;16.000;170.03;0.16;32.21;452.27;13.000;134.12;0.11;29.65;287.92;8.000;87.57;0.08;30.41;467.87;13.000;142.30;0.14;30.41;1148.08;32.000;346.67;0.35;30.20;1218.26;34.000;366.76;0.35;30.11;1286.64;36.000;411.40;0.41;31.97;897.95;25.000;283.56;0.31;31.58;1148.08;32.000;350.60;0.38;30.54;1358.62;38.000;501.93;0.49;36.94;1339.65;35.000;436.72;0.41;32.60;1115.72;28.000;313.78;0.28;28.12;1397.65;35.000;390.02;0.34;27.91;1037.74;26.000;266.00;0.23;25.63;837.79;21.000;214.46;0.19;25.60;1477.63;37.000;379.39;0.37;25.68;1155.71;29.000;294.93;0.28;25.52;877.78;22.000;224.77;0.24;25.61;1313.67;33.000;334.16;0.34;25.44;959.76;24.000;249.76;0.28;26.02;679.83;17.000;183.29;0.20;26.96;1475.63;37.000;536.72;0.52;36.37;1915.52;48.000;616.20;0.60;32.17;1799.55;45.000;506.03;0.43;28.12;1275.68;32.000;355.85;0.30;27.89;1559.61;39.000;427.87;0.33;27.43;1599.60;40.000;433.36;0.32;27.09;1635.59;41.000;440.20;0.35;26.91;2065.48;52.000;549.37;0.40;26.60;1197.70;30.000;323.02;0.27;26.97;1709.57;43.000;455.87;0.37;26.67;1791.55;45.000;479.53;0.46;26.77;1392.66;34.000;435.58;0.39;31.28;1283.25;30.000;359.98;0.29;28.05;1353.67;33.000;453.71;0.37;33.52;1453.06;34.000;417.22;0.33;28.71;1235.96;29.000;343.47;0.25;27.79;1283.25;30.000;353.91;0.24;27.58;1199.42;28.000;332.03;0.23;27.68;1066.15;25.000;291.70;0.26;27.36;1113.44;26.000;308.01;0.24;27.66
14790;F/L C/FLOWER HEAD PUN;4;78510.84;2 649.000;19317.48;0.36;24.60;1347.94;51.000;306.49;0.35;22.74;1281.42;48.000;362.15;0.41;28.26;895.89;36.000;248.22;0.29;27.71;947.12;38.000;277.95;0.36;29.35;1641.84;66.000;429.18;0.52;26.14;870.90;35.000;233.35;0.27;26.79;1295.73;52.000;251.85;0.28;19.44;522.29;21.000;138.06;0.14;26.43;1170.78;47.000;261.82;0.25;22.36;779.23;27.000;154.53;0.13;19.83;442.84;16.000;91.89;0.08;20.75;1730.42;58.000;385.45;0.39;22.28;2063.31;69.000;463.26;0.47;22.45;2028.82;68.000;455.31;0.43;22.44;1076.64;36.000;250.44;0.25;23.26;988.17;33.000;230.82;0.25;23.36;1279.07;43.000;297.06;0.32;23.22;1367.54;46.000;317.02;0.31;23.18;2024.32;68.000;456.86;0.43;22.57;2077.72;76.000;562.45;0.51;27.07;1634.45;55.000;333.70;0.29;20.42;862.21;29.000;167.54;0.14;19.43;1283.57;43.000;275.21;0.25;21.44;1962.84;66.000;432.79;0.42;22.05;2030.32;68.000;487.98;0.46;24.03;1340.55;45.000;348.35;0.37;25.99;1853.38;62.000;505.60;0.51;27.28;1706.43;57.000;483.86;0.54;28.36;1283.57;43.000;367.83;0.39;28.66;2089.76;64.000;546.87;0.53;26.17;2167.44;66.000;574.53;0.56;26.51;1560.29;51.000;437.89;0.37;28.06;1714.18;62.000;485.11;0.40;28.30;1378.04;46.000;349.29;0.27;25.35;1749.78;57.000;346.14;0.25;19.78;1873.83;57.000;432.59;0.35;23.09;2665.59;81.000;649.57;0.47;24.37;2528.68;77.000;612.22;0.52;24.21;3005.26;89.000;783.10;0.63;26.06;1398.21;39.000;447.60;0.43;32.01;1991.39;61.000;597.36;0.53;30.00;2261.27;73.000;636.14;0.51;28.13;1035.84;36.000;319.27;0.26;30.82;1115.40;40.000;361.91;0.29;32.45;2127.15;80.000;543.75;0.40;25.56;1815.49;61.000;350.22;0.24;19.29;1673.46;54.000;363.79;0.26;21.74;1908.86;64.000;432.83;0.38;22.67;2661.61;89.000;470.29;0.37;17.67
14792;F/LINE BROCCOLI;4;125435.35;4 276.000;31228.76;0.58;24.90;3077.10;115.000;785.56;0.90;25.53;2964.85;110.000;665.15;0.75;22.43;2745.74;106.000;701.55;0.82;25.55;1538.13;62.000;420.71;0.55;27.35;1894.24;76.000;444.39;0.53;23.46;2211.61;89.000;721.70;0.85;32.63;1671.83;67.000;469.52;0.52;28.08;1493.15;60.000;404.00;0.41;27.06;1688.07;68.000;383.86;0.36;22.74;3207.75;115.000;678.36;0.57;21.15;2428.27;88.000;576.88;0.51;23.76;2543.15;85.000;667.12;0.68;26.23;3108.46;104.000;671.76;0.68;21.61;2751.58;92.000;566.23;0.53;20.58;1814.39;61.000;414.44;0.41;22.84;1646.45;55.000;393.32;0.43;23.89;1556.48;52.000;411.84;0.45;26.46;1526.49;51.000;403.86;0.39;26.46;2802.56;94.000;689.93;0.65;24.62;2776.50;99.000;787.67;0.71;28.37;2627.12;88.000;577.32;0.50;21.98;3204.43;107.000;701.22;0.61;21.88;3438.35;115.000;795.33;0.72;23.13;3028.99;101.000;718.31;0.70;23.71;2423.19;81.000;598.07;0.57;24.68;3172.94;106.000;789.79;0.84;24.89;2870.04;96.000;638.40;0.64;22.24;2415.69;81.000;620.34;0.69;25.68;3586.80;120.000;992.58;1.06;27.67;2750.19;83.000;733.57;0.71;26.67;2464.35;75.000;560.62;0.55;22.75;2033.44;66.000;578.83;0.49;28.47;2168.01;79.000;627.25;0.52;28.93;2966.01;99.000;836.05;0.64;28.19;2545.73;82.000;557.00;0.41;21.88;2503.94;76.000;618.47;0.50;24.70;2865.18;87.000;705.71;0.51;24.63;3175.28;97.000;761.73;0.64;23.99;3012.91;89.000;787.18;0.63;26.13;808.77;23.000;247.07;0.24;30.55;2372.11;74.000;694.24;0.61;29.27;2975.05;95.000;867.16;0.69;29.15;1979.40;70.000;677.39;0.55;34.22;1480.67;53.000;484.11;0.39;32.70;2936.61;109.000;739.58;0.54;25.18;3304.49;111.000;778.18;0.52;23.55;3913.69;131.000;869.51;0.61;22.22;3138.45;105.000;750.55;0.66;23.91;3826.72;128.000;665.34;0.53;17.39
14793;F/LINE BROCCOLI FLORETS;4;48190.18;1 242.000;14126.39;0.26;29.31;764.53;22.000;215.67;0.25;28.21;764.53;22.000;215.67;0.24;28.21;628.07;18.000;221.35;0.26;35.24;768.03;22.000;270.31;0.35;35.20;489.86;14.000;173.13;0.21;35.34;556.09;16.000;218.22;0.26;39.24;494.85;15.000;152.98;0.17;30.92;131.96;4.000;49.40;0.05;37.44;625.16;19.000;194.48;0.18;31.11;428.88;12.000;130.20;0.11;30.36;827.77;23.000;251.75;0.22;30.41;718.00;20.000;217.12;0.22;30.24;899.75;25.000;273.65;0.28;30.41;789.98;22.000;239.01;0.23;30.25;1149.88;32.000;357.25;0.36;31.07;1079.70;30.000;348.87;0.38;32.31;824.17;23.000;250.98;0.27;30.45;1367.62;38.000;496.37;0.49;36.29;1603.78;42.000;520.88;0.49;32.48;1957.51;49.000;554.12;0.50;28.31;1399.65;35.000;386.81;0.33;27.64;1315.67;33.000;336.16;0.29;25.55;791.80;20.000;198.16;0.18;25.03;795.80;20.000;202.16;0.20;25.40;837.79;21.000;214.46;0.20;25.60;1313.67;33.000;334.16;0.35;25.44;1077.73;27.000;276.31;0.28;25.64;755.81;19.000;194.69;0.22;25.76;1119.72;28.000;301.88;0.32;26.96;1475.63;37.000;536.93;0.52;36.39;1197.70;30.000;406.42;0.40;33.93;1597.60;40.000;447.81;0.38;28.03;1357.66;34.000;380.34;0.32;28.01;1277.68;32.000;351.27;0.27;27.49;1437.64;36.000;388.03;0.28;26.99;1359.66;34.000;368.36;0.30;27.09;1275.68;32.000;342.69;0.25;26.86;1393.65;35.000;373.19;0.31;26.78;715.82;18.000;191.01;0.15;26.68;511.87;13.000;132.84;0.13;25.95;1059.44;26.000;351.60;0.31;33.19;724.38;17.000;201.19;0.16;27.77;1113.43;27.000;363.66;0.29;32.66;726.53;17.000;209.92;0.17;28.89;935.03;22.000;257.97;0.19;27.59;984.47;23.000;271.97;0.18;27.63;941.48;22.000;259.96;0.18;27.61;937.18;22.000;255.66;0.22;27.28;889.89;21.000;239.35;0.19;26.90
14794;F/L BROC&CAULI HEADS;4;111182.38;3 787.000;25528.80;0.48;22.96;1806.98;67.000;363.73;0.42;20.13;2149.75;80.000;470.00;0.53;21.86;1712.61;64.000;423.07;0.49;24.70;1118.30;45.000;271.40;0.35;24.27;1771.79;71.000;369.96;0.44;20.88;2142.89;86.000;638.49;0.75;29.80;1798.03;72.000;412.95;0.46;22.97;2045.43;82.000;464.80;0.47;22.72;1438.17;58.000;320.64;0.30;22.30;2604.78;97.000;437.67;0.37;16.80;2852.71;104.000;566.49;0.50;19.86;2055.81;69.000;459.59;0.47;22.36;3402.36;114.000;740.58;0.75;21.77;3435.35;115.000;749.57;0.71;21.82;2000.33;67.000;444.15;0.44;22.20;2148.78;72.000;476.47;0.52;22.17;1763.41;59.000;399.76;0.44;22.67;890.70;30.000;197.32;0.19;22.15;2027.32;68.000;332.91;0.31;16.42;2623.51;94.000;573.99;0.52;21.88;2417.19;81.000;470.60;0.41;19.47;1766.41;59.000;352.51;0.30;19.96;2058.81;69.000;443.46;0.40;21.54;1947.85;65.000;459.17;0.45;23.57;2363.21;79.000;559.88;0.53;23.69;2090.30;70.000;527.20;0.56;25.22;2273.24;76.000;443.66;0.45;19.52;2096.30;70.000;596.97;0.66;28.48;2124.79;71.000;563.12;0.60;26.50;2393.70;75.000;590.70;0.57;24.68;1936.51;59.000;306.77;0.30;15.84;2212.69;71.000;540.78;0.45;24.44;2023.21;74.000;568.16;0.47;28.08;2546.15;85.000;580.44;0.45;22.80;2793.14;91.000;556.84;0.41;19.94;2931.16;89.000;742.71;0.60;25.34;3384.77;103.000;852.07;0.62;25.17;2395.07;73.000;600.05;0.51;25.05;3444.93;102.000;906.73;0.73;26.32;1284.84;36.000;373.37;0.36;29.06;1858.71;59.000;523.84;0.46;28.18;2328.60;75.000;663.07;0.53;28.47;1712.40;60.000;579.00;0.47;33.81;1423.29;51.000;465.67;0.37;32.72;2797.16;104.000;720.80;0.53;25.77;2955.20;100.000;571.21;0.39;19.33;3564.33;117.000;776.47;0.55;21.78;3168.44;106.000;669.76;0.59;21.14;3100.97;103.000;410.23;0.33;13.23
14801;F/L LETT SEASN VAL P/P;4;76576.12;2 931.000;21539.00;0.40;28.13;2396.71;89.000;691.43;0.80;28.85;1602.30;70.000;448.76;0.51;28.01;1202.17;43.000;363.03;0.42;30.20;974.05;35.000;280.84;0.36;28.83;1259.55;45.000;368.28;0.44;29.24;1147.59;41.000;335.54;0.39;29.24;1599.32;68.000;462.49;0.52;28.92;1760.53;67.000;471.58;0.48;26.79;2486.41;93.000;669.84;0.63;26.94;3126.88;153.000;565.01;0.47;18.07;1872.28;84.000;416.09;0.37;22.22;1638.02;68.000;483.35;0.49;29.51;1298.15;55.000;364.62;0.37;28.09;1844.86;64.000;632.46;0.60;34.28;476.84;16.000;164.68;0.16;34.54;719.76;24.000;224.04;0.24;31.13;749.75;25.000;235.91;0.26;31.46;1026.13;37.000;286.82;0.28;27.95;1743.15;66.000;508.37;0.48;29.16;1091.72;38.000;331.25;0.30;30.34;1286.14;46.000;416.02;0.36;32.35;1679.78;72.000;320.38;0.28;19.07;1878.81;69.000;479.99;0.43;25.55;2183.72;78.000;651.38;0.64;29.83;1707.93;57.000;507.79;0.48;29.73;1019.66;34.000;303.79;0.32;29.79;1228.09;41.000;364.83;0.37;29.71;628.29;21.000;186.13;0.21;29.63;776.74;26.000;229.31;0.24;29.52;1438.02;48.000;427.38;0.41;29.72;1286.53;47.000;318.87;0.31;24.79;1765.54;67.000;461.55;0.39;26.14;2314.11;81.000;713.75;0.60;30.84;2957.66;128.000;626.82;0.48;21.19;2571.18;100.000;770.78;0.57;29.98;1783.59;66.000;545.84;0.44;30.60;2180.42;78.000;788.91;0.57;36.18;1370.11;49.000;483.16;0.41;35.26;1286.14;46.000;390.82;0.31;30.39;475.83;17.000;137.43;0.13;28.88;531.81;19.000;153.60;0.14;28.88;978.25;35.000;281.55;0.23;28.78;1250.74;46.000;353.80;0.28;28.29;1681.37;63.000;521.48;0.42;31.01;2482.40;90.000;852.48;0.63;34.34;1878.14;86.000;331.46;0.22;17.65;2115.73;83.000;601.48;0.42;28.43;1382.95;62.000;311.19;0.27;22.50;2440.27;95.000;702.64;0.56;28.79
14803;F/L LOCAL BABY SPINACH;4;31657.59;1 001.000;9296.27;0.17;29.37;484.47;18.000;139.58;0.16;28.81;566.79;21.000;164.42;0.19;29.01;188.93;7.000;50.30;0.06;26.62;106.61;4.000;29.83;0.04;27.98;274.90;10.000;75.78;0.09;27.56;586.39;21.000;165.42;0.19;28.21;783.72;28.000;222.43;0.25;28.38;642.37;23.000;181.31;0.18;28.23;698.35;25.000;197.20;0.18;28.24;640.97;23.000;179.91;0.15;28.07;363.87;13.000;103.27;0.09;28.38;698.35;25.000;197.20;0.20;28.24;888.20;30.000;246.60;0.25;27.76;898.20;30.000;248.56;0.23;27.67;688.27;23.000;190.21;0.19;27.64;569.81;19.000;158.37;0.17;27.79;929.69;31.000;261.69;0.29;28.15;835.23;27.000;242.07;0.24;28.98;757.12;23.000;232.50;0.22;30.71;392.88;12.000;120.72;0.11;30.73;0.00;0.000;0.00;0.00;0.00;0.00;0.000;0.00;0.00;0.00;0.00;0.000;0.00;0.00;0.00;0.00;0.000;0.00;0.00;0.00;0.00;0.000;0.00;0.00;0.00;131.96;4.000;40.72;0.04;30.86;722.48;22.000;220.67;0.22;30.54;887.43;27.000;271.57;0.30;30.60;395.88;12.000;122.16;0.13;30.86;790.11;24.000;242.68;0.23;30.71;689.49;21.000;210.49;0.21;30.53;1317.95;40.000;405.56;0.34;30.77;659.80;20.000;203.61;0.17;30.86;1253.62;38.000;386.85;0.30;30.86;1220.63;37.000;376.07;0.28;30.81;1120.01;34.000;334.23;0.27;29.84;922.07;28.000;274.95;0.20;29.82;922.07;28.000;274.95;0.23;29.82;230.93;7.000;69.15;0.06;29.94;749.79;21.000;240.75;0.23;32.11;503.86;14.000;163.71;0.14;32.49;500.26;14.000;160.11;0.13;32.00;847.14;26.000;248.42;0.20;29.33;1014.60;30.000;285.70;0.23;28.16;1050.29;31.000;297.10;0.22;28.29;1153.96;34.000;327.88;0.22;28.41;917.73;27.000;261.72;0.18;28.52;542.14;16.000;153.39;0.13;28.29;1118.27;33.000;316.48;0.25;28.30
14805;F/L ITALIAN SALAD;4;66486.76;2 396.000;17484.89;0.33;26.30;1483.47;53.000;455.51;0.52;30.71;1812.88;77.000;462.62;0.52;25.52;984.21;34.000;288.36;0.34;29.30;376.87;13.000;110.81;0.14;29.40;869.70;30.000;255.71;0.31;29.40;1101.62;38.000;323.90;0.38;29.40;1319.43;57.000;244.11;0.27;18.50;2517.62;88.000;741.26;0.75;29.44;1349.55;45.000;428.57;0.40;31.76;2336.02;98.000;502.03;0.42;21.49;1419.06;49.000;416.22;0.37;29.33;1524.08;52.000;531.06;0.54;34.84;1779.27;73.000;373.83;0.38;21.01;1877.84;66.000;494.79;0.47;26.35;1166.62;39.000;325.29;0.32;27.88;716.76;24.000;184.50;0.20;25.74;749.75;25.000;195.88;0.21;26.13;808.23;27.000;210.05;0.21;25.99;1121.58;42.000;271.53;0.25;24.21;1214.59;41.000;359.50;0.32;29.60;1556.48;52.000;465.79;0.40;29.93;1642.97;71.000;221.33;0.19;13.47;2289.34;82.000;677.31;0.61;29.59;1329.51;49.000;310.24;0.30;23.34;1614.96;54.000;482.32;0.46;29.87;748.25;25.000;223.88;0.24;29.92;778.24;26.000;232.90;0.24;29.93;538.32;18.000;160.77;0.18;29.87;986.67;33.000;294.50;0.31;29.85;1199.60;40.000;360.61;0.35;30.06;1248.29;46.000;301.83;0.30;24.18;1198.27;48.000;259.36;0.22;21.64;1662.65;60.000;423.41;0.35;25.47;1797.90;60.000;491.36;0.38;27.33;1823.39;61.000;494.62;0.36;27.13;1468.01;49.000;400.64;0.32;27.29;1258.08;42.000;343.19;0.25;27.28;1226.59;41.000;333.48;0.28;27.19;1138.12;38.000;310.36;0.25;27.27;1103.63;37.000;291.65;0.28;26.43;1078.14;36.000;287.77;0.25;26.69;1343.55;45.000;355.58;0.28;26.47;1211.09;42.000;309.60;0.25;25.56;1325.49;51.000;301.35;0.24;22.74;1947.95;75.000;441.87;0.32;22.68;2003.31;89.000;194.52;0.13;9.71;1796.40;60.000;576.83;0.41;32.11;1706.34;66.000;454.41;0.40;26.63;936.07;29.000;307.87;0.24;32.89
15029;F/L GREEN PEPPER;4;45732.65;2 216.000;10974.56;0.21;24.00;521.71;29.000;151.35;0.17;29.01;683.62;38.000;198.32;0.22;29.01;523.92;28.000;150.01;0.18;28.63;589.70;30.000;170.84;0.22;28.97;671.66;34.000;144.34;0.17;21.49;617.69;31.000;126.74;0.15;20.52;199.90;10.000;23.19;0.03;11.60;0.00;0.000;0.00;0.00;0.00;768.17;41.000;118.50;0.11;15.43;546.94;29.000;88.03;0.07;16.10;0.00;0.000;0.00;0.00;0.00;0.00;0.000;0.00;0.00;0.00;0.00;0.000;0.00;0.00;0.00;0.00;0.000;0.00;0.00;0.00;0.00;0.000;0.00;0.00;0.00;680.10;55.000;124.88;0.14;18.36;489.62;38.000;104.08;0.11;21.26;0.00;0.000;0.00;0.00;0.00;0.00;0.000;0.00;0.00;0.00;0.00;0.000;0.00;0.00;0.00;0.00;0.000;0.00;0.00;0.00;0.00;0.000;0.00;0.00;0.00;1178.93;61.000;324.70;0.29;27.54;1447.00;80.000;335.09;0.33;23.16;902.40;48.000;237.65;0.23;26.34;643.72;28.000;183.71;0.19;28.54;724.64;36.000;214.36;0.22;29.58;899.50;50.000;316.62;0.35;35.20;951.53;49.000;282.08;0.30;29.65;1338.33;67.000;232.11;0.22;17.34;1279.36;64.000;307.50;0.30;24.04;2196.90;110.000;566.74;0.48;25.80;1811.06;79.000;438.59;0.37;24.22;2249.39;91.000;452.92;0.35;20.14;2276.00;119.000;518.88;0.38;22.80;1556.22;78.000;469.49;0.38;30.17;1634.25;75.000;452.68;0.33;27.70;2066.64;81.000;488.46;0.41;23.64;1739.15;85.000;488.49;0.39;28.09;1497.25;75.000;441.99;0.42;29.52;1483.12;73.000;394.81;0.35;26.62;1375.95;60.000;243.25;0.19;17.68;1126.37;48.000;152.01;0.12;13.50;815.71;29.000;72.22;0.06;8.85;2157.78;72.000;395.78;0.29;18.34;1745.18;82.000;433.45;0.29;24.84;1821.61;91.000;540.48;0.38;29.67;1434.28;72.000;364.15;0.32;25.39;1087.35;50.000;226.08;0.18;20.79
15032;F/LINE 2KG  POTATO;4;326621.21;8 642.000;83716.86;1.57;25.63;5287.50;181.000;1533.27;1.76;29.00;6045.63;197.000;1761.85;1.98;29.14;6440.67;233.000;1367.69;1.60;21.24;6903.53;221.000;2115.56;2.75;30.64;7924.75;250.000;2568.92;3.09;32.42;7388.09;262.000;1797.00;2.12;24.32;5096.59;156.000;1784.57;1.99;35.01;6354.14;199.000;2292.92;2.32;36.09;5645.41;188.000;1628.92;1.53;28.85;6856.29;206.000;1918.76;1.61;27.99;7338.43;212.000;2245.57;1.99;30.60;7030.73;197.000;1926.54;1.95;27.40;8969.62;246.000;2074.49;2.11;23.13;6987.17;185.000;1582.95;1.49;22.66;7103.43;192.000;1920.61;1.92;27.04;8135.71;213.000;2119.46;2.29;26.05;7283.65;198.000;1898.77;2.07;26.07;7757.89;197.000;2173.87;2.12;28.02;6246.73;150.000;1413.71;1.32;22.63;9541.78;197.000;2082.07;1.87;21.82;7984.93;163.000;2003.47;1.73;25.09;5052.84;116.000;1244.76;1.08;24.63;7340.34;163.000;1883.25;1.70;25.66;6437.86;168.000;1336.54;1.31;20.76;5887.12;154.000;1328.66;1.26;22.57;7846.59;206.000;1490.90;1.58;19.00;6636.02;148.000;1837.03;1.85;27.68;5936.96;161.000;1228.44;1.36;20.69;8231.63;211.000;1611.95;1.72;19.58;5444.80;123.000;1561.03;1.51;28.67;6644.58;150.000;1455.07;1.42;21.90;7118.56;142.000;1582.93;1.33;22.24;6508.42;139.000;1530.28;1.28;23.51;7522.41;200.000;1529.15;1.18;20.33;9037.19;207.000;2091.95;1.53;23.15;7643.55;177.000;2005.53;1.61;26.24;7906.64;205.000;1974.26;1.43;24.97;5898.91;135.000;1567.46;1.32;26.57;7601.94;186.000;1807.85;1.45;23.78;5197.26;120.000;1173.23;1.12;22.57;6157.38;153.000;1686.85;1.49;27.40;4387.22;105.000;1285.46;1.03;29.30;4621.41;126.000;1183.44;0.95;25.61;4583.01;133.000;1217.75;0.97;26.57;3774.99;117.000;973.25;0.71;25.78;5005.18;147.000;1093.23;0.74;21.84;7462.07;192.000;1924.48;1.35;25.79;6922.14;175.000;2188.01;1.92;31.61;5491.52;140.000;1713.16;1.36;31.20
15033;F/LINE BABY POTATOES;4;49006.55;3 331.000;14229.57;0.27;29.04;754.17;63.000;223.44;0.26;29.63;884.26;74.000;260.86;0.29;29.50;1086.95;85.000;329.36;0.38;30.30;969.86;89.000;266.40;0.35;27.47;1012.59;87.000;342.18;0.41;33.79;1262.53;108.000;408.55;0.48;32.36;677.56;54.000;203.39;0.23;30.02;817.07;63.000;248.43;0.25;30.40;867.73;67.000;262.98;0.25;30.31;1160.81;89.000;332.22;0.28;28.62;933.92;68.000;243.43;0.22;26.06;961.70;80.000;181.06;0.18;18.83;1245.05;95.000;254.53;0.26;20.44;1133.69;71.000;321.95;0.30;28.40;806.83;57.000;216.74;0.22;26.86;922.62;58.000;294.40;0.32;31.91;978.17;73.000;277.89;0.30;28.41;808.53;57.000;234.89;0.23;29.05;1249.66;74.000;301.28;0.28;24.11;1630.19;71.000;508.36;0.46;31.18;1475.14;71.000;380.14;0.33;25.77;1337.33;67.000;400.61;0.35;29.96;877.56;44.000;283.02;0.26;32.25;883.57;63.000;206.00;0.20;23.31;989.45;55.000;296.04;0.28;29.92;1054.03;77.000;254.05;0.27;24.10;638.80;40.000;200.87;0.20;31.45;828.28;52.000;255.93;0.28;30.90;1048.75;69.000;377.66;0.40;36.01;431.11;27.000;134.16;0.13;31.12;1732.36;94.000;397.52;0.39;22.95;1256.92;53.000;373.84;0.31;29.74;958.64;56.000;300.44;0.25;31.34;1171.01;79.000;325.20;0.25;27.77;1021.17;68.000;279.24;0.20;27.35;1201.60;80.000;334.74;0.27;27.86;1543.25;115.000;379.57;0.28;24.60;1075.80;60.000;407.03;0.34;37.84;853.81;49.000;253.59;0.20;29.70;508.00;30.000;158.80;0.15;31.26;915.89;66.000;265.09;0.23;28.94;990.18;67.000;276.71;0.22;27.95;940.34;71.000;256.51;0.21;27.28;778.98;52.000;283.28;0.23;36.36;720.29;56.000;297.59;0.22;41.32;1024.10;86.000;384.65;0.26;37.56;1015.81;79.000;296.03;0.21;29.14;723.54;56.000;213.31;0.19;29.48;846.95;66.000;245.61;0.20;29.00
15035;F/LINE UNPEELED ONIONS;4;162744.98;7 512.000;43857.59;0.82;26.95;2090.90;141.000;852.22;0.98;40.76;2504.85;160.000;997.71;1.12;39.83;2834.27;235.000;717.64;0.84;25.32;3188.83;221.000;1001.96;1.30;31.42;3998.21;252.000;1135.61;1.37;28.40;3838.45;230.000;1166.01;1.37;30.38;4158.55;198.000;1038.51;1.16;24.97;5909.06;230.000;1695.37;1.72;28.69;5007.23;198.000;1059.17;0.99;21.15;4592.43;177.000;1170.66;0.98;25.49;5190.18;202.000;1340.30;1.19;25.82;4033.13;158.000;1109.03;1.12;27.50;4331.82;175.000;1126.39;1.15;26.00;5154.37;199.000;1400.20;1.32;27.17;6036.54;227.000;1242.33;1.24;20.58;5420.66;198.000;1069.52;1.16;19.73;5432.83;218.000;1086.08;1.19;19.99;4293.44;168.000;1154.25;1.13;26.88;4413.06;173.000;1029.75;0.96;23.33;3355.90;135.000;821.43;0.74;24.48;2682.93;107.000;847.22;0.73;31.58;2320.67;98.000;680.00;0.59;29.30;2331.69;116.000;679.90;0.61;29.16;1735.63;91.000;624.26;0.61;35.97;1878.03;110.000;621.81;0.59;33.11;2678.25;133.000;578.68;0.61;21.61;2017.37;88.000;453.72;0.46;22.49;2583.80;113.000;598.40;0.66;23.16;4424.88;188.000;1120.56;1.19;25.32;3701.87;156.000;1065.04;1.03;28.77;3543.04;167.000;1008.78;0.99;28.47;2289.13;101.000;681.84;0.57;29.79;2673.69;122.000;761.97;0.64;28.50;2814.20;140.000;750.88;0.58;26.68;2836.10;146.000;767.18;0.56;27.05;2875.39;156.000;773.04;0.62;26.88;2469.49;121.000;782.01;0.57;31.67;2009.33;104.000;549.40;0.46;27.34;2778.85;120.000;715.50;0.57;25.75;2834.84;114.000;650.26;0.62;22.94;3542.41;155.000;819.95;0.72;23.15;3527.79;152.000;942.59;0.75;26.72;3040.30;124.000;999.51;0.80;32.88;2165.82;97.000;684.74;0.55;31.62;1823.76;93.000;497.09;0.36;27.26;2531.99;151.000;750.51;0.51;29.64;2768.45;146.000;895.98;0.63;32.36;1597.07;94.000;437.97;0.38;27.42;2483.50;114.000;904.68;0.72;36.43
15036;F/L SWEET POTATOES;4;83897.31;2 938.000;21377.88;0.40;25.48;991.46;44.000;266.09;0.31;26.84;1005.60;60.000;186.36;0.21;18.53;1501.46;77.000;429.94;0.50;28.63;1899.98;103.000;485.83;0.63;25.57;1799.31;94.000;507.20;0.61;28.19;1060.50;55.000;300.47;0.35;28.33;1210.30;50.000;412.80;0.46;34.11;1210.47;50.000;399.57;0.41;33.01;1137.06;44.000;300.02;0.28;26.39;1233.56;44.000;273.99;0.23;22.21;1348.05;45.000;226.16;0.20;16.78;1286.57;43.000;240.38;0.24;18.68;1108.13;37.000;222.47;0.23;20.08;1717.56;58.000;414.59;0.39;24.14;2004.54;86.000;392.72;0.39;19.59;2448.17;85.000;729.82;0.79;29.81;1274.22;48.000;393.12;0.43;30.85;1518.32;59.000;435.59;0.43;28.69;1382.50;53.000;419.49;0.39;30.34;1007.16;34.000;186.88;0.17;18.55;2184.13;47.000;358.71;0.31;16.42;2505.00;50.000;377.81;0.33;15.08;1751.58;42.000;223.14;0.20;12.74;1701.03;47.000;313.33;0.31;18.42;1506.57;48.000;413.47;0.39;27.44;3001.19;103.000;839.15;0.89;27.96;1724.92;58.000;523.50;0.53;30.35;1637.94;65.000;367.90;0.41;22.46;2729.08;101.000;687.43;0.73;25.19;2379.39;82.000;739.03;0.71;31.06;1987.35;63.000;558.26;0.55;28.09;1088.39;36.000;265.39;0.22;24.38;1654.51;49.000;364.18;0.30;22.01;1419.64;36.000;337.04;0.26;23.74;1839.54;46.000;438.84;0.32;23.86;2187.74;56.000;561.17;0.45;25.65;2850.42;82.000;945.73;0.69;33.18;2156.80;75.000;778.14;0.66;36.08;3173.13;111.000;1182.00;0.95;37.25;1719.92;58.000;616.88;0.59;35.87;2451.85;92.000;801.90;0.71;32.71;1786.02;69.000;531.29;0.42;29.75;1733.64;64.000;464.55;0.37;26.80;1469.00;50.000;317.13;0.25;21.59;1569.97;53.000;273.29;0.20;17.41;1671.94;56.000;250.93;0.17;15.01;1255.08;42.000;146.98;0.10;11.71;1010.66;34.000;126.69;0.11;12.54;1605.96;54.000;350.56;0.28;21.83
15038;F/LINE PEPP MX 2PUN;4;61522.32;1 748.000;13249.18;0.25;21.54;1109.63;37.000;298.22;0.34;26.88;988.17;33.000;264.48;0.30;26.76;959.68;32.000;241.97;0.28;25.21;0.00;0.000;0.00;0.00;0.00;1046.65;35.000;244.21;0.29;23.33;898.20;30.000;210.40;0.25;23.42;379.89;11.000;37.98;0.04;10.00;0.00;0.000;0.00;0.00;0.00;219.94;6.000;-7.33;-0.01;-3.33;1919.52;48.000;224.22;0.19;11.68;479.88;12.000;57.21;0.05;11.92;839.79;21.000;102.94;0.10;12.26;553.86;14.000;62.63;0.06;11.31;719.82;18.000;88.24;0.08;12.26;649.82;18.000;121.47;0.12;18.69;554.81;19.000;177.00;0.19;31.90;927.04;36.000;269.68;0.29;29.09;1591.23;57.000;432.32;0.42;27.17;1510.99;51.000;422.66;0.40;27.97;881.72;28.000;249.40;0.22;28.29;2337.34;71.000;651.32;0.56;27.87;2499.67;73.000;572.43;0.49;22.90;2365.51;64.000;409.04;0.37;17.29;1443.62;38.000;334.77;0.33;23.19;1134.00;30.000;292.32;0.28;25.78;1084.69;31.000;331.50;0.35;30.56;1258.90;35.000;350.30;0.35;27.83;1307.52;38.000;369.76;0.41;28.28;1289.92;38.000;371.27;0.40;28.78;1232.46;34.000;189.76;0.18;15.40;1586.87;43.000;268.16;0.26;16.90;1098.87;28.000;112.38;0.09;10.23;1353.66;34.000;150.81;0.13;11.14;2477.38;62.000;362.64;0.28;14.64;1746.13;47.000;420.85;0.31;24.10;2046.03;57.000;598.81;0.48;29.27;2261.97;63.000;662.41;0.48;29.28;2653.27;73.000;648.56;0.55;24.44;2239.65;60.000;409.99;0.33;18.31;1173.89;31.000;251.69;0.24;21.44;1595.60;40.000;267.39;0.24;16.76;1951.51;49.000;313.27;0.25;16.05;2027.49;51.000;316.20;0.25;15.60;515.87;13.000;79.66;0.06;15.44;199.95;5.000;32.18;0.02;16.09;479.88;12.000;81.42;0.05;16.97;894.60;40.000;108.70;0.08;12.15;1432.84;41.000;431.52;0.38;30.12;1602.59;41.000;362.40;0.29;22.61
15044;F/LINE POTATOES;4;279097.66;4 543.000;55799.17;1.04;19.99;6399.36;157.000;1223.98;1.41;19.13;6823.15;156.000;1441.23;1.62;21.12;6104.16;124.000;1269.98;1.48;20.81;5223.65;105.000;1143.21;1.48;21.89;5193.96;104.000;1088.66;1.31;20.96;5664.62;118.000;1200.78;1.41;21.20;5209.50;105.000;1049.50;1.17;20.15;5228.77;104.000;1179.59;1.20;22.56;4204.83;82.000;1032.63;0.97;24.56;6224.34;121.000;1583.51;1.33;25.44;7607.13;143.000;1828.02;1.62;24.03;7300.92;127.000;1421.29;1.44;19.47;7464.23;128.000;1308.88;1.33;17.54;6772.45;109.000;1607.96;1.52;23.74;6774.60;109.000;1344.93;1.34;19.85;6310.99;93.000;1244.99;1.35;19.73;5242.25;75.000;1069.22;1.17;20.40;6680.45;105.000;1324.43;1.29;19.83;7537.46;104.000;1453.77;1.36;19.29;8101.24;92.000;1370.94;1.23;16.92;6244.75;79.000;1085.56;0.94;17.38;6646.42;92.000;1162.30;1.00;17.49;6084.19;81.000;1207.41;1.09;19.84;5774.30;83.000;1124.54;1.10;19.47;6625.76;95.000;1379.28;1.31;20.82;6705.04;96.000;1249.63;1.32;18.64;4661.33;67.000;1030.40;1.04;22.11;5238.75;75.000;1055.99;1.17;20.16;3912.44;56.000;959.89;1.02;24.53;4818.81;69.000;1005.98;0.97;20.88;6152.12;88.000;749.51;0.73;12.18;7566.10;90.000;1132.12;0.95;14.96;5925.21;79.000;1276.83;1.07;21.55;7318.95;105.000;1330.91;1.03;18.18;5983.25;75.000;875.57;0.64;14.63;6493.95;90.000;1543.44;1.24;23.77;5553.79;81.000;1122.64;0.81;20.21;5091.77;73.000;979.96;0.83;19.25;4332.38;62.000;577.06;0.46;13.32;5133.17;83.000;700.67;0.67;13.65;4281.79;71.000;778.48;0.69;18.18;4373.05;95.000;632.92;0.51;14.47;2839.90;60.000;483.98;0.39;17.04;3094.38;62.000;655.47;0.52;21.18;3302.92;68.000;740.08;0.54;22.41;4725.45;80.000;1418.71;0.96;30.02;4525.34;66.000;1037.10;0.73;22.92;3620.31;53.000;995.52;0.87;27.50;6003.98;108.000;1319.70;1.05;21.98
15045;POTATO  MEDIUM 7KG;4;171265.63;3 312.000;25144.92;0.47;14.68;6460.13;137.000;1362.70;1.57;21.09;7888.51;149.000;1043.97;1.18;13.23;13760.49;271.000;1588.81;1.86;11.55;9684.59;166.000;1688.91;2.19;17.44;9073.66;154.000;1530.99;1.84;16.87;5513.49;101.000;1016.50;1.20;18.44;4868.99;101.000;629.24;0.70;12.92;8653.87;213.000;294.37;0.30;3.40;8751.50;220.000;1075.25;1.01;12.29;7894.28;142.000;1046.74;0.88;13.26;5207.13;87.000;485.05;0.43;9.32;0.00;0.000;0.00;0.00;0.00;0.00;0.000;0.00;0.00;0.00;0.00;0.000;0.00;0.00;0.00;0.00;0.000;0.00;0.00;0.00;0.00;0.000;0.00;0.00;0.00;0.00;0.000;0.00;0.00;0.00;0.00;0.000;0.00;0.00;0.00;0.00;0.000;0.00;0.00;0.00;0.00;0.000;0.00;0.00;0.00;0.00;0.000;0.00;0.00;0.00;0.00;0.000;0.00;0.00;0.00;0.00;0.000;0.00;0.00;0.00;0.00;0.000;0.00;0.00;0.00;0.00;0.000;0.00;0.00;0.00;0.00;0.000;0.00;0.00;0.00;9650.44;156.000;1382.44;1.40;14.33;6834.02;108.000;1026.02;1.14;15.01;7661.12;98.000;1893.12;2.02;24.71;827.88;12.000;131.88;0.13;15.93;344.95;5.000;54.95;0.05;15.93;0.00;0.000;0.00;0.00;0.00;0.00;0.000;0.00;0.00;0.00;206.97;3.000;32.97;0.03;15.93;479.48;7.000;73.48;0.05;15.32;68.99;1.000;10.99;0.01;15.93;6402.95;105.000;627.95;0.46;9.81;519.92;8.000;79.92;0.07;15.37;0.00;0.000;0.00;0.00;0.00;0.00;0.000;0.00;0.00;0.00;20956.35;345.000;3166.45;2.80;15.11;13362.54;246.000;2064.54;1.65;15.45;1844.63;37.000;528.23;0.43;28.64;49.99;1.000;15.19;0.01;30.39;14266.77;438.000;2287.77;1.68;16.04;31.99;1.000;6.49;0.00;20.29;0.00;0.000;0.00;0.00;0.00;0.00;0.000;0.00;0.00;0.00;0.00;0.000;0.00;0.00;0.00
15049;F/L ROBOT PEPPERS;4;102437.81;2 493.000;18707.83;0.35;18.26;1612.71;43.000;518.74;0.60;32.17;2051.38;62.000;449.32;0.51;21.90;1975.48;52.000;472.27;0.55;23.91;1553.79;41.000;362.96;0.47;23.36;2089.45;55.000;442.21;0.53;21.16;1669.66;44.000;294.68;0.35;17.65;1367.70;30.000;185.78;0.21;13.58;1697.16;34.000;277.13;0.28;16.33;2279.52;48.000;404.68;0.38;17.75;4502.87;113.000;741.88;0.62;16.48;2238.43;57.000;605.18;0.54;27.04;2836.26;74.000;731.66;0.74;25.80;2281.42;58.000;552.46;0.56;24.22;2433.39;61.000;550.09;0.52;22.61;1759.56;44.000;377.99;0.38;21.48;1914.52;48.000;479.79;0.52;25.06;2100.47;53.000;556.81;0.61;26.51;799.80;20.000;163.59;0.16;20.45;1429.64;36.000;258.73;0.24;18.10;1873.53;47.000;251.99;0.23;13.45;2795.30;70.000;360.99;0.31;12.91;4272.93;107.000;606.61;0.52;14.20;2957.26;74.000;430.41;0.39;14.55;2317.42;58.000;318.14;0.31;13.73;1959.51;49.000;413.80;0.39;21.12;1399.65;35.000;280.54;0.30;20.04;2317.42;58.000;284.37;0.29;12.27;2119.47;53.000;493.44;0.55;23.28;1957.51;49.000;407.32;0.43;20.81;1837.54;46.000;121.57;0.12;6.62;2078.21;49.000;254.52;0.25;12.25;2739.38;62.000;322.67;0.27;11.78;2424.96;54.000;278.02;0.23;11.47;5149.40;110.000;594.90;0.46;11.55;3009.32;68.000;466.06;0.34;15.49;2595.23;62.000;572.38;0.46;22.06;3181.26;74.000;854.29;0.62;26.85;2106.51;49.000;312.61;0.26;14.84;2560.42;58.000;372.54;0.30;14.55;1960.56;44.000;350.61;0.34;17.88;2056.04;46.000;337.35;0.30;16.41;2159.52;48.000;292.13;0.23;13.53;539.88;12.000;54.54;0.04;10.10;0.00;0.000;0.00;0.00;0.00;0.00;0.000;0.00;0.00;0.00;0.00;0.000;0.00;0.00;0.00;359.92;8.000;88.75;0.06;24.66;2240.52;63.000;447.43;0.39;19.97;2875.93;67.000;713.92;0.57;24.82
15050;FRESHLINE BUTTERNUT 3KG;4;40672.47;1 059.000;8680.82;0.16;21.34;469.58;15.000;107.67;0.12;22.93;1074.85;32.000;373.64;0.42;34.76;921.18;35.000;185.49;0.22;20.14;276.91;8.000;71.60;0.09;25.86;392.29;11.000;101.52;0.12;25.88;435.89;11.000;61.77;0.07;14.17;319.92;8.000;32.84;0.04;10.26;462.90;10.000;39.88;0.04;8.62;299.94;6.000;62.02;0.06;20.68;598.66;14.000;145.02;0.12;24.22;1373.81;35.000;258.58;0.23;18.82;1262.39;31.000;281.21;0.29;22.28;1373.32;34.000;276.49;0.28;20.13;832.39;22.000;98.58;0.09;11.84;1186.05;33.000;98.03;0.10;8.27;903.44;24.000;106.59;0.12;11.80;614.87;13.000;130.93;0.14;21.29;594.88;12.000;143.69;0.14;24.16;1044.31;19.000;157.73;0.15;15.10;1169.80;20.000;175.90;0.16;15.04;724.87;13.000;154.99;0.13;21.38;899.29;19.000;180.76;0.16;20.10;961.58;21.000;303.31;0.27;31.54;623.06;15.000;205.82;0.20;33.03;507.74;15.000;84.73;0.08;16.69;1044.05;35.000;193.85;0.21;18.57;839.74;26.000;341.88;0.35;40.71;698.71;29.000;104.99;0.12;15.03;1178.69;46.000;145.03;0.15;12.30;1195.70;30.000;361.29;0.35;30.22;984.71;29.000;189.02;0.18;19.20;709.84;16.000;187.41;0.16;26.40;222.70;5.000;57.04;0.05;25.61;1329.03;33.000;351.62;0.27;26.46;1256.37;35.000;284.76;0.21;22.67;1071.76;30.000;252.68;0.20;23.58;759.61;21.000;217.11;0.16;28.58;706.82;22.000;123.15;0.10;17.42;737.80;20.000;208.20;0.17;28.22;1094.70;30.000;247.93;0.24;22.65;1359.86;35.000;280.44;0.25;20.62;965.27;23.000;171.99;0.14;17.82;928.32;18.000;89.72;0.07;9.66;56.99;1.000;3.24;0.00;5.69;661.16;9.000;103.33;0.08;15.63;841.30;20.000;167.67;0.11;19.93;1390.10;31.000;459.43;0.32;33.05;545.43;14.000;181.15;0.16;33.21;769.89;25.000;119.11;0.09;15.47
15065;F/L POTATOES VALUE PACK;4;97018.26;3 709.000;27281.43;0.51;28.12;2200.89;111.000;731.44;0.84;33.23;1798.07;93.000;567.94;0.64;31.59;1834.08;92.000;595.85;0.70;32.49;2108.94;106.000;663.96;0.86;31.48;1712.14;86.000;433.99;0.52;25.35;1762.53;92.000;485.98;0.57;27.57;1748.12;88.000;424.29;0.47;24.27;2087.95;105.000;795.31;0.81;38.09;1649.83;77.000;502.46;0.47;30.46;1910.90;90.000;551.13;0.46;28.84;1870.56;84.000;519.72;0.46;27.78;2062.86;74.000;479.15;0.49;23.23;3227.43;117.000;931.76;0.95;28.87;2922.02;98.000;946.48;0.89;32.39;2151.52;83.000;672.29;0.67;31.25;1760.64;66.000;502.78;0.54;28.56;2165.38;77.000;609.72;0.67;28.16;2543.15;85.000;683.84;0.67;26.89;2978.51;99.000;794.34;0.74;26.67;3617.66;99.000;612.58;0.55;16.93;3039.22;83.000;653.64;0.56;21.51;3079.31;99.000;833.93;0.72;27.08;2537.15;85.000;723.79;0.65;28.53;1856.38;62.000;533.70;0.52;28.75;2394.64;86.000;626.72;0.60;26.17;1774.60;70.000;538.61;0.57;30.35;1227.36;44.000;311.03;0.31;25.34;1277.07;43.000;367.22;0.41;28.75;928.19;31.000;271.19;0.29;29.22;2029.79;71.000;593.20;0.57;29.22;2925.39;81.000;714.44;0.70;24.42;1893.51;49.000;453.54;0.38;23.95;1448.76;44.000;429.49;0.36;29.65;1166.61;39.000;334.60;0.26;28.68;2421.69;81.000;672.33;0.49;27.76;2108.03;77.000;616.61;0.49;29.25;2413.86;84.000;676.95;0.49;28.04;2355.94;86.000;706.15;0.59;29.97;1646.45;55.000;473.10;0.38;28.73;1733.42;58.000;513.02;0.49;29.60;1569.55;55.000;488.70;0.43;31.14;1063.17;43.000;323.35;0.26;30.41;895.60;40.000;260.16;0.21;29.05;1271.36;64.000;338.37;0.27;26.62;1295.35;65.000;406.10;0.30;31.35;1352.35;65.000;482.71;0.33;35.69;1988.63;87.000;545.06;0.38;27.41;1721.95;75.000;477.49;0.42;27.73;1489.75;65.000;411.22;0.33;27.60
15069;F/L SWEET POTATOES;4;71952.44;1 619.000;16929.09;0.32;23.53;1437.64;36.000;345.06;0.40;24.00;1887.08;48.000;478.56;0.54;25.36;1145.69;31.000;315.24;0.37;27.52;1199.60;40.000;436.73;0.57;36.41;1607.21;49.000;468.55;0.56;29.15;1734.46;56.000;409.72;0.48;23.62;1751.80;60.000;333.05;0.37;19.01;1138.30;32.000;286.47;0.29;25.17;2183.90;58.000;647.27;0.61;29.64;1822.44;38.000;455.44;0.38;24.99;1619.73;27.000;327.85;0.29;20.24;1195.79;21.000;242.26;0.25;20.26;3042.90;61.000;760.64;0.78;25.00;1967.19;43.000;477.33;0.45;24.26;2021.65;45.000;434.32;0.43;21.48;2064.11;43.000;487.67;0.53;23.63;2105.04;46.000;572.62;0.63;27.20;2399.24;61.000;660.68;0.65;27.54;2328.81;59.000;625.45;0.59;26.86;947.84;16.000;179.69;0.16;18.96;119.98;2.000;23.96;0.02;19.97;0.00;0.000;0.00;0.00;0.00;0.00;0.000;0.00;0.00;0.00;1256.28;22.000;245.75;0.24;19.56;1939.14;36.000;359.17;0.34;18.52;1553.74;26.000;272.96;0.29;17.57;759.81;19.000;125.04;0.13;16.46;1749.51;49.000;430.44;0.48;24.60;1489.57;43.000;196.07;0.21;13.16;1409.59;41.000;219.56;0.21;15.58;1039.79;21.000;204.87;0.20;19.70;997.30;20.000;202.14;0.17;20.27;1642.17;33.000;330.15;0.28;20.10;1499.75;25.000;318.82;0.25;21.26;0.00;0.000;0.00;0.00;0.00;0.00;0.000;0.00;0.00;0.00;0.00;0.000;0.00;0.00;0.00;1257.17;33.000;323.04;0.27;25.70;3090.26;74.000;868.28;0.70;28.10;2119.57;43.000;713.02;0.68;33.64;1234.75;25.000;399.07;0.35;32.32;1339.74;27.000;403.63;0.32;30.13;1033.81;19.000;277.75;0.22;26.87;1931.67;33.000;506.15;0.40;26.20;2132.64;36.000;515.70;0.38;24.18;1607.73;27.000;355.35;0.24;22.10;1604.73;27.000;200.19;0.14;12.48;1811.69;31.000;215.77;0.19;11.91;1731.63;37.000;277.60;0.22;16.03
15070;F/L TOMATOES;4;100709.91;4 554.000;28379.35;0.53;28.18;0.00;0.000;0.00;0.00;0.00;708.76;39.000;219.74;0.25;31.00;2081.47;113.000;632.71;0.74;30.40;2065.54;116.000;558.99;0.73;27.06;1661.66;94.000;526.25;0.63;31.67;2918.75;155.000;827.27;0.97;28.34;5145.12;238.000;1405.80;1.57;27.32;4303.84;216.000;1180.20;1.20;27.42;2924.10;130.000;854.63;0.80;29.23;3461.42;138.000;892.22;0.75;25.78;3882.02;178.000;1119.75;0.99;28.84;2694.18;122.000;758.05;0.77;28.14;2196.69;96.000;606.26;0.62;27.60;1211.57;53.000;276.96;0.26;22.86;1524.16;79.000;434.92;0.43;28.54;1419.43;77.000;441.41;0.48;31.10;1542.26;79.000;455.80;0.50;29.55;1253.41;64.000;411.26;0.40;32.81;1199.66;64.000;407.21;0.38;33.94;2155.74;81.000;556.00;0.50;25.79;2191.88;82.000;484.02;0.42;22.08;2130.61;89.000;671.78;0.58;31.53;2156.63;87.000;699.50;0.63;32.44;2004.35;80.000;546.16;0.54;27.25;2020.93;82.000;499.44;0.48;24.71;1581.49;61.000;265.49;0.28;16.79;2066.76;74.000;423.55;0.43;20.49;1705.57;68.000;506.47;0.56;29.70;1703.95;105.000;462.61;0.49;27.15;2473.38;122.000;644.74;0.62;26.07;1584.40;65.000;485.20;0.47;30.62;2073.38;87.000;656.93;0.55;31.68;2114.49;86.000;512.58;0.43;24.24;2691.62;123.000;788.06;0.61;29.28;1510.39;81.000;460.72;0.34;30.50;1512.74;66.000;443.67;0.36;29.33;2563.97;93.000;747.65;0.54;29.16;2314.77;83.000;553.58;0.47;23.92;1460.09;56.000;400.41;0.32;27.42;998.31;39.000;286.63;0.27;28.71;1830.70;70.000;563.31;0.50;30.77;1389.27;58.000;520.99;0.42;37.50;1106.21;49.000;403.75;0.32;36.50;2228.93;92.000;478.65;0.38;21.47;2127.95;90.000;643.68;0.47;30.25;2652.75;125.000;865.64;0.58;32.63;2149.29;121.000;661.78;0.46;30.79;1692.61;94.000;501.24;0.44;29.61;2322.71;94.000;635.67;0.51;27.37
15072;F/L POTATOES;4;122600.20;2 913.000;27623.13;0.52;22.53;1404.12;42.000;386.98;0.45;27.56;1512.91;44.000;434.30;0.49;28.71;1509.61;39.000;338.76;0.40;22.44;2869.23;92.000;372.47;0.48;12.98;2227.33;67.000;346.43;0.42;15.55;1623.52;48.000;279.27;0.33;17.20;2629.72;78.000;375.53;0.42;14.28;1069.97;28.000;216.72;0.22;20.26;1892.98;77.000;296.85;0.28;15.68;1343.63;37.000;315.30;0.26;23.47;1131.75;25.000;290.72;0.26;25.69;1674.25;35.000;348.65;0.35;20.82;3479.04;96.000;561.80;0.57;16.15;3384.20;95.000;428.04;0.40;12.65;2009.58;42.000;518.48;0.52;25.80;3439.18;82.000;736.25;0.80;21.41;1954.58;42.000;443.85;0.48;22.71;2679.17;67.000;670.06;0.65;25.01;3824.89;79.000;1118.20;1.05;29.23;1945.72;28.000;433.73;0.39;22.29;2171.57;43.000;473.90;0.41;21.82;1784.05;32.000;475.05;0.41;26.63;2050.77;38.000;433.73;0.39;21.15;2901.38;62.000;575.21;0.56;19.83;2424.20;53.000;548.22;0.52;22.61;2276.39;42.000;750.34;0.79;32.96;3031.74;76.000;736.23;0.74;24.28;3307.71;79.000;527.96;0.59;15.96;3941.43;107.000;721.31;0.77;18.30;3151.17;81.000;715.60;0.69;22.71;3009.56;51.000;528.49;0.52;17.56;3065.61;51.000;619.91;0.52;20.22;1931.29;34.000;446.64;0.37;23.13;2627.07;45.000;813.73;0.63;30.97;2633.56;44.000;800.86;0.59;30.41;3369.66;84.000;675.54;0.54;20.05;4267.74;94.000;1144.68;0.83;26.82;3298.18;62.000;1201.46;1.01;36.43;2649.43;57.000;550.55;0.44;20.78;3573.17;83.000;357.74;0.34;10.01;3063.86;64.000;687.93;0.61;22.45;2442.56;66.000;443.30;0.35;18.15;1421.75;31.000;448.81;0.36;31.57;2871.96;76.000;824.79;0.66;28.72;2797.03;90.000;821.00;0.60;29.35;2342.87;63.000;527.28;0.36;22.51;2832.66;69.000;700.49;0.49;24.73;1338.16;34.000;387.96;0.34;28.99;2418.29;59.000;772.02;0.61;31.92
15248;F/LINE SPRING ONIONS;4;21568.28;1 182.000;6237.86;0.12;28.92;0.00;0.000;0.00;0.00;0.00;94.72;8.000;24.45;0.03;25.81;265.14;21.000;76.93;0.09;29.01;99.43;7.000;28.26;0.04;28.42;319.84;16.000;56.68;0.07;17.72;527.40;35.000;159.67;0.19;30.27;269.07;18.000;89.98;0.10;33.44;388.99;26.000;130.30;0.13;33.50;284.06;19.000;95.02;0.09;33.45;449.70;30.000;151.21;0.13;33.63;388.99;26.000;130.30;0.12;33.50;284.97;18.000;90.19;0.09;31.65;543.68;32.000;159.27;0.16;29.30;220.87;13.000;62.16;0.06;28.14;254.85;15.000;71.73;0.07;28.14;237.01;14.000;66.10;0.07;27.89;305.82;18.000;87.15;0.10;28.50;475.72;28.000;135.57;0.13;28.50;372.93;22.000;105.67;0.10;28.33;611.64;36.000;174.30;0.16;28.50;763.70;45.000;217.03;0.19;28.42;729.72;43.000;207.34;0.18;28.41;305.82;18.000;87.15;0.08;28.50;407.76;24.000;116.20;0.11;28.50;253.15;15.000;70.93;0.07;28.02;594.65;35.000;169.46;0.18;28.50;474.87;28.000;134.72;0.14;28.37;305.82;18.000;87.15;0.10;28.50;220.87;13.000;62.94;0.07;28.50;406.91;24.000;115.35;0.11;28.35;296.85;15.000;85.59;0.08;28.83;338.83;17.000;97.05;0.08;28.64;478.76;24.000;137.42;0.11;28.70;903.60;40.000;294.80;0.23;32.63;619.58;27.000;204.80;0.15;33.05;637.97;28.000;207.82;0.17;32.58;571.30;25.000;186.01;0.13;32.56;572.45;25.000;185.87;0.16;32.47;396.80;20.000;114.86;0.09;28.95;239.88;12.000;70.72;0.07;29.48;513.74;26.000;121.24;0.11;23.60;557.72;28.000;135.02;0.11;24.21;556.72;28.000;134.02;0.11;24.07;616.69;31.000;148.70;0.12;24.11;716.64;36.000;190.65;0.14;26.60;697.65;35.000;197.09;0.13;28.25;1115.44;56.000;314.54;0.22;28.20;859.57;43.000;242.92;0.21;28.26;19.99;1.000;5.54;0.00;27.69
15409;F/L GRAPES RED SEEDLESS;4;156270.17;4 249.000;37485.33;0.70;23.99;4672.10;204.000;1205.96;1.39;25.81;4992.94;206.000;1211.39;1.36;24.26;4338.35;165.000;1408.14;1.64;32.46;1170.78;47.000;369.58;0.48;31.57;1851.62;38.000;468.19;0.56;25.29;1549.69;31.000;408.91;0.48;26.39;1327.21;29.000;294.73;0.33;22.21;379.92;8.000;65.84;0.07;17.33;2039.51;66.000;90.75;0.09;4.45;4478.14;172.000;958.25;0.80;21.40;3803.56;154.000;937.41;0.83;24.65;2397.49;69.000;1139.98;1.16;47.55;1669.53;56.000;617.97;0.63;37.01;2953.82;94.000;1093.10;1.03;37.01;250.13;7.000;96.29;0.10;38.50;0.00;0.000;0.00;0.00;0.00;0.00;0.000;0.00;0.00;0.00;2339.61;39.000;590.30;0.58;25.23;1550.74;26.000;398.75;0.37;25.71;1070.82;18.000;240.83;0.22;22.49;1964.13;37.000;756.75;0.65;38.53;5437.79;171.000;1285.00;1.11;23.63;4026.59;116.000;1321.31;1.19;32.81;3252.35;105.000;1018.88;1.00;31.33;2496.32;71.000;808.98;0.77;32.41;2767.21;79.000;1007.09;1.07;36.39;3991.00;100.000;1071.75;1.08;26.85;2479.52;48.000;576.27;0.64;23.24;1676.72;28.000;206.58;0.22;12.32;2756.98;52.000;304.87;0.29;11.06;2610.08;42.000;547.69;0.54;20.98;4666.28;72.000;1092.62;0.92;23.42;4900.70;105.000;1090.34;0.91;22.25;7331.20;230.000;1083.83;0.84;14.78;3765.85;115.000;728.30;0.53;19.34;5574.00;160.000;1581.28;1.27;28.37;6719.61;181.000;1878.64;1.36;27.96;5041.06;120.000;1385.99;1.17;27.49;4619.51;99.000;1131.10;0.91;24.49;3536.79;71.000;953.30;0.91;26.95;3423.38;62.000;584.35;0.52;17.07;3525.35;65.000;467.84;0.37;13.27;2782.01;49.000;265.87;0.21;9.56;4718.21;79.000;535.52;0.43;11.35;4026.17;83.000;660.43;0.48;16.40;7184.77;223.000;1463.71;0.99;20.37;3551.36;104.000;1017.78;0.71;28.66;955.32;37.000;135.93;0.12;14.23;3653.95;116.000;926.93;0.74;25.37
15410;F/L GRAPES WHITE;4;144443.10;3 928.000;34500.93;0.65;23.89;5224.99;222.000;1472.83;1.69;28.19;2977.27;123.000;862.57;0.97;28.97;3336.63;87.000;1059.97;1.24;31.77;375.91;9.000;109.21;0.14;29.05;1209.78;22.000;266.49;0.32;22.03;917.50;20.000;224.81;0.26;24.50;1389.68;32.000;262.49;0.29;18.89;1556.72;28.000;413.09;0.42;26.54;1998.29;65.000;223.19;0.21;11.17;2281.38;87.000;515.74;0.43;22.61;3684.69;146.000;979.30;0.87;26.58;1833.66;58.000;776.48;0.79;42.35;2216.35;70.000;820.56;0.84;37.02;2788.01;87.000;884.12;0.83;31.71;430.08;12.000;116.47;0.12;27.08;0.00;0.000;0.00;0.00;0.00;0.00;0.000;0.00;0.00;0.00;1019.83;17.000;247.09;0.24;24.23;2039.66;34.000;514.18;0.48;25.21;839.86;14.000;188.53;0.17;22.45;2577.02;48.000;1000.06;0.86;38.81;5583.73;177.000;1309.74;1.13;23.46;4027.97;112.000;1404.60;1.27;34.87;3493.33;122.000;986.77;0.97;28.25;3103.46;91.000;901.16;0.86;29.04;2608.34;66.000;607.05;0.64;23.27;3057.25;75.000;595.35;0.60;19.47;839.84;16.000;201.51;0.22;23.99;1856.69;31.000;336.35;0.36;18.12;2136.61;39.000;313.48;0.30;14.67;1204.80;20.000;219.49;0.21;18.22;4676.03;72.000;976.25;0.82;20.88;3101.77;73.000;707.27;0.59;22.80;6545.94;206.000;963.00;0.74;14.71;4393.68;132.000;888.69;0.65;20.23;6406.87;182.000;1907.45;1.53;29.77;8008.03;223.000;2036.60;1.48;25.43;6061.35;143.000;1442.85;1.22;23.80;4034.88;87.000;775.78;0.62;19.23;1944.61;39.000;362.54;0.35;18.64;924.34;16.000;187.93;0.17;20.33;2636.52;48.000;443.43;0.35;16.82;2189.61;39.000;221.59;0.18;10.12;3476.42;58.000;412.61;0.33;11.87;5042.90;110.000;936.86;0.69;18.58;7799.56;244.000;1736.30;1.17;22.26;4543.15;131.000;1295.32;0.91;28.51;1307.66;51.000;178.34;0.16;13.64;4740.45;144.000;1215.45;0.97;25.64
15412;F/L BLACK GRAPES;4;41220.43;1 210.000;11780.10;0.22;28.58;3274.07;118.000;1197.06;1.38;36.56;4116.12;138.000;1524.78;1.72;37.04;1889.97;53.000;629.87;0.74;33.33;355.91;9.000;110.01;0.14;30.91;0.00;0.000;0.00;0.00;0.00;0.00;0.000;0.00;0.00;0.00;559.86;14.000;92.96;0.10;16.60;419.92;8.000;111.98;0.11;26.67;0.00;0.000;0.00;0.00;0.00;0.00;0.000;0.00;0.00;0.00;679.90;24.000;312.36;0.28;45.94;1615.76;57.000;617.35;0.63;38.21;2550.81;90.000;752.55;0.77;29.50;3014.41;89.000;890.23;0.84;29.53;575.84;16.000;157.69;0.16;27.38;0.00;0.000;0.00;0.00;0.00;0.00;0.000;0.00;0.00;0.00;0.00;0.000;0.00;0.00;0.00;0.00;0.000;0.00;0.00;0.00;0.00;0.000;0.00;0.00;0.00;0.00;0.000;0.00;0.00;0.00;0.00;0.000;0.00;0.00;0.00;0.00;0.000;0.00;0.00;0.00;1200.76;43.000;404.40;0.40;33.68;2590.83;76.000;754.92;0.72;29.14;2149.46;54.000;481.50;0.51;22.40;1989.50;50.000;412.89;0.42;20.75;0.00;0.000;0.00;0.00;0.00;0.00;0.000;0.00;0.00;0.00;0.00;0.000;0.00;0.00;0.00;0.00;0.000;0.00;0.00;0.00;0.00;0.000;0.00;0.00;0.00;0.00;0.000;0.00;0.00;0.00;0.00;0.000;0.00;0.00;0.00;0.00;0.000;0.00;0.00;0.00;795.39;24.000;223.39;0.18;28.09;3680.36;102.000;1001.58;0.73;27.21;3693.34;87.000;888.59;0.75;24.06;2242.03;47.000;438.22;0.35;19.55;942.31;19.000;149.77;0.14;15.89;0.00;0.000;0.00;0.00;0.00;0.00;0.000;0.00;0.00;0.00;0.00;0.000;0.00;0.00;0.00;0.00;0.000;0.00;0.00;0.00;0.00;0.000;0.00;0.00;0.00;0.00;0.000;0.00;0.00;0.00;0.00;0.000;0.00;0.00;0.00;500.35;19.000;37.02;0.03;7.40;2383.53;73.000;590.98;0.47;24.79
15557;F/LINE CARROTS 1KG;4;83706.13;6 536.000;28784.87;0.54;34.39;1884.11;175.000;655.21;0.75;34.78;2678.56;229.000;768.13;0.86;28.68;1831.47;153.000;443.45;0.52;24.21;1841.66;154.000;444.57;0.58;24.14;2794.32;241.000;904.63;1.09;32.37;2693.17;232.000;866.46;1.02;32.17;1834.31;158.000;626.27;0.70;34.14;3759.39;336.000;1631.40;1.65;43.40;2079.23;204.000;938.91;0.88;45.16;4834.12;493.000;2093.95;1.75;43.32;3395.52;347.000;1539.69;1.36;45.34;2932.35;252.000;1247.51;1.27;42.54;2205.40;155.000;872.79;0.89;39.58;2763.81;168.000;716.35;0.68;25.92;1117.45;65.000;258.06;0.26;23.09;304.93;17.000;69.92;0.08;22.93;1949.49;136.000;733.97;0.80;37.65;1502.71;118.000;465.11;0.45;30.95;1993.37;156.000;733.68;0.69;36.81;1381.47;114.000;602.05;0.54;43.58;814.59;65.000;279.91;0.24;34.36;696.89;55.000;210.93;0.18;30.27;1989.89;154.000;635.39;0.57;31.93;488.95;35.000;145.15;0.14;29.69;0.00;0.000;0.00;0.00;0.00;0.00;0.000;0.00;0.00;0.00;62.16;4.000;14.73;0.01;23.69;915.70;59.000;257.65;0.29;28.14;2682.74;174.000;928.52;0.99;34.61;1897.72;122.000;797.75;0.77;42.04;634.61;43.000;255.99;0.25;40.34;2156.89;140.000;798.24;0.67;37.01;1621.77;109.000;506.44;0.42;31.23;2178.93;153.000;843.80;0.65;38.73;1594.09;120.000;534.23;0.39;33.51;504.92;40.000;173.97;0.14;34.46;1840.68;129.000;589.43;0.43;32.02;1583.32;104.000;292.92;0.25;18.50;698.01;46.000;103.41;0.08;14.82;39.98;2.000;10.35;0.01;25.89;2164.82;127.000;500.18;0.44;23.10;1579.88;96.000;462.32;0.37;29.26;1256.20;82.000;395.19;0.32;31.46;3209.56;241.000;1017.31;0.81;31.70;2530.35;211.000;843.39;0.62;33.33;1912.26;129.000;687.04;0.46;35.93;1059.73;73.000;314.01;0.22;29.63;878.04;60.000;284.28;0.25;32.38;936.61;60.000;290.24;0.23;30.99
15714;F/L P/APPLE QUEEN LSE;4;66014.48;3 190.000;15670.31;0.29;23.74;1662.72;128.000;318.72;0.37;19.17;1229.88;87.000;307.70;0.35;25.02;1233.52;105.000;395.39;0.46;32.05;531.11;53.000;137.59;0.18;25.91;134.91;9.000;65.39;0.08;48.47;0.00;0.000;0.00;0.00;0.00;0.00;0.000;0.00;0.00;0.00;0.00;0.000;0.00;0.00;0.00;0.00;0.000;0.00;0.00;0.00;2397.80;120.000;507.12;0.42;21.15;2179.01;114.000;600.68;0.53;27.57;1756.12;88.000;245.94;0.25;14.00;648.68;32.000;112.74;0.11;17.38;206.91;9.000;35.33;0.03;17.08;0.00;0.000;0.00;0.00;0.00;0.00;0.000;0.00;0.00;0.00;0.00;0.000;0.00;0.00;0.00;0.00;0.000;0.00;0.00;0.00;1370.59;91.000;310.92;0.29;22.69;339.83;17.000;77.38;0.07;22.77;1459.98;62.000;319.70;0.28;21.90;3469.29;141.000;636.99;0.55;18.36;1501.83;67.000;296.34;0.27;19.73;1750.12;88.000;391.49;0.38;22.37;1579.46;69.000;409.46;0.39;25.92;1858.34;76.000;449.99;0.48;24.21;1521.25;75.000;351.18;0.35;23.09;1182.94;62.000;259.52;0.29;21.94;1246.50;70.000;312.32;0.33;25.06;1505.51;89.000;444.47;0.43;29.52;914.47;38.000;206.32;0.20;22.56;521.15;25.000;141.90;0.12;27.23;1570.37;82.000;335.06;0.28;21.34;2482.59;101.000;451.30;0.35;18.18;3938.44;156.000;703.19;0.52;17.85;659.78;22.000;122.50;0.10;18.57;3235.92;108.000;728.51;0.53;22.51;3961.73;171.000;1106.67;0.93;27.93;1369.45;55.000;411.22;0.33;30.03;1009.70;48.000;349.38;0.33;34.60;1339.58;82.000;317.44;0.28;23.70;2169.10;120.000;684.08;0.55;31.54;1636.18;82.000;454.02;0.37;27.75;2248.22;103.000;622.63;0.50;27.69;2608.49;116.000;628.06;0.46;24.08;1884.42;78.000;499.01;0.34;26.48;1578.19;66.000;436.11;0.31;27.63;0.00;0.000;0.00;0.00;0.00;2120.40;85.000;486.51;0.39;22.94
15734;F/L AVOCADO 1KG;4;167368.56;4 703.000;37248.99;0.70;22.26;2419.39;61.000;734.52;0.85;30.36;3910.39;161.000;868.41;0.98;22.21;2285.58;67.000;765.77;0.89;33.50;3607.57;163.000;629.04;0.82;17.44;4443.23;177.000;629.50;0.76;14.17;3654.30;125.000;821.92;0.97;22.49;4331.86;164.000;1035.83;1.16;23.91;2899.50;80.000;692.84;0.70;23.90;5468.65;155.000;832.95;0.78;15.23;3564.41;109.000;487.53;0.41;13.68;2241.65;35.000;348.30;0.31;15.54;3325.32;68.000;446.44;0.45;13.43;2946.42;58.000;1139.07;1.16;38.66;3509.00;110.000;851.13;0.80;24.26;3193.34;126.000;697.02;0.70;21.83;2564.51;82.000;591.72;0.64;23.07;2604.15;85.000;521.26;0.57;20.02;3430.98;102.000;690.48;0.67;20.12;1873.53;47.000;458.19;0.43;24.46;1035.74;26.000;262.92;0.24;25.38;2860.87;63.000;715.45;0.62;25.01;229.06;4.000;64.41;0.06;28.12;0.00;0.000;0.00;0.00;0.00;0.00;0.000;0.00;0.00;0.00;5197.04;146.000;1239.68;1.18;23.85;4428.86;114.000;1594.50;1.69;36.00;3098.94;106.000;744.90;0.75;24.04;2907.70;130.000;393.17;0.44;13.52;3722.37;163.000;314.80;0.34;8.46;1907.60;70.000;343.64;0.33;18.01;1926.40;60.000;236.03;0.23;12.25;2733.39;61.000;558.67;0.47;20.44;4025.23;77.000;761.94;0.64;18.93;7018.96;104.000;1274.17;0.98;18.15;3002.57;43.000;298.51;0.22;9.94;5671.45;105.000;2709.27;2.17;47.77;9544.63;267.000;2004.77;1.45;21.00;5036.92;138.000;1647.82;1.39;32.71;5050.37;163.000;1385.41;1.11;27.43;2916.22;103.000;642.07;0.61;22.02;2601.50;75.000;688.75;0.61;26.48;4008.55;114.000;1015.28;0.81;25.33;2930.35;80.000;628.52;0.51;21.45;3614.61;89.000;794.04;0.63;21.97;3287.08;62.000;578.84;0.42;17.61;3110.50;50.000;420.32;0.28;13.51;3968.43;57.000;706.58;0.50;17.81;3256.33;67.000;663.22;0.58;20.37;6003.11;191.000;1319.43;1.05;21.98
15739;F/L BANANA SNACK PACK;4;109256.63;6 507.000;28530.84;0.53;26.11;2040.06;114.000;574.13;0.66;28.14;4389.23;297.000;1014.59;1.14;23.12;2716.41;154.000;846.10;0.99;31.15;2763.24;201.000;859.77;1.12;31.11;1753.01;124.000;544.34;0.65;31.05;1445.56;119.000;426.16;0.50;29.48;1686.75;130.000;503.72;0.56;29.86;1445.76;109.000;413.16;0.42;28.58;2602.39;181.000;894.27;0.84;34.36;2834.22;178.000;836.64;0.70;29.52;2436.87;153.000;704.24;0.62;28.90;2260.15;140.000;648.85;0.66;28.71;1804.33;107.000;487.12;0.50;27.00;2631.02;153.000;764.44;0.72;29.05;1840.79;111.000;547.73;0.55;29.75;1763.56;104.000;553.00;0.60;31.36;1087.36;64.000;346.05;0.38;31.82;1941.90;110.000;579.57;0.57;29.85;2202.08;117.000;518.48;0.49;23.55;1565.21;79.000;290.95;0.26;18.59;2029.98;102.000;349.12;0.30;17.20;1397.30;70.000;266.42;0.23;19.07;1257.56;84.000;231.02;0.21;18.37;1887.27;123.000;516.72;0.51;27.38;1223.17;83.000;308.22;0.29;25.20;0.00;0.000;0.00;0.00;0.00;632.18;42.000;211.34;0.21;33.43;1826.89;121.000;566.99;0.63;31.04;982.35;85.000;236.63;0.25;24.09;2451.58;187.000;620.68;0.60;25.32;1639.54;91.000;462.87;0.45;28.23;2819.48;152.000;740.62;0.62;26.27;4338.67;253.000;607.69;0.51;14.01;1782.30;80.000;394.26;0.30;22.12;3149.42;158.000;855.04;0.63;27.15;3440.89;201.000;950.57;0.76;27.63;3815.78;162.000;1066.39;0.77;27.95;2189.93;107.000;507.01;0.43;23.15;2918.48;167.000;665.53;0.53;22.80;1864.05;95.000;615.10;0.59;33.00;1953.59;151.000;434.35;0.38;22.23;1976.30;120.000;575.63;0.46;29.13;1706.35;95.000;514.36;0.41;30.14;1701.85;95.000;448.12;0.36;26.33;4649.84;286.000;819.89;0.60;17.63;2989.50;150.000;655.58;0.44;21.93;3203.52;168.000;826.16;0.58;25.79;2700.79;141.000;785.12;0.69;29.07;3518.17;193.000;946.10;0.75;26.89
16031;F/L CELERY TABLE;4;32763.54;1 251.000;9076.59;0.17;27.70;713.66;34.000;197.80;0.23;27.72;1016.09;46.000;267.56;0.30;26.33;960.98;42.000;257.33;0.30;26.78;731.08;32.000;194.97;0.25;26.67;665.56;29.000;179.71;0.22;27.00;619.58;27.000;167.24;0.20;26.99;227.60;10.000;60.07;0.07;26.39;591.95;25.000;169.32;0.17;28.60;453.41;19.000;130.39;0.12;28.76;424.83;17.000;123.47;0.10;29.06;497.30;20.000;142.76;0.13;28.71;499.80;20.000;145.26;0.15;29.06;795.93;32.000;228.67;0.23;28.73;749.70;30.000;217.89;0.21;29.06;1165.78;47.000;332.62;0.33;28.53;1486.90;60.000;423.29;0.46;28.47;1003.71;39.000;278.10;0.30;27.71;621.16;24.000;171.99;0.17;27.69;804.39;31.000;224.21;0.21;27.87;680.28;27.000;186.19;0.17;27.37;97.46;4.000;25.24;0.02;25.90;423.58;17.000;116.65;0.10;27.54;99.96;4.000;27.74;0.03;27.75;304.33;12.000;84.62;0.08;27.81;363.86;14.000;105.00;0.10;28.86;430.49;16.000;119.86;0.13;27.84;700.39;26.000;195.61;0.20;27.93;670.70;25.000;185.34;0.21;27.63;1429.12;53.000;400.15;0.43;28.00;349.52;13.000;97.13;0.09;27.79;454.78;17.000;124.73;0.12;27.43;404.85;15.000;113.63;0.10;28.07;566.79;21.000;159.08;0.13;28.07;672.05;25.000;186.69;0.14;27.78;457.48;17.000;127.05;0.09;27.77;618.07;23.000;171.01;0.14;27.67;1057.42;38.000;279.47;0.20;26.43;1182.60;40.000;320.50;0.27;27.10;1162.11;39.000;317.29;0.25;27.30;809.73;27.000;224.86;0.22;27.77;1076.64;36.000;296.81;0.26;27.57;629.79;21.000;174.89;0.14;27.77;448.35;15.000;123.42;0.10;27.53;625.29;21.000;170.39;0.14;27.25;479.84;16.000;133.25;0.10;27.77;448.35;15.000;123.42;0.08;27.53;838.22;28.000;231.68;0.16;27.64;835.22;28.000;228.68;0.20;27.38;416.86;14.000;113.59;0.09;27.25
16032;F/L M/ROOM BUTTON WHT;4;155347.22;5 683.000;41126.75;0.77;26.47;7528.86;374.000;1584.90;1.82;21.05;4307.40;180.000;1133.59;1.28;26.32;3357.40;140.000;888.88;1.04;26.48;4158.66;174.000;1090.64;1.42;26.23;3709.88;152.000;1131.53;1.36;30.50;4263.29;171.000;1383.47;1.63;32.45;4800.37;230.000;1099.74;1.23;22.91;4620.05;190.000;1262.40;1.28;27.32;3883.44;156.000;929.89;0.87;23.95;4890.54;196.000;1191.73;1.00;24.37;3731.38;147.000;942.31;0.83;25.25;3298.43;127.000;872.53;0.88;26.45;7387.56;342.000;1053.22;1.07;14.26;3724.66;134.000;1077.17;1.02;28.92;3791.24;136.000;1089.50;1.09;28.74;4216.69;151.000;1258.20;1.36;29.84;4524.58;162.000;1360.69;1.49;30.07;3406.38;122.000;1023.70;1.00;30.05;2318.97;83.000;688.31;0.64;29.68;2793.40;100.000;820.67;0.74;29.38;2400.14;86.000;703.59;0.61;29.31;1579.47;53.000;433.96;0.37;27.48;3501.33;117.000;949.58;0.86;27.12;4523.99;151.000;1230.71;1.21;27.20;3139.95;105.000;849.92;0.81;27.07;3795.23;127.000;1012.30;1.07;26.67;4939.35;165.000;1323.74;1.34;26.80;2364.71;79.000;622.87;0.69;26.34;2007.44;61.000;525.35;0.56;26.17;2565.57;78.000;670.44;0.65;26.13;1911.77;58.000;509.35;0.50;26.64;1913.42;58.000;536.99;0.45;28.06;2536.93;77.000;709.60;0.59;27.97;3261.06;99.000;899.73;0.69;27.59;3447.45;105.000;941.75;0.69;27.32;2571.57;78.000;710.19;0.57;27.62;3986.84;121.000;1099.32;0.80;27.57;3023.53;92.000;828.06;0.70;27.39;1515.89;46.000;418.16;0.34;27.58;857.74;26.000;237.28;0.23;27.66;1515.89;46.000;418.16;0.37;27.58;857.74;26.000;237.28;0.19;27.66;984.75;30.000;268.84;0.22;27.30;1284.96;39.000;354.27;0.28;27.57;1517.54;46.000;419.81;0.31;27.66;1850.47;53.000;510.51;0.34;27.59;1014.71;29.000;279.91;0.20;27.59;2477.29;71.000;665.17;0.58;26.85;3287.31;94.000;876.85;0.70;26.67
16033;WHITE MUSHROOM 250GR;4;57797.13;2 172.000;16806.66;0.31;29.08;0.00;0.000;0.00;0.00;0.00;0.00;0.000;0.00;0.00;0.00;0.00;0.000;0.00;0.00;0.00;0.00;0.000;0.00;0.00;0.00;0.00;0.000;0.00;0.00;0.00;0.00;0.000;0.00;0.00;0.00;0.00;0.000;0.00;0.00;0.00;0.00;0.000;0.00;0.00;0.00;0.00;0.000;0.00;0.00;0.00;0.00;0.000;0.00;0.00;0.00;0.00;0.000;0.00;0.00;0.00;0.00;0.000;0.00;0.00;0.00;0.00;0.000;0.00;0.00;0.00;0.00;0.000;0.00;0.00;0.00;0.00;0.000;0.00;0.00;0.00;0.00;0.000;0.00;0.00;0.00;961.63;37.000;286.47;0.31;29.79;7106.96;274.000;2107.09;2.06;29.65;10217.96;394.000;3028.37;2.84;29.64;11907.31;459.000;3531.62;3.17;29.66;10814.43;417.000;3205.14;2.77;29.64;8521.31;309.000;2418.61;2.09;28.38;811.71;29.000;228.25;0.21;28.12;3383.99;121.000;903.78;0.89;26.71;783.72;28.000;206.30;0.20;26.32;0.00;0.000;0.00;0.00;0.00;0.00;0.000;0.00;0.00;0.00;0.00;0.000;0.00;0.00;0.00;442.24;16.000;112.28;0.12;25.39;0.00;0.000;0.00;0.00;0.00;0.00;0.000;0.00;0.00;0.00;0.00;0.000;0.00;0.00;0.00;1346.55;45.000;373.20;0.31;27.72;0.00;0.000;0.00;0.00;0.00;0.00;0.000;0.00;0.00;0.00;0.00;0.000;0.00;0.00;0.00;0.00;0.000;0.00;0.00;0.00;0.00;0.000;0.00;0.00;0.00;0.00;0.000;0.00;0.00;0.00;0.00;0.000;0.00;0.00;0.00;0.00;0.000;0.00;0.00;0.00;0.00;0.000;0.00;0.00;0.00;0.00;0.000;0.00;0.00;0.00;0.00;0.000;0.00;0.00;0.00;0.00;0.000;0.00;0.00;0.00;0.00;0.000;0.00;0.00;0.00;0.00;0.000;0.00;0.00;0.00;0.00;0.000;0.00;0.00;0.00;1499.32;43.000;405.55;0.32;27.05
16213;F/LINE SPINACH;4;26814.10;1 425.000;8446.66;0.16;31.50;622.01;39.000;186.49;0.21;29.98;810.69;51.000;241.16;0.27;29.75;543.66;34.000;163.98;0.19;30.16;623.61;39.000;188.09;0.24;30.16;0.00;0.000;0.00;0.00;0.00;0.00;0.000;0.00;0.00;0.00;0.00;0.000;0.00;0.00;0.00;255.04;16.000;75.27;0.08;29.51;79.95;5.000;23.77;0.02;29.73;303.01;19.000;89.53;0.08;29.55;463.71;29.000;137.87;0.12;29.73;287.02;18.000;84.78;0.09;29.54;767.52;48.000;228.20;0.23;29.73;462.91;29.000;137.07;0.13;29.61;398.79;21.000;106.41;0.11;26.68;492.79;26.000;130.79;0.14;26.54;37.98;2.000;10.27;0.01;27.04;0.00;0.000;0.00;0.00;0.00;638.68;32.000;200.83;0.19;31.45;579.71;29.000;182.91;0.16;31.55;958.52;48.000;301.75;0.26;31.48;319.84;16.000;100.92;0.09;31.55;479.76;24.000;151.38;0.14;31.55;219.89;11.000;69.38;0.07;31.55;439.78;22.000;138.76;0.13;31.55;576.71;29.000;179.91;0.19;31.20;499.75;25.000;157.68;0.16;31.55;497.75;25.000;155.68;0.17;31.28;758.62;38.000;238.68;0.25;31.46;458.77;23.000;144.07;0.14;31.40;419.79;21.000;132.45;0.13;31.55;418.79;21.000;131.45;0.11;31.39;696.65;35.000;217.76;0.18;31.26;784.69;41.000;256.30;0.20;32.66;603.88;32.000;197.64;0.14;32.73;1036.85;55.000;338.63;0.27;32.66;719.72;38.000;237.31;0.17;32.97;814.67;43.000;268.79;0.23;32.99;854.55;45.000;283.28;0.23;33.15;498.75;25.000;165.34;0.16;33.15;459.77;23.000;152.42;0.13;33.15;851.57;43.000;276.96;0.22;32.52;519.74;26.000;172.30;0.14;33.15;599.70;30.000;198.81;0.16;33.15;1019.49;51.000;337.97;0.25;33.15;498.75;25.000;164.67;0.11;33.02;1237.38;62.000;408.87;0.29;33.04;1228.38;62.000;399.87;0.35;32.55;974.51;49.000;280.22;0.22;28.75
16222;F/LINE 400GR WHITE M/ROOM;4;97898.25;2 515.000;22901.99;0.43;23.39;3306.79;121.000;579.34;0.67;17.52;979.75;25.000;319.32;0.36;32.59;1551.63;42.000;482.72;0.56;31.11;1501.16;44.000;350.41;0.45;23.34;303.92;8.000;82.26;0.10;27.07;493.87;13.000;133.68;0.16;27.07;640.13;17.000;169.14;0.19;26.42;1088.87;28.000;300.61;0.30;27.61;839.79;21.000;219.71;0.21;26.16;1567.98;52.000;270.37;0.23;17.24;2606.13;87.000;435.12;0.39;16.70;3598.80;120.000;445.25;0.45;12.37;3596.97;103.000;653.24;0.67;18.16;2175.47;53.000;531.99;0.50;24.45;2193.45;55.000;508.74;0.51;23.19;1995.50;50.000;463.95;0.50;23.25;2235.44;56.000;528.50;0.58;23.64;2111.47;53.000;495.98;0.48;23.49;1717.57;43.000;406.89;0.38;23.69;1719.57;43.000;408.89;0.37;23.78;1553.61;39.000;364.85;0.32;23.48;1119.75;25.000;304.03;0.26;27.15;809.82;18.000;220.89;0.20;27.28;2365.60;65.000;452.68;0.44;19.14;1267.71;29.000;386.25;0.37;30.47;1471.68;32.000;398.24;0.42;27.06;1607.35;35.000;433.27;0.44;26.96;2205.62;63.000;381.11;0.42;17.28;1839.60;40.000;484.88;0.52;26.36;1333.71;29.000;351.54;0.34;26.36;1484.09;41.000;246.33;0.24;16.60;599.88;12.000;167.24;0.14;27.88;2630.28;72.000;471.09;0.39;17.91;2299.54;46.000;604.71;0.47;26.30;1297.24;26.000;336.37;0.25;25.93;4073.36;114.000;616.61;0.49;15.14;5589.59;141.000;1094.90;0.79;19.59;3768.64;86.000;759.51;0.64;20.15;3561.58;92.000;528.95;0.42;14.85;899.82;18.000;229.23;0.22;25.48;3365.32;88.000;683.95;0.60;20.32;1913.20;50.000;375.72;0.30;19.64;3731.68;102.000;2707.77;2.18;72.56;2397.02;48.000;583.92;0.47;24.36;1297.24;26.000;315.14;0.23;24.29;1749.65;35.000;371.88;0.25;21.25;1444.71;29.000;328.19;0.23;22.72;1647.17;33.000;376.65;0.33;22.87;2349.53;47.000;540.00;0.43;22.98
16295;F/L CUCUMBER ENGLISH;4;500969.07;31 504.000;143791.00;2.69;28.70;11716.04;754.000;3282.68;3.78;28.02;13315.66;834.000;3723.82;4.19;27.97;12273.91;769.000;2055.73;2.40;16.75;9845.03;617.000;1868.95;2.43;18.98;9865.82;618.000;2471.25;2.97;25.05;11674.09;666.000;2071.75;2.44;17.75;7879.94;696.000;1835.51;2.05;23.29;11191.51;1 041.000;4004.68;4.06;35.78;12155.55;845.000;5063.34;4.75;41.65;16570.87;1 409.000;5542.98;4.64;33.45;12898.75;829.000;5697.40;5.04;44.17;13875.56;912.000;4131.62;4.19;29.78;15403.51;909.000;3607.14;3.68;23.42;13621.92;845.000;4344.39;4.09;31.89;8629.71;519.000;2330.87;2.33;27.01;6466.24;381.000;1965.45;2.13;30.40;8228.58;462.000;1839.28;2.01;22.35;11389.79;576.000;1434.15;1.40;12.59;9301.66;588.000;2144.07;2.01;23.05;7469.89;453.000;3025.93;2.72;40.51;8357.80;774.000;3752.93;3.24;44.90;11707.26;916.000;3940.50;3.40;33.66;8776.33;691.000;2715.30;2.45;30.94;11839.44;741.000;3701.83;3.63;31.27;9163.29;544.000;2417.56;2.30;26.38;6629.15;394.000;1944.65;2.06;29.33;6501.22;343.000;1577.68;1.59;24.27;4985.68;282.000;1368.35;1.52;27.45;6323.95;335.000;1595.89;1.70;25.24;7920.25;400.000;1313.10;1.27;16.58;9059.46;454.000;1304.95;1.28;14.40;9413.43;597.000;3161.58;2.66;33.59;11402.83;772.000;4465.34;3.73;39.16;13236.19;1 006.000;4225.09;3.26;31.92;14294.09;865.000;5266.42;3.86;36.84;10285.41;539.000;2628.54;2.11;25.56;14014.81;753.000;2931.73;2.13;20.92;8682.33;460.000;1999.79;1.68;23.03;5886.05;295.000;1712.03;1.37;29.09;4751.62;238.000;1366.69;1.31;28.76;7517.23;377.000;1750.34;1.55;23.28;9635.17;483.000;1294.05;1.03;13.43;12021.15;643.000;2411.89;1.94;20.06;9613.16;620.000;4094.74;3.27;42.60;10000.24;661.000;4897.47;3.59;48.97;10900.29;705.000;4738.10;3.20;43.47;9720.39;656.000;3397.66;2.39;34.95;10631.34;535.000;2067.70;1.82;19.45;13925.48;702.000;3308.14;2.63;23.76
16317;F/L CARROTS IN BAG 750GR;4;300050.29;25 563.000;94715.46;1.77;31.57;4105.10;460.000;1281.09;1.47;31.21;4519.46;454.000;1185.28;1.33;26.23;4499.48;452.000;1179.99;1.38;26.23;3839.64;386.000;976.55;1.27;25.43;3113.77;333.000;828.81;1.00;26.62;3519.93;417.000;957.85;1.13;27.21;3057.49;341.000;905.34;1.01;29.61;3506.99;391.000;1499.81;1.52;42.77;3425.31;387.000;1461.85;1.37;42.68;0.00;0.000;0.00;0.00;0.00;2160.74;241.000;877.43;0.78;40.61;4347.80;430.000;1229.45;1.25;28.28;7516.51;589.000;1914.97;1.95;25.48;8451.34;606.000;2930.41;2.76;34.67;11383.56;821.000;3749.63;3.74;32.94;10842.83;798.000;3484.19;3.77;32.13;6843.29;536.000;2436.12;2.66;35.60;6251.62;524.000;1889.34;1.85;30.22;6267.76;524.000;2079.38;1.95;33.18;5693.26;524.000;1787.90;1.61;31.40;6364.64;640.000;2223.98;1.92;34.94;5551.33;547.000;1711.64;1.48;30.83;6557.53;597.000;1717.71;1.55;26.19;7319.15;615.000;2227.02;2.18;30.43;6001.58;502.000;1597.58;1.52;26.62;6940.17;554.000;1739.10;1.84;25.06;7792.03;602.000;2409.83;2.43;30.93;6956.78;537.000;1724.25;1.91;24.79;6408.69;526.000;1929.01;2.06;30.10;6196.14;566.000;1944.57;1.88;31.38;6189.96;545.000;2228.26;2.18;36.00;7451.80;560.000;1897.55;1.60;25.46;8950.43;748.000;2511.33;2.10;28.06;5534.95;555.000;1649.68;1.27;29.80;6518.43;657.000;2215.19;1.62;33.98;7913.19;801.000;2693.53;2.16;34.04;8004.37;768.000;2303.78;1.67;28.78;8367.86;624.000;2493.97;2.10;29.80;11321.65;751.000;3840.02;3.08;33.92;9580.51;570.000;3832.06;3.67;40.00;5720.86;365.000;2366.78;2.09;41.37;7952.21;574.000;3073.74;2.46;38.65;6171.30;444.000;2405.69;1.94;38.98;3887.53;377.000;853.93;0.68;21.97;5879.27;588.000;2109.21;1.55;35.88;5516.50;470.000;1617.19;1.09;29.32;5717.41;479.000;1743.43;1.22;30.49;4674.44;397.000;1553.51;1.36;33.23;5263.70;390.000;1446.51;1.15;27.48
16324;F/L TOMATO L/LIFE 1KG;4;682343.05;25 549.000;150954.72;2.83;22.12;4174.10;205.000;1008.25;1.16;24.15;5911.18;297.000;1032.76;1.16;17.47;4568.12;203.000;1205.55;1.41;26.39;4329.24;206.000;822.27;1.07;18.99;11319.99;741.000;2266.37;2.73;20.02;5996.07;228.000;1404.04;1.65;23.42;8597.66;319.000;1647.84;1.84;19.17;7534.28;292.000;2040.12;2.07;27.08;6931.87;253.000;1844.82;1.73;26.61;9727.85;352.000;2627.84;2.20;27.01;5126.03;192.000;1598.15;1.41;31.18;6896.11;263.000;1647.11;1.67;23.88;7195.19;286.000;1322.32;1.35;18.38;9968.01;349.000;1166.59;1.10;11.70;6533.99;246.000;1301.69;1.30;19.92;4717.93;215.000;1065.84;1.15;22.59;8567.37;367.000;2251.13;2.46;26.28;6386.30;290.000;1881.68;1.84;29.46;5566.19;301.000;1762.51;1.65;31.66;19202.07;643.000;3067.00;2.76;15.97;18539.30;625.000;4265.83;3.69;23.01;17413.11;645.000;3718.61;3.21;21.36;12674.06;444.000;2971.53;2.68;23.45;11219.50;475.000;2923.67;2.86;26.06;15446.04;523.000;3977.93;3.79;25.75;8773.54;266.000;1279.93;1.35;14.59;11153.80;370.000;1815.76;1.83;16.28;9773.51;409.000;2664.85;2.96;27.27;17197.75;800.000;3603.35;3.84;20.95;21093.09;991.000;3103.10;2.99;14.71;16345.72;658.000;4272.01;4.18;26.14;21324.38;762.000;4375.23;3.68;20.52;30785.63;1 088.000;4581.76;3.82;14.88;33469.84;1 097.000;5759.26;4.44;17.21;29449.43;996.000;7563.63;5.55;25.68;21221.12;888.000;3620.75;2.90;17.06;22530.33;759.000;3989.84;2.89;17.71;23695.92;722.000;4579.38;3.86;19.33;25042.36;744.000;6208.92;4.98;24.79;14215.11;514.000;3121.45;2.99;21.96;12572.72;433.000;3393.98;3.00;26.99;17375.55;687.000;5771.61;4.61;33.22;16328.00;622.000;5458.23;4.39;33.43;19504.83;627.000;2592.31;2.07;13.29;22348.60;740.000;4617.46;3.39;20.66;21394.70;805.000;4975.25;3.36;23.25;16696.43;655.000;6048.07;4.25;36.22;10081.51;426.000;3485.64;3.06;34.57;15427.62;530.000;3251.49;2.58;21.08
16325;F/L TOMATOES BAG;4;224057.09;9 587.000;58928.03;1.10;26.30;1926.16;86.000;776.84;0.89;40.33;2012.99;101.000;673.09;0.76;33.44;2184.93;117.000;694.56;0.81;31.79;1475.97;73.000;255.20;0.33;17.29;715.67;38.000;213.97;0.26;29.90;2214.60;110.000;456.21;0.54;20.60;4547.93;182.000;997.29;1.11;21.93;1622.72;71.000;719.50;0.73;44.34;5614.14;249.000;1826.62;1.71;32.54;3630.38;144.000;994.72;0.83;27.40;3202.87;127.000;964.22;0.85;30.10;2642.81;114.000;759.06;0.77;28.72;4513.51;189.000;1379.29;1.41;30.56;2303.04;96.000;556.29;0.52;24.15;3008.12;143.000;850.87;0.85;28.29;2458.60;140.000;772.69;0.84;31.43;1637.12;88.000;393.32;0.43;24.03;2668.60;160.000;782.04;0.76;29.31;2945.71;155.000;1281.12;1.20;43.49;6732.25;255.000;1801.83;1.62;26.76;9407.65;355.000;2435.41;2.10;25.89;3574.16;148.000;1141.38;0.99;31.93;5703.87;236.000;1804.34;1.63;31.63;2811.77;118.000;952.97;0.93;33.89;3072.78;122.000;704.73;0.67;22.93;7771.43;298.000;1475.85;1.56;18.99;5243.43;182.000;1121.55;1.13;21.39;2612.79;106.000;830.09;0.92;31.77;1388.46;59.000;392.22;0.42;28.25;1862.84;76.000;539.25;0.52;28.95;4922.71;329.000;734.61;0.72;14.92;9760.91;449.000;2018.53;1.70;20.68;4400.69;171.000;936.06;0.78;21.27;4953.45;175.000;983.64;0.76;19.86;3374.98;127.000;955.06;0.70;28.30;1766.29;66.000;474.22;0.38;26.85;13211.25;620.000;2308.78;1.67;17.48;3685.64;131.000;577.71;0.49;15.67;3497.98;127.000;845.38;0.68;24.17;1715.34;66.000;495.34;0.47;28.88;4264.93;175.000;1289.79;1.14;30.24;0.00;0.000;0.00;0.00;0.00;2692.20;130.000;957.16;0.77;35.55;15258.12;608.000;3173.28;2.54;20.80;13036.33;467.000;2997.57;2.20;22.99;15248.92;593.000;5236.14;3.53;34.34;6026.40;250.000;2026.09;1.42;33.62;4960.06;364.000;1119.87;0.98;22.58;9773.59;401.000;3252.29;2.58;33.28
16326; LOOSE TOMATOES;4;225044.30;7 846.493;54649.92;1.02;24.28;2860.39;110.329;941.30;1.08;32.91;2814.26;123.148;734.26;0.83;26.09;2637.62;114.951;737.32;0.86;27.95;2638.63;112.626;533.63;0.69;20.22;2123.26;100.599;732.54;0.88;34.50;4507.32;170.352;1087.65;1.28;24.13;4379.28;158.570;790.00;0.88;18.04;5405.30;204.461;1385.13;1.40;25.63;5527.27;196.181;1299.12;1.22;23.50;6735.10;225.092;1803.92;1.51;26.78;3938.83;142.556;1013.54;0.90;25.73;4289.18;154.136;864.76;0.88;20.16;5075.10;172.238;1085.63;1.11;21.39;5521.78;187.789;438.26;0.41;7.94;3877.91;132.958;882.19;0.88;22.75;3028.94;121.778;885.51;0.96;29.23;3262.02;131.300;868.46;0.95;26.62;3605.89;151.905;1074.49;1.05;29.80;2494.15;109.608;895.08;0.84;35.89;6309.33;207.720;1170.51;1.05;18.55;5965.53;199.492;1372.76;1.19;23.01;5301.14;194.122;1124.09;0.97;21.20;4975.91;166.420;1273.81;1.15;25.60;4018.99;136.988;1443.33;1.41;35.91;5875.22;190.581;1329.87;1.27;22.64;4276.42;134.829;771.44;0.82;18.04;4116.90;125.681;677.39;0.68;16.45;3906.36;140.806;1015.12;1.13;25.99;3846.79;142.752;1170.49;1.25;30.43;4040.35;148.090;1168.66;1.13;28.92;4070.01;145.432;1272.38;1.24;31.26;4328.53;149.272;990.13;0.83;22.87;5405.62;182.886;902.25;0.75;16.69;5991.27;196.688;1042.99;0.80;17.41;4597.20;153.628;1235.38;0.91;26.87;5163.21;175.058;1622.93;1.30;31.43;4525.49;140.194;956.37;0.69;21.13;6240.18;189.210;681.93;0.57;10.93;7015.38;206.884;1656.33;1.33;23.61;4813.67;159.551;1275.03;1.22;26.49;6043.79;195.111;1686.65;1.49;27.91;5491.78;187.940;2159.29;1.73;39.32;5509.70;184.248;2216.04;1.78;40.22;7072.81;227.382;861.18;0.69;12.18;5354.01;177.984;1165.19;0.85;21.76;5347.74;185.484;1350.01;0.91;25.24;3089.37;114.261;1191.81;0.84;38.58;3043.70;119.576;919.12;0.81;30.20;4585.67;147.646;894.68;0.71;19.51
16523;F/LINE BLUEBERRIES;4;73339.66;2 506.000;17278.87;0.32;23.56;798.43;32.000;234.20;0.27;29.33;1260.68;32.000;378.69;0.43;30.04;1747.56;44.000;446.89;0.52;25.57;1309.67;33.000;352.37;0.46;26.91;1539.08;42.000;456.22;0.55;29.64;2112.12;88.000;590.08;0.69;27.94;2382.23;137.000;471.49;0.53;19.79;1837.08;92.000;546.47;0.55;29.75;1153.68;62.000;361.60;0.34;31.34;1071.35;65.000;377.34;0.32;35.22;1423.00;50.000;449.93;0.40;31.62;972.11;39.000;260.71;0.26;26.82;0.00;0.000;0.00;0.00;0.00;839.79;21.000;142.57;0.13;16.98;2873.28;72.000;394.72;0.39;13.74;2077.48;52.000;347.05;0.38;16.71;703.82;18.000;140.30;0.15;19.93;1485.59;51.000;295.03;0.29;19.86;1736.35;68.000;419.89;0.39;24.18;1270.57;43.000;429.15;0.39;33.78;371.06;18.000;118.77;0.10;32.01;639.66;34.000;199.84;0.17;31.24;786.51;34.000;266.22;0.24;33.85;119.98;2.000;24.06;0.02;20.06;239.96;4.000;48.12;0.05;20.06;0.00;0.000;0.00;0.00;0.00;809.82;18.000;100.03;0.10;12.35;809.82;18.000;177.23;0.20;21.88;1251.20;30.000;247.74;0.26;19.80;1289.63;37.000;351.87;0.34;27.28;3431.53;147.000;590.13;0.58;17.20;2228.23;77.000;649.29;0.55;29.14;884.31;34.000;275.39;0.23;31.14;2110.91;94.000;693.05;0.53;32.83;2728.10;110.000;748.27;0.55;27.43;1028.65;35.000;258.44;0.21;25.12;2357.41;59.000;411.46;0.30;17.45;859.80;20.000;154.60;0.13;17.98;1399.72;28.000;243.55;0.20;17.40;1144.77;23.000;242.40;0.23;21.17;1409.70;30.000;334.20;0.30;23.71;1624.06;44.000;350.05;0.28;21.55;2024.41;74.000;444.34;0.36;21.95;2072.27;78.000;471.57;0.38;22.76;1830.01;74.000;544.36;0.40;29.75;1655.93;77.000;463.44;0.31;27.99;2048.27;73.000;559.52;0.39;27.32;3253.16;84.000;536.51;0.47;16.49;4336.91;109.000;679.71;0.54;15.67
16536;F/LINE R & R AVOS 2 PUN;4;191982.09;4 770.000;44737.37;0.84;23.30;4387.52;113.000;1113.97;1.28;25.39;4644.58;142.000;1256.03;1.41;27.04;2470.95;75.000;695.25;0.81;28.14;1432.43;57.000;307.27;0.40;21.45;2736.52;83.000;785.65;0.94;28.71;2632.60;80.000;842.32;0.99;32.00;2571.57;78.000;906.58;1.01;35.25;3056.19;81.000;831.83;0.84;27.22;2393.40;60.000;884.08;0.83;36.94;2890.69;66.000;653.40;0.55;22.60;4051.48;77.000;597.85;0.53;14.76;2949.44;56.000;474.59;0.48;16.09;4698.58;142.000;852.42;0.87;18.14;3522.36;120.000;1031.52;0.97;29.28;2259.34;66.000;729.39;0.73;32.28;1488.29;46.000;350.03;0.38;23.52;2669.54;86.000;650.95;0.71;24.38;2114.76;59.000;596.41;0.58;28.20;4529.54;118.000;1532.91;1.44;33.84;1951.63;52.000;540.65;0.49;27.70;2313.49;51.000;636.76;0.55;27.52;4757.63;97.000;994.79;0.86;20.91;4998.02;98.000;805.30;0.73;16.11;6412.93;107.000;1168.55;1.15;18.22;3865.59;111.000;654.35;0.62;16.93;2524.28;72.000;583.74;0.62;23.12;3559.39;111.000;754.76;0.76;21.20;751.04;21.000;203.88;0.23;27.15;3649.58;122.000;993.48;1.06;27.22;2208.46;69.000;553.47;0.53;25.06;3370.59;93.000;919.07;0.90;27.27;5313.98;136.000;1098.25;0.92;20.67;6789.40;142.000;1773.19;1.48;26.12;5752.96;104.000;1005.51;0.78;17.48;4477.81;69.000;645.12;0.47;14.41;3525.43;57.000;660.97;0.53;18.75;5252.03;110.000;1737.17;1.26;33.08;5124.01;160.000;1092.17;0.92;21.31;4973.33;137.000;1497.30;1.20;30.11;3611.90;150.000;679.68;0.65;18.82;2932.16;84.000;986.58;0.87;33.65;3417.83;97.000;947.83;0.76;27.73;4166.70;113.000;1035.63;0.83;24.85;5411.86;140.000;1089.53;0.87;20.13;6926.34;151.000;1505.01;1.10;21.73;7014.02;123.000;1270.40;0.86;18.11;7189.80;120.000;956.11;0.67;13.30;4676.20;80.000;866.72;0.76;18.53;7563.92;188.000;1988.96;1.58;26.30
16537;F/LINE BANANAS 6s;4;207362.83;9 937.000;49809.45;0.93;24.02;5440.48;257.000;1245.08;1.43;22.89;3720.46;144.000;1080.68;1.22;29.05;3799.51;149.000;1240.53;1.45;32.65;3718.27;198.000;899.53;1.17;24.19;2338.84;116.000;752.73;0.91;32.18;2280.13;127.000;684.93;0.81;30.04;4267.82;258.000;804.98;0.90;18.86;4834.10;260.000;1360.12;1.38;28.14;6042.10;320.000;1295.16;1.21;21.44;7279.08;392.000;1667.03;1.40;22.90;7266.14;391.000;1522.97;1.35;20.96;4573.52;248.000;1004.19;1.02;21.96;4736.67;238.000;1142.20;1.16;24.11;4286.98;177.000;1231.56;1.16;28.73;4495.34;236.000;1151.85;1.15;25.62;4069.07;218.000;1155.95;1.25;28.41;4261.63;237.000;1247.25;1.36;29.27;3594.77;178.000;1005.15;0.98;27.96;3301.59;131.000;922.85;0.86;27.95;4039.77;183.000;931.27;0.84;23.05;4208.07;188.000;678.13;0.59;16.11;2063.64;76.000;470.65;0.41;22.81;251.91;9.000;73.40;0.07;29.14;2498.75;125.000;520.54;0.51;20.83;1001.27;48.000;213.80;0.20;21.35;4090.66;174.000;1001.63;1.06;24.49;2835.96;154.000;526.45;0.53;18.56;2718.67;153.000;573.45;0.64;21.09;5344.53;312.000;970.47;1.03;18.16;2393.96;124.000;474.28;0.46;19.81;2221.11;84.000;605.11;0.59;27.24;5881.85;280.000;968.12;0.81;16.46;3191.89;111.000;653.18;0.55;20.46;7568.35;290.000;1636.54;1.26;21.62;3245.28;117.000;938.46;0.69;28.92;5149.91;229.000;1392.95;1.12;27.05;6919.54;286.000;1586.33;1.15;22.93;5370.73;227.000;1265.08;1.07;23.56;5784.86;264.000;1183.05;0.95;20.45;3191.25;150.000;899.61;0.86;28.19;2526.93;137.000;659.00;0.58;26.08;3618.44;181.000;904.79;0.72;25.00;3301.39;156.000;2471.80;1.99;74.87;5391.60;265.000;1113.29;0.89;20.65;4372.38;187.000;871.97;0.64;19.94;6190.95;295.000;841.19;0.57;13.59;4426.72;173.000;1063.31;0.75;24.02;3610.38;192.000;587.83;0.52;16.28;9645.58;492.000;2319.03;1.84;24.04
16538;F/L BANANAS;4;47590.25;1 274.000;10831.14;0.20;22.76;1253.67;33.000;316.19;0.36;25.22;1405.63;37.000;355.27;0.40;25.28;2137.20;58.000;647.39;0.76;30.29;777.03;22.000;238.37;0.31;30.68;1224.65;35.000;371.60;0.45;30.34;1343.94;43.000;433.54;0.51;32.26;905.68;27.000;268.28;0.30;29.62;1163.66;34.000;334.56;0.34;28.75;2125.64;61.000;562.27;0.53;26.45;1913.82;53.000;484.78;0.41;25.33;1923.48;52.000;453.51;0.40;23.58;1144.84;31.000;280.17;0.28;24.47;531.86;14.000;108.26;0.11;20.36;0.00;0.000;0.00;0.00;0.00;0.00;0.000;0.00;0.00;0.00;0.00;0.000;0.00;0.00;0.00;0.00;0.000;0.00;0.00;0.00;147.96;4.000;55.30;0.05;37.37;443.88;12.000;165.89;0.16;37.37;89.98;2.000;20.15;0.02;22.39;2787.13;62.000;603.79;0.52;21.66;1307.45;30.000;284.39;0.25;21.75;0.00;0.000;0.00;0.00;0.00;0.00;0.000;0.00;0.00;0.00;119.97;3.000;26.52;0.03;22.11;1000.44;27.000;255.47;0.27;25.54;872.34;23.000;260.04;0.26;29.81;0.00;0.000;0.00;0.00;0.00;0.00;0.000;0.00;0.00;0.00;906.87;25.000;279.31;0.27;30.80;2198.89;61.000;371.74;0.36;16.91;2542.30;70.000;413.44;0.35;16.26;0.00;0.000;0.00;0.00;0.00;0.00;0.000;0.00;0.00;0.00;0.00;0.000;0.00;0.00;0.00;0.00;0.000;0.00;0.00;0.00;0.00;0.000;0.00;0.00;0.00;0.00;0.000;0.00;0.00;0.00;0.00;0.000;0.00;0.00;0.00;731.76;24.000;105.98;0.10;14.48;1695.47;47.000;474.78;0.42;28.00;2463.84;64.000;588.85;0.47;23.90;2659.86;71.000;560.96;0.45;21.09;3500.58;92.000;540.48;0.43;15.44;3077.23;77.000;498.03;0.37;16.18;2873.28;72.000;427.78;0.29;14.89;319.92;8.000;44.07;0.03;13.77;0.00;0.000;0.00;0.00;0.00;0.00;0.000;0.00;0.00;0.00
16540;F/L BANANA BULK PACK;4;128572.69;3 221.000;26791.30;0.50;20.84;3337.01;99.000;605.58;0.70;18.15;1853.50;50.000;403.77;0.45;21.78;3335.01;99.000;610.89;0.71;18.32;3141.29;91.000;714.01;0.93;22.73;2109.44;66.000;420.99;0.51;19.96;2926.26;99.000;477.89;0.56;16.33;2830.68;87.000;658.87;0.74;23.28;2384.63;72.000;580.52;0.59;24.34;2921.43;77.000;764.41;0.72;26.17;3655.27;93.000;985.78;0.83;26.97;2279.43;57.000;623.09;0.55;27.34;1917.52;48.000;551.78;0.56;28.78;3183.10;90.000;525.04;0.54;16.49;2269.43;57.000;423.96;0.40;18.68;2327.36;64.000;588.68;0.59;25.29;2366.56;74.000;528.95;0.57;22.35;1915.48;52.000;503.70;0.55;26.30;1599.57;43.000;454.92;0.44;28.44;2846.91;84.000;581.87;0.55;20.44;2501.70;55.000;570.53;0.51;22.81;1895.10;40.000;393.98;0.34;20.79;999.80;20.000;204.03;0.18;20.41;0.00;0.000;0.00;0.00;0.00;898.20;30.000;159.79;0.16;17.79;2625.05;70.000;376.76;0.36;14.35;269.24;6.000;58.27;0.06;21.64;281.94;6.000;74.03;0.07;26.26;1139.62;38.000;119.27;0.13;10.47;2698.16;84.000;418.92;0.45;15.53;1469.57;43.000;292.23;0.28;19.89;4320.63;137.000;483.19;0.47;11.18;3058.05;70.000;487.83;0.41;15.95;2696.96;54.000;333.88;0.28;12.38;2439.51;49.000;312.56;0.24;12.81;3246.85;65.000;791.36;0.58;24.37;2622.21;54.000;775.09;0.62;29.56;3644.99;76.000;940.47;0.68;25.80;2984.40;60.000;524.33;0.44;17.57;2789.44;56.000;488.74;0.39;17.52;3191.80;70.000;698.31;0.67;21.88;3807.17;98.000;866.94;0.77;22.77;3116.02;68.000;791.92;0.63;25.41;3341.17;73.000;873.91;0.70;26.16;3252.02;68.000;766.27;0.61;23.56;4226.65;85.000;845.54;0.62;20.00;3689.26;74.000;712.86;0.48;19.32;3189.36;64.000;661.21;0.46;20.73;3478.64;86.000;644.20;0.57;18.52;5499.30;120.000;1120.18;0.89;20.37
16576;F/L BUTTERNUT DICED;4;36237.23;1 737.000;10284.71;0.19;28.38;339.80;20.000;101.18;0.12;29.78;558.97;33.000;161.36;0.18;28.87;393.44;24.000;120.80;0.14;30.70;609.09;36.000;194.26;0.25;31.89;611.65;39.000;198.61;0.24;32.47;758.53;48.000;226.98;0.27;29.92;561.71;29.000;178.62;0.20;31.80;801.62;41.000;230.79;0.23;28.79;395.82;18.000;140.28;0.13;35.44;528.77;23.000;189.70;0.16;35.88;666.71;29.000;239.19;0.21;35.88;274.73;12.000;97.83;0.10;35.61;597.74;26.000;214.45;0.22;35.88;412.67;18.000;147.31;0.14;35.70;890.86;39.000;342.67;0.34;38.46;934.05;47.000;256.99;0.28;27.51;803.50;35.000;272.49;0.30;33.91;455.34;21.000;130.84;0.13;28.73;779.40;39.000;169.60;0.16;21.76;804.83;32.000;177.88;0.16;22.10;570.48;22.000;119.97;0.10;21.03;701.73;27.000;185.30;0.16;26.41;673.73;27.000;197.41;0.18;29.30;480.77;23.000;144.37;0.14;30.03;359.82;18.000;110.20;0.10;30.63;498.75;25.000;152.06;0.16;30.49;597.70;30.000;183.98;0.19;30.78;872.84;46.000;228.65;0.25;26.20;985.69;57.000;218.67;0.23;22.18;923.62;49.000;225.76;0.22;24.44;972.94;52.000;233.75;0.23;24.03;957.49;51.000;223.98;0.19;23.39;698.65;35.000;183.27;0.15;26.23;859.57;43.000;226.39;0.17;26.34;498.75;25.000;139.84;0.10;28.04;537.73;27.000;157.93;0.13;29.37;638.68;32.000;188.55;0.14;29.52;778.61;39.000;230.61;0.19;29.62;892.58;42.000;302.89;0.24;33.93;671.41;34.000;184.85;0.18;27.53;1406.30;74.000;385.71;0.34;27.43;990.75;44.000;328.01;0.26;33.11;1045.45;47.000;292.37;0.24;27.97;1084.96;44.000;276.46;0.22;25.48;1285.22;48.000;265.27;0.19;20.64;1370.97;53.000;334.51;0.23;24.40;1038.30;40.000;256.07;0.18;24.66;852.91;34.000;234.95;0.21;27.55;811.60;40.000;281.10;0.22;34.63
16577;F/L PUMPKIN DICED;4;25002.31;1 215.000;7121.80;0.13;28.48;287.98;17.000;92.91;0.11;32.26;406.06;24.000;130.66;0.15;32.18;156.43;10.000;46.08;0.05;29.46;389.92;23.000;141.95;0.18;36.41;435.27;27.000;153.33;0.18;35.23;355.82;22.000;112.63;0.13;31.65;458.73;27.000;139.51;0.16;30.41;399.80;24.000;112.46;0.11;28.13;474.63;22.000;189.05;0.18;39.83;436.81;19.000;156.71;0.13;35.88;160.93;7.000;57.74;0.05;35.88;367.84;16.000;131.97;0.13;35.88;358.89;16.000;117.30;0.12;32.69;275.88;12.000;81.83;0.08;29.66;459.80;20.000;178.24;0.18;38.76;661.18;34.000;167.92;0.18;25.40;379.85;17.000;147.88;0.16;38.93;135.94;6.000;43.65;0.04;32.11;544.38;27.000;112.20;0.11;20.61;320.89;13.000;65.34;0.06;20.36;85.97;3.000;25.00;0.02;29.08;124.95;5.000;27.01;0.02;21.62;418.67;18.000;126.32;0.11;30.17;119.94;6.000;35.33;0.03;29.46;237.88;12.000;71.47;0.07;30.04;539.73;27.000;165.30;0.17;30.63;319.84;16.000;100.15;0.10;31.31;431.92;23.000;110.78;0.12;25.65;523.84;31.000;104.69;0.11;19.98;824.66;44.000;203.57;0.20;24.69;794.18;42.000;196.58;0.19;24.75;714.92;38.000;167.60;0.14;23.44;599.70;30.000;157.94;0.13;26.34;979.51;49.000;257.98;0.20;26.34;558.72;28.000;160.91;0.12;28.80;539.73;27.000;159.93;0.13;29.63;497.75;25.000;146.09;0.11;29.35;596.70;30.000;175.67;0.15;29.44;645.68;32.000;210.10;0.17;32.54;544.02;28.000;145.42;0.14;26.73;1155.41;60.000;326.46;0.29;28.25;643.09;29.000;206.18;0.16;32.06;932.69;42.000;254.59;0.20;27.30;919.23;37.000;232.12;0.19;25.25;1124.23;42.000;234.03;0.17;20.82;882.36;34.000;217.46;0.15;24.65;466.52;18.000;114.52;0.08;24.55;878.65;35.000;280.22;0.25;31.89;434.79;21.000;129.04;0.10;29.68
16625;F/L ONIONS UNPEELED;4;131809.50;3 476.000;32175.82;0.60;24.41;1873.45;80.000;486.95;0.56;25.99;3211.76;142.000;838.91;0.94;26.12;2224.77;83.000;596.31;0.70;26.80;2142.73;87.000;436.46;0.57;20.37;2838.54;100.000;677.81;0.82;23.88;3820.69;127.000;906.21;1.07;23.72;4592.25;145.000;818.84;0.91;17.83;4540.65;107.000;877.93;0.89;19.33;4130.43;93.000;989.20;0.93;23.95;5743.58;132.000;1116.26;0.94;19.43;3836.31;82.000;869.76;0.77;22.67;3091.69;80.000;510.89;0.52;16.52;2494.70;61.000;536.00;0.55;21.49;3394.46;79.000;902.56;0.85;26.59;3300.78;73.000;578.11;0.58;17.51;4655.47;88.000;921.37;1.00;19.79;4509.13;87.000;1068.91;1.17;23.71;5488.73;111.000;1501.38;1.47;27.35;5471.73;117.000;1111.85;1.04;20.32;2555.67;53.000;591.74;0.53;23.15;3756.68;90.000;889.32;0.77;23.67;3539.39;105.000;668.28;0.58;18.88;3566.20;85.000;1284.21;1.16;36.01;1759.65;51.000;538.12;0.53;30.58;2088.68;57.000;605.42;0.58;28.99;1219.58;28.000;322.09;0.34;26.41;1403.14;31.000;369.34;0.37;26.32;948.54;21.000;237.95;0.26;25.09;873.81;19.000;218.51;0.23;25.01;1829.97;43.000;494.47;0.48;27.02;1571.01;44.000;331.44;0.32;21.10;1547.88;45.000;310.99;0.26;20.09;1443.60;36.000;414.36;0.35;28.70;2868.29;89.000;538.74;0.42;18.78;1950.25;49.000;693.90;0.51;35.58;2594.13;76.000;779.68;0.62;30.06;3214.25;89.000;1121.30;0.81;34.89;2443.54;70.000;819.02;0.69;33.52;1710.97;38.000;395.70;0.32;23.13;1548.32;33.000;325.39;0.31;21.02;1264.03;27.000;363.11;0.32;28.73;633.61;14.000;191.36;0.15;30.20;1429.33;42.000;292.75;0.24;20.48;2389.06;74.000;531.73;0.42;22.26;2235.13;58.000;681.06;0.50;30.47;1940.33;52.000;620.04;0.42;31.96;1946.14;56.000;559.97;0.39;28.77;1944.87;64.000;557.23;0.49;28.65;2231.60;63.000;682.89;0.54;30.60
16641;F/L NECTARINES FAMILY;4;55277.77;1 672.000;13585.21;0.25;24.58;1857.88;62.000;529.47;0.61;28.50;0.00;0.000;0.00;0.00;0.00;0.00;0.000;0.00;0.00;0.00;0.00;0.000;0.00;0.00;0.00;0.00;0.000;0.00;0.00;0.00;0.00;0.000;0.00;0.00;0.00;0.00;0.000;0.00;0.00;0.00;1525.63;39.000;587.80;0.60;38.53;1258.08;42.000;439.49;0.41;34.93;896.93;32.000;327.37;0.27;36.50;1451.52;48.000;288.59;0.26;19.88;995.12;28.000;434.13;0.44;43.63;734.79;21.000;227.38;0.23;30.95;0.00;0.000;0.00;0.00;0.00;0.00;0.000;0.00;0.00;0.00;0.00;0.000;0.00;0.00;0.00;0.00;0.000;0.00;0.00;0.00;0.00;0.000;0.00;0.00;0.00;0.00;0.000;0.00;0.00;0.00;0.00;0.000;0.00;0.00;0.00;2007.61;73.000;736.06;0.64;36.66;2111.96;74.000;784.73;0.68;37.16;0.00;0.000;0.00;0.00;0.00;674.69;22.000;144.41;0.14;21.40;0.00;0.000;0.00;0.00;0.00;0.00;0.000;0.00;0.00;0.00;0.00;0.000;0.00;0.00;0.00;0.00;0.000;0.00;0.00;0.00;0.00;0.000;0.00;0.00;0.00;0.00;0.000;0.00;0.00;0.00;0.00;0.000;0.00;0.00;0.00;0.00;0.000;0.00;0.00;0.00;1962.96;55.000;309.60;0.26;15.77;4508.54;133.000;1116.43;0.86;24.76;4993.33;167.000;1058.10;0.78;21.19;3105.64;99.000;766.45;0.61;24.68;3619.42;88.000;846.71;0.61;23.39;1249.75;25.000;254.09;0.21;20.33;0.00;0.000;0.00;0.00;0.00;0.00;0.000;0.00;0.00;0.00;0.00;0.000;0.00;0.00;0.00;0.00;0.000;0.00;0.00;0.00;0.00;0.000;0.00;0.00;0.00;299.90;10.000;30.40;0.02;10.14;4457.92;139.000;908.31;0.67;20.38;4568.24;151.000;966.86;0.65;21.16;4058.75;125.000;878.12;0.62;21.64;4696.04;146.000;577.46;0.51;12.30;4243.07;93.000;1373.26;1.09;32.36
16672;F/LINE EASY PEELERS 1KG;4;58183.17;3 892.000;17854.90;0.33;30.69;0.00;0.000;0.00;0.00;0.00;1436.17;83.000;486.43;0.55;33.87;1805.76;129.000;587.74;0.69;32.55;1933.89;171.000;482.52;0.63;24.95;2502.55;245.000;568.06;0.68;22.70;1780.69;177.000;467.06;0.55;26.23;1537.33;134.000;555.06;0.62;36.11;1709.03;107.000;596.05;0.60;34.88;311.87;13.000;92.58;0.09;29.69;0.00;0.000;0.00;0.00;0.00;0.00;0.000;0.00;0.00;0.00;0.00;0.000;0.00;0.00;0.00;0.00;0.000;0.00;0.00;0.00;1869.10;127.000;612.62;0.58;32.78;1549.33;117.000;574.17;0.57;37.06;2375.10;199.000;786.38;0.85;33.11;1793.55;145.000;552.40;0.60;30.80;1443.60;140.000;326.65;0.32;22.63;622.22;48.000;229.19;0.21;36.83;1097.69;66.000;332.69;0.30;30.31;802.39;36.000;223.38;0.19;27.84;0.00;0.000;0.00;0.00;0.00;0.00;0.000;0.00;0.00;0.00;0.00;0.000;0.00;0.00;0.00;279.86;14.000;100.81;0.10;36.02;1703.18;94.000;676.94;0.72;39.75;2069.53;152.000;656.92;0.66;31.74;1497.24;111.000;386.74;0.43;25.83;2359.58;162.000;651.54;0.69;27.61;3302.99;266.000;710.58;0.69;21.51;1500.36;79.000;401.12;0.39;26.74;1912.04;96.000;510.25;0.43;26.69;0.00;0.000;0.00;0.00;0.00;0.00;0.000;0.00;0.00;0.00;0.00;0.000;0.00;0.00;0.00;0.00;0.000;0.00;0.00;0.00;548.24;16.000;174.67;0.13;31.86;2178.33;93.000;666.74;0.56;30.61;3437.81;194.000;1014.10;0.81;29.50;2217.44;132.000;643.07;0.62;29.00;2344.82;118.000;1035.54;0.92;44.16;1815.44;112.000;657.27;0.53;36.20;1715.09;91.000;540.56;0.43;31.52;1154.42;58.000;353.68;0.28;30.64;2167.22;98.000;678.70;0.50;31.32;1409.31;69.000;522.69;0.35;37.09;0.00;0.000;0.00;0.00;0.00;0.00;0.000;0.00;0.00;0.00;0.00;0.000;0.00;0.00;0.00
16673;F/L ORANGES NETLON BAG;4;78654.70;2 956.000;19171.28;0.36;24.37;0.00;0.000;0.00;0.00;0.00;119.96;4.000;35.62;0.04;29.69;3655.40;160.000;898.11;1.05;24.57;2019.88;112.000;448.51;0.58;22.20;2005.95;105.000;532.15;0.64;26.53;1690.75;95.000;428.96;0.50;25.37;1390.92;78.000;310.65;0.35;22.33;3168.88;187.000;964.75;0.98;30.44;2390.29;96.000;828.77;0.78;34.67;1595.61;64.000;554.60;0.46;34.76;895.89;36.000;310.32;0.27;34.64;272.39;11.000;93.47;0.09;34.31;0.00;0.000;0.00;0.00;0.00;968.22;28.000;361.96;0.34;37.38;2259.65;85.000;405.19;0.40;17.93;3318.34;166.000;665.61;0.72;20.06;1766.30;70.000;550.40;0.60;31.16;1426.43;57.000;438.06;0.43;30.71;982.57;38.000;305.01;0.29;31.04;0.00;0.000;0.00;0.00;0.00;0.00;0.000;0.00;0.00;0.00;0.00;0.000;0.00;0.00;0.00;0.00;0.000;0.00;0.00;0.00;0.00;0.000;0.00;0.00;0.00;0.00;0.000;0.00;0.00;0.00;1477.04;46.000;521.36;0.55;35.30;3402.42;133.000;759.03;0.77;22.31;1262.80;45.000;307.68;0.34;24.36;3353.21;119.000;698.99;0.74;20.85;4725.68;162.000;779.92;0.75;16.50;947.74;26.000;206.62;0.20;21.80;0.00;0.000;0.00;0.00;0.00;0.00;0.000;0.00;0.00;0.00;0.00;0.000;0.00;0.00;0.00;0.00;0.000;0.00;0.00;0.00;0.00;0.000;0.00;0.00;0.00;0.00;0.000;0.00;0.00;0.00;2209.04;46.000;451.52;0.38;20.44;4057.38;112.000;943.96;0.76;23.27;4126.92;148.000;785.30;0.75;19.03;5476.23;207.000;1116.15;0.99;20.38;6213.34;217.000;1377.07;1.10;22.16;5574.95;155.000;1335.27;1.07;23.95;2673.33;67.000;750.08;0.60;28.06;1791.55;45.000;557.37;0.41;31.11;1275.68;32.000;398.51;0.27;31.24;159.96;4.000;50.31;0.04;31.45;0.00;0.000;0.00;0.00;0.00;0.00;0.000;0.00;0.00;0.00
16674;F/L ORANGES POCKET;4;40245.21;1 099.000;7407.85;0.14;18.41;0.00;0.000;0.00;0.00;0.00;0.00;0.000;0.00;0.00;0.00;0.00;0.000;0.00;0.00;0.00;2582.33;117.000;350.95;0.46;13.59;2596.78;122.000;316.62;0.38;12.19;1250.58;42.000;356.90;0.42;28.54;478.34;16.000;127.63;0.14;26.68;0.00;0.000;0.00;0.00;0.00;0.00;0.000;0.00;0.00;0.00;479.88;12.000;169.55;0.14;35.33;677.83;17.000;238.20;0.21;35.14;159.96;4.000;56.52;0.06;35.33;0.00;0.000;0.00;0.00;0.00;0.00;0.000;0.00;0.00;0.00;1735.43;57.000;168.63;0.17;9.72;879.78;22.000;206.36;0.22;23.46;2435.88;82.000;472.04;0.52;19.38;1353.66;34.000;382.79;0.37;28.28;719.82;18.000;172.39;0.16;23.95;944.81;19.000;373.85;0.34;39.57;0.00;0.000;0.00;0.00;0.00;0.00;0.000;0.00;0.00;0.00;0.00;0.000;0.00;0.00;0.00;0.00;0.000;0.00;0.00;0.00;0.00;0.000;0.00;0.00;0.00;0.00;0.000;0.00;0.00;0.00;0.00;0.000;0.00;0.00;0.00;4197.15;135.000;431.65;0.48;10.28;0.00;0.000;0.00;0.00;0.00;0.00;0.000;0.00;0.00;0.00;0.00;0.000;0.00;0.00;0.00;0.00;0.000;0.00;0.00;0.00;0.00;0.000;0.00;0.00;0.00;0.00;0.000;0.00;0.00;0.00;0.00;0.000;0.00;0.00;0.00;0.00;0.000;0.00;0.00;0.00;0.00;0.000;0.00;0.00;0.00;0.00;0.000;0.00;0.00;0.00;1494.67;33.000;148.90;0.12;9.96;3484.98;102.000;142.16;0.14;4.08;2268.52;48.000;393.49;0.35;17.35;2304.53;47.000;521.99;0.42;22.65;2892.99;51.000;562.89;0.45;19.46;2996.49;51.000;646.72;0.52;21.58;2877.04;46.000;757.91;0.56;26.34;1373.77;23.000;392.43;0.26;28.57;59.99;1.000;17.32;0.01;28.88;0.00;0.000;0.00;0.00;0.00;0.00;0.000;0.00;0.00;0.00
16676;F/L LEMONS;4;42081.75;1 829.000;12368.69;0.23;29.39;0.00;0.000;0.00;0.00;0.00;271.83;17.000;119.67;0.13;44.02;191.88;12.000;84.47;0.10;44.02;15.99;1.000;7.04;0.01;44.02;47.97;3.000;21.12;0.03;44.02;237.14;18.000;93.43;0.11;39.40;799.30;62.000;366.33;0.41;45.83;498.97;38.000;198.82;0.20;39.85;239.84;16.000;60.38;0.06;25.17;731.72;28.000;214.12;0.18;29.26;848.19;31.000;172.12;0.15;20.29;769.90;40.000;265.69;0.27;34.51;542.83;32.000;166.67;0.17;30.70;625.23;37.000;190.30;0.18;30.44;321.11;19.000;97.77;0.10;30.45;200.82;18.000;42.67;0.05;21.25;127.92;8.000;44.99;0.05;35.17;220.22;18.000;60.77;0.06;27.60;274.82;18.000;82.53;0.08;30.03;538.73;27.000;182.64;0.16;33.90;717.64;36.000;242.85;0.21;33.84;499.76;24.000;162.13;0.14;32.44;588.08;17.000;163.87;0.15;27.86;854.49;36.000;283.54;0.28;33.18;1203.75;50.000;382.51;0.36;31.78;814.57;43.000;265.51;0.28;32.59;700.80;40.000;186.90;0.19;26.67;250.25;15.000;73.47;0.08;29.36;492.20;30.000;127.09;0.14;25.82;874.63;57.000;230.36;0.22;26.34;473.75;25.000;142.45;0.14;30.07;935.54;46.000;266.66;0.22;28.50;1239.46;54.000;372.29;0.31;30.04;2431.49;81.000;498.78;0.38;20.51;2475.38;62.000;580.25;0.43;23.44;2426.33;92.000;523.57;0.42;21.58;2453.18;82.000;844.74;0.61;34.43;1492.00;50.000;528.61;0.45;35.43;1152.42;58.000;319.82;0.26;27.75;645.63;37.000;175.19;0.17;27.13;728.82;43.000;203.29;0.18;27.89;654.63;37.000;169.15;0.14;25.84;751.90;40.000;213.61;0.17;28.41;770.13;32.000;246.32;0.20;31.98;1854.88;62.000;590.57;0.43;31.84;1527.99;51.000;474.73;0.32;31.07;2126.29;71.000;640.91;0.45;30.14;1914.86;64.000;549.51;0.48;28.70;1526.49;51.000;438.48;0.35;28.72
16677;F/L SFT CITRUS MINIBOX;4;28013.99;1 085.000;8456.34;0.16;30.19;0.00;0.000;0.00;0.00;0.00;831.68;32.000;253.34;0.29;30.46;956.63;39.000;286.70;0.33;29.97;889.70;40.000;257.35;0.33;28.93;1354.30;70.000;372.36;0.45;27.49;1319.83;63.000;383.14;0.45;29.03;896.92;33.000;313.02;0.35;34.90;1254.60;40.000;439.70;0.45;35.05;481.11;14.000;157.24;0.15;32.68;0.00;0.000;0.00;0.00;0.00;0.00;0.000;0.00;0.00;0.00;0.00;0.000;0.00;0.00;0.00;0.00;0.000;0.00;0.00;0.00;477.30;30.000;82.98;0.08;17.38;1165.40;60.000;289.44;0.29;24.84;847.10;40.000;218.63;0.24;25.81;572.27;23.000;182.16;0.20;31.83;769.28;31.000;265.83;0.26;34.56;524.79;21.000;167.64;0.16;31.94;373.60;15.000;112.83;0.10;30.20;493.20;15.000;164.67;0.14;33.39;0.00;0.000;0.00;0.00;0.00;0.00;0.000;0.00;0.00;0.00;0.00;0.000;0.00;0.00;0.00;0.00;0.000;0.00;0.00;0.00;486.25;20.000;160.91;0.17;33.09;554.95;20.000;197.29;0.20;35.55;118.96;4.000;46.75;0.05;39.30;866.72;28.000;307.09;0.33;35.43;825.45;30.000;303.62;0.29;36.78;821.59;26.000;281.30;0.28;34.24;1745.17;53.000;520.27;0.44;29.81;0.00;0.000;0.00;0.00;0.00;0.00;0.000;0.00;0.00;0.00;0.00;0.000;0.00;0.00;0.00;0.00;0.000;0.00;0.00;0.00;0.00;0.000;0.00;0.00;0.00;73.98;2.000;22.96;0.02;31.03;1415.40;60.000;313.51;0.25;22.15;1177.02;48.000;308.40;0.30;26.20;2010.01;71.000;612.54;0.54;30.47;1115.25;39.000;354.49;0.28;31.79;1156.36;40.000;356.82;0.29;30.86;1165.17;38.000;346.77;0.28;29.76;1044.72;33.000;308.79;0.23;29.56;229.28;7.000;67.79;0.05;29.57;0.00;0.000;0.00;0.00;0.00;0.00;0.000;0.00;0.00;0.00;0.00;0.000;0.00;0.00;0.00
28537;OASIS WATER;4;65363.88;3 117.000;4067.35;0.08;7.16;4596.81;219.000;289.56;0.33;7.24;1108.27;53.000;66.42;0.07;6.89;2770.68;132.000;174.53;0.20;7.24;2476.82;118.000;156.02;0.20;7.24;2747.59;131.000;171.38;0.21;7.17;1741.12;83.000;108.83;0.13;7.19;1572.15;75.000;97.34;0.11;7.12;4717.50;225.000;292.92;0.30;7.14;4594.71;219.000;287.73;0.27;7.20;5408.07;258.000;334.73;0.28;7.12;2475.77;118.000;155.10;0.14;7.20;1927.93;92.000;118.90;0.12;7.09;1154.45;55.000;72.72;0.07;7.24;5770.15;275.000;361.77;0.34;7.21;3913.58;187.000;237.20;0.24;6.97;3440.26;164.000;215.01;0.23;7.19;4547.48;217.000;280.52;0.31;7.09;1319.22;63.000;80.56;0.08;7.02;2914.46;139.000;181.04;0.17;7.14;6061.91;289.000;378.46;0.34;7.18;62.97;3.000;3.97;0.00;7.24;20.99;1.000;1.32;0.00;7.24;0.00;0.000;0.00;0.00;0.00;0.00;0.000;0.00;0.00;0.00;0.00;0.000;0.00;0.00;0.00;0.00;0.000;0.00;0.00;0.00;0.00;0.000;0.00;0.00;0.00;0.00;0.000;0.00;0.00;0.00;0.00;0.000;0.00;0.00;0.00;20.99;1.000;1.32;0.00;7.24;0.00;0.000;0.00;0.00;0.00;0.00;0.000;0.00;0.00;0.00;0.00;0.000;0.00;0.00;0.00;0.00;0.000;0.00;0.00;0.00;0.00;0.000;0.00;0.00;0.00;0.00;0.000;0.00;0.00;0.00;0.00;0.000;0.00;0.00;0.00;0.00;0.000;0.00;0.00;0.00;0.00;0.000;0.00;0.00;0.00;0.00;0.000;0.00;0.00;0.00;0.00;0.000;0.00;0.00;0.00;0.00;0.000;0.00;0.00;0.00;0.00;0.000;0.00;0.00;0.00;0.00;0.000;0.00;0.00;0.00;0.00;0.000;0.00;0.00;0.00;0.00;0.000;0.00;0.00;0.00;0.00;0.000;0.00;0.00;0.00;0.00;0.000;0.00;0.00;0.00;0.00;0.000;0.00;0.00;0.00
32161;SWEET POTATOES;4;97461.25;4 169.757;30254.15;0.57;31.04;2152.49;137.480;642.90;0.74;29.87;2085.24;151.571;694.57;0.78;33.31;1856.60;143.176;579.88;0.68;31.23;2719.26;174.075;998.51;1.30;36.72;2422.91;143.466;787.09;0.95;32.49;2098.53;118.817;644.53;0.76;30.71;1876.58;118.973;564.02;0.63;30.06;1611.91;97.257;480.35;0.49;29.80;1310.45;76.333;384.95;0.36;29.38;1272.36;58.134;394.69;0.33;31.02;1597.41;47.030;477.80;0.42;29.91;1419.15;49.814;441.29;0.45;31.10;1746.41;43.621;488.56;0.50;27.98;1335.01;61.448;404.15;0.38;30.27;2529.01;111.757;774.04;0.77;30.61;2309.71;100.153;786.40;0.85;34.05;2162.76;99.275;657.11;0.72;30.38;2170.58;83.020;663.26;0.65;30.56;2310.87;85.794;709.91;0.66;30.72;2457.82;76.112;756.22;0.68;30.77;1504.07;30.495;452.72;0.39;30.10;1626.05;37.620;504.97;0.44;31.05;922.79;22.884;140.70;0.13;15.25;1557.70;39.013;164.94;0.16;10.59;1057.57;41.062;256.84;0.24;24.29;944.22;41.567;274.70;0.29;29.09;1879.48;84.962;559.53;0.57;29.77;1401.61;67.171;425.63;0.47;30.37;1943.14;88.220;584.64;0.62;30.09;1094.12;53.535;336.76;0.33;30.78;1823.85;68.660;556.76;0.54;30.53;2112.22;75.360;633.53;0.53;29.99;1492.81;50.845;430.97;0.36;28.87;1087.23;24.861;271.21;0.21;24.94;1324.09;33.127;368.04;0.27;27.80;1970.42;60.981;556.90;0.45;28.26;2552.98;115.606;736.36;0.53;28.84;2022.51;86.808;603.95;0.51;29.86;1959.21;97.642;601.34;0.48;30.69;2923.46;134.399;869.70;0.83;29.75;3709.44;163.961;1282.35;1.13;34.57;4188.74;184.028;1428.32;1.14;34.10;2899.80;126.983;995.06;0.80;34.31;2719.39;111.429;950.89;0.76;34.97;2801.27;86.552;962.04;0.71;34.34;1773.66;51.105;617.43;0.42;34.81;1793.58;53.414;630.09;0.44;35.13;2238.26;72.430;789.66;0.69;35.28;2692.52;87.731;937.90;0.75;34.83
32167;TOMATOES 1KG;4;33677.17;1 389.000;9734.91;0.18;28.91;0.00;0.000;0.00;0.00;0.00;0.00;0.000;0.00;0.00;0.00;0.00;0.000;0.00;0.00;0.00;0.00;0.000;0.00;0.00;0.00;0.00;0.000;0.00;0.00;0.00;0.00;0.000;0.00;0.00;0.00;0.00;0.000;0.00;0.00;0.00;0.00;0.000;0.00;0.00;0.00;850.04;36.000;215.56;0.20;25.36;1871.13;67.000;479.54;0.40;25.63;2233.54;91.000;637.12;0.56;28.53;151.94;6.000;45.29;0.05;29.81;551.80;20.000;145.64;0.15;26.39;149.95;5.000;38.35;0.04;25.58;563.81;19.000;139.73;0.14;24.78;3668.91;144.000;890.07;0.96;24.26;0.00;0.000;0.00;0.00;0.00;857.66;34.000;256.13;0.25;29.86;334.66;14.000;101.42;0.09;30.31;0.00;0.000;0.00;0.00;0.00;0.00;0.000;0.00;0.00;0.00;1220.18;82.000;404.28;0.35;33.13;1286.14;86.000;430.44;0.39;33.47;1544.30;95.000;499.07;0.49;32.32;873.63;37.000;255.71;0.24;29.27;949.62;38.000;298.19;0.32;31.40;449.82;18.000;141.25;0.14;31.40;820.92;33.000;255.21;0.28;31.09;414.85;15.000;129.14;0.14;31.13;311.87;13.000;90.87;0.09;29.14;503.79;21.000;146.79;0.14;29.14;976.39;41.000;279.39;0.24;28.61;743.75;25.000;228.75;0.19;30.76;752.16;24.000;225.14;0.17;29.93;598.30;20.000;161.10;0.12;26.93;59.98;2.000;16.26;0.01;27.11;776.74;26.000;208.38;0.15;26.83;3160.94;106.000;843.78;0.71;26.69;1826.39;61.000;492.93;0.40;26.99;1016.54;47.000;180.96;0.17;17.80;449.85;15.000;194.85;0.17;43.31;747.20;30.000;267.20;0.21;35.76;99.96;4.000;35.96;0.03;35.97;849.66;34.000;305.66;0.24;35.97;149.94;6.000;53.94;0.04;35.97;0.00;0.000;0.00;0.00;0.00;693.47;28.000;245.47;0.17;35.40;678.73;27.000;229.73;0.20;33.85;488.61;19.000;165.61;0.13;33.89
32169;TOMATOES BAG 1KG;4;282992.04;13 104.000;83232.27;1.56;29.41;0.00;0.000;0.00;0.00;0.00;0.00;0.000;0.00;0.00;0.00;0.00;0.000;0.00;0.00;0.00;0.00;0.000;0.00;0.00;0.00;57.98;2.000;19.98;0.02;34.46;5651.41;209.000;1731.41;2.04;30.64;8258.27;333.000;2416.27;2.70;29.26;11720.22;588.000;3392.72;3.44;28.95;15184.83;652.000;4745.63;4.45;31.25;15932.44;646.000;4793.19;4.02;30.08;11868.96;569.000;2898.96;2.57;24.42;7788.09;391.000;2276.09;2.31;29.23;10444.86;429.000;3177.86;3.24;30.43;9976.70;320.000;2930.70;2.76;29.38;9647.23;458.000;3041.23;3.04;31.52;7674.67;488.000;2393.67;2.59;31.19;9647.89;451.000;3071.89;3.36;31.84;12664.00;795.000;3776.64;3.69;29.82;15946.49;941.000;5211.73;4.88;32.68;4331.44;146.000;1292.74;1.16;29.85;5621.63;247.000;1736.70;1.50;30.89;5729.46;391.000;1839.01;1.59;32.10;8487.15;375.000;2150.15;1.94;25.33;10054.85;465.000;2796.05;2.74;27.81;3192.60;115.000;653.10;0.62;20.46;7206.18;207.000;1935.18;2.05;26.85;10668.63;377.000;3340.38;3.37;31.31;6494.15;280.000;1925.35;2.14;29.65;4310.40;215.000;1259.85;1.34;29.23;74.97;3.000;23.97;0.02;31.97;6134.65;265.000;1728.15;1.69;28.17;0.00;0.000;0.00;0.00;0.00;0.00;0.000;0.00;0.00;0.00;0.00;0.000;0.00;0.00;0.00;4102.98;197.000;950.98;0.70;23.18;2842.43;122.000;646.43;0.52;22.74;143.96;4.000;43.46;0.03;30.19;2031.19;41.000;1343.19;1.13;66.13;0.00;0.000;0.00;0.00;0.00;3721.66;149.000;404.66;0.39;10.87;3311.56;144.000;1080.46;0.96;32.63;3126.45;155.000;836.45;0.67;26.75;4081.62;178.000;983.02;0.79;24.08;3517.42;98.000;1038.02;0.83;29.51;9126.30;390.000;2799.30;2.05;30.67;5257.68;177.000;1609.68;1.09;30.62;8989.06;599.000;2758.69;1.94;30.69;6725.08;442.000;1734.83;1.52;25.80;1244.50;50.000;444.50;0.35;35.72
32171;TOMATIES C/TAIL PP;4;22646.80;1 265.000;6989.53;0.13;30.86;913.55;45.000;286.87;0.33;31.40;676.66;34.000;207.46;0.23;30.66;1555.22;78.000;478.82;0.56;30.79;1017.49;51.000;313.69;0.41;30.83;757.62;38.000;233.22;0.28;30.78;379.81;19.000;117.61;0.14;30.97;697.65;35.000;214.65;0.24;30.77;0.00;0.000;0.00;0.00;0.00;898.55;45.000;277.55;0.26;30.89;658.67;33.000;203.27;0.17;30.86;439.78;22.000;136.18;0.12;30.97;896.55;45.000;275.55;0.28;30.73;1056.47;53.000;325.07;0.33;30.77;359.82;18.000;111.42;0.10;30.97;1265.36;64.000;382.16;0.38;30.20;459.77;23.000;142.37;0.15;30.97;19.99;1.000;6.19;0.01;30.97;497.45;55.000;159.85;0.16;32.13;1409.13;87.000;446.13;0.42;31.66;303.81;19.000;95.95;0.09;31.58;301.41;19.000;93.55;0.08;31.04;446.92;28.000;140.60;0.12;31.46;414.94;26.000;130.50;0.12;31.45;95.94;6.000;30.30;0.03;31.58;127.92;8.000;40.40;0.04;31.58;701.96;44.000;220.60;0.23;31.43;110.33;7.000;33.75;0.03;30.59;397.35;25.000;123.85;0.14;31.17;111.93;7.000;35.35;0.04;31.58;0.00;0.000;0.00;0.00;0.00;159.90;10.000;50.50;0.05;31.58;95.94;6.000;30.30;0.03;31.58;79.15;5.000;24.45;0.02;30.89;415.74;26.000;131.30;0.10;31.58;111.93;7.000;35.35;0.03;31.58;721.92;43.000;213.34;0.17;29.55;594.65;35.000;174.65;0.13;29.37;67.96;4.000;19.96;0.02;29.37;0.00;0.000;0.00;0.00;0.00;203.88;12.000;59.88;0.06;29.37;16.99;1.000;4.99;0.00;29.37;33.13;2.000;9.13;0.01;27.56;0.00;0.000;0.00;0.00;0.00;419.80;20.000;147.80;0.12;35.21;587.26;19.000;207.26;0.15;35.29;278.91;9.000;98.91;0.07;35.46;1505.43;107.000;399.20;0.28;26.52;111.93;7.000;35.35;0.03;31.58;270.23;17.000;84.25;0.07;31.18
32178;WAATLEMOEN KWART;4;28522.30;1 706.000;10034.14;0.19;35.18;829.23;57.000;309.98;0.36;37.38;440.33;32.000;160.33;0.18;36.41;0.00;0.000;0.00;0.00;0.00;0.00;0.000;0.00;0.00;0.00;0.00;0.000;0.00;0.00;0.00;0.00;0.000;0.00;0.00;0.00;0.00;0.000;0.00;0.00;0.00;0.00;0.000;0.00;0.00;0.00;2608.53;112.000;794.23;0.74;30.45;1024.58;42.000;312.08;0.26;30.46;628.40;70.000;226.24;0.20;36.00;285.26;39.000;124.76;0.13;43.74;0.00;0.000;0.00;0.00;0.00;0.00;0.000;0.00;0.00;0.00;0.00;0.000;0.00;0.00;0.00;0.00;0.000;0.00;0.00;0.00;0.00;0.000;0.00;0.00;0.00;0.00;0.000;0.00;0.00;0.00;0.00;0.000;0.00;0.00;0.00;0.00;0.000;0.00;0.00;0.00;0.00;0.000;0.00;0.00;0.00;1559.48;142.000;501.58;0.43;32.16;86.01;9.000;27.66;0.02;32.16;125.86;14.000;41.86;0.04;33.26;0.00;0.000;0.00;0.00;0.00;0.00;0.000;0.00;0.00;0.00;0.00;0.000;0.00;0.00;0.00;0.00;0.000;0.00;0.00;0.00;0.00;0.000;0.00;0.00;0.00;0.00;0.000;0.00;0.00;0.00;0.00;0.000;0.00;0.00;0.00;0.00;0.000;0.00;0.00;0.00;2252.07;73.000;758.22;0.63;33.67;1755.58;57.000;544.33;0.42;31.01;0.00;0.000;0.00;0.00;0.00;939.00;105.000;282.75;0.23;30.11;0.00;0.000;0.00;0.00;0.00;0.00;0.000;0.00;0.00;0.00;0.00;0.000;0.00;0.00;0.00;0.00;0.000;0.00;0.00;0.00;0.00;0.000;0.00;0.00;0.00;0.00;0.000;0.00;0.00;0.00;0.00;0.000;0.00;0.00;0.00;1173.15;35.000;416.23;0.33;35.48;4083.36;184.000;1516.18;1.11;37.13;4927.57;323.000;1848.82;1.25;37.52;3173.35;225.000;1183.35;0.83;37.29;1460.86;115.000;547.11;0.48;37.45;1169.68;72.000;438.43;0.35;37.48
32179;SPINACH PP;4;27027.30;1 175.000;8648.30;0.16;32.00;543.64;26.000;169.64;0.20;31.20;326.55;15.000;101.55;0.11;31.10;394.72;18.000;124.72;0.15;31.60;546.45;25.000;171.45;0.22;31.38;920.28;42.000;290.28;0.35;31.54;634.41;29.000;199.41;0.23;31.43;680.59;31.000;215.59;0.24;31.68;351.84;16.000;111.84;0.11;31.79;499.17;23.000;154.17;0.14;30.89;547.55;25.000;172.55;0.14;31.51;350.74;16.000;110.74;0.10;31.57;241.89;11.000;76.89;0.08;31.79;547.55;25.000;172.55;0.18;31.51;416.71;19.000;131.71;0.12;31.61;459.59;21.000;144.59;0.14;31.46;524.46;24.000;164.46;0.18;31.36;283.67;13.000;88.67;0.10;31.26;415.61;19.000;130.61;0.13;31.43;789.44;36.000;249.44;0.23;31.60;615.72;28.000;195.72;0.18;31.79;940.07;43.000;295.07;0.25;31.39;284.77;13.000;89.77;0.08;31.52;326.55;15.000;101.55;0.09;31.10;371.63;17.000;116.63;0.11;31.38;488.58;22.000;151.58;0.14;31.02;229.90;10.000;69.90;0.07;30.40;504.63;22.000;152.63;0.15;30.25;91.96;4.000;27.96;0.03;30.40;274.73;12.000;82.73;0.09;30.11;275.88;12.000;83.88;0.08;30.40;802.35;35.000;242.35;0.24;30.21;343.70;15.000;103.70;0.09;30.17;551.76;24.000;167.76;0.14;30.40;481.64;21.000;145.64;0.11;30.24;618.43;27.000;186.43;0.14;30.15;639.12;28.000;191.12;0.15;29.90;988.57;43.000;300.57;0.22;30.40;1148.35;50.000;348.35;0.29;30.33;662.11;29.000;198.11;0.16;29.92;481.64;21.000;145.64;0.14;30.24;747.20;30.000;267.20;0.24;35.76;373.60;15.000;133.60;0.11;35.76;792.18;32.000;280.18;0.23;35.37;844.66;34.000;300.66;0.24;35.60;623.50;25.000;223.50;0.16;35.85;673.48;27.000;241.48;0.16;35.86;841.88;32.000;279.88;0.20;33.24;695.55;25.000;245.55;0.22;35.30;838.30;30.000;298.30;0.24;35.58
32180;SPRING ONIONS PP;4;14472.75;1 050.000;4595.75;0.09;31.75;273.40;20.000;77.40;0.09;28.31;209.85;15.000;59.85;0.07;28.52;111.92;8.000;31.92;0.04;28.52;139.20;10.000;39.20;0.05;28.16;142.24;11.000;43.24;0.05;30.40;25.98;2.000;7.98;0.01;30.72;479.98;37.000;146.98;0.16;30.62;194.85;15.000;59.85;0.06;30.72;232.52;18.000;70.52;0.07;30.33;519.60;40.000;159.60;0.13;30.72;376.71;29.000;115.71;0.10;30.72;297.47;23.000;90.47;0.09;30.41;272.14;21.000;83.14;0.08;30.55;285.13;22.000;87.13;0.08;30.56;220.83;17.000;67.83;0.07;30.72;337.09;26.000;103.09;0.11;30.58;272.14;21.000;83.14;0.09;30.55;90.28;7.000;27.28;0.03;30.22;51.96;4.000;15.96;0.01;30.72;12.99;1.000;3.99;0.00;30.72;129.90;10.000;39.90;0.03;30.72;505.31;39.000;154.31;0.13;30.54;362.42;28.000;110.42;0.10;30.47;168.22;13.000;51.22;0.05;30.45;402.69;31.000;123.69;0.12;30.72;311.11;24.000;95.11;0.10;30.57;323.45;25.000;98.45;0.10;30.44;220.83;17.000;67.83;0.08;30.72;246.81;19.000;75.81;0.08;30.72;194.85;15.000;59.85;0.06;30.72;348.13;27.000;105.13;0.10;30.20;324.75;25.000;99.75;0.08;30.72;311.76;24.000;95.76;0.08;30.72;466.99;36.000;142.99;0.11;30.62;415.68;32.000;127.68;0.09;30.72;310.46;24.000;94.46;0.08;30.43;451.40;35.000;136.40;0.10;30.22;428.67;33.000;131.67;0.11;30.72;296.82;23.000;89.82;0.07;30.26;531.94;41.000;162.94;0.16;30.63;363.74;26.000;129.74;0.11;35.67;55.96;4.000;19.96;0.02;35.67;41.97;3.000;14.97;0.01;35.67;251.82;18.000;89.82;0.07;35.67;69.95;5.000;24.95;0.02;35.67;664.65;35.000;244.65;0.16;36.81;529.82;28.000;193.82;0.14;36.58;417.78;22.000;153.78;0.14;36.81;778.59;41.000;286.59;0.23;36.81
32185;STRAWBERRIES 250G;4;24551.50;1 082.000;6773.15;0.13;27.59;0.00;0.000;0.00;0.00;0.00;0.00;0.000;0.00;0.00;0.00;0.00;0.000;0.00;0.00;0.00;347.88;12.000;102.48;0.13;29.46;724.75;25.000;222.50;0.27;30.70;2809.78;122.000;796.78;0.94;28.36;413.79;21.000;131.19;0.15;31.70;189.90;10.000;60.40;0.06;31.81;492.79;26.000;156.09;0.15;31.67;626.67;33.000;199.32;0.17;31.81;75.96;4.000;24.16;0.02;31.81;56.97;3.000;18.12;0.02;31.81;0.00;0.000;0.00;0.00;0.00;0.00;0.000;0.00;0.00;0.00;56.97;3.000;18.12;0.02;31.81;75.96;4.000;24.16;0.03;31.81;151.92;8.000;48.32;0.05;31.81;18.99;1.000;6.04;0.01;31.81;1391.44;66.000;435.74;0.41;31.32;2685.59;111.000;687.59;0.62;25.60;1280.49;51.000;362.49;0.31;28.31;1064.29;41.000;326.29;0.28;30.66;285.89;11.000;87.89;0.08;30.74;0.00;0.000;0.00;0.00;0.00;0.00;0.000;0.00;0.00;0.00;0.00;0.000;0.00;0.00;0.00;0.00;0.000;0.00;0.00;0.00;0.00;0.000;0.00;0.00;0.00;0.00;0.000;0.00;0.00;0.00;597.77;23.000;183.77;0.18;30.74;233.91;9.000;71.91;0.07;30.74;259.90;10.000;79.90;0.07;30.74;0.00;0.000;0.00;0.00;0.00;415.84;16.000;127.84;0.10;30.74;545.79;21.000;167.79;0.12;30.74;285.89;11.000;87.89;0.07;30.74;0.00;0.000;0.00;0.00;0.00;0.00;0.000;0.00;0.00;0.00;25.99;1.000;7.99;0.01;30.74;337.87;13.000;103.87;0.10;30.74;25.99;1.000;7.99;0.01;30.74;128.65;5.000;38.65;0.03;30.04;1652.02;73.000;478.02;0.38;28.94;6588.39;318.000;1470.39;1.18;22.32;253.64;11.000;77.64;0.06;30.61;399.84;16.000;143.84;0.10;35.97;49.98;2.000;17.98;0.01;35.97;0.00;0.000;0.00;0.00;0.00;0.00;0.000;0.00;0.00;0.00
32323;SMOUS UIE;4;592207.78;49 776.000;204784.71;3.83;34.58;9184.00;920.000;4274.60;4.92;46.54;10371.00;1 038.000;3520.60;3.96;33.95;8725.50;874.000;2953.30;3.45;33.85;9543.50;956.000;3427.60;4.45;35.92;9210.00;922.000;2473.00;2.97;26.85;9033.00;905.000;2080.78;2.45;23.04;10523.50;1 054.000;2913.62;3.25;27.69;14161.50;1 419.000;3903.66;3.96;27.57;13081.50;1 312.000;3586.00;3.36;27.41;12828.00;1 285.000;3984.80;3.34;31.06;13982.50;1 400.000;5222.00;4.62;37.35;12175.50;1 219.000;4983.40;5.05;40.93;14634.00;1 466.000;4943.60;5.04;33.78;16524.00;1 656.000;5511.60;5.19;33.36;14244.50;1 427.000;4754.95;4.75;33.38;18391.30;1 611.000;5420.30;5.86;29.47;20147.50;1 808.000;6453.25;7.05;32.03;16948.50;1 698.000;6760.50;6.61;39.89;16004.00;1 604.000;6229.25;5.83;38.92;15513.00;1 554.000;5552.84;4.99;35.79;11831.00;1 186.000;3695.04;3.19;31.23;10641.50;1 066.000;3328.74;2.88;31.28;11057.00;1 109.000;3449.26;3.11;31.20;9856.50;991.000;3058.24;3.00;31.03;13213.75;1 222.000;5043.49;4.80;38.17;15550.75;1 040.000;4813.07;5.09;30.95;16744.50;1 119.000;4901.52;4.95;29.27;14553.00;973.000;4152.66;4.61;28.53;13980.50;935.000;4050.80;4.32;28.97;13647.00;912.000;3961.56;3.82;29.03;9649.75;645.000;2799.85;2.74;29.01;9137.50;611.000;2715.10;2.28;29.71;7887.25;527.000;3144.25;2.62;39.86;6482.25;432.000;2594.25;2.00;40.02;8017.50;536.000;3193.50;2.34;39.83;7942.49;532.000;3154.49;2.53;39.72;9806.25;655.000;3911.25;2.84;39.89;10518.00;704.000;4182.00;3.52;39.76;14980.50;1 001.000;5971.50;4.79;39.86;15711.00;1 050.000;6261.00;5.99;39.85;13928.24;930.000;5558.24;4.91;39.91;14878.50;995.000;5923.50;4.74;39.81;12938.25;865.000;5153.25;4.15;39.83;10101.00;676.000;4017.00;3.21;39.77;8424.75;563.000;3357.75;2.46;39.86;7110.00;475.000;2835.00;1.91;39.87;9965.25;666.000;3971.25;2.79;39.85;7690.50;514.000;3064.50;2.69;39.85;10737.00;718.000;3573.00;2.84;33.28
32337;POT SMALL P/KG;4;11865.64;1 007.059;3930.42;0.07;33.12;180.75;26.666;62.55;0.07;34.60;172.62;22.751;54.72;0.06;31.70;132.32;14.442;40.40;0.05;30.53;256.96;25.772;79.13;0.10;30.80;234.26;23.501;72.10;0.09;30.78;179.78;21.158;60.96;0.07;33.91;198.64;22.215;67.57;0.08;34.02;108.53;13.046;38.41;0.04;35.39;166.39;23.733;49.75;0.05;29.90;168.72;18.826;52.72;0.04;31.25;339.14;34.156;102.14;0.09;30.12;495.60;50.006;150.56;0.15;30.38;202.83;20.559;60.97;0.06;30.06;153.45;15.554;46.13;0.04;30.06;280.98;28.466;84.56;0.08;30.10;108.98;10.648;34.09;0.04;31.28;455.02;41.623;146.80;0.16;32.26;215.03;21.725;69.47;0.07;32.31;333.61;29.721;105.44;0.10;31.60;510.97;30.989;154.81;0.14;30.30;379.90;21.302;113.63;0.10;29.91;499.26;27.950;149.89;0.13;30.02;332.68;18.650;99.56;0.09;29.93;361.88;20.148;110.03;0.11;30.41;314.68;24.497;98.23;0.09;31.22;251.97;21.156;80.86;0.09;32.09;309.84;25.137;104.20;0.11;33.63;306.21;25.636;111.38;0.12;36.37;297.82;25.003;107.80;0.11;36.20;283.48;23.807;102.55;0.10;36.17;257.26;20.603;91.19;0.09;35.45;350.19;20.878;122.17;0.10;34.89;245.32;20.056;91.50;0.08;37.30;323.31;25.062;117.80;0.09;36.44;280.35;21.850;101.18;0.07;36.09;211.69;16.340;77.70;0.06;36.71;232.41;18.082;84.14;0.06;36.20;184.76;14.311;67.41;0.06;36.49;302.52;23.398;110.66;0.09;36.58;245.64;19.035;89.55;0.09;36.46;155.62;12.012;57.12;0.05;36.71;98.11;7.607;35.73;0.03;36.42;168.16;13.032;61.30;0.05;36.45;77.11;5.964;28.21;0.02;36.58;111.33;8.761;39.49;0.03;35.47;98.07;7.596;35.78;0.02;36.49;82.39;6.380;30.07;0.02;36.50;127.65;9.827;47.07;0.04;36.87;81.45;7.422;30.96;0.02;38.01
32339;POT  MEDIUM LOOSE;4;95923.90;5 377.825;30592.16;0.57;31.89;911.83;79.676;311.65;0.36;34.18;1576.51;117.408;472.10;0.53;29.95;1600.38;116.553;510.94;0.60;31.93;1246.25;93.030;418.31;0.54;33.57;1250.67;96.886;369.42;0.44;29.54;1325.57;102.629;388.08;0.46;29.28;1289.55;99.566;435.37;0.49;33.76;1489.80;119.589;498.71;0.51;33.48;1174.57;97.398;374.25;0.35;31.86;1723.37;112.800;519.07;0.43;30.12;1767.00;102.270;536.15;0.47;30.34;1985.15;108.817;621.33;0.63;31.30;2348.49;121.945;704.67;0.72;30.01;1774.01;103.098;558.19;0.53;31.46;1984.19;114.156;623.52;0.62;31.42;2259.27;116.081;688.38;0.74;30.47;1299.68;68.363;409.67;0.45;31.52;1603.69;79.970;502.56;0.49;31.34;1938.72;87.488;609.27;0.57;31.43;2392.63;98.619;730.40;0.66;30.53;1754.44;86.199;532.75;0.46;30.37;1676.26;85.406;504.03;0.44;30.07;2708.04;130.809;830.08;0.75;30.65;1303.89;65.925;401.56;0.39;30.80;1907.20;97.357;590.52;0.56;30.96;1933.27;102.160;590.21;0.62;30.53;1490.90;80.057;459.10;0.46;30.79;1466.03;84.554;447.07;0.50;30.50;1976.07;112.085;609.12;0.65;30.82;1675.96;87.662;506.06;0.49;30.19;2955.94;136.392;913.05;0.89;30.89;2517.37;112.396;762.61;0.64;30.29;1863.31;94.905;573.13;0.48;30.76;2072.38;103.147;630.20;0.49;30.41;2685.90;127.515;803.79;0.59;29.93;2576.06;130.398;768.21;0.62;29.82;2412.58;122.354;756.44;0.55;31.35;2710.22;144.302;853.20;0.72;31.48;3037.67;142.185;909.05;0.73;29.93;2233.06;117.409;678.72;0.65;30.39;3623.13;174.360;1330.59;1.18;36.72;1957.27;114.671;702.94;0.56;35.91;1549.60;103.851;564.49;0.45;36.43;2408.11;157.327;856.89;0.68;35.58;2047.85;135.194;711.24;0.52;34.73;2110.55;125.575;764.65;0.52;36.23;2546.47;136.998;913.29;0.64;35.87;1958.72;120.059;690.75;0.61;35.27;1824.32;110.231;656.39;0.52;35.98
32342;PUMPKIN CROWN;4;76496.63;7 719.620;26679.11;0.50;34.88;0.00;0.000;0.00;0.00;0.00;1687.36;218.192;531.98;0.60;31.53;828.71;103.717;310.13;0.36;37.42;968.32;119.397;285.67;0.37;29.50;1089.16;121.279;361.49;0.43;33.19;2325.79;258.982;771.90;0.91;33.19;1893.87;194.793;581.28;0.65;30.69;2252.42;225.863;671.38;0.68;29.81;2412.17;241.751;719.91;0.68;29.85;1567.13;172.454;508.10;0.43;32.42;1533.76;192.325;572.14;0.51;37.30;1364.38;170.933;509.72;0.52;37.36;429.31;63.503;165.82;0.17;38.62;829.63;116.880;288.03;0.27;34.72;1488.55;186.653;555.29;0.55;37.30;1422.45;178.393;530.49;0.57;37.29;2206.32;276.634;823.15;0.90;37.31;883.84;103.500;307.72;0.30;34.82;154.89;6.198;46.43;0.04;29.97;2218.41;81.234;687.28;0.62;30.98;2977.13;176.429;937.62;0.81;31.49;2202.92;275.959;823.13;0.71;37.37;1389.68;174.192;518.72;0.47;37.33;1068.78;134.251;397.53;0.39;37.19;1328.75;166.634;495.58;0.47;37.30;120.63;15.098;45.14;0.05;37.42;0.00;0.000;0.00;0.00;0.00;160.97;20.338;59.28;0.07;36.83;391.65;49.163;145.84;0.16;37.24;1557.12;201.490;608.50;0.59;39.08;2362.53;246.402;760.60;0.74;32.19;2053.80;195.804;677.34;0.57;32.98;2112.15;195.634;658.05;0.55;31.16;1412.01;130.998;476.35;0.37;33.74;948.46;119.108;352.92;0.26;37.21;1596.63;199.898;597.14;0.48;37.40;1954.18;244.855;729.91;0.53;37.35;1879.17;250.662;625.86;0.53;33.31;2127.25;266.649;794.01;0.64;37.33;2156.00;270.093;805.54;0.77;37.36;2374.72;213.668;852.78;0.75;35.91;2885.13;219.692;999.57;0.80;34.65;3562.86;210.578;1278.25;1.03;35.88;2820.63;118.031;949.26;0.76;33.65;1984.46;75.026;698.08;0.51;35.18;1900.32;154.212;724.51;0.49;38.13;1687.85;169.206;672.61;0.47;39.85;1033.12;103.653;411.20;0.36;39.80;891.26;89.216;355.96;0.28;39.94
32343;PUMPKIN DICED PP;4;9112.84;916.000;3012.28;0.06;33.06;198.30;20.000;65.10;0.07;32.83;29.97;3.000;9.99;0.01;33.33;89.91;9.000;29.97;0.03;33.33;108.39;11.000;35.13;0.05;32.41;59.94;6.000;19.98;0.02;33.33;216.78;22.000;70.26;0.08;32.41;69.93;7.000;23.31;0.03;33.33;178.82;18.000;58.94;0.06;32.96;98.90;10.000;32.30;0.03;32.66;219.78;22.000;73.26;0.06;33.33;129.37;13.000;42.79;0.04;33.08;138.86;14.000;45.62;0.05;32.85;128.87;13.000;42.29;0.04;32.82;168.83;17.000;55.61;0.05;32.94;99.90;10.000;33.30;0.03;33.33;78.92;8.000;25.64;0.03;32.49;399.60;40.000;133.20;0.15;33.33;198.30;20.000;65.10;0.06;32.83;169.33;17.000;56.11;0.05;33.14;208.79;21.000;68.93;0.06;33.01;207.79;21.000;67.93;0.06;32.69;99.40;10.000;32.80;0.03;33.00;418.58;42.000;138.86;0.13;33.17;239.76;24.000;79.92;0.08;33.33;428.07;43.000;141.69;0.13;33.10;99.40;10.000;32.80;0.03;33.00;269.73;27.000;89.91;0.09;33.33;289.71;29.000;96.57;0.11;33.33;256.24;26.000;83.08;0.09;32.42;89.91;9.000;29.97;0.03;33.33;189.81;19.000;63.27;0.06;33.33;269.23;27.000;89.41;0.08;33.21;69.93;7.000;23.31;0.02;33.33;118.88;12.000;38.96;0.03;32.77;219.78;22.000;73.26;0.05;33.33;128.87;13.000;42.29;0.03;32.82;316.68;32.000;103.56;0.08;32.70;99.90;10.000;33.30;0.03;33.33;209.79;21.000;69.93;0.06;33.33;318.68;32.000;105.56;0.10;33.12;188.31;19.000;61.77;0.05;32.80;189.81;19.000;63.27;0.05;33.33;217.28;22.000;70.76;0.06;32.57;49.95;5.000;16.65;0.01;33.33;169.33;17.000;56.11;0.04;33.14;158.34;16.000;51.78;0.03;32.70;319.68;32.000;106.56;0.07;33.33;99.90;10.000;33.30;0.03;33.33;388.61;39.000;128.87;0.10;33.16
32345;PEPPERS RED;4;64432.41;918.431;19231.19;0.36;29.85;944.81;25.346;281.79;0.32;29.83;933.86;18.014;278.81;0.31;29.86;1092.97;17.559;329.91;0.39;30.18;1010.47;17.218;305.57;0.40;30.24;1171.99;16.050;358.95;0.43;30.63;1268.54;18.424;384.19;0.45;30.29;1334.04;15.435;273.99;0.31;20.54;2025.82;20.320;314.06;0.32;15.50;2114.84;22.421;567.78;0.53;26.85;1776.24;28.541;542.06;0.45;30.52;502.84;16.625;154.82;0.14;30.79;485.46;22.141;153.35;0.16;31.59;550.80;25.159;173.42;0.18;31.48;1041.65;17.411;313.16;0.30;30.06;1482.69;18.030;449.98;0.45;30.35;1186.19;18.255;360.15;0.39;30.36;912.86;15.616;274.64;0.30;30.09;1741.46;21.248;519.70;0.51;29.84;1784.59;22.323;543.70;0.51;30.47;3281.46;33.257;985.14;0.89;30.02;1797.50;17.166;660.28;0.57;36.73;2115.53;21.785;639.52;0.55;30.23;897.68;15.997;76.40;0.07;8.51;1208.42;21.650;366.34;0.36;30.32;932.89;27.512;282.21;0.27;30.25;1068.86;16.427;326.55;0.35;30.55;1169.74;19.129;352.14;0.36;30.10;913.17;16.254;275.94;0.31;30.22;1154.07;20.190;351.93;0.37;30.49;2080.50;22.879;628.55;0.61;30.21;1460.28;16.734;409.57;0.40;28.05;1838.36;18.058;470.83;0.40;25.61;1793.08;17.642;457.05;0.38;25.49;909.64;8.162;278.82;0.21;30.65;1307.11;17.587;393.31;0.29;30.09;972.33;16.606;293.06;0.23;30.14;1128.75;19.764;358.93;0.26;31.80;1036.25;16.615;333.90;0.28;32.22;1254.78;12.886;376.11;0.30;29.97;1259.50;11.744;378.31;0.36;30.04;902.53;9.314;309.70;0.27;34.31;1021.32;11.850;357.57;0.29;35.01;1440.58;15.344;504.35;0.41;35.01;1850.41;19.310;621.19;0.50;33.57;1432.16;13.641;462.44;0.34;32.29;1853.66;26.572;651.95;0.44;35.17;1245.87;21.493;439.22;0.31;35.25;641.71;17.210;227.34;0.20;35.43;1102.15;19.517;382.53;0.30;34.71
32355;PLUMS RED;4;20417.67;909.687;6434.78;0.12;31.52;1038.29;64.931;324.05;0.37;31.21;817.11;43.885;240.20;0.27;29.40;40.30;2.372;11.84;0.01;29.37;0.00;0.000;0.00;0.00;0.00;0.00;0.000;0.00;0.00;0.00;0.00;0.000;0.00;0.00;0.00;0.00;0.000;0.00;0.00;0.00;0.00;0.000;0.00;0.00;0.00;0.00;0.000;0.00;0.00;0.00;521.05;21.796;150.52;0.13;28.89;919.13;36.074;275.93;0.24;30.02;972.37;65.116;321.21;0.33;33.03;870.53;54.174;279.03;0.28;32.05;498.95;32.815;154.79;0.15;31.02;36.31;3.028;12.09;0.01;33.29;0.00;0.000;0.00;0.00;0.00;0.00;0.000;0.00;0.00;0.00;0.00;0.000;0.00;0.00;0.00;0.00;0.000;0.00;0.00;0.00;0.00;0.000;0.00;0.00;0.00;0.00;0.000;0.00;0.00;0.00;115.83;5.038;35.22;0.03;30.41;1405.98;59.099;425.18;0.38;30.24;668.78;26.286;203.30;0.20;30.40;900.91;35.938;272.70;0.26;30.27;0.00;0.000;0.00;0.00;0.00;0.00;0.000;0.00;0.00;0.00;0.00;0.000;0.00;0.00;0.00;0.00;0.000;0.00;0.00;0.00;0.00;0.000;0.00;0.00;0.00;0.00;0.000;0.00;0.00;0.00;0.00;0.000;0.00;0.00;0.00;1620.65;39.257;491.16;0.41;30.31;789.14;18.390;237.44;0.18;30.09;158.87;3.708;47.63;0.03;29.98;1357.29;45.111;420.61;0.34;30.99;1405.25;57.120;422.43;0.31;30.06;830.86;34.940;240.00;0.20;28.89;1265.84;47.820;405.08;0.33;32.00;177.55;6.360;63.07;0.06;35.52;0.00;0.000;0.00;0.00;0.00;0.00;0.000;0.00;0.00;0.00;0.00;0.000;0.00;0.00;0.00;0.00;0.000;0.00;0.00;0.00;0.00;0.000;0.00;0.00;0.00;0.00;0.000;0.00;0.00;0.00;765.06;59.951;282.42;0.20;36.91;1522.60;71.020;531.73;0.47;34.92;1719.02;75.458;587.15;0.47;34.16
32359;PARSLEY;4;15409.40;1 185.000;4842.40;0.09;31.42;346.65;35.000;104.65;0.12;30.19;369.13;37.000;110.13;0.12;29.84;179.82;18.000;53.82;0.06;29.93;179.32;18.000;53.32;0.07;29.73;137.88;12.000;37.88;0.05;27.47;220.18;17.000;67.18;0.08;30.51;466.99;36.000;142.99;0.16;30.62;233.17;18.000;71.17;0.07;30.52;194.20;15.000;59.20;0.06;30.48;518.95;40.000;158.95;0.13;30.63;388.40;30.000;118.40;0.10;30.48;337.09;26.000;103.09;0.10;30.58;505.96;39.000;154.96;0.16;30.63;428.02;33.000;131.02;0.12;30.61;491.67;38.000;149.67;0.15;30.44;324.75;25.000;99.75;0.11;30.72;298.77;23.000;91.77;0.10;30.72;194.85;15.000;59.85;0.06;30.72;285.13;22.000;87.13;0.08;30.56;428.67;33.000;131.67;0.12;30.72;491.67;38.000;149.67;0.13;30.44;181.86;14.000;55.86;0.05;30.72;233.82;18.000;71.82;0.06;30.72;311.76;24.000;95.76;0.09;30.72;298.12;23.000;91.12;0.09;30.56;337.74;26.000;103.74;0.11;30.72;168.87;13.000;51.87;0.05;30.72;245.51;19.000;74.51;0.08;30.35;167.57;13.000;50.57;0.05;30.18;155.88;12.000;47.88;0.05;30.72;258.50;20.000;78.50;0.08;30.37;298.12;23.000;91.12;0.08;30.56;376.06;29.000;115.06;0.10;30.60;271.49;21.000;82.49;0.06;30.38;337.74;26.000;103.74;0.08;30.72;337.09;26.000;103.09;0.08;30.58;557.92;43.000;170.92;0.12;30.64;311.11;24.000;95.11;0.08;30.57;271.49;21.000;82.49;0.07;30.38;376.06;29.000;115.06;0.11;30.60;162.88;12.000;54.88;0.05;33.69;193.76;14.000;67.76;0.05;34.97;473.56;34.000;167.56;0.13;35.38;473.56;34.000;167.56;0.13;35.38;419.00;30.000;149.00;0.11;35.56;265.11;19.000;94.11;0.06;35.50;97.93;7.000;34.93;0.02;35.67;539.76;29.000;191.76;0.17;35.53;265.86;14.000;97.86;0.08;36.81
32366;PEACH YELLOW CLING;4;39468.87;1 592.861;12535.85;0.23;31.76;1351.32;76.492;406.53;0.47;30.08;87.12;5.128;25.58;0.03;29.37;2.72;0.160;0.80;0.00;29.41;0.00;0.000;0.00;0.00;0.00;0.00;0.000;0.00;0.00;0.00;0.00;0.000;0.00;0.00;0.00;0.00;0.000;0.00;0.00;0.00;0.00;0.000;0.00;0.00;0.00;28.98;1.706;8.51;0.01;29.36;1117.09;45.947;339.86;0.28;30.42;2249.77;104.405;673.36;0.60;29.93;2170.50;104.844;649.11;0.66;29.91;1426.50;67.566;426.99;0.44;29.93;0.00;0.000;0.00;0.00;0.00;0.00;0.000;0.00;0.00;0.00;0.00;0.000;0.00;0.00;0.00;0.00;0.000;0.00;0.00;0.00;0.00;0.000;0.00;0.00;0.00;0.00;0.000;0.00;0.00;0.00;0.00;0.000;0.00;0.00;0.00;0.00;0.000;0.00;0.00;0.00;1644.41;63.125;518.76;0.45;31.55;4639.46;191.328;1404.30;1.27;30.27;2321.44;101.446;698.30;0.68;30.08;1531.58;65.133;458.61;0.44;29.94;0.00;0.000;0.00;0.00;0.00;0.00;0.000;0.00;0.00;0.00;0.00;0.000;0.00;0.00;0.00;0.00;0.000;0.00;0.00;0.00;0.00;0.000;0.00;0.00;0.00;0.00;0.000;0.00;0.00;0.00;0.00;0.000;0.00;0.00;0.00;358.78;12.552;110.81;0.09;30.89;2275.35;79.089;697.60;0.54;30.66;2893.50;108.302;878.54;0.64;30.36;3104.39;135.737;932.60;0.75;30.04;205.54;9.012;61.35;0.04;29.85;21.20;0.922;6.45;0.01;30.42;0.00;0.000;0.00;0.00;0.00;0.00;0.000;0.00;0.00;0.00;0.00;0.000;0.00;0.00;0.00;0.00;0.000;0.00;0.00;0.00;0.00;0.000;0.00;0.00;0.00;0.00;0.000;0.00;0.00;0.00;954.23;29.186;336.61;0.25;35.28;2796.23;97.343;978.02;0.66;34.98;4289.96;144.818;1499.46;1.05;34.95;3163.58;104.299;1120.33;0.98;35.41;835.22;44.321;303.37;0.24;36.32
32369;PERE FORELLE;4;27023.14;985.868;8465.12;0.16;31.33;304.39;19.852;100.32;0.12;32.96;334.73;20.930;106.87;0.12;31.93;517.29;27.157;157.15;0.18;30.38;380.48;21.290;113.45;0.15;29.82;421.28;21.423;124.13;0.15;29.46;0.00;0.000;0.00;0.00;0.00;702.45;30.598;215.63;0.24;30.70;399.35;14.930;125.91;0.13;31.53;419.51;13.962;121.59;0.11;28.98;1140.51;34.397;340.74;0.29;29.88;0.00;0.000;0.00;0.00;0.00;113.45;3.468;32.99;0.03;29.08;570.46;26.091;170.29;0.17;29.85;527.32;22.917;155.53;0.15;29.49;441.06;24.469;127.79;0.13;28.97;369.27;21.842;107.17;0.12;29.02;0.00;0.000;0.00;0.00;0.00;256.05;9.228;76.93;0.08;30.04;479.36;16.158;142.05;0.13;29.63;31.07;1.036;9.44;0.01;30.39;611.53;11.834;127.05;0.11;20.78;0.00;0.000;0.00;0.00;0.00;0.00;0.000;0.00;0.00;0.00;122.49;4.502;34.22;0.03;27.94;977.59;35.921;304.78;0.29;31.18;484.31;16.737;145.17;0.15;29.98;845.67;28.751;267.14;0.27;31.59;1159.22;40.937;336.67;0.37;29.04;784.72;29.052;237.09;0.25;30.21;1157.66;35.896;356.56;0.34;30.80;1096.25;32.941;332.22;0.32;30.30;1169.43;34.851;348.41;0.29;29.79;1268.92;33.994;384.55;0.32;30.31;546.29;14.032;168.99;0.13;30.93;94.83;3.858;28.05;0.02;29.58;312.58;14.320;97.42;0.08;31.17;299.29;13.632;88.37;0.06;29.52;556.32;23.368;173.81;0.15;31.24;746.16;31.140;235.15;0.19;31.52;1184.13;50.475;355.84;0.34;30.05;1028.14;40.601;382.81;0.34;37.23;428.83;15.923;156.31;0.12;36.45;1119.88;37.027;392.27;0.32;35.03;1593.99;47.144;558.29;0.45;35.02;1275.15;35.298;454.09;0.33;35.61;234.57;6.016;84.67;0.06;36.10;47.49;1.218;17.14;0.01;36.10;109.76;2.864;38.40;0.03;34.98;359.91;13.788;131.69;0.10;36.59
32370;PERE PACKHAM;4;31940.20;1 382.052;10205.58;0.19;31.95;705.37;32.744;222.36;0.26;31.52;793.07;47.368;248.05;0.28;31.28;530.52;33.408;161.91;0.19;30.52;362.14;30.443;118.60;0.15;32.75;218.31;18.249;72.32;0.09;33.13;280.29;14.742;88.53;0.10;31.58;754.68;37.537;231.76;0.26;30.71;693.54;31.288;210.68;0.21;30.38;908.02;40.007;281.80;0.26;31.03;775.24;34.557;242.92;0.20;31.33;562.17;25.414;172.46;0.15;30.68;513.60;23.428;157.49;0.16;30.66;466.41;21.288;146.58;0.15;31.43;536.44;33.114;172.33;0.16;32.12;688.02;34.539;208.20;0.21;30.26;552.76;26.283;165.51;0.18;29.94;440.05;20.180;137.19;0.15;31.18;568.37;21.150;171.62;0.17;30.19;427.31;15.704;130.45;0.12;30.53;870.60;31.386;269.81;0.24;30.99;989.76;31.597;297.52;0.26;30.06;834.07;23.983;251.75;0.22;30.18;458.75;12.100;140.64;0.13;30.66;514.73;22.154;155.72;0.15;30.25;606.06;27.451;182.26;0.17;30.07;505.16;24.152;159.94;0.17;31.66;562.73;26.903;169.82;0.17;30.18;385.62;16.840;116.98;0.13;30.33;529.14;24.429;166.68;0.18;31.50;304.88;14.544;91.57;0.09;30.03;350.98;16.858;102.89;0.10;29.32;528.06;23.946;158.96;0.13;30.10;412.98;16.975;121.86;0.10;29.51;812.79;25.920;243.31;0.19;29.93;940.13;31.518;291.86;0.21;31.04;412.93;21.713;128.90;0.10;31.22;535.74;27.130;176.90;0.13;33.02;779.60;36.766;234.80;0.20;30.12;862.44;41.520;249.19;0.20;28.89;609.58;29.524;173.51;0.17;28.46;712.18;31.342;255.77;0.23;35.91;638.18;27.839;230.04;0.18;36.05;880.15;33.792;317.01;0.26;36.02;954.23;34.399;332.92;0.27;34.89;1312.71;45.754;458.21;0.34;34.91;1259.26;41.371;449.54;0.30;35.70;702.24;25.542;251.82;0.18;35.86;837.49;31.994;298.97;0.26;35.70;1060.72;41.167;385.68;0.31;36.36
32373;PEPPER GREEN;4;103773.05;2 231.462;32395.35;0.61;31.22;1076.26;54.943;394.03;0.45;36.61;1076.93;42.579;323.60;0.36;30.05;1056.03;37.620;326.15;0.38;30.88;1347.74;40.814;360.24;0.47;26.73;2064.22;45.859;631.05;0.76;30.57;1868.11;39.499;567.06;0.67;30.35;2727.91;39.435;858.58;0.96;31.47;3667.20;64.384;1178.94;1.20;32.15;2965.50;50.584;900.69;0.84;30.37;1728.15;78.706;547.56;0.46;31.68;1357.84;61.830;430.39;0.38;31.70;968.03;44.064;307.07;0.31;31.72;1158.17;52.720;367.37;0.37;31.72;995.23;45.352;314.95;0.30;31.65;708.24;32.273;224.15;0.22;31.65;993.37;35.987;312.36;0.34;31.44;2472.44;44.968;760.05;0.83;30.74;2867.02;37.763;861.58;0.84;30.05;3635.26;49.947;1100.66;1.03;30.28;3595.90;49.247;1087.49;0.98;30.24;3679.14;50.435;1127.24;0.97;30.64;4101.41;76.419;1248.63;1.08;30.44;1179.64;32.032;168.78;0.15;14.31;1494.53;38.393;445.22;0.44;29.79;1428.53;36.669;187.55;0.18;13.13;1408.87;36.200;431.47;0.46;30.63;976.56;29.106;300.56;0.30;30.78;1318.16;40.860;399.80;0.44;30.33;2702.99;54.128;818.03;0.87;30.26;2941.51;56.895;883.19;0.85;30.03;2668.61;31.948;807.26;0.79;30.25;3005.98;45.685;939.22;0.79;31.24;2177.65;39.592;654.74;0.55;30.07;2505.23;55.394;760.05;0.59;30.34;2115.17;49.668;644.85;0.47;30.49;1928.74;46.084;580.08;0.46;30.08;2448.56;53.524;752.65;0.55;30.74;2008.76;35.359;597.58;0.50;29.75;1732.55;34.625;485.20;0.39;28.01;1649.27;34.563;498.22;0.48;30.21;2849.30;49.075;1003.79;0.89;35.23;3082.99;50.267;1085.26;0.87;35.20;3508.49;49.509;1245.20;1.00;35.49;3451.67;48.639;1229.28;0.98;35.61;2587.63;37.295;951.55;0.70;36.77;2391.37;57.852;846.00;0.57;35.38;1445.69;43.335;514.12;0.36;35.56;1225.96;34.454;425.82;0.37;34.73;1428.54;34.883;510.08;0.41;35.71
32375;ONIONS RED;4;75931.74;1 684.242;23905.13;0.45;31.48;734.27;34.912;243.65;0.28;33.18;943.34;41.906;295.69;0.33;31.34;846.94;34.752;263.90;0.31;31.16;637.60;23.894;198.65;0.26;31.16;769.16;30.785;239.66;0.29;31.16;650.41;22.766;196.70;0.23;30.24;1160.89;33.139;352.20;0.39;30.34;1647.40;43.615;501.14;0.51;30.42;1586.76;36.745;481.60;0.45;30.35;2255.59;58.102;694.09;0.58;30.77;1657.84;30.905;507.94;0.45;30.64;1209.02;31.631;368.59;0.37;30.49;1071.87;25.118;316.79;0.32;29.56;1432.97;30.721;441.75;0.42;30.83;1275.46;24.124;394.68;0.39;30.94;955.86;18.967;289.01;0.31;30.24;1305.09;32.130;393.89;0.43;30.18;1667.34;41.556;508.92;0.50;30.52;1550.82;38.171;471.77;0.44;30.42;2249.60;41.472;676.69;0.61;30.08;2521.75;40.907;761.00;0.66;30.18;2369.87;41.593;713.30;0.62;30.10;1337.08;32.813;412.79;0.37;30.87;1200.99;29.957;361.77;0.35;30.12;823.57;18.089;270.42;0.26;32.84;1149.68;21.888;347.52;0.37;30.23;1717.24;36.478;508.51;0.51;29.61;1515.90;31.298;455.05;0.51;30.02;1449.20;27.686;441.44;0.47;30.46;2028.08;35.080;607.44;0.59;29.95;1833.55;34.390;547.54;0.54;29.86;2127.84;40.051;643.86;0.54;30.26;1842.60;36.712;556.17;0.46;30.18;3170.26;58.527;952.66;0.73;30.05;1617.70;39.716;490.11;0.36;30.30;1508.60;43.592;455.37;0.36;30.19;1680.86;44.085;511.01;0.37;30.40;1152.54;31.253;357.94;0.30;31.06;1269.78;32.976;390.53;0.31;30.76;1069.16;23.615;321.43;0.31;30.06;1750.19;31.919;611.65;0.54;34.95;1630.37;25.768;569.80;0.46;34.95;1424.06;23.484;497.90;0.40;34.96;1390.47;24.686;490.98;0.39;35.31;2458.37;43.342;868.00;0.64;35.31;2744.80;49.826;965.97;0.65;35.19;2243.36;44.277;791.49;0.56;35.28;1511.45;30.155;533.20;0.47;35.28;1784.19;34.668;632.98;0.50;35.48
32377;ORANGES;4;16153.23;880.632;5189.50;0.10;32.13;1060.75;32.062;264.55;0.30;24.94;728.42;35.951;218.14;0.25;29.95;365.08;20.739;119.35;0.14;32.69;218.08;14.102;71.87;0.09;32.96;255.50;21.366;86.82;0.10;33.98;142.62;11.933;48.41;0.06;33.95;252.30;18.034;84.58;0.09;33.53;230.63;33.204;76.51;0.08;33.17;446.56;33.246;144.84;0.14;32.43;400.17;19.192;123.71;0.10;30.92;412.43;16.134;128.33;0.11;31.11;449.20;17.296;140.29;0.14;31.23;104.44;4.018;32.68;0.03;31.29;18.14;0.698;5.67;0.01;31.28;266.01;16.897;81.10;0.08;30.49;668.46;51.568;223.94;0.24;33.50;396.91;30.625;132.92;0.15;33.49;178.99;13.904;59.14;0.06;33.04;299.43;13.932;88.24;0.08;29.47;415.86;18.124;123.46;0.11;29.69;29.24;1.272;8.72;0.01;29.82;0.00;0.000;0.00;0.00;0.00;0.00;0.000;0.00;0.00;0.00;0.00;0.000;0.00;0.00;0.00;0.00;0.000;0.00;0.00;0.00;309.75;13.734;101.52;0.11;32.77;448.55;20.157;138.95;0.14;30.98;312.28;16.313;100.63;0.11;32.23;243.98;13.604;75.56;0.08;30.97;257.08;12.204;78.07;0.08;30.37;279.31;10.790;86.19;0.08;30.86;113.84;4.380;35.45;0.03;31.14;0.00;0.000;0.00;0.00;0.00;0.00;0.000;0.00;0.00;0.00;0.00;0.000;0.00;0.00;0.00;0.00;0.000;0.00;0.00;0.00;1047.51;28.005;321.29;0.23;30.67;684.30;27.933;210.89;0.18;30.82;689.82;32.929;217.32;0.17;31.50;672.80;34.711;201.86;0.19;30.00;619.62;34.902;206.92;0.18;33.40;776.26;72.920;296.45;0.24;38.19;210.24;19.413;82.29;0.07;39.14;389.23;30.280;146.99;0.12;37.76;119.20;9.265;45.08;0.03;37.82;300.75;14.146;104.80;0.07;34.85;622.67;27.670;215.65;0.15;34.63;716.82;32.979;260.28;0.23;36.31;0.00;0.000;0.00;0.00;0.00
32379;MUSHROOM WHITE 250G;4;70665.45;3 553.000;21120.88;0.40;29.89;498.75;25.000;155.75;0.18;31.23;1077.46;54.000;336.58;0.38;31.24;2995.80;153.000;863.06;1.01;28.81;521.60;25.000;172.85;0.22;33.14;1676.53;89.000;434.98;0.52;25.95;978.51;49.000;294.96;0.35;30.14;1304.68;70.000;328.18;0.37;25.15;719.64;36.000;217.44;0.22;30.22;854.57;43.000;254.72;0.24;29.81;496.75;25.000;148.00;0.12;29.79;759.62;38.000;229.52;0.20;30.22;2971.51;149.000;892.96;0.91;30.05;1715.14;86.000;515.44;0.53;30.05;2651.67;133.000;796.32;0.75;30.03;1591.20;80.000;475.20;0.47;29.86;378.81;19.000;113.76;0.12;30.03;358.82;18.000;107.72;0.12;30.02;1834.08;92.000;550.68;0.54;30.02;1358.32;68.000;409.72;0.38;30.16;2352.82;118.000;706.72;0.64;30.04;1956.02;98.000;588.92;0.51;30.11;3696.15;185.000;1115.40;0.96;30.18;2315.84;116.000;697.64;0.63;30.12;1616.19;81.000;486.24;0.48;30.09;2516.74;126.000;759.04;0.72;30.16;1358.32;68.000;409.72;0.43;30.16;1059.47;53.000;320.12;0.32;30.22;2591.70;130.000;778.20;0.86;30.03;2758.62;138.000;833.52;0.89;30.22;2395.80;120.000;721.80;0.70;30.13;3015.49;151.000;909.04;0.89;30.15;3334.33;167.000;1004.68;0.85;30.13;1536.23;77.000;462.08;0.39;30.08;1436.28;72.000;431.88;0.33;30.07;516.74;26.000;154.04;0.11;29.81;1637.18;82.000;493.28;0.40;30.13;338.83;17.000;101.68;0.07;30.01;1569.21;79.000;467.16;0.39;29.77;919.54;46.000;277.84;0.22;30.22;618.69;31.000;186.24;0.18;30.10;736.63;37.000;220.48;0.19;29.93;755.62;38.000;225.52;0.18;29.85;259.87;13.000;78.52;0.06;30.22;478.76;24.000;143.96;0.12;30.07;459.77;23.000;138.92;0.10;30.22;119.94;6.000;36.24;0.02;30.22;536.73;27.000;160.08;0.11;29.83;819.59;41.000;247.64;0.22;30.22;2214.89;111.000;666.44;0.53;30.09
32382;NAARTJIES;4;18577.60;1 869.708;6177.86;0.12;33.25;0.00;0.000;0.00;0.00;0.00;507.97;54.888;179.09;0.20;35.26;478.42;60.130;177.77;0.21;37.16;696.92;104.255;285.34;0.37;40.94;1009.01;178.127;375.26;0.45;37.19;738.38;148.706;292.26;0.34;39.58;530.41;106.334;204.85;0.23;38.62;215.00;35.949;71.20;0.07;33.12;12.06;2.014;4.00;0.00;33.20;507.40;15.055;154.24;0.13;30.40;291.80;4.292;61.19;0.05;20.97;232.94;3.426;48.86;0.05;20.98;121.29;7.516;34.41;0.04;28.37;987.09;86.865;315.17;0.30;31.93;655.81;77.535;226.80;0.23;34.58;317.04;43.027;101.91;0.11;32.14;576.26;77.271;189.91;0.21;32.95;794.59;114.328;222.95;0.22;28.06;646.87;93.882;201.91;0.19;31.21;347.75;42.060;109.31;0.10;31.43;14.51;1.613;4.83;0.00;33.30;0.00;0.000;0.00;0.00;0.00;0.00;0.000;0.00;0.00;0.00;9.08;1.010;3.02;0.00;33.26;10.55;1.174;3.51;0.00;33.23;667.12;33.610;174.65;0.18;26.18;158.62;7.954;47.26;0.05;29.80;383.04;19.344;112.22;0.12;29.30;353.99;21.892;111.52;0.12;31.50;368.38;30.417;120.49;0.12;32.71;597.48;43.984;194.48;0.19;32.55;116.41;7.766;38.75;0.03;33.29;0.00;0.000;0.00;0.00;0.00;7.38;0.492;2.46;0.00;33.33;0.00;0.000;0.00;0.00;0.00;0.00;0.000;0.00;0.00;0.00;0.00;0.000;0.00;0.00;0.00;102.93;6.924;33.69;0.03;32.73;774.42;51.892;255.50;0.21;32.99;416.02;28.105;134.97;0.13;32.44;253.06;17.727;85.44;0.08;33.76;1482.19;113.956;508.47;0.41;34.31;1827.66;142.009;620.58;0.50;33.96;606.02;47.069;205.93;0.16;33.98;522.48;24.398;179.92;0.13;34.44;172.51;7.572;58.93;0.04;34.16;0.00;0.000;0.00;0.00;0.00;0.00;0.000;0.00;0.00;0.00;66.74;5.140;24.78;0.02;37.13
32383;NECTARINES;4;56959.92;1 832.691;18238.06;0.34;32.02;290.92;12.654;94.78;0.11;32.58;0.00;0.000;0.00;0.00;0.00;0.00;0.000;0.00;0.00;0.00;0.00;0.000;0.00;0.00;0.00;0.00;0.000;0.00;0.00;0.00;0.00;0.000;0.00;0.00;0.00;0.00;0.000;0.00;0.00;0.00;1950.77;72.138;599.16;0.61;30.71;2497.28;108.045;749.76;0.70;30.02;2846.35;114.012;908.15;0.76;31.91;2623.84;101.396;827.46;0.73;31.54;1168.53;47.188;347.89;0.35;29.77;1153.54;34.820;340.92;0.35;29.55;31.12;0.728;8.07;0.01;25.92;0.00;0.000;0.00;0.00;0.00;0.00;0.000;0.00;0.00;0.00;0.00;0.000;0.00;0.00;0.00;0.00;0.000;0.00;0.00;0.00;0.00;0.000;0.00;0.00;0.00;1570.40;45.208;479.17;0.43;30.51;2216.48;68.309;677.29;0.59;30.56;2846.82;64.604;850.72;0.74;29.88;2770.92;89.163;845.68;0.76;30.52;1521.94;65.133;458.20;0.45;30.11;1371.61;54.025;415.94;0.40;30.32;13.63;0.470;4.23;0.00;31.03;1.97;0.068;0.61;0.00;30.96;0.00;0.000;0.00;0.00;0.00;0.00;0.000;0.00;0.00;0.00;40.41;1.394;12.53;0.01;31.01;0.00;0.000;0.00;0.00;0.00;1567.20;36.524;471.48;0.40;30.08;2645.38;68.981;807.50;0.67;30.52;2120.68;65.904;655.77;0.51;30.92;2661.93;87.290;818.91;0.60;30.76;2313.23;74.741;709.10;0.57;30.65;2357.06;74.084;727.21;0.53;30.85;36.15;1.130;11.29;0.01;31.23;0.00;0.000;0.00;0.00;0.00;6.53;0.204;2.04;0.00;31.27;0.00;0.000;0.00;0.00;0.00;0.00;0.000;0.00;0.00;0.00;0.00;0.000;0.00;0.00;0.00;3316.21;61.572;1161.19;0.93;35.02;4252.00;124.421;1500.73;1.10;35.29;4626.20;165.353;1611.01;1.09;34.82;2038.19;74.966;710.39;0.50;34.85;3361.29;96.266;1171.35;1.03;34.85;741.34;21.900;259.54;0.21;35.01
32390;H2O WATER 10L REFILL;4;86176.80;5 398.000;7405.58;0.14;9.55;1178.40;74.000;216.40;0.25;18.36;765.60;48.000;141.60;0.16;18.50;956.00;60.000;176.00;0.21;18.41;572.80;36.000;104.80;0.14;18.30;528.00;33.000;99.00;0.12;18.75;639.20;40.000;119.20;0.14;18.65;699.20;44.000;127.20;0.14;18.19;895.20;56.000;167.20;0.17;18.68;896.00;56.000;168.00;0.16;18.75;1550.40;97.000;289.40;0.24;18.67;1935.20;121.000;362.20;0.32;18.72;1743.20;109.000;326.20;0.33;18.71;1184.00;74.000;222.00;0.23;18.75;1232.00;77.000;231.00;0.22;18.75;1341.60;84.000;249.60;0.25;18.60;1180.80;74.000;218.80;0.24;18.53;1163.20;73.000;214.20;0.23;18.41;1532.00;96.000;284.00;0.28;18.54;1376.00;86.000;114.00;0.11;9.25;1584.00;99.000;90.39;0.08;6.56;2253.60;141.000;126.65;0.11;6.46;2559.20;160.000;145.39;0.13;6.53;2334.40;146.000;131.91;0.12;6.50;2618.40;164.000;144.87;0.14;6.36;2158.40;135.000;121.87;0.12;6.49;1626.40;102.000;88.26;0.09;6.24;1913.60;120.000;104.00;0.11;6.25;1566.40;98.000;88.09;0.10;6.47;1530.40;96.000;82.78;0.09;6.22;1468.00;92.000;80.52;0.08;6.31;1552.00;97.000;88.57;0.09;6.56;1820.80;114.000;101.30;0.09;6.40;2527.20;158.000;143.57;0.12;6.53;3277.60;205.000;185.09;0.14;6.49;3433.60;215.000;190.74;0.14;6.39;3000.00;188.000;164.70;0.13;6.31;2676.80;168.000;143.65;0.10;6.17;1931.20;121.000;106.30;0.09;6.33;1801.60;114.000;84.61;0.07;5.40;1584.00;99.000;90.39;0.09;6.56;1423.20;89.000;80.57;0.07;6.51;1534.40;96.000;86.26;0.07;6.47;1562.40;98.000;84.61;0.07;6.23;2025.60;128.000;97.39;0.08;5.53;2580.00;162.000;137.48;0.10;6.13;2778.40;174.000;154.00;0.10;6.37;2893.60;181.000;163.17;0.11;6.49;2237.60;140.000;125.74;0.11;6.46;2555.20;160.000;141.91;0.11;6.39
32391;ONION MED LOOSE;4;65814.34;3 552.940;20952.91;0.39;31.84;746.66;65.385;244.38;0.28;32.73;1072.73;85.908;347.17;0.39;32.36;914.52;70.927;298.85;0.35;32.68;1056.54;78.672;336.44;0.44;31.84;1163.78;77.903;372.02;0.45;31.97;1514.67;93.809;462.91;0.54;30.56;1613.63;70.734;501.03;0.56;31.05;2139.04;81.723;652.58;0.66;30.51;1985.23;84.322;633.87;0.59;31.93;1852.87;83.941;646.95;0.54;34.92;2086.29;98.717;634.60;0.56;30.42;1640.65;99.073;493.45;0.50;30.08;1758.82;93.963;545.47;0.56;31.01;1836.67;79.367;559.66;0.53;30.47;2681.90;95.366;814.60;0.81;30.37;2681.78;86.597;819.18;0.89;30.55;1878.82;77.516;577.85;0.63;30.76;2013.61;92.392;624.68;0.61;31.02;1651.52;79.607;503.79;0.47;30.50;1296.13;80.777;406.98;0.37;31.40;954.29;54.118;301.37;0.26;31.58;1110.98;70.641;334.84;0.29;30.14;1141.11;80.367;356.84;0.32;31.27;1408.72;107.852;461.99;0.45;32.79;1165.73;68.861;372.80;0.35;31.98;1486.54;71.109;463.62;0.49;31.19;1307.26;66.026;402.74;0.41;30.81;1680.70;75.394;528.62;0.59;31.45;1666.15;74.278;504.83;0.54;30.30;1321.46;78.589;405.23;0.39;30.67;1177.22;75.029;371.67;0.36;31.57;982.57;59.987;302.72;0.25;30.81;1084.23;61.922;330.17;0.28;30.45;1182.87;76.031;368.24;0.28;31.13;735.21;49.425;233.87;0.17;31.81;1111.25;81.769;355.26;0.28;31.97;1245.95;85.116;448.62;0.33;36.01;1086.44;60.566;334.44;0.28;30.78;1146.35;53.793;353.32;0.28;30.82;1218.16;53.258;379.37;0.36;31.14;1258.29;56.569;446.90;0.40;35.52;1018.39;50.020;363.79;0.29;35.72;821.49;47.492;293.66;0.24;35.75;864.76;68.557;320.12;0.26;37.02;658.80;46.279;241.36;0.18;36.64;882.30;55.916;314.83;0.21;35.68;641.80;41.840;224.73;0.16;35.02;877.44;56.210;311.68;0.27;35.52;992.02;49.227;348.85;0.28;35.17
32394;MIX VEG PP;4;24073.94;1 051.000;7583.75;0.14;31.50;389.68;17.000;122.95;0.14;31.55;275.88;12.000;87.60;0.10;31.75;367.84;16.000;116.80;0.14;31.75;388.53;17.000;121.80;0.16;31.35;869.02;38.000;272.80;0.33;31.39;367.84;16.000;116.80;0.14;31.75;251.74;11.000;79.15;0.09;31.44;270.13;12.000;81.85;0.08;30.30;90.81;4.000;28.05;0.03;30.89;456.35;20.000;142.55;0.12;31.24;666.71;29.000;211.70;0.19;31.75;666.71;29.000;211.70;0.21;31.75;434.51;19.000;136.40;0.14;31.39;91.96;4.000;29.20;0.03;31.75;388.53;17.000;121.80;0.12;31.35;616.13;27.000;192.50;0.21;31.24;734.53;32.000;232.45;0.25;31.65;1146.05;50.000;361.55;0.35;31.55;1194.33;52.000;378.45;0.35;31.69;871.32;38.000;275.10;0.25;31.57;824.19;36.000;259.35;0.22;31.47;551.76;24.000;175.20;0.15;31.75;298.87;13.000;94.90;0.09;31.75;275.88;12.000;87.60;0.09;31.75;229.90;10.000;73.00;0.07;31.75;505.78;22.000;160.60;0.17;31.75;479.34;21.000;149.85;0.15;31.26;640.27;28.000;200.95;0.22;31.39;503.48;22.000;158.30;0.17;31.44;550.61;24.000;174.05;0.17;31.61;504.63;22.000;159.45;0.16;31.60;550.61;24.000;174.05;0.15;31.61;320.71;14.000;101.05;0.08;31.51;528.77;23.000;167.90;0.13;31.75;206.91;9.000;65.70;0.05;31.75;343.70;15.000;108.35;0.09;31.52;229.90;10.000;73.00;0.05;31.75;637.97;28.000;198.65;0.17;31.14;114.95;5.000;36.50;0.03;31.75;802.35;35.000;253.20;0.24;31.56;524.17;23.000;163.30;0.14;31.15;362.09;16.000;111.05;0.09;30.67;274.73;12.000;86.45;0.07;31.47;342.55;15.000;107.20;0.09;31.29;319.56;14.000;99.90;0.07;31.26;481.64;21.000;152.15;0.10;31.59;436.81;19.000;138.70;0.10;31.75;711.54;31.000;225.15;0.20;31.64;981.67;43.000;307.00;0.24;31.27
32401;MUSHROOMS WHITE;4;33382.21;1 859.000;10702.41;0.20;32.06;53.97;3.000;17.37;0.02;32.18;0.00;0.000;0.00;0.00;0.00;0.00;0.000;0.00;0.00;0.00;0.00;0.000;0.00;0.00;0.00;53.97;3.000;17.37;0.02;32.18;35.98;2.000;11.58;0.01;32.18;933.68;52.000;299.28;0.33;32.05;35.98;2.000;11.58;0.01;32.18;53.97;3.000;17.37;0.02;32.18;0.00;0.000;0.00;0.00;0.00;17.99;1.000;5.79;0.01;32.18;0.00;0.000;0.00;0.00;0.00;0.00;0.000;0.00;0.00;0.00;0.00;0.000;0.00;0.00;0.00;0.00;0.000;0.00;0.00;0.00;0.00;0.000;0.00;0.00;0.00;0.00;0.000;0.00;0.00;0.00;0.00;0.000;0.00;0.00;0.00;0.00;0.000;0.00;0.00;0.00;0.00;0.000;0.00;0.00;0.00;0.00;0.000;0.00;0.00;0.00;0.00;0.000;0.00;0.00;0.00;53.97;3.000;17.37;0.02;32.18;17.99;1.000;5.79;0.01;32.18;161.91;9.000;52.11;0.05;32.18;17.99;1.000;5.79;0.01;32.18;107.94;6.000;34.74;0.04;32.18;17.99;1.000;5.79;0.01;32.18;0.00;0.000;0.00;0.00;0.00;0.00;0.000;0.00;0.00;0.00;430.86;24.000;138.06;0.14;32.04;967.86;54.000;309.06;0.26;31.93;1938.42;108.000;620.82;0.52;32.03;1169.35;65.000;376.35;0.29;32.18;2101.23;117.000;673.83;0.49;32.07;125.93;7.000;40.53;0.03;32.18;3108.67;173.000;998.07;0.72;32.11;1400.52;78.000;448.92;0.38;32.05;2138.11;119.000;686.31;0.55;32.10;2297.32;128.000;735.72;0.70;32.03;1493.17;83.000;480.57;0.42;32.18;1501.26;84.000;476.46;0.38;31.74;2587.86;144.000;831.06;0.67;32.11;2136.31;119.000;684.51;0.55;32.04;1758.52;98.000;562.92;0.41;32.01;2205.57;123.000;704.97;0.48;31.96;1996.89;111.000;642.69;0.45;32.18;1527.35;85.000;490.35;0.43;32.10;933.68;52.000;299.28;0.24;32.05
32402;KOOL;4;94519.42;5 073.000;28620.67;0.54;30.28;4723.53;277.000;1441.53;1.66;30.52;5382.25;320.000;1542.25;1.74;28.65;4444.49;266.000;1252.49;1.46;28.18;3029.93;182.000;845.93;1.10;27.92;3158.46;179.000;882.21;1.06;27.93;2033.08;122.000;569.08;0.67;27.99;1376.83;87.000;332.83;0.37;24.17;2118.19;126.000;614.19;0.62;29.00;1660.21;109.000;484.21;0.45;29.17;2291.10;135.000;671.10;0.56;29.29;889.66;49.000;283.16;0.25;31.83;40.93;2.000;11.93;0.01;29.15;0.00;0.000;0.00;0.00;0.00;0.00;0.000;0.00;0.00;0.00;0.00;0.000;0.00;0.00;0.00;0.00;0.000;0.00;0.00;0.00;0.00;0.000;0.00;0.00;0.00;2621.36;164.000;729.36;0.71;27.82;3621.29;216.000;1029.29;0.96;28.42;3075.78;187.000;925.78;0.83;30.10;2395.51;174.000;655.51;0.57;27.36;2573.78;172.000;853.78;0.74;33.17;1735.09;116.000;575.09;0.52;33.14;374.75;25.000;124.75;0.12;33.29;0.00;0.000;0.00;0.00;0.00;0.00;0.000;0.00;0.00;0.00;0.00;0.000;0.00;0.00;0.00;0.00;0.000;0.00;0.00;0.00;2116.34;111.000;594.34;0.63;28.08;3312.37;173.000;890.37;0.86;26.88;2962.48;152.000;834.48;0.82;28.17;2421.01;124.000;663.01;0.56;27.39;1666.26;79.000;535.26;0.45;32.12;1536.00;70.000;486.00;0.37;31.64;2570.87;143.000;850.87;0.62;33.10;3434.58;162.000;1079.58;0.86;31.43;3246.82;148.000;1026.82;0.74;31.63;2276.91;109.000;641.91;0.54;28.19;2234.63;82.000;694.63;0.56;31.08;2342.44;96.000;701.44;0.67;29.94;1978.43;77.000;669.43;0.59;33.84;2958.96;114.000;1020.96;0.82;34.50;1802.36;74.000;624.36;0.50;34.64;986.27;43.000;341.27;0.27;34.60;802.35;35.000;277.35;0.20;34.57;1173.32;53.000;378.32;0.26;32.24;2242.44;106.000;787.44;0.55;35.12;2111.63;92.000;731.63;0.64;34.65;2796.73;122.000;966.73;0.77;34.57
32410;LEMONS;4;37108.82;2 491.290;12152.39;0.23;32.75;660.18;67.422;129.52;0.15;19.62;603.39;58.372;150.32;0.17;24.91;339.39;37.861;112.22;0.13;33.07;238.89;26.884;77.59;0.10;32.48;243.45;27.159;80.50;0.10;33.06;223.40;24.881;74.11;0.09;33.18;204.75;22.817;67.85;0.08;33.14;308.58;34.449;101.89;0.10;33.02;743.20;82.836;246.18;0.23;33.12;720.05;80.321;238.12;0.20;33.07;903.59;100.967;297.79;0.26;32.96;653.54;72.833;216.54;0.22;33.13;1165.31;130.052;385.00;0.39;33.04;673.33;75.130;222.55;0.21;33.05;567.85;63.470;187.03;0.19;32.94;247.96;27.585;82.45;0.09;33.25;316.01;35.252;104.50;0.11;33.07;315.14;35.287;103.42;0.10;32.82;364.08;40.701;119.87;0.11;32.93;631.28;70.290;209.54;0.19;33.19;1101.93;61.993;344.82;0.30;31.29;1841.45;60.472;566.62;0.49;30.77;1158.36;57.916;514.89;0.46;44.45;1328.44;67.029;412.84;0.40;31.08;765.70;40.523;226.64;0.22;29.60;576.10;28.904;171.44;0.18;29.76;395.61;37.020;126.21;0.13;31.90;279.78;31.135;92.97;0.10;33.23;147.96;16.457;49.22;0.05;33.26;73.02;5.184;22.10;0.02;30.27;228.00;13.451;66.59;0.07;29.21;926.85;60.819;284.07;0.24;30.65;865.28;51.765;264.04;0.22;30.52;1315.11;65.838;393.38;0.30;29.91;1778.65;87.022;534.32;0.39;30.04;912.35;45.768;271.60;0.22;29.77;1208.46;60.647;359.40;0.26;29.74;991.97;49.950;292.67;0.25;29.50;760.56;35.083;229.90;0.18;30.23;285.14;17.036;88.31;0.08;30.97;362.66;25.356;123.55;0.11;34.07;176.81;14.823;63.27;0.05;35.78;424.65;30.927;156.30;0.13;36.81;500.59;38.235;179.70;0.14;35.90;935.02;52.466;344.08;0.25;36.80;1470.73;79.225;540.81;0.36;36.77;1371.66;56.197;486.19;0.34;35.45;2349.69;87.932;834.78;0.73;35.53;2452.92;97.548;904.68;0.72;36.88
32411;LETTUCE;4;99734.44;5 432.000;26809.42;0.50;26.88;1563.33;87.000;336.63;0.39;21.53;5560.46;304.000;1258.11;1.42;22.63;999.55;55.000;204.80;0.24;20.49;2150.70;120.000;416.70;0.54;19.38;1503.96;84.000;290.16;0.35;19.29;1114.48;62.000;218.58;0.26;19.61;3146.86;194.000;942.06;1.05;29.94;685.17;43.000;214.32;0.22;31.28;4152.60;260.000;1305.60;1.22;31.44;1396.87;78.000;431.67;0.36;30.90;6170.51;269.000;1866.51;1.65;30.25;2201.84;106.000;703.15;0.71;31.93;1571.52;73.000;468.69;0.48;29.82;1779.54;86.000;473.68;0.45;26.62;1146.29;71.000;312.77;0.31;27.29;1663.91;109.000;398.42;0.43;23.94;627.33;42.000;139.71;0.15;22.27;3232.99;116.000;751.88;0.73;23.26;2129.22;128.000;554.02;0.52;26.02;4224.75;280.000;1175.24;1.06;27.82;1594.83;77.000;477.80;0.41;29.96;1886.96;94.000;352.00;0.30;18.65;6071.27;308.000;1260.69;1.14;20.76;2748.99;141.000;718.99;0.70;26.15;1988.71;99.000;627.05;0.60;31.53;1411.25;75.000;435.32;0.46;30.85;806.82;54.000;229.81;0.23;28.48;1153.62;68.000;285.26;0.32;24.73;577.66;34.000;143.48;0.15;24.84;662.61;39.000;164.58;0.16;24.84;2154.33;127.000;532.54;0.52;24.72;695.74;41.000;172.17;0.14;24.75;2679.32;158.000;661.66;0.55;24.70;917.46;54.000;227.88;0.18;24.84;2246.19;126.000;600.91;0.44;26.75;498.75;25.000;155.00;0.12;31.08;2065.24;101.000;426.49;0.31;20.65;2077.49;96.000;517.49;0.44;24.91;3282.97;143.000;959.22;0.77;29.22;1948.40;85.000;567.15;0.54;29.11;658.55;30.000;171.05;0.15;25.97;1533.81;74.000;358.81;0.29;23.39;1071.42;58.000;373.94;0.30;34.90;1746.16;144.000;529.08;0.42;30.30;2022.54;156.000;722.55;0.53;35.72;3043.03;177.000;941.03;0.63;30.92;1703.69;91.000;617.02;0.43;36.22;1908.58;122.000;468.25;0.41;24.53;1556.17;68.000;649.50;0.52;41.74
32419;SWEETCORN  4'S;4;22532.47;938.000;6192.22;0.12;27.48;24.99;1.000;8.04;0.01;32.17;0.00;0.000;0.00;0.00;0.00;648.49;26.000;207.79;0.24;32.04;889.24;41.000;225.64;0.29;25.37;356.83;17.000;84.83;0.10;23.77;0.00;0.000;0.00;0.00;0.00;821.64;36.000;247.29;0.28;30.10;707.67;33.000;179.77;0.18;25.40;160.93;7.000;48.93;0.05;30.40;596.69;31.000;187.69;0.16;31.46;206.99;11.000;63.99;0.06;30.91;113.94;6.000;35.94;0.04;31.54;189.90;10.000;59.90;0.06;31.54;131.98;7.000;40.98;0.04;31.05;980.61;39.000;239.61;0.24;24.43;26.99;1.000;7.99;0.01;29.60;80.97;3.000;23.97;0.03;29.60;26.99;1.000;7.99;0.01;29.60;80.97;3.000;23.97;0.02;29.60;2051.98;102.000;413.98;0.37;20.17;137.94;6.000;41.94;0.04;30.40;22.99;1.000;6.99;0.01;30.40;519.80;20.000;159.80;0.14;30.74;0.00;0.000;0.00;0.00;0.00;337.87;13.000;103.87;0.10;30.74;337.87;13.000;103.87;0.11;30.74;77.97;3.000;23.97;0.02;30.74;25.99;1.000;7.99;0.01;30.74;0.00;0.000;0.00;0.00;0.00;51.98;2.000;15.98;0.02;30.74;233.91;9.000;71.91;0.07;30.74;51.98;2.000;15.98;0.01;30.74;2647.45;105.000;590.55;0.49;22.31;188.93;7.000;59.43;0.05;31.46;539.80;20.000;169.80;0.12;31.46;1368.63;57.000;339.13;0.27;24.78;86.97;3.000;29.97;0.02;34.46;28.99;1.000;9.99;0.01;34.46;0.00;0.000;0.00;0.00;0.00;173.94;6.000;59.94;0.06;34.46;0.00;0.000;0.00;0.00;0.00;57.98;2.000;19.98;0.02;34.46;0.00;0.000;0.00;0.00;0.00;1869.65;75.000;482.40;0.39;25.80;4457.90;175.000;1331.30;0.98;29.86;57.98;2.000;20.98;0.01;36.18;260.91;9.000;94.41;0.07;36.18;781.28;27.000;281.78;0.25;36.07;115.96;4.000;41.96;0.03;36.18
32423;GREEN BEAN;4;73316.59;1 431.401;23061.18;0.43;31.45;702.91;18.416;178.36;0.21;25.37;614.87;14.496;186.16;0.21;30.28;536.31;11.620;162.29;0.19;30.26;933.56;22.010;280.56;0.36;30.05;1312.33;30.923;403.24;0.48;30.73;1304.85;29.489;401.15;0.47;30.74;1076.47;21.906;326.66;0.36;30.35;1032.28;19.456;314.95;0.32;30.51;971.31;20.170;296.14;0.28;30.49;1340.57;36.300;415.64;0.35;31.00;1104.96;34.471;342.48;0.30;30.99;1138.99;28.879;341.63;0.35;29.99;1101.70;34.653;338.32;0.34;30.71;1053.30;23.402;320.11;0.30;30.39;1285.47;32.173;389.25;0.39;30.28;1604.18;37.251;485.46;0.53;30.26;1898.02;36.188;571.33;0.62;30.10;1856.98;24.028;555.02;0.54;29.89;862.52;16.974;254.64;0.24;29.52;1322.54;21.473;394.27;0.35;29.81;1789.10;32.648;546.45;0.47;30.54;1793.69;39.521;550.86;0.48;30.71;843.11;20.791;249.63;0.23;29.61;1376.67;32.594;424.35;0.42;30.82;1992.88;34.568;590.69;0.56;29.64;752.09;17.357;222.10;0.23;29.53;1614.17;38.172;497.66;0.50;30.83;1661.38;35.998;513.02;0.57;30.88;1491.02;28.255;452.00;0.48;30.31;1657.55;20.354;497.04;0.48;29.99;1103.27;17.421;331.60;0.32;30.06;1821.32;33.542;547.07;0.46;30.04;1720.24;25.777;518.13;0.43;30.12;726.09;14.619;219.21;0.17;30.19;1658.00;33.404;498.27;0.37;30.05;1378.77;28.300;415.01;0.33;30.10;2580.64;46.013;777.42;0.56;30.13;1982.15;33.960;629.10;0.53;31.74;2162.02;42.537;653.11;0.52;30.21;2346.00;41.594;714.79;0.68;30.47;2351.38;40.104;828.80;0.73;35.25;2553.01;36.205;892.44;0.71;34.96;1858.67;32.290;648.42;0.52;34.89;1829.80;24.663;646.29;0.52;35.32;1989.67;33.939;700.65;0.51;35.21;1487.26;26.464;517.76;0.35;34.81;1512.16;35.576;533.61;0.37;35.29;1984.55;33.630;696.71;0.61;35.11;2245.81;36.827;791.33;0.63;35.24
32426;GROENTEPAK;4;750042.06;17 802.000;209466.80;3.92;27.93;6557.50;183.000;1740.57;2.00;26.54;8507.10;224.000;2120.86;2.39;24.93;10092.80;266.000;2509.14;2.93;24.86;12072.07;318.000;3228.53;4.19;26.74;15364.39;406.000;4131.37;4.97;26.89;16504.44;415.000;4284.23;5.04;25.96;11991.00;300.000;3522.00;3.93;29.37;13634.59;341.000;4008.16;4.06;29.40;13600.63;341.000;3974.20;3.73;29.22;12590.85;315.000;3698.40;3.10;29.37;12262.93;307.000;3383.61;2.99;27.59;9144.07;225.000;2464.27;2.50;26.95;10431.00;232.000;3157.48;3.22;30.27;13756.50;306.000;4490.82;4.23;32.65;15367.50;342.000;5011.74;5.00;32.61;17465.00;360.000;4470.41;4.84;25.60;14385.00;288.000;2948.52;3.22;20.50;12875.00;258.000;2629.82;2.57;20.43;13280.00;266.000;2717.14;2.55;20.46;15022.50;301.000;3069.79;2.76;20.43;10835.00;217.000;2217.93;1.92;20.47;12008.20;302.000;3394.42;2.93;28.27;12886.95;325.000;4063.20;3.67;31.53;10029.94;257.000;3052.39;2.99;30.43;16119.96;404.000;5151.36;4.90;31.96;13866.53;347.000;4445.48;4.70;32.06;17217.69;431.000;5516.04;5.57;32.04;18173.45;455.000;5820.20;6.46;32.03;16285.92;408.000;5208.72;5.55;31.98;21110.71;529.000;6748.36;6.51;31.97;16741.81;419.000;5365.96;5.25;32.05;19781.04;496.000;6314.64;5.31;31.92;23928.01;599.000;7665.16;6.40;32.03;16065.98;402.000;5151.68;3.97;32.07;17463.63;437.000;5599.08;4.11;32.06;19437.13;487.000;6215.08;4.98;31.98;21154.70;530.000;6765.20;4.91;31.98;16609.04;414.000;5220.44;4.40;31.43;21982.50;489.000;5405.40;4.34;24.59;18744.75;417.000;4608.45;4.41;24.59;22853.25;509.000;5598.15;4.95;24.50;25697.25;572.000;6306.45;5.04;24.54;21377.25;476.000;5240.85;4.22;24.52;17840.25;397.000;4381.95;3.50;24.56;15464.25;344.000;3802.65;2.79;24.59;14292.00;318.000;3511.80;2.37;24.57;14294.25;318.000;3514.05;2.47;24.58;11679.75;260.000;2865.75;2.52;24.54;11196.00;249.000;2754.90;2.19;24.61
32432;HUBARD;4;20532.63;2 258.311;6782.62;0.13;33.03;601.67;90.101;195.81;0.23;32.54;720.59;97.511;250.63;0.28;34.78;566.42;50.410;180.03;0.21;31.78;808.53;85.681;255.15;0.33;31.56;699.20;77.822;210.29;0.25;30.08;45.23;5.031;13.62;0.02;30.12;94.04;5.480;27.78;0.03;29.54;930.55;51.861;279.33;0.28;30.02;947.34;65.309;290.31;0.27;30.64;1283.31;165.000;458.31;0.38;35.71;1127.61;142.899;413.12;0.37;36.64;685.58;86.858;233.08;0.24;34.00;888.69;89.265;290.82;0.30;32.72;158.86;15.980;47.00;0.04;29.59;0.00;0.000;0.00;0.00;0.00;0.00;0.000;0.00;0.00;0.00;0.00;0.000;0.00;0.00;0.00;0.00;0.000;0.00;0.00;0.00;0.00;0.000;0.00;0.00;0.00;5.37;0.538;1.60;0.00;29.87;0.00;0.000;0.00;0.00;0.00;0.00;0.000;0.00;0.00;0.00;889.59;111.551;331.84;0.30;37.30;338.95;42.422;126.84;0.12;37.42;766.06;88.287;236.34;0.22;30.85;797.66;92.014;245.58;0.26;30.79;931.58;108.677;279.52;0.28;30.00;837.97;85.947;275.23;0.31;32.84;600.18;66.691;199.47;0.21;33.24;29.10;3.237;9.68;0.01;33.26;0.00;0.000;0.00;0.00;0.00;0.00;0.000;0.00;0.00;0.00;0.00;0.000;0.00;0.00;0.00;336.19;28.039;111.88;0.09;33.28;1686.22;201.312;536.30;0.39;31.80;380.71;68.360;80.31;0.06;21.09;355.11;50.720;126.58;0.09;35.64;0.00;0.000;0.00;0.00;0.00;0.00;0.000;0.00;0.00;0.00;0.00;0.000;0.00;0.00;0.00;0.00;0.000;0.00;0.00;0.00;0.00;0.000;0.00;0.00;0.00;0.00;0.000;0.00;0.00;0.00;135.74;5.904;47.18;0.04;34.76;942.58;34.429;329.34;0.24;34.94;274.00;21.176;104.59;0.07;38.17;347.99;31.643;126.14;0.09;36.25;640.96;76.090;238.18;0.21;37.16;679.05;112.066;230.79;0.18;33.99
32436;GARLIC & GINGER;4;41086.12;2 708.000;11663.01;0.22;32.64;519.60;40.000;148.63;0.17;32.89;831.36;64.000;224.37;0.25;31.04;622.87;48.000;166.59;0.19;30.76;610.53;47.000;151.54;0.20;28.54;798.40;60.000;192.06;0.23;27.66;614.86;44.000;161.10;0.19;30.13;685.51;49.000;180.09;0.20;30.21;990.65;70.000;262.73;0.27;30.50;795.43;57.000;204.33;0.19;29.54;977.90;70.000;287.53;0.24;33.81;623.52;48.000;188.43;0.17;34.75;714.45;55.000;215.91;0.22;34.75;910.64;76.000;245.42;0.25;30.99;683.43;57.000;190.70;0.18;32.09;634.87;53.000;163.13;0.16;29.55;833.74;66.000;237.25;0.26;32.72;990.59;71.000;258.76;0.28;30.04;922.78;62.000;256.96;0.25;32.02;1164.50;75.000;333.45;0.31;32.93;1065.54;71.000;300.96;0.27;32.48;703.56;44.000;200.39;0.17;32.75;1317.14;86.000;366.74;0.32;32.02;953.79;61.000;273.67;0.25;33.00;748.75;50.000;211.09;0.21;32.42;950.35;65.000;264.69;0.25;32.03;852.93;57.000;244.16;0.26;32.92;718.77;48.000;186.78;0.19;29.88;851.76;59.000;222.05;0.25;29.98;827.42;58.000;214.74;0.23;29.85;972.78;67.000;261.57;0.25;30.92;797.49;51.000;226.22;0.22;32.62;670.78;42.000;190.59;0.16;32.67;750.73;47.000;213.36;0.18;32.68;805.50;50.000;229.63;0.18;32.78;798.53;47.000;229.07;0.17;32.99;951.44;56.000;272.94;0.22;32.99;949.74;56.000;271.46;0.20;32.87;859.78;52.000;245.48;0.21;32.83;1106.63;67.000;316.24;0.25;32.86;949.74;56.000;271.46;0.26;32.87;1202.43;67.000;382.29;0.34;36.56;875.67;53.000;282.35;0.23;37.08;897.63;47.000;283.03;0.23;36.26;835.57;43.000;261.22;0.21;35.95;634.67;33.000;196.45;0.14;35.60;977.40;60.000;299.06;0.20;35.19;732.64;36.000;226.82;0.16;35.60;643.69;31.000;206.53;0.18;36.90;757.64;36.000;243.01;0.19;36.89
32446;GEM SQUASH;4;31981.33;1 774.351;10301.05;0.19;32.21;332.48;33.331;110.44;0.13;33.22;313.11;30.586;107.08;0.12;34.20;397.41;27.081;120.55;0.14;30.33;372.35;25.338;113.61;0.15;30.51;656.25;21.284;204.16;0.25;31.11;1072.35;27.749;322.73;0.38;30.10;712.92;18.539;213.89;0.24;30.00;419.15;13.194;126.87;0.13;30.27;304.31;22.887;96.58;0.09;31.74;327.40;32.420;105.09;0.09;32.10;364.72;32.052;124.85;0.11;34.23;384.42;30.462;114.93;0.12;29.90;450.59;38.570;142.41;0.15;31.61;703.27;63.407;233.13;0.22;33.15;490.08;40.799;156.26;0.16;31.89;708.16;61.375;216.50;0.23;30.57;969.03;69.574;278.33;0.30;28.72;1121.26;46.007;332.60;0.33;29.66;1274.20;34.024;375.93;0.35;29.50;1194.42;42.263;371.28;0.33;31.08;639.28;39.659;192.16;0.17;30.06;693.85;38.535;214.04;0.18;30.85;523.87;34.338;160.34;0.14;30.61;356.60;23.060;117.79;0.12;33.03;623.21;43.662;198.03;0.19;31.78;537.16;34.704;172.27;0.18;32.07;596.71;28.286;189.33;0.19;31.73;928.89;38.835;287.52;0.32;30.95;637.20;29.941;195.73;0.21;30.72;335.15;11.897;96.47;0.09;28.78;737.85;19.584;218.95;0.21;29.67;640.09;26.490;187.85;0.16;29.35;570.05;24.143;172.15;0.14;30.20;510.06;36.919;162.56;0.13;31.87;423.37;46.283;162.68;0.12;38.42;348.28;29.916;158.56;0.13;45.53;612.14;53.585;204.92;0.15;33.48;350.65;27.374;104.62;0.09;29.84;589.80;32.878;174.07;0.14;29.51;860.65;47.674;263.43;0.25;30.61;1094.07;64.842;384.80;0.34;35.17;1356.19;52.101;476.05;0.38;35.10;1054.61;29.818;375.10;0.30;35.57;752.71;28.416;255.46;0.20;33.94;698.99;42.083;248.04;0.18;35.49;1018.48;54.590;368.18;0.25;36.15;718.49;46.516;257.02;0.18;35.77;747.55;45.606;272.23;0.24;36.42;457.50;31.674;163.46;0.13;35.73
32461;CUCUMBER ENGLISH;4;59405.56;5 650.000;17403.30;0.33;29.30;2316.58;182.000;716.68;0.82;30.94;12.99;1.000;4.04;0.00;31.10;0.00;0.000;0.00;0.00;0.00;336.44;26.000;103.74;0.13;30.83;766.41;59.000;238.36;0.29;31.10;769.45;55.000;167.20;0.20;21.73;5237.94;491.000;1604.49;1.79;30.63;5163.90;525.000;1586.75;1.61;30.73;3017.42;298.000;868.32;0.81;28.78;39.46;4.000;11.46;0.01;29.04;19.98;2.000;5.98;0.01;29.93;49.95;5.000;14.95;0.02;29.93;219.78;22.000;65.78;0.07;29.93;79.92;8.000;23.92;0.02;29.93;508.49;51.000;151.49;0.15;29.79;1926.68;82.000;565.18;0.61;29.33;0.00;0.000;0.00;0.00;0.00;1155.13;47.000;223.63;0.22;19.36;1930.83;117.000;593.28;0.56;30.73;626.55;30.000;191.55;0.17;30.57;4012.03;510.000;1015.74;0.88;25.32;6355.52;634.000;1834.49;1.59;28.86;12.99;1.000;4.04;0.00;31.10;0.00;0.000;0.00;0.00;0.00;441.01;34.000;136.71;0.13;31.00;1100.25;85.000;339.50;0.36;30.86;259.15;20.000;80.15;0.08;30.93;544.28;42.000;168.38;0.19;30.94;38.97;3.000;12.12;0.01;31.10;64.95;5.000;20.20;0.02;31.10;647.55;50.000;200.05;0.20;30.89;245.51;19.000;75.46;0.06;30.74;4202.65;420.000;1286.85;1.07;30.62;1077.92;108.000;327.32;0.25;30.37;138.36;14.000;41.06;0.03;29.68;139.86;14.000;42.56;0.03;30.43;249.75;25.000;76.00;0.06;30.43;609.39;61.000;185.44;0.16;30.43;2308.18;232.000;695.78;0.56;30.14;768.23;77.000;233.08;0.22;30.34;673.59;51.000;233.74;0.21;34.70;572.44;36.000;212.44;0.17;37.11;2629.34;273.000;762.08;0.61;28.98;1179.06;114.000;465.73;0.37;39.50;5794.51;764.000;1397.41;1.02;24.12;942.27;43.000;340.27;0.23;36.11;219.90;10.000;79.90;0.06;36.33;0.00;0.000;0.00;0.00;0.00;0.00;0.000;0.00;0.00;0.00
32464;H20 1.5L REFIL;4;17873.32;6 617.000;3401.52;0.06;20.85;515.70;191.000;143.25;0.16;27.78;278.10;103.000;77.25;0.09;27.78;267.30;99.000;74.25;0.09;27.78;218.70;81.000;60.75;0.08;27.78;193.90;72.000;53.50;0.06;27.59;304.46;113.000;84.11;0.10;27.63;275.40;102.000;76.50;0.09;27.78;382.40;142.000;105.50;0.11;27.59;326.56;121.000;90.61;0.08;27.75;340.20;126.000;94.50;0.08;27.78;558.90;207.000;155.25;0.14;27.78;504.90;187.000;140.25;0.14;27.78;337.50;125.000;93.75;0.10;27.78;278.10;103.000;77.25;0.07;27.78;253.66;94.000;70.36;0.07;27.74;248.40;92.000;69.00;0.07;27.78;224.10;83.000;62.25;0.07;27.78;332.10;123.000;92.25;0.09;27.78;340.20;126.000;59.99;0.06;19.62;388.39;144.000;56.93;0.05;16.86;580.50;215.000;85.53;0.07;16.94;472.50;175.000;69.62;0.06;16.94;650.56;241.000;95.75;0.09;16.93;577.80;214.000;85.13;0.08;16.94;332.10;123.000;48.93;0.05;16.94;326.70;121.000;48.14;0.05;16.94;407.70;151.000;60.07;0.06;16.94;310.50;115.000;45.75;0.05;16.94;253.80;94.000;37.40;0.04;16.94;272.70;101.000;40.18;0.04;16.94;332.10;119.000;47.74;0.05;16.53;361.66;134.000;53.19;0.04;16.91;307.80;114.000;45.35;0.04;16.94;518.40;192.000;76.38;0.06;16.94;621.00;230.000;91.50;0.07;16.94;445.50;165.000;65.64;0.05;16.94;523.80;194.000;77.18;0.06;16.94;283.50;105.000;41.77;0.04;16.94;261.90;97.000;38.59;0.03;16.94;232.20;86.000;34.21;0.03;16.94;307.53;114.000;45.12;0.04;16.87;237.60;88.000;35.01;0.03;16.94;245.70;91.000;36.20;0.03;16.94;369.90;137.000;54.50;0.04;16.94;386.10;143.000;56.89;0.04;16.94;367.20;136.000;54.10;0.04;16.94;442.80;164.000;65.24;0.05;16.94;407.70;151.000;60.07;0.05;16.94;467.10;173.000;68.82;0.05;16.94
32465;H2O 5L REFIL;4;1548562.38;189 355.000;181197.82;3.39;12.83;32295.74;3 949.000;6627.24;7.63;20.52;24502.25;2 996.000;5028.25;5.66;20.52;23876.79;2 918.000;4909.79;5.73;20.56;21530.45;2 634.000;4409.45;5.72;20.48;22555.42;2 758.000;4628.42;5.57;20.52;22595.66;2 762.000;4642.66;5.47;20.55;22534.92;2 756.000;4620.92;5.16;20.51;28503.61;3 483.000;5864.11;5.94;20.57;27963.64;3 418.000;5746.64;5.39;20.55;38663.41;4 722.000;7970.41;6.68;20.61;45483.47;5 556.000;9369.47;8.29;20.60;35169.80;4 295.000;7252.30;7.36;20.62;30325.65;3 706.000;6236.65;6.36;20.57;28479.86;3 481.000;5853.36;5.52;20.55;25857.12;3 162.000;5304.12;5.30;20.51;22354.43;2 732.000;4596.43;4.97;20.56;19819.40;2 426.000;4050.40;4.42;20.44;23963.68;2 930.000;4918.68;4.81;20.53;24915.29;3 046.000;2538.16;2.38;11.36;25281.83;3 090.000;1899.20;1.71;8.64;38341.59;4 686.000;2881.51;2.49;8.64;37845.87;4 624.000;2853.45;2.47;8.67;42333.32;5 174.000;3180.58;2.87;8.64;41931.11;5 122.000;3168.83;3.11;8.69;33333.41;4 077.000;2485.07;2.37;8.57;28674.99;3 504.000;2158.77;2.28;8.66;28013.25;3 423.000;2109.85;2.13;8.66;25920.20;3 169.000;1940.80;2.16;8.61;25166.21;3 081.000;1857.16;1.98;8.49;25439.27;3 109.000;1912.60;1.85;8.65;26083.79;3 186.000;1972.56;1.93;8.70;31241.18;3 820.000;2336.24;1.97;8.60;35121.01;4 308.000;2538.01;2.12;8.31;41505.12;5 068.000;3149.41;2.43;8.73;45835.95;5 602.000;3444.35;2.53;8.64;41938.90;5 135.000;3091.11;2.48;8.48;42316.51;5 173.000;3172.47;2.30;8.62;31696.69;3 880.000;2342.34;1.97;8.50;27681.96;3 385.000;2068.77;1.66;8.59;23562.70;2 884.000;1743.30;1.67;8.51;24660.68;3 019.000;1820.57;1.61;8.49;26476.98;3 239.000;1969.96;1.57;8.56;27059.18;3 310.000;2014.72;1.62;8.56;33067.73;4 043.000;2475.05;1.98;8.61;38843.81;4 749.000;2908.73;2.13;8.61;42818.76;5 250.000;3108.70;2.10;8.35;51343.48;6 275.000;3859.00;2.71;8.64;41662.56;5 110.000;3013.31;2.65;8.32;41973.75;5 130.000;3153.91;2.51;8.64
32472;F & V FANCY MIX 100G;4;24349.25;1 030.000;7624.25;0.14;31.31;433.78;22.000;129.78;0.15;29.92;458.77;23.000;136.77;0.15;29.81;618.69;31.000;184.69;0.22;29.85;499.75;25.000;149.75;0.19;29.96;496.76;24.000;145.76;0.18;29.34;297.72;13.000;89.72;0.11;30.14;574.75;25.000;174.75;0.20;30.40;274.73;12.000;82.73;0.08;30.11;436.81;19.000;132.81;0.12;30.40;616.13;27.000;184.13;0.15;29.88;343.70;15.000;103.70;0.09;30.17;275.88;12.000;83.88;0.09;30.40;389.68;17.000;117.68;0.12;30.20;457.50;20.000;137.50;0.13;30.05;388.53;17.000;116.53;0.12;29.99;158.63;7.000;46.63;0.05;29.40;251.74;11.000;75.74;0.08;30.09;390.83;17.000;118.83;0.12;30.40;547.16;24.000;163.16;0.15;29.82;659.81;29.000;195.81;0.18;29.68;1163.29;51.000;347.29;0.30;29.85;689.70;30.000;209.70;0.18;30.40;825.34;36.000;249.34;0.23;30.21;777.06;34.000;233.06;0.23;29.99;708.09;31.000;212.09;0.20;29.95;545.27;23.000;165.27;0.17;30.31;922.13;37.000;293.13;0.30;31.79;399.84;16.000;127.84;0.14;31.97;323.62;13.000;102.62;0.11;31.71;497.30;20.000;157.30;0.15;31.63;346.11;14.000;108.11;0.11;31.24;468.56;19.000;145.56;0.12;31.07;373.60;15.000;118.60;0.10;31.75;547.28;22.000;173.28;0.13;31.66;149.94;6.000;47.94;0.04;31.97;546.53;22.000;172.53;0.14;31.57;648.49;26.000;206.49;0.15;31.84;695.97;28.000;219.97;0.19;31.61;474.81;19.000;151.81;0.12;31.97;248.65;10.000;78.65;0.08;31.63;361.56;14.000;123.56;0.11;34.17;388.55;15.000;133.55;0.11;34.37;489.91;19.000;166.91;0.13;34.07;751.11;29.000;258.11;0.21;34.36;647.15;25.000;222.15;0.16;34.33;492.51;19.000;169.51;0.11;34.42;427.84;16.000;149.84;0.11;35.02;251.91;9.000;89.91;0.08;35.69;615.78;22.000;219.78;0.17;35.69
32480;GARLIC;4;68459.71;4 429.000;20078.80;0.38;33.73;1182.09;91.000;333.17;0.38;32.41;1673.76;129.000;449.73;0.51;30.90;1260.03;97.000;325.87;0.38;29.74;1297.70;100.000;320.00;0.42;28.36;1400.95;105.000;340.05;0.41;27.91;1636.13;117.000;429.39;0.51;30.18;1356.34;96.000;359.77;0.40;30.50;1303.58;92.000;370.73;0.38;32.71;1496.23;107.000;386.22;0.36;29.68;1732.11;124.000;508.12;0.43;33.74;1376.29;106.000;415.55;0.37;34.72;1155.46;89.000;348.82;0.35;34.72;1053.92;88.000;281.15;0.29;30.68;1173.82;98.000;317.67;0.30;31.12;982.58;82.000;251.76;0.25;29.47;1025.97;83.000;293.46;0.32;32.89;1489.53;107.000;390.92;0.43;30.18;1267.94;86.000;359.80;0.35;32.63;1405.30;90.000;408.27;0.38;33.41;961.36;64.000;271.97;0.24;32.53;1373.54;86.000;390.28;0.34;32.68;1505.04;96.000;423.88;0.37;32.39;1506.69;96.000;430.26;0.39;32.84;1137.74;76.000;320.72;0.31;32.42;1515.22;103.000;430.48;0.41;32.67;1405.31;94.000;411.00;0.43;33.63;1465.27;98.000;379.41;0.38;29.78;1321.78;92.000;342.45;0.38;29.79;1278.87;88.000;328.68;0.35;29.56;1270.45;85.000;346.19;0.33;31.34;1596.88;102.000;450.49;0.44;32.44;1390.33;87.000;395.53;0.33;32.72;1539.22;98.000;436.15;0.36;32.59;1451.29;91.000;410.69;0.32;32.54;1392.33;82.000;398.92;0.29;32.95;1357.50;80.000;388.43;0.31;32.91;1529.10;90.000;438.65;0.32;32.99;2516.58;87.000;1346.58;1.13;61.53;1439.38;87.000;413.33;0.33;33.02;1511.26;89.000;433.04;0.41;32.95;1630.49;91.000;516.92;0.46;36.46;1565.28;92.000;503.11;0.40;36.96;1348.60;70.000;423.36;0.34;36.10;1607.17;83.000;501.51;0.40;35.89;1061.43;57.000;331.80;0.24;35.95;1353.22;78.000;404.54;0.27;34.38;1370.33;67.000;429.34;0.30;36.03;1209.27;58.000;387.29;0.34;36.83;1579.05;75.000;503.33;0.40;36.66
32484;CARROTS 1KG;4;20265.80;1 657.000;5999.13;0.11;29.60;26.97;3.000;10.05;0.01;37.26;35.97;3.000;11.22;0.01;31.19;167.26;14.000;51.76;0.06;30.95;0.00;0.000;0.00;0.00;0.00;59.95;5.000;18.70;0.02;31.19;23.98;2.000;7.48;0.01;31.19;1220.46;109.000;321.21;0.36;26.32;0.00;0.000;0.00;0.00;0.00;43.96;4.000;10.96;0.01;24.93;43.96;4.000;10.96;0.01;24.93;43.41;4.000;10.41;0.01;23.98;42.86;4.000;9.86;0.01;23.01;415.97;38.000;102.47;0.10;24.63;65.94;6.000;16.44;0.02;24.93;65.94;6.000;16.44;0.02;24.93;0.00;0.000;0.00;0.00;0.00;0.00;0.000;0.00;0.00;0.00;0.00;0.000;0.00;0.00;0.00;109.35;10.000;26.85;0.03;24.55;262.11;24.000;64.11;0.06;24.46;76.93;7.000;19.18;0.02;24.93;361.57;33.000;89.32;0.08;24.70;109.90;10.000;27.40;0.02;24.93;0.00;0.000;0.00;0.00;0.00;98.91;9.000;24.66;0.02;24.93;778.09;71.000;192.34;0.20;24.72;109.35;10.000;26.85;0.03;24.55;405.60;40.000;105.60;0.12;26.04;641.81;59.000;199.31;0.21;31.05;10.99;1.000;3.49;0.00;31.76;230.79;21.000;73.29;0.07;31.76;0.00;0.000;0.00;0.00;0.00;0.00;0.000;0.00;0.00;0.00;0.00;0.000;0.00;0.00;0.00;1053.46;99.000;297.46;0.22;28.24;0.00;0.000;0.00;0.00;0.00;1406.10;115.000;428.60;0.31;30.48;272.14;21.000;93.64;0.08;34.41;12.99;1.000;4.49;0.00;34.57;3438.84;221.000;1232.34;1.18;35.84;2509.36;176.000;850.36;0.75;33.89;0.00;0.000;0.00;0.00;0.00;1168.97;93.000;331.97;0.27;28.40;0.00;0.000;0.00;0.00;0.00;335.06;24.000;119.06;0.09;35.53;0.00;0.000;0.00;0.00;0.00;1736.50;155.000;419.50;0.29;24.16;1041.25;85.000;318.75;0.28;30.61;1839.10;170.000;452.60;0.36;24.61
32485;CARROTS 750G;4;17256.93;1 732.000;5928.41;0.11;34.35;333.15;35.000;94.01;0.11;28.22;807.19;81.000;212.65;0.24;26.34;348.15;35.000;93.20;0.11;26.77;604.94;71.000;178.49;0.23;29.51;467.03;52.000;151.63;0.18;32.47;55.93;7.000;21.28;0.03;38.05;342.77;43.000;129.92;0.15;37.90;71.51;9.000;26.96;0.03;37.70;152.61;19.000;55.56;0.05;36.41;111.98;12.000;37.18;0.03;33.20;229.75;25.000;107.36;0.10;46.73;0.00;0.000;0.00;0.00;0.00;89.90;10.000;42.80;0.04;47.61;134.40;15.000;63.75;0.06;47.43;134.85;15.000;64.20;0.06;47.61;341.62;38.000;162.64;0.18;47.61;206.32;23.000;97.99;0.11;47.49;8.54;1.000;3.83;0.00;44.85;8.99;1.000;4.28;0.00;47.61;107.88;12.000;51.36;0.05;47.61;71.47;8.000;33.79;0.03;47.28;649.52;73.000;305.69;0.26;47.06;205.87;23.000;97.54;0.09;47.38;17.98;2.000;8.56;0.01;47.61;35.51;4.000;16.67;0.02;46.94;53.94;6.000;25.68;0.03;47.61;186.99;21.000;88.08;0.09;47.10;765.71;79.000;214.28;0.24;27.98;1271.01;109.000;345.36;0.37;27.17;25.98;2.000;8.98;0.01;34.57;1562.04;121.000;533.54;0.52;34.16;270.84;21.000;92.34;0.08;34.09;654.45;60.000;230.45;0.19;35.21;615.38;62.000;212.38;0.16;34.51;138.86;14.000;47.86;0.04;34.47;69.93;7.000;24.43;0.02;34.93;564.91;59.000;181.41;0.13;32.11;2431.13;257.000;760.63;0.64;31.29;976.02;98.000;339.02;0.27;34.73;199.30;20.000;69.30;0.07;34.77;326.17;33.000;111.67;0.10;34.24;49.95;5.000;17.45;0.01;34.93;189.31;19.000;65.81;0.05;34.76;1106.69;101.000;404.74;0.32;36.57;0.00;0.000;0.00;0.00;0.00;10.99;1.000;4.04;0.00;36.76;54.40;5.000;19.65;0.01;36.12;10.99;1.000;4.04;0.00;36.76;184.08;17.000;65.93;0.05;35.82
32653;BANANA RIPE;4;45121.99;3 104.056;10139.42;0.19;22.47;909.73;60.690;196.02;0.23;21.55;898.27;59.924;193.56;0.22;21.55;1193.77;81.119;271.78;0.32;22.77;333.46;25.746;104.84;0.14;31.44;191.53;14.745;60.59;0.07;31.64;238.94;21.610;51.76;0.06;21.66;767.18;85.435;171.16;0.19;22.31;1041.08;115.849;233.61;0.24;22.44;276.69;30.805;61.98;0.06;22.40;282.25;31.481;62.83;0.05;22.26;729.08;81.288;162.50;0.14;22.29;141.70;15.762;31.84;0.03;22.47;275.99;30.737;61.75;0.06;22.38;1046.36;65.781;195.15;0.18;18.65;231.62;14.506;43.91;0.04;18.96;2.01;0.126;0.38;0.00;18.88;0.00;0.000;0.00;0.00;0.00;85.11;5.322;16.24;0.02;19.09;1600.93;100.589;299.31;0.28;18.70;1326.21;83.160;250.12;0.22;18.86;1382.85;86.482;263.77;0.23;19.07;1107.68;69.636;206.59;0.18;18.65;468.72;29.314;89.40;0.08;19.07;835.39;83.552;144.83;0.14;17.34;380.56;38.094;67.05;0.06;17.62;1768.83;132.252;309.87;0.33;17.52;547.66;42.185;104.72;0.11;19.12;1101.51;84.929;209.76;0.23;19.04;305.65;23.529;58.60;0.06;19.17;117.74;9.096;22.23;0.02;18.88;736.29;46.185;167.44;0.16;22.74;2225.16;131.134;528.29;0.44;23.74;3201.52;188.665;760.19;0.63;23.74;3352.13;197.407;797.68;0.61;23.80;2104.65;124.079;499.07;0.37;23.71;850.62;50.090;202.46;0.16;23.80;2279.40;134.504;538.92;0.39;23.64;930.07;55.105;217.01;0.18;23.33;515.93;30.391;122.67;0.10;23.78;31.62;1.886;7.22;0.01;22.82;114.44;6.736;27.28;0.02;23.83;58.14;3.422;13.86;0.01;23.84;994.88;66.316;253.42;0.20;25.47;622.99;41.949;154.42;0.12;24.79;2323.02;155.336;587.92;0.43;25.31;1800.39;120.352;456.06;0.31;25.33;688.14;46.085;173.37;0.12;25.19;1033.68;69.106;261.77;0.23;25.32;1670.42;111.564;424.25;0.34;25.40
32654;BEETROOT;4;30540.79;1 726.000;9697.15;0.18;31.75;660.85;50.000;190.95;0.22;28.89;754.56;44.000;227.93;0.26;30.21;815.54;41.000;260.96;0.30;32.00;812.60;45.000;259.63;0.34;31.95;1047.52;48.000;320.11;0.39;30.56;704.59;31.000;214.98;0.25;30.51;756.63;37.000;238.53;0.27;31.53;609.57;33.000;177.32;0.18;29.09;936.95;70.000;308.45;0.29;32.92;890.88;67.000;269.52;0.23;30.25;695.98;47.000;206.36;0.18;29.65;889.83;67.000;261.48;0.27;29.39;940.63;57.000;295.48;0.30;31.41;832.85;45.000;267.61;0.25;32.13;739.64;36.000;242.90;0.24;32.84;627.71;34.000;201.29;0.22;32.07;539.11;29.000;166.74;0.18;30.93;988.09;61.000;297.23;0.29;30.08;663.70;50.000;211.48;0.20;31.86;626.38;42.000;195.18;0.18;31.16;745.93;47.000;231.28;0.20;31.01;615.55;45.000;196.91;0.17;31.99;527.17;38.000;154.00;0.14;29.21;741.12;48.000;227.47;0.22;30.69;701.64;36.000;224.79;0.21;32.04;624.65;30.000;202.35;0.21;32.39;500.86;29.000;153.86;0.16;30.72;355.94;21.000;104.99;0.12;29.50;84.95;5.000;25.20;0.03;29.66;750.68;37.000;232.13;0.22;30.92;784.72;43.000;252.82;0.25;32.22;1053.99;61.000;326.89;0.28;31.01;366.17;23.000;113.17;0.09;30.91;127.92;8.000;39.92;0.03;31.21;79.15;5.000;24.15;0.02;30.51;63.96;4.000;19.96;0.02;31.21;15.99;1.000;4.99;0.00;31.21;15.99;1.000;4.99;0.00;31.21;63.16;4.000;19.16;0.02;30.34;810.36;19.000;246.06;0.24;30.36;737.63;17.000;258.03;0.23;34.98;1083.38;37.000;383.23;0.31;35.37;847.39;36.000;304.04;0.24;35.88;657.38;37.000;237.38;0.19;36.11;593.61;44.000;231.06;0.17;38.92;402.50;30.000;148.20;0.10;36.82;356.36;24.000;108.96;0.08;30.58;668.55;35.000;242.55;0.21;36.28;630.48;27.000;164.48;0.13;26.09
32656;BLUEBERRIES;4;72769.11;5 542.000;22077.21;0.41;30.34;23.98;2.000;8.08;0.01;33.69;47.96;4.000;16.16;0.02;33.69;35.97;3.000;12.12;0.01;33.69;119.90;10.000;40.40;0.05;33.69;291.84;16.000;94.64;0.11;32.43;2250.72;155.000;672.97;0.79;29.90;3494.71;249.000;1078.91;1.20;30.87;4256.90;444.000;1077.10;1.09;25.30;9653.76;1 197.000;3043.26;2.85;31.52;3670.05;320.000;1278.71;1.07;34.84;2742.52;173.000;858.70;0.76;31.31;0.00;0.000;0.00;0.00;0.00;0.00;0.000;0.00;0.00;0.00;0.00;0.000;0.00;0.00;0.00;14.99;1.000;4.04;0.00;26.95;179.88;12.000;48.48;0.05;26.95;104.93;7.000;28.28;0.03;26.95;1406.52;58.000;429.60;0.42;30.54;3650.42;232.000;1057.09;0.99;28.96;4593.25;320.000;1319.30;1.19;28.72;1860.45;135.000;612.93;0.53;32.95;1328.57;113.000;419.15;0.36;31.55;493.74;26.000;152.10;0.14;30.81;0.00;0.000;0.00;0.00;0.00;0.00;0.000;0.00;0.00;0.00;0.00;0.000;0.00;0.00;0.00;0.00;0.000;0.00;0.00;0.00;18.99;1.000;5.85;0.01;30.81;245.92;13.000;75.10;0.08;30.54;360.81;19.000;111.15;0.11;30.81;226.93;12.000;69.25;0.07;30.52;1199.56;69.000;299.55;0.25;24.97;4081.51;284.000;989.51;0.83;24.24;2991.61;224.000;911.56;0.70;30.47;936.53;47.000;302.03;0.22;32.25;0.00;0.000;0.00;0.00;0.00;0.00;0.000;0.00;0.00;0.00;0.00;0.000;0.00;0.00;0.00;39.98;2.000;12.98;0.01;32.47;0.00;0.000;0.00;0.00;0.00;0.00;0.000;0.00;0.00;0.00;1682.58;82.000;549.08;0.44;32.63;3315.64;161.000;1171.79;0.94;35.34;6301.50;480.000;1576.10;1.26;25.01;5116.06;364.000;1689.01;1.24;33.01;3128.18;192.000;1034.78;0.70;33.08;2697.64;106.000;957.39;0.67;35.49;137.94;6.000;48.24;0.04;34.97;66.67;3.000;21.82;0.02;32.73
32823;BUTTERNUTS LOOSE KG;4;44861.33;4 429.825;14760.02;0.28;32.90;661.38;91.790;233.58;0.27;35.32;709.78;103.006;243.41;0.27;34.29;591.34;86.266;203.14;0.24;34.35;734.89;105.664;256.13;0.33;34.85;872.17;114.154;298.52;0.36;34.23;1014.75;92.784;330.82;0.39;32.60;1299.89;113.460;393.91;0.44;30.30;1295.14;106.745;405.53;0.41;31.31;1357.49;114.031;388.23;0.36;28.60;1131.74;109.295;335.98;0.28;29.69;703.29;70.532;226.22;0.20;32.17;415.00;52.243;127.66;0.13;30.76;491.30;64.841;152.76;0.16;31.09;593.93;75.349;188.66;0.18;31.76;863.15;96.601;286.99;0.29;33.25;684.31;68.866;236.68;0.26;34.59;725.08;73.015;237.37;0.26;32.74;1078.10;85.829;335.41;0.33;31.11;1269.64;71.523;397.52;0.37;31.31;1704.88;71.284;525.07;0.47;30.80;1629.77;98.217;521.76;0.45;32.01;1276.11;95.363;223.05;0.19;17.48;802.43;96.115;217.59;0.20;27.12;315.15;52.905;103.53;0.10;32.85;322.07;54.318;104.80;0.10;32.54;310.97;52.035;102.83;0.11;33.07;374.82;62.659;124.18;0.13;33.13;601.96;101.043;197.79;0.22;32.86;725.49;118.964;249.63;0.27;34.41;691.79;115.753;228.78;0.22;33.07;915.15;153.571;300.87;0.29;32.88;782.15;131.043;257.98;0.22;32.98;809.46;135.500;267.46;0.22;33.04;683.21;67.935;228.82;0.18;33.49;915.02;83.461;294.60;0.22;32.20;643.37;74.074;251.89;0.20;39.15;670.74;84.312;260.30;0.19;38.81;647.09;66.721;213.76;0.18;33.03;697.43;72.453;230.26;0.18;33.02;788.58;75.734;246.56;0.24;31.27;1100.42;96.649;398.85;0.35;36.25;1264.56;88.060;467.04;0.37;36.93;1626.30;83.255;583.57;0.47;35.88;2347.25;82.800;788.07;0.63;33.57;1688.83;79.917;602.41;0.44;35.67;1096.07;80.012;401.61;0.27;36.64;1191.78;139.256;444.45;0.31;37.29;957.00;120.702;353.49;0.31;36.94;789.11;99.720;290.51;0.23;36.81
32827;CABBAGE HALF;4;89197.71;7 789.000;29555.27;0.55;33.13;730.46;79.000;240.46;0.28;32.92;1123.30;125.000;373.30;0.42;33.23;1293.21;144.000;429.21;0.50;33.19;1918.46;214.000;634.46;0.82;33.07;1474.93;137.000;456.22;0.55;30.93;2294.85;215.000;828.39;0.98;36.10;1521.95;145.000;594.95;0.66;39.09;2093.44;206.000;833.44;0.84;39.81;1382.45;160.000;510.45;0.48;36.92;1399.74;156.000;463.74;0.39;33.13;813.33;82.000;248.58;0.22;30.56;301.73;27.000;97.48;0.10;32.31;1070.39;71.000;331.42;0.34;30.96;936.26;44.000;302.56;0.29;32.32;3700.95;255.000;1105.85;1.10;29.88;4057.45;275.000;1198.45;1.30;29.54;4508.61;324.000;1262.61;1.38;28.00;2224.60;215.000;738.60;0.72;33.20;1309.84;146.000;433.84;0.41;33.12;1935.09;216.000;639.09;0.57;33.03;1790.35;200.000;590.35;0.51;32.97;1211.85;135.000;401.85;0.35;33.16;1416.37;158.000;468.37;0.42;33.07;1582.37;148.000;473.87;0.46;29.95;2873.58;202.000;936.08;0.89;32.58;2666.56;204.000;846.56;0.90;31.75;2106.34;166.000;661.34;0.67;31.40;1567.70;150.000;518.70;0.58;33.09;2375.08;227.000;744.08;0.79;31.33;2042.45;205.000;607.45;0.59;29.74;1662.83;167.000;493.83;0.48;29.70;1489.31;134.000;463.81;0.39;31.14;1451.70;130.000;513.70;0.43;35.39;1008.33;92.000;318.33;0.25;31.57;809.65;80.000;267.15;0.20;33.00;1602.93;147.000;500.43;0.40;31.22;2928.28;267.000;925.78;0.67;31.62;2156.78;197.000;679.28;0.57;31.50;3249.55;235.000;1030.05;0.83;31.70;2967.18;232.000;986.18;0.94;33.24;3947.47;288.000;1499.47;1.33;37.99;3780.09;271.000;1476.59;1.18;39.06;2689.24;206.000;1038.24;0.84;38.61;431.04;36.000;161.04;0.13;37.36;263.18;22.000;98.18;0.07;37.31;514.37;43.000;191.87;0.13;37.30;573.72;48.000;213.72;0.15;37.25;874.07;73.000;326.57;0.29;37.36;1074.30;90.000;399.30;0.32;37.17
32828;APPLE RED LOOSE;4;59107.69;2 493.123;18953.73;0.35;32.07;541.65;29.643;172.53;0.20;31.85;636.30;33.963;186.69;0.21;29.34;780.83;39.499;238.42;0.28;30.53;691.57;37.495;218.81;0.28;31.64;343.22;20.497;111.48;0.13;32.48;596.14;34.534;185.23;0.22;31.07;426.68;28.294;127.06;0.14;29.78;920.52;56.512;287.64;0.29;31.25;1174.85;62.605;372.40;0.35;31.70;832.37;37.914;258.22;0.22;31.02;634.79;28.024;190.04;0.17;29.94;884.39;40.682;279.47;0.28;31.60;1392.94;68.974;433.22;0.44;31.10;1115.06;59.110;346.68;0.33;31.09;789.50;42.264;237.54;0.24;30.09;404.02;19.969;122.49;0.13;30.32;336.71;17.188;103.90;0.11;30.86;717.19;30.739;223.31;0.22;31.14;928.02;37.892;279.21;0.26;30.09;1285.25;54.059;401.76;0.36;31.26;1284.82;50.665;404.64;0.35;31.49;740.92;25.902;223.11;0.19;30.11;979.32;34.719;300.28;0.27;30.66;1604.89;55.354;488.24;0.48;30.42;1166.54;50.798;354.34;0.34;30.38;1409.65;72.766;447.36;0.47;31.74;1016.08;48.646;315.37;0.32;31.04;332.96;15.272;104.03;0.12;31.24;571.09;27.512;169.95;0.18;29.76;1000.17;45.786;306.88;0.30;30.68;1033.28;44.962;308.28;0.30;29.84;1043.37;42.337;311.57;0.26;29.86;1358.91;52.069;398.92;0.33;29.36;2146.04;76.793;663.52;0.51;30.92;2092.21;70.694;642.44;0.47;30.71;1867.45;64.962;571.46;0.46;30.60;2654.02;86.412;818.64;0.59;30.85;2605.65;104.129;782.08;0.66;30.01;1708.00;100.542;602.21;0.48;35.26;1318.44;73.277;450.22;0.43;34.15;958.07;34.520;335.62;0.30;35.03;1791.72;57.755;621.71;0.50;34.70;1624.91;56.389;550.59;0.44;33.88;2207.05;73.895;785.79;0.63;35.60;2291.99;76.206;796.31;0.58;34.74;1739.15;54.987;617.18;0.42;35.49;1793.11;58.335;614.05;0.43;34.25;1452.23;57.156;520.33;0.46;35.83;1883.65;100.426;672.54;0.53;35.70
32835;APPLE LOOSE;4;13074.72;1 008.896;6012.45;0.11;45.99;160.89;12.385;74.20;0.09;46.12;360.33;27.777;165.89;0.19;46.04;238.03;18.323;109.77;0.13;46.12;367.41;28.417;168.49;0.22;45.86;311.57;24.039;143.30;0.17;45.99;126.27;9.743;58.07;0.07;45.99;40.79;3.141;18.80;0.02;46.10;83.31;6.414;38.41;0.04;46.11;269.02;20.750;123.77;0.12;46.01;105.88;8.174;48.66;0.04;45.96;333.21;25.669;153.53;0.14;46.08;339.69;26.150;156.64;0.16;46.11;139.77;10.789;64.25;0.07;45.97;59.93;4.614;27.63;0.03;46.11;24.27;1.868;11.19;0.01;46.12;51.60;3.972;23.80;0.03;46.12;200.66;15.486;92.26;0.10;45.98;190.35;14.684;87.56;0.09;46.00;241.42;18.586;111.32;0.10;46.11;160.49;12.479;73.14;0.07;45.57;174.16;13.406;80.32;0.07;46.12;116.67;8.983;53.79;0.05;46.10;418.52;32.256;192.73;0.17;46.05;356.41;27.482;164.04;0.16;46.02;75.39;5.826;34.61;0.03;45.91;344.33;26.506;158.79;0.17;46.12;421.36;32.516;193.75;0.20;45.98;290.57;22.369;133.99;0.15;46.11;191.27;14.746;88.05;0.09;46.03;311.14;23.976;143.31;0.14;46.06;249.34;19.194;114.98;0.11;46.11;387.23;29.858;178.22;0.15;46.03;435.93;33.586;200.83;0.17;46.07;291.06;22.525;133.39;0.10;45.83;482.66;37.280;221.70;0.16;45.93;209.92;16.231;96.30;0.08;45.88;173.52;13.533;78.79;0.06;45.41;373.45;28.951;170.79;0.14;45.73;97.54;7.508;44.98;0.04;46.12;633.75;48.965;291.00;0.28;45.92;372.31;28.688;171.49;0.15;46.06;200.60;15.443;92.50;0.07;46.11;315.73;24.338;145.36;0.12;46.04;332.03;25.623;152.67;0.12;45.98;367.54;28.412;168.66;0.12;45.89;489.33;37.797;224.75;0.15;45.93;709.41;54.785;325.92;0.23;45.94;273.09;21.136;125.14;0.11;45.82;175.57;13.517;80.95;0.06;46.11
32837;APPLE GOLDEN  LOOSE;4;32755.73;1 453.822;10642.45;0.20;32.49;313.45;21.623;93.18;0.11;29.73;434.63;24.362;130.45;0.15;30.01;392.32;23.213;129.08;0.15;32.90;496.15;30.405;165.41;0.21;33.34;602.24;37.721;189.43;0.23;31.45;573.79;37.577;185.05;0.22;32.25;666.10;42.588;210.74;0.24;31.64;630.93;37.855;194.84;0.20;30.88;532.73;32.024;164.01;0.15;30.79;1103.45;52.341;342.81;0.29;31.07;403.18;19.050;123.38;0.11;30.60;357.90;17.120;114.54;0.12;32.00;306.60;16.405;93.54;0.10;30.51;353.25;19.231;104.67;0.10;29.63;581.21;31.280;175.79;0.18;30.25;259.64;12.947;80.26;0.09;30.91;635.77;31.525;199.80;0.22;31.43;601.77;27.088;188.63;0.18;31.35;541.26;22.502;167.14;0.16;30.88;737.98;29.592;227.17;0.20;30.78;834.65;31.590;257.66;0.22;30.87;909.81;32.250;285.97;0.25;31.43;824.93;28.991;248.41;0.22;30.11;487.47;20.073;146.02;0.14;29.95;520.35;26.160;159.71;0.15;30.69;660.94;34.930;200.64;0.21;30.36;419.32;19.804;126.21;0.13;30.10;569.98;27.914;171.13;0.19;30.02;442.93;20.826;134.95;0.14;30.47;548.74;25.078;173.17;0.17;31.56;532.76;23.340;168.27;0.16;31.58;1092.03;42.140;365.80;0.31;33.50;828.87;31.436;267.72;0.22;32.30;596.08;22.303;177.36;0.14;29.75;715.34;24.223;223.48;0.16;31.24;826.91;27.850;255.71;0.20;30.92;1034.98;34.792;321.40;0.23;31.05;1037.79;39.713;316.90;0.27;30.54;962.49;52.022;363.86;0.29;37.80;715.07;26.674;318.12;0.30;44.49;964.04;36.351;337.91;0.30;35.05;628.24;24.865;217.31;0.17;34.59;852.34;32.169;296.00;0.24;34.73;1001.38;37.119;351.94;0.28;35.15;1114.34;39.974;394.46;0.29;35.40;970.61;33.308;334.17;0.23;34.43;809.94;26.202;290.47;0.20;35.86;680.95;31.365;237.94;0.21;34.94;648.10;33.911;219.84;0.17;33.92
32838;APPLE GRANNY LOOSE;4;21758.57;898.584;6892.44;0.13;31.68;332.40;18.361;98.43;0.11;29.61;242.46;14.009;75.88;0.09;31.30;392.14;23.138;127.21;0.15;32.44;343.14;20.256;106.16;0.14;30.94;344.62;19.774;107.07;0.13;31.07;327.91;20.342;108.08;0.13;32.96;196.76;13.028;68.17;0.08;34.65;417.31;26.151;121.54;0.12;29.13;389.97;23.790;116.79;0.11;29.95;514.45;22.408;157.33;0.13;30.58;487.30;21.772;152.57;0.14;31.31;323.13;14.480;104.22;0.11;32.25;544.22;25.512;166.96;0.17;30.68;362.18;18.921;112.06;0.11;30.94;409.23;22.717;120.73;0.12;29.50;361.41;18.888;110.02;0.12;30.44;189.66;9.144;58.35;0.06;30.77;316.50;14.836;99.04;0.10;31.29;411.29;17.198;123.20;0.12;29.95;456.28;19.056;138.02;0.12;30.25;900.26;35.356;271.82;0.23;30.19;405.21;14.694;124.90;0.11;30.82;304.26;10.268;91.74;0.08;30.15;387.45;12.918;116.82;0.11;30.15;331.52;12.774;98.52;0.09;29.72;279.53;11.514;84.72;0.09;30.31;509.73;24.387;160.68;0.16;31.52;219.90;10.117;69.26;0.08;31.50;440.74;20.707;137.51;0.15;31.20;431.87;19.686;133.19;0.13;30.84;458.18;19.698;145.28;0.14;31.71;400.78;17.346;123.11;0.10;30.72;618.13;24.583;186.47;0.16;30.17;426.83;15.665;130.80;0.10;30.64;838.96;29.428;259.37;0.19;30.92;587.14;19.749;170.90;0.14;29.11;653.52;21.912;190.74;0.14;29.19;437.89;15.808;129.05;0.11;29.47;418.40;15.286;125.17;0.10;29.92;214.43;7.722;63.62;0.06;29.67;119.93;4.294;36.07;0.03;30.07;283.65;8.936;95.85;0.08;33.79;338.62;10.264;119.45;0.10;35.27;758.38;23.341;269.61;0.22;35.55;575.84;17.716;203.18;0.15;35.28;631.00;18.058;226.92;0.15;35.96;640.09;17.380;231.57;0.16;36.18;758.53;21.404;263.03;0.23;34.68;1025.44;33.792;361.29;0.29;35.23
32841;AVO;4;6101.26;1 366.000;1463.54;0.03;23.99;78.98;15.000;17.03;0.02;21.56;125.00;25.000;25.00;0.03;20.00;255.00;51.000;51.00;0.06;20.00;254.50;51.000;50.50;0.07;19.84;144.50;29.000;28.50;0.03;19.72;70.00;14.000;14.00;0.02;20.00;15.00;3.000;3.00;0.00;20.00;255.00;51.000;51.00;0.05;20.00;429.25;86.000;85.25;0.08;19.86;55.00;11.000;11.00;0.01;20.00;10.00;2.000;2.00;0.00;20.00;55.00;11.000;11.00;0.01;20.00;472.57;43.000;154.80;0.16;32.76;31.92;8.000;7.92;0.01;24.81;47.88;12.000;11.88;0.01;24.81;15.96;4.000;3.96;0.00;24.81;215.46;54.000;53.46;0.06;24.81;35.91;9.000;8.91;0.01;24.81;147.63;37.000;36.63;0.03;24.81;31.92;8.000;7.92;0.01;24.81;350.52;88.000;86.52;0.07;24.68;255.36;64.000;63.36;0.05;24.81;23.94;6.000;5.94;0.01;24.81;99.75;25.000;24.75;0.02;24.81;71.82;18.000;17.82;0.02;24.81;207.48;52.000;51.48;0.05;24.81;3.99;1.000;0.99;0.00;24.81;7.98;2.000;1.98;0.00;24.81;19.95;5.000;4.95;0.01;24.81;27.93;7.000;6.93;0.01;24.81;79.40;20.000;19.40;0.02;24.43;346.93;87.000;85.93;0.07;24.77;107.73;27.000;26.73;0.02;24.81;207.08;52.000;51.08;0.04;24.67;47.88;12.000;11.88;0.01;24.81;115.71;29.000;28.71;0.02;24.81;318.80;80.000;78.80;0.06;24.72;95.76;24.000;23.76;0.02;24.81;175.56;44.000;43.56;0.03;24.81;103.54;26.000;25.54;0.02;24.67;0.00;0.000;0.00;0.00;0.00;215.06;54.000;53.06;0.04;24.67;11.97;3.000;2.97;0.00;24.81;15.96;4.000;3.96;0.00;24.81;134.66;34.000;32.66;0.02;24.25;106.53;27.000;25.53;0.02;23.97;67.83;17.000;16.83;0.01;24.81;7.98;2.000;1.98;0.00;24.81;127.68;32.000;31.68;0.03;24.81
32849;BANANA.;4;853225.22;47 911.454;253576.61;4.75;29.72;18701.20;936.827;4049.23;4.66;21.65;17149.20;940.471;3117.26;3.51;18.18;16778.99;1 028.112;4471.43;5.22;26.65;16216.33;1 444.767;3734.59;4.85;23.03;16224.25;1 516.764;4730.06;5.69;29.15;15330.52;1 335.846;4344.64;5.11;28.34;17156.19;1 505.450;5580.16;6.23;32.53;16734.78;1 213.720;4616.97;4.68;27.59;17133.20;1 258.545;5117.25;4.80;29.87;12462.56;773.831;3817.17;3.20;30.63;15205.55;1 035.059;3838.44;3.40;25.24;21657.28;1 235.684;6319.34;6.41;29.18;22148.96;1 297.688;5682.78;5.79;25.66;19934.15;1 108.112;6716.60;6.33;33.69;19508.24;1 240.477;6161.67;6.15;31.58;11666.44;809.078;3568.01;3.86;30.58;12502.43;849.378;3685.31;4.03;29.48;16075.38;857.243;4856.35;4.75;30.21;16369.19;763.517;5013.19;4.70;30.63;22864.82;988.530;7083.31;6.36;30.98;22842.36;966.674;7087.65;6.12;31.03;22253.46;940.477;7169.79;6.20;32.22;27081.23;1 280.665;8539.31;7.71;31.53;20138.07;1 472.412;5172.56;5.07;25.69;15670.01;865.652;4866.61;4.63;31.06;15383.34;736.336;4814.43;5.09;31.30;18530.67;1 263.326;4932.72;4.98;26.62;13383.88;921.342;3760.93;4.18;28.10;15192.41;1 049.781;4628.59;4.93;30.47;15861.98;950.535;5197.56;5.02;32.77;15425.62;753.309;4762.46;4.66;30.87;24899.65;996.977;7755.09;6.52;31.15;24622.19;916.604;6268.37;5.23;25.46;18309.81;742.512;5697.67;4.39;31.12;21332.98;982.528;6656.49;4.88;31.20;14744.79;779.635;4277.22;3.43;29.01;18565.47;797.438;3986.43;2.89;21.47;13838.87;649.823;3913.88;3.30;28.28;14160.78;718.570;4168.33;3.35;29.44;10330.73;669.754;3340.98;3.20;32.34;13227.04;877.892;4779.66;4.23;36.14;15839.64;983.205;5836.45;4.67;36.85;14923.11;853.395;5141.97;4.14;34.46;18639.14;898.000;6442.22;5.15;34.56;18312.92;735.976;6488.89;4.76;35.43;20409.10;824.203;5983.87;4.04;29.32;14958.85;659.534;5161.94;3.62;34.51;15391.24;735.727;5287.13;4.64;34.35;17136.22;750.073;4953.67;3.94;28.91
34711;H20 500ML REFIL;4;1090.90;1 091.000;288.11;0.01;28.89;33.00;33.000;11.55;0.01;35.00;27.00;27.000;9.45;0.01;35.00;16.00;16.000;5.60;0.01;35.00;5.00;5.000;1.75;0.00;35.00;12.00;12.000;4.20;0.01;35.00;19.00;19.000;6.65;0.01;35.00;28.00;28.000;9.80;0.01;35.00;25.00;25.000;8.75;0.01;35.00;24.00;24.000;8.40;0.01;35.00;24.00;24.000;8.40;0.01;35.00;30.00;30.000;10.50;0.01;35.00;24.00;24.000;8.40;0.01;35.00;11.00;11.000;3.85;0.00;35.00;16.00;16.000;5.60;0.01;35.00;28.00;28.000;9.80;0.01;35.00;17.00;17.000;5.95;0.01;35.00;6.00;6.000;2.10;0.00;35.00;21.00;21.000;7.35;0.01;35.00;25.00;25.000;6.40;0.01;28.26;30.00;30.000;6.59;0.01;25.25;42.00;42.000;9.22;0.01;25.25;37.00;37.000;8.12;0.01;25.25;41.00;41.000;9.00;0.01;25.25;27.00;27.000;5.93;0.01;25.25;13.00;13.000;2.85;0.00;25.25;14.00;14.000;3.07;0.00;25.25;13.00;13.000;2.85;0.00;25.25;5.00;5.000;1.10;0.00;25.25;2.00;2.000;0.44;0.00;25.25;8.00;8.000;1.76;0.00;25.25;2.00;2.000;0.44;0.00;25.25;25.00;25.000;5.49;0.00;25.25;13.95;14.000;3.03;0.00;24.98;14.00;14.000;3.07;0.00;25.25;25.00;25.000;5.49;0.00;25.25;25.00;25.000;5.49;0.00;25.25;45.00;45.000;9.88;0.01;25.25;38.00;38.000;8.34;0.01;25.25;36.00;36.000;7.90;0.01;25.25;19.00;19.000;4.17;0.00;25.25;15.00;15.000;3.29;0.00;25.25;9.95;10.000;2.15;0.00;24.87;40.00;40.000;8.78;0.01;25.25;51.00;51.000;11.20;0.01;25.25;26.00;26.000;5.71;0.00;25.25;38.00;38.000;8.34;0.01;25.25;34.00;34.000;7.47;0.01;25.25;3.00;3.000;0.66;0.00;25.25;8.00;8.000;1.76;0.00;25.25
34712;H2O 1L REFIL;4;7703.45;4 137.000;1669.68;0.03;23.69;144.40;76.000;45.60;0.05;31.58;229.90;121.000;72.60;0.08;31.58;140.60;74.000;44.40;0.05;31.58;167.20;88.000;52.80;0.07;31.58;57.00;30.000;18.00;0.02;31.58;104.50;55.000;33.00;0.04;31.58;140.60;74.000;44.40;0.05;31.58;119.70;63.000;37.80;0.04;31.58;109.91;58.000;34.51;0.03;31.40;161.50;85.000;51.00;0.04;31.58;482.60;254.000;152.40;0.13;31.58;169.10;89.000;53.40;0.05;31.58;186.20;98.000;58.80;0.06;31.58;121.41;64.000;38.21;0.04;31.47;77.90;41.000;24.60;0.02;31.58;91.20;48.000;28.80;0.03;31.58;51.30;27.000;16.20;0.02;31.58;108.30;57.000;34.20;0.03;31.58;60.80;32.000;13.00;0.01;23.82;252.70;133.000;46.84;0.04;21.32;119.70;63.000;22.19;0.02;21.32;148.20;78.000;27.47;0.02;21.32;165.30;166.000;-72.06;-0.07;-50.13;201.40;106.000;37.33;0.04;21.32;172.90;91.000;32.05;0.03;21.32;79.80;42.000;14.79;0.02;21.32;144.21;76.000;26.60;0.03;21.21;142.50;75.000;26.41;0.03;21.32;76.00;40.000;14.09;0.02;21.32;70.30;37.000;13.03;0.01;21.32;142.50;75.000;26.41;0.03;21.32;129.20;68.000;23.95;0.02;21.32;153.90;81.000;28.53;0.02;21.32;262.20;140.000;46.00;0.04;20.18;167.20;88.000;30.99;0.02;21.32;216.60;115.000;38.85;0.03;20.63;210.71;111.000;38.93;0.03;21.24;241.11;124.000;48.46;0.04;23.11;142.50;75.000;26.41;0.02;21.32;154.66;82.000;27.89;0.03;20.74;245.10;129.000;45.43;0.04;21.32;86.64;46.000;15.54;0.01;20.63;131.10;69.000;24.30;0.02;21.32;243.20;128.000;45.08;0.04;21.32;226.10;119.000;41.91;0.03;21.32;104.50;55.000;19.37;0.01;21.32;203.30;107.000;37.68;0.03;21.32;148.20;80.000;24.87;0.02;19.30;197.60;104.000;36.63;0.03;21.32
34714;H2O 20L REFIL;4;127903.00;4 268.000;4058.35;0.08;3.53;1672.50;56.000;216.50;0.25;12.94;1279.50;43.000;161.50;0.18;12.62;1010.00;34.000;126.00;0.15;12.48;1074.00;36.000;138.00;0.18;12.85;1734.00;58.000;226.00;0.27;13.03;1340.00;45.000;170.00;0.20;12.69;1400.00;47.000;178.00;0.20;12.71;2394.00;80.000;314.00;0.32;13.12;1795.50;60.000;235.50;0.22;13.12;1615.00;54.000;211.00;0.18;13.07;2040.00;68.000;272.00;0.24;13.33;1830.00;61.000;244.00;0.25;13.33;2126.50;71.000;280.50;0.29;13.19;1346.00;45.000;176.00;0.17;13.08;1286.00;43.000;168.00;0.17;13.06;990.00;33.000;132.00;0.14;13.33;1643.50;55.000;213.50;0.23;12.99;2275.50;76.000;299.50;0.29;13.16;1885.50;63.000;44.61;0.04;2.65;2010.00;67.000;5.83;0.01;0.33;2848.50;95.000;6.96;0.01;0.28;2908.50;97.000;7.13;0.01;0.28;2608.50;87.000;6.26;0.01;0.28;3297.00;110.000;6.96;0.01;0.24;2638.50;88.000;6.35;0.01;0.28;2070.00;69.000;6.00;0.01;0.33;2400.00;80.000;6.96;0.01;0.33;1618.50;54.000;3.39;0.00;0.24;1950.00;65.000;5.65;0.01;0.33;1830.00;61.000;5.30;0.01;0.33;2040.00;68.000;5.91;0.01;0.33;2848.50;95.000;6.96;0.01;0.28;3268.50;109.000;8.17;0.01;0.29;3537.00;118.000;7.65;0.01;0.25;4890.00;163.000;14.17;0.01;0.33;4195.50;140.000;8.26;0.01;0.23;4287.00;143.000;9.83;0.01;0.26;2850.00;95.000;8.26;0.01;0.33;2790.00;93.000;8.09;0.01;0.33;2190.00;73.000;6.35;0.01;0.33;2580.00;86.000;7.48;0.01;0.33;2730.00;91.000;7.91;0.01;0.33;2940.00;98.000;8.52;0.01;0.33;3690.00;123.000;10.70;0.01;0.33;4018.50;134.000;10.35;0.01;0.30;4557.00;152.000;10.61;0.01;0.27;6537.00;218.000;16.35;0.01;0.29;5518.50;184.000;14.70;0.01;0.31;5518.50;184.000;14.70;0.01;0.31
34715;H2O 25L REFIL;4;211037.25;6 036.000;4212.88;0.08;2.21;3603.25;103.000;255.75;0.29;7.10;2798.25;80.000;198.25;0.22;7.08;2656.50;76.000;186.50;0.22;7.02;2100.00;60.000;150.00;0.19;7.14;1958.25;56.000;138.25;0.17;7.06;2584.75;74.000;179.75;0.21;6.95;2903.25;83.000;205.75;0.23;7.09;3358.25;96.000;238.25;0.24;7.09;4966.50;142.000;351.50;0.33;7.08;4758.25;136.000;338.25;0.28;7.11;4023.25;115.000;285.75;0.25;7.10;3430.00;98.000;245.00;0.25;7.14;3076.50;88.000;216.50;0.22;7.04;2831.50;81.000;199.00;0.19;7.03;3010.00;86.000;215.00;0.21;7.14;2411.50;69.000;169.00;0.18;7.01;2518.25;72.000;178.25;0.19;7.08;2793.00;80.000;193.00;0.19;6.91;2693.25;77.000;-96.63;-0.09;-4.02;2800.00;80.000;-165.22;-0.15;-6.79;4298.00;123.000;-260.11;-0.22;-6.96;4231.50;121.000;-252.93;-0.22;-6.87;5453.00;156.000;-328.26;-0.30;-6.92;5633.25;161.000;-109.02;-0.11;-2.23;4928.00;141.000;55.22;0.05;1.29;3990.00;114.000;49.57;0.05;1.43;4163.25;119.000;50.22;0.05;1.39;4548.25;130.000;55.00;0.06;1.39;3494.75;100.000;38.91;0.04;1.28;3703.00;106.000;40.00;0.04;1.24;5038.25;144.000;61.09;0.06;1.39;5237.75;150.000;54.57;0.05;1.20;4548.25;130.000;55.00;0.05;1.39;5034.75;144.000;58.04;0.04;1.33;8044.75;231.000;65.43;0.05;0.94;6186.25;177.000;69.35;0.06;1.29;7416.50;213.000;59.13;0.04;0.92;5106.50;146.000;60.43;0.05;1.36;4723.25;135.000;57.17;0.05;1.39;3916.50;112.000;45.65;0.04;1.34;3458.00;99.000;36.96;0.03;1.23;3683.25;105.000;52.83;0.04;1.65;4336.50;124.000;50.87;0.04;1.35;5174.75;148.000;59.78;0.05;1.33;6195.00;177.000;76.96;0.06;1.43;6961.50;199.000;83.48;0.06;1.38;7346.50;210.000;88.26;0.06;1.38;6471.50;185.000;77.39;0.07;1.38;6440.00;184.000;80.00;0.06;1.43
34966;DICED BUTTERNUT;4;18888.99;1 181.000;6261.59;0.12;33.15;190.87;13.000;58.37;0.07;30.58;360.74;26.000;115.24;0.13;31.95;467.64;36.000;143.64;0.17;30.72;419.65;35.000;139.65;0.18;33.28;617.54;46.000;188.54;0.23;30.53;454.73;27.000;141.23;0.17;31.06;357.80;20.000;109.80;0.12;30.69;161.91;9.000;49.41;0.05;30.52;149.91;9.000;45.36;0.04;30.26;244.83;17.000;80.43;0.07;32.85;218.85;15.000;72.45;0.06;33.10;156.89;11.000;51.24;0.05;32.66;307.78;22.000;104.83;0.11;34.06;218.85;15.000;79.35;0.07;36.26;193.86;14.000;62.16;0.06;32.06;164.89;11.000;55.44;0.06;33.62;374.75;25.000;118.30;0.13;31.57;420.78;22.000;135.28;0.13;32.15;626.73;27.000;198.48;0.19;31.67;622.77;23.000;196.92;0.18;31.62;228.90;10.000;73.10;0.06;31.94;568.65;35.000;179.65;0.16;31.59;335.78;22.000;108.28;0.10;32.25;312.76;24.000;104.76;0.10;33.50;193.84;16.000;64.94;0.06;33.50;304.75;25.000;93.25;0.10;30.60;246.81;19.000;85.31;0.09;34.57;316.75;25.000;104.25;0.12;32.91;454.65;35.000;152.15;0.16;33.47;444.64;36.000;143.64;0.14;32.30;408.67;33.000;131.67;0.13;32.22;251.79;21.000;83.79;0.07;33.28;255.83;17.000;85.68;0.07;33.49;291.82;18.000;90.72;0.07;31.09;294.97;18.000;88.57;0.06;30.03;467.71;29.000;146.16;0.12;31.25;437.71;29.000;146.16;0.11;33.39;495.66;34.000;164.36;0.14;33.16;649.54;46.000;211.84;0.17;32.61;487.66;34.000;160.36;0.15;32.88;341.78;22.000;127.88;0.11;37.42;558.70;30.000;201.55;0.16;36.07;641.72;28.000;223.27;0.18;34.79;697.78;22.000;246.88;0.20;35.38;514.46;19.000;181.21;0.13;35.22;559.72;28.000;206.12;0.14;36.83;610.68;32.000;225.88;0.16;36.99;333.80;20.000;120.80;0.11;36.19;449.69;31.000;163.24;0.13;36.30
34970;BABY CARROTS 400G;4;18063.14;1 436.000;6034.69;0.11;33.41;241.77;23.000;74.77;0.09;30.93;395.67;33.000;131.67;0.15;33.28;443.63;37.000;147.63;0.17;33.28;346.51;29.000;114.51;0.15;33.05;526.36;44.000;171.86;0.21;32.65;287.16;24.000;83.16;0.10;28.96;137.88;12.000;41.88;0.05;30.37;236.76;24.000;73.26;0.07;30.94;286.66;34.000;98.66;0.09;34.42;283.68;32.000;94.68;0.08;33.38;220.76;24.000;75.26;0.07;34.09;163.83;17.000;54.98;0.06;33.56;210.82;18.000;69.32;0.07;32.88;419.65;35.000;139.65;0.13;33.28;238.00;20.000;78.00;0.08;32.77;263.78;22.000;87.78;0.09;33.28;443.63;37.000;147.63;0.16;33.28;367.65;35.000;114.65;0.11;31.18;131.88;12.000;41.88;0.04;31.76;465.58;42.000;148.58;0.13;31.91;429.61;39.000;138.61;0.12;32.26;338.12;28.000;111.62;0.10;33.01;266.14;21.000;90.59;0.08;34.04;259.80;20.000;80.80;0.08;31.10;437.99;36.000;144.79;0.14;33.06;255.80;20.000;80.80;0.09;31.59;317.75;25.000;101.00;0.10;31.79;389.69;31.000;125.24;0.14;32.14;345.23;27.000;106.58;0.11;30.87;368.71;29.000;117.16;0.11;31.78;564.56;44.000;178.76;0.17;31.66;444.66;34.000;144.01;0.12;32.39;265.11;19.000;84.61;0.07;31.92;499.51;39.000;162.86;0.13;32.60;246.16;19.000;76.11;0.06;30.92;219.83;17.000;71.68;0.06;32.61;387.05;30.000;122.30;0.09;31.60;503.50;35.000;163.80;0.14;32.53;653.80;45.000;216.05;0.17;33.05;553.13;37.000;184.98;0.18;33.44;603.62;38.000;225.52;0.20;37.36;462.91;29.000;174.36;0.14;37.67;303.01;19.000;113.96;0.09;37.61;466.89;31.000;172.44;0.14;36.93;481.66;34.000;177.46;0.13;36.84;487.97;38.000;172.97;0.12;35.45;366.73;27.000;134.23;0.09;36.60;348.99;26.000;122.19;0.11;35.01;683.55;45.000;249.40;0.20;36.49
34971;NUTRIPICK CORIANDER 20G;4;22606.78;1 697.000;7264.93;0.14;32.14;452.56;44.000;153.56;0.18;33.93;615.44;56.000;195.44;0.22;31.76;351.68;32.000;111.68;0.13;31.76;373.66;34.000;118.66;0.15;31.76;439.05;40.000;139.05;0.17;31.67;362.67;33.000;115.17;0.14;31.76;307.17;28.000;97.17;0.11;31.63;208.25;20.000;63.75;0.06;30.61;239.76;24.000;71.76;0.07;29.93;339.66;34.000;101.66;0.09;29.93;262.76;24.000;83.26;0.07;31.69;111.90;10.000;34.90;0.04;31.19;321.75;25.000;98.25;0.10;30.54;581.56;44.000;182.56;0.17;31.39;382.67;33.000;124.67;0.12;32.58;417.07;38.000;132.07;0.14;31.67;362.67;33.000;115.17;0.13;31.76;373.66;34.000;118.66;0.12;31.76;406.63;37.000;129.13;0.12;31.76;209.80;20.000;64.80;0.06;30.89;389.61;39.000;116.61;0.10;29.93;581.54;46.000;190.54;0.16;32.76;418.68;32.000;139.68;0.13;33.36;573.59;41.000;184.09;0.18;32.09;691.49;51.000;217.99;0.21;31.52;545.58;42.000;167.58;0.18;30.72;415.68;32.000;127.68;0.13;30.72;467.64;36.000;143.64;0.16;30.72;459.66;34.000;144.66;0.15;31.47;614.59;41.000;204.59;0.20;33.29;583.11;39.000;193.11;0.19;33.12;370.74;26.000;120.24;0.10;32.43;461.67;33.000;148.17;0.12;32.09;419.70;30.000;134.70;0.10;32.09;461.67;33.000;148.17;0.11;32.09;412.72;28.000;125.72;0.10;30.46;852.93;57.000;254.43;0.18;29.83;669.30;45.000;196.80;0.17;29.40;704.53;47.000;211.03;0.17;29.95;494.67;33.000;148.17;0.14;29.95;429.13;27.000;145.63;0.13;33.94;350.98;22.000;119.98;0.10;34.18;478.90;30.000;163.90;0.13;34.22;557.25;35.000;189.75;0.15;34.05;558.05;35.000;190.55;0.14;34.15;350.18;22.000;119.18;0.08;34.03;479.70;30.000;164.70;0.12;34.33;723.61;39.000;254.11;0.22;35.12;969.51;49.000;348.16;0.28;35.91
34973;CABBAGE MIX 300G;4;13284.23;1 092.000;4338.68;0.08;32.66;336.08;27.000;107.08;0.12;31.86;223.84;16.000;71.84;0.08;32.09;391.72;28.000;125.72;0.15;32.09;223.14;16.000;71.14;0.09;31.88;195.16;14.000;62.16;0.07;31.85;265.11;19.000;84.61;0.10;31.92;251.80;20.000;79.80;0.09;31.69;219.78;22.000;69.78;0.07;31.75;112.88;12.000;38.38;0.04;34.00;200.79;21.000;67.79;0.06;33.76;183.81;19.000;57.81;0.05;31.45;255.81;19.000;82.11;0.08;32.10;307.83;17.000;95.93;0.10;31.16;325.84;16.000;99.34;0.09;30.49;163.91;9.000;50.36;0.05;30.72;195.87;13.000;63.32;0.07;32.33;205.86;14.000;64.56;0.07;31.36;348.75;25.000;108.45;0.11;31.10;276.79;21.000;85.79;0.08;30.99;253.80;20.000;83.30;0.07;32.82;349.68;32.000;110.68;0.10;31.65;344.65;35.000;104.65;0.09;30.36;281.71;29.000;89.71;0.08;31.84;237.75;25.000;81.25;0.08;34.17;303.74;26.000;103.74;0.10;34.15;209.83;17.000;65.33;0.07;31.13;295.76;24.000;98.76;0.10;33.39;299.77;23.000;97.77;0.11;32.62;284.80;20.000;93.05;0.10;32.67;273.80;20.000;86.85;0.08;31.72;248.84;16.000;81.64;0.08;32.81;377.72;28.000;127.12;0.11;33.65;430.59;41.000;134.69;0.11;31.28;369.63;37.000;112.48;0.09;30.43;286.70;30.000;91.20;0.07;31.81;234.76;24.000;72.96;0.06;31.08;263.25;25.000;82.50;0.06;31.34;363.09;31.000;120.24;0.10;33.12;262.79;21.000;83.74;0.07;31.87;335.76;24.000;105.96;0.10;31.56;203.88;12.000;72.48;0.06;35.55;398.75;25.000;145.00;0.12;36.36;217.85;15.000;79.60;0.06;36.54;183.84;16.000;68.64;0.05;37.34;355.66;34.000;128.06;0.09;36.01;242.73;27.000;82.08;0.06;33.82;332.66;34.000;115.91;0.08;34.84;142.87;13.000;52.52;0.05;36.76;212.80;20.000;80.80;0.06;37.97
35002;LETTUCE;4;41540.84;2 676.000;11872.83;0.22;28.58;970.26;44.000;275.24;0.32;28.37;0.00;0.000;0.00;0.00;0.00;986.33;67.000;298.68;0.35;30.28;0.00;0.000;0.00;0.00;0.00;0.00;0.000;0.00;0.00;0.00;515.64;36.000;121.44;0.14;23.55;2696.26;174.000;851.16;0.95;31.57;2976.61;239.000;794.36;0.81;26.69;3825.19;286.000;1120.49;1.05;29.29;2696.44;136.000;758.64;0.64;28.13;675.74;26.000;203.84;0.18;30.17;1275.42;58.000;408.32;0.41;32.01;0.00;0.000;0.00;0.00;0.00;0.00;0.000;0.00;0.00;0.00;0.00;0.000;0.00;0.00;0.00;0.00;0.000;0.00;0.00;0.00;0.00;0.000;0.00;0.00;0.00;0.00;0.000;0.00;0.00;0.00;2712.72;148.000;865.16;0.81;31.89;833.41;59.000;248.30;0.22;29.79;943.41;59.000;179.36;0.15;19.01;6805.52;393.000;1809.37;1.56;26.59;0.00;0.000;0.00;0.00;0.00;0.00;0.000;0.00;0.00;0.00;0.00;0.000;0.00;0.00;0.00;264.85;15.000;100.60;0.11;37.98;2290.30;160.000;599.30;0.61;26.17;0.00;0.000;0.00;0.00;0.00;0.00;0.000;0.00;0.00;0.00;0.00;0.000;0.00;0.00;0.00;0.00;0.000;0.00;0.00;0.00;718.78;72.000;144.38;0.12;20.09;2640.10;215.000;766.85;0.64;29.05;828.76;64.000;268.76;0.21;32.43;0.00;0.000;0.00;0.00;0.00;0.00;0.000;0.00;0.00;0.00;0.00;0.000;0.00;0.00;0.00;841.83;22.000;285.23;0.24;33.88;0.00;0.000;0.00;0.00;0.00;0.00;0.000;0.00;0.00;0.00;566.79;21.000;199.29;0.18;35.16;0.00;0.000;0.00;0.00;0.00;0.00;0.000;0.00;0.00;0.00;958.43;97.000;284.28;0.23;29.66;2116.96;184.000;516.16;0.38;24.38;2401.09;101.000;773.62;0.52;32.22;0.00;0.000;0.00;0.00;0.00;0.00;0.000;0.00;0.00;0.00;0.00;0.000;0.00;0.00;0.00
35026;SMOUS AARTAPPELS;4;578082.20;44 814.000;205493.50;3.85;35.55;9055.00;908.000;2947.45;3.39;32.55;9396.50;942.000;3144.50;3.54;33.46;8196.00;822.000;2784.20;3.25;33.97;6973.00;700.000;3123.00;4.05;44.79;7781.00;780.000;3216.50;3.87;41.34;8598.00;862.000;3892.40;4.58;45.27;7729.50;775.000;3157.00;3.53;40.84;7821.50;784.000;3603.90;3.65;46.08;6961.00;699.000;3557.50;3.34;51.11;7872.50;789.000;3364.10;2.82;42.73;11778.50;1 180.000;3893.40;3.45;33.06;12163.50;1 218.000;3759.30;3.81;30.91;9053.50;907.000;3233.04;3.29;35.71;12812.50;1 285.000;5381.56;5.07;42.00;13462.50;1 350.000;6037.50;6.03;44.85;11330.60;1 076.000;4184.92;4.53;36.93;13646.60;1 229.000;4564.70;4.99;33.45;14819.50;1 486.000;4863.30;4.75;32.82;17630.75;1 552.000;4867.35;4.56;27.61;24164.50;1 614.000;6563.30;5.90;27.16;20679.75;1 383.000;6019.95;5.20;29.11;14487.75;968.000;4226.95;3.65;29.18;17307.00;1 157.000;5042.80;4.55;29.14;17022.00;1 141.000;4927.40;4.83;28.95;16810.50;1 123.000;6154.45;5.86;36.61;14034.00;938.000;3934.44;4.16;28.04;16616.25;1 111.000;5444.25;5.50;32.76;13113.00;877.000;5114.76;5.68;39.01;11125.50;744.000;4340.22;4.62;39.01;11384.25;761.000;4443.93;4.29;39.04;10483.50;701.000;4090.38;4.00;39.02;16450.50;1 100.000;6425.46;5.41;39.06;11364.75;760.000;4281.99;3.57;37.68;10090.50;674.000;3458.34;2.67;34.27;11166.00;743.000;3854.88;2.83;34.52;10671.75;713.000;3655.83;2.93;34.26;13966.50;933.000;4785.78;3.47;34.27;12942.00;867.000;4410.72;3.72;34.08;13513.50;903.000;4627.98;3.71;34.25;12553.50;839.000;4297.74;4.11;34.24;11425.50;764.000;3907.74;3.46;34.20;11360.25;760.000;3881.85;3.10;34.17;8543.25;571.000;2924.61;2.35;34.23;8561.25;573.000;2922.93;2.34;34.14;7613.25;509.000;2604.69;1.91;34.21;7710.00;516.000;2632.56;1.78;34.14;8380.50;560.000;2870.10;2.02;34.25;8541.75;571.000;3970.95;3.49;46.49;8917.50;596.000;6100.90;4.85;68.41
35029; BLACK WATTLE HOUT;4;494478.82;20 949.000;155556.82;2.91;31.46;8664.66;434.000;2588.66;2.98;29.88;14391.80;720.000;4311.80;4.85;29.96;12233.88;612.000;3665.88;4.28;29.96;13837.00;706.000;3953.00;5.13;28.57;18359.52;924.000;5175.52;6.22;28.19;16798.79;731.000;5102.79;6.01;30.38;13302.01;579.000;4038.01;4.51;30.36;11699.61;509.000;3555.61;3.60;30.39;8272.95;360.000;2512.95;2.36;30.38;13558.35;590.000;4118.35;3.45;30.38;8483.31;369.000;2579.31;2.28;30.40;6413.06;279.000;1949.06;1.98;30.39;8805.17;383.000;2677.17;2.73;30.40;15833.21;689.000;4809.21;4.53;30.37;14252.65;620.000;4332.65;4.33;30.40;15768.84;686.000;4792.84;5.18;30.39;19111.58;832.000;5799.58;6.34;30.35;13446.85;585.000;4086.85;3.99;30.39;14339.77;607.000;4130.77;3.87;28.81;8463.67;353.000;2462.67;2.21;29.10;8438.48;352.000;2454.48;2.12;29.09;13625.12;568.000;3969.12;3.43;29.13;7916.70;330.000;2306.70;2.08;29.14;6453.31;269.000;1880.31;1.84;29.14;10937.04;456.000;3185.04;3.03;29.12;6811.96;284.000;1983.96;2.10;29.12;8564.43;357.000;2495.43;2.52;29.14;11630.35;485.000;3385.35;3.76;29.11;12050.17;503.000;3499.17;3.73;29.04;10973.02;458.000;3187.02;3.08;29.04;12108.95;505.000;3523.95;3.45;29.10;6978.69;291.000;2031.69;1.71;29.11;6754.31;277.000;2045.31;1.71;30.28;10972.50;439.000;3509.50;2.71;31.98;6992.50;280.000;2232.50;1.64;31.93;4650.00;186.000;1488.00;1.19;32.00;6548.75;262.000;2094.75;1.52;31.99;8487.50;340.000;2707.50;2.28;31.90;7895.00;316.000;2523.00;2.03;31.96;11500.88;416.000;4377.88;4.19;38.07;10952.42;378.000;4526.42;4.00;41.33;7040.22;243.000;2909.22;2.33;41.32;5767.56;199.000;2384.56;1.92;41.34;7591.03;262.000;3137.03;2.51;41.33;6693.79;231.000;2766.79;2.03;41.33;6434.33;222.000;2660.33;1.79;41.35;6082.10;210.000;2512.10;1.76;41.30;3854.22;133.000;1593.22;1.40;41.34;3736.81;129.000;1543.81;1.23;41.31
35031;KIWI FRUITS;4;57772.09;4 823.000;19210.39;0.36;33.25;1034.71;129.000;294.54;0.34;28.47;781.10;90.000;238.76;0.27;30.57;714.01;99.000;238.77;0.28;33.44;422.27;53.000;147.51;0.19;34.93;520.27;73.000;177.44;0.21;34.10;440.51;49.000;150.92;0.18;34.26;934.51;104.000;312.26;0.35;33.41;811.16;84.000;277.13;0.28;34.16;1254.73;117.000;510.90;0.48;40.72;992.16;74.000;317.16;0.27;31.97;1024.52;88.000;321.08;0.28;31.34;999.48;107.000;336.76;0.34;33.69;1002.61;99.000;340.30;0.35;33.94;997.89;111.000;304.93;0.29;30.56;885.08;92.000;286.82;0.29;32.41;699.30;70.000;222.66;0.24;31.84;616.38;62.000;186.55;0.20;30.27;839.23;77.000;277.12;0.27;33.02;1031.25;75.000;306.78;0.29;29.75;1436.96;104.000;465.20;0.42;32.37;1036.60;80.000;318.20;0.27;30.70;1696.02;118.000;536.53;0.46;31.63;1217.21;79.000;406.70;0.37;33.41;1016.33;72.000;340.18;0.33;33.47;1234.05;95.000;426.07;0.41;34.53;1212.96;59.000;348.33;0.37;28.72;1259.27;99.000;417.19;0.42;33.13;1187.94;106.000;381.33;0.42;32.10;1428.58;107.000;450.10;0.48;31.51;1098.32;88.000;365.09;0.35;33.24;1095.28;92.000;365.72;0.36;33.39;1446.35;130.000;485.80;0.41;33.59;1342.09;111.000;442.84;0.37;33.00;1520.75;125.000;469.66;0.36;30.88;1104.15;85.000;348.60;0.26;31.57;1652.03;147.000;509.03;0.41;30.81;1560.97;138.000;492.59;0.36;31.56;1127.79;101.000;354.96;0.30;31.47;1604.01;84.000;504.99;0.41;31.48;1451.12;88.000;499.59;0.48;34.43;1339.28;112.000;448.88;0.40;33.52;1486.06;119.000;534.89;0.43;35.99;1208.07;93.000;446.06;0.36;36.92;1810.03;132.000;635.38;0.51;35.10;1513.15;90.000;522.33;0.38;34.52;1427.99;101.000;499.21;0.34;34.96;1762.50;131.000;664.34;0.47;37.69;1426.98;102.000;532.10;0.47;37.29;2068.08;182.000;750.13;0.60;36.27
35032;POTATO LARGE MEDIUM 10KG;4;283417.90;2 725.000;33906.90;0.63;11.96;8871.52;133.000;946.52;1.09;10.67;9598.81;119.000;925.81;1.04;9.65;6800.21;79.000;671.21;0.78;9.87;4825.67;58.000;505.67;0.66;10.48;6151.36;74.000;628.36;0.76;10.21;4521.81;59.000;460.81;0.54;10.19;5987.88;82.000;630.88;0.70;10.54;5750.07;83.000;577.07;0.59;10.04;7187.90;100.000;724.90;0.68;10.09;4633.31;54.000;457.31;0.38;9.87;5830.14;56.000;602.14;0.53;10.33;3501.67;33.000;360.67;0.37;10.30;5463.80;50.000;539.80;0.55;9.88;5040.50;50.000;504.50;0.48;10.01;7550.12;73.000;748.12;0.75;9.91;6590.55;55.000;615.55;0.67;9.34;5662.83;52.000;535.83;0.59;9.46;6548.27;58.000;640.27;0.63;9.78;5497.72;43.000;501.72;0.47;9.13;3119.32;18.000;319.32;0.29;10.24;8566.33;67.000;899.33;0.78;10.50;11160.98;102.000;1089.98;0.94;9.77;11524.56;84.000;1154.56;1.04;10.02;9524.26;74.000;1004.26;0.98;10.54;7277.40;60.000;767.40;0.73;10.54;6967.73;62.000;710.73;0.75;10.20;8400.10;75.000;985.10;0.99;11.73;4696.63;37.000;661.63;0.73;14.09;5445.51;49.000;855.51;0.91;15.71;3729.69;31.000;569.69;0.55;15.27;6065.99;41.000;870.99;0.85;14.36;6196.59;41.000;931.59;0.78;15.03;3684.06;29.000;605.06;0.50;16.42;4234.05;35.000;641.05;0.49;15.14;9858.10;65.000;1588.10;1.16;16.11;6284.51;49.000;1109.51;0.89;17.65;5936.32;48.000;902.32;0.65;15.20;2465.80;20.000;311.80;0.26;12.64;1331.91;9.000;206.91;0.17;15.53;1839.94;16.000;274.94;0.26;14.94;1231.89;11.000;186.89;0.17;15.17;335.97;3.000;50.97;0.04;15.17;2075.74;26.000;307.74;0.25;14.83;6742.22;78.000;991.22;0.79;14.70;4271.52;48.000;671.52;0.49;15.72;5337.50;50.000;807.50;0.54;15.13;6279.42;58.000;964.42;0.68;15.36;8009.20;80.000;1189.20;1.04;14.85;4810.52;48.000;700.52;0.56;14.56
35034;POTATO 1STE KLEIN 10KG;4;228108.42;3 278.000;29809.42;0.56;13.07;6117.28;122.000;674.28;0.78;11.02;2694.46;44.000;286.46;0.32;10.63;2598.63;37.000;284.63;0.33;10.95;4278.83;67.000;458.83;0.60;10.72;4310.34;66.000;481.34;0.58;11.17;4389.29;71.000;472.29;0.56;10.76;4129.84;66.000;445.84;0.50;10.80;6890.82;133.000;694.82;0.70;10.08;4869.30;85.000;527.30;0.49;10.83;5567.63;92.000;576.63;0.48;10.36;4541.44;56.000;478.44;0.42;10.53;5016.45;55.000;511.45;0.52;10.20;2703.03;32.000;270.03;0.28;9.99;3100.59;41.000;342.59;0.32;11.05;3047.60;40.000;323.60;0.32;10.62;2110.94;26.000;220.94;0.24;10.47;5202.78;67.000;502.78;0.55;9.66;2746.75;30.000;270.75;0.26;9.86;3080.73;27.000;317.73;0.30;10.31;3046.84;21.000;295.84;0.27;9.71;3261.70;30.000;337.70;0.29;10.35;4609.63;52.000;484.63;0.42;10.51;5048.07;48.000;409.07;0.37;8.10;3329.69;31.000;340.69;0.33;10.23;4033.54;46.000;428.54;0.41;10.62;2957.46;34.000;307.46;0.33;10.40;2376.48;27.000;310.48;0.31;13.06;2818.69;31.000;448.69;0.50;15.92;2756.67;33.000;435.67;0.46;15.80;4511.52;48.000;675.52;0.65;14.97;2674.79;21.000;399.79;0.39;14.95;2835.30;25.000;430.30;0.36;15.18;3670.60;40.000;576.60;0.48;15.71;2443.03;27.000;373.03;0.29;15.27;2125.32;23.000;319.32;0.23;15.02;2396.91;29.000;454.91;0.36;18.98;5265.75;65.000;805.75;0.58;15.30;5726.94;81.000;872.94;0.74;15.24;0.00;0.000;0.00;0.00;0.00;7875.15;100.000;1201.15;1.15;15.25;8893.14;116.000;1373.14;1.21;15.44;8636.55;120.000;1318.55;1.05;15.27;8316.52;148.000;1291.52;1.04;15.53;6795.04;131.000;1005.04;0.80;14.79;8310.18;177.000;1230.18;0.90;14.80;7280.19;126.000;1140.19;0.77;15.66;9779.84;136.000;1476.84;1.04;15.10;8237.35;140.000;1226.35;1.08;14.89;10698.80;215.000;1698.80;1.35;15.88
35035;POTATO X KLEIN 10KG;4;153637.07;2 568.000;20033.07;0.37;13.04;4135.96;104.000;404.96;0.47;9.79;7115.78;152.000;622.78;0.70;8.75;3372.88;62.000;362.88;0.42;10.76;2803.07;58.000;277.07;0.36;9.88;4421.15;85.000;474.15;0.57;10.72;4199.90;85.000;462.90;0.54;11.02;4543.47;88.000;481.47;0.54;10.60;3329.90;75.000;385.90;0.39;11.59;3233.16;69.000;383.16;0.36;11.85;2070.30;45.000;234.30;0.20;11.32;0.00;0.000;0.00;0.00;0.00;0.00;0.000;0.00;0.00;0.00;0.00;0.000;0.00;0.00;0.00;1133.82;18.000;123.82;0.12;10.92;3656.17;58.000;415.17;0.41;11.36;2896.59;41.000;316.59;0.34;10.93;3175.65;55.000;343.65;0.38;10.82;3734.55;45.000;454.55;0.44;12.17;3177.65;35.000;260.65;0.24;8.20;4491.66;34.000;525.66;0.47;11.70;3012.92;33.000;322.92;0.28;10.72;2286.89;31.000;237.89;0.21;10.40;3203.82;38.000;328.82;0.30;10.26;1406.85;15.000;149.85;0.15;10.65;2303.74;26.000;262.74;0.25;11.40;2853.33;37.000;309.33;0.33;10.84;2458.37;33.000;313.37;0.32;12.75;3846.80;50.000;568.80;0.63;14.79;2280.84;31.000;360.84;0.38;15.82;2516.94;31.000;424.94;0.41;16.88;1338.28;12.000;180.28;0.18;13.47;4266.55;45.000;646.55;0.54;15.15;3447.23;52.000;521.23;0.43;15.12;1934.75;25.000;299.75;0.23;15.49;2862.05;35.000;414.05;0.30;14.47;4892.29;71.000;930.29;0.75;19.02;1274.80;20.000;199.80;0.14;15.67;3352.85;55.000;482.85;0.41;14.40;4888.35;65.000;744.35;0.60;15.23;4751.77;68.000;739.77;0.71;15.57;2499.95;45.000;404.95;0.36;16.20;2372.55;45.000;365.55;0.29;15.41;1916.31;49.000;310.31;0.25;16.19;3021.87;73.000;466.87;0.37;15.45;3396.02;83.000;491.02;0.36;14.46;5213.91;109.000;818.91;0.55;15.71;5343.15;85.000;798.15;0.56;14.94;5307.51;104.000;779.51;0.68;14.69;3894.72;93.000;629.72;0.50;16.17
35052;ONIONS 2KG;4;164466.34;6 102.000;42339.32;0.79;25.74;4048.28;257.000;1165.88;1.34;28.80;3807.36;214.000;980.96;1.10;25.76;1880.15;105.000;498.95;0.58;26.54;1942.62;108.000;559.02;0.73;28.78;1731.12;88.000;444.92;0.54;25.70;2295.63;107.000;571.03;0.67;24.87;2175.34;86.000;470.34;0.53;21.62;2723.73;77.000;658.73;0.67;24.18;3946.83;107.000;855.83;0.80;21.68;3253.22;93.000;825.22;0.69;25.37;3675.65;115.000;961.65;0.85;26.16;3902.16;124.000;1183.76;1.20;30.34;3041.63;117.000;819.23;0.83;26.93;4750.84;161.000;1067.84;1.01;22.48;4264.00;120.000;1003.00;1.00;23.52;4125.15;95.000;1014.35;1.10;24.59;2895.02;73.000;747.02;0.82;25.80;3766.82;118.000;934.82;0.91;24.82;2061.37;63.000;524.37;0.49;25.44;5116.17;163.000;1365.17;1.23;26.68;4125.33;157.000;1079.33;0.93;26.16;2317.09;86.000;631.49;0.55;27.25;2074.18;77.000;564.98;0.51;27.24;4883.70;245.000;1061.30;1.04;21.73;5423.02;223.000;1389.82;1.32;25.63;3368.73;97.000;883.53;0.93;26.23;2054.12;58.000;542.52;0.55;26.41;3487.37;103.000;912.37;1.01;26.16;5159.68;152.000;1359.68;1.45;26.35;4648.13;137.000;1223.13;1.18;26.31;3857.59;131.000;1086.59;1.06;28.17;4020.90;150.000;1178.90;0.99;29.32;2826.02;118.000;702.02;0.59;24.84;2154.30;90.000;534.30;0.41;24.80;2226.27;93.000;552.27;0.41;24.81;2961.56;124.000;729.56;0.58;24.63;1410.61;59.000;348.61;0.25;24.71;5496.09;201.000;1303.09;1.10;23.71;3969.17;133.000;910.17;0.73;22.93;3139.95;105.000;724.95;0.69;23.09;5741.58;192.000;1325.58;1.17;23.09;4598.96;154.000;1056.96;0.85;22.98;4275.07;143.000;986.07;0.79;23.07;2492.02;108.000;759.02;0.61;30.46;2094.73;97.000;649.53;0.48;31.01;2194.57;113.000;700.75;0.47;31.93;2727.84;122.000;843.64;0.59;30.93;3439.34;176.000;1047.34;0.92;30.45;1895.33;67.000;599.73;0.48;31.64
35053;POTATO 2KG;4;225889.54;7 891.000;64543.34;1.21;28.57;4574.39;276.000;1379.99;1.59;30.17;3228.19;161.000;876.39;0.99;27.15;2613.60;125.000;701.20;0.82;26.83;2630.11;139.000;684.11;0.89;26.01;2374.17;113.000;631.57;0.76;26.60;2620.69;141.000;677.89;0.80;25.87;2647.72;143.000;714.72;0.80;26.99;2832.85;160.000;774.45;0.79;27.34;2939.56;164.000;829.56;0.78;28.22;3253.83;157.000;836.23;0.70;25.70;5104.20;205.000;1332.20;1.18;26.10;4685.62;188.000;1226.42;1.24;26.17;5363.03;207.000;1430.03;1.46;26.66;5500.78;212.000;1472.78;1.39;26.77;5463.09;211.000;1454.09;1.45;26.62;5874.31;204.000;1558.31;1.69;26.53;5440.23;192.000;1414.23;1.54;26.00;4932.34;206.000;1265.54;1.24;25.66;5627.11;209.000;1405.31;1.32;24.97;13213.40;385.000;3391.60;3.05;25.67;7825.29;201.000;1996.29;1.72;25.51;6070.74;156.000;1546.74;1.34;25.48;4936.13;127.000;1253.13;1.13;25.39;6575.66;169.000;1674.66;1.64;25.47;6626.64;226.000;1648.64;1.57;24.88;3781.33;137.000;1007.33;1.07;26.64;3182.57;108.000;872.57;0.88;27.42;5900.91;204.000;1820.91;2.02;30.86;6741.62;233.000;2081.62;2.22;30.88;7804.10;270.000;2404.10;2.32;30.81;7454.39;246.000;2308.19;2.26;30.96;8714.79;231.000;2791.39;2.35;32.03;5997.53;177.000;1926.53;1.61;32.12;4751.80;140.000;1531.80;1.18;32.24;7219.47;213.000;2320.47;1.70;32.14;4750.10;140.000;1530.10;1.23;32.21;4948.94;146.000;1590.94;1.15;32.15;5455.39;161.000;1752.39;1.48;32.12;6952.65;205.000;2237.65;1.80;32.18;5727.31;169.000;1840.31;1.76;32.13;3329.32;98.000;1075.32;0.95;32.30;2984.32;88.000;960.32;0.77;32.18;1558.44;46.000;500.44;0.40;32.11;1085.98;32.000;349.98;0.28;32.23;1051.99;31.000;338.99;0.25;32.22;304.21;9.000;97.21;0.07;31.95;0.00;0.000;0.00;0.00;0.00;1119.55;45.000;354.55;0.31;31.67;2119.15;85.000;674.15;0.54;31.81
35055;PINEAPPLES;4;158002.78;12 523.000;46813.35;0.88;29.63;2106.00;150.000;832.06;0.96;39.51;1541.20;100.000;511.69;0.58;33.20;2227.71;227.000;799.71;0.93;35.90;2028.59;232.000;619.16;0.80;30.52;2737.64;330.000;605.53;0.73;22.12;3484.18;407.000;1108.56;1.30;31.82;2737.30;225.000;842.47;0.94;30.78;3855.34;251.000;1215.47;1.23;31.53;3975.98;247.000;970.52;0.91;24.41;3214.83;212.000;905.88;0.76;28.18;2153.28;172.000;672.49;0.60;31.23;2642.84;126.000;768.88;0.78;29.09;3197.51;198.000;1039.13;1.06;32.50;3254.80;200.000;933.00;0.88;28.67;2395.69;196.000;515.67;0.51;21.52;2359.57;218.000;748.88;0.81;31.74;2183.02;213.000;697.67;0.76;31.96;4374.13;526.000;1264.21;1.24;28.90;1940.02;178.000;606.52;0.57;31.26;2445.75;155.000;762.30;0.68;31.17;3491.56;179.000;1113.71;0.96;31.90;2846.07;154.000;922.57;0.80;32.42;3279.64;276.000;1017.68;0.92;31.03;3946.21;459.000;1298.29;1.27;32.90;2699.71;179.000;817.07;0.78;30.27;1495.34;71.000;456.52;0.48;30.53;2393.93;207.000;678.50;0.69;28.34;2647.63;227.000;771.25;0.86;29.13;3637.00;320.000;942.99;1.00;25.93;2839.23;182.000;704.77;0.68;24.82;3022.27;153.000;914.53;0.89;30.26;5303.11;294.000;1239.55;1.04;23.37;4095.36;239.000;1101.06;0.92;26.89;4206.08;307.000;1226.20;0.95;29.15;4149.41;204.000;1197.71;0.88;28.86;5085.99;411.000;1211.71;0.97;23.82;5848.86;389.000;1690.06;1.23;28.90;1300.17;93.000;431.42;0.36;33.18;1565.27;93.000;751.52;0.60;48.01;1277.59;72.000;399.20;0.38;31.25;1145.98;77.000;430.98;0.38;37.61;2587.64;221.000;760.15;0.61;29.38;2538.21;255.000;858.21;0.69;33.81;2818.57;163.000;1053.34;0.84;37.37;3088.24;181.000;1053.35;0.77;34.11;9086.22;888.000;2435.99;1.64;26.81;6343.57;575.000;1840.39;1.29;29.01;6316.78;657.000;2146.43;1.88;33.98;4091.76;434.000;928.44;0.74;22.69
38780;MANGOES LOOSE;4;34674.60;3 026.000;10238.90;0.19;29.53;2545.44;176.000;790.57;0.91;31.06;1587.68;112.000;336.78;0.38;21.21;621.68;32.000;186.75;0.22;30.04;0.00;0.000;0.00;0.00;0.00;0.00;0.000;0.00;0.00;0.00;0.00;0.000;0.00;0.00;0.00;0.00;0.000;0.00;0.00;0.00;0.00;0.000;0.00;0.00;0.00;1625.87;102.000;430.76;0.40;26.49;2116.32;168.000;643.84;0.54;30.42;0.00;0.000;0.00;0.00;0.00;0.00;0.000;0.00;0.00;0.00;0.00;0.000;0.00;0.00;0.00;285.78;22.000;87.78;0.08;30.72;168.87;13.000;51.87;0.05;30.72;0.00;0.000;0.00;0.00;0.00;0.00;0.000;0.00;0.00;0.00;0.00;0.000;0.00;0.00;0.00;0.00;0.000;0.00;0.00;0.00;0.00;0.000;0.00;0.00;0.00;535.20;30.000;160.20;0.14;29.93;2204.25;175.000;642.41;0.56;29.14;4555.07;458.000;1351.60;1.22;29.67;623.58;42.000;207.78;0.20;33.32;3900.43;312.000;1335.33;1.27;34.24;754.73;52.000;248.83;0.26;32.97;254.08;17.000;84.08;0.08;33.09;0.00;0.000;0.00;0.00;0.00;0.00;0.000;0.00;0.00;0.00;0.00;0.000;0.00;0.00;0.00;0.00;0.000;0.00;0.00;0.00;0.00;0.000;0.00;0.00;0.00;342.83;17.000;81.16;0.07;23.67;620.73;27.000;185.73;0.14;29.92;0.00;0.000;0.00;0.00;0.00;0.00;0.000;0.00;0.00;0.00;0.00;0.000;0.00;0.00;0.00;0.00;0.000;0.00;0.00;0.00;0.00;0.000;0.00;0.00;0.00;0.00;0.000;0.00;0.00;0.00;0.00;0.000;0.00;0.00;0.00;0.00;0.000;0.00;0.00;0.00;0.00;0.000;0.00;0.00;0.00;0.00;0.000;0.00;0.00;0.00;0.00;0.000;0.00;0.00;0.00;79.92;8.000;31.92;0.02;39.94;6488.38;785.000;1877.03;1.32;28.93;2538.53;266.000;773.53;0.68;30.47;2825.23;212.000;730.95;0.58;25.87
38959;COLESLAW 300G;4;23492.79;2 181.000;7701.94;0.14;32.78;504.03;52.000;161.53;0.19;32.05;658.85;60.000;208.85;0.24;31.70;505.54;46.000;160.54;0.19;31.76;351.13;32.000;111.13;0.14;31.65;362.12;33.000;114.62;0.14;31.65;317.61;29.000;100.11;0.12;31.52;493.52;48.000;159.02;0.18;32.22;344.61;39.000;114.61;0.12;33.26;399.54;46.000;137.54;0.13;34.42;579.34;66.000;198.34;0.17;34.24;512.47;53.000;177.97;0.16;34.73;564.50;50.000;188.25;0.19;33.35;501.64;36.000;160.74;0.16;32.04;543.64;36.000;167.64;0.16;30.84;382.74;26.000;120.74;0.12;31.55;470.62;38.000;155.62;0.17;33.07;420.61;39.000;136.61;0.15;32.48;500.58;42.000;151.08;0.15;30.18;567.53;47.000;184.53;0.17;32.51;513.56;44.000;163.06;0.15;31.75;510.49;51.000;173.49;0.15;33.98;655.33;67.000;207.33;0.18;31.64;467.49;51.000;151.49;0.14;32.40;439.56;44.000;131.56;0.13;29.93;419.58;42.000;136.08;0.13;32.43;492.56;44.000;163.56;0.17;33.21;476.59;41.000;156.09;0.16;32.75;329.70;30.000;104.70;0.12;31.76;219.80;20.000;69.80;0.07;31.76;472.57;43.000;150.07;0.14;31.76;391.61;39.000;119.46;0.12;30.50;467.60;40.000;152.60;0.13;32.63;578.43;57.000;184.38;0.15;31.88;559.44;56.000;187.79;0.14;33.57;481.04;51.000;152.59;0.11;31.72;483.51;49.000;148.96;0.12;30.81;773.27;73.000;241.72;0.18;31.26;493.57;43.000;150.07;0.13;30.41;419.65;35.000;122.15;0.10;29.11;383.68;32.000;111.68;0.11;29.11;506.61;39.000;175.11;0.15;34.57;522.59;41.000;189.59;0.15;36.28;527.52;48.000;193.92;0.16;36.76;473.57;43.000;176.52;0.14;37.27;500.44;56.000;180.39;0.13;36.05;487.46;54.000;161.91;0.11;33.22;624.86;59.000;224.76;0.16;35.97;337.09;26.000;131.39;0.12;38.98;503.00;45.000;180.25;0.14;35.83
38960;PUMPKIN DICED 500G;4;15647.99;1 001.000;5172.69;0.10;33.06;63.96;4.000;20.16;0.02;31.52;211.85;15.000;67.35;0.08;31.79;378.71;29.000;116.71;0.14;30.82;143.88;12.000;47.88;0.06;33.28;354.73;27.000;109.73;0.13;30.93;164.89;11.000;49.89;0.06;30.26;374.75;25.000;112.25;0.13;29.95;83.94;6.000;26.94;0.03;32.09;111.92;8.000;35.92;0.03;32.09;223.84;16.000;72.24;0.06;32.27;170.87;13.000;52.92;0.05;30.97;116.91;9.000;40.41;0.04;34.57;128.90;10.000;42.90;0.04;33.28;237.82;18.000;77.07;0.07;32.41;239.84;16.000;80.64;0.08;33.62;201.86;14.000;66.36;0.07;32.87;240.83;17.000;78.33;0.09;32.53;323.80;20.000;96.60;0.09;29.83;422.80;20.000;130.20;0.12;30.79;498.81;19.000;158.76;0.14;31.83;237.90;10.000;76.20;0.07;32.03;489.68;32.000;160.68;0.14;32.81;269.82;18.000;89.82;0.08;33.29;200.86;14.000;62.86;0.06;31.30;189.84;16.000;62.84;0.06;33.10;331.73;27.000;102.23;0.11;30.82;174.85;15.000;59.35;0.06;33.94;259.80;20.000;89.80;0.10;34.57;301.76;24.000;97.76;0.10;32.40;517.58;42.000;153.58;0.15;29.67;433.66;34.000;135.66;0.13;31.28;379.69;31.000;123.69;0.10;32.58;259.80;20.000;79.80;0.07;30.72;342.75;25.000;109.80;0.08;32.04;204.85;15.000;65.60;0.05;32.02;415.72;28.000;139.12;0.11;33.46;374.75;25.000;126.00;0.09;33.62;516.63;37.000;167.48;0.14;32.42;486.67;33.000;162.32;0.13;33.35;350.75;25.000;114.00;0.11;32.50;373.75;25.000;138.00;0.12;36.92;510.71;29.000;184.61;0.15;36.15;351.84;16.000;125.89;0.10;35.78;777.72;28.000;273.12;0.22;35.12;601.78;22.000;216.58;0.16;35.99;389.82;18.000;137.22;0.09;35.20;456.79;21.000;163.84;0.12;35.87;439.76;24.000;160.16;0.14;36.42;311.82;18.000;111.42;0.09;35.73
38962;COLESLAW 500G;4;28265.44;1 691.000;9174.99;0.17;32.46;715.53;47.000;222.53;0.26;31.10;687.57;43.000;214.57;0.24;31.21;542.06;34.000;168.06;0.20;31.00;303.81;19.000;94.81;0.12;31.21;415.74;26.000;129.74;0.16;31.21;366.97;23.000;113.97;0.13;31.06;542.84;36.000;173.34;0.19;31.93;426.69;31.000;135.69;0.14;31.80;427.68;32.000;133.68;0.13;31.26;829.40;60.000;270.40;0.23;32.60;616.57;43.000;200.02;0.18;32.44;771.54;46.000;250.99;0.25;32.53;729.65;35.000;227.15;0.23;31.13;932.59;41.000;279.59;0.26;29.98;417.82;18.000;126.82;0.13;30.35;408.79;21.000;131.29;0.14;32.12;266.85;15.000;83.85;0.09;31.42;542.71;29.000;169.71;0.17;31.27;750.59;41.000;231.09;0.22;30.79;734.59;41.000;235.59;0.21;32.07;624.59;41.000;190.59;0.16;30.51;751.49;51.000;228.99;0.20;30.47;475.66;34.000;152.66;0.14;32.09;747.50;50.000;250.90;0.25;33.57;659.56;44.000;209.11;0.20;31.70;579.65;35.000;178.15;0.19;30.73;465.73;27.000;151.73;0.15;32.58;383.76;24.000;119.76;0.13;31.21;447.72;28.000;139.72;0.15;31.21;447.72;28.000;139.72;0.13;31.21;511.66;34.000;171.26;0.17;33.47;614.63;37.000;182.63;0.15;29.71;610.61;39.000;190.11;0.16;31.13;763.52;48.000;241.92;0.19;31.68;834.46;54.000;270.16;0.20;32.38;694.56;44.000;221.76;0.18;31.93;849.50;50.000;261.90;0.19;30.83;418.88;22.000;131.88;0.11;31.48;399.80;20.000;129.80;0.10;32.47;319.84;16.000;103.84;0.10;32.47;563.68;27.000;199.18;0.18;35.34;717.65;35.000;262.15;0.21;36.53;758.70;40.000;280.15;0.23;36.93;955.60;50.000;353.50;0.28;36.99;496.68;32.000;183.28;0.13;36.90;614.91;39.000;228.66;0.15;37.19;328.81;19.000;117.01;0.08;35.59;351.82;18.000;130.82;0.11;37.18;446.76;24.000;160.76;0.13;35.98
38974;PEACHES DESSERT P/KG;4;26055.20;983.448;8288.21;0.16;31.81;0.00;0.000;0.00;0.00;0.00;279.14;16.455;81.68;0.09;29.26;9.72;0.572;2.86;0.00;29.38;0.00;0.000;0.00;0.00;0.00;0.00;0.000;0.00;0.00;0.00;0.00;0.000;0.00;0.00;0.00;0.00;0.000;0.00;0.00;0.00;0.00;0.000;0.00;0.00;0.00;1424.34;62.541;442.23;0.41;31.05;2913.64;129.543;894.70;0.75;30.71;2840.54;124.736;844.76;0.75;29.74;840.38;32.535;254.75;0.26;30.31;48.20;1.855;14.81;0.02;30.73;0.00;0.000;0.00;0.00;0.00;0.00;0.000;0.00;0.00;0.00;0.00;0.000;0.00;0.00;0.00;0.00;0.000;0.00;0.00;0.00;0.00;0.000;0.00;0.00;0.00;0.00;0.000;0.00;0.00;0.00;0.00;0.000;0.00;0.00;0.00;1452.57;53.601;435.18;0.38;29.96;2477.66;78.090;750.14;0.65;30.28;2766.39;106.912;965.41;0.87;34.90;782.39;34.258;234.26;0.23;29.94;0.00;0.000;0.00;0.00;0.00;0.00;0.000;0.00;0.00;0.00;0.00;0.000;0.00;0.00;0.00;0.00;0.000;0.00;0.00;0.00;0.00;0.000;0.00;0.00;0.00;0.00;0.000;0.00;0.00;0.00;0.00;0.000;0.00;0.00;0.00;0.00;0.000;0.00;0.00;0.00;970.76;27.434;299.95;0.25;30.90;1298.91;48.191;399.02;0.31;30.72;1598.60;59.891;489.35;0.36;30.61;725.17;30.538;216.39;0.17;29.84;78.76;3.426;23.94;0.02;30.40;292.36;12.716;88.90;0.07;30.41;0.00;0.000;0.00;0.00;0.00;0.00;0.000;0.00;0.00;0.00;0.00;0.000;0.00;0.00;0.00;0.00;0.000;0.00;0.00;0.00;0.00;0.000;0.00;0.00;0.00;216.84;3.012;76.28;0.06;35.18;2072.74;47.132;727.15;0.53;35.08;938.05;29.688;328.07;0.22;34.97;20.51;0.662;7.27;0.01;35.45;110.18;3.576;38.66;0.03;35.09;1897.35;76.084;672.45;0.53;35.44
39529;STRAWBERRIES;4;25893.13;1 200.000;7645.14;0.14;29.53;0.00;0.000;0.00;0.00;0.00;0.00;0.000;0.00;0.00;0.00;0.00;0.000;0.00;0.00;0.00;0.00;0.000;0.00;0.00;0.00;0.00;0.000;0.00;0.00;0.00;0.00;0.000;0.00;0.00;0.00;3976.47;221.000;1189.52;1.33;29.91;4351.66;209.000;1216.82;1.23;27.96;4866.77;228.000;1303.30;1.22;26.78;795.77;28.000;225.17;0.19;28.30;0.00;0.000;0.00;0.00;0.00;0.00;0.000;0.00;0.00;0.00;249.95;5.000;64.05;0.07;25.63;0.00;0.000;0.00;0.00;0.00;0.00;0.000;0.00;0.00;0.00;0.00;0.000;0.00;0.00;0.00;0.00;0.000;0.00;0.00;0.00;818.44;36.000;250.22;0.24;30.57;1390.19;56.000;430.43;0.40;30.96;567.77;23.000;182.52;0.16;32.15;1874.72;88.000;420.37;0.36;22.42;167.93;7.000;52.78;0.05;31.43;0.00;0.000;0.00;0.00;0.00;0.00;0.000;0.00;0.00;0.00;0.00;0.000;0.00;0.00;0.00;0.00;0.000;0.00;0.00;0.00;0.00;0.000;0.00;0.00;0.00;0.00;0.000;0.00;0.00;0.00;0.00;0.000;0.00;0.00;0.00;0.00;0.000;0.00;0.00;0.00;386.80;20.000;127.80;0.12;33.04;0.00;0.000;0.00;0.00;0.00;0.00;0.000;0.00;0.00;0.00;0.00;0.000;0.00;0.00;0.00;0.00;0.000;0.00;0.00;0.00;0.00;0.000;0.00;0.00;0.00;0.00;0.000;0.00;0.00;0.00;0.00;0.000;0.00;0.00;0.00;0.00;0.000;0.00;0.00;0.00;0.00;0.000;0.00;0.00;0.00;0.00;0.000;0.00;0.00;0.00;1608.23;72.000;526.33;0.42;32.73;2066.84;91.000;651.94;0.52;31.54;848.41;34.000;301.01;0.24;35.48;1059.36;64.000;397.96;0.29;37.57;0.00;0.000;0.00;0.00;0.00;0.00;0.000;0.00;0.00;0.00;863.82;18.000;304.92;0.27;35.30;0.00;0.000;0.00;0.00;0.00
39821;SPANSPEK;4;86249.50;3 400.000;28703.53;0.54;33.28;857.61;39.000;272.61;0.31;31.79;0.00;0.000;0.00;0.00;0.00;0.00;0.000;0.00;0.00;0.00;0.00;0.000;0.00;0.00;0.00;0.00;0.000;0.00;0.00;0.00;0.00;0.000;0.00;0.00;0.00;0.00;0.000;0.00;0.00;0.00;331.90;10.000;101.90;0.10;30.70;235.88;12.000;56.88;0.05;24.11;896.51;49.000;259.51;0.22;28.95;0.00;0.000;0.00;0.00;0.00;0.00;0.000;0.00;0.00;0.00;0.00;0.000;0.00;0.00;0.00;0.00;0.000;0.00;0.00;0.00;0.00;0.000;0.00;0.00;0.00;0.00;0.000;0.00;0.00;0.00;0.00;0.000;0.00;0.00;0.00;0.00;0.000;0.00;0.00;0.00;0.00;0.000;0.00;0.00;0.00;0.00;0.000;0.00;0.00;0.00;0.00;0.000;0.00;0.00;0.00;3523.38;137.000;1269.94;1.10;36.04;5153.66;214.000;1486.53;1.34;28.84;2922.40;120.000;848.40;0.83;29.03;851.71;29.000;259.71;0.25;30.49;0.00;0.000;0.00;0.00;0.00;0.00;0.000;0.00;0.00;0.00;0.00;0.000;0.00;0.00;0.00;0.00;0.000;0.00;0.00;0.00;0.00;0.000;0.00;0.00;0.00;0.00;0.000;0.00;0.00;0.00;0.00;0.000;0.00;0.00;0.00;0.00;0.000;0.00;0.00;0.00;3062.54;146.000;1158.54;0.89;37.83;11746.01;534.000;3486.01;2.56;29.68;5066.60;140.000;2553.60;2.05;50.40;1919.25;45.000;389.25;0.28;20.28;0.00;0.000;0.00;0.00;0.00;0.00;0.000;0.00;0.00;0.00;0.00;0.000;0.00;0.00;0.00;0.00;0.000;0.00;0.00;0.00;0.00;0.000;0.00;0.00;0.00;0.00;0.000;0.00;0.00;0.00;0.00;0.000;0.00;0.00;0.00;2789.07;93.000;836.07;0.61;29.98;24269.40;940.000;7421.40;5.01;30.58;16412.51;639.000;6070.11;4.26;36.98;5234.42;218.000;1884.42;1.65;36.00;976.65;35.000;348.65;0.28;35.70
39879;MIELIES LOOSE;4;9286.82;1 858.000;3042.32;0.06;32.76;0.00;0.000;0.00;0.00;0.00;0.00;0.000;0.00;0.00;0.00;0.00;0.000;0.00;0.00;0.00;0.00;0.000;0.00;0.00;0.00;0.00;0.000;0.00;0.00;0.00;0.00;0.000;0.00;0.00;0.00;0.00;0.000;0.00;0.00;0.00;0.00;0.000;0.00;0.00;0.00;0.00;0.000;0.00;0.00;0.00;0.00;0.000;0.00;0.00;0.00;0.00;0.000;0.00;0.00;0.00;0.00;0.000;0.00;0.00;0.00;682.86;114.000;226.86;0.23;33.22;197.67;33.000;65.67;0.06;33.22;0.00;0.000;0.00;0.00;0.00;0.00;0.000;0.00;0.00;0.00;0.00;0.000;0.00;0.00;0.00;0.00;0.000;0.00;0.00;0.00;0.00;0.000;0.00;0.00;0.00;0.00;0.000;0.00;0.00;0.00;0.00;0.000;0.00;0.00;0.00;0.00;0.000;0.00;0.00;0.00;0.00;0.000;0.00;0.00;0.00;0.00;0.000;0.00;0.00;0.00;0.00;0.000;0.00;0.00;0.00;0.00;0.000;0.00;0.00;0.00;0.00;0.000;0.00;0.00;0.00;0.00;0.000;0.00;0.00;0.00;0.00;0.000;0.00;0.00;0.00;0.00;0.000;0.00;0.00;0.00;0.00;0.000;0.00;0.00;0.00;0.00;0.000;0.00;0.00;0.00;0.00;0.000;0.00;0.00;0.00;0.00;0.000;0.00;0.00;0.00;4111.81;728.000;1540.81;1.13;37.47;837.60;157.000;273.60;0.22;32.66;187.71;29.000;57.21;0.04;30.48;0.00;0.000;0.00;0.00;0.00;0.00;0.000;0.00;0.00;0.00;0.00;0.000;0.00;0.00;0.00;0.00;0.000;0.00;0.00;0.00;0.00;0.000;0.00;0.00;0.00;0.00;0.000;0.00;0.00;0.00;0.00;0.000;0.00;0.00;0.00;0.00;0.000;0.00;0.00;0.00;0.00;0.000;0.00;0.00;0.00;0.00;0.000;0.00;0.00;0.00;1260.95;314.000;318.95;0.28;25.29;2008.22;483.000;559.22;0.44;27.85
40254;PROTEAS;4;102796.70;1 661.000;31816.70;0.60;30.95;1500.00;25.000;500.00;0.58;33.33;3117.00;52.000;1037.00;1.17;33.27;4620.00;77.000;1540.00;1.80;33.33;2880.00;48.000;960.00;1.25;33.33;4136.94;68.000;1416.94;1.70;34.25;3177.00;53.000;1057.00;1.24;33.27;2277.00;38.000;757.00;0.85;33.25;600.00;10.000;200.00;0.20;33.33;0.00;0.000;0.00;0.00;0.00;0.00;0.000;0.00;0.00;0.00;0.00;0.000;0.00;0.00;0.00;1680.00;28.000;560.00;0.57;33.33;0.00;0.000;0.00;0.00;0.00;0.00;0.000;0.00;0.00;0.00;0.00;0.000;0.00;0.00;0.00;170.97;3.000;50.97;0.06;29.81;3875.32;68.000;1155.32;1.26;29.81;3134.45;55.000;934.45;0.91;29.81;2897.94;51.000;857.94;0.80;29.61;2222.61;39.000;662.61;0.60;29.81;3191.44;56.000;951.44;0.82;29.81;0.00;0.000;0.00;0.00;0.00;0.00;0.000;0.00;0.00;0.00;2219.76;39.000;659.76;0.65;29.72;3469.46;57.000;1049.46;1.00;30.25;1082.81;19.000;322.81;0.34;29.81;5126.25;90.000;1526.25;1.54;29.77;3299.72;58.000;979.72;1.09;29.69;2442.02;43.000;722.02;0.77;29.57;2216.91;39.000;656.91;0.63;29.63;1706.85;30.000;506.85;0.50;29.70;1635.61;29.000;475.61;0.40;29.08;968.83;17.000;288.83;0.24;29.81;2336.59;41.000;696.59;0.54;29.81;398.93;7.000;118.93;0.09;29.81;2895.09;51.000;855.09;0.69;29.54;1709.70;30.000;509.70;0.37;29.81;3332.98;47.000;982.98;0.83;29.49;10208.36;144.000;3008.36;2.41;29.47;6374.90;90.000;1874.90;1.79;29.41;4524.03;62.000;1424.03;1.26;31.48;3267.57;43.000;1117.57;0.89;34.20;1060.06;14.000;360.06;0.29;33.97;1899.75;25.000;649.75;0.52;34.20;1139.85;15.000;389.85;0.29;34.20;0.00;0.000;0.00;0.00;0.00;0.00;0.000;0.00;0.00;0.00;0.00;0.000;0.00;0.00;0.00;0.00;0.000;0.00;0.00;0.00
40391;WATERMELON;4;152441.78;2 763.000;38687.68;0.72;25.38;2369.48;52.000;712.48;0.82;30.07;1537.45;35.000;312.45;0.35;20.32;395.91;9.000;80.91;0.09;20.44;0.00;0.000;0.00;0.00;0.00;0.00;0.000;0.00;0.00;0.00;0.00;0.000;0.00;0.00;0.00;0.00;0.000;0.00;0.00;0.00;0.00;0.000;0.00;0.00;0.00;182.67;3.000;33.27;0.03;18.21;20218.57;449.000;4633.57;3.88;22.92;4134.18;83.000;1229.18;1.09;29.73;1595.00;29.000;435.00;0.44;27.27;1598.82;33.000;278.82;0.28;17.44;212.80;5.000;12.80;0.01;6.02;0.00;0.000;0.00;0.00;0.00;0.00;0.000;0.00;0.00;0.00;0.00;0.000;0.00;0.00;0.00;0.00;0.000;0.00;0.00;0.00;0.00;0.000;0.00;0.00;0.00;0.00;0.000;0.00;0.00;0.00;237.59;2.000;67.59;0.06;28.45;7387.23;137.000;1368.43;1.18;18.52;10369.29;154.000;2169.29;1.96;20.92;6291.18;92.000;1946.18;1.91;30.94;2786.93;57.000;861.93;0.82;30.93;0.00;0.000;0.00;0.00;0.00;0.00;0.000;0.00;0.00;0.00;0.00;0.000;0.00;0.00;0.00;0.00;0.000;0.00;0.00;0.00;0.00;0.000;0.00;0.00;0.00;0.00;0.000;0.00;0.00;0.00;0.00;0.000;0.00;0.00;0.00;638.91;9.000;190.71;0.16;29.85;9794.51;121.000;2392.51;1.84;24.43;6580.00;94.000;1974.00;1.45;30.00;5694.29;81.000;1687.29;1.35;29.63;6677.00;135.000;1877.00;1.36;28.11;1969.62;34.000;424.62;0.36;21.56;0.00;0.000;0.00;0.00;0.00;0.00;0.000;0.00;0.00;0.00;0.00;0.000;0.00;0.00;0.00;0.00;0.000;0.00;0.00;0.00;0.00;0.000;0.00;0.00;0.00;0.00;0.000;0.00;0.00;0.00;9519.06;144.000;2116.36;1.55;22.23;33000.56;661.000;8507.56;5.74;25.78;10177.09;191.000;2607.09;1.83;25.62;5097.00;85.000;1697.00;1.49;33.29;3976.64;68.000;1071.64;0.85;26.95
40925;KOOL;4;24516.94;1 046.000;7427.44;0.14;30.30;0.00;0.000;0.00;0.00;0.00;0.00;0.000;0.00;0.00;0.00;0.00;0.000;0.00;0.00;0.00;0.00;0.000;0.00;0.00;0.00;843.62;38.000;265.62;0.32;31.49;1001.57;43.000;296.57;0.35;29.61;527.76;24.000;167.76;0.19;31.79;0.00;0.000;0.00;0.00;0.00;0.00;0.000;0.00;0.00;0.00;0.00;0.000;0.00;0.00;0.00;656.67;33.000;211.17;0.19;32.16;812.29;51.000;251.29;0.25;30.94;1185.44;81.000;375.44;0.38;31.67;1211.94;81.000;401.94;0.38;33.17;2476.58;92.000;726.58;0.73;29.34;3163.98;112.000;957.98;1.04;30.28;2426.14;96.000;705.14;0.77;29.06;814.04;36.000;238.04;0.23;29.24;0.00;0.000;0.00;0.00;0.00;0.00;0.000;0.00;0.00;0.00;0.00;0.000;0.00;0.00;0.00;0.00;0.000;0.00;0.00;0.00;0.00;0.000;0.00;0.00;0.00;1318.48;52.000;385.48;0.38;29.24;1996.71;74.000;604.71;0.58;30.29;2443.64;96.000;724.64;0.77;29.65;1170.58;42.000;367.58;0.37;31.40;935.69;41.000;279.69;0.31;29.89;505.78;22.000;153.78;0.16;30.40;0.00;0.000;0.00;0.00;0.00;0.00;0.000;0.00;0.00;0.00;0.00;0.000;0.00;0.00;0.00;0.00;0.000;0.00;0.00;0.00;0.00;0.000;0.00;0.00;0.00;0.00;0.000;0.00;0.00;0.00;0.00;0.000;0.00;0.00;0.00;0.00;0.000;0.00;0.00;0.00;0.00;0.000;0.00;0.00;0.00;592.17;18.000;160.17;0.13;27.05;0.00;0.000;0.00;0.00;0.00;433.86;14.000;153.86;0.14;35.46;0.00;0.000;0.00;0.00;0.00;0.00;0.000;0.00;0.00;0.00;0.00;0.000;0.00;0.00;0.00;0.00;0.000;0.00;0.00;0.00;0.00;0.000;0.00;0.00;0.00;0.00;0.000;0.00;0.00;0.00;0.00;0.000;0.00;0.00;0.00;0.00;0.000;0.00;0.00;0.00
41058;WIT DRUIWE PP;4;28641.40;1 203.000;8245.54;0.15;28.79;0.00;0.000;0.00;0.00;0.00;259.90;10.000;79.90;0.09;30.74;0.00;0.000;0.00;0.00;0.00;0.00;0.000;0.00;0.00;0.00;0.00;0.000;0.00;0.00;0.00;0.00;0.000;0.00;0.00;0.00;0.00;0.000;0.00;0.00;0.00;713.82;18.000;126.32;0.13;17.70;0.00;0.000;0.00;0.00;0.00;1064.67;36.000;337.83;0.28;31.73;0.00;0.000;0.00;0.00;0.00;0.00;0.000;0.00;0.00;0.00;0.00;0.000;0.00;0.00;0.00;0.00;0.000;0.00;0.00;0.00;0.00;0.000;0.00;0.00;0.00;0.00;0.000;0.00;0.00;0.00;0.00;0.000;0.00;0.00;0.00;236.92;8.000;75.40;0.07;31.83;329.89;11.000;107.80;0.10;32.68;89.97;3.000;29.40;0.03;32.68;119.96;4.000;39.20;0.03;32.68;419.86;14.000;137.20;0.12;32.68;268.41;9.000;86.70;0.08;32.30;0.00;0.000;0.00;0.00;0.00;0.00;0.000;0.00;0.00;0.00;0.00;0.000;0.00;0.00;0.00;0.00;0.000;0.00;0.00;0.00;0.00;0.000;0.00;0.00;0.00;146.95;5.000;46.00;0.05;31.30;59.98;2.000;19.60;0.02;32.68;29.99;1.000;9.80;0.01;32.68;329.89;11.000;107.80;0.09;32.68;449.85;15.000;147.00;0.12;32.68;389.87;13.000;127.40;0.10;32.68;1624.49;91.000;350.49;0.26;21.58;3367.28;172.000;266.00;0.21;7.90;1635.18;82.000;487.18;0.35;29.79;278.86;14.000;82.86;0.07;29.71;1507.42;58.000;463.42;0.37;30.74;722.52;28.000;218.52;0.21;30.24;647.15;25.000;197.15;0.17;30.46;1842.69;71.000;564.69;0.45;30.64;1348.88;52.000;412.88;0.33;30.61;986.32;38.000;302.32;0.24;30.65;727.72;28.000;223.72;0.16;30.74;1217.63;47.000;418.63;0.28;34.38;2466.45;95.000;851.45;0.60;34.52;3300.62;148.000;1186.62;1.04;35.95;2058.26;94.000;742.26;0.59;36.06
41200;ROOI DRUIWE PP;4;45236.72;2 078.000;15084.81;0.28;33.35;0.00;0.000;0.00;0.00;0.00;399.80;20.000;119.80;0.13;29.96;846.10;50.000;246.10;0.29;29.09;0.00;0.000;0.00;0.00;0.00;0.00;0.000;0.00;0.00;0.00;0.00;0.000;0.00;0.00;0.00;147.09;6.000;-11.12;-0.01;-7.56;1959.51;49.000;315.46;0.32;16.10;0.00;0.000;0.00;0.00;0.00;389.87;13.000;127.34;0.11;32.66;29.99;1.000;9.80;0.01;32.66;0.00;0.000;0.00;0.00;0.00;0.00;0.000;0.00;0.00;0.00;0.00;0.000;0.00;0.00;0.00;0.00;0.000;0.00;0.00;0.00;0.00;0.000;0.00;0.00;0.00;0.00;0.000;0.00;0.00;0.00;89.97;3.000;29.39;0.03;32.66;449.85;15.000;146.94;0.14;32.66;239.92;8.000;78.37;0.07;32.66;358.38;12.000;116.05;0.10;32.38;179.94;6.000;58.77;0.05;32.66;299.90;10.000;97.96;0.09;32.66;0.00;0.000;0.00;0.00;0.00;0.00;0.000;0.00;0.00;0.00;0.00;0.000;0.00;0.00;0.00;0.00;0.000;0.00;0.00;0.00;0.00;0.000;0.00;0.00;0.00;59.98;2.000;19.59;0.02;32.66;149.95;5.000;48.98;0.05;32.66;89.97;3.000;29.39;0.03;32.66;446.85;15.000;143.94;0.12;32.21;179.94;6.000;58.77;0.05;32.66;358.38;12.000;116.05;0.09;32.38;6853.06;379.000;1768.48;1.30;25.81;3527.19;181.000;993.19;0.80;28.16;3205.15;185.000;615.15;0.45;19.19;1930.01;84.000;754.01;0.64;39.07;1143.56;44.000;527.56;0.42;46.13;1062.99;41.000;488.99;0.47;46.00;591.27;23.000;269.27;0.24;45.54;1504.82;58.000;692.82;0.55;46.04;1530.81;59.000;704.81;0.57;46.04;805.69;31.000;371.69;0.30;46.13;1786.81;69.000;820.81;0.60;45.94;1762.12;68.000;810.12;0.55;45.97;5742.23;312.000;1997.73;1.40;34.79;2946.56;134.000;1061.56;0.93;36.03;4169.06;174.000;1457.06;1.16;34.95
41419;PERE BOSCH 1.5KG;4;33768.85;1 981.000;9945.85;0.19;29.45;298.79;21.000;69.79;0.08;23.36;2465.67;158.000;727.67;0.82;29.51;3084.12;197.000;917.12;1.07;29.74;2011.61;128.000;603.61;0.78;30.01;574.84;36.000;178.84;0.22;31.11;0.00;0.000;0.00;0.00;0.00;0.00;0.000;0.00;0.00;0.00;0.00;0.000;0.00;0.00;0.00;0.00;0.000;0.00;0.00;0.00;0.00;0.000;0.00;0.00;0.00;0.00;0.000;0.00;0.00;0.00;0.00;0.000;0.00;0.00;0.00;1886.86;114.000;518.86;0.53;27.50;2975.14;176.000;863.14;0.81;29.01;2084.37;123.000;608.37;0.61;29.19;1882.49;111.000;550.49;0.60;29.24;0.00;0.000;0.00;0.00;0.00;0.00;0.000;0.00;0.00;0.00;0.00;0.000;0.00;0.00;0.00;0.00;0.000;0.00;0.00;0.00;0.00;0.000;0.00;0.00;0.00;0.00;0.000;0.00;0.00;0.00;0.00;0.000;0.00;0.00;0.00;0.00;0.000;0.00;0.00;0.00;0.00;0.000;0.00;0.00;0.00;2593.22;155.000;684.72;0.72;26.40;3298.81;191.000;980.31;0.99;29.72;0.00;0.000;0.00;0.00;0.00;0.00;0.000;0.00;0.00;0.00;0.00;0.000;0.00;0.00;0.00;0.00;0.000;0.00;0.00;0.00;0.00;0.000;0.00;0.00;0.00;0.00;0.000;0.00;0.00;0.00;0.00;0.000;0.00;0.00;0.00;0.00;0.000;0.00;0.00;0.00;0.00;0.000;0.00;0.00;0.00;1532.32;73.000;437.32;0.32;28.54;2113.39;121.000;601.39;0.51;28.46;3993.24;221.000;1180.24;0.95;29.56;0.00;0.000;0.00;0.00;0.00;0.00;0.000;0.00;0.00;0.00;0.00;0.000;0.00;0.00;0.00;0.00;0.000;0.00;0.00;0.00;0.00;0.000;0.00;0.00;0.00;0.00;0.000;0.00;0.00;0.00;0.00;0.000;0.00;0.00;0.00;0.00;0.000;0.00;0.00;0.00;319.84;16.000;119.84;0.11;37.47;2654.14;140.000;904.14;0.72;34.07
41420;PERE  PACKHAM 1.5KG;4;23214.52;1 255.000;6890.02;0.13;29.68;685.46;54.000;199.46;0.23;29.10;953.81;61.000;282.81;0.32;29.65;1035.36;67.000;298.36;0.35;28.82;729.37;46.000;223.37;0.29;30.63;0.00;0.000;0.00;0.00;0.00;0.00;0.000;0.00;0.00;0.00;0.00;0.000;0.00;0.00;0.00;0.00;0.000;0.00;0.00;0.00;0.00;0.000;0.00;0.00;0.00;0.00;0.000;0.00;0.00;0.00;339.83;17.000;101.83;0.09;29.96;683.64;36.000;212.64;0.22;31.10;1284.52;78.000;382.52;0.39;29.78;970.57;58.000;274.57;0.26;28.29;721.17;43.000;205.17;0.20;28.45;0.00;0.000;0.00;0.00;0.00;0.00;0.000;0.00;0.00;0.00;0.00;0.000;0.00;0.00;0.00;0.00;0.000;0.00;0.00;0.00;0.00;0.000;0.00;0.00;0.00;0.00;0.000;0.00;0.00;0.00;0.00;0.000;0.00;0.00;0.00;0.00;0.000;0.00;0.00;0.00;0.00;0.000;0.00;0.00;0.00;523.72;28.000;145.72;0.14;27.82;1532.96;90.000;423.96;0.45;27.66;2956.47;173.000;864.47;0.87;29.24;1184.67;68.000;368.67;0.41;31.12;0.00;0.000;0.00;0.00;0.00;0.00;0.000;0.00;0.00;0.00;0.00;0.000;0.00;0.00;0.00;0.00;0.000;0.00;0.00;0.00;0.00;0.000;0.00;0.00;0.00;0.00;0.000;0.00;0.00;0.00;0.00;0.000;0.00;0.00;0.00;0.00;0.000;0.00;0.00;0.00;0.00;0.000;0.00;0.00;0.00;1553.76;94.000;425.76;0.36;27.40;1615.40;90.000;470.40;0.38;29.12;863.87;38.000;259.87;0.25;30.08;999.18;42.000;327.18;0.29;32.74;944.62;38.000;336.62;0.27;35.64;951.59;31.000;335.59;0.27;35.27;1118.27;33.000;392.27;0.31;35.08;679.80;20.000;239.80;0.18;35.28;0.00;0.000;0.00;0.00;0.00;0.00;0.000;0.00;0.00;0.00;0.00;0.000;0.00;0.00;0.00;886.48;50.000;118.98;0.09;13.42
41704;APPLE GOLDEN 1.5KG;4;30169.84;1 528.000;9205.04;0.17;30.51;0.00;0.000;0.00;0.00;0.00;237.86;15.000;69.86;0.08;29.37;1201.30;77.000;345.50;0.40;28.76;1578.97;100.000;478.97;0.62;30.33;679.77;43.000;206.77;0.25;30.42;0.00;0.000;0.00;0.00;0.00;0.00;0.000;0.00;0.00;0.00;0.00;0.000;0.00;0.00;0.00;0.00;0.000;0.00;0.00;0.00;0.00;0.000;0.00;0.00;0.00;0.00;0.000;0.00;0.00;0.00;0.00;0.000;0.00;0.00;0.00;499.45;30.000;139.45;0.14;27.92;903.76;54.000;255.76;0.24;28.30;1678.61;99.000;490.61;0.49;29.23;711.88;42.000;207.88;0.22;29.20;0.00;0.000;0.00;0.00;0.00;0.00;0.000;0.00;0.00;0.00;0.00;0.000;0.00;0.00;0.00;0.00;0.000;0.00;0.00;0.00;0.00;0.000;0.00;0.00;0.00;0.00;0.000;0.00;0.00;0.00;0.00;0.000;0.00;0.00;0.00;0.00;0.000;0.00;0.00;0.00;0.00;0.000;0.00;0.00;0.00;751.57;44.000;218.07;0.23;29.02;2808.32;164.000;820.82;0.83;29.23;35.98;2.000;11.98;0.01;33.30;0.00;0.000;0.00;0.00;0.00;0.00;0.000;0.00;0.00;0.00;680.53;32.000;168.53;0.16;24.76;1075.00;50.000;251.50;0.21;23.40;1254.93;57.000;314.43;0.26;25.06;404.23;17.000;123.73;0.10;30.61;0.00;0.000;0.00;0.00;0.00;0.00;0.000;0.00;0.00;0.00;1156.52;43.000;339.52;0.25;29.36;1983.37;108.000;582.37;0.49;29.36;2134.18;127.000;626.68;0.50;29.36;1775.59;101.000;524.59;0.50;29.54;831.20;35.000;294.20;0.26;35.39;1306.94;56.000;466.94;0.37;35.73;1306.98;57.000;451.98;0.36;34.58;2458.39;91.000;854.39;0.68;34.75;2039.81;64.000;725.81;0.53;35.58;472.46;14.000;164.46;0.11;34.81;202.24;6.000;70.24;0.05;34.73;0.00;0.000;0.00;0.00;0.00;0.00;0.000;0.00;0.00;0.00
42295;POT X-KLEIN 5KG;4;64919.93;1 777.000;12599.93;0.24;19.41;239.88;12.000;28.88;0.03;12.04;434.82;18.000;65.82;0.07;15.14;633.76;24.000;97.26;0.11;15.35;782.71;29.000;130.21;0.17;16.64;443.85;15.000;74.85;0.09;16.86;810.70;30.000;138.70;0.16;17.11;800.73;27.000;135.73;0.15;16.95;704.73;27.000;132.23;0.13;18.76;555.76;24.000;93.76;0.09;16.87;321.62;13.000;50.62;0.04;15.74;374.87;13.000;62.37;0.06;16.64;1089.68;32.000;152.18;0.15;13.97;1259.65;35.000;209.65;0.21;16.64;607.80;20.000;95.80;0.09;15.76;839.26;29.000;128.76;0.13;15.34;771.76;24.000;116.26;0.13;15.06;898.75;25.000;147.25;0.16;16.38;971.64;36.000;161.64;0.16;16.64;1632.51;49.000;265.01;0.25;16.23;1357.77;23.000;230.77;0.21;17.00;1753.72;28.000;485.22;0.42;27.67;809.82;18.000;134.82;0.12;16.65;1934.57;43.000;322.07;0.29;16.65;2069.54;46.000;344.54;0.34;16.65;1332.69;31.000;218.19;0.21;16.37;1130.71;29.000;188.21;0.20;16.65;1148.71;29.000;206.21;0.21;17.95;1762.57;43.000;365.07;0.41;20.71;2293.39;56.000;473.39;0.50;20.64;2295.44;56.000;475.44;0.46;20.71;1557.59;36.000;321.59;0.31;20.65;3355.45;55.000;703.45;0.59;20.96;1728.63;47.000;359.13;0.30;20.78;859.80;20.000;169.80;0.13;19.75;1289.70;30.000;254.70;0.19;19.75;2407.44;56.000;475.44;0.38;19.75;1547.64;36.000;305.64;0.22;19.75;1246.71;29.000;246.21;0.21;19.75;2364.45;55.000;466.95;0.37;19.75;2921.17;68.000;575.17;0.55;19.69;1941.48;52.000;399.48;0.35;20.58;1681.42;58.000;376.42;0.30;22.39;1449.50;50.000;324.50;0.26;22.39;1536.47;53.000;343.97;0.27;22.39;1853.91;64.000;413.91;0.30;22.33;1507.48;52.000;337.48;0.23;22.39;1710.41;59.000;382.91;0.27;22.39;1375.51;49.000;310.51;0.27;22.57;521.76;24.000;101.76;0.08;19.50
43025; RED APPELS 1.5KG;4;46773.15;2 377.000;14009.65;0.26;29.95;0.00;0.000;0.00;0.00;0.00;1923.64;122.000;581.64;0.65;30.24;2042.72;128.000;634.72;0.74;31.07;2768.77;176.000;832.77;1.08;30.08;1927.33;129.000;568.33;0.68;29.49;0.00;0.000;0.00;0.00;0.00;0.00;0.000;0.00;0.00;0.00;0.00;0.000;0.00;0.00;0.00;502.91;28.000;96.91;0.09;19.27;0.00;0.000;0.00;0.00;0.00;0.00;0.000;0.00;0.00;0.00;0.00;0.000;0.00;0.00;0.00;0.00;0.000;0.00;0.00;0.00;2314.23;137.000;670.23;0.63;28.96;2545.95;150.000;745.95;0.74;29.30;2526.01;144.000;742.01;0.80;29.37;219.89;11.000;65.89;0.07;29.96;0.00;0.000;0.00;0.00;0.00;0.00;0.000;0.00;0.00;0.00;0.00;0.000;0.00;0.00;0.00;0.00;0.000;0.00;0.00;0.00;0.00;0.000;0.00;0.00;0.00;0.00;0.000;0.00;0.00;0.00;0.00;0.000;0.00;0.00;0.00;626.05;35.000;188.55;0.18;30.12;1162.79;70.000;313.79;0.33;26.99;3380.50;198.000;980.50;0.99;29.00;2441.03;142.000;737.03;0.82;30.19;0.00;0.000;0.00;0.00;0.00;0.00;0.000;0.00;0.00;0.00;0.00;0.000;0.00;0.00;0.00;605.56;29.000;257.56;0.22;42.53;1652.22;78.000;365.22;0.30;22.10;0.00;0.000;0.00;0.00;0.00;0.00;0.000;0.00;0.00;0.00;0.00;0.000;0.00;0.00;0.00;0.00;0.000;0.00;0.00;0.00;683.95;30.000;188.95;0.16;27.63;259.87;13.000;45.37;0.04;17.46;2664.68;132.000;486.68;0.47;18.26;1073.63;47.000;298.13;0.26;27.77;3247.33;142.000;925.33;0.74;28.50;2901.72;123.000;990.72;0.80;34.14;3425.22;123.000;1182.22;0.94;34.52;1616.43;47.000;571.43;0.42;35.35;855.99;21.000;304.99;0.21;35.63;0.00;0.000;0.00;0.00;0.00;1568.48;47.000;558.48;0.49;35.61;1836.25;75.000;676.25;0.54;36.83
43225;ORANGES 1KG;4;68856.12;9 613.000;22088.12;0.41;32.08;0.00;0.000;0.00;0.00;0.00;1550.63;204.000;613.63;0.69;39.57;3543.89;456.000;1332.89;1.56;37.61;3054.58;402.000;1124.58;1.46;36.82;3553.09;639.000;1249.09;1.50;35.16;3720.73;627.000;1238.73;1.46;33.29;3425.06;574.000;1129.06;1.26;32.96;413.31;69.000;137.31;0.14;33.22;0.00;0.000;0.00;0.00;0.00;0.00;0.000;0.00;0.00;0.00;0.00;0.000;0.00;0.00;0.00;0.00;0.000;0.00;0.00;0.00;0.00;0.000;0.00;0.00;0.00;2593.19;281.000;870.69;0.82;33.58;4346.93;557.000;1479.93;1.48;34.05;4386.92;743.000;1467.92;1.59;33.46;5221.18;872.000;1733.18;1.89;33.20;6064.17;1 053.000;1852.17;1.81;30.54;5155.35;895.000;1455.35;1.36;28.23;2092.04;296.000;595.54;0.54;28.47;0.00;0.000;0.00;0.00;0.00;0.00;0.000;0.00;0.00;0.00;0.00;0.000;0.00;0.00;0.00;0.00;0.000;0.00;0.00;0.00;0.00;0.000;0.00;0.00;0.00;1831.03;137.000;497.03;0.53;27.14;3120.23;382.000;828.23;0.84;26.54;2596.97;298.000;808.97;0.90;31.15;762.46;94.000;198.46;0.21;26.03;0.00;0.000;0.00;0.00;0.00;0.00;0.000;0.00;0.00;0.00;0.00;0.000;0.00;0.00;0.00;0.00;0.000;0.00;0.00;0.00;0.00;0.000;0.00;0.00;0.00;0.00;0.000;0.00;0.00;0.00;0.00;0.000;0.00;0.00;0.00;0.00;0.000;0.00;0.00;0.00;639.94;56.000;191.94;0.16;29.99;4084.84;366.000;1156.84;0.93;28.32;4296.52;383.000;1243.52;1.19;28.94;2234.23;212.000;816.23;0.72;36.53;168.83;17.000;66.83;0.05;39.58;0.00;0.000;0.00;0.00;0.00;0.00;0.000;0.00;0.00;0.00;0.00;0.000;0.00;0.00;0.00;0.00;0.000;0.00;0.00;0.00;0.00;0.000;0.00;0.00;0.00;0.00;0.000;0.00;0.00;0.00;0.00;0.000;0.00;0.00;0.00
43313; CRUSHED GARLIC 250G;4;29750.70;1 075.000;8188.10;0.15;31.65;627.75;25.000;166.48;0.19;30.50;727.72;28.000;200.12;0.23;31.62;480.81;19.000;131.53;0.15;31.46;332.57;13.000;89.08;0.12;30.80;596.47;23.000;157.40;0.19;30.35;458.83;17.000;124.77;0.15;31.27;574.79;21.000;156.81;0.18;31.37;834.33;32.000;212.90;0.22;29.35;774.01;29.000;205.28;0.19;30.50;932.65;35.000;243.34;0.20;30.00;571.78;22.000;152.24;0.13;30.62;310.58;12.000;81.91;0.08;30.33;499.50;20.000;131.69;0.13;30.32;615.76;24.000;166.20;0.16;31.04;481.81;19.000;129.31;0.13;30.86;631.25;25.000;164.97;0.18;30.05;862.24;31.000;225.87;0.25;30.13;708.75;25.000;186.10;0.18;30.20;745.25;25.000;194.29;0.18;29.98;728.34;26.000;204.34;0.18;32.26;615.78;22.000;171.36;0.15;32.00;643.77;23.000;169.85;0.15;30.34;667.36;24.000;172.98;0.16;29.81;473.56;19.000;123.37;0.12;29.96;413.59;16.000;110.16;0.10;30.63;416.59;16.000;114.09;0.12;31.50;466.52;18.000;122.53;0.12;30.20;571.48;22.000;150.11;0.17;30.21;337.87;13.000;89.31;0.10;30.40;607.42;23.000;157.93;0.15;29.90;493.81;19.000;130.53;0.13;30.40;543.19;21.000;142.01;0.12;30.07;752.41;29.000;198.10;0.17;30.28;675.74;26.000;178.62;0.14;30.40;752.41;29.000;198.10;0.15;30.28;466.52;18.000;122.53;0.10;30.20;645.06;24.000;174.16;0.13;31.05;743.39;26.000;217.43;0.18;33.64;752.29;26.000;225.17;0.18;34.42;430.50;15.000;121.35;0.12;32.42;773.20;25.000;232.35;0.21;34.56;711.22;23.000;213.65;0.17;34.55;611.61;19.000;186.23;0.15;35.02;720.83;22.000;222.01;0.18;35.42;428.87;13.000;132.93;0.10;35.64;582.83;17.000;180.56;0.12;35.63;734.79;21.000;228.40;0.16;35.75;524.85;15.000;163.14;0.14;35.75;698.05;20.000;214.50;0.17;35.34
44146;ONIONS 1KG;4;71452.69;5 093.000;19018.69;0.36;26.62;38.97;3.000;11.97;0.01;30.72;25.98;2.000;7.98;0.01;30.72;12.99;1.000;3.99;0.00;30.72;0.00;0.000;0.00;0.00;0.00;0.00;0.000;0.00;0.00;0.00;0.00;0.000;0.00;0.00;0.00;12.99;1.000;3.99;0.00;30.72;0.00;0.000;0.00;0.00;0.00;1895.10;105.000;530.10;0.50;27.97;0.00;0.000;0.00;0.00;0.00;1075.36;64.000;275.36;0.24;25.61;3095.65;210.000;814.15;0.83;26.30;2941.91;189.000;895.91;0.91;30.45;0.00;0.000;0.00;0.00;0.00;16.99;1.000;5.49;0.01;32.31;0.00;0.000;0.00;0.00;0.00;0.00;0.000;0.00;0.00;0.00;0.00;0.000;0.00;0.00;0.00;0.00;0.000;0.00;0.00;0.00;3130.96;239.000;822.46;0.74;26.27;3604.07;288.000;987.07;0.85;27.39;1378.66;114.000;400.16;0.35;29.03;922.18;82.000;266.18;0.24;28.86;463.10;36.000;157.10;0.15;33.92;1352.90;85.000;332.90;0.32;24.61;624.38;37.000;180.38;0.19;28.89;0.00;0.000;0.00;0.00;0.00;0.00;0.000;0.00;0.00;0.00;0.00;0.000;0.00;0.00;0.00;0.00;0.000;0.00;0.00;0.00;3496.40;250.000;746.40;0.73;21.35;5502.67;383.000;1289.67;1.09;23.44;5741.28;403.000;1636.28;1.37;28.50;2947.44;211.000;837.44;0.65;28.41;3304.18;272.000;720.18;0.53;21.80;3698.16;304.000;848.16;0.68;22.93;4676.29;336.000;1460.79;1.06;31.24;4504.10;295.000;1321.10;1.11;29.33;2384.63;147.000;444.13;0.36;18.62;1800.03;97.000;458.53;0.44;25.47;0.00;0.000;0.00;0.00;0.00;0.00;0.000;0.00;0.00;0.00;0.00;0.000;0.00;0.00;0.00;1675.52;118.000;495.52;0.40;29.57;0.00;0.000;0.00;0.00;0.00;2632.70;200.000;832.70;0.56;31.63;3181.83;242.000;640.83;0.45;20.14;3166.68;232.000;927.18;0.81;29.28;2148.59;146.000;664.59;0.53;30.93
44496;AVO LOOSE;4;224499.15;21 383.000;71391.73;1.34;31.80;0.00;0.000;0.00;0.00;0.00;0.00;0.000;0.00;0.00;0.00;0.00;0.000;0.00;0.00;0.00;0.00;0.000;0.00;0.00;0.00;0.00;0.000;0.00;0.00;0.00;4669.79;595.000;1694.79;2.00;36.29;319.60;40.000;119.60;0.13;37.42;0.00;0.000;0.00;0.00;0.00;4436.92;498.000;1508.92;1.42;34.01;3033.18;277.000;935.43;0.78;30.84;4003.34;256.000;1131.84;1.00;28.27;1825.34;96.000;552.84;0.56;30.29;9324.44;1 041.000;2550.99;2.60;27.36;7740.33;958.000;2110.05;1.99;27.26;4060.23;489.000;1145.92;1.14;28.22;5271.36;625.000;1502.13;1.63;28.50;5610.84;677.000;1730.04;1.89;30.83;6642.18;718.000;1758.96;1.72;26.48;9553.67;1 124.000;2876.56;2.69;30.11;10363.53;977.000;3149.15;2.83;30.39;9963.24;958.000;2887.14;2.49;28.98;4105.72;378.000;1275.97;1.10;31.08;494.62;23.000;147.16;0.13;29.75;5632.98;327.000;1677.54;1.64;29.78;4597.21;584.000;1460.48;1.39;31.77;551.53;62.000;179.53;0.19;32.55;0.00;0.000;0.00;0.00;0.00;0.00;0.000;0.00;0.00;0.00;1310.87;113.000;451.43;0.48;34.44;6250.47;829.000;1946.21;1.88;31.14;535.33;67.000;228.47;0.22;42.68;2205.12;233.000;648.54;0.55;29.41;5165.59;371.000;1567.38;1.31;30.34;8588.08;487.000;2691.35;2.07;31.34;7639.32;354.000;2403.20;1.76;31.46;6087.23;457.000;1932.94;1.55;31.75;3471.33;332.000;1139.09;0.83;32.81;9619.24;1 378.000;3182.68;2.68;33.09;7079.23;762.000;2214.27;1.78;31.28;5492.28;552.000;1811.93;1.73;32.99;6330.41;589.000;2296.62;2.03;36.28;4568.34;417.000;1600.12;1.28;35.03;5321.99;436.000;1644.94;1.32;30.91;9298.41;654.000;3379.11;2.70;36.34;8396.70;580.000;2984.63;2.19;35.55;6856.49;431.000;2487.72;1.68;36.28;6555.92;378.000;2227.35;1.56;33.97;5968.49;541.000;2312.03;2.03;38.74;5558.26;719.000;1846.67;1.47;33.22
45183;C/VALUE MUSHROOMS WHT;4;265130.29;9 956.000;72671.11;1.36;27.41;0.00;0.000;0.00;0.00;0.00;0.00;0.000;0.00;0.00;0.00;0.00;0.000;0.00;0.00;0.00;0.00;0.000;0.00;0.00;0.00;0.00;0.000;0.00;0.00;0.00;0.00;0.000;0.00;0.00;0.00;0.00;0.000;0.00;0.00;0.00;0.00;0.000;0.00;0.00;0.00;0.00;0.000;0.00;0.00;0.00;0.00;0.000;0.00;0.00;0.00;0.00;0.000;0.00;0.00;0.00;0.00;0.000;0.00;0.00;0.00;0.00;0.000;0.00;0.00;0.00;0.00;0.000;0.00;0.00;0.00;0.00;0.000;0.00;0.00;0.00;0.00;0.000;0.00;0.00;0.00;0.00;0.000;0.00;0.00;0.00;0.00;0.000;0.00;0.00;0.00;0.00;0.000;0.00;0.00;0.00;0.00;0.000;0.00;0.00;0.00;0.00;0.000;0.00;0.00;0.00;3736.00;150.000;1062.13;0.92;28.43;6025.08;242.000;1711.24;1.54;28.40;5382.84;216.000;1532.47;1.50;28.47;8437.86;339.000;2388.88;2.27;28.31;7621.95;295.000;2103.89;2.23;27.60;8218.03;317.000;2288.45;2.31;27.85;8554.60;330.000;2381.85;2.65;27.84;9147.17;353.000;2544.20;2.71;27.81;10341.41;399.000;2878.00;2.78;27.83;9227.74;356.000;2568.65;2.51;27.84;7691.73;297.000;2136.26;1.80;27.77;6637.84;256.000;1849.28;1.54;27.86;11483.88;427.000;3260.81;2.51;28.39;8491.05;315.000;2413.57;1.77;28.42;10177.92;378.000;2884.94;2.31;28.35;8279.17;308.000;2336.74;1.69;28.22;9824.35;365.000;2782.19;2.34;28.32;12901.21;479.000;3659.58;2.94;28.37;10416.78;387.000;2950.16;2.82;28.32;8999.81;334.000;2555.75;2.26;28.40;11559.81;429.000;3247.51;2.60;28.09;10704.22;398.000;2968.17;2.39;27.73;11384.37;423.000;3162.39;2.53;27.78;12901.21;479.000;3590.74;2.63;27.83;14907.75;535.000;3620.90;2.44;24.29;13194.48;472.000;3218.76;2.26;24.39;10683.77;383.000;2589.07;2.27;24.23;8198.26;294.000;1984.57;1.58;24.21
45184;C/VALUE POTATOES 7KG;4;586103.71;8 279.000;73452.12;1.37;12.53;0.00;0.000;0.00;0.00;0.00;0.00;0.000;0.00;0.00;0.00;0.00;0.000;0.00;0.00;0.00;0.00;0.000;0.00;0.00;0.00;0.00;0.000;0.00;0.00;0.00;47.49;1.000;10.61;0.01;22.34;0.00;0.000;0.00;0.00;0.00;0.00;0.000;0.00;0.00;0.00;0.00;0.000;0.00;0.00;0.00;0.00;0.000;0.00;0.00;0.00;8111.84;116.000;650.70;0.58;8.02;11250.89;161.000;806.77;0.82;7.17;16780.10;240.000;1596.35;1.63;9.51;15450.29;221.000;1904.75;1.79;12.33;11674.33;167.000;1365.79;1.36;11.70;13424.88;177.000;1061.18;1.15;7.90;10253.90;135.000;869.24;0.95;8.48;13843.27;183.000;1204.55;1.18;8.70;15886.20;180.000;1079.55;1.01;6.80;19987.64;186.000;1457.19;1.31;7.29;14209.98;152.000;2066.19;1.79;14.54;14269.84;166.000;2290.91;1.98;16.05;13126.71;154.000;1340.09;1.21;10.21;15584.97;178.000;2339.57;2.29;15.01;15173.64;186.000;2901.37;2.76;19.12;16721.78;222.000;2459.94;2.60;14.71;5511.31;69.000;1104.35;1.12;20.04;5651.75;75.000;746.47;0.83;13.21;6972.39;111.000;550.54;0.59;7.90;17725.21;229.000;1512.39;1.46;8.53;20378.76;224.000;1784.01;1.74;8.75;18757.91;184.000;2010.03;1.69;10.72;17628.46;254.000;2023.82;1.69;11.48;13364.49;176.000;2116.02;1.63;15.83;14357.11;164.000;1443.22;1.06;10.05;15666.88;212.000;2629.70;2.11;16.79;24934.21;379.000;2842.73;2.06;11.40;18867.41;259.000;2831.16;2.38;15.01;19080.79;221.000;2234.40;1.79;11.71;17490.89;211.000;3602.98;3.45;20.60;3011.61;39.000;639.41;0.57;21.23;15814.36;314.000;1981.52;1.58;12.53;23936.39;486.000;3894.53;3.13;16.27;21918.37;463.000;3152.79;2.52;14.38;14497.47;328.000;1761.46;1.29;12.15;13020.52;223.000;2064.60;1.39;15.86;18967.28;272.000;2377.08;1.67;12.53;18234.34;316.000;2111.28;1.85;11.58;14518.05;245.000;2632.87;2.09;18.14
45541;CUCUMBERS;4;56366.00;5 225.000;15457.00;0.29;27.42;0.00;0.000;0.00;0.00;0.00;0.00;0.000;0.00;0.00;0.00;0.00;0.000;0.00;0.00;0.00;0.00;0.000;0.00;0.00;0.00;0.00;0.000;0.00;0.00;0.00;0.00;0.000;0.00;0.00;0.00;2063.43;207.000;717.93;0.80;34.79;0.00;0.000;0.00;0.00;0.00;3097.60;315.000;943.60;0.89;30.46;3676.11;404.000;1098.11;0.92;29.87;3908.80;420.000;1146.80;1.01;29.34;948.27;73.000;291.27;0.30;30.72;399.44;31.000;120.44;0.12;30.15;0.00;0.000;0.00;0.00;0.00;1257.01;99.000;366.01;0.37;29.12;1535.67;133.000;433.67;0.47;28.24;1847.49;151.000;564.49;0.62;30.55;2913.24;141.000;700.24;0.68;24.04;5172.57;403.000;1224.07;1.15;23.66;7526.86;669.000;2218.36;1.99;29.47;5298.19;531.000;1540.69;1.33;29.08;0.00;0.000;0.00;0.00;0.00;0.00;0.000;0.00;0.00;0.00;0.00;0.000;0.00;0.00;0.00;0.00;0.000;0.00;0.00;0.00;0.00;0.000;0.00;0.00;0.00;0.00;0.000;0.00;0.00;0.00;0.00;0.000;0.00;0.00;0.00;0.00;0.000;0.00;0.00;0.00;0.00;0.000;0.00;0.00;0.00;0.00;0.000;0.00;0.00;0.00;854.05;95.000;189.05;0.16;22.14;9.99;1.000;2.99;0.00;29.93;0.00;0.000;0.00;0.00;0.00;2451.67;233.000;499.67;0.37;20.38;395.82;18.000;125.82;0.10;31.79;0.00;0.000;0.00;0.00;0.00;0.00;0.000;0.00;0.00;0.00;0.00;0.000;0.00;0.00;0.00;0.00;0.000;0.00;0.00;0.00;0.00;0.000;0.00;0.00;0.00;0.00;0.000;0.00;0.00;0.00;0.00;0.000;0.00;0.00;0.00;6711.26;789.000;1679.26;1.34;25.02;53.94;6.000;20.94;0.02;38.82;5870.76;489.000;1437.76;0.97;24.49;373.83;17.000;135.83;0.10;36.33;0.00;0.000;0.00;0.00;0.00;0.00;0.000;0.00;0.00;0.00
46298;C/VALUE APPLES RED;4;25245.96;903.000;6827.83;0.13;27.05;0.00;0.000;0.00;0.00;0.00;0.00;0.000;0.00;0.00;0.00;0.00;0.000;0.00;0.00;0.00;0.00;0.000;0.00;0.00;0.00;0.00;0.000;0.00;0.00;0.00;0.00;0.000;0.00;0.00;0.00;0.00;0.000;0.00;0.00;0.00;0.00;0.000;0.00;0.00;0.00;0.00;0.000;0.00;0.00;0.00;0.00;0.000;0.00;0.00;0.00;0.00;0.000;0.00;0.00;0.00;0.00;0.000;0.00;0.00;0.00;0.00;0.000;0.00;0.00;0.00;0.00;0.000;0.00;0.00;0.00;0.00;0.000;0.00;0.00;0.00;0.00;0.000;0.00;0.00;0.00;0.00;0.000;0.00;0.00;0.00;0.00;0.000;0.00;0.00;0.00;0.00;0.000;0.00;0.00;0.00;0.00;0.000;0.00;0.00;0.00;0.00;0.000;0.00;0.00;0.00;1357.61;39.000;343.85;0.30;25.33;3834.90;110.000;975.57;0.88;25.44;3040.57;93.000;816.73;0.80;26.86;2281.98;96.000;672.63;0.64;29.48;1860.94;96.000;407.88;0.43;21.92;1958.16;79.000;701.67;0.71;35.83;1466.91;59.000;459.09;0.51;31.30;1887.99;76.000;519.87;0.55;27.54;1482.14;56.000;299.61;0.29;20.21;1741.81;69.000;558.14;0.55;32.04;0.00;0.000;0.00;0.00;0.00;719.76;24.000;157.62;0.13;21.90;0.00;0.000;0.00;0.00;0.00;0.00;0.000;0.00;0.00;0.00;0.00;0.000;0.00;0.00;0.00;0.00;0.000;0.00;0.00;0.00;0.00;0.000;0.00;0.00;0.00;0.00;0.000;0.00;0.00;0.00;0.00;0.000;0.00;0.00;0.00;0.00;0.000;0.00;0.00;0.00;0.00;0.000;0.00;0.00;0.00;0.00;0.000;0.00;0.00;0.00;0.00;0.000;0.00;0.00;0.00;0.00;0.000;0.00;0.00;0.00;489.86;14.000;108.80;0.07;22.21;2363.57;68.000;512.69;0.36;21.69;34.99;1.000;7.77;0.01;22.21;724.77;23.000;285.91;0.23;39.45
46438;WATERMELON SMALL;4;93075.84;2 587.000;29454.34;0.55;31.65;0.00;0.000;0.00;0.00;0.00;0.00;0.000;0.00;0.00;0.00;0.00;0.000;0.00;0.00;0.00;0.00;0.000;0.00;0.00;0.00;0.00;0.000;0.00;0.00;0.00;0.00;0.000;0.00;0.00;0.00;0.00;0.000;0.00;0.00;0.00;0.00;0.000;0.00;0.00;0.00;0.00;0.000;0.00;0.00;0.00;0.00;0.000;0.00;0.00;0.00;15693.19;491.000;4775.69;4.23;30.43;9614.40;343.000;3264.40;3.31;33.95;0.00;0.000;0.00;0.00;0.00;0.00;0.000;0.00;0.00;0.00;0.00;0.000;0.00;0.00;0.00;0.00;0.000;0.00;0.00;0.00;0.00;0.000;0.00;0.00;0.00;0.00;0.000;0.00;0.00;0.00;0.00;0.000;0.00;0.00;0.00;0.00;0.000;0.00;0.00;0.00;0.00;0.000;0.00;0.00;0.00;0.00;0.000;0.00;0.00;0.00;11280.00;319.000;3624.00;3.27;32.13;770.00;22.000;242.00;0.24;31.43;0.00;0.000;0.00;0.00;0.00;0.00;0.000;0.00;0.00;0.00;0.00;0.000;0.00;0.00;0.00;0.00;0.000;0.00;0.00;0.00;0.00;0.000;0.00;0.00;0.00;0.00;0.000;0.00;0.00;0.00;0.00;0.000;0.00;0.00;0.00;0.00;0.000;0.00;0.00;0.00;0.00;0.000;0.00;0.00;0.00;5655.00;150.000;2115.00;1.63;37.40;11231.00;298.000;4396.00;3.22;39.14;13082.00;328.000;4882.00;3.91;37.32;0.00;0.000;0.00;0.00;0.00;0.00;0.000;0.00;0.00;0.00;0.00;0.000;0.00;0.00;0.00;0.00;0.000;0.00;0.00;0.00;0.00;0.000;0.00;0.00;0.00;0.00;0.000;0.00;0.00;0.00;0.00;0.000;0.00;0.00;0.00;0.00;0.000;0.00;0.00;0.00;0.00;0.000;0.00;0.00;0.00;0.00;0.000;0.00;0.00;0.00;21292.90;498.000;4677.90;3.28;21.97;4457.35;138.000;1477.35;1.30;33.14;0.00;0.000;0.00;0.00;0.00
46571;TUB COCKTAIL TOMATOES;4;13669.29;870.000;4302.29;0.08;31.47;1024.48;92.000;332.48;0.38;32.45;814.72;68.000;270.72;0.30;33.23;646.86;54.000;214.86;0.25;33.22;287.16;24.000;95.16;0.12;33.14;452.99;36.000;142.99;0.17;31.57;116.91;9.000;35.91;0.04;30.72;0.00;0.000;0.00;0.00;0.00;0.00;0.000;0.00;0.00;0.00;0.00;0.000;0.00;0.00;0.00;0.00;0.000;0.00;0.00;0.00;137.94;6.000;41.94;0.04;30.40;459.80;20.000;139.80;0.14;30.40;137.94;6.000;41.94;0.04;30.40;0.00;0.000;0.00;0.00;0.00;0.00;0.000;0.00;0.00;0.00;0.00;0.000;0.00;0.00;0.00;0.00;0.000;0.00;0.00;0.00;0.00;0.000;0.00;0.00;0.00;0.00;0.000;0.00;0.00;0.00;0.00;0.000;0.00;0.00;0.00;0.00;0.000;0.00;0.00;0.00;0.00;0.000;0.00;0.00;0.00;87.96;4.000;27.96;0.03;31.79;378.13;27.000;122.13;0.12;32.30;898.76;53.000;262.76;0.25;29.24;814.67;48.000;238.67;0.25;29.30;645.62;38.000;189.62;0.19;29.37;355.94;21.000;103.94;0.12;29.20;0.00;0.000;0.00;0.00;0.00;0.00;0.000;0.00;0.00;0.00;0.00;0.000;0.00;0.00;0.00;0.00;0.000;0.00;0.00;0.00;0.00;0.000;0.00;0.00;0.00;0.00;0.000;0.00;0.00;0.00;220.02;13.000;64.02;0.05;29.10;643.92;38.000;187.92;0.15;29.18;795.98;47.000;231.98;0.17;29.14;967.58;57.000;283.58;0.24;29.31;931.05;55.000;271.05;0.22;29.11;575.96;34.000;167.96;0.16;29.16;567.70;30.000;207.70;0.18;36.59;607.68;32.000;223.68;0.18;36.81;170.91;9.000;62.91;0.05;36.81;0.00;0.000;0.00;0.00;0.00;0.00;0.000;0.00;0.00;0.00;0.00;0.000;0.00;0.00;0.00;0.00;0.000;0.00;0.00;0.00;188.95;10.000;68.95;0.06;36.49;739.66;39.000;271.66;0.22;36.73
46751;TOMATOES 1KG;4;60703.57;4 133.000;19344.57;0.36;31.87;12535.30;935.000;3968.30;4.57;31.66;10571.41;809.000;3589.41;4.04;33.95;10378.44;706.000;3318.44;3.88;31.97;8231.64;561.000;2621.64;3.40;31.85;8268.17;558.000;2688.17;3.23;32.51;2603.70;180.000;803.70;0.95;30.87;0.00;0.000;0.00;0.00;0.00;0.00;0.000;0.00;0.00;0.00;0.00;0.000;0.00;0.00;0.00;0.00;0.000;0.00;0.00;0.00;0.00;0.000;0.00;0.00;0.00;0.00;0.000;0.00;0.00;0.00;0.00;0.000;0.00;0.00;0.00;0.00;0.000;0.00;0.00;0.00;0.00;0.000;0.00;0.00;0.00;0.00;0.000;0.00;0.00;0.00;0.00;0.000;0.00;0.00;0.00;0.00;0.000;0.00;0.00;0.00;0.00;0.000;0.00;0.00;0.00;0.00;0.000;0.00;0.00;0.00;0.00;0.000;0.00;0.00;0.00;0.00;0.000;0.00;0.00;0.00;0.00;0.000;0.00;0.00;0.00;0.00;0.000;0.00;0.00;0.00;0.00;0.000;0.00;0.00;0.00;0.00;0.000;0.00;0.00;0.00;0.00;0.000;0.00;0.00;0.00;0.00;0.000;0.00;0.00;0.00;0.00;0.000;0.00;0.00;0.00;0.00;0.000;0.00;0.00;0.00;0.00;0.000;0.00;0.00;0.00;0.00;0.000;0.00;0.00;0.00;0.00;0.000;0.00;0.00;0.00;0.00;0.000;0.00;0.00;0.00;0.00;0.000;0.00;0.00;0.00;6031.36;289.000;1696.36;1.36;28.13;2083.55;95.000;658.55;0.48;31.61;0.00;0.000;0.00;0.00;0.00;0.00;0.000;0.00;0.00;0.00;0.00;0.000;0.00;0.00;0.00;0.00;0.000;0.00;0.00;0.00;0.00;0.000;0.00;0.00;0.00;0.00;0.000;0.00;0.00;0.00;0.00;0.000;0.00;0.00;0.00;0.00;0.000;0.00;0.00;0.00;0.00;0.000;0.00;0.00;0.00;0.00;0.000;0.00;0.00;0.00;0.00;0.000;0.00;0.00;0.00;0.00;0.000;0.00;0.00;0.00
47838;T/ROOTS B/ROOT COOK V/PK;4;50881.50;1 721.000;9486.21;0.18;21.41;0.00;0.000;0.00;0.00;0.00;0.00;0.000;0.00;0.00;0.00;0.00;0.000;0.00;0.00;0.00;0.00;0.000;0.00;0.00;0.00;0.00;0.000;0.00;0.00;0.00;0.00;0.000;0.00;0.00;0.00;0.00;0.000;0.00;0.00;0.00;0.00;0.000;0.00;0.00;0.00;0.00;0.000;0.00;0.00;0.00;0.00;0.000;0.00;0.00;0.00;0.00;0.000;0.00;0.00;0.00;0.00;0.000;0.00;0.00;0.00;1132.23;42.000;269.09;0.27;25.51;1399.43;52.000;243.92;0.23;20.04;858.28;32.000;147.58;0.15;19.77;620.77;23.000;109.45;0.12;20.28;1247.58;42.000;252.90;0.28;23.31;1550.48;52.000;316.69;0.31;23.49;1613.46;54.000;420.66;0.39;29.98;1760.41;59.000;554.59;0.50;36.23;2388.70;80.000;494.33;0.43;23.80;2834.05;95.000;501.78;0.43;20.36;2144.28;72.000;377.14;0.34;20.23;1547.48;52.000;271.36;0.27;20.17;1730.42;58.000;306.49;0.29;20.37;1460.51;49.000;257.71;0.27;20.29;1462.01;49.000;259.02;0.26;20.37;980.18;33.000;170.89;0.19;20.05;656.78;22.000;116.61;0.12;20.42;805.23;27.000;142.40;0.14;20.34;685.27;23.000;120.73;0.12;20.26;1871.37;63.000;325.75;0.27;20.02;1851.88;62.000;323.56;0.27;20.09;2268.74;76.000;393.38;0.30;19.94;1697.43;57.000;291.45;0.21;19.75;1520.49;51.000;262.28;0.21;19.84;1193.60;40.000;206.63;0.15;19.91;1343.55;45.000;233.11;0.20;19.95;1701.93;57.000;295.36;0.24;19.96;1043.65;35.000;180.15;0.17;19.85;1279.07;43.000;218.60;0.19;19.65;538.32;18.000;94.03;0.08;20.09;329.89;11.000;58.26;0.05;20.31;1692.93;57.000;287.53;0.23;19.53;1436.52;48.000;251.61;0.18;20.14;1426.02;48.000;242.48;0.16;19.55;1048.15;35.000;184.06;0.13;20.19;1163.61;39.000;201.33;0.18;19.90;596.80;20.000;103.31;0.08;19.91
47861;POTATO MED 3KG;4;52229.06;1 509.000;11108.06;0.21;21.27;0.00;0.000;0.00;0.00;0.00;776.74;26.000;168.34;0.19;21.67;353.38;12.000;73.48;0.09;20.79;2209.13;82.000;487.13;0.63;22.05;1717.91;59.000;349.91;0.42;20.37;946.30;35.000;229.90;0.27;24.29;2545.12;98.000;559.12;0.62;21.97;3329.95;135.000;736.15;0.75;22.11;3984.65;160.000;862.25;0.81;21.64;2012.77;73.000;406.57;0.34;20.20;0.00;0.000;0.00;0.00;0.00;34.99;1.000;7.39;0.01;21.12;1797.70;50.000;372.70;0.38;20.73;2512.10;70.000;517.10;0.49;20.58;1941.66;54.000;402.66;0.40;20.74;1839.74;46.000;384.74;0.42;20.91;3694.42;98.000;797.02;0.87;21.57;3934.34;116.000;837.14;0.82;21.28;3161.19;81.000;661.89;0.62;20.94;5526.03;117.000;1119.63;1.01;20.26;2188.60;40.000;448.60;0.39;20.50;2634.02;48.000;546.02;0.47;20.73;1154.79;21.000;241.29;0.22;20.89;1201.53;22.000;244.53;0.24;20.35;1097.72;28.000;232.22;0.22;21.15;35.99;1.000;7.49;0.01;20.81;159.96;4.000;39.96;0.04;24.98;359.91;9.000;89.91;0.10;24.98;0.00;0.000;0.00;0.00;0.00;0.00;0.000;0.00;0.00;0.00;0.00;0.000;0.00;0.00;0.00;0.00;0.000;0.00;0.00;0.00;0.00;0.000;0.00;0.00;0.00;0.00;0.000;0.00;0.00;0.00;0.00;0.000;0.00;0.00;0.00;232.60;5.000;60.10;0.05;25.84;234.95;5.000;62.45;0.05;26.58;610.87;13.000;162.37;0.14;26.58;0.00;0.000;0.00;0.00;0.00;0.00;0.000;0.00;0.00;0.00;0.00;0.000;0.00;0.00;0.00;0.00;0.000;0.00;0.00;0.00;0.00;0.000;0.00;0.00;0.00;0.00;0.000;0.00;0.00;0.00;0.00;0.000;0.00;0.00;0.00;0.00;0.000;0.00;0.00;0.00;0.00;0.000;0.00;0.00;0.00;0.00;0.000;0.00;0.00;0.00;0.00;0.000;0.00;0.00;0.00
47862;POTATO  KLEIN 3KG;4;110848.30;3 912.000;25565.52;0.48;23.06;0.00;0.000;0.00;0.00;0.00;1572.15;75.000;334.65;0.38;21.29;1645.15;69.000;326.05;0.38;19.82;1614.13;77.000;343.63;0.45;21.29;1995.12;88.000;432.12;0.52;21.66;1537.43;69.000;406.13;0.48;26.42;1801.99;81.000;441.99;0.49;24.53;3355.25;175.000;740.45;0.75;22.07;2643.81;139.000;630.21;0.59;23.84;2615.37;123.000;541.17;0.45;20.69;3219.54;111.000;664.44;0.59;20.64;3745.79;121.000;813.59;0.83;21.72;3057.95;105.000;693.65;0.71;22.68;3377.12;138.000;902.12;0.85;26.71;4251.61;179.000;1114.81;1.11;26.22;4433.06;164.000;927.26;1.00;20.92;5368.56;194.000;1143.36;1.25;21.30;5428.01;209.000;1164.41;1.14;21.45;3292.93;107.000;706.93;0.66;21.47;3816.11;89.000;798.11;0.72;20.91;3275.14;86.000;672.04;0.58;20.52;1031.43;22.000;206.43;0.18;20.01;796.48;17.000;158.98;0.14;19.96;2187.04;56.000;429.04;0.42;19.62;2260.69;61.000;483.19;0.46;21.37;672.77;23.000;150.47;0.16;22.37;1432.69;47.000;321.49;0.32;22.44;1699.33;56.000;412.33;0.46;24.26;2282.91;75.000;572.91;0.61;25.10;3589.82;118.000;899.42;0.87;25.05;1919.97;63.000;483.57;0.47;25.19;2292.44;56.000;570.44;0.48;24.88;4920.80;160.000;1194.80;1.00;24.28;3163.37;98.000;788.27;0.61;24.92;2936.11;89.000;746.71;0.55;25.43;2205.38;67.000;505.70;0.41;22.93;1120.01;34.000;283.61;0.21;25.32;1745.26;54.000;416.86;0.35;23.89;3355.02;103.000;821.22;0.66;24.48;2175.69;66.000;552.09;0.53;25.38;2731.57;83.000;689.77;0.61;25.25;1712.18;52.000;432.98;0.35;25.29;821.45;25.000;206.45;0.17;25.13;97.32;3.000;23.52;0.02;24.17;0.00;0.000;0.00;0.00;0.00;0.00;0.000;0.00;0.00;0.00;0.00;0.000;0.00;0.00;0.00;1168.41;59.000;283.41;0.25;24.26;483.94;26.000;134.74;0.11;27.84
48361;CORIANDER;4;18187.92;903.000;5981.92;0.11;32.89;0.00;0.000;0.00;0.00;0.00;0.00;0.000;0.00;0.00;0.00;167.86;14.000;48.86;0.06;29.11;260.82;18.000;85.32;0.11;32.71;0.00;0.000;0.00;0.00;0.00;404.73;27.000;134.73;0.16;33.29;298.30;20.000;98.30;0.11;32.95;269.07;18.000;89.07;0.09;33.10;155.90;10.000;49.90;0.05;32.01;319.00;20.000;99.00;0.08;31.03;241.89;11.000;76.89;0.07;31.79;65.97;3.000;20.97;0.02;31.79;614.62;28.000;194.62;0.20;31.67;109.95;5.000;34.95;0.03;31.79;395.82;18.000;125.82;0.13;31.79;527.76;24.000;167.76;0.18;31.79;351.84;16.000;111.84;0.12;31.79;285.87;13.000;90.87;0.09;31.79;328.75;15.000;103.75;0.10;31.56;306.76;14.000;96.76;0.09;31.54;351.84;16.000;111.84;0.10;31.79;307.86;14.000;97.86;0.08;31.79;549.75;25.000;174.75;0.16;31.79;549.75;25.000;174.75;0.17;31.79;747.66;34.000;237.66;0.23;31.79;637.71;29.000;202.71;0.21;31.79;742.66;34.000;244.66;0.25;32.94;615.72;28.000;195.72;0.22;31.79;700.65;35.000;226.65;0.24;32.35;718.50;30.000;238.50;0.23;33.19;599.72;28.000;199.72;0.20;33.30;489.73;27.000;162.73;0.14;33.23;397.79;21.000;130.79;0.11;32.88;251.86;14.000;83.86;0.06;33.30;467.74;26.000;155.74;0.11;33.30;179.90;10.000;59.90;0.05;33.30;521.71;29.000;173.71;0.13;33.30;503.72;28.000;167.72;0.14;33.30;597.67;33.000;198.67;0.16;33.24;417.81;19.000;132.81;0.13;31.79;132.93;7.000;48.93;0.04;36.81;512.73;27.000;188.73;0.15;36.81;151.92;8.000;55.92;0.04;36.81;246.87;13.000;90.87;0.07;36.81;168.93;7.000;60.93;0.04;36.07;273.86;14.000;97.86;0.07;35.73;356.70;15.000;126.70;0.09;35.52;377.86;14.000;132.86;0.12;35.16;511.46;19.000;178.96;0.14;34.99
48543; H20 STILL SPECIAL;4;19757.70;4 809.000;-1689.16;-0.03;-9.50;0.00;0.000;0.00;0.00;0.00;0.00;0.000;0.00;0.00;0.00;0.00;0.000;0.00;0.00;0.00;210.00;50.000;7.50;0.01;3.57;420.00;100.000;15.00;0.02;3.57;726.60;268.000;-358.80;-0.42;-49.38;0.00;0.000;0.00;0.00;0.00;0.00;0.000;0.00;0.00;0.00;684.60;163.000;24.45;0.02;3.57;135.00;30.000;13.50;0.01;10.00;900.00;200.000;90.00;0.08;10.00;450.00;100.000;45.00;0.05;10.00;450.00;107.000;16.65;0.02;3.70;0.00;0.000;0.00;0.00;0.00;0.00;0.000;0.00;0.00;0.00;675.00;150.000;67.50;0.07;10.00;0.00;0.000;0.00;0.00;0.00;0.00;0.000;0.00;0.00;0.00;0.00;0.000;0.00;0.00;0.00;450.00;100.000;-13.70;-0.01;-3.50;0.00;0.000;0.00;0.00;0.00;270.00;60.000;-8.22;-0.01;-3.50;1125.00;250.000;-34.24;-0.03;-3.50;450.00;100.000;-13.70;-0.01;-3.50;0.00;0.000;0.00;0.00;0.00;0.00;0.000;0.00;0.00;0.00;225.00;50.000;-6.85;-0.01;-3.50;0.00;0.000;0.00;0.00;0.00;1350.00;386.000;-389.39;-0.41;-33.17;450.00;199.000;-414.65;-0.40;-99.99;0.00;0.000;0.00;0.00;0.00;900.00;200.000;-27.39;-0.02;-3.50;108.00;24.000;-3.29;-0.00;-3.50;990.00;220.000;-30.13;-0.02;-3.50;1575.00;350.000;-47.93;-0.04;-3.50;810.00;180.000;-24.65;-0.02;-3.50;225.00;50.000;-6.85;-0.00;-3.50;0.00;0.000;0.00;0.00;0.00;315.00;169.000;-410.54;-0.33;-99.99;225.00;50.000;-6.85;-0.01;-3.50;0.00;0.000;0.00;0.00;0.00;315.00;70.000;-9.59;-0.01;-3.50;450.00;100.000;-13.70;-0.01;-3.50;450.00;100.000;-13.70;-0.01;-3.50;1395.00;310.000;-42.46;-0.03;-3.50;306.00;68.000;-9.31;-0.01;-3.50;2497.50;555.000;-76.01;-0.05;-3.50;0.00;0.000;0.00;0.00;0.00;225.00;50.000;-6.85;-0.01;-3.50
49699;CAUILIFOWER PP;4;22426.03;1 065.000;6886.03;0.13;30.71;0.00;0.000;0.00;0.00;0.00;0.00;0.000;0.00;0.00;0.00;0.00;0.000;0.00;0.00;0.00;0.00;0.000;0.00;0.00;0.00;0.00;0.000;0.00;0.00;0.00;0.00;0.000;0.00;0.00;0.00;1889.76;102.000;540.76;0.60;28.62;1691.23;92.000;515.23;0.52;30.46;698.06;34.000;218.06;0.20;31.24;1097.43;37.000;346.93;0.29;31.61;1103.63;42.000;334.63;0.30;30.32;373.81;14.000;114.81;0.12;30.71;160.59;6.000;49.59;0.05;30.88;402.15;15.000;124.65;0.12;31.00;657.24;26.000;209.24;0.21;31.84;902.43;37.000;284.93;0.31;31.57;454.61;19.000;141.11;0.15;31.04;0.00;0.000;0.00;0.00;0.00;95.96;4.000;29.96;0.03;31.22;1147.43;57.000;344.43;0.31;30.02;138.93;7.000;40.93;0.04;29.46;919.54;46.000;275.54;0.24;29.96;296.85;15.000;86.85;0.08;29.26;59.97;3.000;17.97;0.02;29.96;119.94;6.000;35.94;0.03;29.96;117.94;6.000;33.94;0.04;28.78;0.00;0.000;0.00;0.00;0.00;598.70;30.000;178.70;0.20;29.85;556.72;28.000;164.72;0.18;29.59;159.92;8.000;47.92;0.05;29.96;38.98;2.000;10.98;0.01;28.17;1141.99;61.000;287.99;0.24;25.22;418.79;21.000;124.79;0.10;29.80;397.80;20.000;117.80;0.09;29.61;59.97;3.000;17.97;0.01;29.96;217.89;11.000;63.89;0.05;29.32;334.83;17.000;96.83;0.07;28.92;299.85;15.000;89.85;0.08;29.96;1009.24;56.000;225.24;0.18;22.32;956.86;39.000;410.86;0.39;42.94;665.25;30.000;245.25;0.22;36.87;65.97;3.000;23.97;0.02;36.33;636.61;29.000;230.61;0.19;36.22;1533.12;78.000;441.12;0.35;28.77;109.95;5.000;39.95;0.03;36.33;350.74;16.000;126.74;0.09;36.14;219.90;10.000;79.90;0.06;36.33;194.61;9.000;68.61;0.06;35.26;130.84;6.000;46.84;0.04;35.80
49700;BROCCOLI PP;4;21494.74;1 127.000;6127.15;0.11;28.51;0.00;0.000;0.00;0.00;0.00;0.00;0.000;0.00;0.00;0.00;0.00;0.000;0.00;0.00;0.00;0.00;0.000;0.00;0.00;0.00;0.00;0.000;0.00;0.00;0.00;0.00;0.000;0.00;0.00;0.00;1687.10;116.000;466.10;0.52;27.63;1667.77;98.000;526.77;0.53;31.59;1688.39;86.000;530.39;0.50;31.41;998.06;34.000;312.06;0.26;31.27;955.04;36.000;296.04;0.26;31.00;215.92;8.000;67.92;0.07;31.46;0.00;0.000;0.00;0.00;0.00;322.53;12.000;100.53;0.09;31.17;276.89;11.000;89.89;0.09;32.46;1435.81;59.000;447.81;0.48;31.19;394.72;18.000;124.72;0.14;31.60;0.00;0.000;0.00;0.00;0.00;109.95;5.000;34.95;0.03;31.79;21.99;1.000;6.99;0.01;31.79;240.79;11.000;75.79;0.07;31.48;21.99;1.000;6.99;0.01;31.79;43.98;2.000;13.98;0.01;31.79;21.99;1.000;6.99;0.01;31.79;20.89;1.000;5.89;0.01;28.20;0.00;0.000;0.00;0.00;0.00;21.99;1.000;6.99;0.01;31.79;815.93;47.000;191.93;0.21;23.52;254.85;15.000;74.85;0.08;29.37;1420.12;78.000;364.12;0.35;25.64;0.00;0.000;0.00;0.00;0.00;1062.00;60.000;222.00;0.19;20.90;118.94;6.000;34.94;0.03;29.38;0.00;0.000;0.00;0.00;0.00;39.98;2.000;11.98;0.01;29.96;0.00;0.000;0.00;0.00;0.00;39.98;2.000;11.98;0.01;29.96;198.90;10.000;58.90;0.05;29.61;518.74;26.000;154.74;0.12;29.83;2758.33;147.000;659.74;0.63;23.92;547.55;25.000;197.55;0.17;36.08;1643.22;108.000;427.22;0.34;26.00;372.08;22.000;130.08;0.10;34.96;1382.40;70.000;402.40;0.32;29.11;21.99;1.000;7.99;0.01;36.33;0.00;0.000;0.00;0.00;0.00;87.96;4.000;31.96;0.02;36.33;43.98;2.000;15.98;0.01;36.33;21.99;1.000;7.99;0.01;36.33
50065;PROTEAS;4;99158.11;1 768.000;31801.70;0.60;32.49;0.00;0.000;0.00;0.00;0.00;0.00;0.000;0.00;0.00;0.00;0.00;0.000;0.00;0.00;0.00;0.00;0.000;0.00;0.00;0.00;0.00;0.000;0.00;0.00;0.00;0.00;0.000;0.00;0.00;0.00;1545.00;31.000;413.48;0.46;30.78;4400.00;88.000;1186.09;1.20;31.00;3357.50;63.000;809.57;0.76;27.73;2240.00;28.000;766.96;0.64;35.39;854.85;15.000;254.85;0.23;29.81;683.88;12.000;203.88;0.21;29.81;4271.40;75.000;1271.40;1.30;29.77;2792.51;49.000;832.51;0.78;29.81;2849.50;50.000;849.50;0.85;29.81;56.99;1.000;16.99;0.02;29.81;227.96;4.000;67.96;0.07;29.81;3602.99;80.000;1192.99;1.17;33.11;5933.25;132.000;1973.25;1.85;33.26;5663.25;126.000;1883.25;1.69;33.25;0.00;0.000;0.00;0.00;0.00;45.00;1.000;15.00;0.01;33.33;0.00;0.000;0.00;0.00;0.00;0.00;0.000;0.00;0.00;0.00;0.00;0.000;0.00;0.00;0.00;0.00;0.000;0.00;0.00;0.00;3825.00;85.000;1275.00;1.29;33.33;5218.87;106.000;1658.87;1.84;31.79;3527.68;62.000;1047.68;1.12;29.70;6143.52;108.000;1823.52;1.76;29.68;6405.67;113.000;1885.67;1.84;29.44;1464.64;26.000;424.64;0.36;28.99;0.00;0.000;0.00;0.00;0.00;0.00;0.000;0.00;0.00;0.00;4823.77;68.000;1423.77;1.04;29.52;0.00;0.000;0.00;0.00;0.00;0.00;0.000;0.00;0.00;0.00;0.00;0.000;0.00;0.00;0.00;0.00;0.000;0.00;0.00;0.00;141.98;2.000;41.98;0.04;29.57;0.00;0.000;0.00;0.00;0.00;7661.05;105.000;2761.05;2.21;36.04;13380.86;174.000;4680.86;3.77;34.98;7949.01;162.000;3009.01;2.40;37.85;91.98;2.000;31.98;0.02;34.77;0.00;0.000;0.00;0.00;0.00;0.00;0.000;0.00;0.00;0.00;0.00;0.000;0.00;0.00;0.00;0.00;0.000;0.00;0.00;0.00
50896;C/VALUE BANANAS MINIBOX;4;67777.35;1 848.000;17054.46;0.32;25.16;0.00;0.000;0.00;0.00;0.00;0.00;0.000;0.00;0.00;0.00;0.00;0.000;0.00;0.00;0.00;0.00;0.000;0.00;0.00;0.00;0.00;0.000;0.00;0.00;0.00;0.00;0.000;0.00;0.00;0.00;0.00;0.000;0.00;0.00;0.00;0.00;0.000;0.00;0.00;0.00;0.00;0.000;0.00;0.00;0.00;0.00;0.000;0.00;0.00;0.00;0.00;0.000;0.00;0.00;0.00;299.90;10.000;77.83;0.08;25.95;1466.54;46.000;315.63;0.32;21.52;1926.23;62.000;515.75;0.49;26.78;809.74;26.000;204.57;0.20;25.26;869.71;29.000;250.21;0.27;28.77;754.78;22.000;210.46;0.23;27.88;1464.01;42.000;414.96;0.41;28.34;0.00;0.000;0.00;0.00;0.00;717.82;18.000;148.19;0.13;20.64;0.00;0.000;0.00;0.00;0.00;627.61;14.000;143.54;0.12;22.87;2419.94;56.000;650.09;0.59;26.86;1264.66;34.000;382.39;0.37;30.24;2685.75;75.000;699.77;0.67;26.05;1244.65;35.000;419.31;0.44;33.69;923.69;31.000;182.56;0.18;19.76;2710.71;79.000;836.15;0.93;30.85;1082.94;31.000;351.41;0.37;32.45;734.79;21.000;219.08;0.21;29.81;0.00;0.000;0.00;0.00;0.00;1327.75;35.000;260.94;0.22;19.65;3679.33;97.000;501.69;0.42;13.64;4911.02;128.000;764.62;0.59;15.57;4750.32;128.000;1124.00;0.82;23.66;3857.74;106.000;947.76;0.76;24.57;3725.34;96.000;905.82;0.66;24.32;2793.30;70.000;701.20;0.59;25.10;4874.78;122.000;1418.90;1.14;29.11;1259.65;35.000;365.03;0.35;28.98;840.51;29.000;254.69;0.23;30.30;134.31;4.000;36.73;0.03;27.35;0.00;0.000;0.00;0.00;0.00;0.00;0.000;0.00;0.00;0.00;0.00;0.000;0.00;0.00;0.00;266.91;9.000;32.34;0.02;12.12;4323.10;120.000;1129.26;0.79;26.12;3876.55;105.000;1211.62;1.06;31.26;5153.27;133.000;1377.97;1.10;26.74
51058;F/LINE LETTUCE CRSP HEAD;4;370368.45;19 682.000;88274.68;1.65;23.83;0.00;0.000;0.00;0.00;0.00;0.00;0.000;0.00;0.00;0.00;0.00;0.000;0.00;0.00;0.00;0.00;0.000;0.00;0.00;0.00;0.00;0.000;0.00;0.00;0.00;0.00;0.000;0.00;0.00;0.00;0.00;0.000;0.00;0.00;0.00;0.00;0.000;0.00;0.00;0.00;0.00;0.000;0.00;0.00;0.00;0.00;0.000;0.00;0.00;0.00;0.00;0.000;0.00;0.00;0.00;0.00;0.000;0.00;0.00;0.00;0.00;0.000;0.00;0.00;0.00;0.00;0.000;0.00;0.00;0.00;0.00;0.000;0.00;0.00;0.00;0.00;0.000;0.00;0.00;0.00;0.00;0.000;0.00;0.00;0.00;0.00;0.000;0.00;0.00;0.00;0.00;0.000;0.00;0.00;0.00;0.00;0.000;0.00;0.00;0.00;14330.84;802.000;4096.90;3.54;28.59;13361.64;673.000;2540.29;2.19;19.01;11273.87;567.000;2326.47;2.10;20.64;12959.88;657.000;2716.05;2.66;20.96;13139.31;701.000;2629.37;2.50;20.01;10661.11;577.000;3114.79;3.29;29.22;6221.18;432.000;1660.90;1.68;26.70;7783.01;464.000;2149.62;2.39;27.62;9340.48;547.000;2116.43;2.25;22.66;13234.72;733.000;2858.14;2.76;21.60;10152.09;558.000;2976.88;2.91;29.32;12232.07;820.000;2833.71;2.38;23.17;11952.56;664.000;4249.17;3.55;35.55;19162.43;1 015.000;4921.60;3.79;25.68;15742.22;797.000;3805.99;2.79;24.18;17826.06;894.000;1839.94;1.47;10.32;18170.62;862.000;2452.85;1.78;13.50;14548.05;614.000;2472.61;2.08;17.00;13365.56;539.000;2303.98;1.85;17.24;8694.67;378.000;2216.75;2.12;25.50;9987.41;449.000;2331.50;2.06;23.34;12288.49;611.000;3378.68;2.70;27.49;12204.52;691.000;4099.97;3.30;33.59;11027.62;786.000;3616.39;2.89;32.79;12270.56;779.000;4179.17;3.06;34.06;15352.41;804.000;3828.12;2.58;24.93;16114.50;890.000;3749.32;2.63;23.27;12351.90;645.000;3302.91;2.90;26.74;14618.67;733.000;3506.17;2.79;23.98
54065;C/VALUE ENGLISH CUCUMBER;4;184581.15;16 077.000;57569.91;1.08;31.19;0.00;0.000;0.00;0.00;0.00;0.00;0.000;0.00;0.00;0.00;0.00;0.000;0.00;0.00;0.00;0.00;0.000;0.00;0.00;0.00;0.00;0.000;0.00;0.00;0.00;0.00;0.000;0.00;0.00;0.00;0.00;0.000;0.00;0.00;0.00;0.00;0.000;0.00;0.00;0.00;0.00;0.000;0.00;0.00;0.00;0.00;0.000;0.00;0.00;0.00;0.00;0.000;0.00;0.00;0.00;0.00;0.000;0.00;0.00;0.00;0.00;0.000;0.00;0.00;0.00;0.00;0.000;0.00;0.00;0.00;0.00;0.000;0.00;0.00;0.00;0.00;0.000;0.00;0.00;0.00;0.00;0.000;0.00;0.00;0.00;0.00;0.000;0.00;0.00;0.00;0.00;0.000;0.00;0.00;0.00;0.00;0.000;0.00;0.00;0.00;0.00;0.000;0.00;0.00;0.00;1876.62;188.000;722.98;0.62;38.53;6255.72;628.000;2411.29;2.18;38.55;4495.00;451.000;1734.11;1.70;38.58;5997.48;602.000;2312.22;2.20;38.55;5984.88;692.000;3357.18;3.55;56.09;7111.24;476.000;1994.05;2.01;28.04;4757.48;377.000;1309.92;1.45;27.53;5335.28;472.000;1036.05;1.10;19.42;7868.24;526.000;1709.25;1.65;21.72;7457.51;499.000;2827.80;2.77;37.92;8467.11;759.000;2430.39;2.04;28.70;3225.88;462.000;1035.63;0.86;32.10;8457.56;894.000;2358.90;1.82;27.89;4083.33;372.000;1070.54;0.79;26.22;8201.81;749.000;2135.73;1.71;26.04;9298.06;849.000;3450.19;2.50;37.11;9510.35;831.000;2542.49;2.14;26.73;6186.23;517.000;1789.77;1.44;28.93;4987.83;417.000;1441.75;1.38;28.91;5332.23;432.000;1450.76;1.28;27.21;7928.18;442.000;1641.88;1.31;20.71;5361.91;299.000;1109.41;0.89;20.69;4099.12;383.000;1342.70;1.07;32.76;5650.70;810.000;1714.67;1.26;30.34;7075.29;771.000;2725.02;1.84;38.51;9984.98;1 002.000;3814.73;2.68;38.20;8806.74;541.000;2733.41;2.40;31.04;10784.39;636.000;3367.10;2.68;31.22
55071;ROOIKRANS HOUT SAKKIES;4;51597.29;1 364.000;17378.29;0.33;33.68;0.00;0.000;0.00;0.00;0.00;0.00;0.000;0.00;0.00;0.00;0.00;0.000;0.00;0.00;0.00;0.00;0.000;0.00;0.00;0.00;0.00;0.000;0.00;0.00;0.00;0.00;0.000;0.00;0.00;0.00;0.00;0.000;0.00;0.00;0.00;0.00;0.000;0.00;0.00;0.00;0.00;0.000;0.00;0.00;0.00;0.00;0.000;0.00;0.00;0.00;0.00;0.000;0.00;0.00;0.00;0.00;0.000;0.00;0.00;0.00;0.00;0.000;0.00;0.00;0.00;0.00;0.000;0.00;0.00;0.00;0.00;0.000;0.00;0.00;0.00;0.00;0.000;0.00;0.00;0.00;0.00;0.000;0.00;0.00;0.00;0.00;0.000;0.00;0.00;0.00;0.00;0.000;0.00;0.00;0.00;439.89;11.000;120.89;0.11;27.48;159.96;4.000;43.96;0.04;27.48;239.94;6.000;65.94;0.06;27.48;600.00;20.000;200.00;0.18;33.33;1964.00;54.000;626.00;0.61;31.87;5130.00;135.000;1620.00;1.54;31.58;1824.00;48.000;576.00;0.61;31.58;1444.00;38.000;456.00;0.46;31.58;2842.40;75.000;892.40;0.99;31.40;2430.10;64.000;766.10;0.82;31.53;2394.00;63.000;1062.00;1.03;44.36;418.00;11.000;198.00;0.19;47.37;1746.10;46.000;826.10;0.70;47.31;798.00;21.000;378.00;0.32;47.37;1824.00;48.000;864.00;0.67;47.37;456.00;12.000;204.00;0.15;44.74;1672.00;44.000;528.00;0.42;31.58;1670.10;44.000;526.10;0.38;31.50;1820.20;48.000;572.20;0.48;31.44;76.00;2.000;24.00;0.02;31.58;38.00;1.000;12.00;0.01;31.58;0.00;0.000;0.00;0.00;0.00;2812.00;74.000;888.00;0.71;31.58;1216.00;32.000;384.00;0.31;31.58;532.00;14.000;168.00;0.13;31.58;1748.00;46.000;552.00;0.40;31.58;7324.50;193.000;2306.50;1.56;31.49;2622.00;69.000;828.00;0.58;31.58;2546.00;67.000;804.00;0.71;31.58;2810.10;74.000;886.10;0.70;31.53
55364;H20 5L;4;94751.95;4 520.000;35685.75;0.67;43.31;0.00;0.000;0.00;0.00;0.00;0.00;0.000;0.00;0.00;0.00;0.00;0.000;0.00;0.00;0.00;0.00;0.000;0.00;0.00;0.00;0.00;0.000;0.00;0.00;0.00;0.00;0.000;0.00;0.00;0.00;0.00;0.000;0.00;0.00;0.00;0.00;0.000;0.00;0.00;0.00;0.00;0.000;0.00;0.00;0.00;0.00;0.000;0.00;0.00;0.00;0.00;0.000;0.00;0.00;0.00;0.00;0.000;0.00;0.00;0.00;0.00;0.000;0.00;0.00;0.00;0.00;0.000;0.00;0.00;0.00;0.00;0.000;0.00;0.00;0.00;0.00;0.000;0.00;0.00;0.00;0.00;0.000;0.00;0.00;0.00;0.00;0.000;0.00;0.00;0.00;0.00;0.000;0.00;0.00;0.00;0.00;0.000;0.00;0.00;0.00;6411.39;306.000;1897.00;1.64;34.03;4991.42;238.000;1479.61;1.28;34.09;3582.99;171.000;1060.22;0.96;34.03;4045.82;193.000;1198.24;1.17;34.06;3460.20;165.000;1025.57;0.98;34.08;986.53;47.000;292.91;0.31;34.14;3280.73;157.000;965.67;0.98;33.85;4050.02;193.000;1201.90;1.33;34.13;4311.34;206.000;1272.87;1.36;33.95;3626.02;173.000;1073.60;1.04;34.05;923.56;44.000;274.22;0.27;34.14;3770.85;180.000;1115.40;0.94;34.02;4361.72;208.000;1292.64;1.08;34.08;5934.92;283.000;1759.14;1.36;34.09;5141.50;245.000;1525.97;1.12;34.13;4316.59;206.000;1277.44;1.02;34.03;6268.66;299.000;3778.31;2.74;69.31;2138.88;102.000;1405.39;1.18;75.56;3859.01;184.000;2535.78;2.04;75.57;83.96;4.000;55.19;0.05;75.59;0.00;0.000;0.00;0.00;0.00;3037.25;145.000;1453.54;1.16;55.04;1613.08;77.000;772.05;0.62;55.04;1760.01;84.000;842.48;0.67;55.05;2180.86;104.000;1044.64;0.77;55.09;1259.40;60.000;603.73;0.41;55.13;3315.37;158.000;1588.91;1.12;55.11;2305.75;110.000;1104.10;0.97;55.07;3734.12;178.000;1789.24;1.42;55.10
58506;NAARTJIE 1.5KG;4;19902.88;1 142.000;5154.88;0.10;25.90;0.00;0.000;0.00;0.00;0.00;0.00;0.000;0.00;0.00;0.00;0.00;0.000;0.00;0.00;0.00;0.00;0.000;0.00;0.00;0.00;0.00;0.000;0.00;0.00;0.00;0.00;0.000;0.00;0.00;0.00;0.00;0.000;0.00;0.00;0.00;0.00;0.000;0.00;0.00;0.00;0.00;0.000;0.00;0.00;0.00;0.00;0.000;0.00;0.00;0.00;0.00;0.000;0.00;0.00;0.00;0.00;0.000;0.00;0.00;0.00;0.00;0.000;0.00;0.00;0.00;0.00;0.000;0.00;0.00;0.00;0.00;0.000;0.00;0.00;0.00;0.00;0.000;0.00;0.00;0.00;0.00;0.000;0.00;0.00;0.00;0.00;0.000;0.00;0.00;0.00;0.00;0.000;0.00;0.00;0.00;0.00;0.000;0.00;0.00;0.00;0.00;0.000;0.00;0.00;0.00;0.00;0.000;0.00;0.00;0.00;0.00;0.000;0.00;0.00;0.00;0.00;0.000;0.00;0.00;0.00;0.00;0.000;0.00;0.00;0.00;0.00;0.000;0.00;0.00;0.00;0.00;0.000;0.00;0.00;0.00;0.00;0.000;0.00;0.00;0.00;2598.14;166.000;606.14;0.65;23.33;9302.81;594.000;2174.81;2.10;23.38;5692.71;279.000;1756.71;1.72;30.86;1573.00;50.000;373.00;0.31;23.71;89.97;3.000;17.97;0.01;19.97;0.00;0.000;0.00;0.00;0.00;0.00;0.000;0.00;0.00;0.00;0.00;0.000;0.00;0.00;0.00;0.00;0.000;0.00;0.00;0.00;0.00;0.000;0.00;0.00;0.00;0.00;0.000;0.00;0.00;0.00;0.00;0.000;0.00;0.00;0.00;646.25;50.000;226.25;0.20;35.01;0.00;0.000;0.00;0.00;0.00;0.00;0.000;0.00;0.00;0.00;0.00;0.000;0.00;0.00;0.00;0.00;0.000;0.00;0.00;0.00;0.00;0.000;0.00;0.00;0.00;0.00;0.000;0.00;0.00;0.00;0.00;0.000;0.00;0.00;0.00;0.00;0.000;0.00;0.00;0.00
60041;H20 500ML;4;11147.16;2 234.000;7102.59;0.13;63.72;0.00;0.000;0.00;0.00;0.00;0.00;0.000;0.00;0.00;0.00;0.00;0.000;0.00;0.00;0.00;0.00;0.000;0.00;0.00;0.00;0.00;0.000;0.00;0.00;0.00;0.00;0.000;0.00;0.00;0.00;0.00;0.000;0.00;0.00;0.00;0.00;0.000;0.00;0.00;0.00;0.00;0.000;0.00;0.00;0.00;0.00;0.000;0.00;0.00;0.00;0.00;0.000;0.00;0.00;0.00;0.00;0.000;0.00;0.00;0.00;0.00;0.000;0.00;0.00;0.00;0.00;0.000;0.00;0.00;0.00;0.00;0.000;0.00;0.00;0.00;0.00;0.000;0.00;0.00;0.00;0.00;0.000;0.00;0.00;0.00;0.00;0.000;0.00;0.00;0.00;0.00;0.000;0.00;0.00;0.00;0.00;0.000;0.00;0.00;0.00;0.00;0.000;0.00;0.00;0.00;0.00;0.000;0.00;0.00;0.00;0.00;0.000;0.00;0.00;0.00;0.00;0.000;0.00;0.00;0.00;0.00;0.000;0.00;0.00;0.00;0.00;0.000;0.00;0.00;0.00;0.00;0.000;0.00;0.00;0.00;0.00;0.000;0.00;0.00;0.00;0.00;0.000;0.00;0.00;0.00;0.00;0.000;0.00;0.00;0.00;0.00;0.000;0.00;0.00;0.00;0.00;0.000;0.00;0.00;0.00;1452.09;291.000;622.74;0.52;42.89;553.89;111.000;237.54;0.18;42.89;3992.00;800.000;1712.00;1.26;42.89;464.07;93.000;199.02;0.16;42.89;119.76;24.000;110.72;0.08;92.45;269.46;54.000;249.11;0.21;92.45;1097.80;220.000;1014.90;0.81;92.45;119.76;24.000;110.72;0.11;92.45;239.52;48.000;221.43;0.20;92.45;0.00;0.000;0.00;0.00;0.00;334.33;67.000;309.08;0.25;92.45;224.30;45.000;207.34;0.17;92.44;394.21;79.000;364.44;0.27;92.45;9.73;2.000;8.98;0.01;92.25;1352.29;271.000;1250.18;0.88;92.45;349.30;70.000;322.92;0.28;92.45;174.65;35.000;161.46;0.13;92.45
62640;TOMATO 750G;4;28912.25;1 490.000;8359.35;0.16;28.91;0.00;0.000;0.00;0.00;0.00;0.00;0.000;0.00;0.00;0.00;0.00;0.000;0.00;0.00;0.00;0.00;0.000;0.00;0.00;0.00;0.00;0.000;0.00;0.00;0.00;0.00;0.000;0.00;0.00;0.00;0.00;0.000;0.00;0.00;0.00;0.00;0.000;0.00;0.00;0.00;0.00;0.000;0.00;0.00;0.00;0.00;0.000;0.00;0.00;0.00;0.00;0.000;0.00;0.00;0.00;0.00;0.000;0.00;0.00;0.00;0.00;0.000;0.00;0.00;0.00;0.00;0.000;0.00;0.00;0.00;0.00;0.000;0.00;0.00;0.00;0.00;0.000;0.00;0.00;0.00;0.00;0.000;0.00;0.00;0.00;0.00;0.000;0.00;0.00;0.00;0.00;0.000;0.00;0.00;0.00;0.00;0.000;0.00;0.00;0.00;0.00;0.000;0.00;0.00;0.00;0.00;0.000;0.00;0.00;0.00;0.00;0.000;0.00;0.00;0.00;0.00;0.000;0.00;0.00;0.00;0.00;0.000;0.00;0.00;0.00;0.00;0.000;0.00;0.00;0.00;0.00;0.000;0.00;0.00;0.00;0.00;0.000;0.00;0.00;0.00;0.00;0.000;0.00;0.00;0.00;0.00;0.000;0.00;0.00;0.00;0.00;0.000;0.00;0.00;0.00;0.00;0.000;0.00;0.00;0.00;0.00;0.000;0.00;0.00;0.00;0.00;0.000;0.00;0.00;0.00;0.00;0.000;0.00;0.00;0.00;0.00;0.000;0.00;0.00;0.00;0.00;0.000;0.00;0.00;0.00;0.00;0.000;0.00;0.00;0.00;0.00;0.000;0.00;0.00;0.00;3361.07;218.000;745.07;0.71;22.17;4099.16;214.000;1060.16;0.94;25.86;7998.37;358.000;2805.97;2.24;35.08;6526.87;328.000;1895.37;1.53;29.04;1359.89;41.000;481.89;0.39;35.44;958.18;32.000;350.18;0.26;36.55;0.00;0.000;0.00;0.00;0.00;0.00;0.000;0.00;0.00;0.00;0.00;0.000;0.00;0.00;0.00;4608.71;299.000;1020.71;0.81;22.15
99990401;FRESH PRODUCE 15%;4;37916.87;2 333.000;9602.62;0.18;29.12;0.00;0.000;0.00;0.00;0.00;0.00;0.000;0.00;0.00;0.00;26.99;1.000;6.90;0.01;29.39;0.00;0.000;0.00;0.00;0.00;24.99;1.000;6.39;0.01;29.39;0.00;0.000;0.00;0.00;0.00;17.99;1.000;4.60;0.01;29.39;0.00;0.000;0.00;0.00;0.00;15.99;1.000;4.09;0.00;29.39;0.00;0.000;0.00;0.00;0.00;7.00;2.000;1.79;0.00;29.39;16.14;1.000;3.60;0.00;25.67;171.76;11.000;41.80;0.04;27.99;63.96;4.000;16.35;0.02;29.39;3.50;1.000;0.89;0.00;29.39;120.95;8.000;30.08;0.03;28.60;146.68;8.000;37.03;0.04;29.03;654.36;3.000;167.23;0.16;29.39;330.57;12.000;84.27;0.08;29.32;-18.61;5.000;-4.76;-0.00;29.39;903.57;20.000;229.97;0.20;29.27;977.44;9.000;248.57;0.21;29.25;408.92;9.000;104.51;0.09;29.39;459.96;16.000;117.55;0.12;29.39;412.82;21.000;103.66;0.10;28.88;463.17;28.000;111.92;0.12;27.79;209.97;4.000;53.66;0.05;29.39;37.98;2.000;9.71;0.01;29.39;318.30;31.000;79.72;0.08;28.80;389.85;15.000;99.63;0.10;29.39;598.95;64.000;152.67;0.15;29.31;4019.68;561.000;1027.29;0.86;29.39;820.70;185.000;209.74;0.18;29.39;795.94;88.000;203.41;0.16;29.39;934.49;92.000;223.03;0.16;27.45;579.41;84.000;145.96;0.12;28.97;805.07;133.000;204.37;0.15;29.19;1113.83;105.000;284.34;0.24;29.36;5316.15;152.000;1358.62;1.09;29.39;490.54;35.000;118.83;0.11;27.86;522.26;19.000;133.07;0.12;29.30;2488.18;23.000;635.16;0.51;29.36;1303.12;31.000;330.24;0.27;29.14;3549.67;192.000;899.90;0.72;29.15;1939.60;98.000;477.55;0.35;28.31;3075.27;138.000;780.86;0.53;29.20;1244.46;42.000;314.05;0.22;29.02;969.12;31.000;244.79;0.21;29.05;1186.18;46.000;299.59;0.24;29.04
;Total (Overall);;21338605.45;1 085 166.889;5343288.34;100.00;25.32;338052.53;19 982.061;86903.47;100.00;25.78;352374.41;20 250.559;88820.52;100.00;25.25;334260.02;19 017.877;85635.87;100.00;25.67;301950.45;18 091.251;77060.42;100.00;25.57;329686.26;19 574.375;83142.97;100.00;25.27;328007.96;19 653.403;84949.52;100.00;25.94;346449.49;20 159.501;89538.67;100.00;25.90;373994.36;21 421.973;98644.33;100.00;26.49;402259.46;23 737.741;106620.30;100.00;26.60;459735.16;25 332.580;119373.46;100.00;26.04;430044.81;24 325.648;112992.88;100.00;26.32;380974.34;21 055.069;98599.99;100.00;25.92;399594.81;21 368.640;98128.78;100.00;24.59;405825.74;21 311.794;106122.81;100.00;26.23;381762.51;20 800.406;100146.16;100.00;26.29;363168.53;19 741.636;92437.87;100.00;25.51;357086.86;19 185.251;91541.01;100.00;25.72;396282.40;21 197.752;102321.27;100.00;25.87;423525.34;22 120.039;106760.44;100.00;25.47;468453.66;22 185.965;111290.13;100.00;24.05;474030.90;24 010.459;115744.30;100.00;24.83;487052.96;24 169.168;115733.70;100.00;24.16;467241.07;23 897.690;110764.21;100.00;24.14;432992.02;23 476.767;102048.13;100.00;24.03;422781.19;21 380.566;105044.54;100.00;25.25;386309.49;18 863.455;94536.75;100.00;24.83;405687.94;20 102.087;99032.19;100.00;24.77;366104.21;18 112.646;90047.05;100.00;24.97;389941.52;19 591.891;93863.36;100.00;24.41;439526.08;21 108.064;103609.68;100.00;23.86;434674.10;19 897.878;102258.02;100.00;23.81;496646.01;23 176.644;118863.04;100.00;24.28;495840.37;23 669.515;119847.54;100.00;24.53;554201.91;26 153.443;129717.02;100.00;23.78;556612.48;27 494.905;136327.83;100.00;24.93;508274.02;24 765.821;124814.59;100.00;24.98;582191.71;27 622.857;137884.97;100.00;24.06;477541.26;22 643.319;118717.35;100.00;25.21;491901.58;22 464.609;124581.07;100.00;25.68;410114.21;18 878.362;104468.27;100.00;25.77;430201.49;19 643.993;113103.09;100.00;26.60;476541.36;21 330.296;125078.19;100.00;26.57;448091.56;20 317.923;124272.18;100.00;28.08;501670.40;23 550.746;125117.40;100.00;25.30;533498.31;25 509.982;136373.47;100.00;25.95;583982.77;27 202.799;148274.27;100.00;25.77;561771.04;28 212.540;142426.60;100.00;25.83;453412.90;22 886.426;113873.36;100.00;25.58;496281.49;24 518.517;125835.32;100.00;25.80
