;;;Totals; ; ; ; ;01/03/22; ; ; ; ;01/04/22; ; ; ; ;01/05/22; ; ; ; ;01/06/22; ; ; ; ;01/07/22; ; ; ; ;01/08/22; ; ; ; ;01/09/22; ; ; ; ;01/10/22; ; ; ; ;01/11/22; ; ; ; ;01/12/22; ; ; ; ;01/01/23; ; ; ; ;01/02/23; ; ; ; ;01/03/23; ; ; ; ;01/04/23; ; ; ; ;01/05/23; ; ; ; ;01/06/23; ; ; ; ;01/07/23; ; ; ; ;01/08/23; ; ; ; ;01/09/23; ; ; ; ;01/10/23; ; ; ; ;01/11/23; ; ; ; ;01/12/23; ; ; ; ;01/01/24; ; ; ; ;01/02/24; ; ; ; ;01/03/24; ; ; ; ;01/04/24; ; ; ; ;01/05/24; ; ; ; ;01/06/24; ; ; ; ;01/07/24; ; ; ; ;01/08/24; ; ; ; ;01/09/24; ; ; ; ;01/10/24; ; ; ; ;01/11/24; ; ; ; ;01/12/24; ; ; ; ;01/01/25; ; ; ; ;01/02/25; ; ; ; ;01/03/25; ; ; ; ;01/04/25; ; ; ; ;01/05/25; ; ; ; ;01/06/25; ; ; ; ;01/07/25; ; ; ; ;01/08/25; ; ; ; ;01/09/25; ; ; ; ;01/10/25; ; ; ; ;01/11/25; ; ; ; ;01/12/25; ; ; ; ;01/01/26; ; ; ; ;01/02/26; ; ; ; ;01/03/26; ; ; ; 
Product Code;Product Description;Department;Sales incl. VAT;Sales Quantity;Gross Profit;GP Ratio (%);GP %;Sales incl. VAT;Sales Quantity;Gross Profit;GP Ratio (%);GP %;Sales incl. VAT;Sales Quantity;Gross Profit;GP Ratio (%);GP %;Sales incl. VAT;Sales Quantity;Gross Profit;GP Ratio (%);GP %;Sales incl. VAT;Sales Quantity;Gross Profit;GP Ratio (%);GP %;Sales incl. VAT;Sales Quantity;Gross Profit;GP Ratio (%);GP %;Sales incl. VAT;Sales Quantity;Gross Profit;GP Ratio (%);GP %;Sales incl. VAT;Sales Quantity;Gross Profit;GP Ratio (%);GP %;Sales incl. VAT;Sales Quantity;Gross Profit;GP Ratio (%);GP %;Sales incl. VAT;Sales Quantity;Gross Profit;GP Ratio (%);GP %;Sales incl. VAT;Sales Quantity;Gross Profit;GP Ratio (%);GP %;Sales incl. VAT;Sales Quantity;Gross Profit;GP Ratio (%);GP %;Sales incl. VAT;Sales Quantity;Gross Profit;GP Ratio (%);GP %;Sales incl. VAT;Sales Quantity;Gross Profit;GP Ratio (%);GP %;Sales incl. VAT;Sales Quantity;Gross Profit;GP Ratio (%);GP %;Sales incl. VAT;Sales Quantity;Gross Profit;GP Ratio (%);GP %;Sales incl. VAT;Sales Quantity;Gross Profit;GP Ratio (%);GP %;Sales incl. VAT;Sales Quantity;Gross Profit;GP Ratio (%);GP %;Sales incl. VAT;Sales Quantity;Gross Profit;GP Ratio (%);GP %;Sales incl. VAT;Sales Quantity;Gross Profit;GP Ratio (%);GP %;Sales incl. VAT;Sales Quantity;Gross Profit;GP Ratio (%);GP %;Sales incl. VAT;Sales Quantity;Gross Profit;GP Ratio (%);GP %;Sales incl. VAT;Sales Quantity;Gross Profit;GP Ratio (%);GP %;Sales incl. VAT;Sales Quantity;Gross Profit;GP Ratio (%);GP %;Sales incl. VAT;Sales Quantity;Gross Profit;GP Ratio (%);GP %;Sales incl. VAT;Sales Quantity;Gross Profit;GP Ratio (%);GP %;Sales incl. VAT;Sales Quantity;Gross Profit;GP Ratio (%);GP %;Sales incl. VAT;Sales Quantity;Gross Profit;GP Ratio (%);GP %;Sales incl. VAT;Sales Quantity;Gross Profit;GP Ratio (%);GP %;Sales incl. VAT;Sales Quantity;Gross Profit;GP Ratio (%);GP %;Sales incl. VAT;Sales Quantity;Gross Profit;GP Ratio (%);GP %;Sales incl. VAT;Sales Quantity;Gross Profit;GP Ratio (%);GP %;Sales incl. VAT;Sales Quantity;Gross Profit;GP Ratio (%);GP %;Sales incl. VAT;Sales Quantity;Gross Profit;GP Ratio (%);GP %;Sales incl. VAT;Sales Quantity;Gross Profit;GP Ratio (%);GP %;Sales incl. VAT;Sales Quantity;Gross Profit;GP Ratio (%);GP %;Sales incl. VAT;Sales Quantity;Gross Profit;GP Ratio (%);GP %;Sales incl. VAT;Sales Quantity;Gross Profit;GP Ratio (%);GP %;Sales incl. VAT;Sales Quantity;Gross Profit;GP Ratio (%);GP %;Sales incl. VAT;Sales Quantity;Gross Profit;GP Ratio (%);GP %;Sales incl. VAT;Sales Quantity;Gross Profit;GP Ratio (%);GP %;Sales incl. VAT;Sales Quantity;Gross Profit;GP Ratio (%);GP %;Sales incl. VAT;Sales Quantity;Gross Profit;GP Ratio (%);GP %;Sales incl. VAT;Sales Quantity;Gross Profit;GP Ratio (%);GP %;Sales incl. VAT;Sales Quantity;Gross Profit;GP Ratio (%);GP %;Sales incl. VAT;Sales Quantity;Gross Profit;GP Ratio (%);GP %;Sales incl. VAT;Sales Quantity;Gross Profit;GP Ratio (%);GP %;Sales incl. VAT;Sales Quantity;Gross Profit;GP Ratio (%);GP %;Sales incl. VAT;Sales Quantity;Gross Profit;GP Ratio (%);GP %;Sales incl. VAT;Sales Quantity;Gross Profit;GP Ratio (%);GP %
26453;COCA COLA CAN;19;11885.33;1 167;2071.73;0.11;20.05;306.00;34;52.42;0.14;19.70;153.00;17;26.21;0.08;19.70;216.00;24;37.00;0.12;19.70;144.00;16;24.67;0.08;19.70;243.00;27;41.62;0.12;19.70;9.00;1;1.54;0.00;19.70;126.00;14;21.58;0.06;19.70;90.00;10;15.42;0.03;19.70;432.00;48;74.00;0.17;19.70;199.96;24;23.05;0.04;13.26;0.00;0;0.00;0.00;0.00;257.96;26;60.92;0.13;27.16;72.00;8;12.33;0.03;19.70;108.00;12;18.50;0.04;19.70;518.96;55;105.63;0.35;23.41;117.00;13;20.04;0.07;19.70;36.00;4;6.17;0.02;19.70;40.00;4;6.85;0.02;19.69;80.00;8;13.70;0.04;19.69;151.98;15;27.40;0.07;20.73;65.94;6;15.44;0.04;26.92;175.84;16;41.17;0.08;26.92;164.85;15;38.59;0.07;26.92;197.82;18;46.31;0.10;26.92;155.94;15;30.85;0.07;22.75;350.00;35;59.92;0.15;19.69;200.00;20;34.24;0.09;19.69;1609.75;161;275.42;0.84;19.68;100.00;10;17.12;0.06;19.69;150.00;15;25.68;0.07;19.69;170.00;17;29.10;0.08;19.69;290.89;28;49.71;0.12;19.65;252.77;23;43.09;0.12;19.60;292.93;27;47.27;0.09;18.56;0.00;0;0.00;0.00;0.00;351.68;32;59.95;0.12;19.60;285.74;26;48.71;0.10;19.60;329.70;30;56.20;0.18;19.60;98.91;9;16.86;0.04;19.60;87.92;8;14.99;0.05;19.60;109.90;10;18.73;0.07;19.60;164.85;15;28.10;0.11;19.60;838.63;77;137.64;0.45;18.87;285.74;26;48.71;0.14;19.60;285.74;26;48.71;0.14;19.60;439.60;40;74.93;0.17;19.60;557.64;51;93.06;0.18;19.19;333.80;30;51.37;0.15;17.70;237.89;21;30.84;0.08;14.91
26454;FANTA GRAPE PET;19;45947.35;2 276;4367.30;0.23;10.93;0.00;0;0.00;0.00;0.00;0.00;0;0.00;0.00;0.00;125.94;6;9.85;0.03;8.99;0.00;0;0.00;0.00;0.00;230.89;11;18.05;0.05;8.99;146.93;7;11.49;0.03;8.99;0.00;0;0.00;0.00;0.00;0.00;0;0.00;0.00;0.00;0.00;0;0.00;0.00;0.00;0.00;0;0.00;0.00;0.00;0.00;0;0.00;0.00;0.00;0.00;0;0.00;0.00;0.00;0.00;0;0.00;0.00;0.00;0.00;0;0.00;0.00;0.00;0.00;0;0.00;0.00;0.00;0.00;0;0.00;0.00;0.00;0.00;0;0.00;0.00;0.00;0.00;0;0.00;0.00;0.00;0.00;0;0.00;0.00;0.00;0.00;0;0.00;0.00;0.00;0.00;0;0.00;0.00;0.00;0.00;0;0.00;0.00;0.00;0.00;0;0.00;0.00;0.00;0.00;0;0.00;0.00;0.00;0.00;0;0.00;0.00;0.00;0.00;0;0.00;0.00;0.00;0.00;0;0.00;0.00;0.00;1494.14;62;228.52;0.70;17.59;1065.63;43;194.11;0.67;20.95;1167.56;50;206.77;0.59;20.37;1649.71;70;224.18;0.65;15.63;2020.11;86;262.09;0.63;14.92;2915.50;141;175.35;0.50;6.92;3692.82;178;168.37;0.32;5.24;5174.49;269;310.90;0.59;6.91;1013.44;46;119.04;0.24;13.51;1517.32;69;193.59;0.39;14.67;859.57;43;174.88;0.55;23.40;1379.31;69;271.04;0.67;22.60;869.58;42;191.07;0.61;25.27;603.81;29;124.47;0.49;23.71;1103.52;48;313.77;1.25;32.70;1789.54;91;165.61;0.54;10.64;1299.35;65;-16.45;-0.05;-1.46;2742.30;149;26.43;0.07;1.11;6170.42;342;405.08;0.92;7.55;3498.45;184;399.23;0.75;13.12;2010.69;109;141.61;0.40;8.10;1406.33;67;48.25;0.12;3.95
26455;FANTA ORANGE PET;19;76017.61;3 705;7886.82;0.41;11.93;62.97;3;7.21;0.02;13.18;0.00;0;0.00;0.00;0.00;0.00;0;0.00;0.00;0.00;0.00;0;0.00;0.00;0.00;0.00;0;0.00;0.00;0.00;0.00;0;0.00;0.00;0.00;104.95;5;8.21;0.02;8.99;0.00;0;0.00;0.00;0.00;0.00;0;0.00;0.00;0.00;0.00;0;0.00;0.00;0.00;0.00;0;0.00;0.00;0.00;0.00;0;0.00;0.00;0.00;0.00;0;0.00;0.00;0.00;0.00;0;0.00;0.00;0.00;0.00;0;0.00;0.00;0.00;0.00;0;0.00;0.00;0.00;0.00;0;0.00;0.00;0.00;0.00;0;0.00;0.00;0.00;0.00;0;0.00;0.00;0.00;0.00;0;0.00;0.00;0.00;0.00;0;0.00;0.00;0.00;0.00;0;0.00;0.00;0.00;0.00;0;0.00;0.00;0.00;0.00;0;0.00;0.00;0.00;0.00;0;0.00;0.00;0.00;0.00;0;0.00;0.00;0.00;0.00;0;0.00;0.00;0.00;2519.45;107;342.83;1.05;15.65;2179.04;89;389.23;1.35;20.54;2168.95;84;456.84;1.30;24.22;3333.25;147;354.42;1.03;12.23;2492.61;105;369.36;0.89;17.04;5629.72;275;54.32;0.15;1.11;5726.63;279;222.20;0.42;4.46;6640.02;343;346.56;0.66;6.00;2861.03;137;320.24;0.65;12.87;3773.44;179;507.16;1.01;15.46;1539.23;77;206.85;0.65;15.45;2418.79;121;475.34;1.17;22.60;1936.06;94;418.84;1.33;24.88;2196.22;104;453.64;1.80;23.75;3126.64;136;547.13;2.18;20.12;2227.35;109;206.78;0.67;10.68;2718.64;136;17.01;0.05;0.72;4396.00;241;7.78;0.02;0.20;8006.63;442;550.20;1.25;7.90;6265.75;316;954.23;1.80;17.51;1763.16;84;320.69;0.91;20.92;1931.08;92;349.78;0.89;20.83
26456;COCA COLA PET;19;1710189.54;66 288;167552.98;8.76;11.27;0.00;0;0.00;0.00;0.00;0.00;0;0.00;0.00;0.00;0.00;0;0.00;0.00;0.00;0.00;0;0.00;0.00;0.00;0.00;0;0.00;0.00;0.00;0.00;0;0.00;0.00;0.00;0.00;0;0.00;0.00;0.00;0.00;0;0.00;0.00;0.00;0.00;0;0.00;0.00;0.00;0.00;0;0.00;0.00;0.00;0.00;0;0.00;0.00;0.00;0.00;0;0.00;0.00;0.00;0.00;0;0.00;0.00;0.00;0.00;0;0.00;0.00;0.00;0.00;0;0.00;0.00;0.00;0.00;0;0.00;0.00;0.00;0.00;0;0.00;0.00;0.00;0.00;0;0.00;0.00;0.00;0.00;0;0.00;0.00;0.00;0.00;0;0.00;0.00;0.00;0.00;0;0.00;0.00;0.00;0.00;0;0.00;0.00;0.00;0.00;0;0.00;0.00;0.00;0.00;0;0.00;0.00;0.00;0.00;0;0.00;0.00;0.00;0.00;0;0.00;0.00;0.00;514.88;19;67.90;0.18;15.17;29397.40;1 097;3473.58;10.65;13.59;45433.85;1 751;3897.39;13.55;9.86;58477.03;2 371;5818.00;16.55;11.44;57401.44;2 110;8300.06;24.12;16.63;57606.01;2 059;7702.60;18.55;15.38;64972.49;2 384;6648.50;18.85;11.77;97886.49;3 658;13247.79;25.32;15.56;89127.79;3 408;12101.67;22.93;15.61;86056.68;3 437;11559.38;23.34;15.45;87186.68;3 260;10936.09;21.81;14.42;94600.95;3 756;9241.60;29.17;11.23;90779.80;3 495;11644.98;28.61;14.75;68995.78;2 720;5502.87;17.44;9.17;56231.55;2 353;279.30;1.11;0.57;81232.09;3 393;669.11;2.67;0.95;76090.31;3 119;6340.27;20.68;9.58;86747.51;3 433;5889.20;16.89;7.81;111736.37;4 395;9196.73;25.96;9.47;103730.95;4 015;8883.10;20.22;9.85;97133.30;3 684;11803.62;22.31;13.97;78668.91;3 005;6056.93;17.18;8.85;90181.28;3 366;8292.32;21.21;10.57
26457;SPARLETTA CREME SODA PET;19;128676.73;7 574;21178.22;1.11;18.93;3476.18;232;360.38;0.94;11.92;2368.42;158;246.32;0.79;11.96;2203.53;147;229.17;0.73;11.96;2502.58;167;268.41;0.88;12.33;2113.59;141;219.82;0.65;11.96;2608.26;174;271.27;0.80;11.96;3247.83;197;585.98;1.58;20.75;3170.18;192;620.00;1.33;22.49;3277.95;205;497.86;1.16;17.47;4365.27;273;663.00;1.29;17.47;4381.26;274;665.43;1.35;17.47;3101.58;177;571.49;1.21;21.19;2862.00;159;557.68;1.31;22.41;2772.00;154;540.15;1.22;22.41;2160.00;120;420.89;1.39;22.41;2443.23;136;373.25;1.24;17.57;2014.00;106;463.96;1.35;26.49;1900.00;100;437.70;1.33;26.49;2204.00;116;571.51;1.55;29.82;1601.50;99;102.88;0.28;7.39;2493.98;149;368.57;1.01;17.00;3425.63;202;673.58;1.32;22.61;2191.98;122;424.41;0.78;22.27;2466.00;137;480.52;1.04;22.41;2399.00;127;566.84;1.25;27.17;2185.00;115;424.98;1.03;22.37;2454.00;139;448.56;1.17;21.02;1501.48;83;246.67;0.76;18.89;1344.98;71;334.05;1.16;28.56;1442.13;87;192.72;0.55;15.37;1240.27;73;177.91;0.52;16.50;2206.82;118;321.64;0.77;16.76;2739.94;174;37.80;0.11;1.59;5159.68;329;740.45;1.42;16.50;2516.74;126;848.05;1.61;38.75;2376.80;120;677.74;1.37;32.79;3732.43;242;665.27;1.33;20.50;2278.86;114;683.12;2.16;34.47;2245.22;127;422.30;1.04;21.63;1319.34;66;345.05;1.09;30.08;939.53;47;256.17;1.02;31.36;2019.88;116;365.23;1.46;20.79;2698.50;150;667.73;2.18;28.46;2072.91;109;392.43;1.13;21.77;4052.65;247;316.13;0.89;8.97;2554.58;142;281.94;0.64;12.69;2518.60;140;273.44;0.52;12.49;4858.95;303;197.92;0.56;4.68;4467.49;272;679.83;1.74;17.50
26460;SCHWEPPES GINGER ALE CAN;19;5652.45;572;950.80;0.05;19.34;167.97;20;20.37;0.05;13.95;121.99;14;18.10;0.06;17.06;103.99;12;15.01;0.05;16.60;157.99;18;24.26;0.08;17.66;144.00;16;24.67;0.07;19.70;126.00;14;21.58;0.06;19.70;244.96;29;30.76;0.08;14.44;108.00;12;18.50;0.04;19.70;202.99;23;31.97;0.07;18.11;352.96;41;49.26;0.10;16.05;199.87;20;48.11;0.10;27.68;137.91;14;23.55;0.05;19.64;91.92;8;24.06;0.06;30.10;59.99;6;10.26;0.02;19.67;32.97;3;7.72;0.03;26.92;0.00;0;0.00;0.00;0.00;0.00;0;0.00;0.00;0.00;0.00;0;0.00;0.00;0.00;125.93;12;25.70;0.07;23.47;54.95;5;12.86;0.04;26.92;354.90;35;64.18;0.18;20.80;393.82;38;77.07;0.15;22.51;158.90;15;33.42;0.06;24.19;65.94;6;15.44;0.03;26.92;40.99;4;7.71;0.02;21.63;10.00;1;1.71;0.00;19.69;89.99;9;15.40;0.04;19.68;0.00;0;0.00;0.00;0.00;140.00;14;23.97;0.08;19.69;79.92;8;14.41;0.04;20.73;59.94;6;10.22;0.03;19.61;129.88;12;21.67;0.05;19.19;98.91;9;17.55;0.05;20.41;274.75;25;47.11;0.09;19.72;175.84;16;32.18;0.06;21.05;32.97;3;5.90;0.01;20.57;125.93;12;17.31;0.03;15.80;32.97;3;5.62;0.02;19.60;76.93;7;13.11;0.03;19.60;59.99;6;6.07;0.02;11.63;239.96;24;24.26;0.10;11.63;65.94;6;11.24;0.04;19.60;10.99;1;1.87;0.01;19.60;87.92;8;14.99;0.04;19.60;153.86;14;26.23;0.07;19.60;0.00;0;0.00;0.00;0.00;76.93;7;13.11;0.02;19.60;35.97;3;6.13;0.02;19.60;143.92;13;16.17;0.04;12.92
26461;SCHWEPPES LEMONADE CAN;19;6081.74;607;1028.09;0.05;19.44;144.98;17;19.23;0.05;15.26;294.95;35;36.52;0.12;14.24;54.00;6;9.25;0.03;19.70;90.00;10;15.42;0.05;19.70;162.98;19;22.32;0.07;15.75;85.99;10;11.93;0.04;15.95;67.99;8;8.85;0.02;14.96;99.00;11;16.96;0.04;19.70;362.94;43;45.37;0.11;14.38;148.99;17;22.72;0.04;17.54;203.45;20;51.22;0.10;28.95;142.87;13;36.94;0.08;29.74;448.82;43;89.98;0.21;23.06;129.99;13;22.25;0.05;19.68;60.00;6;10.27;0.03;19.69;69.99;7;11.98;0.04;19.68;0.00;0;0.00;0.00;0.00;69.99;7;11.98;0.04;19.68;190.00;19;32.53;0.09;19.69;149.99;15;25.67;0.07;19.68;179.98;18;30.80;0.08;19.68;119.99;12;20.54;0.04;19.68;114.94;11;23.13;0.04;23.14;158.90;15;33.42;0.07;24.19;30.99;3;6.00;0.01;22.25;70.00;7;11.98;0.03;19.69;119.98;12;20.53;0.05;19.67;0.00;0;0.00;0.00;0.00;40.00;4;6.85;0.02;19.69;59.94;6;10.81;0.03;20.73;29.97;3;5.21;0.02;19.98;114.89;11;19.59;0.05;19.61;98.91;9;17.55;0.05;20.41;65.94;6;11.73;0.02;20.46;109.90;10;20.11;0.04;21.05;120.89;11;20.61;0.04;19.60;308.63;27;60.93;0.12;22.70;32.97;3;5.62;0.02;19.60;43.96;4;7.49;0.02;19.60;76.93;7;13.11;0.04;19.60;131.88;12;22.48;0.09;19.60;65.94;6;11.24;0.04;19.60;32.97;3;5.62;0.02;19.60;131.88;12;22.48;0.06;19.60;125.93;12;17.31;0.05;15.80;114.94;11;15.43;0.04;15.44;76.93;7;13.11;0.02;19.60;382.68;32;65.21;0.18;19.60;143.96;14;7.82;0.02;6.25
26462;SPARLETTA SPARBERRY PET;19;85417.06;5 074;14513.97;0.76;19.54;2263.49;151;235.41;0.62;11.96;1454.03;97;151.22;0.49;11.96;883.66;59;91.33;0.29;11.89;2458.36;164;379.39;1.24;17.75;1873.75;125;194.87;0.58;11.96;1843.77;123;191.76;0.56;11.96;1644.69;101;287.05;0.77;20.07;2331.29;141;451.75;0.97;22.28;2078.70;130;315.71;0.73;17.47;3070.08;192;466.28;0.90;17.47;2494.44;156;378.86;0.77;17.47;1885.71;108;346.18;0.73;21.11;1116.00;62;217.46;0.51;22.41;1728.00;96;336.72;0.76;22.41;1098.00;61;213.95;0.70;22.41;1186.63;66;190.34;0.63;18.45;988.00;52;227.60;0.66;26.49;950.00;50;218.85;0.67;26.49;1292.00;68;337.12;0.92;30.01;1694.00;109;35.33;0.10;2.40;1917.47;127;135.84;0.37;8.15;2056.13;122;507.15;1.00;28.37;1809.96;101;507.60;0.93;32.25;1566.00;87;305.15;0.66;22.41;1343.00;71;383.09;0.85;32.80;1273.00;67;335.82;0.81;30.34;1467.00;83;289.80;0.76;22.72;950.49;52;162.79;0.50;19.70;812.98;43;199.04;0.69;28.16;1012.39;61;157.68;0.45;17.91;951.44;56;125.89;0.37;15.22;1136.39;61;171.42;0.41;17.35;1508.29;90;176.64;0.50;13.47;2116.46;128;370.70;0.71;20.14;1791.12;88;640.38;1.21;41.12;1839.07;93;529.17;1.07;33.09;3132.74;211;490.02;0.98;17.99;1519.24;76;455.41;1.44;34.47;1702.05;97;304.40;0.75;20.57;1057.47;53;290.28;0.92;31.57;899.55;45;198.36;0.79;25.36;2084.05;123;366.67;1.46;20.23;2428.65;135;600.96;1.96;28.46;1601.15;85;348.71;1.00;25.05;2491.80;155;198.96;0.56;9.18;1439.20;80;169.43;0.39;13.54;737.59;41;129.49;0.24;20.19;4403.42;282;70.35;0.20;1.84;4034.36;250;625.57;1.60;17.83
26463;POWERADE JAGGED ICE;19;57651.90;4 110;9390.90;0.49;18.73;0.00;0;0.00;0.00;0.00;0.00;0;0.00;0.00;0.00;0.00;0;0.00;0.00;0.00;0.00;0;0.00;0.00;0.00;0.00;0;0.00;0.00;0.00;900.00;72;157.33;0.46;20.10;725.00;58;126.74;0.34;20.10;1552.50;132;249.13;0.54;18.45;912.50;73;159.52;0.37;20.10;1341.00;114;210.94;0.41;18.09;1978.00;164;318.69;0.65;18.53;3136.87;272;385.80;0.82;14.14;1162.50;97;195.83;0.46;19.37;1146.65;85;199.98;0.45;20.06;1605.31;119;279.97;0.92;20.06;0.00;0;0.00;0.00;0.00;701.48;52;140.48;0.41;23.03;1469.74;109;255.86;0.78;20.02;890.34;66;160.13;0.44;20.68;1160.14;86;209.29;0.57;20.75;1706.49;132;246.04;0.67;16.58;458.66;34;79.99;0.16;20.06;0.00;0;0.00;0.00;0.00;1955.63;158;219.28;0.48;12.89;2759.11;196;434.11;0.96;18.09;2249.25;150;392.97;0.95;20.09;1828.50;122;318.84;0.83;20.05;954.73;65;152.94;0.47;18.42;1463.24;99;240.87;0.84;18.93;1394.26;93;243.40;0.69;20.08;1213.44;81;211.20;0.61;20.02;1222.41;79;193.33;0.47;18.19;846.67;53;176.41;0.50;23.96;1736.82;118;268.05;0.51;17.75;2782.26;174;505.34;0.96;20.89;1358.35;85;246.51;0.50;20.87;1567.02;98;292.04;0.58;21.43;1270.16;88;139.59;0.44;12.64;804.54;51;137.96;0.34;19.72;597.74;40;96.78;0.31;18.62;937.56;62;145.24;0.58;17.82;849.45;55;135.80;0.54;18.39;794.47;53;116.60;0.38;16.88;1010.40;65;163.60;0.47;18.62;1197.65;75;209.70;0.59;20.14;1800.92;113;323.93;0.74;20.69;1613.39;101;284.09;0.54;20.25;1442.35;96;193.82;0.55;15.45;1154.40;75;172.79;0.44;17.21
26464;POWERADE MOUNTAIN BLAST;19;242511.81;17 359;39589.74;2.07;18.77;2304.00;192;402.93;1.05;20.11;3780.00;315;661.05;2.13;20.11;4176.00;348;730.31;2.33;20.11;2169.50;177;404.42;1.33;21.44;1275.00;102;222.89;0.66;20.10;2227.49;179;382.44;1.12;19.74;2237.50;179;391.15;1.05;20.10;3858.00;324;639.89;1.38;19.07;3925.00;314;686.15;1.60;20.10;3837.50;316;650.97;1.26;19.51;5973.74;487;1001.09;2.03;19.27;2227.49;179;471.09;1.00;24.32;8149.99;754;674.09;1.58;9.51;5806.33;446;1066.23;2.41;21.12;4301.29;319;748.74;2.47;20.02;2873.37;213;501.12;1.67;20.06;3248.24;241;566.20;1.65;20.05;3858.14;286;672.86;2.05;20.06;2131.42;158;418.55;1.14;22.58;2671.02;198;475.22;1.30;20.46;5062.72;392;780.20;2.13;17.72;8936.51;703;1178.30;2.32;15.16;10403.22;820;1567.05;2.87;17.32;8179.89;654;1089.08;2.37;15.31;6550.98;466;1036.90;2.29;18.20;8233.50;549;1439.34;3.49;20.10;4062.75;271;709.18;1.85;20.07;3768.72;257;599.37;1.84;18.29;4268.94;291;680.09;2.36;18.32;4212.55;281;735.25;2.09;20.07;4162.27;278;722.78;2.10;19.97;5854.62;378;938.25;2.26;18.43;4571.09;291;862.26;2.44;21.69;6059.11;409;966.72;1.85;18.35;4892.14;306;892.86;1.69;20.99;5158.82;323;964.84;1.95;21.51;6628.30;415;1228.79;2.45;21.32;5466.36;379;569.63;1.80;11.98;6555.10;410;1184.94;2.91;20.79;4437.97;294;748.52;2.37;19.40;4798.87;316;767.32;3.04;18.39;6569.01;424;1058.85;4.22;18.54;4946.70;330;726.02;2.37;16.88;5067.80;320;909.21;2.61;20.63;5888.41;369;1027.18;2.90;20.06;6696.35;420;1247.10;2.84;21.42;8154.90;510;1440.78;2.72;20.32;6266.78;408;936.89;2.66;17.19;5626.41;368;814.66;2.08;16.65
26465;POWERADE ORANGE;19;21911.20;1 537;3686.11;0.19;19.35;0.00;0;0.00;0.00;0.00;0.00;0;0.00;0.00;0.00;708.00;59;123.82;0.40;20.11;366.00;30;61.91;0.20;19.45;650.00;52;113.63;0.34;20.10;350.00;28;61.19;0.18;20.10;562.50;45;98.33;0.26;20.10;591.50;49;103.15;0.22;20.05;75.00;6;13.11;0.03;20.10;0.00;0;0.00;0.00;0.00;0.00;0;0.00;0.00;0.00;0.00;0;0.00;0.00;0.00;0.00;0;0.00;0.00;0.00;0.00;0;0.00;0.00;0.00;0.00;0;0.00;0.00;0.00;0.00;0;0.00;0.00;0.00;310.27;23;54.11;0.16;20.06;391.21;29;68.23;0.21;20.06;269.13;20;52.71;0.14;22.53;323.76;24;64.79;0.18;23.01;0.00;0;0.00;0.00;0.00;53.96;4;9.41;0.02;20.06;3833.62;308;538.05;0.99;16.14;0.00;0;0.00;0.00;0.00;0.00;0;0.00;0.00;0.00;0.00;0;0.00;0.00;0.00;0.00;0;0.00;0.00;0.00;140.96;10;18.38;0.06;15.00;352.31;24;56.29;0.20;18.37;374.00;25;64.73;0.18;19.90;419.72;28;73.23;0.21;20.06;1113.33;72;177.28;0.43;18.31;507.88;32;102.47;0.29;23.20;366.75;25;55.77;0.11;17.49;847.47;53;153.70;0.29;20.86;895.44;56;162.91;0.33;20.92;1023.36;64;182.88;0.36;20.55;115.92;8;13.50;0.04;13.39;127.92;8;23.13;0.06;20.80;481.84;32;73.44;0.23;17.53;327.86;22;50.09;0.20;17.57;728.68;47;112.74;0.45;17.79;554.63;37;81.40;0.27;16.88;413.74;26;82.24;0.24;22.86;851.56;54;143.61;0.41;19.39;767.52;48;161.86;0.37;24.25;1054.54;66;190.16;0.36;20.74;735.54;46;131.13;0.37;20.50;1225.28;77;212.71;0.54;19.96
26466;POWERADE NAARTJIE;19;47955.13;3 498;9528.69;0.50;22.85;0.00;0;0.00;0.00;0.00;0.00;0;0.00;0.00;0.00;276.00;23;48.27;0.15;20.11;525.00;42;122.86;0.40;26.91;675.00;54;157.96;0.47;26.91;725.00;58;169.66;0.50;26.91;625.00;50;146.26;0.39;26.91;1536.00;129;310.50;0.67;23.25;1850.00;148;432.93;1.01;26.91;1204.50;102;232.60;0.45;22.21;2329.00;191;497.61;1.01;24.57;1857.49;162;301.34;0.64;18.66;0.00;0;0.00;0.00;0.00;0.00;0;0.00;0.00;0.00;107.92;8;25.21;0.08;26.87;714.97;53;167.04;0.56;26.87;984.77;73;236.26;0.69;27.59;134.90;10;31.52;0.10;26.87;418.19;31;99.61;0.27;27.39;227.98;17;53.68;0.15;27.08;1481.28;120;366.86;1.00;28.48;0.00;0;0.00;0.00;0.00;1658.42;131;305.05;0.56;21.15;2288.65;179;476.25;1.03;23.93;0.00;0;0.00;0.00;0.00;209.86;14;49.05;0.12;26.88;2101.38;142;473.81;1.23;25.93;1203.10;82;249.50;0.77;23.85;858.98;58;187.90;0.65;25.16;1122.75;75;261.44;0.74;26.78;1004.33;67;234.72;0.68;26.88;1766.04;126;214.59;0.52;13.97;778.57;53;156.94;0.44;23.18;1337.10;90;253.22;0.48;21.78;2416.55;155;541.62;1.03;25.78;2097.78;137;454.90;0.92;24.94;991.38;62;249.01;0.50;28.89;973.40;70;116.62;0.37;13.78;1220.39;86;194.83;0.48;18.36;759.72;52;133.72;0.42;20.24;703.80;52;81.86;0.32;13.38;847.55;60;102.31;0.41;13.88;889.54;66;58.42;0.19;7.55;1518.35;100;307.01;0.88;23.25;881.74;61;146.64;0.41;19.13;1185.32;78;258.32;0.59;25.06;1375.37;88;301.96;0.57;25.25;1007.60;72;116.19;0.33;13.26;1084.46;71;202.63;0.52;21.49
26467;BONAQUA WATER STILL;19;37512.86;2 455;8138.29;0.43;24.95;0.00;0;0.00;0.00;0.00;0.00;0;0.00;0.00;0.00;0.00;0;0.00;0.00;0.00;0.00;0;0.00;0.00;0.00;0.00;0;0.00;0.00;0.00;0.00;0;0.00;0.00;0.00;0.00;0;0.00;0.00;0.00;0.00;0;0.00;0.00;0.00;0.00;0;0.00;0.00;0.00;0.00;0;0.00;0.00;0.00;0.00;0;0.00;0.00;0.00;0.00;0;0.00;0.00;0.00;0.00;0;0.00;0.00;0.00;0.00;0;0.00;0.00;0.00;0.00;0;0.00;0.00;0.00;0.00;0;0.00;0.00;0.00;0.00;0;0.00;0.00;0.00;0.00;0;0.00;0.00;0.00;0.00;0;0.00;0.00;0.00;0.00;0;0.00;0.00;0.00;3790.48;292;730.72;2.00;22.17;3950.28;328;553.40;1.09;16.11;2817.58;242;323.99;0.59;13.22;623.52;48;120.49;0.26;22.22;1049.94;60;311.63;0.69;34.13;1026.00;57;314.47;0.76;35.25;1025.10;57;313.69;0.82;35.19;468.00;26;143.44;0.44;35.25;719.10;40;219.90;0.76;35.17;467.70;31;92.51;0.26;22.75;583.11;39;111.78;0.32;22.05;1225.23;77;235.51;0.57;22.10;1247.22;78;241.10;0.68;22.23;1455.09;91;281.29;0.54;22.23;1119.30;70;216.38;0.41;22.23;1247.22;78;241.10;0.49;22.23;1630.98;102;315.29;0.63;22.23;1038.55;65;200.22;0.63;22.17;695.58;42;150.69;0.37;24.91;521.71;29;140.08;0.44;30.88;395.78;22;106.26;0.42;30.88;719.60;40;193.21;0.77;30.88;647.64;36;173.89;0.57;30.88;899.50;50;241.51;0.69;30.88;1331.26;74;357.44;1.01;30.88;1691.06;94;454.04;1.03;30.88;1942.92;108;521.66;0.99;30.88;1384.41;79;349.59;0.99;29.04;1799.00;100;483.02;1.24;30.88
26468;IRON BREW PET;19;74258.14;4 409;12081.23;0.63;18.71;1828.78;122;190.20;0.50;11.96;1588.94;106;165.25;0.53;11.96;1393.32;93;144.33;0.46;11.91;1647.40;110;173.67;0.57;12.12;1693.87;113;176.17;0.52;11.96;1214.19;81;126.28;0.37;11.96;1406.43;87;235.69;0.63;19.27;1549.86;94;296.31;0.64;21.99;1279.20;80;194.29;0.45;17.47;2190.63;137;332.71;0.65;17.47;2046.72;128;310.86;0.63;17.47;1331.82;76;247.15;0.52;21.34;1800.00;100;350.74;0.82;22.41;2358.00;131;459.48;1.04;22.41;1350.00;75;263.06;0.87;22.41;1492.56;83;243.30;0.81;18.75;969.00;51;223.23;0.65;26.49;1273.00;67;293.26;0.89;26.49;1197.00;63;312.19;0.85;29.99;1788.00;116;31.16;0.09;2.00;1605.00;113;22.81;0.06;1.63;1966.02;119;458.18;0.90;26.80;1561.98;87;301.65;0.55;22.21;1440.00;80;280.60;0.61;22.41;1318.00;70;308.15;0.68;26.89;1121.00;59;218.03;0.53;22.37;1313.00;72;275.60;0.72;24.14;1145.98;64;180.00;0.55;18.06;472.99;25;114.99;0.40;27.96;794.52;48;154.97;0.44;22.43;832.51;49;120.66;0.35;16.67;1272.33;67;193.90;0.47;17.53;1636.23;98;161.03;0.46;11.32;2082.67;130;317.43;0.61;17.53;1655.09;91;479.05;0.91;33.29;1429.28;72;402.86;0.81;32.41;2145.87;144;329.73;0.66;17.67;827.54;46;75.29;0.24;10.46;1334.53;83;78.26;0.19;6.74;1013.48;52;343.92;1.09;39.03;919.54;46;264.83;1.05;33.12;1819.29;103;336.30;1.34;21.26;1277.29;71;316.06;1.03;28.46;1333.29;71;287.39;0.82;24.79;1672.03;104;177.25;0.50;12.19;931.19;52;94.75;0.22;11.70;1960.91;109;370.90;0.70;21.75;2666.46;167;127.79;0.36;5.51;3311.40;204;519.52;1.33;18.04
26469;STONEY GINGER BEER PET;19;54381.26;2 632;5827.28;0.30;12.32;0.00;0;0.00;0.00;0.00;0.00;0;0.00;0.00;0.00;0.00;0;0.00;0.00;0.00;0.00;0;0.00;0.00;0.00;0.00;0;0.00;0.00;0.00;0.00;0;0.00;0.00;0.00;0.00;0;0.00;0.00;0.00;0.00;0;0.00;0.00;0.00;0.00;0;0.00;0.00;0.00;0.00;0;0.00;0.00;0.00;91.96;4;16.57;0.03;20.73;0.00;0;0.00;0.00;0.00;0.00;0;0.00;0.00;0.00;0.00;0;0.00;0.00;0.00;0.00;0;0.00;0.00;0.00;0.00;0;0.00;0.00;0.00;0.00;0;0.00;0.00;0.00;0.00;0;0.00;0.00;0.00;0.00;0;0.00;0.00;0.00;0.00;0;0.00;0.00;0.00;0.00;0;0.00;0.00;0.00;0.00;0;0.00;0.00;0.00;0.00;0;0.00;0.00;0.00;0.00;0;0.00;0.00;0.00;0.00;0;0.00;0.00;0.00;0.00;0;0.00;0.00;0.00;307.89;11;91.09;0.24;34.02;1559.22;66;201.49;0.62;14.86;1342.36;54;245.49;0.85;21.03;1342.97;52;280.33;0.80;24.01;1644.57;69;238.56;0.69;16.68;1607.56;66;244.65;0.59;17.50;3271.47;159;53.30;0.15;1.87;3669.07;173;281.93;0.54;8.84;3945.00;203;253.75;0.48;7.40;2697.74;129;310.17;0.63;13.22;2522.87;119;408.20;0.81;18.61;1179.41;59;175.18;0.55;17.08;2358.82;118;463.53;1.14;22.60;1956.05;95;422.75;1.34;24.85;2211.19;104;455.99;1.81;23.72;1793.22;78;211.80;0.84;13.58;2118.21;98;203.65;0.66;11.06;1608.20;80;32.77;0.09;2.34;3240.17;176;20.55;0.06;0.73;4752.47;254;443.69;1.01;10.74;3622.30;188;455.79;0.86;14.47;2977.76;155;265.51;0.75;10.25;2560.78;122;50.54;0.13;2.27
26470;FANTA PINEAPPLE PET;19;42737.74;2 093;3772.40;0.20;10.15;125.94;6;14.43;0.04;13.18;0.00;0;0.00;0.00;0.00;0.00;0;0.00;0.00;0.00;0.00;0;0.00;0.00;0.00;251.88;12;28.86;0.09;13.18;125.94;6;14.43;0.04;13.18;629.70;30;65.27;0.18;11.92;146.93;7;16.83;0.04;13.18;0.00;0;0.00;0.00;0.00;0.00;0;0.00;0.00;0.00;0.00;0;0.00;0.00;0.00;0.00;0;0.00;0.00;0.00;0.00;0;0.00;0.00;0.00;0.00;0;0.00;0.00;0.00;0.00;0;0.00;0.00;0.00;0.00;0;0.00;0.00;0.00;0.00;0;0.00;0.00;0.00;0.00;0;0.00;0.00;0.00;0.00;0;0.00;0.00;0.00;0.00;0;0.00;0.00;0.00;0.00;0;0.00;0.00;0.00;0.00;0;0.00;0.00;0.00;0.00;0;0.00;0.00;0.00;0.00;0;0.00;0.00;0.00;0.00;0;0.00;0.00;0.00;0.00;0;0.00;0.00;0.00;0.00;0;0.00;0.00;0.00;1319.84;55;197.37;0.61;17.20;1183.73;49;190.23;0.66;18.48;782.75;33;142.92;0.41;21.00;1563.94;67;201.13;0.58;14.79;1614.13;69;204.82;0.49;14.59;3009.98;145;58.43;0.17;2.23;3471.22;168;99.99;0.19;3.31;5916.62;303;399.14;0.76;7.76;1761.34;82;215.92;0.44;14.10;1541.29;72;233.42;0.47;17.42;739.63;37;83.98;0.27;13.06;1079.46;54;212.13;0.52;22.60;895.57;43;200.23;0.63;25.71;1207.60;58;228.03;0.90;21.72;1425.38;62;181.74;0.72;14.66;1416.53;68;154.04;0.50;12.51;1422.29;71;0.98;0.00;0.08;2582.38;141;13.62;0.04;0.61;4456.90;245;324.98;0.74;8.39;1593.60;85;158.47;0.30;11.44;1339.71;71;108.62;0.31;9.32;1133.46;54;22.38;0.06;2.27
26471;SCHWEPPES SODA WATER PET;19;84573.53;4 572;16235.28;0.85;22.08;1756.80;110;332.12;0.87;21.74;2127.20;133;404.23;1.30;21.85;1535.20;96;291.58;0.93;21.84;2234.09;134;420.20;1.38;21.63;1970.84;116;373.97;1.11;21.82;1766.96;104;335.28;0.98;21.82;1732.98;102;328.84;0.88;21.82;2276.66;134;432.00;0.93;21.82;2139.04;126;404.73;0.94;21.76;2767.67;163;524.01;1.02;21.77;2122.05;125;401.51;0.82;21.76;1577.52;93;297.60;0.63;21.70;1675.21;99;313.25;0.74;21.50;1175.44;66;220.30;0.50;21.55;1526.45;85;287.67;0.95;21.67;1707.25;95;322.58;1.07;21.73;1654.18;92;313.12;0.91;21.77;2076.04;116;386.40;1.18;21.40;1920.43;107;391.12;1.06;23.42;1867.26;99;472.09;1.29;29.07;2318.84;125;462.33;1.26;22.93;2655.75;140;546.94;1.07;23.68;1889.50;100;351.76;0.64;21.41;1810.69;96;334.88;0.73;21.27;2016.74;107;372.01;0.82;21.21;1347.10;71;254.58;0.62;21.73;1346.15;71;253.75;0.66;21.68;1442.10;76;272.62;0.84;21.74;1581.75;84;290.75;1.01;21.14;1526.89;81;287.75;0.82;21.67;1443.88;81;209.61;0.61;16.69;2014.08;102;368.15;0.89;21.02;1994.00;100;399.27;1.13;23.03;2760.62;139;512.23;0.98;21.34;2051.97;103;438.92;0.83;24.60;1051.47;53;222.53;0.45;24.34;1743.12;88;376.88;0.75;24.86;1147.43;58;247.14;0.78;24.77;1010.49;51;218.66;0.54;24.88;878.56;44;194.53;0.62;25.46;1133.43;57;213.32;0.85;21.64;1027.48;52;186.55;0.74;20.88;779.61;39;143.65;0.47;21.19;1205.43;57;195.64;0.56;18.66;1334.79;61;248.30;0.70;21.39;2039.57;93;382.52;0.87;21.57;2772.93;127;511.68;0.97;21.22;1573.38;72;291.24;0.83;21.29;1066.51;49;194.50;0.50;20.97
26472;SCHWEPPES TONIC WATER PET;19;59811.93;3 179;11506.53;0.60;22.12;1310.40;82;248.26;0.65;21.79;1580.80;99;298.63;0.96;21.72;958.40;60;181.28;0.58;21.75;1036.08;62;191.65;0.63;21.27;1172.31;69;222.45;0.66;21.82;424.75;25;80.60;0.24;21.82;798.53;47;151.52;0.41;21.82;1053.38;62;199.88;0.43;21.82;985.42;58;186.99;0.43;21.82;2174.72;128;412.66;0.80;21.82;1240.27;73;235.34;0.48;21.82;1121.34;66;212.78;0.45;21.82;1189.30;70;225.67;0.53;21.82;1002.44;56;188.77;0.43;21.66;863.52;48;163.78;0.54;21.81;809.55;45;153.54;0.51;21.81;917.49;51;174.01;0.51;21.81;1331.26;74;252.49;0.77;21.81;1403.22;78;287.70;0.78;23.58;1209.36;64;307.14;0.84;29.21;1139.40;60;244.54;0.67;24.68;2126.88;112;431.41;0.85;23.33;1557.18;82;295.21;0.54;21.80;1614.15;85;306.02;0.66;21.80;1671.94;88;317.53;0.70;21.84;1064.00;56;202.10;0.49;21.84;855.00;45;162.40;0.42;21.84;817.00;43;155.18;0.48;21.84;760.00;40;144.35;0.50;21.84;911.58;48;195.08;0.56;24.61;1223.60;69;173.55;0.50;16.31;1075.46;54;202.45;0.49;21.65;1279.36;64;260.07;0.74;23.38;2758.62;138;528.00;1.01;22.01;1359.32;68;290.88;0.55;24.61;1599.20;80;330.47;0.67;23.76;1219.39;61;231.08;0.46;21.79;839.58;42;159.11;0.50;21.79;959.52;48;181.83;0.45;21.79;819.59;41;182.07;0.58;25.55;799.60;40;154.79;0.61;22.26;699.65;35;132.59;0.53;21.79;839.58;42;159.11;0.52;21.79;1213.44;56;229.83;0.66;21.78;1341.39;61;195.73;0.55;16.78;2286.96;104;433.11;0.99;21.78;1891.14;86;358.15;0.68;21.78;1209.45;55;229.05;0.65;21.78;1297.41;59;245.71;0.63;21.78
26476;SCHWEPPES SODA WATER PET;19;72539.10;3 158;12437.96;0.65;19.72;1695.99;81;181.95;0.48;12.34;1828.11;84;233.27;0.75;14.67;1171.34;51;201.16;0.64;19.75;1010.41;44;181.32;0.59;20.64;1287.44;56;232.04;0.69;20.73;1586.31;69;285.91;0.84;20.73;1425.38;62;256.90;0.69;20.73;1816.21;79;327.34;0.70;20.73;2459.93;107;443.36;1.03;20.73;2850.76;124;513.80;1.00;20.73;2597.87;113;468.22;0.95;20.73;1908.17;83;307.21;0.65;18.51;1954.15;85;295.90;0.70;17.41;1826.59;75;350.08;0.79;22.04;1040.00;40;243.94;0.80;26.97;832.00;32;195.15;0.65;26.97;1118.00;43;262.24;0.76;26.97;988.00;38;231.75;0.71;26.97;1066.00;41;250.04;0.68;26.97;1274.00;49;304.52;0.83;27.49;1352.00;52;327.36;0.90;27.84;1499.46;66;263.11;0.52;20.18;1762.96;71;360.79;0.66;23.53;1125.00;45;235.30;0.51;24.05;1630.00;63;357.68;0.79;25.24;1040.00;40;220.73;0.53;24.41;1378.00;53;288.03;0.75;24.04;884.00;34;184.78;0.57;24.04;910.00;35;214.76;0.75;27.14;1700.95;66;355.64;1.01;24.04;1091.73;43;209.17;0.61;22.03;1462.51;58;263.53;0.63;20.72;1505.64;69;135.65;0.38;10.36;3121.96;139;578.17;1.11;21.30;1847.13;87;300.84;0.57;18.73;1284.41;59;185.23;0.37;16.58;1326.38;62;221.02;0.44;19.16;1059.47;53;143.00;0.45;15.52;719.64;36;141.41;0.35;22.60;759.62;38;149.27;0.47;22.60;1007.55;45;267.32;1.06;30.51;942.59;41;88.28;0.35;10.77;1370.47;63;133.47;0.44;11.20;1548.23;77;20.98;0.06;1.56;2045.13;105;14.06;0.04;0.79;2453.40;123;367.82;0.84;17.24;1449.42;58;480.32;0.91;38.11;1244.40;60;134.77;0.38;12.45;1280.39;61;29.36;0.08;2.64
26477;COCA COLA RGB;19;42328.35;5 960;7091.08;0.37;19.27;0.00;0;0.00;0.00;0.00;0.00;0;0.00;0.00;0.00;0.00;0;0.00;0.00;0.00;0.00;0;0.00;0.00;0.00;0.00;0;0.00;0.00;0.00;0.00;0;0.00;0.00;0.00;0.00;0;0.00;0.00;0.00;0.00;0;0.00;0.00;0.00;0.00;0;0.00;0.00;0.00;0.00;0;0.00;0.00;0.00;0.00;0;0.00;0.00;0.00;0.00;0;0.00;0.00;0.00;0.00;0;0.00;0.00;0.00;0.00;0;0.00;0.00;0.00;0.00;0;0.00;0.00;0.00;0.00;0;0.00;0.00;0.00;0.00;0;0.00;0.00;0.00;0.00;0;0.00;0.00;0.00;0.00;0;0.00;0.00;0.00;0.00;0;0.00;0.00;0.00;0.00;0;0.00;0.00;0.00;0.00;0;0.00;0.00;0.00;573.18;82;89.57;0.16;17.97;2998.71;429;468.61;1.02;17.97;3668.07;492;736.55;1.63;23.09;802.50;107;164.33;0.40;23.55;1192.50;159;244.19;0.64;23.55;2122.50;283;434.63;1.33;23.55;1080.00;144;221.16;0.77;23.55;980.13;140;154.26;0.44;18.10;1705.56;244;266.53;0.77;17.97;1118.40;160;174.77;0.42;17.97;2341.65;335;365.93;1.04;17.97;1887.30;270;294.93;0.56;17.97;752.98;102;146.20;0.28;22.33;2490.50;350;420.57;0.85;19.42;1684.59;241;263.25;0.53;17.97;1754.49;251;274.17;0.87;17.97;796.86;114;124.52;0.31;17.97;587.16;84;91.76;0.29;17.97;845.79;121;132.17;0.52;17.97;1377.03;197;215.19;0.86;17.97;2306.70;330;360.47;1.18;17.97;1572.75;225;245.77;0.71;17.97;1398.00;200;218.46;0.62;17.97;1726.53;247;269.80;0.61;17.97;1789.44;256;279.63;0.53;17.97;1621.68;232;253.42;0.72;17.97;1153.35;165;180.23;0.46;17.97
26478;COCA COLA PET;19;415945.59;22 194;81384.01;4.25;22.50;7982.40;500;1506.96;3.94;21.71;8152.00;510;1545.75;4.98;21.81;6352.80;398;1198.50;3.83;21.70;7318.06;440;1359.89;4.46;21.37;7577.54;446;1437.85;4.27;21.82;7033.86;414;1334.69;3.92;21.82;7356.67;433;1395.94;3.75;21.82;7832.39;461;1486.21;3.19;21.82;8169.96;483;1525.65;3.55;21.47;10241.04;605;1917.48;3.72;21.53;8669.14;511;1636.32;3.32;21.71;6070.52;358;1143.80;2.42;21.67;8922.51;527;1671.84;3.93;21.55;9489.83;537;1710.31;3.87;20.73;7545.00;420;1423.66;4.69;21.70;6405.33;357;1203.22;4.00;21.60;6525.87;363;1234.65;3.60;21.76;7811.25;435;1471.71;4.48;21.67;8047.52;451;1590.47;4.33;22.73;6693.76;354;1702.76;4.65;29.25;11535.13;638;2103.46;5.75;20.97;10450.19;551;2101.41;4.13;23.13;9953.60;525;1876.05;3.44;21.68;10113.12;533;1911.46;4.15;21.74;10480.56;553;1972.71;4.36;21.65;8569.95;452;1615.51;3.91;21.68;7494.55;395;1416.42;3.69;21.73;7115.50;375;1345.07;4.13;21.74;6377.35;336;1206.80;4.20;21.76;6321.09;333;1221.55;3.48;22.22;8121.05;465;1057.30;3.07;14.97;8286.01;419;1544.62;3.72;21.44;7985.00;400;1602.96;4.54;23.09;11686.15;585;2216.33;4.24;21.81;10841.57;543;2368.09;4.49;25.12;10301.84;516;2134.63;4.31;23.83;13906.04;696;2630.52;5.25;21.75;9875.05;495;1857.78;5.86;21.63;8322.83;417;1568.39;3.85;21.67;6072.96;304;1310.64;4.15;24.82;6924.53;347;1338.02;5.30;22.22;8148.92;408;1539.51;6.13;21.73;8242.87;413;1504.17;4.91;20.99;9177.76;424;2137.60;6.13;26.78;8414.47;383;2110.28;5.96;28.84;9495.28;432;2383.99;5.43;28.87;9486.48;432;2376.34;4.49;28.81;9232.50;420;1766.67;5.01;22.01;8815.79;401;1668.06;4.27;21.76
26480;SCHWEPPES GINGER ALE PET;19;55319.15;2 964;10624.84;0.56;22.09;1292.80;81;243.82;0.64;21.69;1036.80;65;195.11;0.63;21.64;778.40;49;144.31;0.46;21.32;1044.40;63;192.79;0.63;21.23;1019.40;60;193.43;0.57;21.82;1053.38;62;199.88;0.59;21.82;1002.41;59;190.21;0.51;21.82;1053.38;62;199.88;0.43;21.82;1376.19;81;261.13;0.61;21.82;1699.00;100;322.39;0.63;21.82;1291.24;76;245.01;0.50;21.82;1274.25;75;241.79;0.51;21.82;1087.36;64;206.33;0.49;21.82;1319.26;74;249.55;0.56;21.75;1043.42;58;197.90;0.65;21.81;845.53;47;160.37;0.53;21.81;1241.31;69;235.43;0.69;21.81;935.48;52;177.43;0.54;21.81;1331.26;74;271.66;0.74;23.47;1190.37;63;302.26;0.83;29.20;1520.98;85;265.72;0.73;20.09;1671.12;88;341.45;0.67;23.50;1253.34;66;237.61;0.44;21.80;721.62;38;136.81;0.30;21.80;1272.89;67;241.70;0.53;21.84;1007.00;53;191.27;0.46;21.84;893.00;47;169.62;0.44;21.84;1102.00;58;209.31;0.64;21.84;1140.00;60;216.53;0.75;21.84;645.71;34;124.62;0.35;22.19;930.67;52;137.81;0.40;17.03;912.54;46;172.26;0.41;21.71;1219.39;61;246.09;0.70;23.21;2118.94;106;403.51;0.77;21.90;1059.47;53;229.49;0.43;24.91;1159.42;58;247.78;0.50;24.58;1299.35;65;246.23;0.49;21.79;1019.49;51;193.20;0.61;21.79;839.58;42;159.11;0.39;21.79;1019.49;51;223.22;0.71;25.18;719.64;36;138.33;0.55;22.11;1039.48;52;196.99;0.78;21.79;739.63;37;138.80;0.45;21.58;743.65;35;123.15;0.35;19.04;989.55;45;187.40;0.53;21.78;1517.31;69;287.35;0.65;21.78;1649.25;75;312.34;0.59;21.78;879.60;40;166.58;0.47;21.78;1319.40;60;249.87;0.64;21.78
26482;BONAQUA SP/WATER STILL;19;31691.51;3 188;6621.72;0.35;24.03;342.00;36;71.88;0.19;24.17;218.50;23;66.77;0.22;35.14;750.50;79;229.33;0.73;35.14;152.00;16;46.45;0.15;35.14;285.00;30;87.09;0.26;35.14;465.50;49;142.24;0.42;35.14;118.00;14;27.60;0.07;26.90;223.60;28;44.41;0.10;22.84;256.00;32;51.15;0.12;22.98;247.29;31;48.94;0.09;22.76;335.58;42;66.77;0.14;22.88;404.53;47;79.26;0.17;22.53;620.31;69;122.14;0.29;22.64;386.57;43;76.90;0.17;22.88;161.82;18;32.19;0.11;22.88;134.85;15;26.82;0.09;22.88;395.56;44;78.68;0.23;22.88;359.60;40;71.53;0.22;22.88;854.05;95;201.44;0.55;27.12;881.02;98;226.79;0.62;29.60;1312.54;146;286.19;0.78;25.08;1096.33;122;215.82;0.42;22.64;1087.79;121;215.06;0.39;22.74;1366.48;152;271.82;0.59;22.88;790.41;80;168.72;0.37;24.55;800.00;80;159.60;0.39;22.94;880.00;88;175.56;0.46;22.94;460.00;46;91.77;0.28;22.94;880.00;88;175.56;0.61;22.94;899.14;90;178.81;0.51;22.87;379.62;38;75.48;0.22;22.87;543.50;50;106.68;0.26;22.57;648.41;59;128.87;0.37;22.86;879.20;80;174.74;0.33;22.86;769.30;70;152.90;0.29;22.86;615.44;56;122.32;0.25;22.86;1219.89;111;242.46;0.48;22.86;483.01;44;95.63;0.30;22.77;988.55;90;196.11;0.48;22.81;615.44;56;122.32;0.39;22.86;505.54;46;100.48;0.40;22.86;582.47;53;115.77;0.46;22.86;956.13;87;190.03;0.62;22.86;978.11;89;194.40;0.56;22.86;515.98;47;102.18;0.29;22.77;934.15;85;185.66;0.42;22.86;1582.01;144;314.06;0.59;22.83;791.28;72;157.27;0.45;22.86;538.51;49;107.03;0.27;22.86
26484;SCHWEPPES LEMONADE PET;19;25186.69;1 349;4912.70;0.26;22.43;448.00;28;85.25;0.22;21.88;494.40;31;92.99;0.30;21.63;399.20;25;75.42;0.24;21.73;447.04;27;84.38;0.28;21.71;339.80;20;64.48;0.19;21.82;305.82;18;58.03;0.17;21.82;492.71;29;93.49;0.25;21.82;645.62;38;122.51;0.26;21.82;492.71;29;93.49;0.22;21.82;950.59;56;179.80;0.35;21.75;524.99;31;98.46;0.20;21.57;339.80;20;64.48;0.14;21.82;542.83;32;102.43;0.24;21.70;590.07;33;109.47;0.25;21.33;483.93;27;90.56;0.30;21.52;339.11;19;62.48;0.21;21.19;761.87;43;136.54;0.40;20.61;750.18;42;138.61;0.42;21.25;557.69;31;112.36;0.31;23.17;702.63;37;180.58;0.49;29.56;626.67;33;142.19;0.39;26.09;873.54;46;183.97;0.36;24.22;586.79;31;109.95;0.20;21.55;587.74;31;110.78;0.24;21.68;683.92;36;129.85;0.29;21.83;436.05;23;82.18;0.20;21.67;399.00;21;75.79;0.20;21.84;436.05;23;82.18;0.25;21.67;266.00;14;50.52;0.18;21.84;550.71;29;110.37;0.31;23.05;423.86;23;71.58;0.21;19.42;772.61;39;144.38;0.35;21.49;659.67;33;136.76;0.39;23.84;719.64;36;137.03;0.26;21.90;579.71;29;126.83;0.24;25.16;437.78;22;94.65;0.19;24.86;758.62;38;167.88;0.33;25.45;419.79;21;79.55;0.25;21.79;379.81;19;71.98;0.18;21.79;199.90;10;44.41;0.14;25.55;239.88;12;46.11;0.18;22.11;399.80;20;75.76;0.30;21.79;159.92;8;30.31;0.10;21.79;411.81;19;78.49;0.23;21.92;307.86;14;58.30;0.16;21.78;813.63;37;154.09;0.35;21.78;788.34;36;147.05;0.28;21.45;263.88;12;49.97;0.14;21.78;394.72;18;74.00;0.19;21.56
26485;TWIST GRANADILLA PET;19;77186.58;4 557;12179.25;0.64;18.15;2592.52;173;269.05;0.70;11.93;1394.07;93;144.99;0.47;11.96;1242.67;83;128.09;0.41;11.85;2158.56;144;236.69;0.78;12.61;1394.07;93;144.99;0.43;11.96;1274.15;85;132.51;0.39;11.96;1189.26;74;186.67;0.50;18.05;1795.91;109;341.41;0.73;21.86;1806.87;113;274.43;0.64;17.47;1934.79;121;293.86;0.57;17.47;2462.46;154;374.00;0.76;17.47;1993.80;113;372.76;0.79;21.50;2052.00;114;399.85;0.94;22.41;1908.00;106;371.79;0.84;22.41;756.00;42;147.31;0.49;22.41;802.83;44;198.99;0.66;28.50;741.00;39;170.70;0.50;26.49;950.00;50;218.85;0.67;26.49;1311.00;69;302.01;0.82;26.49;1368.00;72;315.14;0.86;26.49;1062.49;64;146.57;0.40;15.86;1504.38;89;246.66;0.48;18.86;1890.00;105;368.28;0.68;22.41;1278.00;71;249.03;0.54;22.41;1677.00;89;379.74;0.84;26.04;1577.00;83;306.73;0.74;22.37;2146.00;128;344.63;0.90;18.47;719.00;39;202.61;0.62;32.41;738.99;39;183.89;0.64;28.62;1235.25;75;173.83;0.49;16.18;1206.29;71;155.09;0.45;14.79;1750.07;93;254.17;0.61;16.70;1907.17;118;1.22;0.00;0.07;2690.98;167;137.66;0.26;5.88;2148.89;111;562.07;1.06;30.08;1679.15;85;487.22;0.98;33.37;2973.07;197;474.05;0.95;18.34;1115.38;62;92.95;0.29;9.58;1119.32;72;52.76;0.13;5.42;801.59;41;218.89;0.69;31.40;619.69;31;156.59;0.62;29.06;719.29;39;150.02;0.60;23.98;1277.29;71;316.06;1.03;28.46;1239.34;66;274.45;0.79;25.47;2008.48;126;125.24;0.35;7.17;2122.82;118;205.12;0.47;11.11;1133.37;63;236.94;0.45;24.04;2615.33;161;183.06;0.52;8.05;3102.99;192;469.64;1.20;17.41
26489;BON AQUA WATER LITCHI;19;10713.77;971;1976.28;0.10;21.21;117.00;13;21.41;0.06;21.04;99.00;11;18.11;0.06;21.04;189.00;21;34.58;0.11;21.04;147.00;17;24.33;0.08;19.04;130.50;15;20.72;0.06;18.26;144.00;16;26.35;0.08;21.04;167.00;18;33.99;0.09;23.41;237.50;25;52.04;0.11;25.20;323.00;34;70.77;0.16;25.20;0.00;0;0.00;0.00;0.00;0.00;0;0.00;0.00;0.00;0.00;0;0.00;0.00;0.00;79.92;8;12.25;0.03;17.63;189.81;19;29.10;0.07;17.63;139.86;14;21.44;0.07;17.63;79.92;8;12.25;0.04;17.63;79.92;8;12.25;0.04;17.63;149.85;15;22.97;0.07;17.63;99.90;10;15.32;0.04;17.63;179.82;18;30.32;0.08;19.39;229.77;23;38.53;0.11;19.29;429.07;43;81.95;0.16;21.97;259.74;26;54.15;0.10;23.97;119.88;12;19.48;0.04;18.69;367.92;32;88.39;0.20;27.63;276.00;23;64.77;0.16;26.99;167.40;14;36.24;0.09;24.90;108.00;9;23.63;0.07;25.16;144.00;12;30.31;0.11;24.20;210.83;19;31.16;0.09;17.00;126.95;11;23.09;0.07;20.92;492.00;41;103.07;0.25;24.09;264.00;22;55.18;0.16;24.04;408.00;34;85.28;0.16;24.04;372.00;31;77.76;0.15;24.04;228.00;19;46.59;0.09;23.50;264.00;22;43.46;0.09;18.93;180.00;15;29.63;0.09;18.93;144.00;12;23.70;0.06;18.93;120.00;10;21.35;0.07;20.46;108.00;9;22.57;0.09;24.04;180.00;15;29.63;0.12;18.93;204.00;17;33.58;0.11;18.93;359.81;30;59.62;0.17;19.06;107.91;9;17.70;0.05;18.86;623.48;52;102.26;0.23;18.86;1055.12;88;173.06;0.33;18.86;514.97;43;86.17;0.24;19.24;95.92;8;15.73;0.04;18.86
26492;BON AQUA WATER S/BERRY;19;16257.32;1 510;2557.04;0.13;18.09;396.00;44;60.75;0.16;17.64;225.00;25;34.52;0.11;17.64;198.00;22;30.38;0.10;17.64;177.00;20;26.96;0.09;17.52;175.50;20;24.44;0.07;16.01;153.00;17;23.47;0.07;17.64;299.50;32;54.92;0.15;21.09;494.00;52;94.41;0.20;21.98;407.55;43;77.24;0.18;21.80;453.96;48;86.60;0.17;21.94;490.55;45;137.51;0.28;32.24;384.13;37;85.79;0.18;25.69;499.50;50;68.07;0.16;15.67;179.82;18;22.02;0.05;14.08;359.64;36;44.05;0.15;14.08;79.92;8;9.79;0.03;14.08;219.78;22;26.92;0.08;14.08;269.73;27;33.04;0.10;14.08;209.79;21;25.69;0.07;14.08;239.76;24;43.16;0.12;20.70;399.60;40;54.11;0.15;15.57;379.62;38;58.56;0.12;17.74;639.36;64;78.31;0.14;14.08;419.58;42;51.39;0.11;14.08;365.91;32;76.89;0.17;24.17;288.00;24;61.79;0.15;24.67;288.00;24;54.95;0.14;21.94;12.00;1;2.29;0.01;21.94;204.00;17;42.13;0.15;23.75;252.77;23;30.79;0.09;14.01;208.81;19;26.81;0.08;14.77;470.68;40;68.94;0.17;16.84;360.00;30;48.33;0.14;15.44;612.00;51;82.16;0.16;15.44;72.00;6;12.45;0.02;19.88;120.00;10;21.67;0.04;20.77;348.00;29;62.84;0.13;20.77;312.00;26;56.34;0.18;20.77;396.00;33;71.51;0.18;20.77;144.00;12;26.00;0.08;20.77;180.00;15;32.50;0.13;20.77;480.00;40;68.33;0.27;16.37;264.00;22;35.44;0.12;15.44;323.80;27;46.10;0.13;16.37;239.20;20;31.52;0.09;15.16;611.49;51;81.72;0.19;15.37;863.28;72;115.37;0.22;15.37;371.69;31;51.90;0.15;16.06;719.40;60;96.14;0.25;15.37
26496;VALPRE MIN/WATER STILL;19;56240.40;3 331;10781.20;0.56;22.05;1335.00;89;255.76;0.67;22.03;600.00;40;114.95;0.37;22.03;600.00;40;114.95;0.37;22.03;480.00;32;91.96;0.30;22.03;600.00;40;114.95;0.34;22.03;915.00;61;175.30;0.51;22.03;825.00;55;158.05;0.42;22.03;1305.00;87;250.01;0.54;22.03;1752.00;117;333.61;0.78;21.90;1320.00;88;252.89;0.49;22.03;1739.25;116;332.70;0.68;22.00;1403.70;90;260.52;0.55;21.34;2029.13;127;386.67;0.91;21.91;1485.90;93;291.50;0.66;22.56;989.60;62;187.90;0.62;21.84;991.20;62;189.29;0.63;21.96;1024.00;64;196.12;0.57;22.02;1118.40;70;213.11;0.65;21.91;847.17;53;180.04;0.49;24.44;2044.80;128;460.62;1.26;25.91;1249.97;79;237.11;0.65;21.81;1135.80;71;217.39;0.43;22.01;1487.07;93;292.51;0.54;22.62;1902.81;119;363.62;0.79;21.98;1633.89;92;312.76;0.69;22.01;1098.00;61;210.22;0.51;22.02;1404.00;78;268.81;0.70;22.02;756.00;42;144.74;0.44;22.02;774.00;43;148.19;0.52;22.02;863.52;48;179.66;0.51;23.93;755.58;42;144.38;0.42;21.97;943.50;50;177.59;0.43;21.65;1120.41;59;214.11;0.61;21.98;1481.22;78;283.06;0.54;21.98;1500.21;79;286.69;0.54;21.98;1348.29;71;257.66;0.52;21.98;664.65;35;127.01;0.25;21.98;322.83;17;61.69;0.19;21.98;758.65;40;144.33;0.35;21.88;588.69;31;112.50;0.36;21.98;550.71;29;105.24;0.42;21.98;512.73;27;97.98;0.39;21.98;930.51;49;177.82;0.58;21.98;1329.30;70;254.03;0.73;21.98;1386.27;73;270.08;0.76;22.40;1419.18;82;192.04;0.44;15.56;1595.16;84;304.83;0.58;21.98;2050.92;108;391.93;1.11;21.98;1271.38;67;242.32;0.62;21.92
26497;VALPRE WATER SPARKLING;19;60099.50;4 988;12752.77;0.67;24.40;1120.00;112;214.80;0.56;22.05;450.00;45;86.30;0.28;22.05;1170.00;117;224.38;0.72;22.05;507.50;51;95.63;0.31;21.67;860.00;86;164.93;0.49;22.05;939.50;94;179.84;0.53;22.01;829.50;83;158.74;0.43;22.01;1680.00;168;322.19;0.69;22.05;1529.00;153;292.56;0.68;22.00;1110.00;111;212.88;0.41;22.05;1400.00;140;268.49;0.55;22.05;986.33;92;179.83;0.38;20.97;1570.47;143;299.37;0.70;21.92;1164.94;106;222.66;0.50;21.98;461.58;42;88.22;0.29;21.98;1005.38;72;247.93;0.82;28.36;691.42;63;131.48;0.38;21.87;570.38;52;108.25;0.33;21.83;1047.44;96;195.01;0.53;21.41;1582.56;144;302.46;0.83;21.98;1214.59;111;228.52;0.63;21.64;340.69;31;65.10;0.13;21.98;1074.02;98;203.21;0.37;21.76;2110.76;194;388.91;0.84;21.19;1089.86;92;209.50;0.46;22.11;1436.91;125;232.67;0.56;18.62;544.99;46;99.72;0.26;21.04;1204.39;101;225.71;0.69;21.55;999.86;88;153.61;0.53;17.67;1086.58;97;155.80;0.44;16.49;1090.45;95;175.44;0.51;18.50;1392.97;108;259.71;0.63;21.44;2642.79;201;551.44;1.56;24.00;3550.53;277;646.44;1.24;20.94;1311.99;101;260.48;0.49;22.83;1997.55;155;373.32;0.75;21.49;440.36;34;83.28;0.17;21.75;90.93;7;17.38;0.05;21.98;1037.21;79;205.69;0.51;22.81;1873.54;46;1223.76;3.88;75.12;1151.46;84;260.97;1.03;26.06;617.70;45;140.54;0.56;26.17;1603.09;116;371.67;1.21;26.66;1966.83;142;458.83;1.32;26.83;1303.21;94;304.80;0.86;26.90;1501.54;111;327.44;0.75;25.08;1451.01;104;345.19;0.65;27.36;2126.48;152;509.53;1.45;27.56;1171.21;84;278.14;0.71;27.31
26498;VALPRE WATER SPARKLING;19;51942.16;3 306;11116.61;0.58;24.61;1443.00;111;276.49;0.72;22.03;1014.00;78;194.29;0.63;22.03;650.00;50;124.54;0.40;22.03;247.00;19;47.33;0.16;22.03;442.00;34;84.69;0.25;22.03;806.00;62;154.43;0.45;22.03;727.35;56;138.92;0.37;21.96;975.00;75;186.82;0.40;22.03;1014.00;78;194.29;0.45;22.03;1363.70;105;260.41;0.50;21.96;1352.00;104;259.05;0.53;22.03;1134.44;83;209.52;0.44;21.24;1742.19;113;414.60;0.97;27.37;1154.66;73;282.66;0.64;28.15;905.84;55;239.19;0.79;30.37;983.72;58;284.54;0.95;33.26;611.64;36;190.16;0.55;35.75;1104.35;65;343.35;1.04;35.75;950.59;56;295.07;0.80;35.70;815.52;48;253.55;0.69;35.75;526.69;31;144.75;0.40;31.61;1529.10;90;442.84;0.87;33.30;1273.40;75;395.43;0.72;35.71;1715.14;101;532.77;1.16;35.72;1787.88;111;365.40;0.81;23.50;1055.20;66;201.55;0.49;21.97;1008.00;63;193.05;0.50;22.02;815.20;51;155.58;0.48;21.95;384.00;24;74.17;0.26;22.21;637.20;40;122.02;0.35;22.02;879.45;55;168.06;0.49;21.98;1042.38;62;194.46;0.47;21.45;1354.10;80;255.33;0.72;21.68;1016.85;60;192.61;0.37;21.78;1473.88;87;278.80;0.53;21.75;1272.55;75;242.05;0.49;21.87;203.88;12;38.96;0.08;21.98;1155.32;68;220.80;0.70;21.98;832.51;49;159.11;0.39;21.98;407.76;24;77.93;0.25;21.98;475.72;28;90.92;0.36;21.98;543.68;32;103.91;0.41;21.98;830.81;49;157.63;0.51;21.82;1002.41;59;191.58;0.55;21.98;577.66;34;110.40;0.31;21.98;2311.06;144;358.83;0.82;17.86;2625.80;155;496.64;0.94;21.75;2444.01;144;465.36;1.32;21.90;1323.52;78;251.79;0.64;21.88
26500;SCHWEPPES SODA WATER CAN;19;7208.55;728;1327.51;0.07;21.18;234.98;27;34.65;0.09;16.96;94.99;11;13.47;0.04;16.31;144.98;17;19.23;0.06;15.26;160.48;19;20.14;0.07;14.43;216.00;24;37.00;0.11;19.70;202.99;23;31.97;0.09;18.11;235.96;28;29.22;0.08;14.24;207.98;24;30.03;0.06;16.60;307.96;36;41.55;0.10;15.52;525.92;62;67.69;0.13;14.80;253.84;26;57.34;0.12;25.98;110.97;13;14.80;0.03;15.34;189.95;20;25.50;0.06;15.44;132.93;12;31.79;0.07;27.50;311.92;28;75.69;0.25;27.91;21.98;2;5.15;0.02;26.92;0.00;0;0.00;0.00;0.00;10.99;1;2.57;0.01;26.92;344.89;31;83.41;0.23;27.81;209.86;19;49.80;0.14;27.29;177.94;16;42.99;0.12;27.79;176.89;16;42.08;0.08;27.36;109.90;10;25.73;0.05;26.92;220.85;20;52.37;0.11;27.27;203.98;19;44.68;0.10;25.19;30.00;3;5.14;0.01;19.69;66.99;6;16.35;0.04;28.07;10.00;1;1.71;0.01;19.69;20.00;2;3.42;0.01;19.69;0.00;0;0.00;0.00;0.00;50.00;5;8.56;0.02;19.69;99.96;9;24.07;0.06;27.69;43.96;4;10.29;0.03;26.92;175.84;16;41.17;0.08;26.92;120.89;11;28.30;0.05;26.92;230.79;21;54.03;0.11;26.92;32.97;3;7.72;0.02;26.92;120.89;11;28.30;0.09;26.92;81.97;8;15.41;0.04;21.62;119.98;12;20.53;0.07;19.67;65.94;6;15.44;0.06;26.92;54.95;5;10.07;0.04;21.07;109.90;10;18.73;0.06;19.60;21.98;2;3.75;0.01;19.60;317.80;30;45.85;0.13;16.59;59.99;6;6.07;0.01;11.63;65.94;6;11.24;0.02;19.60;235.83;22;36.04;0.10;17.57;262.85;25;36.49;0.09;15.96
26502;SCHWEPPES TONIC WATER CAN;19;9021.65;916;1612.15;0.08;20.55;253.06;30;31.52;0.08;14.32;321.95;38;41.15;0.13;14.70;198.98;23;28.48;0.09;16.46;112.99;13;16.55;0.05;16.85;388.96;45;55.43;0.16;16.39;226.96;27;27.68;0.08;14.02;202.99;23;31.97;0.09;18.11;288.98;33;43.90;0.09;17.47;325.96;38;44.64;0.10;15.75;317.94;38;37.66;0.07;13.62;761.81;85;128.27;0.26;19.36;428.81;44;78.18;0.17;20.97;201.82;18;49.79;0.12;28.37;220.85;20;52.37;0.12;27.27;0.00;0;0.00;0.00;0.00;21.98;2;5.15;0.02;26.92;400.89;36;97.19;0.28;27.88;243.88;22;58.43;0.18;27.55;296.73;27;69.47;0.19;26.92;110.95;10;26.64;0.07;27.61;344.89;31;83.41;0.23;27.81;254.87;23;61.00;0.12;27.52;120.89;11;28.30;0.05;26.92;99.96;9;24.07;0.05;27.69;163.98;15;37.84;0.08;26.54;183.98;17;41.26;0.10;25.79;100.00;10;17.12;0.04;19.69;80.00;8;13.70;0.04;19.69;233.98;22;49.82;0.17;24.49;0.00;0;0.00;0.00;0.00;50.00;5;8.56;0.02;19.69;80.00;8;13.70;0.03;19.69;110.00;11;18.83;0.05;19.69;263.76;24;44.96;0.09;19.60;147.91;14;21.05;0.04;16.37;147.91;14;21.05;0.04;16.37;54.95;5;9.37;0.02;19.60;0.00;0;0.00;0.00;0.00;213.85;20;32.29;0.08;17.37;81.97;8;9.81;0.03;13.77;21.98;2;3.75;0.01;19.60;10.99;1;1.87;0.01;19.60;120.89;11;20.61;0.07;19.60;153.86;14;26.23;0.08;19.60;197.82;18;33.72;0.10;19.60;218.89;21;28.99;0.07;15.23;114.94;11;15.43;0.03;15.44;43.96;4;7.49;0.02;19.60;78.93;7;13.45;0.03;19.60
26510;LEMON TWIST PET;19;86370.05;5 025;14076.20;0.74;18.74;2007.91;134;208.25;0.54;11.93;1469.02;98;152.78;0.49;11.96;1244.17;83;129.40;0.41;11.96;1631.66;109;180.17;0.59;12.70;1184.21;79;123.16;0.37;11.96;1543.97;103;160.58;0.47;11.96;1938.80;120;314.05;0.84;18.63;2028.76;124;385.96;0.83;21.88;2782.26;174;422.57;0.98;17.47;2558.40;160;388.57;0.75;17.47;3150.03;197;478.43;0.97;17.47;2267.64;130;415.79;0.88;21.09;2553.99;142;496.31;1.17;22.35;2016.00;112;392.83;0.89;22.41;1026.00;57;199.92;0.66;22.41;838.78;46;214.77;0.71;29.45;798.00;42;183.83;0.54;26.49;893.00;47;205.72;0.63;26.49;1121.00;59;258.24;0.70;26.49;1387.00;73;319.52;0.87;26.49;1827.98;107;297.93;0.82;18.74;2602.99;153;433.52;0.85;19.15;2167.95;121;415.66;0.76;22.05;2070.00;115;403.36;0.88;22.41;1642.00;87;414.87;0.92;29.06;1577.00;83;306.73;0.74;22.37;1535.50;84;324.55;0.85;24.31;818.99;44;148.89;0.46;20.91;643.99;34;164.54;0.57;29.38;992.40;60;198.10;0.56;22.96;1019.40;60;139.97;0.41;15.79;1738.07;93;231.41;0.56;15.31;1965.94;115;82.76;0.23;4.84;3114.30;190;175.23;0.33;6.47;1950.93;107;434.14;0.82;25.59;2082.95;105;596.06;1.20;32.91;2712.37;156;656.95;1.31;27.85;1379.31;69;220.33;0.70;18.37;1354.96;75;221.97;0.55;18.84;995.50;50;270.58;0.86;31.26;699.65;35;192.37;0.76;31.62;811.24;44;171.02;0.68;24.24;1295.28;72;320.51;1.05;28.46;1415.25;75;291.61;0.84;23.70;1992.36;122;152.88;0.43;8.82;2179.67;122;182.81;0.42;9.65;2716.49;151;272.67;0.52;11.54;3293.17;203;207.49;0.59;7.25;3333.81;204;516.44;1.32;17.81
26533;SPARLETTA PINE NUT;19;155379.18;9 272;24154.42;1.26;17.88;5185.79;346;538.76;1.41;11.95;3807.46;254;395.99;1.28;11.96;3672.55;245;381.95;1.22;11.96;4270.65;285;463.92;1.52;12.49;3237.84;216;336.74;1.00;11.96;2923.05;195;304.00;0.89;11.96;4318.57;263;768.34;2.07;20.46;4781.79;291;912.63;1.96;21.95;3853.59;241;585.28;1.36;17.47;5756.40;360;874.28;1.70;17.47;5116.80;320;777.14;1.58;17.47;4681.38;267;866.25;1.83;21.28;3996.00;222;778.65;1.83;22.41;4104.00;228;799.70;1.81;22.41;2934.00;163;571.71;1.88;22.41;3140.98;175;482.25;1.60;17.66;2641.00;139;608.40;1.77;26.49;2584.00;136;595.27;1.81;26.49;1805.00;95;455.30;1.24;29.01;2624.50;159;246.74;0.67;10.81;3051.98;197;251.53;0.69;9.48;3758.41;223;683.25;1.34;20.91;2479.98;138;480.53;0.88;22.28;2304.00;128;448.95;0.98;22.41;2574.00;143;644.89;1.43;28.81;1594.00;84;312.88;0.76;22.57;1741.50;96;411.48;1.07;27.17;1798.94;104;242.72;0.74;15.52;1156.99;61;282.02;0.98;28.03;1236.26;74;153.27;0.44;14.26;1376.19;81;176.68;0.51;14.76;2265.79;121;343.71;0.83;17.44;3943.37;243;255.20;0.72;7.44;4879.87;315;682.38;1.30;16.08;2596.58;142;745.65;1.41;33.02;3084.44;156;890.45;1.80;33.20;4427.72;298;676.59;1.35;17.57;2734.48;152;229.42;0.72;9.65;3597.45;216;419.94;1.03;13.42;1619.10;90;329.54;1.04;23.41;1479.19;81;283.91;1.13;22.07;2421.14;134;452.75;1.80;21.50;2878.40;160;712.24;2.32;28.46;2312.80;120;419.38;1.20;20.85;3478.84;212;420.89;1.19;13.91;2644.53;147;269.65;0.61;11.73;2626.54;146;293.35;0.55;12.84;5179.98;325;175.15;0.50;3.89;4701.36;285;722.67;1.85;17.68
26534;COCA COLA ZERO;19;208005.66;10 414;31938.73;1.67;17.66;8050.53;402;1076.81;2.82;15.38;9793.02;537;1111.33;3.58;13.05;7148.32;412;145.05;0.46;2.33;4608.87;243;561.60;1.84;14.01;6833.61;392;376.54;1.12;6.34;8417.85;491;879.73;2.58;12.02;6171.75;325;824.13;2.22;15.36;7216.20;380;1663.28;3.57;26.51;8389.31;462;735.45;1.71;10.08;9874.80;520;1374.84;2.67;16.01;9570.96;504;1166.64;2.37;14.02;7924.16;377;1195.57;2.53;17.35;9769.84;498;1200.35;2.82;14.13;7158.64;334;1411.12;3.19;22.67;7363.48;386;983.51;3.24;15.36;5244.00;228;1168.99;3.89;25.64;5246.78;231;1126.78;3.29;24.70;7027.20;371;931.79;2.84;15.25;6505.57;343;664.48;1.81;11.75;6748.92;308;1287.78;3.52;21.94;8202.27;373;1789.09;4.89;25.08;9307.35;465;1375.66;2.70;17.00;9051.86;396;1981.53;3.63;25.17;7875.59;367;1483.95;3.22;21.67;7486.80;329;1630.41;3.60;25.04;7015.00;305;1563.77;3.79;25.64;7360.00;320;1640.68;4.28;25.64;2438.00;106;543.48;1.67;25.64;138.00;6;30.76;0.11;25.64;66.98;3;13.62;0.04;23.39;0.00;0;0.00;0.00;0.00;0.00;0;0.00;0.00;0.00;0.00;0;0.00;0.00;0.00;0.00;0;0.00;0.00;0.00;0.00;0;0.00;0.00;0.00;0.00;0;0.00;0.00;0.00;0.00;0;0.00;0.00;0.00;0.00;0;0.00;0.00;0.00;0.00;0;0.00;0.00;0.00;0.00;0;0.00;0.00;0.00;0.00;0;0.00;0.00;0.00;0.00;0;0.00;0.00;0.00;0.00;0;0.00;0.00;0.00;0.00;0;0.00;0.00;0.00;0.00;0;0.00;0.00;0.00;0.00;0;0.00;0.00;0.00;0.00;0;0.00;0.00;0.00;0.00;0;0.00;0.00;0.00;0.00;0;0.00;0.00;0.00
26535;FANTA ZERO ORANGE PET;19;20639.22;1 003;2558.12;0.13;14.25;0.00;0;0.00;0.00;0.00;0.00;0;0.00;0.00;0.00;0.00;0;0.00;0.00;0.00;0.00;0;0.00;0.00;0.00;0.00;0;0.00;0.00;0.00;0.00;0;0.00;0.00;0.00;0.00;0;0.00;0.00;0.00;0.00;0;0.00;0.00;0.00;0.00;0;0.00;0.00;0.00;0.00;0;0.00;0.00;0.00;0.00;0;0.00;0.00;0.00;0.00;0;0.00;0.00;0.00;0.00;0;0.00;0.00;0.00;0.00;0;0.00;0.00;0.00;0.00;0;0.00;0.00;0.00;0.00;0;0.00;0.00;0.00;0.00;0;0.00;0.00;0.00;0.00;0;0.00;0.00;0.00;0.00;0;0.00;0.00;0.00;0.00;0;0.00;0.00;0.00;0.00;0;0.00;0.00;0.00;0.00;0;0.00;0.00;0.00;0.00;0;0.00;0.00;0.00;0.00;0;0.00;0.00;0.00;0.00;0;0.00;0.00;0.00;0.00;0;0.00;0.00;0.00;0.00;0;0.00;0.00;0.00;0.00;0;0.00;0.00;0.00;424.83;17;93.01;0.32;25.18;674.73;27;146.93;0.42;25.04;749.70;30;158.65;0.46;24.34;1019.56;44;157.68;0.38;17.78;1423.30;70;217.44;0.62;17.57;1939.03;97;47.45;0.09;2.81;1879.06;94;251.04;0.48;15.36;1683.26;74;385.19;0.78;26.32;976.07;44;255.71;0.51;30.13;1019.49;51;143.21;0.45;16.15;1167.50;62;244.18;0.60;24.05;1181.55;63;190.63;0.60;18.55;737.79;36;118.60;0.47;18.49;1165.65;64;92.90;0.37;9.17;1119.44;56;12.47;0.04;1.28;759.62;38;8.46;0.02;1.28;839.58;42;9.35;0.03;1.28;959.52;48;10.69;0.02;1.28;0.00;0;0.00;0.00;0.00;239.88;12;2.67;0.01;1.28;679.66;34;11.88;0.03;2.01
26543;SPARLETTA APPLE RUSH;19;16307.67;1 022;2421.45;0.13;17.08;1348.35;90;139.66;0.37;11.91;734.51;49;76.39;0.25;11.96;884.41;59;91.98;0.29;11.96;1259.16;84;150.12;0.49;13.71;1154.23;77;120.04;0.36;11.96;794.47;53;82.63;0.24;11.96;1143.51;69;211.54;0.57;21.27;1500.20;90;292.47;0.63;22.42;1487.07;93;225.86;0.53;17.47;1662.96;104;252.57;0.49;17.47;1199.25;75;182.14;0.37;17.47;1195.59;71;224.19;0.47;21.56;828.00;46;161.34;0.38;22.41;720.00;40;140.30;0.32;22.41;252.00;14;49.10;0.16;22.41;143.96;8;21.11;0.07;16.86;0.00;0;0.00;0.00;0.00;0.00;0;0.00;0.00;0.00;0.00;0;0.00;0.00;0.00;0.00;0;0.00;0.00;0.00;0.00;0;0.00;0.00;0.00;0.00;0;0.00;0.00;0.00;0.00;0;0.00;0.00;0.00;0.00;0;0.00;0.00;0.00;0.00;0;0.00;0.00;0.00;0.00;0;0.00;0.00;0.00;0.00;0;0.00;0.00;0.00;0.00;0;0.00;0.00;0.00;0.00;0;0.00;0.00;0.00;0.00;0;0.00;0.00;0.00;0.00;0;0.00;0.00;0.00;0.00;0;0.00;0.00;0.00;0.00;0;0.00;0.00;0.00;0.00;0;0.00;0.00;0.00;0.00;0;0.00;0.00;0.00;0.00;0;0.00;0.00;0.00;0.00;0;0.00;0.00;0.00;0.00;0;0.00;0.00;0.00;0.00;0;0.00;0.00;0.00;0.00;0;0.00;0.00;0.00;0.00;0;0.00;0.00;0.00;0.00;0;0.00;0.00;0.00;0.00;0;0.00;0.00;0.00;0.00;0;0.00;0.00;0.00;0.00;0;0.00;0.00;0.00;0.00;0;0.00;0.00;0.00;0.00;0;0.00;0.00;0.00;0.00;0;0.00;0.00;0.00;0.00;0;0.00;0.00;0.00
26544;COCA COLA PET;19;871321.94;49 256;91476.11;4.78;12.07;30910.64;2 010;2625.54;6.87;9.77;8036.46;488;1812.52;5.84;25.94;22508.24;1 461;2177.59;6.95;11.13;16346.24;1 033;1887.27;6.19;13.28;8395.20;480;1895.96;5.62;25.97;17769.50;1 078;1922.56;5.64;12.44;16873.00;1 008;2351.84;6.32;16.03;32164.07;1 969;3740.18;8.04;13.37;9741.93;557;2200.11;5.12;25.97;11228.58;642;2535.85;4.92;25.97;23652.21;1 489;3543.64;7.20;17.23;16554.33;1 051;2316.27;4.89;16.09;30380.78;1 948;1577.24;3.71;5.97;10431.65;568;2353.49;5.32;25.95;10620.56;587;1996.54;6.58;21.62;10103.41;549;1997.07;6.64;22.73;19197.66;1 098;2429.02;7.08;14.55;22190.91;1 253;3207.71;9.76;16.62;10304.93;543;2486.28;6.76;27.75;30081.85;1 725;1477.63;4.04;5.65;40614.16;2 672;-2667.95;-7.30;-7.55;14780.07;750;3416.26;6.71;26.58;33473.62;1 892;2263.39;4.15;7.78;17938.71;973;2306.94;5.01;14.79;20913.29;1 169;1693.13;3.74;9.31;16776.00;936;1393.77;3.38;9.55;10145.50;490;1871.59;4.88;21.21;7933.50;387;1793.18;5.50;25.99;19131.28;979;1909.62;6.64;11.48;16593.79;841;1994.82;5.68;13.82;12652.00;644;2017.26;5.86;18.34;30881.09;1 587;2024.92;4.88;7.54;31842.82;1 755;396.44;1.12;1.43;11229.65;535;2362.84;4.52;24.20;14830.62;758;1912.24;3.62;14.83;23564.59;1 265;939.03;1.90;4.58;15588.16;830;973.95;1.94;7.19;10275.77;539;639.58;2.02;7.16;7234.71;329;1756.56;4.32;27.92;14773.51;803;333.52;1.06;2.60;23970.16;1 356;1936.93;7.68;9.29;5782.41;263;1229.05;4.90;24.44;5848.05;266;1298.66;4.24;25.54;9587.64;436;2304.74;6.61;27.64;24506.19;1 389;-277.68;-0.78;-1.30;35552.43;2 070;1729.08;3.94;5.59;9216.70;420;2181.66;4.12;27.22;16049.96;829;2324.73;6.59;16.66;12143.41;556;2883.54;7.38;27.31
26545;COCA COLA ZERO PET;19;1962.94;131;211.01;0.01;12.36;793.72;53;72.92;0.19;10.57;539.64;36;49.98;0.16;10.65;239.84;16;22.21;0.07;10.65;329.78;22;55.39;0.18;19.32;59.96;4;10.51;0.03;20.16;0.00;0;0.00;0.00;0.00;0.00;0;0.00;0.00;0.00;0.00;0;0.00;0.00;0.00;0.00;0;0.00;0.00;0.00;0.00;0;0.00;0.00;0.00;0.00;0;0.00;0.00;0.00;0.00;0;0.00;0.00;0.00;0.00;0;0.00;0.00;0.00;0.00;0;0.00;0.00;0.00;0.00;0;0.00;0.00;0.00;0.00;0;0.00;0.00;0.00;0.00;0;0.00;0.00;0.00;0.00;0;0.00;0.00;0.00;0.00;0;0.00;0.00;0.00;0.00;0;0.00;0.00;0.00;0.00;0;0.00;0.00;0.00;0.00;0;0.00;0.00;0.00;0.00;0;0.00;0.00;0.00;0.00;0;0.00;0.00;0.00;0.00;0;0.00;0.00;0.00;0.00;0;0.00;0.00;0.00;0.00;0;0.00;0.00;0.00;0.00;0;0.00;0.00;0.00;0.00;0;0.00;0.00;0.00;0.00;0;0.00;0.00;0.00;0.00;0;0.00;0.00;0.00;0.00;0;0.00;0.00;0.00;0.00;0;0.00;0.00;0.00;0.00;0;0.00;0.00;0.00;0.00;0;0.00;0.00;0.00;0.00;0;0.00;0.00;0.00;0.00;0;0.00;0.00;0.00;0.00;0;0.00;0.00;0.00;0.00;0;0.00;0.00;0.00;0.00;0;0.00;0.00;0.00;0.00;0;0.00;0.00;0.00;0.00;0;0.00;0.00;0.00;0.00;0;0.00;0.00;0.00;0.00;0;0.00;0.00;0.00;0.00;0;0.00;0.00;0.00;0.00;0;0.00;0.00;0.00;0.00;0;0.00;0.00;0.00;0.00;0;0.00;0.00;0.00;0.00;0;0.00;0.00;0.00
26546;FANTA ORANGE PET;19;39991.96;2 787;2727.82;0.14;7.84;2224.65;171;98.78;0.26;5.11;1511.91;206;-597.40;-1.92;-45.44;224.85;15;30.38;0.10;15.54;149.90;10;25.67;0.08;19.69;209.86;14;32.57;0.10;17.85;209.86;14;28.35;0.08;15.54;344.77;23;53.80;0.14;17.95;224.85;15;30.38;0.07;15.54;359.76;24;48.60;0.11;15.54;408.73;27;61.17;0.12;17.21;335.79;21;63.80;0.13;21.85;399.75;25;69.83;0.15;20.09;459.73;27;85.00;0.20;21.26;961.00;60;122.75;0.28;14.69;1917.53;123;258.07;0.85;15.48;1034.48;65;170.08;0.57;18.91;1899.50;156;-135.43;-0.39;-8.20;5041.69;356;235.24;0.72;5.37;431.73;27;58.78;0.16;15.66;319.80;20;54.58;0.15;19.63;655.59;41;95.48;0.26;16.75;719.55;45;100.46;0.20;16.06;687.57;43;93.62;0.17;15.66;559.65;35;76.20;0.17;15.66;448.96;26;70.08;0.15;17.95;455.00;26;71.75;0.17;18.13;420.00;24;66.23;0.17;18.13;192.50;11;30.35;0.09;18.13;245.00;14;43.41;0.15;20.37;1877.30;119;170.34;0.48;10.43;1176.97;80;-5.61;-0.02;-0.55;827.56;48;120.32;0.29;16.72;1038.72;66;61.73;0.17;6.83;674.55;45;-6.01;-0.01;-1.02;842.45;56;155.27;0.29;21.20;522.00;29;163.09;0.33;35.93;3098.00;225;333.08;0.66;12.36;704.53;47;-3.14;-0.01;-0.51;674.55;45;-6.01;-0.01;-1.02;344.77;23;25.19;0.08;8.40;494.67;33;96.26;0.38;22.38;659.56;44;126.47;0.50;22.05;719.52;48;-6.41;-0.02;-1.02;479.68;32;-4.28;-0.01;-1.02;434.71;29;-3.87;-0.01;-1.02;554.63;37;-4.94;-0.01;-1.02;794.47;53;8.28;0.02;1.20;603.62;38;46.38;0.13;8.84;415.74;26;19.14;0.05;5.29
26548;APPLETISER PET;19;63572.01;1 782;9967.39;0.52;18.03;957.62;38;126.57;0.33;15.20;1377.12;53;218.89;0.70;18.28;781.36;29;136.66;0.44;20.11;728.73;27;127.55;0.42;20.13;728.73;27;127.55;0.38;20.13;782.71;29;136.99;0.40;20.13;1395.50;50;243.86;0.66;20.10;1371.51;49;241.00;0.52;20.21;1007.64;36;176.06;0.41;20.09;3730.53;147;413.59;0.80;12.75;1315.53;47;229.86;0.47;20.09;1035.63;37;180.95;0.38;20.09;2738.94;106;320.14;0.75;13.44;2149.25;75;328.16;0.74;17.56;239.92;8;41.90;0.14;20.09;0.00;0;0.00;0.00;0.00;0.00;0;0.00;0.00;0.00;0.00;0;0.00;0.00;0.00;839.79;21;146.78;0.40;20.10;1599.60;40;279.58;0.76;20.10;1399.65;35;244.63;0.67;20.10;5320.59;141;709.01;1.39;15.32;2159.46;54;377.94;0.69;20.13;1319.67;33;230.66;0.50;20.10;0.00;0;0.00;0.00;0.00;0.00;0;0.00;0.00;0.00;759.81;19;132.80;0.35;20.10;1679.58;42;293.56;0.90;20.10;959.76;24;167.75;0.58;20.10;1279.68;32;223.67;0.64;20.10;559.86;14;97.85;0.28;20.10;1411.68;32;227.35;0.55;18.52;2189.49;51;278.33;0.79;14.62;1929.54;46;211.89;0.41;12.63;1747.62;38;317.61;0.60;20.90;1011.78;22;181.65;0.37;20.65;1149.75;25;204.97;0.41;20.50;1057.77;23;186.34;0.59;20.26;321.93;7;56.27;0.14;20.10;781.83;17;142.12;0.45;20.90;965.79;21;171.22;0.68;20.39;1289.85;30;169.61;0.68;15.12;1103.76;24;192.94;0.63;20.10;1563.66;34;291.92;0.84;21.47;1425.69;31;288.46;0.81;23.27;3245.49;75;425.75;0.97;15.09;1609.65;35;293.76;0.56;20.99;873.81;19;152.74;0.43;20.10;1674.75;39;220.50;0.56;15.14
26549;GRAPETISER RED PET;19;33769.98;945;5224.21;0.27;17.79;907.64;36;120.32;0.31;15.24;607.76;24;85.34;0.27;16.15;0.00;0;0.00;0.00;0.00;0.00;0;0.00;0.00;0.00;0.00;0;0.00;0.00;0.00;323.88;12;56.69;0.17;20.13;0.00;0;0.00;0.00;0.00;643.77;23;115.48;0.25;20.63;923.67;33;163.02;0.38;20.30;2223.12;88;238.01;0.46;12.31;951.66;34;166.28;0.34;20.09;1231.56;44;215.19;0.45;20.09;1647.36;64;187.78;0.44;13.11;1487.48;52;225.07;0.51;17.40;1379.54;46;240.95;0.79;20.09;89.97;3;15.71;0.05;20.09;0.00;0;0.00;0.00;0.00;0.00;0;0.00;0.00;0.00;0.00;0;0.00;0.00;0.00;0.00;0;0.00;0.00;0.00;0.00;0;0.00;0.00;0.00;0.00;0;0.00;0.00;0.00;0.00;0;0.00;0.00;0.00;319.92;8;56.00;0.12;20.13;159.96;4;27.96;0.06;20.10;0.00;0;0.00;0.00;0.00;0.00;0;0.00;0.00;0.00;0.00;0;0.00;0.00;0.00;479.88;12;83.87;0.29;20.10;919.77;23;160.76;0.46;20.10;919.77;23;160.76;0.47;20.10;1103.76;24;193.58;0.47;20.17;737.82;18;66.92;0.19;10.43;1361.67;33;130.59;0.25;11.03;1241.73;27;225.67;0.43;20.90;1011.78;22;181.65;0.37;20.65;551.88;12;98.39;0.20;20.50;505.89;11;88.75;0.28;20.17;551.88;12;96.47;0.24;20.10;735.84;16;132.26;0.42;20.67;735.84;16;130.39;0.52;20.38;1209.85;28;160.96;0.64;15.30;643.86;14;112.55;0.37;20.10;551.88;12;98.53;0.28;20.53;1241.73;27;235.65;0.67;21.82;2226.63;51;306.64;0.70;15.84;1713.66;38;284.22;0.54;19.07;1040.79;23;170.13;0.48;18.80;1386.78;32;191.69;0.49;15.90
26553;STONEY GINGER BEER;19;19320.08;1 261;3043.55;0.16;18.12;0.00;0;0.00;0.00;0.00;0.00;0;0.00;0.00;0.00;0.00;0;0.00;0.00;0.00;0.00;0;0.00;0.00;0.00;0.00;0;0.00;0.00;0.00;0.00;0;0.00;0.00;0.00;0.00;0;0.00;0.00;0.00;0.00;0;0.00;0.00;0.00;0.00;0;0.00;0.00;0.00;0.00;0;0.00;0.00;0.00;0.00;0;0.00;0.00;0.00;0.00;0;0.00;0.00;0.00;0.00;0;0.00;0.00;0.00;389.25;26;57.01;0.13;16.84;644.25;43;94.71;0.31;16.91;525.00;35;77.62;0.26;17.00;345.00;23;51.01;0.15;17.00;315.00;21;46.57;0.14;17.00;435.00;29;64.32;0.17;17.00;420.00;28;65.87;0.18;18.04;748.50;50;113.36;0.31;17.42;494.89;33;76.55;0.15;17.79;539.64;36;79.53;0.15;16.95;763.74;51;112.01;0.24;16.87;691.89;42;146.97;0.32;24.43;374.00;22;87.05;0.21;26.77;493.00;29;114.75;0.30;26.77;255.00;15;59.35;0.18;26.77;340.00;20;82.91;0.29;28.04;344.77;23;53.01;0.15;17.68;359.76;24;53.02;0.15;16.95;464.69;31;70.37;0.17;17.41;448.95;30;65.62;0.19;16.81;824.45;55;121.50;0.23;16.95;673.80;45;112.59;0.21;19.22;688.79;46;111.97;0.23;18.69;493.92;33;72.25;0.14;16.82;523.15;35;76.02;0.24;16.71;418.97;28;61.20;0.15;16.80;389.74;26;59.95;0.19;17.69;284.81;19;47.32;0.19;19.11;449.70;30;66.27;0.26;16.95;613.11;39;73.75;0.24;13.83;769.53;47;110.77;0.32;16.55;701.53;47;101.22;0.29;16.59;673.80;45;98.76;0.22;16.86;779.48;52;114.87;0.22;16.95;699.56;44;105.00;0.30;17.26;943.41;59;138.47;0.35;16.88
26566;MONSTER ORIGINAL;19;287953.68;16 426;59049.43;3.09;23.58;4748.80;320;890.69;2.33;21.57;5070.68;332;899.42;2.90;20.40;6048.84;399;1366.03;4.36;25.97;4858.29;286;1065.40;3.49;25.22;5142.98;320;1096.04;3.25;24.51;3635.86;214;916.82;2.69;29.00;4417.40;260;1075.52;2.89;28.00;4410.69;256;1406.42;3.02;36.67;4947.25;275;1154.44;2.68;26.84;9799.43;598;1915.71;3.71;22.48;8150.62;494;645.19;1.31;9.10;6404.44;356;1375.54;2.91;24.70;7467.50;448;757.95;1.78;11.67;6820.32;368;1752.44;3.96;29.55;4976.60;292;629.14;2.07;14.54;5640.03;297;1405.83;4.68;28.66;5118.97;282;1300.80;3.79;29.22;4862.08;268;1087.12;3.31;25.71;5909.97;340;973.71;2.65;18.95;5847.15;350;936.72;2.56;18.42;7164.38;423;1024.47;2.80;16.44;9145.11;557;770.49;1.51;9.69;8175.05;451;1882.62;3.45;26.48;6838.01;358;1553.63;3.37;26.13;6708.33;342;1921.93;4.25;32.95;3274.31;149;1084.13;2.63;38.08;3890.75;225;585.70;1.53;17.31;3253.42;148;988.87;3.03;34.95;2920.92;146;910.86;3.17;35.86;3040.63;169;601.88;1.71;22.76;1849.35;106;308.53;0.90;19.19;7369.35;420;1215.37;2.93;18.97;6313.04;365;1350.84;3.83;24.61;9178.49;516;2141.77;4.09;26.83;6321.48;381;1076.37;2.04;19.58;5716.74;321;1345.10;2.72;27.06;5516.74;331;959.64;1.91;20.00;4063.86;214;887.90;2.80;25.13;5754.87;327;1503.04;3.69;30.04;3627.09;191;1254.15;3.98;39.76;4920.42;286;1063.25;4.21;24.85;5839.47;322;1148.76;4.58;22.62;7127.07;429;908.50;2.96;14.66;8031.39;466;1189.74;3.41;17.04;7822.83;469;1180.60;3.33;17.36;9464.16;484;2841.74;6.47;34.53;7921.31;428;1834.72;3.47;26.64;6630.11;357;1428.70;4.05;24.78;5797.10;290;1435.18;3.67;28.47
26567;MONSTER REHAB;19;3802.11;234;450.31;0.02;13.62;583.60;40;79.28;0.21;15.62;308.79;21;-17.93;-0.06;-6.68;345.85;22;29.04;0.09;9.66;271.84;16;58.40;0.19;24.71;159.94;10;28.95;0.09;20.82;0.00;0;0.00;0.00;0.00;118.93;7;23.86;0.06;23.07;0.00;0;0.00;0.00;0.00;0.00;0;0.00;0.00;0.00;0.00;0;0.00;0.00;0.00;0.00;0;0.00;0.00;0.00;0.00;0;0.00;0.00;0.00;0.00;0;0.00;0.00;0.00;0.00;0;0.00;0.00;0.00;0.00;0;0.00;0.00;0.00;0.00;0;0.00;0.00;0.00;0.00;0;0.00;0.00;0.00;0.00;0;0.00;0.00;0.00;0.00;0;0.00;0.00;0.00;0.00;0;0.00;0.00;0.00;0.00;0;0.00;0.00;0.00;0.00;0;0.00;0.00;0.00;0.00;0;0.00;0.00;0.00;0.00;0;0.00;0.00;0.00;0.00;0;0.00;0.00;0.00;0.00;0;0.00;0.00;0.00;0.00;0;0.00;0.00;0.00;0.00;0;0.00;0.00;0.00;0.00;0;0.00;0.00;0.00;0.00;0;0.00;0.00;0.00;0.00;0;0.00;0.00;0.00;0.00;0;0.00;0.00;0.00;0.00;0;0.00;0.00;0.00;105.00;7;5.25;0.01;5.75;640.86;39;77.85;0.15;13.97;299.85;16;33.96;0.07;13.03;686.59;41;73.25;0.15;12.27;94.95;5;20.40;0.06;24.70;147.93;8;29.85;0.07;23.20;37.98;2;8.16;0.03;24.70;0.00;0;0.00;0.00;0.00;0.00;0;0.00;0.00;0.00;0.00;0;0.00;0.00;0.00;0.00;0;0.00;0.00;0.00;0.00;0;0.00;0.00;0.00;0.00;0;0.00;0.00;0.00;0.00;0;0.00;0.00;0.00;0.00;0;0.00;0.00;0.00;0.00;0;0.00;0.00;0.00
26570;GRAPETISER RED;19;29813.90;1 699;5546.44;0.29;21.39;419.70;30;87.76;0.23;24.05;453.27;33;89.23;0.29;22.64;556.80;40;114.58;0.37;23.66;655.43;47;135.66;0.44;23.80;587.58;42;122.86;0.36;24.05;433.69;31;90.68;0.27;24.05;693.53;47;144.78;0.39;24.01;719.52;48;150.13;0.32;24.00;1329.37;93;234.62;0.55;20.30;1639.34;116;276.30;0.54;19.38;989.39;66;206.48;0.42;24.00;674.55;45;140.75;0.30;24.00;644.62;43;134.54;0.32;24.00;414.74;26;86.56;0.20;24.00;207.87;13;43.38;0.14;24.00;639.60;40;133.49;0.44;24.00;487.73;27;101.79;0.30;24.00;549.76;29;94.94;0.29;19.86;299.92;18;23.01;0.06;8.82;479.76;24;100.12;0.27;24.00;769.65;40;140.83;0.39;21.04;1129.54;61;176.35;0.35;17.95;939.53;47;196.08;0.36;24.00;949.56;49;178.38;0.39;21.60;409.95;22;65.84;0.15;18.47;660.00;33;137.96;0.33;24.04;440.00;22;91.97;0.24;24.04;500.00;25;104.51;0.32;24.04;440.00;22;91.97;0.32;24.04;669.70;35;119.97;0.34;20.60;599.70;30;125.16;0.36;24.00;673.68;32;137.99;0.33;23.55;1801.49;101;98.91;0.28;6.31;1761.23;82;339.98;0.65;22.20;769.65;35;160.69;0.30;24.01;925.61;44;165.53;0.33;20.57;1055.52;48;220.37;0.44;24.01;417.81;19;87.23;0.28;24.01;505.77;23;105.59;0.26;24.01;263.88;12;55.09;0.17;24.01;529.79;26;82.89;0.33;17.99;483.78;22;101.00;0.40;24.01;241.89;11;50.50;0.16;24.01;0.00;0;0.00;0.00;0.00;0.00;0;0.00;0.00;0.00;0.00;0;0.00;0.00;0.00;0.00;0;0.00;0.00;0.00;0.00;0;0.00;0.00;0.00;0.00;0;0.00;0.00;0.00
26572;APPLETISER SPK 100% APPLE;19;26017.65;1 772;5341.62;0.28;23.61;876.47;63;180.03;0.47;23.62;765.25;55;157.24;0.51;23.63;488.25;35;101.17;0.32;23.83;545.61;39;114.08;0.37;24.05;405.71;29;84.83;0.25;24.05;503.64;36;105.31;0.31;24.05;783.44;56;163.81;0.44;24.05;657.53;47;137.49;0.30;24.05;1354.28;102;199.80;0.46;16.97;1569.34;106;314.50;0.61;23.05;1079.38;72;225.29;0.46;24.00;599.60;40;125.11;0.26;24.00;689.64;46;143.96;0.34;24.01;599.60;40;125.11;0.28;24.00;0.00;0;0.00;0.00;0.00;0.00;0;0.00;0.00;0.00;299.80;20;62.56;0.18;24.00;419.72;28;87.58;0.27;24.00;224.95;15;47.00;0.13;24.03;404.73;27;84.45;0.23;24.00;932.51;61;206.55;0.57;25.47;1904.48;127;397.88;0.78;24.03;734.56;49;153.30;0.28;24.00;134.91;9;28.15;0.06;24.00;89.94;6;18.77;0.04;24.00;809.46;54;168.90;0.41;24.00;194.87;13;40.66;0.11;24.00;404.73;27;84.45;0.26;24.00;209.86;14;43.79;0.15;24.00;419.82;28;87.66;0.25;24.01;749.50;50;156.39;0.45;24.00;974.35;65;203.30;0.49;24.00;1529.58;102;319.55;0.91;24.03;929.38;62;193.92;0.37;24.00;884.41;59;184.54;0.35;24.00;719.57;48;150.18;0.30;24.00;359.76;24;75.07;0.15;24.00;209.86;14;43.79;0.14;24.00;389.74;26;81.32;0.20;24.00;629.63;42;131.41;0.42;24.00;539.79;36;112.73;0.45;24.02;0.00;0;0.00;0.00;0.00;0.00;0;0.00;0.00;0.00;0.00;0;0.00;0.00;0.00;0.00;0;0.00;0.00;0.00;0.00;0;0.00;0.00;0.00;0.00;0;0.00;0.00;0.00;0.00;0;0.00;0.00;0.00;0.00;0;0.00;0.00;0.00
26575;MONSTER ENERGY ASSAULT;19;9294.20;561;1141.38;0.06;14.12;1211.16;84;139.73;0.37;13.27;594.62;38;3.83;0.01;0.74;216.88;13;40.50;0.13;21.48;356.79;21;76.65;0.25;24.71;766.16;47;147.57;0.44;22.15;492.71;29;135.36;0.40;31.59;951.44;56;111.30;0.30;13.45;1061.54;61;199.12;0.43;21.57;809.55;45;79.63;0.19;11.31;1151.11;70;158.42;0.31;15.83;1037.54;60;33.46;0.07;3.71;377.79;21;19.30;0.04;5.87;266.91;16;-3.50;-0.01;-1.51;0.00;0;0.00;0.00;0.00;0.00;0;0.00;0.00;0.00;0.00;0;0.00;0.00;0.00;0.00;0;0.00;0.00;0.00;0.00;0;0.00;0.00;0.00;0.00;0;0.00;0.00;0.00;0.00;0;0.00;0.00;0.00;0.00;0;0.00;0.00;0.00;0.00;0;0.00;0.00;0.00;0.00;0;0.00;0.00;0.00;0.00;0;0.00;0.00;0.00;0.00;0;0.00;0.00;0.00;0.00;0;0.00;0.00;0.00;0.00;0;0.00;0.00;0.00;0.00;0;0.00;0.00;0.00;0.00;0;0.00;0.00;0.00;0.00;0;0.00;0.00;0.00;0.00;0;0.00;0.00;0.00;0.00;0;0.00;0.00;0.00;0.00;0;0.00;0.00;0.00;0.00;0;0.00;0.00;0.00;0.00;0;0.00;0.00;0.00;0.00;0;0.00;0.00;0.00;0.00;0;0.00;0.00;0.00;0.00;0;0.00;0.00;0.00;0.00;0;0.00;0.00;0.00;0.00;0;0.00;0.00;0.00;0.00;0;0.00;0.00;0.00;0.00;0;0.00;0.00;0.00;0.00;0;0.00;0.00;0.00;0.00;0;0.00;0.00;0.00;0.00;0;0.00;0.00;0.00;0.00;0;0.00;0.00;0.00;0.00;0;0.00;0.00;0.00;0.00;0;0.00;0.00;0.00;0.00;0;0.00;0.00;0.00
26576;MONSTER ENERGY A/ZERO;19;1933.79;123;292.10;0.02;17.37;1162.25;75;190.38;0.50;18.84;371.76;24;13.13;0.04;4.06;348.81;21;77.64;0.25;25.60;50.97;3;10.95;0.04;24.71;0.00;0;0.00;0.00;0.00;0.00;0;0.00;0.00;0.00;0.00;0;0.00;0.00;0.00;0.00;0;0.00;0.00;0.00;0.00;0;0.00;0.00;0.00;0.00;0;0.00;0.00;0.00;0.00;0;0.00;0.00;0.00;0.00;0;0.00;0.00;0.00;0.00;0;0.00;0.00;0.00;0.00;0;0.00;0.00;0.00;0.00;0;0.00;0.00;0.00;0.00;0;0.00;0.00;0.00;0.00;0;0.00;0.00;0.00;0.00;0;0.00;0.00;0.00;0.00;0;0.00;0.00;0.00;0.00;0;0.00;0.00;0.00;0.00;0;0.00;0.00;0.00;0.00;0;0.00;0.00;0.00;0.00;0;0.00;0.00;0.00;0.00;0;0.00;0.00;0.00;0.00;0;0.00;0.00;0.00;0.00;0;0.00;0.00;0.00;0.00;0;0.00;0.00;0.00;0.00;0;0.00;0.00;0.00;0.00;0;0.00;0.00;0.00;0.00;0;0.00;0.00;0.00;0.00;0;0.00;0.00;0.00;0.00;0;0.00;0.00;0.00;0.00;0;0.00;0.00;0.00;0.00;0;0.00;0.00;0.00;0.00;0;0.00;0.00;0.00;0.00;0;0.00;0.00;0.00;0.00;0;0.00;0.00;0.00;0.00;0;0.00;0.00;0.00;0.00;0;0.00;0.00;0.00;0.00;0;0.00;0.00;0.00;0.00;0;0.00;0.00;0.00;0.00;0;0.00;0.00;0.00;0.00;0;0.00;0.00;0.00;0.00;0;0.00;0.00;0.00;0.00;0;0.00;0.00;0.00;0.00;0;0.00;0.00;0.00;0.00;0;0.00;0.00;0.00;0.00;0;0.00;0.00;0.00;0.00;0;0.00;0.00;0.00
26577;MONSTER ENERGY ROSSI;19;3115.06;203;679.01;0.04;25.07;1512.98;102;311.31;0.81;23.66;941.40;60;169.02;0.54;20.65;660.68;41;198.68;0.63;34.58;0.00;0;0.00;0.00;0.00;0.00;0;0.00;0.00;0.00;0.00;0;0.00;0.00;0.00;0.00;0;0.00;0.00;0.00;0.00;0;0.00;0.00;0.00;0.00;0;0.00;0.00;0.00;0.00;0;0.00;0.00;0.00;0.00;0;0.00;0.00;0.00;0.00;0;0.00;0.00;0.00;0.00;0;0.00;0.00;0.00;0.00;0;0.00;0.00;0.00;0.00;0;0.00;0.00;0.00;0.00;0;0.00;0.00;0.00;0.00;0;0.00;0.00;0.00;0.00;0;0.00;0.00;0.00;0.00;0;0.00;0.00;0.00;0.00;0;0.00;0.00;0.00;0.00;0;0.00;0.00;0.00;0.00;0;0.00;0.00;0.00;0.00;0;0.00;0.00;0.00;0.00;0;0.00;0.00;0.00;0.00;0;0.00;0.00;0.00;0.00;0;0.00;0.00;0.00;0.00;0;0.00;0.00;0.00;0.00;0;0.00;0.00;0.00;0.00;0;0.00;0.00;0.00;0.00;0;0.00;0.00;0.00;0.00;0;0.00;0.00;0.00;0.00;0;0.00;0.00;0.00;0.00;0;0.00;0.00;0.00;0.00;0;0.00;0.00;0.00;0.00;0;0.00;0.00;0.00;0.00;0;0.00;0.00;0.00;0.00;0;0.00;0.00;0.00;0.00;0;0.00;0.00;0.00;0.00;0;0.00;0.00;0.00;0.00;0;0.00;0.00;0.00;0.00;0;0.00;0.00;0.00;0.00;0;0.00;0.00;0.00;0.00;0;0.00;0.00;0.00;0.00;0;0.00;0.00;0.00;0.00;0;0.00;0.00;0.00;0.00;0;0.00;0.00;0.00;0.00;0;0.00;0.00;0.00;0.00;0;0.00;0.00;0.00;0.00;0;0.00;0.00;0.00
26583;MONSTER ENERGY ULTRA;19;33079.90;1 917;7144.88;0.37;24.84;1337.10;90;233.69;0.61;20.10;591.62;38;107.99;0.35;20.99;1056.60;69;232.85;0.74;25.34;1087.36;64;275.61;0.90;29.15;950.12;59;221.65;0.66;26.83;934.45;55;318.69;0.94;39.22;883.48;52;242.27;0.65;31.54;842.51;49;249.95;0.54;34.12;863.52;48;185.44;0.43;24.70;1917.90;120;339.78;0.66;20.37;1751.36;104;240.72;0.49;15.81;1025.43;57;300.34;0.63;33.68;1583.42;94;342.55;0.81;24.88;1199.35;65;350.66;0.79;33.62;987.56;57;235.87;0.78;27.47;1177.38;62;293.44;0.98;28.66;1421.42;78;356.56;1.04;28.85;1889.14;102;444.57;1.35;27.06;1984.35;115;339.87;0.92;19.70;968.72;59;160.14;0.44;19.01;1066.44;66;62.90;0.17;6.78;709.96;43;74.61;0.15;12.09;320.28;18;88.64;0.16;31.83;772.69;42;174.76;0.38;26.01;1156.07;60;321.80;0.71;32.01;945.57;43;294.52;0.71;35.82;468.96;29;43.42;0.11;10.65;327.65;15;87.02;0.27;30.54;549.62;29;144.81;0.50;30.30;355.87;19;62.47;0.18;20.19;796.77;47;114.32;0.33;16.50;496.16;32;38.04;0.09;8.82;206.26;13;22.74;0.06;12.68;0.00;0;0.00;0.00;0.00;0.00;0;0.00;0.00;0.00;0.00;0;0.00;0.00;0.00;0.00;0;0.00;0.00;0.00;0.00;0;0.00;0.00;0.00;0.00;0;0.00;0.00;0.00;454.81;24;142.19;0.45;35.95;0.00;0;0.00;0.00;0.00;0.00;0;0.00;0.00;0.00;0.00;0;0.00;0.00;0.00;0.00;0;0.00;0.00;0.00;0.00;0;0.00;0.00;0.00;0.00;0;0.00;0.00;0.00;0.00;0;0.00;0.00;0.00;0.00;0;0.00;0.00;0.00;0.00;0;0.00;0.00;0.00
26586;POWER PLAY SUGAR FREE;19;15598.95;1 095;4610.17;0.24;33.99;559.60;40;165.62;0.43;34.04;279.80;20;82.81;0.27;34.04;349.05;25;102.91;0.33;33.90;307.78;22;97.39;0.32;36.39;405.71;29;128.77;0.38;36.50;279.80;20;88.80;0.26;36.50;377.73;27;119.89;0.32;36.50;221.74;16;69.22;0.15;35.90;293.79;21;90.25;0.21;35.33;559.60;40;165.62;0.32;34.04;808.62;58;237.72;0.48;33.81;489.65;35;144.92;0.31;34.04;615.56;44;182.19;0.43;34.04;713.49;51;211.17;0.48;34.04;601.57;43;178.04;0.59;34.04;251.82;18;74.53;0.25;34.04;361.84;28;78.77;0.23;25.03;463.21;34;124.30;0.38;30.86;265.81;19;77.83;0.21;33.67;573.59;41;155.59;0.42;31.19;203.89;16;47.93;0.13;27.04;460.97;33;143.52;0.28;35.81;442.70;30;135.38;0.25;35.17;254.83;17;75.43;0.16;34.04;253.84;16;88.69;0.20;40.18;727.17;43;262.62;0.64;41.53;474.02;28;171.45;0.45;41.60;99.94;6;35.32;0.11;40.64;67.96;4;25.99;0.09;43.98;140.95;11;29.51;0.08;24.08;178.38;12;53.87;0.16;34.73;418.22;28;126.47;0.30;34.77;359.76;24;138.31;0.39;44.21;283.31;19;114.82;0.22;46.61;524.65;35;166.54;0.32;36.50;344.77;23;109.44;0.22;36.50;404.65;35;17.37;0.03;4.94;399.70;32;51.39;0.16;14.79;119.92;8;38.07;0.09;36.50;59.96;4;16.64;0.05;31.92;74.95;5;19.19;0.08;29.44;179.88;12;57.10;0.23;36.50;74.95;5;23.79;0.08;36.50;209.86;14;66.61;0.19;36.50;29.98;2;9.52;0.03;36.50;29.98;2;8.87;0.02;34.01;0.00;0;0.00;0.00;0.00;0.00;0;0.00;0.00;0.00;0.00;0;0.00;0.00;0.00
26607;MONSTER LH44;19;22331.51;1 284;5234.32;0.27;26.96;1049.30;70;248.79;0.65;27.27;946.39;61;189.70;0.61;23.05;462.85;31;95.88;0.31;23.82;509.70;30;131.37;0.43;29.64;831.19;52;190.83;0.57;26.40;679.60;40;255.07;0.75;43.16;781.54;46;241.45;0.65;35.53;1073.38;62;343.28;0.74;36.78;953.47;53;216.56;0.50;26.12;1489.34;91;312.40;0.61;24.12;1427.49;85;164.63;0.33;13.26;935.48;52;205.63;0.43;25.28;1562.49;94;186.01;0.44;13.69;997.46;54;255.67;0.58;29.48;842.63;47;197.54;0.65;26.96;417.78;22;111.20;0.37;30.61;891.64;49;244.16;0.71;31.49;827.64;45;191.52;0.58;26.61;497.88;30;77.06;0.21;17.80;997.60;57;232.54;0.64;26.81;353.49;21;83.57;0.23;27.19;0.00;0;0.00;0.00;0.00;0.00;0;0.00;0.00;0.00;537.75;28;139.63;0.30;29.86;825.65;40;294.27;0.65;40.99;945.57;43;307.48;0.75;37.40;863.48;52;104.30;0.27;13.89;373.83;17;113.70;0.35;34.98;256.89;12;100.07;0.35;44.80;0.00;0;0.00;0.00;0.00;0.00;0;0.00;0.00;0.00;0.00;0;0.00;0.00;0.00;0.00;0;0.00;0.00;0.00;0.00;0;0.00;0.00;0.00;0.00;0;0.00;0.00;0.00;0.00;0;0.00;0.00;0.00;0.00;0;0.00;0.00;0.00;0.00;0;0.00;0.00;0.00;0.00;0;0.00;0.00;0.00;0.00;0;0.00;0.00;0.00;0.00;0;0.00;0.00;0.00;0.00;0;0.00;0.00;0.00;0.00;0;0.00;0.00;0.00;0.00;0;0.00;0.00;0.00;0.00;0;0.00;0.00;0.00;0.00;0;0.00;0.00;0.00;0.00;0;0.00;0.00;0.00;0.00;0;0.00;0.00;0.00;0.00;0;0.00;0.00;0.00
26610;SPRITE;19;64974.53;3 083;7228.54;0.38;12.79;0.00;0;0.00;0.00;0.00;0.00;0;0.00;0.00;0.00;0.00;0;0.00;0.00;0.00;0.00;0;0.00;0.00;0.00;0.00;0;0.00;0.00;0.00;0.00;0;0.00;0.00;0.00;0.00;0;0.00;0.00;0.00;0.00;0;0.00;0.00;0.00;0.00;0;0.00;0.00;0.00;0.00;0;0.00;0.00;0.00;0.00;0;0.00;0.00;0.00;0.00;0;0.00;0.00;0.00;0.00;0;0.00;0.00;0.00;0.00;0;0.00;0.00;0.00;0.00;0;0.00;0.00;0.00;0.00;0;0.00;0.00;0.00;0.00;0;0.00;0.00;0.00;0.00;0;0.00;0.00;0.00;0.00;0;0.00;0.00;0.00;0.00;0;0.00;0.00;0.00;0.00;0;0.00;0.00;0.00;0.00;0;0.00;0.00;0.00;0.00;0;0.00;0.00;0.00;0.00;0;0.00;0.00;0.00;0.00;0;0.00;0.00;0.00;0.00;0;0.00;0.00;0.00;0.00;0;0.00;0.00;0.00;2596.02;107;368.31;1.13;16.32;1565.20;66;215.64;0.75;15.84;1192.73;49;229.11;0.65;22.09;2319.18;96;360.19;1.05;17.86;2712.67;113;385.81;0.93;16.36;4920.13;238;88.90;0.25;2.08;6439.45;300;603.70;1.15;10.78;5285.37;265;629.68;1.19;13.70;3447.35;167;377.54;0.76;12.59;2936.81;140;386.57;0.77;15.14;1739.13;87;352.53;1.11;23.31;1999.00;100;392.84;0.97;22.60;1859.10;90;405.73;1.29;25.10;1897.27;88;398.93;1.58;24.18;2459.93;107;296.19;1.18;13.85;2371.20;112;214.62;0.70;10.41;2364.82;118;47.95;0.14;2.33;5153.74;281;38.79;0.11;0.87;1709.27;75;385.90;0.88;25.96;5345.41;252;823.29;1.56;17.71;2582.74;133;160.69;0.46;7.15;2078.01;99;65.64;0.17;3.63
26612;SPRITE SOFT DRINK;19;29939.90;1 951;3420.99;0.18;13.14;1398.10;104;71.83;0.19;5.91;254.83;17;26.78;0.09;12.09;89.94;6;9.60;0.03;12.28;254.83;17;42.86;0.14;19.34;194.87;13;26.93;0.08;15.89;194.87;13;26.33;0.08;15.54;329.78;22;48.77;0.13;17.01;269.82;18;36.45;0.08;15.54;629.58;42;85.06;0.20;15.54;843.44;56;119.30;0.23;16.27;639.60;40;116.99;0.24;21.04;415.74;26;73.30;0.15;20.28;471.72;28;84.94;0.20;20.71;538.79;31;104.97;0.24;22.41;1069.39;65;198.09;0.65;21.30;783.07;49;133.50;0.44;19.61;889.50;66;40.51;0.12;5.24;2073.72;145;113.85;0.35;6.31;447.72;28;60.96;0.17;15.66;479.70;30;75.45;0.21;18.09;671.58;42;94.55;0.26;16.19;703.56;44;108.23;0.21;17.69;623.61;39;84.91;0.16;15.66;559.65;35;76.20;0.17;15.66;569.95;33;90.94;0.20;18.35;87.50;5;13.80;0.03;18.13;542.50;31;85.55;0.22;18.13;420.00;24;66.23;0.20;18.13;490.00;28;90.11;0.31;21.15;1175.82;75;105.14;0.30;10.28;543.68;32;75.43;0.22;15.96;724.59;41;119.92;0.29;19.03;845.52;54;36.07;0.10;4.91;389.74;26;-3.47;-0.01;-1.02;734.63;52;104.77;0.20;16.40;470.89;28;128.67;0.26;31.42;1601.97;116;180.64;0.36;12.97;359.76;24;72.15;0.23;23.06;464.69;31;93.19;0.23;23.06;404.73;27;81.17;0.26;23.06;344.77;23;65.66;0.26;21.90;344.77;23;65.08;0.26;21.71;599.60;40;-2.20;-0.01;-0.42;674.55;45;-6.01;-0.02;-1.02;269.82;18;-2.40;-0.01;-1.02;899.40;60;-8.02;-0.02;-1.02;959.36;64;11.93;0.02;1.43;682.57;43;72.73;0.21;12.25;511.68;32;23.55;0.06;5.29
26613;SPRITE PET;19;47339.65;3 613;9568.72;0.50;23.24;1224.00;102;223.98;0.59;21.04;1113.00;93;201.61;0.65;20.83;850.20;71;154.43;0.49;20.89;876.00;73;166.86;0.55;21.91;1188.00;99;226.29;0.67;21.91;624.00;52;118.86;0.35;21.91;1224.00;102;233.15;0.63;21.91;972.00;81;185.15;0.40;21.91;1140.00;95;217.15;0.50;21.91;864.00;72;164.58;0.32;21.91;1272.00;106;242.29;0.49;21.91;805.62;64;139.27;0.29;19.88;1068.18;82;205.04;0.48;22.07;1078.65;83;205.31;0.46;21.89;858.00;66;163.50;0.54;21.91;832.00;64;158.55;0.53;21.91;663.00;51;126.34;0.37;21.91;858.00;66;163.50;0.50;21.91;871.00;67;165.98;0.45;21.91;897.00;69;170.93;0.47;21.91;988.00;76;188.28;0.52;21.91;1327.42;99;280.40;0.55;24.29;1337.97;103;254.27;0.47;21.85;1506.84;116;286.36;0.62;21.85;987.86;76;188.15;0.42;21.90;767.00;59;146.16;0.35;21.91;507.00;39;96.62;0.25;21.91;533.00;41;101.57;0.31;21.91;468.00;36;89.18;0.31;21.91;768.46;55;182.74;0.52;27.35;951.32;68;227.00;0.66;27.44;671.52;48;160.23;0.39;27.44;1063.24;76;253.70;0.72;27.44;1399.00;100;333.82;0.64;27.44;671.52;48;160.23;0.30;27.44;895.36;64;213.64;0.43;27.44;1296.07;93;305.32;0.61;27.09;1119.20;80;267.05;0.84;27.44;1007.28;72;240.35;0.59;27.44;696.48;52;146.63;0.46;24.21;402.69;31;76.53;0.30;21.85;903.34;66;202.93;0.81;25.83;867.38;62;206.96;0.68;27.44;825.41;59;167.81;0.48;23.38;1119.20;80;212.84;0.60;21.87;1399.00;100;266.05;0.61;21.87;1580.87;113;300.64;0.57;21.87;1203.14;86;228.81;0.65;21.87;797.43;57;151.65;0.39;21.87
26614;SPRITE PET;19;8836.04;984;1647.46;0.09;21.44;325.25;45;28.45;0.07;10.06;346.84;49;24.61;0.08;8.16;188.86;24;28.56;0.09;17.39;200.00;25;32.59;0.11;18.74;176.00;22;28.68;0.09;18.74;216.00;27;35.20;0.10;18.74;264.00;33;43.02;0.12;18.74;240.00;30;39.11;0.08;18.74;312.00;39;50.84;0.12;18.74;136.00;17;22.16;0.04;18.74;624.00;78;101.68;0.21;18.74;325.00;37;52.96;0.11;18.74;505.62;52;108.97;0.26;24.79;509.49;51;118.70;0.27;26.79;189.81;19;44.22;0.15;26.79;214.78;22;46.86;0.16;25.09;109.89;11;25.60;0.07;26.79;239.76;24;55.86;0.17;26.79;189.81;19;44.22;0.12;26.79;209.79;21;48.88;0.13;26.79;529.47;53;123.35;0.34;26.79;259.74;26;60.51;0.12;26.79;229.77;23;53.53;0.10;26.79;249.75;25;58.18;0.13;26.79;154.98;17;26.65;0.06;19.78;54.00;6;8.80;0.02;18.74;171.00;19;27.86;0.07;18.74;72.00;8;11.73;0.04;18.74;98.89;11;16.04;0.06;18.65;17.98;2;2.92;0.01;18.65;0.00;0;0.00;0.00;0.00;0.00;0;0.00;0.00;0.00;0.00;0;0.00;0.00;0.00;0.00;0;0.00;0.00;0.00;0.00;0;0.00;0.00;0.00;0.00;0;0.00;0.00;0.00;0.00;0;0.00;0.00;0.00;0.00;0;0.00;0.00;0.00;0.00;0;0.00;0.00;0.00;0.00;0;0.00;0.00;0.00;0.00;0;0.00;0.00;0.00;0.00;0;0.00;0.00;0.00;44.95;5;8.53;0.03;21.82;116.88;12;22.18;0.06;21.83;199.80;20;37.93;0.11;21.83;129.87;13;24.65;0.06;21.83;339.66;34;64.48;0.12;21.83;359.64;36;68.27;0.19;21.83;284.76;29;50.69;0.13;20.47
26615;COCA COLA PET;19;430931.75;33 795;80301.51;4.20;21.43;10976.40;915;2006.12;5.25;21.02;7710.60;643;1407.27;4.53;20.99;7363.20;614;1347.26;4.30;21.04;6081.04;508;1149.43;3.77;21.74;7311.16;610;1385.60;4.11;21.79;6300.00;525;1200.15;3.52;21.91;9168.00;764;1746.50;4.70;21.91;8881.91;745;1651.20;3.55;21.38;11409.58;1 008;1684.15;3.92;16.97;12789.97;1 167;1567.75;3.04;14.10;9216.20;769;1747.22;3.55;21.80;8569.98;681;1410.62;2.98;18.93;8472.97;672;1431.09;3.36;19.42;8475.74;680;1361.42;3.08;18.47;7891.00;607;1503.85;4.95;21.92;6357.00;489;1211.50;4.03;21.92;6916.00;532;1318.03;3.84;21.92;7449.00;573;1419.61;4.32;21.92;14567.33;1 239;1665.09;4.53;13.14;7204.17;558;1336.09;3.65;21.33;15057.33;1 163;2824.69;7.73;21.57;17039.13;1 348;2898.34;5.70;19.56;14131.85;1 088;2684.87;4.92;21.85;13683.74;1 073;2408.48;5.23;20.24;11279.99;876;2083.32;4.60;21.24;6747.00;519;1285.83;3.12;21.92;6682.00;514;1273.44;3.32;21.92;4498.00;346;857.22;2.63;21.92;6500.00;500;1238.75;4.31;21.92;6768.02;521;1286.45;3.66;21.86;6177.43;457;1337.81;3.89;24.90;7190.86;514;1715.93;4.13;27.44;8352.03;597;1993.01;5.65;27.44;8204.49;612;1732.31;3.31;24.28;8164.00;628;1555.87;2.95;21.92;7735.00;595;1474.12;2.98;21.92;9386.00;722;1936.80;3.86;23.73;6823.65;525;1656.33;5.23;27.91;8898.15;685;2156.69;5.30;27.87;5953.66;466;1376.27;4.36;26.58;5742.18;446;1299.62;5.15;26.03;7131.51;549;1355.38;5.40;21.86;7858.95;605;1462.44;4.77;21.40;7787.29;571;1344.30;3.86;19.85;9009.56;644;1713.19;4.84;21.87;9513.20;680;1809.19;4.12;21.87;11122.05;795;2114.98;4.00;21.87;9653.10;690;1835.56;5.21;21.87;10730.33;767;2040.39;5.22;21.87
26616;COCA COLA ZERO PET;19;39556.58;2 987;7307.14;0.38;21.24;0.00;0;0.00;0.00;0.00;0.00;0;0.00;0.00;0.00;0.00;0;0.00;0.00;0.00;0.00;0;0.00;0.00;0.00;0.00;0;0.00;0.00;0.00;0.00;0;0.00;0.00;0.00;0.00;0;0.00;0.00;0.00;0.00;0;0.00;0.00;0.00;0.00;0;0.00;0.00;0.00;0.00;0;0.00;0.00;0.00;0.00;0;0.00;0.00;0.00;0.00;0;0.00;0.00;0.00;0.00;0;0.00;0.00;0.00;0.00;0;0.00;0.00;0.00;0.00;0;0.00;0.00;0.00;0.00;0;0.00;0.00;0.00;0.00;0;0.00;0.00;0.00;0.00;0;0.00;0.00;0.00;0.00;0;0.00;0.00;0.00;0.00;0;0.00;0.00;0.00;0.00;0;0.00;0.00;0.00;0.00;0;0.00;0.00;0.00;0.00;0;0.00;0.00;0.00;0.00;0;0.00;0.00;0.00;0.00;0;0.00;0.00;0.00;377.00;29;69.02;0.17;21.05;1482.00;114;271.31;0.71;21.05;1183.00;91;216.57;0.66;21.05;1105.00;85;202.29;0.70;21.05;896.37;69;163.66;0.47;21.00;1922.52;148;350.94;1.02;20.99;2039.43;157;372.28;0.90;20.99;2740.89;211;500.32;1.42;20.99;2884.93;222;527.41;1.01;21.02;1885.00;145;345.08;0.65;21.05;2091.99;161;423.99;0.86;23.31;2883.78;222;559.39;1.12;22.31;1610.76;124;294.03;0.93;20.99;1402.92;108;256.09;0.63;20.99;623.52;48;144.06;0.46;26.57;1130.13;87;212.45;0.84;21.62;1182.09;91;215.74;0.86;20.99;1208.07;93;212.95;0.69;20.27;1659.79;121;280.51;0.80;19.44;1804.71;129;329.62;0.93;21.00;1496.93;107;273.41;0.62;21.00;2462.24;176;449.71;0.85;21.00;1399.00;100;255.54;0.72;21.01;2084.51;149;380.76;0.97;21.01
26618;COCA COLA LIGHT PET;19;18846.03;1 420;3490.21;0.18;21.30;0.00;0;0.00;0.00;0.00;0.00;0;0.00;0.00;0.00;0.00;0;0.00;0.00;0.00;0.00;0;0.00;0.00;0.00;0.00;0;0.00;0.00;0.00;0.00;0;0.00;0.00;0.00;0.00;0;0.00;0.00;0.00;0.00;0;0.00;0.00;0.00;0.00;0;0.00;0.00;0.00;0.00;0;0.00;0.00;0.00;0.00;0;0.00;0.00;0.00;0.00;0;0.00;0.00;0.00;0.00;0;0.00;0.00;0.00;0.00;0;0.00;0.00;0.00;0.00;0;0.00;0.00;0.00;0.00;0;0.00;0.00;0.00;0.00;0;0.00;0.00;0.00;0.00;0;0.00;0.00;0.00;0.00;0;0.00;0.00;0.00;0.00;0;0.00;0.00;0.00;0.00;0;0.00;0.00;0.00;0.00;0;0.00;0.00;0.00;0.00;0;0.00;0.00;0.00;0.00;0;0.00;0.00;0.00;0.00;0;0.00;0.00;0.00;0.00;0;0.00;0.00;0.00;403.00;31;73.78;0.19;21.05;455.00;35;83.30;0.26;21.05;663.00;51;121.37;0.42;21.05;987.30;76;180.26;0.51;21.00;766.41;59;139.90;0.41;20.99;1260.03;97;230.01;0.55;20.99;987.24;76;180.21;0.51;20.99;688.47;53;125.67;0.24;20.99;805.38;62;147.01;0.28;20.99;701.46;54;138.73;0.28;22.74;844.35;65;163.75;0.33;22.30;987.24;76;180.21;0.57;20.99;753.42;58;137.53;0.34;20.99;688.47;53;159.35;0.51;26.62;545.58;42;107.83;0.43;22.73;844.35;65;154.10;0.61;20.99;688.47;53;122.23;0.40;20.42;978.29;71;168.40;0.48;19.80;993.29;71;181.45;0.51;21.01;1063.24;76;194.22;0.44;21.01;1063.24;76;194.22;0.37;21.01;769.45;55;140.56;0.40;21.01;909.35;65;166.11;0.42;21.01
26620;FANTA ORANGE PET;19;61372.97;4 789;11681.05;0.61;21.89;1821.00;152;331.17;0.87;20.91;1834.80;153;334.93;1.08;20.99;1904.40;159;346.83;1.11;20.94;1152.00;96;219.44;0.72;21.91;1140.00;95;217.15;0.64;21.91;1224.00;102;233.15;0.68;21.91;1572.00;131;299.44;0.81;21.91;1512.00;126;288.01;0.62;21.91;1248.00;104;237.72;0.55;21.91;1908.00;159;363.44;0.70;21.91;1236.00;103;235.44;0.48;21.91;1007.52;80;165.41;0.35;18.88;935.28;72;177.74;0.42;21.85;1013.69;78;192.96;0.44;21.89;1053.00;81;200.66;0.66;21.91;754.00;58;143.68;0.48;21.91;1092.00;84;208.09;0.61;21.91;1092.00;84;208.09;0.63;21.91;1248.00;96;237.82;0.65;21.91;1703.00;131;324.53;0.89;21.91;1729.00;133;329.48;0.90;21.91;1273.55;98;242.39;0.48;21.89;1052.19;81;199.96;0.37;21.85;1441.89;111;274.02;0.60;21.85;1234.93;95;235.28;0.52;21.91;403.00;31;76.80;0.19;21.91;1183.00;91;225.44;0.59;21.91;572.00;44;109.00;0.33;21.91;377.00;29;71.84;0.25;21.91;935.32;72;177.78;0.51;21.86;1117.14;86;212.30;0.62;21.85;1013.22;78;192.55;0.46;21.85;1363.95;105;259.20;0.73;21.85;1637.43;126;311.65;0.60;21.89;1079.00;83;205.62;0.39;21.91;2052.90;158;426.17;0.86;23.87;1766.64;136;365.64;0.73;23.80;1286.01;99;244.39;0.77;21.85;1623.75;125;308.58;0.76;21.85;467.64;36;113.34;0.36;27.87;623.52;48;132.08;0.52;24.36;1143.12;88;217.20;0.87;21.85;1234.05;95;231.09;0.75;21.54;1610.82;118;279.16;0.80;19.93;1063.24;76;202.20;0.57;21.87;1552.89;111;295.32;0.67;21.87;1720.77;123;327.24;0.62;21.87;1329.05;95;252.75;0.72;21.87;1035.26;74;196.88;0.50;21.87
26621;FANTA GRAPE PET;19;46430.21;3 622;8857.17;0.46;21.94;1908.00;159;349.15;0.91;21.04;876.00;73;160.30;0.52;21.04;840.00;70;153.71;0.49;21.04;876.00;73;165.69;0.54;21.75;1188.00;99;226.29;0.67;21.91;1068.00;89;203.44;0.60;21.91;1284.00;107;244.58;0.66;21.91;1176.00;98;224.01;0.48;21.91;888.00;74;169.15;0.39;21.91;1176.00;98;224.01;0.43;21.91;996.00;83;189.72;0.39;21.91;934.53;74;151.17;0.32;18.60;1065.18;82;196.89;0.46;21.26;883.71;68;168.20;0.38;21.89;975.00;75;185.80;0.61;21.91;650.00;50;123.87;0.41;21.91;780.00;60;148.64;0.43;21.91;1300.00;100;247.73;0.75;21.91;1209.00;93;230.39;0.63;21.91;676.00;52;128.82;0.35;21.91;923.00;71;175.89;0.48;21.91;818.65;63;155.77;0.31;21.88;1091.16;84;207.36;0.38;21.85;1221.06;94;232.05;0.50;21.85;870.94;67;165.93;0.37;21.91;429.00;33;81.75;0.20;21.91;676.00;52;128.82;0.34;21.91;286.00;22;54.50;0.17;21.91;689.00;53;131.30;0.46;21.91;1026.32;79;195.12;0.56;21.86;1169.10;90;222.18;0.65;21.85;844.35;65;160.46;0.39;21.85;597.54;46;113.56;0.32;21.85;1481.48;114;281.96;0.54;21.89;1209.00;93;230.39;0.44;21.91;1169.48;90;236.59;0.48;23.26;766.41;59;163.55;0.33;24.54;610.53;47;116.02;0.37;21.85;675.48;52;128.37;0.32;21.85;896.31;69;215.20;0.68;27.61;727.44;56;156.58;0.62;24.75;935.28;72;177.71;0.71;21.85;597.54;46;111.51;0.36;21.46;821.40;60;143.98;0.41;20.16;825.41;59;156.97;0.44;21.87;1259.10;90;239.45;0.54;21.87;1091.22;78;207.52;0.39;21.87;951.32;68;180.92;0.51;21.87;1021.27;73;194.22;0.50;21.87
26623;FANTA ZERO PET;19;17827.85;1 347;3323.27;0.17;21.44;0.00;0;0.00;0.00;0.00;0.00;0;0.00;0.00;0.00;0.00;0;0.00;0.00;0.00;0.00;0;0.00;0.00;0.00;0.00;0;0.00;0.00;0.00;0.00;0;0.00;0.00;0.00;0.00;0;0.00;0.00;0.00;0.00;0;0.00;0.00;0.00;0.00;0;0.00;0.00;0.00;0.00;0;0.00;0.00;0.00;0.00;0;0.00;0.00;0.00;0.00;0;0.00;0.00;0.00;0.00;0;0.00;0.00;0.00;0.00;0;0.00;0.00;0.00;0.00;0;0.00;0.00;0.00;0.00;0;0.00;0.00;0.00;0.00;0;0.00;0.00;0.00;0.00;0;0.00;0.00;0.00;0.00;0;0.00;0.00;0.00;0.00;0;0.00;0.00;0.00;0.00;0;0.00;0.00;0.00;0.00;0;0.00;0.00;0.00;0.00;0;0.00;0.00;0.00;0.00;0;0.00;0.00;0.00;0.00;0;0.00;0.00;0.00;0.00;0;0.00;0.00;0.00;181.97;14;33.29;0.09;21.04;884.00;68;161.83;0.50;21.05;832.00;64;152.31;0.53;21.05;1117.20;86;203.98;0.58;21.00;883.32;68;161.24;0.47;20.99;792.39;61;144.64;0.35;20.99;974.25;75;177.84;0.50;20.99;1299.50;100;237.55;0.45;21.02;949.00;73;173.73;0.33;21.05;1429.50;110;276.61;0.56;22.25;1026.21;79;209.32;0.42;23.46;883.32;68;161.24;0.51;20.99;311.76;24;56.91;0.14;20.99;506.61;39;117.91;0.37;26.76;467.64;36;88.79;0.35;21.83;324.75;25;59.27;0.24;20.99;285.78;22;52.16;0.17;20.99;1069.23;77;195.30;0.56;21.01;783.44;56;143.11;0.40;21.01;951.32;68;173.78;0.40;21.01;573.59;41;104.78;0.20;21.01;685.51;49;125.22;0.36;21.01;615.56;44;112.45;0.29;21.01
26624;SPARLETTA IRON BREW PET;19;6768.95;505;1259.39;0.07;21.40;0.00;0;0.00;0.00;0.00;0.00;0;0.00;0.00;0.00;0.00;0;0.00;0.00;0.00;0.00;0;0.00;0.00;0.00;0.00;0;0.00;0.00;0.00;0.00;0;0.00;0.00;0.00;0.00;0;0.00;0.00;0.00;0.00;0;0.00;0.00;0.00;0.00;0;0.00;0.00;0.00;0.00;0;0.00;0.00;0.00;0.00;0;0.00;0.00;0.00;0.00;0;0.00;0.00;0.00;0.00;0;0.00;0.00;0.00;0.00;0;0.00;0.00;0.00;0.00;0;0.00;0.00;0.00;0.00;0;0.00;0.00;0.00;0.00;0;0.00;0.00;0.00;0.00;0;0.00;0.00;0.00;0.00;0;0.00;0.00;0.00;0.00;0;0.00;0.00;0.00;0.00;0;0.00;0.00;0.00;0.00;0;0.00;0.00;0.00;0.00;0;0.00;0.00;0.00;0.00;0;0.00;0.00;0.00;0.00;0;0.00;0.00;0.00;0.00;0;0.00;0.00;0.00;0.00;0;0.00;0.00;0.00;0.00;0;0.00;0.00;0.00;0.00;0;0.00;0.00;0.00;0.00;0;0.00;0.00;0.00;0.00;0;0.00;0.00;0.00;25.98;2;4.74;0.01;20.99;675.48;52;123.30;0.35;20.99;935.28;72;170.73;0.33;20.99;272.79;21;49.80;0.09;20.99;402.69;31;78.59;0.16;22.44;311.76;24;71.80;0.14;26.48;285.78;22;52.17;0.16;20.99;168.87;13;30.83;0.08;20.99;51.96;4;12.23;0.04;27.08;181.86;14;35.25;0.14;22.29;311.76;24;56.90;0.23;20.99;168.87;13;30.82;0.10;20.99;555.60;40;100.11;0.29;20.72;195.86;14;35.78;0.10;21.01;755.46;54;138.00;0.31;21.01;531.62;38;97.11;0.18;21.01;293.79;21;53.67;0.15;21.01;643.54;46;117.56;0.30;21.01
26627;STONEY PET;19;53759.44;4 180;10265.40;0.54;21.96;1284.00;107;234.96;0.61;21.04;1008.00;84;184.46;0.59;21.04;1113.60;93;203.12;0.65;20.98;1115.40;93;212.07;0.70;21.86;1092.00;91;208.02;0.62;21.91;948.00;79;180.59;0.53;21.91;804.00;67;153.15;0.41;21.91;1488.00;124;283.45;0.61;21.91;1164.00;97;221.73;0.52;21.91;1296.00;108;246.88;0.48;21.91;696.00;58;132.58;0.27;21.91;970.65;78;159.15;0.34;18.86;948.27;73;180.21;0.42;21.85;1325.65;102;252.38;0.57;21.89;1248.00;96;237.82;0.78;21.91;871.00;67;165.98;0.55;21.91;1001.00;77;190.75;0.56;21.91;1118.00;86;213.05;0.65;21.91;1274.00;98;242.78;0.66;21.91;1157.00;89;220.48;0.60;21.91;1066.00;82;203.14;0.56;21.91;1325.38;102;252.15;0.50;21.88;961.26;74;182.68;0.33;21.85;1428.90;110;271.55;0.59;21.85;1039.86;80;198.06;0.44;21.90;1079.00;83;205.62;0.50;21.91;780.00;60;148.64;0.39;21.91;598.00;46;113.96;0.35;21.91;676.00;52;128.82;0.45;21.91;1078.22;83;204.94;0.58;21.86;1182.09;91;224.64;0.65;21.85;1428.90;110;271.55;0.65;21.85;1402.92;108;266.61;0.76;21.85;1507.49;116;286.92;0.55;21.89;975.00;75;185.80;0.35;21.91;844.61;65;171.25;0.35;23.32;2182.32;168;458.10;0.91;24.14;1026.21;79;195.02;0.62;21.85;818.37;63;155.52;0.38;21.85;792.39;61;190.69;0.60;27.67;779.40;60;157.61;0.62;23.26;883.32;68;167.84;0.67;21.85;961.26;74;177.23;0.58;21.20;1270.08;92;229.99;0.66;20.82;1385.01;99;263.39;0.74;21.87;993.29;71;188.90;0.43;21.87;1580.87;113;300.64;0.57;21.87;1021.27;73;194.22;0.55;21.87;769.45;55;146.33;0.37;21.87
26628;STONEY ZERO PET;19;10869.65;820;2020.44;0.11;21.38;0.00;0;0.00;0.00;0.00;0.00;0;0.00;0.00;0.00;0.00;0;0.00;0.00;0.00;0.00;0;0.00;0.00;0.00;0.00;0;0.00;0.00;0.00;0.00;0;0.00;0.00;0.00;0.00;0;0.00;0.00;0.00;0.00;0;0.00;0.00;0.00;0.00;0;0.00;0.00;0.00;0.00;0;0.00;0.00;0.00;0.00;0;0.00;0.00;0.00;0.00;0;0.00;0.00;0.00;0.00;0;0.00;0.00;0.00;0.00;0;0.00;0.00;0.00;0.00;0;0.00;0.00;0.00;0.00;0;0.00;0.00;0.00;0.00;0;0.00;0.00;0.00;0.00;0;0.00;0.00;0.00;0.00;0;0.00;0.00;0.00;0.00;0;0.00;0.00;0.00;0.00;0;0.00;0.00;0.00;0.00;0;0.00;0.00;0.00;0.00;0;0.00;0.00;0.00;0.00;0;0.00;0.00;0.00;0.00;0;0.00;0.00;0.00;0.00;0;0.00;0.00;0.00;494.00;38;90.44;0.24;21.05;351.00;27;64.26;0.20;21.05;195.00;15;35.70;0.12;21.05;779.45;60;142.32;0.40;21.00;428.67;33;78.25;0.23;20.99;506.61;39;92.48;0.22;20.99;454.65;35;82.99;0.24;20.99;519.60;40;94.85;0.18;20.99;558.57;43;101.96;0.19;20.99;467.64;36;95.03;0.19;23.37;402.69;31;91.60;0.18;26.16;467.64;36;85.36;0.27;20.99;259.80;20;47.42;0.12;20.99;324.75;25;75.09;0.24;26.59;233.82;18;44.74;0.18;22.00;610.53;47;111.43;0.44;20.99;649.50;50;115.12;0.38;20.38;619.55;45;106.31;0.30;19.73;517.63;37;94.56;0.27;21.01;727.48;52;132.89;0.30;21.01;643.54;46;117.56;0.22;21.01;195.86;14;35.78;0.10;21.01;461.67;33;84.33;0.22;21.01
26631;COKE PET;19;65830.54;7 293;11864.73;0.62;20.73;762.38;112;29.81;0.08;4.50;2005.33;297;64.85;0.21;3.72;623.18;80;89.66;0.29;16.55;1104.00;138;179.90;0.59;18.74;608.00;76;99.08;0.29;18.74;1576.00;197;256.81;0.75;18.74;1096.00;137;178.60;0.48;18.74;1144.00;143;186.42;0.40;18.74;2104.00;263;342.85;0.80;18.74;2271.00;276;414.58;0.80;20.99;1776.00;222;289.40;0.59;18.74;2089.00;237;340.40;0.72;18.74;2362.58;248;477.25;1.12;23.23;1978.02;198;460.82;1.04;26.79;899.10;90;209.47;0.69;26.79;1659.28;172;349.01;1.16;24.19;1958.04;196;456.17;1.33;26.79;1548.45;155;360.75;1.10;26.79;1548.45;155;360.75;0.98;26.79;1998.00;200;465.48;1.27;26.79;1838.16;184;428.24;1.17;26.79;1858.14;186;432.90;0.85;26.79;1558.44;156;363.07;0.67;26.79;1648.35;165;384.02;0.83;26.79;1331.73;145;235.89;0.52;20.37;1134.00;126;184.78;0.45;18.74;1017.00;113;165.72;0.43;18.74;1125.00;125;183.32;0.56;18.74;1404.00;156;228.78;0.80;18.74;1402.50;156;227.47;0.65;18.65;1249.61;139;202.64;0.59;18.65;1258.60;140;204.34;0.49;18.67;1105.77;123;179.31;0.51;18.65;1339.51;149;217.22;0.42;18.65;1600.22;178;300.16;0.57;21.57;979.91;109;178.50;0.36;20.95;1276.58;142;241.36;0.48;21.74;602.33;67;114.29;0.36;21.82;863.04;96;163.76;0.40;21.82;413.54;46;78.47;0.25;21.82;701.22;78;131.32;0.52;21.54;827.08;92;134.12;0.53;18.65;413.54;46;55.05;0.18;15.31;1027.94;106;144.85;0.42;16.21;3161.88;317;509.50;1.44;18.53;779.22;78;126.42;0.29;18.66;909.09;91;147.50;0.28;18.66;854.19;86;135.09;0.38;18.19;1039.14;106;154.59;0.40;17.11
26632;COKE ZERO PET;19;20719.19;2 259;3791.02;0.20;21.04;325.09;46;22.65;0.06;8.01;285.01;41;16.07;0.05;6.48;140.86;18;20.73;0.07;16.93;200.00;25;32.59;0.11;18.74;296.00;37;48.23;0.14;18.74;304.00;38;49.54;0.15;18.74;200.00;25;32.59;0.09;18.74;528.00;60;119.96;0.26;26.13;416.00;52;67.79;0.16;18.74;207.00;25;38.68;0.07;21.49;472.00;59;76.91;0.16;18.74;482.00;54;78.54;0.17;18.74;593.55;61;128.20;0.30;24.84;449.55;45;104.73;0.24;26.79;309.69;31;72.15;0.24;26.79;563.42;58;121.08;0.40;24.71;389.61;39;90.77;0.26;26.79;279.72;28;65.17;0.20;26.79;159.84;16;37.24;0.10;26.79;249.75;25;58.18;0.16;26.79;599.40;60;139.64;0.38;26.79;309.69;31;72.15;0.14;26.79;329.73;33;76.86;0.14;26.81;269.73;27;62.84;0.14;26.79;391.89;41;80.03;0.18;23.49;63.00;7;10.27;0.02;18.74;198.00;22;32.26;0.08;18.74;354.00;38;66.16;0.20;21.49;333.00;37;54.26;0.19;18.74;332.64;37;53.95;0.15;18.65;683.24;76;110.80;0.32;18.65;620.31;69;103.81;0.25;19.25;665.26;74;107.88;0.31;18.65;647.28;72;104.96;0.20;18.65;710.41;77;146.41;0.28;23.70;839.20;92;164.50;0.33;22.54;524.55;57;105.08;0.21;23.04;131.92;14;29.15;0.09;25.41;266.77;29;54.74;0.13;23.60;338.69;37;68.38;0.22;23.22;515.56;56;104.58;0.41;23.33;659.40;72;115.50;0.46;20.14;617.38;68;99.46;0.32;18.53;704.68;72;107.86;0.31;17.60;494.55;50;76.74;0.22;17.84;409.59;41;66.45;0.15;18.66;979.11;99;151.85;0.29;17.84;319.68;32;51.87;0.15;18.66;559.44;56;90.77;0.23;18.66
26633;FANTA PET;19;17174.65;1 989;2575.83;0.13;17.25;373.95;52;31.22;0.08;9.60;506.23;73;27.54;0.09;6.26;176.00;22;28.68;0.09;18.74;264.00;33;43.02;0.14;18.74;248.00;31;40.41;0.12;18.74;248.00;31;40.41;0.12;18.74;392.00;49;63.88;0.17;18.74;420.00;48;93.88;0.20;25.70;680.00;85;110.81;0.26;18.74;165.25;20;30.64;0.06;21.32;728.00;91;118.63;0.24;18.74;845.00;97;137.69;0.29;18.74;604.53;62;131.39;0.31;24.99;619.38;62;144.30;0.33;26.79;329.67;33;76.80;0.25;26.79;1095.93;178;-179.02;-0.60;-18.79;667.65;88;20.92;0.06;3.60;179.82;18;41.89;0.13;26.79;169.83;17;39.57;0.11;26.79;149.85;15;34.91;0.10;26.79;419.58;42;97.75;0.27;26.79;59.94;6;13.96;0.03;26.79;239.76;24;55.86;0.10;26.79;249.75;25;58.18;0.13;26.79;230.94;25;41.83;0.09;20.83;198.00;22;32.26;0.08;18.74;297.00;33;48.40;0.13;18.74;135.00;15;22.00;0.07;18.74;429.00;45;86.86;0.30;23.29;350.61;39;56.86;0.16;18.65;161.82;18;26.24;0.08;18.65;386.57;43;66.41;0.16;19.76;359.60;40;58.31;0.17;18.65;440.51;49;71.43;0.14;18.65;242.73;27;44.82;0.08;21.23;116.87;13;22.18;0.04;21.82;260.71;29;53.59;0.11;23.64;125.86;14;23.88;0.08;21.82;224.75;25;42.65;0.10;21.82;224.75;25;42.65;0.14;21.82;176.87;19;37.68;0.15;24.50;503.44;56;82.88;0.33;18.93;161.82;18;26.24;0.09;18.65;487.51;49;88.74;0.25;20.93;379.62;38;61.59;0.17;18.66;409.59;41;66.45;0.15;18.66;309.69;31;50.25;0.09;18.66;379.62;38;61.59;0.17;18.66;349.65;35;56.73;0.15;18.66
26634;STONEY PET;19;8653.95;986;1582.54;0.08;21.03;457.84;63;41.99;0.11;10.55;485.09;70;26.11;0.08;6.19;155.04;20;21.76;0.07;16.14;295.60;37;47.89;0.16;18.63;328.00;41;53.45;0.16;18.74;192.00;24;31.29;0.09;18.74;0.00;0;0.00;0.00;0.00;224.00;28;36.50;0.08;18.74;296.00;37;48.23;0.11;18.74;267.50;33;46.06;0.09;19.80;664.00;83;108.20;0.22;18.74;503.00;59;81.96;0.17;18.74;595.53;61;129.92;0.31;25.09;569.43;57;132.66;0.30;26.79;239.76;24;55.86;0.18;26.79;255.73;27;50.67;0.17;22.78;209.79;21;48.88;0.14;26.79;459.54;46;107.06;0.33;26.79;239.76;24;55.86;0.15;26.79;279.72;28;65.17;0.18;26.79;299.70;30;69.82;0.19;26.79;189.81;19;44.22;0.09;26.79;279.72;28;65.17;0.12;26.79;329.67;33;76.80;0.17;26.79;189.99;21;31.66;0.07;19.16;162.00;18;26.40;0.06;18.74;99.00;11;16.13;0.04;18.74;54.00;6;8.80;0.03;18.74;81.00;9;13.20;0.05;18.74;206.78;23;33.54;0.10;18.65;44.95;5;7.29;0.02;18.65;0.00;0;0.00;0.00;0.00;0.00;0;0.00;0.00;0.00;0.00;0;0.00;0.00;0.00;0.00;0;0.00;0.00;0.00;0.00;0;0.00;0.00;0.00;0.00;0;0.00;0.00;0.00;0.00;0;0.00;0.00;0.00;0.00;0;0.00;0.00;0.00;0.00;0;0.00;0.00;0.00;0.00;0;0.00;0.00;0.00;0.00;0;0.00;0.00;0.00;0.00;0;0.00;0.00;0.00;0.00;0;0.00;0.00;0.00;0.00;0;0.00;0.00;0.00;0.00;0;0.00;0.00;0.00;0.00;0;0.00;0.00;0.00;0.00;0;0.00;0.00;0.00;0.00;0;0.00;0.00;0.00
26635;SCHWEPPES TONIC ZERO SUG;19;49914.93;3 258;10188.93;0.53;23.47;1765.50;118;378.43;0.99;24.65;1480.50;99;316.87;1.02;24.61;1330.50;89;284.46;0.91;24.59;869.40;61;158.74;0.52;21.00;1091.22;78;184.23;0.55;19.42;979.30;70;165.34;0.49;19.42;1063.24;76;180.25;0.48;19.50;1552.89;111;262.18;0.56;19.42;1217.13;87;205.49;0.48;19.42;2215.47;153;440.99;0.85;22.89;1603.93;107;345.77;0.70;24.79;1079.76;72;208.74;0.44;22.23;1155.00;77;206.72;0.49;20.58;1335.00;89;255.16;0.58;21.98;885.00;59;154.92;0.51;20.13;1005.00;67;175.93;0.59;20.13;705.00;47;123.41;0.36;20.13;255.00;17;44.64;0.14;20.13;1215.00;81;212.69;0.58;20.13;1155.00;77;202.19;0.55;20.13;1433.08;97;232.64;0.64;18.67;1619.22;108;296.82;0.58;21.08;1169.22;78;204.13;0.37;20.08;1054.67;68;208.70;0.45;22.76;1418.00;85;347.54;0.77;28.19;1003.00;59;257.53;0.62;29.53;1020.00;60;261.90;0.68;29.53;833.00;49;213.88;0.66;29.53;557.73;36;112.67;0.39;23.23;659.56;44;115.15;0.33;20.08;989.34;66;172.73;0.50;20.08;869.42;58;153.61;0.37;20.32;974.35;65;170.11;0.48;20.08;1768.82;118;308.82;0.59;20.08;1109.29;71;244.30;0.46;25.33;1139.43;57;409.10;0.83;41.29;739.63;37;257.70;0.51;40.07;499.75;25;174.12;0.55;40.07;779.61;39;271.63;0.67;40.07;834.58;42;293.02;0.93;40.38;599.60;40;116.78;0.46;22.40;449.70;30;79.12;0.32;20.23;554.63;37;96.83;0.32;20.08;359.76;24;62.81;0.18;20.08;464.69;31;81.13;0.23;20.08;1049.30;70;183.20;0.42;20.08;809.46;54;141.32;0.27;20.08;541.66;34;100.40;0.28;21.31;655.59;41;114.08;0.29;20.01
26639;POWERADE M/BLAST ZERO;19;14256.19;947;2720.94;0.14;21.95;0.00;0;0.00;0.00;0.00;0.00;0;0.00;0.00;0.00;0.00;0;0.00;0.00;0.00;48.00;4;8.17;0.03;19.57;240.00;20;40.85;0.12;19.57;0.00;0;0.00;0.00;0.00;0.00;0;0.00;0.00;0.00;0.00;0;0.00;0.00;0.00;0.00;0;0.00;0.00;0.00;0.00;0;0.00;0.00;0.00;0.00;0;0.00;0.00;0.00;0.00;0;0.00;0.00;0.00;300.00;24;59.45;0.14;22.79;0.00;0;0.00;0.00;0.00;0.00;0;0.00;0.00;0.00;408.52;28;100.55;0.33;28.30;379.34;26;93.36;0.27;28.30;408.52;28;100.55;0.31;28.30;218.85;15;53.86;0.15;28.30;685.73;47;168.77;0.46;28.30;918.45;66;198.31;0.54;24.83;87.54;6;21.55;0.04;28.30;0.00;0;0.00;0.00;0.00;539.10;37;132.23;0.29;28.21;641.31;43;118.99;0.26;21.34;703.50;47;118.40;0.29;19.36;750.00;50;127.35;0.33;19.53;390.00;26;66.22;0.20;19.53;525.00;35;91.69;0.32;20.08;554.66;37;95.79;0.27;19.86;643.07;43;107.84;0.31;19.29;681.57;43;117.98;0.28;19.91;799.50;50;139.60;0.40;20.08;351.78;22;61.42;0.12;20.08;942.61;59;169.02;0.32;20.62;703.56;44;126.64;0.26;20.70;399.75;25;69.80;0.14;20.08;415.74;26;72.59;0.23;20.08;623.61;39;108.89;0.27;20.08;243.88;16;35.07;0.11;16.54;428.74;27;75.48;0.30;20.25;223.86;14;40.49;0.16;20.80;0.00;0;0.00;0.00;0.00;0.00;0;0.00;0.00;0.00;0.00;0;0.00;0.00;0.00;0.00;0;0.00;0.00;0.00;0.00;0;0.00;0.00;0.00;0.00;0;0.00;0.00;0.00;0.00;0;0.00;0.00;0.00
26645;COCA COLA LIGHT;19;113135.48;5 603;18085.87;0.95;18.38;3994.84;200;532.78;1.39;15.34;3579.25;187;531.23;1.71;17.07;3576.98;203;162.87;0.52;5.24;3247.29;171;506.95;1.66;17.95;3821.58;217;242.09;0.72;7.28;3533.11;206;359.42;1.06;11.70;2867.49;151;387.48;1.04;15.54;3361.23;177;774.43;1.66;26.50;4367.47;239;404.41;0.94;10.65;4215.78;222;574.53;1.11;15.67;5165.28;272;629.61;1.28;14.02;5298.10;245;898.46;1.90;19.50;5044.64;254;718.05;1.69;16.37;4101.73;191;834.54;1.89;23.40;3555.99;181;552.79;1.82;17.88;3335.00;145;743.43;2.47;25.64;3312.00;144;749.61;2.19;26.03;3108.97;157;516.14;1.57;19.09;4833.54;246;570.40;1.55;13.57;3016.62;138;570.69;1.56;21.76;4507.95;205;1024.72;2.80;26.14;5006.52;248;782.32;1.54;17.97;3867.69;191;522.49;0.96;15.54;5219.02;244;974.60;2.12;21.48;5605.41;254;1135.88;2.51;23.30;4715.00;205;1051.06;2.55;25.64;4876.00;212;1086.95;2.83;25.64;1909.00;94;227.42;0.70;13.70;0.00;0;0.00;0.00;0.00;46.00;2;10.25;0.03;25.64;46.00;2;10.25;0.03;25.64;0.00;0;0.00;0.00;0.00;0.00;0;0.00;0.00;0.00;0.00;0;0.00;0.00;0.00;0.00;0;0.00;0.00;0.00;0.00;0;0.00;0.00;0.00;0.00;0;0.00;0.00;0.00;0.00;0;0.00;0.00;0.00;0.00;0;0.00;0.00;0.00;0.00;0;0.00;0.00;0.00;0.00;0;0.00;0.00;0.00;0.00;0;0.00;0.00;0.00;0.00;0;0.00;0.00;0.00;0.00;0;0.00;0.00;0.00;0.00;0;0.00;0.00;0.00;0.00;0;0.00;0.00;0.00;0.00;0;0.00;0.00;0.00;0.00;0;0.00;0.00;0.00;0.00;0;0.00;0.00;0.00
26646;TAB;19;20741.60;1 101;1985.87;0.10;11.01;2297.82;112;321.10;0.84;16.07;2220.09;112;411.01;1.32;21.29;1705.32;93;166.24;0.53;11.21;1764.17;93;159.69;0.52;10.41;2654.91;148;43.97;0.13;1.90;2357.17;133;160.00;0.47;7.81;1899.00;100;173.09;0.47;10.48;2506.68;132;406.06;0.87;18.63;1988.15;107;82.27;0.19;4.76;1348.29;71;62.45;0.12;5.33;0.00;0;0.00;0.00;0.00;0.00;0;0.00;0.00;0.00;0.00;0;0.00;0.00;0.00;0.00;0;0.00;0.00;0.00;0.00;0;0.00;0.00;0.00;0.00;0;0.00;0.00;0.00;0.00;0;0.00;0.00;0.00;0.00;0;0.00;0.00;0.00;0.00;0;0.00;0.00;0.00;0.00;0;0.00;0.00;0.00;0.00;0;0.00;0.00;0.00;0.00;0;0.00;0.00;0.00;0.00;0;0.00;0.00;0.00;0.00;0;0.00;0.00;0.00;0.00;0;0.00;0.00;0.00;0.00;0;0.00;0.00;0.00;0.00;0;0.00;0.00;0.00;0.00;0;0.00;0.00;0.00;0.00;0;0.00;0.00;0.00;0.00;0;0.00;0.00;0.00;0.00;0;0.00;0.00;0.00;0.00;0;0.00;0.00;0.00;0.00;0;0.00;0.00;0.00;0.00;0;0.00;0.00;0.00;0.00;0;0.00;0.00;0.00;0.00;0;0.00;0.00;0.00;0.00;0;0.00;0.00;0.00;0.00;0;0.00;0.00;0.00;0.00;0;0.00;0.00;0.00;0.00;0;0.00;0.00;0.00;0.00;0;0.00;0.00;0.00;0.00;0;0.00;0.00;0.00;0.00;0;0.00;0.00;0.00;0.00;0;0.00;0.00;0.00;0.00;0;0.00;0.00;0.00;0.00;0;0.00;0.00;0.00;0.00;0;0.00;0.00;0.00;0.00;0;0.00;0.00;0.00;0.00;0;0.00;0.00;0.00
26647;FANTA ORANGE ZERO;19;27441.47;1 379;4362.72;0.23;18.28;1248.42;64;160.54;0.42;14.79;1089.72;61;128.78;0.41;13.59;1108.79;64;109.39;0.35;11.35;493.74;26;83.22;0.27;19.38;1170.66;69;38.28;0.11;3.76;1200.77;72;104.26;0.31;9.99;892.53;47;164.38;0.44;21.18;322.83;17;75.96;0.16;27.06;128.95;7;19.52;0.05;17.41;759.60;40;100.68;0.20;15.24;2012.94;106;245.36;0.50;14.02;1575.51;79;162.14;0.34;11.83;1215.39;61;177.20;0.42;16.77;982.64;46;245.51;0.55;28.73;686.88;33;143.94;0.47;24.10;529.00;23;156.35;0.52;33.99;414.00;18;92.29;0.27;25.64;836.64;45;99.71;0.30;13.71;1126.42;58;127.10;0.35;12.98;487.77;23;100.16;0.27;23.61;1077.51;49;242.57;0.66;25.89;1431.27;73;201.33;0.40;16.18;874.00;38;194.83;0.36;25.64;1627.70;76;305.04;0.66;21.55;1180.79;55;222.76;0.49;21.70;828.00;36;184.58;0.45;25.64;1081.00;47;240.98;0.63;25.64;782.00;34;174.32;0.53;25.64;276.00;12;61.53;0.21;25.64;0.00;0;0.00;0.00;0.00;0.00;0;0.00;0.00;0.00;0.00;0;0.00;0.00;0.00;0.00;0;0.00;0.00;0.00;0.00;0;0.00;0.00;0.00;0.00;0;0.00;0.00;0.00;0.00;0;0.00;0.00;0.00;0.00;0;0.00;0.00;0.00;0.00;0;0.00;0.00;0.00;0.00;0;0.00;0.00;0.00;0.00;0;0.00;0.00;0.00;0.00;0;0.00;0.00;0.00;0.00;0;0.00;0.00;0.00;0.00;0;0.00;0.00;0.00;0.00;0;0.00;0.00;0.00;0.00;0;0.00;0.00;0.00;0.00;0;0.00;0.00;0.00;0.00;0;0.00;0.00;0.00;0.00;0;0.00;0.00;0.00;0.00;0;0.00;0.00;0.00
26648;SPRITE ZERO;19;58946.54;2 981;8588.23;0.45;16.75;3181.70;158;439.13;1.15;15.87;2836.17;153;338.15;1.09;13.71;2221.36;125;209.12;0.67;10.83;1955.97;103;241.13;0.79;14.18;2457.03;138;177.18;0.53;8.29;2620.38;154;256.55;0.75;11.26;2069.91;109;305.19;0.82;16.96;2012.94;106;473.15;1.02;27.03;1422.43;77;143.63;0.33;11.61;2715.57;143;370.10;0.72;15.67;2810.52;148;342.58;0.70;14.02;2596.00;121;444.38;0.94;19.69;2929.46;146;439.17;1.03;17.24;2378.90;111;449.38;1.02;21.72;1263.73;62;242.35;0.80;22.05;1104.00;48;246.10;0.82;25.64;1288.00;56;291.64;0.85;26.04;1643.45;84;249.57;0.76;17.46;1040.46;54;113.71;0.31;12.57;1469.33;67;281.20;0.77;22.01;2045.07;93;459.86;1.26;25.86;2566.71;129;355.79;0.70;15.94;2279.95;100;495.28;0.91;24.98;1898.63;89;351.95;0.76;21.32;2044.88;91;432.72;0.96;24.34;1518.00;66;338.39;0.82;25.64;1173.00;51;261.48;0.68;25.64;1173.00;51;261.48;0.80;25.64;2208.00;147;-426.39;-1.48;-22.21;0.00;0;0.00;0.00;0.00;0.00;0;0.00;0.00;0.00;21.99;1;4.25;0.01;22.22;0.00;0;0.00;0.00;0.00;0.00;0;0.00;0.00;0.00;0.00;0;0.00;0.00;0.00;0.00;0;0.00;0.00;0.00;0.00;0;0.00;0.00;0.00;0.00;0;0.00;0.00;0.00;0.00;0;0.00;0.00;0.00;0.00;0;0.00;0.00;0.00;0.00;0;0.00;0.00;0.00;0.00;0;0.00;0.00;0.00;0.00;0;0.00;0.00;0.00;0.00;0;0.00;0.00;0.00;0.00;0;0.00;0.00;0.00;0.00;0;0.00;0.00;0.00;0.00;0;0.00;0.00;0.00;0.00;0;0.00;0.00;0.00;0.00;0;0.00;0.00;0.00
26649;STONEY GINGER BEER ZERO;19;28984.87;1 456;4655.99;0.24;18.47;1139.93;58;144.99;0.38;14.63;1107.56;62;98.03;0.32;10.18;1200.77;69;98.20;0.31;9.40;396.89;21;51.02;0.17;14.78;964.65;55;109.61;0.33;13.07;973.81;58;106.22;0.31;12.54;740.61;39;130.94;0.35;20.33;778.59;41;187.10;0.40;27.64;650.72;35;78.39;0.18;13.85;892.53;47;118.23;0.23;15.23;1139.40;60;138.89;0.28;14.02;1215.60;58;172.91;0.37;16.36;1078.25;55;144.30;0.34;15.39;1101.42;58;153.92;0.35;16.07;844.54;47;102.86;0.34;14.01;943.00;41;210.21;0.70;25.64;552.00;24;142.21;0.41;29.63;1211.69;60;224.39;0.68;21.30;1492.21;79;149.60;0.41;11.53;919.54;46;187.81;0.51;23.49;1699.15;85;284.11;0.78;19.23;1947.03;97;290.85;0.57;17.18;1555.98;68;341.67;0.63;25.25;1495.00;65;333.26;0.72;25.64;1242.00;54;276.87;0.61;25.64;621.00;27;138.43;0.34;25.64;1081.00;47;240.98;0.63;25.64;0.00;0;0.00;0.00;0.00;0.00;0;0.00;0.00;0.00;0.00;0;0.00;0.00;0.00;0.00;0;0.00;0.00;0.00;0.00;0;0.00;0.00;0.00;0.00;0;0.00;0.00;0.00;0.00;0;0.00;0.00;0.00;0.00;0;0.00;0.00;0.00;0.00;0;0.00;0.00;0.00;0.00;0;0.00;0.00;0.00;0.00;0;0.00;0.00;0.00;0.00;0;0.00;0.00;0.00;0.00;0;0.00;0.00;0.00;0.00;0;0.00;0.00;0.00;0.00;0;0.00;0.00;0.00;0.00;0;0.00;0.00;0.00;0.00;0;0.00;0.00;0.00;0.00;0;0.00;0.00;0.00;0.00;0;0.00;0.00;0.00;0.00;0;0.00;0.00;0.00;0.00;0;0.00;0.00;0.00;0.00;0;0.00;0.00;0.00
26663;SCHWEPPES LEMONADE;19;70169.84;3 048;12098.49;0.63;19.83;1447.26;69;165.01;0.43;13.11;1280.39;61;146.69;0.47;13.18;1217.42;58;139.48;0.45;13.18;797.62;38;91.38;0.30;13.18;1259.40;60;144.28;0.43;13.18;818.61;39;93.79;0.28;13.18;1322.37;63;165.75;0.45;14.41;1578.31;69;278.97;0.60;20.33;1770.23;77;319.08;0.74;20.73;3563.45;155;642.30;1.25;20.73;2092.09;91;377.09;0.77;20.73;1684.23;77;273.72;0.58;18.69;2106.19;81;515.78;1.21;28.16;2301.50;88;572.89;1.29;28.63;910.00;35;213.46;0.70;26.98;1248.00;48;292.75;0.97;26.98;1378.00;53;323.24;0.94;26.98;806.00;31;189.06;0.58;26.98;624.00;24;156.40;0.43;28.82;806.00;31;199.09;0.54;28.41;1976.00;76;485.24;1.33;28.24;3356.96;143;568.10;1.12;19.46;1605.27;73;190.67;0.35;13.66;1231.69;53;196.01;0.43;18.30;1985.00;77;425.03;0.94;24.62;1534.00;59;320.66;0.78;24.04;1794.00;69;375.01;0.98;24.04;988.00;38;206.53;0.63;24.04;1197.92;47;255.70;0.89;24.55;1202.85;48;241.70;0.69;23.11;1440.72;57;271.10;0.79;21.64;1525.79;60;266.63;0.64;20.10;1343.20;60;211.01;0.60;18.07;3534.37;159;557.76;1.07;18.15;1667.22;78;265.80;0.50;18.33;1578.29;71;233.47;0.47;17.01;1249.42;58;203.55;0.41;18.74;959.52;48;153.89;0.49;18.44;759.62;38;149.28;0.37;22.60;659.67;33;129.64;0.41;22.60;679.71;31;168.92;0.67;28.58;896.61;39;114.67;0.46;14.71;667.74;31;75.26;0.25;12.96;1222.39;61;44.98;0.13;4.23;1470.29;74;14.50;0.04;1.13;2085.67;104;313.52;0.71;17.29;1224.48;52;274.49;0.52;25.78;440.79;21;59.54;0.17;15.53;881.58;42;25.61;0.07;3.34
26668;CAPPY JCE BREAKFAST BLND;19;54740.95;1 661;10504.35;0.55;22.07;503.50;19;104.80;0.27;23.94;0.00;0;0.00;0.00;0.00;0.00;0;0.00;0.00;0.00;159.00;6;33.09;0.11;23.94;159.00;6;33.09;0.10;23.94;0.00;0;0.00;0.00;0.00;132.50;5;27.58;0.07;23.94;503.50;19;104.80;0.23;23.94;848.00;32;176.50;0.41;23.94;1828.50;69;393.19;0.76;24.73;1590.00;60;330.93;0.67;23.94;628.50;23;130.74;0.28;23.92;1512.50;55;314.61;0.74;23.92;1864.04;77;273.09;0.62;16.85;1698.94;73;205.30;0.68;13.90;962.50;35;200.20;0.67;23.92;1483.32;51;296.47;0.86;22.98;1663.48;52;345.52;1.05;23.89;863.73;27;191.59;0.52;25.51;945.71;29;223.71;0.61;27.20;1049.70;30;280.25;0.77;30.70;1224.65;35;323.86;0.64;30.41;1294.63;37;342.37;0.63;30.41;1049.70;30;277.60;0.60;30.41;1259.64;36;269.57;0.60;24.61;804.77;23;167.15;0.41;23.89;1259.64;36;261.63;0.68;23.89;1329.62;38;276.17;0.85;23.89;2054.34;66;268.04;0.93;15.00;1803.48;52;294.19;0.84;18.76;2066.47;53;429.39;1.25;23.90;1711.57;43;357.81;0.86;24.04;1719.57;43;357.20;1.01;23.89;2367.35;65;350.37;0.67;17.02;2887.20;80;411.71;0.78;16.40;639.84;16;140.11;0.28;25.18;1479.63;37;324.01;0.65;25.18;599.85;15;131.35;0.41;25.18;799.80;20;166.59;0.41;23.95;399.90;10;85.32;0.27;24.54;399.90;10;83.97;0.33;24.15;639.84;16;132.91;0.53;23.89;559.86;14;129.21;0.42;26.54;884.75;25;139.96;0.40;18.19;734.79;21;110.26;0.31;17.26;1074.72;28;205.09;0.47;21.95;1699.80;50;159.91;0.30;10.82;1719.69;47;251.44;0.71;16.81;1879.53;47;391.72;1.00;23.97
26669;CAPPY JCE ORANGE MANGO;19;2577.31;89;454.37;0.02;20.27;477.00;18;99.28;0.26;23.94;0.00;0;0.00;0.00;0.00;0.00;0;0.00;0.00;0.00;0.00;0;0.00;0.00;0.00;0.00;0;0.00;0.00;0.00;0.00;0;0.00;0.00;0.00;0.00;0;0.00;0.00;0.00;0.00;0;0.00;0.00;0.00;0.00;0;0.00;0.00;0.00;0.00;0;0.00;0.00;0.00;0.00;0;0.00;0.00;0.00;0.00;0;0.00;0.00;0.00;0.00;0;0.00;0.00;0.00;670.72;30;37.45;0.08;6.42;109.95;5;4.64;0.02;4.86;0.00;0;0.00;0.00;0.00;0.00;0;0.00;0.00;0.00;0.00;0;0.00;0.00;0.00;0.00;0;0.00;0.00;0.00;0.00;0;0.00;0.00;0.00;0.00;0;0.00;0.00;0.00;0.00;0;0.00;0.00;0.00;0.00;0;0.00;0.00;0.00;384.89;11;101.79;0.22;30.41;454.87;13;108.38;0.24;27.40;0.00;0;0.00;0.00;0.00;0.00;0;0.00;0.00;0.00;0.00;0;0.00;0.00;0.00;0.00;0;0.00;0.00;0.00;0.00;0;0.00;0.00;0.00;0.00;0;0.00;0.00;0.00;0.00;0;0.00;0.00;0.00;0.00;0;0.00;0.00;0.00;0.00;0;0.00;0.00;0.00;0.00;0;0.00;0.00;0.00;0.00;0;0.00;0.00;0.00;0.00;0;0.00;0.00;0.00;0.00;0;0.00;0.00;0.00;0.00;0;0.00;0.00;0.00;239.94;6;52.09;0.17;24.97;199.95;5;42.43;0.17;24.41;39.99;1;8.31;0.03;23.89;0.00;0;0.00;0.00;0.00;0.00;0;0.00;0.00;0.00;0.00;0;0.00;0.00;0.00;0.00;0;0.00;0.00;0.00;0.00;0;0.00;0.00;0.00;0.00;0;0.00;0.00;0.00;0.00;0;0.00;0.00;0.00
26671;CAPPY JCE ORANGE;19;2067.33;138;434.82;0.02;24.19;198.97;19;37.33;0.10;21.57;52.50;5;9.94;0.03;21.78;0.00;0;0.00;0.00;0.00;0.00;0;0.00;0.00;0.00;0.00;0;0.00;0.00;0.00;0.00;0;0.00;0.00;0.00;0.00;0;0.00;0.00;0.00;0.00;0;0.00;0.00;0.00;0.00;0;0.00;0.00;0.00;0.00;0;0.00;0.00;0.00;0.00;0;0.00;0.00;0.00;0.00;0;0.00;0.00;0.00;0.00;0;0.00;0.00;0.00;0.00;0;0.00;0.00;0.00;0.00;0;0.00;0.00;0.00;0.00;0;0.00;0.00;0.00;0.00;0;0.00;0.00;0.00;0.00;0;0.00;0.00;0.00;0.00;0;0.00;0.00;0.00;0.00;0;0.00;0.00;0.00;0.00;0;0.00;0.00;0.00;0.00;0;0.00;0.00;0.00;0.00;0;0.00;0.00;0.00;0.00;0;0.00;0.00;0.00;0.00;0;0.00;0.00;0.00;0.00;0;0.00;0.00;0.00;0.00;0;0.00;0.00;0.00;237.83;17;44.79;0.14;21.66;188.87;13;35.57;0.12;21.66;269.82;18;50.81;0.14;21.66;14.99;1;2.82;0.01;21.66;0.00;0;0.00;0.00;0.00;0.00;0;0.00;0.00;0.00;0.00;0;0.00;0.00;0.00;0.00;0;0.00;0.00;0.00;0.00;0;0.00;0.00;0.00;0.00;0;0.00;0.00;0.00;0.00;0;0.00;0.00;0.00;0.00;0;0.00;0.00;0.00;67.96;4;15.52;0.05;26.26;152.91;9;35.90;0.14;27.00;373.78;22;85.75;0.34;26.38;271.84;16;62.08;0.20;26.26;237.86;14;54.32;0.16;26.26;0.00;0;0.00;0.00;0.00;0.00;0;0.00;0.00;0.00;0.00;0;0.00;0.00;0.00;0.00;0;0.00;0.00;0.00;0.00;0;0.00;0.00;0.00
26672;CAPPY JCE TROPICAL;19;1672.88;112;355.85;0.02;24.46;0.00;0;0.00;0.00;0.00;0.00;0;0.00;0.00;0.00;0.00;0;0.00;0.00;0.00;0.00;0;0.00;0.00;0.00;0.00;0;0.00;0.00;0.00;0.00;0;0.00;0.00;0.00;0.00;0;0.00;0.00;0.00;0.00;0;0.00;0.00;0.00;0.00;0;0.00;0.00;0.00;0.00;0;0.00;0.00;0.00;0.00;0;0.00;0.00;0.00;275.77;23;59.86;0.13;24.96;0.00;0;0.00;0.00;0.00;0.00;0;0.00;0.00;0.00;0.00;0;0.00;0.00;0.00;0.00;0;0.00;0.00;0.00;0.00;0;0.00;0.00;0.00;0.00;0;0.00;0.00;0.00;0.00;0;0.00;0.00;0.00;0.00;0;0.00;0.00;0.00;0.00;0;0.00;0.00;0.00;0.00;0;0.00;0.00;0.00;0.00;0;0.00;0.00;0.00;0.00;0;0.00;0.00;0.00;0.00;0;0.00;0.00;0.00;0.00;0;0.00;0.00;0.00;0.00;0;0.00;0.00;0.00;139.90;10;26.35;0.08;21.66;243.83;17;45.92;0.16;21.66;284.81;19;53.64;0.15;21.66;14.99;1;2.82;0.01;21.66;0.00;0;0.00;0.00;0.00;0.00;0;0.00;0.00;0.00;0.00;0;0.00;0.00;0.00;0.00;0;0.00;0.00;0.00;0.00;0;0.00;0.00;0.00;0.00;0;0.00;0.00;0.00;0.00;0;0.00;0.00;0.00;0.00;0;0.00;0.00;0.00;101.94;6;23.28;0.07;26.26;407.76;24;95.27;0.38;26.87;203.88;12;48.71;0.19;27.48;0.00;0;0.00;0.00;0.00;0.00;0;0.00;0.00;0.00;0.00;0;0.00;0.00;0.00;0.00;0;0.00;0.00;0.00;0.00;0;0.00;0.00;0.00;0.00;0;0.00;0.00;0.00;0.00;0;0.00;0.00;0.00
26674;CAPPY JCE ORANGE MANGO;19;21576.69;1 621;4374.85;0.23;23.32;546.00;52;103.42;0.27;21.78;441.00;42;83.53;0.27;21.78;241.50;23;45.74;0.15;21.78;336.00;32;63.64;0.21;21.78;367.50;35;69.61;0.21;21.78;588.00;56;111.37;0.33;21.78;556.50;53;105.40;0.28;21.78;378.00;36;71.60;0.15;21.78;556.50;53;105.40;0.25;21.78;546.00;52;103.42;0.20;21.78;260.82;24;55.40;0.11;24.43;68.94;6;13.01;0.03;21.70;1045.59;91;197.27;0.46;21.70;1189.05;95;230.04;0.52;22.25;608.02;48;120.45;0.40;22.78;311.76;24;66.97;0.22;24.70;134.90;10;25.39;0.07;21.65;350.74;26;66.03;0.20;21.65;323.76;24;60.95;0.17;21.65;553.09;41;104.12;0.28;21.65;876.85;65;165.07;0.45;21.65;640.07;43;161.37;0.32;28.99;749.50;50;199.64;0.37;30.63;1019.32;68;261.38;0.57;29.49;726.49;51;146.70;0.32;23.22;853.39;61;160.72;0.39;21.66;531.62;38;100.12;0.26;21.66;279.80;20;52.70;0.16;21.66;355.76;24;67.00;0.23;21.66;539.64;36;101.63;0.29;21.66;179.88;12;33.88;0.10;21.66;454.71;29;80.83;0.19;20.44;607.62;38;114.39;0.32;21.65;415.74;26;78.26;0.15;21.65;399.75;25;75.25;0.14;21.65;191.88;12;36.12;0.07;21.65;335.79;21;63.21;0.13;21.65;255.84;16;48.16;0.15;21.65;465.72;28;99.94;0.25;24.68;152.91;9;34.92;0.11;26.26;305.82;18;71.21;0.28;26.78;305.82;18;70.42;0.28;26.48;407.76;24;93.11;0.30;26.26;390.77;23;89.23;0.26;26.26;254.85;15;58.20;0.16;26.26;475.72;28;108.63;0.25;26.26;0.00;0;0.00;0.00;0.00;0.00;0;0.00;0.00;0.00;0.00;0;0.00;0.00;0.00
26675;CAPPY JCE  BREAKFAST BLND;19;25984.97;2 004;5125.75;0.27;22.68;451.50;43;85.52;0.22;21.78;261.97;25;49.26;0.16;21.62;493.50;47;93.47;0.30;21.78;336.00;32;63.64;0.21;21.78;672.00;64;127.28;0.38;21.78;850.50;81;161.09;0.47;21.78;997.50;95;188.93;0.51;21.78;1186.50;113;224.73;0.48;21.78;388.50;37;73.58;0.17;21.78;871.50;83;165.07;0.32;21.78;254.94;24;50.29;0.10;22.68;367.68;32;69.37;0.15;21.70;1217.94;106;229.79;0.54;21.70;1160.07;93;221.17;0.50;21.92;879.81;69;178.18;0.59;23.29;766.41;59;164.63;0.55;24.70;610.04;46;122.08;0.36;23.01;1335.51;99;251.41;0.77;21.65;580.07;43;109.20;0.30;21.65;1038.73;77;195.54;0.53;21.65;809.40;60;152.37;0.42;21.65;616.08;42;151.19;0.30;28.22;749.50;50;200.14;0.37;30.71;314.79;21;80.72;0.18;29.49;335.76;24;63.23;0.14;21.66;69.95;5;13.17;0.03;21.66;727.48;52;137.01;0.36;21.66;704.55;51;126.60;0.39;20.66;203.86;14;38.39;0.13;21.66;149.90;10;28.23;0.08;21.66;209.86;14;39.52;0.11;21.66;838.47;53;155.13;0.37;21.28;719.55;45;135.46;0.38;21.65;879.45;55;165.56;0.32;21.65;399.75;25;75.25;0.14;21.65;511.68;32;96.33;0.19;21.65;335.79;21;63.21;0.13;21.65;335.79;21;63.21;0.20;21.65;228.86;14;46.49;0.11;23.36;288.83;17;65.96;0.21;26.26;441.74;26;102.64;0.41;26.72;951.52;58;200.84;0.80;24.27;441.74;26;100.87;0.33;26.26;0.00;0;0.00;0.00;0.00;0.00;0;0.00;0.00;0.00;0.00;0;0.00;0.00;0.00;0.00;0;0.00;0.00;0.00;0.00;0;0.00;0.00;0.00;0.00;0;0.00;0.00;0.00
26676;CAPPY JCE APPLE;19;2436.88;162;514.02;0.03;24.26;0.00;0;0.00;0.00;0.00;0.00;0;0.00;0.00;0.00;0.00;0;0.00;0.00;0.00;0.00;0;0.00;0.00;0.00;0.00;0;0.00;0.00;0.00;0.00;0;0.00;0.00;0.00;0.00;0;0.00;0.00;0.00;0.00;0;0.00;0.00;0.00;0.00;0;0.00;0.00;0.00;0.00;0;0.00;0.00;0.00;0.00;0;0.00;0.00;0.00;203.83;17;44.24;0.09;24.96;83.93;7;18.22;0.04;24.96;0.00;0;0.00;0.00;0.00;0.00;0;0.00;0.00;0.00;0.00;0;0.00;0.00;0.00;0.00;0;0.00;0.00;0.00;175.37;13;33.01;0.10;21.65;134.90;10;25.39;0.07;21.65;0.00;0;0.00;0.00;0.00;0.00;0;0.00;0.00;0.00;0.00;0;0.00;0.00;0.00;0.00;0;0.00;0.00;0.00;0.00;0;0.00;0.00;0.00;0.00;0;0.00;0.00;0.00;0.00;0;0.00;0.00;0.00;0.00;0;0.00;0.00;0.00;153.89;11;28.98;0.09;21.66;293.80;20;55.33;0.19;21.66;179.88;12;33.88;0.10;21.66;89.94;6;16.94;0.05;21.66;0.00;0;0.00;0.00;0.00;0.00;0;0.00;0.00;0.00;0.00;0;0.00;0.00;0.00;0.00;0;0.00;0.00;0.00;0.00;0;0.00;0.00;0.00;0.00;0;0.00;0.00;0.00;0.00;0;0.00;0.00;0.00;0.00;0;0.00;0.00;0.00;16.99;1;3.88;0.01;26.26;186.89;11;43.66;0.17;26.86;186.89;11;43.66;0.17;26.86;186.89;11;42.68;0.14;26.26;271.84;16;62.08;0.18;26.26;271.84;16;62.08;0.18;26.26;0.00;0;0.00;0.00;0.00;0.00;0;0.00;0.00;0.00;0.00;0;0.00;0.00;0.00;0.00;0;0.00;0.00;0.00
26679;STONEY GINGER BEER PET;19;27733.20;1 873;2079.92;0.11;8.62;1244.07;96;41.93;0.11;3.88;209.11;14;36.13;0.12;19.87;224.85;15;36.40;0.12;18.62;164.89;11;25.89;0.08;18.06;269.82;18;41.27;0.12;17.59;269.82;18;36.45;0.11;15.54;299.80;20;41.71;0.11;16.00;179.88;12;24.30;0.05;15.54;314.79;21;42.53;0.10;15.54;704.53;47;95.18;0.18;15.54;239.85;15;44.02;0.09;21.11;415.74;26;72.53;0.15;20.06;469.72;28;85.07;0.20;20.83;495.70;30;92.90;0.21;21.55;559.65;35;91.05;0.30;18.71;367.08;23;49.55;0.16;15.52;655.59;41;89.27;0.26;15.66;2495.42;170;200.67;0.61;9.25;495.69;31;67.47;0.18;15.65;335.79;21;58.28;0.16;19.96;479.70;30;80.86;0.22;19.38;591.63;37;92.37;0.18;17.95;623.61;39;84.91;0.16;15.66;607.62;38;82.73;0.18;15.66;257.46;15;39.86;0.09;17.81;420.00;24;66.23;0.16;18.13;227.50;13;35.87;0.09;18.13;577.50;33;91.06;0.28;18.13;1005.00;115;-550.72;-1.91;-63.02;1446.74;91;143.44;0.41;11.40;1547.75;106;52.36;0.15;3.89;461.74;26;76.21;0.18;18.98;925.61;60;33.15;0.09;4.12;794.47;62;-139.31;-0.27;-20.16;524.65;35;95.80;0.18;21.00;584.61;39;117.24;0.24;23.06;898.33;67;76.76;0.15;9.83;299.80;20;60.13;0.19;23.06;344.77;23;69.14;0.17;23.06;194.87;13;39.08;0.12;23.06;209.86;14;41.16;0.16;22.56;254.83;17;21.93;0.09;9.90;419.72;28;-3.74;-0.01;-1.02;539.64;36;-4.81;-0.01;-1.02;674.55;45;-6.01;-0.02;-1.02;404.73;27;-3.61;-0.01;-1.02;614.59;41;12.44;0.02;2.33;638.60;40;68.20;0.19;12.28;751.53;47;34.59;0.09;5.29
26680;STONEY ZERO;19;1376.08;92;144.22;0.01;12.05;628.08;42;60.82;0.16;11.14;299.05;20;27.11;0.09;10.43;89.19;6;7.68;0.02;9.90;179.88;12;24.30;0.08;15.54;134.91;9;18.23;0.05;15.54;44.97;3;6.08;0.02;15.54;0.00;0;0.00;0.00;0.00;0.00;0;0.00;0.00;0.00;0.00;0;0.00;0.00;0.00;0.00;0;0.00;0.00;0.00;0.00;0;0.00;0.00;0.00;0.00;0;0.00;0.00;0.00;0.00;0;0.00;0.00;0.00;0.00;0;0.00;0.00;0.00;0.00;0;0.00;0.00;0.00;0.00;0;0.00;0.00;0.00;0.00;0;0.00;0.00;0.00;0.00;0;0.00;0.00;0.00;0.00;0;0.00;0.00;0.00;0.00;0;0.00;0.00;0.00;0.00;0;0.00;0.00;0.00;0.00;0;0.00;0.00;0.00;0.00;0;0.00;0.00;0.00;0.00;0;0.00;0.00;0.00;0.00;0;0.00;0.00;0.00;0.00;0;0.00;0.00;0.00;0.00;0;0.00;0.00;0.00;0.00;0;0.00;0.00;0.00;0.00;0;0.00;0.00;0.00;0.00;0;0.00;0.00;0.00;0.00;0;0.00;0.00;0.00;0.00;0;0.00;0.00;0.00;0.00;0;0.00;0.00;0.00;0.00;0;0.00;0.00;0.00;0.00;0;0.00;0.00;0.00;0.00;0;0.00;0.00;0.00;0.00;0;0.00;0.00;0.00;0.00;0;0.00;0.00;0.00;0.00;0;0.00;0.00;0.00;0.00;0;0.00;0.00;0.00;0.00;0;0.00;0.00;0.00;0.00;0;0.00;0.00;0.00;0.00;0;0.00;0.00;0.00;0.00;0;0.00;0.00;0.00;0.00;0;0.00;0.00;0.00;0.00;0;0.00;0.00;0.00;0.00;0;0.00;0.00;0.00;0.00;0;0.00;0.00;0.00;0.00;0;0.00;0.00;0.00
26681;COCA COLA CAN;19;243201.61;19 692;38855.01;2.03;18.37;4667.00;451;667.54;1.75;16.45;3613.00;353;487.80;1.57;15.53;3298.90;324;432.70;1.38;15.08;3676.00;350;565.14;1.85;17.68;3384.00;330;461.59;1.37;15.69;2240.00;220;293.82;0.86;15.08;5156.00;508;664.22;1.79;14.81;3476.00;340;466.41;1.00;15.43;4505.00;433;661.99;1.54;16.90;3635.84;350;530.22;1.03;16.77;3065.91;285;523.31;1.06;19.63;3135.15;275;538.80;1.14;19.76;4134.97;353;699.83;1.65;19.46;4045.98;342;712.68;1.61;20.26;1537.54;131;262.35;0.86;19.62;1337.61;114;227.95;0.76;19.60;1831.44;156;312.83;0.91;19.64;3812.90;325;649.46;1.98;19.59;3495.02;298;594.54;1.62;19.56;4018.97;343;680.99;1.86;19.49;7660.90;650;1329.44;3.64;19.96;4386.76;374;746.50;1.47;19.57;9959.74;851;1679.56;3.08;19.39;7713.63;657;1317.87;2.86;19.65;4219.46;344;623.77;1.38;17.00;3217.78;256;522.60;1.27;18.68;4495.58;362;691.55;1.80;17.69;3238.64;263;478.52;1.47;16.99;3774.60;315;482.37;1.68;14.70;5110.29;424;674.99;1.92;15.19;3033.63;247;442.47;1.29;16.77;5955.92;438;1011.82;2.44;19.54;7780.75;570;1308.86;3.71;19.35;14708.61;1 094;2316.46;4.43;18.11;11589.99;866;1787.42;3.39;17.74;5483.59;401;929.28;1.88;19.49;7553.95;560;1207.38;2.41;18.38;2407.27;178;389.16;1.23;18.59;3310.53;242;561.89;1.38;19.52;2453.19;181;400.37;1.27;18.77;4420.35;325;732.33;2.90;19.05;4163.10;310;652.24;2.60;18.02;3794.09;276;656.87;2.14;19.91;6953.86;514;1125.95;3.23;18.62;6257.51;439;1238.46;3.50;22.76;5106.52;378;821.59;1.87;18.50;15795.22;1 168;2552.88;4.82;18.59;5860.86;404;951.86;2.70;18.68;4728.06;324;786.42;2.01;19.13
26683;COCA COLA LIGHT CAN;19;19424.12;1 539;3010.80;0.16;17.83;1846.00;194;146.68;0.38;9.14;451.00;41;83.93;0.27;21.40;337.00;35;29.91;0.10;10.21;304.00;32;23.76;0.08;8.99;528.00;48;98.25;0.29;21.40;326.00;34;27.86;0.08;9.83;0.00;0;0.00;0.00;0.00;0.00;0;0.00;0.00;0.00;0.00;0;0.00;0.00;0.00;0.00;0;0.00;0.00;0.00;0.00;0;0.00;0.00;0.00;0.00;0;0.00;0.00;0.00;0.00;0;0.00;0.00;0.00;0.00;0;0.00;0.00;0.00;0.00;0;0.00;0.00;0.00;0.00;0;0.00;0.00;0.00;0.00;0;0.00;0.00;0.00;0.00;0;0.00;0.00;0.00;0.00;0;0.00;0.00;0.00;0.00;0;0.00;0.00;0.00;0.00;0;0.00;0.00;0.00;0.00;0;0.00;0.00;0.00;0.00;0;0.00;0.00;0.00;0.00;0;0.00;0.00;0.00;0.00;0;0.00;0.00;0.00;312.00;24;57.98;0.14;21.37;0.00;0;0.00;0.00;0.00;326.96;27;44.32;0.14;15.59;377.00;29;70.06;0.24;21.37;799.57;64;126.41;0.36;18.18;0.00;0;0.00;0.00;0.00;586.76;44;97.21;0.23;19.05;769.45;55;142.53;0.40;21.30;425.79;31;73.47;0.14;19.84;4125.41;309;629.04;1.19;17.54;835.45;60;152.06;0.31;20.93;739.66;54;126.20;0.25;19.62;181.87;13;33.69;0.11;21.30;461.67;33;85.52;0.21;21.30;173.97;13;26.82;0.09;17.73;987.86;74;150.55;0.60;17.53;93.98;7;14.71;0.06;17.99;971.40;70;174.54;0.57;20.66;1131.38;82;198.77;0.57;20.20;139.90;10;25.92;0.07;21.30;835.78;62;133.20;0.30;18.33;461.67;33;85.52;0.16;21.30;744.69;51;124.19;0.35;19.18;149.90;10;27.73;0.07;21.27
26689;SPRITE LS CAN;19;4031.54;314;731.81;0.04;20.87;110.00;10;20.47;0.05;21.40;121.00;11;22.52;0.07;21.40;11.00;1;2.05;0.01;21.40;295.00;29;38.49;0.13;15.01;0.00;0;0.00;0.00;0.00;0.00;0;0.00;0.00;0.00;0.00;0;0.00;0.00;0.00;66.00;6;12.28;0.03;21.40;121.00;11;22.52;0.05;21.40;77.00;7;14.33;0.03;21.40;99.00;9;18.42;0.04;21.40;139.92;12;25.97;0.05;21.34;0.00;0;0.00;0.00;0.00;0.00;0;0.00;0.00;0.00;0.00;0;0.00;0.00;0.00;0.00;0;0.00;0.00;0.00;11.99;1;2.22;0.01;21.32;119.90;10;22.23;0.07;21.32;155.87;13;28.89;0.08;21.32;0.00;0;0.00;0.00;0.00;0.00;0;0.00;0.00;0.00;0.00;0;0.00;0.00;0.00;0.00;0;0.00;0.00;0.00;0.00;0;0.00;0.00;0.00;0.00;0;0.00;0.00;0.00;25.99;2;4.82;0.01;21.34;0.00;0;0.00;0.00;0.00;78.00;6;14.49;0.04;21.37;39.00;3;7.25;0.03;21.37;0.00;0;0.00;0.00;0.00;0.00;0;0.00;0.00;0.00;0.00;0;0.00;0.00;0.00;0.00;0;0.00;0.00;0.00;0.00;0;0.00;0.00;0.00;527.67;38;95.04;0.18;20.71;391.72;28;72.56;0.15;21.30;383.82;28;65.69;0.13;19.68;279.80;20;51.83;0.16;21.30;83.94;6;15.55;0.04;21.30;265.81;19;49.24;0.16;21.30;111.92;8;20.73;0.08;21.30;163.93;12;27.66;0.11;19.41;69.95;5;12.96;0.04;21.30;97.93;7;18.14;0.05;21.30;184.38;12;45.45;0.13;28.35;0.00;0;0.00;0.00;0.00;0.00;0;0.00;0.00;0.00;0.00;0;0.00;0.00;0.00;0.00;0;0.00;0.00;0.00
26690;TWIST LEMON CAN;19;8296.85;646;1521.88;0.08;21.09;143.00;13;26.61;0.07;21.40;154.00;14;28.66;0.09;21.40;55.00;5;10.23;0.03;21.40;77.00;7;14.33;0.05;21.40;55.00;5;10.23;0.03;21.40;11.00;1;2.05;0.01;21.40;121.00;11;22.52;0.06;21.40;121.00;11;22.52;0.05;21.40;110.00;10;20.47;0.05;21.40;286.00;26;53.22;0.10;21.40;121.00;11;22.52;0.05;21.40;104.94;9;19.48;0.04;21.34;179.85;15;33.34;0.08;21.32;83.93;7;15.56;0.04;21.32;71.94;6;13.34;0.04;21.32;95.92;8;17.78;0.06;21.32;47.96;4;8.89;0.03;21.32;95.92;8;17.78;0.05;21.32;131.89;11;24.45;0.07;21.32;167.86;14;31.12;0.08;21.32;227.81;19;42.23;0.12;21.32;443.74;36;90.54;0.18;23.46;107.91;9;20.00;0.04;21.32;83.93;7;15.56;0.03;21.32;241.95;19;45.62;0.10;21.68;143.00;11;26.57;0.06;21.37;143.00;11;26.57;0.07;21.37;130.00;10;24.16;0.07;21.37;104.00;8;19.33;0.07;21.37;77.94;6;14.44;0.04;21.31;285.78;22;52.96;0.15;21.31;164.88;12;29.86;0.07;20.83;265.81;19;49.24;0.14;21.30;265.81;19;49.24;0.09;21.30;261.86;19;45.80;0.09;20.12;237.83;17;44.06;0.09;21.30;195.86;14;36.28;0.07;21.30;125.91;9;23.32;0.07;21.30;83.94;6;15.55;0.04;21.30;97.93;7;18.14;0.06;21.30;111.92;8;20.73;0.08;21.30;233.88;17;40.62;0.16;19.97;163.93;12;27.66;0.09;19.41;149.94;11;25.07;0.07;19.23;117.73;7;35.36;0.10;34.54;999.71;74;160.86;0.37;18.50;181.87;13;33.69;0.06;21.30;189.92;13;31.74;0.09;19.22;224.85;15;41.59;0.11;21.27
26692;TWIST GRANADILLA CAN;19;9435.61;748;1724.71;0.09;21.02;229.90;21;42.03;0.11;21.02;213.00;21;27.33;0.09;14.76;77.00;7;14.33;0.05;21.40;110.00;10;20.47;0.07;21.40;66.00;6;12.28;0.04;21.40;191.00;19;23.24;0.07;13.99;154.00;14;28.66;0.08;21.40;88.00;8;16.38;0.04;21.40;44.00;4;8.19;0.02;21.40;143.00;13;26.61;0.05;21.40;220.00;20;40.94;0.08;21.40;199.87;17;37.08;0.08;21.34;203.83;17;37.79;0.09;21.32;197.89;16;40.82;0.09;23.72;179.85;15;33.34;0.11;21.32;167.86;14;31.12;0.10;21.32;263.78;22;48.90;0.14;21.32;107.91;9;20.00;0.06;21.32;239.80;20;44.45;0.12;21.32;131.89;11;24.45;0.07;21.32;215.82;18;40.01;0.11;21.32;527.78;42;114.40;0.22;24.93;275.77;23;51.12;0.09;21.32;155.87;13;28.89;0.06;21.32;240.92;19;46.78;0.10;22.33;130.00;10;24.16;0.06;21.37;104.00;8;19.33;0.05;21.37;65.00;5;12.08;0.04;21.37;91.00;7;16.91;0.06;21.37;334.84;27;51.17;0.15;17.58;272.79;21;50.55;0.15;21.31;150.89;11;27.95;0.07;21.30;167.88;12;31.10;0.09;21.30;335.76;24;62.20;0.12;21.30;223.84;16;41.46;0.08;21.30;279.80;20;51.83;0.10;21.30;167.88;12;31.10;0.06;21.30;55.96;4;10.37;0.03;21.30;153.89;11;28.51;0.07;21.30;41.97;3;7.77;0.02;21.30;139.90;10;25.92;0.10;21.30;379.87;28;62.26;0.25;18.85;69.95;5;12.96;0.04;21.30;163.93;12;27.66;0.08;19.41;420.26;29;87.81;0.25;24.03;501.83;37;82.15;0.19;18.82;195.86;14;36.28;0.07;21.30;283.81;19;52.50;0.15;21.27;59.96;4;11.09;0.03;21.27
26693;FANTA ORANGE CAN;19;26807.21;2 116;5151.14;0.27;22.10;647.00;61;104.00;0.27;18.48;291.00;27;50.05;0.16;19.78;302.00;28;52.10;0.17;19.84;328.00;32;44.63;0.15;15.65;192.00;18;31.63;0.09;18.94;383.00;37;54.87;0.16;16.47;454.00;44;63.98;0.17;16.21;258.00;24;43.91;0.09;19.57;198.00;18;36.85;0.09;21.40;445.00;41;78.71;0.15;20.34;203.00;19;33.68;0.07;19.08;234.92;21;40.91;0.09;20.03;179.85;15;33.34;0.08;21.32;299.86;24;63.87;0.14;24.49;83.93;7;15.56;0.05;21.32;119.90;10;22.23;0.07;21.32;59.95;5;11.11;0.03;21.32;3863.42;298;914.89;2.78;27.23;341.88;27;75.80;0.21;25.50;563.86;44;129.36;0.35;26.38;71.94;6;13.34;0.04;21.32;731.83;57;168.78;0.33;26.52;5327.19;411;1260.75;2.31;27.22;383.90;30;87.72;0.19;26.28;85.95;7;16.63;0.04;22.25;176.99;14;29.46;0.07;19.14;65.00;5;12.08;0.03;21.37;39.00;3;7.25;0.02;21.37;91.00;7;16.91;0.06;21.37;998.67;83;130.66;0.37;15.05;134.94;11;19.57;0.06;16.67;167.92;13;21.56;0.05;14.76;-181.87;-13;-33.69;-0.10;21.30;257.91;19;42.37;0.08;18.89;759.74;56;124.52;0.24;18.85;163.93;12;27.66;0.06;19.41;237.83;17;44.06;0.09;21.30;97.93;7;18.14;0.06;21.30;257.91;19;42.37;0.10;18.89;83.94;6;15.55;0.05;21.30;69.95;5;12.96;0.05;21.30;1093.69;81;175.56;0.70;18.46;233.88;17;40.62;0.13;19.97;393.86;29;64.85;0.19;18.93;431.74;31;78.64;0.22;20.95;805.66;59;135.73;0.31;19.37;3753.44;281;573.65;1.08;17.58;304.89;21;49.62;0.14;18.71;319.88;22;52.39;0.13;18.83
26694;SPARLETTA CREAMSODA CAN;19;21529.39;1 691;3853.42;0.20;20.58;363.00;33;67.55;0.18;21.40;372.00;36;52.82;0.17;16.33;198.00;18;36.85;0.12;21.40;308.00;28;57.31;0.19;21.40;247.00;23;41.86;0.12;19.49;99.00;9;18.42;0.05;21.40;253.00;23;47.08;0.13;21.40;154.00;14;28.66;0.06;21.40;264.00;24;49.13;0.11;21.40;605.00;55;112.58;0.22;21.40;264.00;24;49.13;0.10;21.40;428.77;38;71.39;0.15;19.15;539.75;49;67.38;0.16;14.36;311.74;26;57.79;0.13;21.32;611.71;49;129.95;0.43;24.43;275.77;23;51.12;0.17;21.32;131.89;11;24.45;0.07;21.32;257.84;21;51.94;0.16;23.16;281.82;23;56.38;0.15;23.01;527.78;42;114.40;0.31;24.93;719.62;58;149.96;0.41;23.96;671.44;56;124.47;0.24;21.32;359.70;30;66.68;0.12;21.32;377.74;31;74.16;0.16;22.58;279.94;22;53.36;0.12;21.92;431.98;34;73.42;0.18;19.55;260.00;20;48.32;0.13;21.37;210.98;17;32.36;0.10;17.64;234.00;18;43.48;0.15;21.37;1024.68;85;135.50;0.39;15.21;272.79;21;50.55;0.15;21.31;285.79;21;52.26;0.13;21.03;93.98;7;14.71;0.04;17.99;811.42;58;150.31;0.29;21.30;737.52;53;133.92;0.25;20.88;625.60;45;113.18;0.23;20.81;359.79;26;63.94;0.13;20.44;125.91;9;23.32;0.07;21.30;345.80;25;61.35;0.15;20.40;181.87;13;33.69;0.11;21.30;265.81;19;49.24;0.20;21.30;393.86;29;64.85;0.26;18.93;209.85;15;38.87;0.13;21.30;513.68;37;92.45;0.27;20.70;708.38;47;166.02;0.47;26.95;743.61;54;129.64;0.30;20.05;2371.39;176;377.11;0.71;18.29;643.66;44;110.24;0.31;19.70;774.53;52;139.87;0.36;20.77
26696;SPARLETTA SPARBERRY CAN;19;9971.81;792;1758.70;0.09;20.28;126.00;12;19.35;0.05;17.66;246.00;24;33.48;0.11;15.65;55.00;5;10.23;0.03;21.40;33.00;3;6.14;0.02;21.40;77.00;7;14.33;0.04;21.40;257.00;25;35.52;0.10;15.90;126.00;12;19.35;0.05;17.66;132.00;12;24.56;0.05;21.40;275.00;25;51.17;0.12;21.40;242.00;22;45.03;0.09;21.40;209.00;19;38.89;0.08;21.40;164.89;14;30.59;0.06;21.33;587.69;51;92.66;0.22;18.13;173.91;14;36.38;0.08;24.06;131.89;11;24.45;0.08;21.32;227.81;19;42.23;0.14;21.32;11.99;1;2.22;0.01;21.32;0.00;0;0.00;0.00;0.00;47.96;4;8.89;0.02;21.32;167.86;14;31.12;0.08;21.32;359.70;30;66.68;0.18;21.32;275.88;22;59.42;0.12;24.77;311.74;26;57.79;0.11;21.32;191.84;16;35.56;0.08;21.32;141.99;11;26.38;0.06;21.37;195.00;15;36.24;0.09;21.37;130.00;10;24.16;0.06;21.37;65.00;5;12.08;0.04;21.37;52.00;4;9.66;0.03;21.37;256.89;21;36.72;0.10;16.44;103.92;8;19.26;0.06;21.31;111.92;8;20.73;0.05;21.30;125.91;9;23.32;0.07;21.30;237.83;17;44.06;0.08;21.30;153.89;11;28.51;0.05;21.30;153.89;11;28.51;0.06;21.30;153.89;11;28.51;0.06;21.30;55.96;4;10.37;0.03;21.30;195.86;14;36.28;0.09;21.30;111.92;8;20.73;0.07;21.30;55.96;4;10.37;0.04;21.30;243.92;18;39.78;0.16;18.75;163.93;12;27.66;0.09;19.41;445.87;33;71.78;0.21;18.51;435.04;31;81.51;0.23;21.55;527.67;38;95.04;0.22;20.71;783.77;58;126.26;0.24;18.53;313.79;21;58.04;0.16;21.27;324.83;22;56.69;0.15;20.07
26700;STONEY CAN;19;10637.24;843;1934.10;0.10;20.91;209.00;19;38.89;0.10;21.40;318.00;30;50.97;0.16;18.43;77.00;7;14.33;0.05;21.40;99.00;9;18.42;0.06;21.40;66.00;6;12.28;0.04;21.40;230.00;22;34.60;0.10;17.30;154.00;14;28.66;0.08;21.40;88.00;8;16.38;0.04;21.40;143.00;13;26.61;0.06;21.40;181.00;17;29.58;0.06;18.79;209.00;19;38.89;0.08;21.40;223.85;19;41.53;0.09;21.33;71.94;6;13.34;0.03;21.32;107.91;9;20.00;0.05;21.32;71.94;6;13.34;0.04;21.32;107.91;9;20.00;0.07;21.32;59.95;5;11.11;0.03;21.32;107.91;9;20.00;0.06;21.32;131.89;11;24.45;0.07;21.32;83.93;7;15.56;0.04;21.32;119.90;10;22.23;0.06;21.32;416.81;34;83.53;0.16;23.05;1979.61;159;417.06;0.76;24.23;107.91;9;20.00;0.04;21.32;104.00;8;19.33;0.04;21.37;117.00;9;21.74;0.05;21.37;39.00;3;7.25;0.02;21.37;26.00;2;4.83;0.01;21.37;26.00;2;4.83;0.02;21.37;51.96;4;9.63;0.03;21.31;207.84;16;38.51;0.11;21.31;13.99;1;2.59;0.01;21.30;209.85;15;38.87;0.11;21.30;205.90;15;35.44;0.07;19.79;1503.68;112;235.29;0.45;17.99;153.89;11;28.51;0.06;21.30;149.94;11;25.07;0.05;19.23;149.94;11;25.07;0.08;19.23;139.90;10;25.92;0.06;21.30;83.94;6;15.55;0.05;21.30;83.94;6;15.55;0.06;21.30;285.89;21;47.55;0.19;19.13;163.93;12;27.66;0.09;19.41;281.94;21;44.12;0.13;17.99;187.82;13;38.86;0.11;23.80;491.79;36;82.99;0.19;19.41;233.88;17;40.62;0.08;19.97;149.90;10;27.73;0.08;21.27;209.86;14;38.82;0.10;21.27
26701;POWER PLAY E/DRINK ORIGIN;19;14380.99;1 135;4271.61;0.22;34.16;443.63;37;127.08;0.33;32.94;359.70;30;103.04;0.33;32.94;431.64;36;123.65;0.39;32.94;107.91;9;32.83;0.11;34.98;95.92;8;30.03;0.09;36.00;347.71;29;108.86;0.32;36.00;227.81;19;70.36;0.19;35.52;431.64;36;130.71;0.28;34.82;515.57;43;146.77;0.34;32.74;611.49;51;174.08;0.34;32.74;251.79;21;71.68;0.15;32.74;203.83;17;58.03;0.12;32.74;239.80;20;68.27;0.16;32.74;215.82;18;61.44;0.14;32.74;71.94;6;20.48;0.07;32.74;47.96;4;13.65;0.05;32.74;131.89;11;37.55;0.11;32.74;119.90;10;34.13;0.10;32.74;167.86;14;47.79;0.13;32.74;131.89;11;37.55;0.10;32.74;395.67;33;116.38;0.32;33.83;287.76;24;86.34;0.17;34.51;345.73;27;102.00;0.19;33.93;519.60;40;147.98;0.32;32.75;328.02;23;110.53;0.24;38.75;299.80;20;108.77;0.26;41.72;254.83;17;92.46;0.24;41.72;119.92;8;43.51;0.13;41.72;89.94;6;34.84;0.12;44.55;185.86;14;60.44;0.17;37.39;285.78;22;81.39;0.24;32.75;259.80;20;73.99;0.18;32.75;181.86;14;51.79;0.15;32.75;155.88;12;44.39;0.08;32.75;246.81;19;77.30;0.15;36.02;298.77;23;93.57;0.19;36.02;168.87;13;52.89;0.11;36.02;246.81;19;77.30;0.24;36.02;220.83;17;69.16;0.17;36.02;311.76;24;97.64;0.31;36.02;207.84;16;65.09;0.26;36.02;415.68;32;118.39;0.47;32.75;389.70;30;114.31;0.37;33.73;350.73;27;99.89;0.29;32.75;467.64;36;133.18;0.38;32.75;502.67;39;140.86;0.32;32.23;467.64;36;133.18;0.25;32.75;506.61;39;144.28;0.41;32.75;712.48;55;201.76;0.52;32.57
26703;COCA COLA ZERO CAN;19;28830.92;2 193;4671.69;0.24;18.63;416.00;40;61.01;0.16;16.87;392.00;40;40.14;0.13;11.78;555.00;57;54.07;0.17;11.20;229.00;23;26.21;0.09;13.16;493.00;47;75.34;0.22;17.57;0.00;0;0.00;0.00;0.00;0.00;0;0.00;0.00;0.00;0.00;0;0.00;0.00;0.00;0.00;0;0.00;0.00;0.00;0.00;0;0.00;0.00;0.00;0.00;0;0.00;0.00;0.00;0.00;0;0.00;0.00;0.00;0.00;0;0.00;0.00;0.00;0.00;0;0.00;0.00;0.00;0.00;0;0.00;0.00;0.00;0.00;0;0.00;0.00;0.00;0.00;0;0.00;0.00;0.00;0.00;0;0.00;0.00;0.00;0.00;0;0.00;0.00;0.00;0.00;0;0.00;0.00;0.00;0.00;0;0.00;0.00;0.00;0.00;0;0.00;0.00;0.00;0.00;0;0.00;0.00;0.00;0.00;0;0.00;0.00;0.00;0.00;0;0.00;0.00;0.00;416.00;32;77.31;0.19;21.37;39.00;3;7.25;0.02;21.37;2763.84;220;447.86;1.37;18.63;117.00;9;21.74;0.08;21.37;858.69;71;115.60;0.33;15.48;155.88;12;28.89;0.08;21.31;627.55;45;114.88;0.28;21.05;1155.41;84;200.51;0.57;19.96;1531.33;112;259.34;0.50;19.48;477.80;35;80.40;0.15;19.35;1335.14;96;241.92;0.49;20.84;1331.52;98;219.62;0.44;18.97;163.93;12;27.66;0.09;19.41;775.87;58;119.39;0.29;17.70;1135.33;82;202.20;0.64;20.48;1537.75;115;236.20;0.94;17.66;737.85;55;115.05;0.46;17.93;1045.63;77;172.07;0.56;18.92;1639.30;120;276.63;0.79;19.41;887.46;64;158.99;0.45;20.60;2405.13;177;396.87;0.90;18.98;4057.27;303;627.23;1.19;17.78;1341.38;92;228.50;0.65;19.59;209.86;14;38.82;0.10;21.27
26706;POWER PLAY ORIGINAL;19;44884.08;3 105;14195.41;0.74;36.37;867.38;62;284.93;0.75;37.78;825.41;59;271.14;0.87;37.78;405.71;29;133.27;0.43;37.78;1049.25;75;347.22;1.14;38.06;783.44;56;257.36;0.76;37.78;741.47;53;243.57;0.71;37.78;1301.07;93;427.96;1.15;37.83;1021.27;73;335.48;0.72;37.78;727.48;52;238.98;0.56;37.78;2322.34;166;762.88;1.48;37.78;783.44;56;257.36;0.52;37.78;937.33;67;307.91;0.65;37.78;979.30;70;321.70;0.76;37.78;671.52;48;220.59;0.50;37.78;671.52;48;220.59;0.73;37.78;797.43;57;261.97;0.87;37.78;1509.84;117;352.54;1.03;26.85;1855.56;141;471.63;1.44;29.23;1273.09;91;401.93;1.09;36.31;831.42;60;220.75;0.60;30.53;697.58;53;199.00;0.54;32.81;951.32;68;317.59;0.62;38.39;1326.10;90;446.70;0.82;38.74;434.71;29;142.81;0.31;37.78;943.44;56;381.84;0.84;46.54;526.69;31;226.54;0.55;49.46;458.73;27;179.92;0.47;45.10;472.75;29;169.09;0.52;41.13;307.80;20;111.51;0.39;41.66;524.65;35;198.70;0.57;43.55;629.58;42;209.26;0.61;38.22;1109.26;74;364.42;0.88;37.78;1146.25;75;484.28;1.37;48.59;1806.87;113;813.66;1.56;51.79;686.77;43;263.69;0.50;44.16;911.43;57;347.54;0.70;43.85;1204.17;83;352.73;0.70;33.69;626.63;49;107.35;0.34;19.70;689.54;46;240.47;0.59;40.11;374.75;25;130.69;0.41;40.11;449.70;30;154.40;0.61;39.49;569.62;38;187.13;0.75;37.78;854.43;57;280.70;0.92;37.78;1323.17;91;228.71;0.66;19.88;509.66;34;87.30;0.25;19.70;2031.98;149;229.58;0.52;12.99;943.41;59;338.78;0.64;41.30;879.45;55;318.68;0.90;41.67;1138.37;74;342.55;0.88;34.60
26709;POWER PLAY PASSION PUNCH;19;11592.66;831;2526.90;0.13;25.07;587.58;42;111.44;0.29;21.81;321.77;23;61.03;0.20;21.81;55.96;4;10.61;0.03;21.81;223.84;16;48.14;0.16;24.73;433.69;31;93.26;0.28;24.73;223.84;16;48.14;0.14;24.73;153.89;11;33.09;0.09;24.73;458.87;33;96.85;0.21;24.27;656.83;47;140.79;0.33;24.65;923.34;66;198.56;0.38;24.73;685.51;49;147.42;0.30;24.73;559.60;40;120.34;0.25;24.73;573.59;41;123.35;0.29;24.73;363.74;26;78.22;0.18;24.73;69.95;5;15.04;0.05;24.73;13.99;1;3.01;0.01;24.73;628.24;49;102.06;0.30;18.68;575.72;44;99.10;0.30;19.79;195.86;14;51.55;0.14;30.27;433.69;31;117.64;0.32;31.19;623.69;50;110.45;0.30;20.37;601.57;43;139.28;0.27;26.63;70.95;5;16.99;0.03;27.54;0.00;0;0.00;0.00;0.00;403.76;24;127.17;0.28;36.22;0.00;0;0.00;0.00;0.00;0.00;0;0.00;0.00;0.00;133.92;8;46.37;0.14;39.82;219.87;15;51.11;0.18;26.73;215.19;18;23.69;0.07;12.66;404.73;27;94.38;0.27;26.82;59.96;4;14.36;0.03;27.55;314.79;21;94.02;0.27;34.35;164.89;11;50.94;0.10;35.52;239.84;16;58.49;0.11;28.04;0.00;0;0.00;0.00;0.00;0.00;0;0.00;0.00;0.00;0.00;0;0.00;0.00;0.00;0.00;0;0.00;0.00;0.00;0.00;0;0.00;0.00;0.00;0.00;0;0.00;0.00;0.00;0.00;0;0.00;0.00;0.00;0.00;0;0.00;0.00;0.00;0.00;0;0.00;0.00;0.00;0.00;0;0.00;0.00;0.00;0.00;0;0.00;0.00;0.00;0.00;0;0.00;0.00;0.00;0.00;0;0.00;0.00;0.00;0.00;0;0.00;0.00;0.00
26710;POWER PLAY MANGO;19;13675.40;960;3703.75;0.19;31.15;433.69;31;82.26;0.22;21.81;251.82;18;47.76;0.15;21.81;195.86;14;37.15;0.12;21.81;153.89;11;33.96;0.11;25.37;83.94;6;22.77;0.07;31.19;223.84;16;60.72;0.18;31.19;195.86;14;53.75;0.14;31.56;321.77;23;87.28;0.19;31.19;713.49;51;193.53;0.45;31.19;503.64;36;136.61;0.26;31.19;699.50;50;189.74;0.39;31.19;629.55;45;170.76;0.36;31.19;27.98;2;7.59;0.02;31.19;0.00;0;0.00;0.00;0.00;111.92;8;30.36;0.10;31.19;293.79;21;79.69;0.27;31.19;473.76;36;103.38;0.30;25.09;799.56;60;180.46;0.55;25.96;489.65;35;144.87;0.39;34.02;545.61;39;148.00;0.40;31.19;777.68;65;137.79;0.38;20.38;503.64;36;141.61;0.28;32.34;555.62;38;154.41;0.28;31.96;689.54;46;187.06;0.41;31.20;524.69;31;183.03;0.40;40.12;441.74;26;150.95;0.37;39.30;288.83;17;98.70;0.26;39.30;237.86;14;81.28;0.25;39.30;155.90;10;49.23;0.17;36.32;432.06;33;93.54;0.27;24.90;299.80;20;92.97;0.27;35.66;374.75;25;110.04;0.27;33.77;524.65;35;179.82;0.51;39.42;224.85;15;82.09;0.16;41.99;479.68;32;146.20;0.28;35.05;14.99;1;4.40;0.01;33.77;0.00;0;0.00;0.00;0.00;0.00;0;0.00;0.00;0.00;0.00;0;0.00;0.00;0.00;0.00;0;0.00;0.00;0.00;0.00;0;0.00;0.00;0.00;0.00;0;0.00;0.00;0.00;0.00;0;0.00;0.00;0.00;0.00;0;0.00;0.00;0.00;0.00;0;0.00;0.00;0.00;0.00;0;0.00;0.00;0.00;0.00;0;0.00;0.00;0.00;0.00;0;0.00;0.00;0.00;0.00;0;0.00;0.00;0.00
26711;MONSTER MUCHO LOCO;19;139237.15;8 064;27010.45;1.41;22.31;4370.11;289;590.09;1.54;15.53;3304.85;215;32.45;0.10;1.13;3615.66;237;556.61;1.78;17.70;3296.06;194;721.44;2.36;25.17;4131.93;258;811.11;2.41;22.57;3618.87;213;1260.69;3.70;40.06;2990.24;176;730.80;1.96;28.11;3814.78;222;1169.22;2.51;35.25;3777.90;210;950.41;2.21;28.93;4390.18;271;839.69;1.63;22.00;5196.72;319;321.20;0.65;7.11;4623.43;257;1445.27;3.05;35.95;5320.31;321;475.20;1.12;10.27;3180.27;173;901.89;2.04;32.61;0.00;0;0.00;0.00;0.00;1955.97;103;487.54;1.62;28.66;3815.69;214;884.17;2.58;26.65;4191.29;230;947.84;2.88;26.01;2634.81;144;521.25;1.42;22.75;3663.00;226;541.16;1.48;16.99;5523.32;323;607.57;1.66;12.65;3879.80;238;174.34;0.34;5.17;4504.28;262;804.18;1.47;20.53;2515.01;139;495.43;1.08;22.65;1446.65;79;327.82;0.72;26.06;1957.11;89;595.23;1.44;34.98;2300.75;125;446.45;1.16;22.32;1758.10;80;534.09;1.64;34.94;1976.31;102;556.07;1.93;32.36;1179.45;64;233.44;0.66;22.76;867.63;48;170.98;0.50;22.66;3317.00;195;476.57;1.15;16.52;1558.68;85;434.63;1.23;32.07;2091.13;115;583.79;1.12;32.11;3798.39;237;470.52;0.89;14.25;2472.21;140;551.16;1.11;25.64;2699.65;165;412.42;0.82;17.57;987.48;52;341.44;1.08;39.76;2480.17;142;542.49;1.33;25.15;1101.42;58;380.84;1.21;39.76;2358.39;141;396.12;1.57;19.32;2230.11;125;404.91;1.61;20.88;1666.67;104;169.33;0.55;11.68;2407.23;140;352.53;1.01;16.84;1461.44;83;319.24;0.90;25.12;2188.88;112;530.39;1.21;27.87;2859.05;155;618.71;1.17;24.89;1719.79;92;351.57;1.00;23.51;2038.98;102;540.17;1.38;30.47
26713;PREDATOR E/DRINK GOLD;19;1151.04;96;354.20;0.02;35.39;0.00;0;0.00;0.00;0.00;0.00;0;0.00;0.00;0.00;0.00;0;0.00;0.00;0.00;0.00;0;0.00;0.00;0.00;0.00;0;0.00;0.00;0.00;0.00;0;0.00;0.00;0.00;0.00;0;0.00;0.00;0.00;0.00;0;0.00;0.00;0.00;0.00;0;0.00;0.00;0.00;0.00;0;0.00;0.00;0.00;0.00;0;0.00;0.00;0.00;0.00;0;0.00;0.00;0.00;0.00;0;0.00;0.00;0.00;0.00;0;0.00;0.00;0.00;0.00;0;0.00;0.00;0.00;0.00;0;0.00;0.00;0.00;0.00;0;0.00;0.00;0.00;0.00;0;0.00;0.00;0.00;0.00;0;0.00;0.00;0.00;0.00;0;0.00;0.00;0.00;0.00;0;0.00;0.00;0.00;0.00;0;0.00;0.00;0.00;0.00;0;0.00;0.00;0.00;0.00;0;0.00;0.00;0.00;0.00;0;0.00;0.00;0.00;0.00;0;0.00;0.00;0.00;0.00;0;0.00;0.00;0.00;0.00;0;0.00;0.00;0.00;0.00;0;0.00;0.00;0.00;0.00;0;0.00;0.00;0.00;0.00;0;0.00;0.00;0.00;191.84;16;59.03;0.14;35.39;515.57;43;158.65;0.45;35.39;155.87;13;47.96;0.09;35.39;0.00;0;0.00;0.00;0.00;0.00;0;0.00;0.00;0.00;0.00;0;0.00;0.00;0.00;0.00;0;0.00;0.00;0.00;287.76;24;88.55;0.22;35.39;0.00;0;0.00;0.00;0.00;0.00;0;0.00;0.00;0.00;0.00;0;0.00;0.00;0.00;0.00;0;0.00;0.00;0.00;0.00;0;0.00;0.00;0.00;0.00;0;0.00;0.00;0.00;0.00;0;0.00;0.00;0.00;0.00;0;0.00;0.00;0.00;0.00;0;0.00;0.00;0.00;0.00;0;0.00;0.00;0.00
26714;BONAQUA PUMP BERRY;19;39976.78;2 913;8006.75;0.42;23.03;1154.45;105;239.36;0.63;23.84;836.00;76;173.60;0.56;23.88;911.90;83;188.63;0.60;23.79;484.00;44;100.50;0.33;23.88;394.90;36;81.27;0.24;23.67;770.00;70;159.89;0.47;23.88;517.00;47;107.36;0.29;23.88;790.90;72;163.50;0.35;23.77;781.00;71;162.18;0.38;23.88;1037.99;95;239.76;0.46;26.56;803.00;73;166.74;0.34;23.88;933.33;72;191.90;0.41;23.64;298.77;23;61.84;0.15;23.80;571.82;44;118.53;0.27;23.84;285.35;22;58.78;0.19;23.69;0.00;0;0.00;0.00;0.00;299.00;23;62.04;0.18;23.86;700.05;54;143.97;0.44;23.65;819.00;63;169.94;0.46;23.86;962.00;74;199.61;0.55;23.86;674.70;52;139.14;0.38;23.72;1234.43;95;255.77;0.50;23.83;649.50;50;134.44;0.25;23.80;609.88;47;128.12;0.28;24.16;1115.82;77;239.94;0.53;24.73;720.00;48;149.32;0.36;23.85;645.00;43;133.77;0.35;23.85;675.00;45;139.99;0.43;23.85;795.00;53;164.88;0.57;23.85;687.29;46;140.75;0.40;23.55;852.93;57;175.52;0.51;23.67;1138.28;72;233.69;0.56;23.61;1119.30;70;231.77;0.66;23.81;1339.96;84;275.34;0.53;23.63;1007.37;63;208.59;0.40;23.81;1836.95;115;379.11;0.77;23.73;991.38;62;205.28;0.41;23.81;255.84;16;52.98;0.17;23.81;431.73;27;89.40;0.22;23.81;557.10;35;113.67;0.36;23.46;590.83;37;121.81;0.48;23.71;559.65;35;115.88;0.46;23.81;783.51;49;162.24;0.53;23.81;1015.38;67;173.18;0.50;19.61;1608.23;107;264.97;0.75;18.95;1182.09;91;63.91;0.15;6.22;1168.26;74;231.97;0.44;22.83;1246.42;78;257.56;0.73;23.76;1134.49;71;234.38;0.60;23.76
26715;BONAQUA PUMP PEACH;19;45379.44;3 336;9224.81;0.48;23.38;1208.90;110;250.30;0.65;23.81;1045.00;95;217.00;0.70;23.88;263.45;24;54.34;0.17;23.72;768.35;70;158.46;0.52;23.72;747.45;68;154.84;0.46;23.82;1144.00;104;237.55;0.70;23.88;781.00;71;162.18;0.44;23.88;1144.00;104;237.55;0.51;23.88;803.00;73;166.74;0.39;23.88;704.00;64;179.17;0.35;29.27;999.99;91;206.98;0.42;23.80;639.55;50;132.42;0.28;23.81;1247.04;96;258.12;0.61;23.80;1023.32;78;218.51;0.49;24.56;673.53;52;138.12;0.45;23.58;1083.22;83;227.56;0.76;24.16;839.80;65;170.81;0.50;23.39;1061.93;82;217.65;0.66;23.57;779.40;60;161.33;0.44;23.80;939.58;72;197.33;0.54;24.15;1142.70;88;236.25;0.65;23.78;883.51;68;183.00;0.36;23.82;1155.46;89;238.74;0.44;23.76;737.83;57;151.00;0.33;23.54;1262.37;86;260.75;0.58;23.75;720.00;48;149.32;0.36;23.85;959.25;64;198.45;0.52;23.79;779.25;52;161.12;0.49;23.78;897.00;60;184.05;0.64;23.60;898.68;60;185.51;0.53;23.74;688.04;46;141.40;0.41;23.63;1706.92;108;350.10;0.84;23.59;1263.21;79;261.57;0.74;23.81;879.45;55;182.10;0.35;23.81;2046.72;128;423.80;0.80;23.81;607.62;38;125.82;0.25;23.81;942.46;59;194.52;0.39;23.74;797.90;50;164.16;0.52;23.66;797.60;50;163.90;0.40;23.63;590.68;37;121.68;0.39;23.69;367.77;23;76.15;0.30;23.81;703.56;44;145.68;0.58;23.81;478.75;30;98.50;0.32;23.66;985.60;65;168.47;0.48;19.66;1079.28;72;175.78;0.50;18.73;983.28;72;92.30;0.21;10.80;1113.30;70;226.55;0.43;23.40;1103.31;69;228.46;0.65;23.81;911.43;57;188.72;0.48;23.81
26716;BONAQUA PUMP LEMON;19;44176.15;3 245;8972.04;0.47;23.36;944.90;86;195.48;0.51;23.79;846.45;77;175.40;0.56;23.83;635.80;58;130.57;0.42;23.62;472.45;43;97.74;0.32;23.79;525.80;48;107.73;0.32;23.56;594.00;54;123.34;0.36;23.88;780.45;71;161.70;0.43;23.83;825.00;75;171.31;0.37;23.88;913.00;83;189.59;0.44;23.88;1034.00;94;243.58;0.47;27.09;1165.89;105;249.31;0.51;24.59;910.28;72;205.00;0.43;25.90;774.55;60;157.11;0.37;23.33;1363.74;104;290.75;0.66;24.52;662.35;51;137.01;0.45;23.79;247.00;19;51.25;0.17;23.86;572.00;44;118.69;0.35;23.86;845.00;65;175.34;0.53;23.86;871.00;67;180.73;0.49;23.86;1363.70;105;282.11;0.77;23.79;1325.35;102;274.58;0.75;23.83;857.64;66;177.72;0.35;23.83;1686.75;130;347.85;0.64;23.72;1216.17;93;257.10;0.56;24.31;1145.40;78;233.19;0.52;23.41;1179.99;79;241.41;0.58;23.53;885.00;59;183.54;0.48;23.85;732.75;49;150.48;0.46;23.62;420.00;28;87.11;0.30;23.85;1054.43;71;211.68;0.60;23.09;929.52;63;182.53;0.53;22.58;1075.57;68;219.55;0.53;23.47;1087.32;68;225.14;0.64;23.81;1103.31;69;228.46;0.44;23.81;687.57;43;142.37;0.27;23.81;1470.13;92;303.78;0.61;23.76;1069.43;67;220.18;0.44;23.68;892.89;56;183.20;0.58;23.59;367.77;23;76.15;0.19;23.81;287.82;18;59.60;0.19;23.81;700.71;44;143.20;0.57;23.50;831.48;52;172.17;0.69;23.81;623.61;39;129.13;0.42;23.81;710.78;47;120.18;0.34;19.44;839.44;56;136.72;0.39;18.73;855.36;64;65.81;0.15;8.85;1649.94;106;311.83;0.59;21.73;911.43;57;188.72;0.54;23.81;1231.23;77;254.94;0.65;23.81
26745;COCA COLA NO SUGAR NO CAF;19;1456.41;127;114.06;0.01;9.01;689.54;46;70.20;0.18;11.71;631.96;72;30.73;0.10;5.59;119.92;8;11.11;0.04;10.65;14.99;1;2.02;0.01;15.52;0.00;0;0.00;0.00;0.00;0.00;0;0.00;0.00;0.00;0.00;0;0.00;0.00;0.00;0.00;0;0.00;0.00;0.00;0.00;0;0.00;0.00;0.00;0.00;0;0.00;0.00;0.00;0.00;0;0.00;0.00;0.00;0.00;0;0.00;0.00;0.00;0.00;0;0.00;0.00;0.00;0.00;0;0.00;0.00;0.00;0.00;0;0.00;0.00;0.00;0.00;0;0.00;0.00;0.00;0.00;0;0.00;0.00;0.00;0.00;0;0.00;0.00;0.00;0.00;0;0.00;0.00;0.00;0.00;0;0.00;0.00;0.00;0.00;0;0.00;0.00;0.00;0.00;0;0.00;0.00;0.00;0.00;0;0.00;0.00;0.00;0.00;0;0.00;0.00;0.00;0.00;0;0.00;0.00;0.00;0.00;0;0.00;0.00;0.00;0.00;0;0.00;0.00;0.00;0.00;0;0.00;0.00;0.00;0.00;0;0.00;0.00;0.00;0.00;0;0.00;0.00;0.00;0.00;0;0.00;0.00;0.00;0.00;0;0.00;0.00;0.00;0.00;0;0.00;0.00;0.00;0.00;0;0.00;0.00;0.00;0.00;0;0.00;0.00;0.00;0.00;0;0.00;0.00;0.00;0.00;0;0.00;0.00;0.00;0.00;0;0.00;0.00;0.00;0.00;0;0.00;0.00;0.00;0.00;0;0.00;0.00;0.00;0.00;0;0.00;0.00;0.00;0.00;0;0.00;0.00;0.00;0.00;0;0.00;0.00;0.00;0.00;0;0.00;0.00;0.00;0.00;0;0.00;0.00;0.00;0.00;0;0.00;0.00;0.00;0.00;0;0.00;0.00;0.00;0.00;0;0.00;0.00;0.00;0.00;0;0.00;0.00;0.00
26746;COCA COLA NO SUGAR NO CAF;19;9810.10;764;1759.54;0.09;20.63;0.00;0;0.00;0.00;0.00;0.00;0;0.00;0.00;0.00;0.00;0;0.00;0.00;0.00;0.00;0;0.00;0.00;0.00;0.00;0;0.00;0.00;0.00;0.00;0;0.00;0.00;0.00;0.00;0;0.00;0.00;0.00;0.00;0;0.00;0.00;0.00;0.00;0;0.00;0.00;0.00;288.00;24;52.70;0.10;21.04;468.00;39;85.64;0.17;21.04;461.70;36;84.31;0.18;21.00;272.79;21;49.80;0.12;20.99;311.96;24;57.08;0.13;21.04;455.00;35;83.30;0.27;21.05;299.00;23;54.74;0.18;21.05;403.00;31;73.78;0.22;21.05;520.00;40;95.20;0.29;21.05;676.00;55;96.98;0.26;16.50;819.00;63;149.93;0.41;21.05;520.00;40;95.20;0.26;21.05;606.56;47;107.99;0.21;20.48;910.00;70;166.59;0.31;21.05;1124.65;87;201.53;0.44;20.61;673.44;52;121.53;0.27;20.75;806.00;62;147.55;0.36;21.05;195.00;15;35.70;0.09;21.05;0.00;0;0.00;0.00;0.00;0.00;0;0.00;0.00;0.00;0.00;0;0.00;0.00;0.00;0.00;0;0.00;0.00;0.00;0.00;0;0.00;0.00;0.00;0.00;0;0.00;0.00;0.00;0.00;0;0.00;0.00;0.00;0.00;0;0.00;0.00;0.00;0.00;0;0.00;0.00;0.00;0.00;0;0.00;0.00;0.00;0.00;0;0.00;0.00;0.00;0.00;0;0.00;0.00;0.00;0.00;0;0.00;0.00;0.00;0.00;0;0.00;0.00;0.00;0.00;0;0.00;0.00;0.00;0.00;0;0.00;0.00;0.00;0.00;0;0.00;0.00;0.00;0.00;0;0.00;0.00;0.00;0.00;0;0.00;0.00;0.00;0.00;0;0.00;0.00;0.00;0.00;0;0.00;0.00;0.00;0.00;0;0.00;0.00;0.00
26747;COCA COLA NO SUGAR NO CAF;19;62379.79;4 084;10203.59;0.53;18.81;390.00;26;74.27;0.19;21.90;300.00;20;57.13;0.18;21.90;270.00;18;51.41;0.16;21.90;434.84;29;89.22;0.29;23.59;395.80;28;58.94;0.17;17.12;239.84;16;45.56;0.13;21.85;419.72;28;85.87;0.23;23.53;659.56;44;125.30;0.27;21.85;809.46;54;153.77;0.36;21.85;973.60;65;184.45;0.36;21.79;1237.42;83;230.49;0.47;21.42;1526.73;102;234.85;0.50;17.69;1644.00;110;238.74;0.56;16.70;1119.00;75;161.12;0.36;16.56;998.25;67;142.72;0.47;16.44;896.25;60;129.81;0.43;16.66;1072.50;72;153.16;0.45;16.42;937.89;63;133.54;0.41;16.37;715.77;48;102.78;0.28;16.51;743.85;50;105.54;0.29;16.32;1764.00;118;256.49;0.70;16.72;1089.41;73;157.04;0.31;16.58;1439.03;97;201.24;0.37;16.08;1798.43;117;297.25;0.65;19.01;2096.10;125;486.46;1.08;26.69;1439.90;85;336.62;0.82;26.88;1722.10;102;393.26;1.02;26.26;1097.35;65;250.55;0.77;26.26;1081.20;64;255.50;0.89;27.18;1454.81;97;215.59;0.61;17.04;1896.98;127;274.69;0.80;16.65;1569.45;105;234.96;0.57;17.22;1640.65;110;235.83;0.67;16.53;1838.52;123;267.16;0.51;16.71;1898.53;127;312.81;0.59;18.95;1271.20;96;91.90;0.19;8.31;1638.17;103;309.45;0.62;21.72;1349.55;85;253.34;0.80;21.59;1354.35;85;257.52;0.63;21.87;893.84;56;179.50;0.57;23.09;984.20;65;164.73;0.65;19.25;1447.28;97;208.42;0.83;16.56;1072.53;72;153.19;0.50;16.43;1400.06;94;199.83;0.57;16.41;1371.58;92;196.72;0.56;16.49;1555.96;104;227.14;0.52;16.79;3091.68;207;447.51;0.85;16.65;2001.34;126;293.87;0.83;16.89;3337.11;209;486.33;1.24;16.76
26748;COCA COLA NO SUGAR NO CAF;19;117885.39;5 853;18994.59;0.99;18.53;4341.23;217;590.60;1.55;15.65;4144.04;219;605.05;1.95;16.79;4605.81;259;448.47;1.43;11.20;3315.65;175;410.67;1.35;14.24;4101.48;233;258.30;0.77;7.24;4092.91;238;423.16;1.24;11.89;3911.94;206;541.90;1.46;15.93;3854.97;203;906.48;1.95;27.04;5100.12;278;487.76;1.13;11.00;6703.47;353;895.28;1.74;15.36;3532.14;186;430.55;0.87;14.02;2652.33;142;107.76;0.23;4.67;5000.66;240;776.97;1.83;17.87;4928.80;230;1000.81;2.26;23.35;4209.93;211;715.21;2.36;19.54;3887.00;169;866.49;2.88;25.64;3680.00;160;836.17;2.44;26.13;4031.67;206;606.98;1.85;17.31;4099.88;212;454.86;1.24;12.76;4469.96;204;852.86;2.33;21.94;5431.53;247;1221.37;3.34;25.86;5532.27;273;871.72;1.71;18.12;5954.88;261;1296.34;2.38;25.03;5841.91;273;1092.26;2.37;21.50;4573.82;202;984.91;2.18;24.76;2599.00;113;579.37;1.40;25.64;3151.00;137;702.42;1.83;25.64;115.00;5;25.64;0.08;25.64;0.00;0;0.00;0.00;0.00;21.99;1;4.25;0.01;22.22;0.00;0;0.00;0.00;0.00;0.00;0;0.00;0.00;0.00;0.00;0;0.00;0.00;0.00;0.00;0;0.00;0.00;0.00;0.00;0;0.00;0.00;0.00;0.00;0;0.00;0.00;0.00;0.00;0;0.00;0.00;0.00;0.00;0;0.00;0.00;0.00;0.00;0;0.00;0.00;0.00;0.00;0;0.00;0.00;0.00;0.00;0;0.00;0.00;0.00;0.00;0;0.00;0.00;0.00;0.00;0;0.00;0.00;0.00;0.00;0;0.00;0.00;0.00;0.00;0;0.00;0.00;0.00;0.00;0;0.00;0.00;0.00;0.00;0;0.00;0.00;0.00;0.00;0;0.00;0.00;0.00;0.00;0;0.00;0.00;0.00
26753;MONSTER ENER&JCE PIPELINE;19;36345.38;2 230;8598.42;0.45;27.21;4150.50;280;830.03;2.17;23.00;2790.22;178;560.42;1.80;23.10;3741.67;247;832.31;2.66;25.58;2923.50;180;550.99;1.81;21.67;3419.00;213;765.17;2.27;25.74;2801.65;165;997.45;2.93;40.94;3234.39;191;792.45;2.13;28.18;3017.55;175;966.46;2.08;36.83;3016.92;168;705.69;1.64;26.90;1070.49;73;118.44;0.23;12.72;2437.57;152;329.07;0.67;15.52;3741.92;208;1149.94;2.43;35.34;0.00;0;0.00;0.00;0.00;0.00;0;0.00;0.00;0.00;0.00;0;0.00;0.00;0.00;0.00;0;0.00;0.00;0.00;0.00;0;0.00;0.00;0.00;0.00;0;0.00;0.00;0.00;0.00;0;0.00;0.00;0.00;0.00;0;0.00;0.00;0.00;0.00;0;0.00;0.00;0.00;0.00;0;0.00;0.00;0.00;0.00;0;0.00;0.00;0.00;0.00;0;0.00;0.00;0.00;0.00;0;0.00;0.00;0.00;0.00;0;0.00;0.00;0.00;0.00;0;0.00;0.00;0.00;0.00;0;0.00;0.00;0.00;0.00;0;0.00;0.00;0.00;0.00;0;0.00;0.00;0.00;0.00;0;0.00;0.00;0.00;0.00;0;0.00;0.00;0.00;0.00;0;0.00;0.00;0.00;0.00;0;0.00;0.00;0.00;0.00;0;0.00;0.00;0.00;0.00;0;0.00;0.00;0.00;0.00;0;0.00;0.00;0.00;0.00;0;0.00;0.00;0.00;0.00;0;0.00;0.00;0.00;0.00;0;0.00;0.00;0.00;0.00;0;0.00;0.00;0.00;0.00;0;0.00;0.00;0.00;0.00;0;0.00;0.00;0.00;0.00;0;0.00;0.00;0.00;0.00;0;0.00;0.00;0.00;0.00;0;0.00;0.00;0.00;0.00;0;0.00;0.00;0.00;0.00;0;0.00;0.00;0.00;0.00;0;0.00;0.00;0.00
26765;SCHWEPPES DRY LEMON;19;46774.66;2 495;8927.48;0.47;21.95;926.40;58;175.19;0.46;21.75;847.20;53;160.66;0.52;21.81;752.00;47;143.09;0.46;21.88;685.70;41;129.52;0.42;21.72;815.52;48;154.75;0.46;21.82;798.53;47;151.52;0.44;21.82;611.64;36;116.06;0.31;21.82;1053.38;62;199.88;0.43;21.82;798.53;47;151.52;0.35;21.82;1359.20;80;257.91;0.50;21.82;1189.30;70;225.67;0.46;21.82;832.51;49;157.97;0.33;21.82;1002.41;59;190.21;0.45;21.82;916.49;51;173.14;0.39;21.73;881.51;49;167.19;0.55;21.81;647.64;36;122.83;0.41;21.81;611.66;34;116.01;0.34;21.81;935.48;52;177.43;0.54;21.81;989.45;55;197.84;0.54;22.99;170.91;9;43.92;0.12;29.56;1712.82;93;331.62;0.91;22.27;1823.04;96;383.65;0.75;24.20;1481.22;78;280.81;0.51;21.80;1272.33;67;241.21;0.52;21.80;835.90;44;158.70;0.35;21.83;1178.00;62;223.75;0.54;21.84;817.00;43;155.18;0.40;21.84;627.00;33;119.09;0.37;21.84;912.00;48;173.23;0.60;21.84;740.64;39;149.65;0.43;23.24;1246.63;71;167.21;0.49;15.43;1394.30;70;262.87;0.63;21.68;1259.37;63;253.02;0.72;23.10;1799.10;90;341.59;0.65;21.83;1019.49;51;218.00;0.41;24.59;999.50;50;208.34;0.42;23.97;979.51;49;185.62;0.37;21.79;699.65;35;132.59;0.42;21.79;499.75;25;94.71;0.23;21.79;619.69;31;125.92;0.40;23.37;479.76;24;92.22;0.37;22.11;639.68;32;121.22;0.48;21.79;619.69;31;114.71;0.37;21.29;817.62;38;143.26;0.41;20.15;395.82;18;74.96;0.21;21.78;1649.25;75;312.34;0.71;21.78;1451.34;66;274.86;0.52;21.78;813.63;37;154.09;0.44;21.78;1165.47;53;220.72;0.56;21.78
26766;SCHWEPPES DRY LEMON CAN;19;4781.67;490;787.69;0.04;18.94;195.98;22;32.16;0.08;18.87;114.98;13;18.28;0.06;18.29;9.00;1;1.54;0.00;19.70;141.98;16;22.91;0.08;18.56;301.96;34;48.90;0.15;18.62;99.00;11;16.96;0.05;19.70;90.00;10;15.42;0.04;19.70;153.00;17;26.21;0.06;19.70;126.00;14;21.58;0.05;19.70;135.00;15;23.12;0.04;19.70;45.00;5;7.71;0.02;19.70;126.00;14;21.58;0.05;19.70;0.00;0;0.00;0.00;0.00;20.00;2;3.42;0.01;19.69;153.98;15;29.14;0.10;21.76;100.00;10;17.12;0.06;19.69;30.00;3;5.14;0.01;19.69;10.00;1;1.71;0.01;19.69;40.00;4;6.85;0.02;19.69;110.00;11;18.83;0.05;19.69;40.00;4;6.85;0.02;19.69;80.00;8;13.70;0.03;19.69;151.99;15;27.41;0.05;20.74;150.00;15;25.68;0.06;19.69;70.00;7;11.98;0.03;19.69;80.00;8;13.70;0.03;19.69;10.00;1;1.71;0.00;19.69;30.00;3;5.14;0.02;19.69;10.00;1;1.71;0.01;19.69;90.00;9;15.41;0.04;19.69;30.00;3;5.14;0.01;19.69;40.00;4;6.85;0.02;19.69;200.00;20;34.24;0.10;19.69;10.00;1;1.71;0.00;19.69;290.00;29;49.65;0.09;19.69;249.98;24;49.77;0.10;22.89;124.99;12;24.88;0.05;22.89;90.00;9;15.41;0.05;19.69;30.00;3;5.14;0.01;19.69;64.99;6;14.61;0.05;25.85;30.00;3;5.14;0.02;19.69;30.00;3;5.14;0.02;19.69;50.00;5;5.06;0.02;11.64;50.00;5;5.06;0.01;11.64;259.98;25;33.99;0.10;15.03;140.00;14;14.17;0.03;11.64;130.00;13;13.16;0.02;11.64;151.94;14;20.36;0.06;15.41;95.92;8;16.35;0.04;19.60
26768;SCHWEPPES DRY LEMON;19;8045.84;631;1545.23;0.08;22.09;110.00;10;20.47;0.05;21.40;77.00;7;14.33;0.05;21.40;114.99;11;17.29;0.06;17.29;44.00;4;8.19;0.03;21.40;66.00;6;12.28;0.04;21.40;55.00;5;10.23;0.03;21.40;77.00;7;14.33;0.04;21.40;88.00;8;16.38;0.04;21.40;143.00;13;26.61;0.06;21.40;341.00;31;63.46;0.12;21.40;231.00;21;42.99;0.09;21.40;233.92;20;40.71;0.09;20.01;215.82;18;40.01;0.09;21.32;305.91;24;69.13;0.16;25.99;23.98;2;4.45;0.01;21.32;23.98;2;4.45;0.01;21.32;47.96;4;8.89;0.03;21.32;77.99;6;18.60;0.06;27.42;59.95;5;11.11;0.03;21.32;155.87;13;28.89;0.08;21.32;377.85;30;82.46;0.23;25.10;563.75;45;121.06;0.24;24.70;227.81;19;42.23;0.08;21.32;491.81;39;107.73;0.23;25.19;181.99;14;33.81;0.07;21.37;39.00;3;7.25;0.02;21.37;65.00;5;12.08;0.03;21.37;52.00;4;9.66;0.03;21.37;65.00;5;12.08;0.04;21.37;142.90;11;26.49;0.08;21.32;129.90;10;24.07;0.07;21.31;177.87;13;31.58;0.08;20.42;167.88;12;31.10;0.09;21.30;415.75;30;74.31;0.14;20.55;177.92;13;30.25;0.06;19.56;233.88;17;40.62;0.08;19.97;247.87;18;43.21;0.09;20.05;97.93;7;18.14;0.06;21.30;69.95;5;12.96;0.03;21.30;69.95;5;12.96;0.04;21.30;83.94;6;15.55;0.06;21.30;163.93;12;27.66;0.11;19.41;205.90;15;35.44;0.12;19.79;111.92;8;20.73;0.06;21.30;246.29;16;60.99;0.17;28.48;209.85;15;38.87;0.09;21.30;265.81;19;49.24;0.09;21.30;134.91;9;24.95;0.07;21.27;134.91;9;24.95;0.06;21.27
26773;MONSTER ENERGY ULTRA VIOL;19;19345.31;1 131;4307.66;0.23;25.61;961.34;66;175.35;0.46;20.98;742.51;49;115.77;0.37;17.93;713.71;46;120.83;0.39;19.47;645.62;38;173.97;0.57;30.99;992.01;60;231.58;0.69;26.85;492.71;29;178.41;0.52;41.64;678.75;40;200.18;0.54;33.92;728.58;42;219.46;0.47;34.64;1097.39;61;260.53;0.61;27.30;1512.41;93;283.73;0.55;21.57;1150.66;68;162.23;0.33;16.21;557.69;31;162.47;0.34;33.50;1181.56;70;256.20;0.60;24.94;1165.37;63;326.23;0.74;32.19;541.86;32;72.27;0.24;15.34;151.92;8;52.10;0.17;39.44;18.99;1;6.51;0.02;39.44;0.00;0;0.00;0.00;0.00;360.96;23;40.05;0.11;12.76;545.89;35;74.40;0.20;15.67;1353.56;80;259.50;0.71;22.05;507.78;28;103.02;0.20;23.33;901.64;48;239.35;0.44;30.53;857.69;47;163.11;0.35;21.87;561.13;31;133.93;0.30;27.45;857.61;39;278.67;0.68;37.37;65.97;3;17.78;0.05;31.00;0.00;0;0.00;0.00;0.00;0.00;0;0.00;0.00;0.00;0.00;0;0.00;0.00;0.00;0.00;0;0.00;0.00;0.00;0.00;0;0.00;0.00;0.00;0.00;0;0.00;0.00;0.00;0.00;0;0.00;0.00;0.00;0.00;0;0.00;0.00;0.00;0.00;0;0.00;0.00;0.00;0.00;0;0.00;0.00;0.00;0.00;0;0.00;0.00;0.00;0.00;0;0.00;0.00;0.00;0.00;0;0.00;0.00;0.00;0.00;0;0.00;0.00;0.00;0.00;0;0.00;0.00;0.00;0.00;0;0.00;0.00;0.00;0.00;0;0.00;0.00;0.00;0.00;0;0.00;0.00;0.00;0.00;0;0.00;0.00;0.00;0.00;0;0.00;0.00;0.00;0.00;0;0.00;0.00;0.00;0.00;0;0.00;0.00;0.00
26774;MONSTER ENERGY ULTRA PARA;19;17557.63;1 031;3734.35;0.20;24.46;911.36;64;127.34;0.33;16.07;731.52;48;110.25;0.36;17.33;769.70;50;111.62;0.36;16.68;713.58;42;181.87;0.60;29.31;923.61;57;220.85;0.66;27.50;559.82;33;197.33;0.58;40.54;288.83;17;88.24;0.24;35.13;169.90;10;50.17;0.11;33.96;0.00;0;0.00;0.00;0.00;702.62;45;91.04;0.18;14.90;968.67;58;123.42;0.25;14.65;593.67;33;168.44;0.36;32.63;836.71;50;172.40;0.41;23.69;705.62;38;216.22;0.49;35.24;728.69;41;201.08;0.66;31.73;398.79;21;110.07;0.37;31.74;53.98;3;11.81;0.03;25.16;472.81;26;137.73;0.42;33.50;742.83;45;96.38;0.26;14.92;290.95;19;20.15;0.06;7.96;775.88;44;181.29;0.50;26.87;1321.08;80;131.72;0.26;11.47;671.51;37;183.78;0.34;31.47;574.55;32;123.06;0.27;24.63;385.75;20;98.29;0.22;29.30;373.83;17;124.54;0.30;38.31;433.17;23;80.83;0.21;21.46;174.82;8;46.47;0.14;30.57;240.71;12;72.85;0.25;34.80;346.94;19;92.45;0.26;30.64;578.79;33;123.62;0.36;24.56;116.94;6;39.07;0.09;38.43;0.00;0;0.00;0.00;0.00;0.00;0;0.00;0.00;0.00;0.00;0;0.00;0.00;0.00;0.00;0;0.00;0.00;0.00;0.00;0;0.00;0.00;0.00;0.00;0;0.00;0.00;0.00;0.00;0;0.00;0.00;0.00;0.00;0;0.00;0.00;0.00;0.00;0;0.00;0.00;0.00;0.00;0;0.00;0.00;0.00;0.00;0;0.00;0.00;0.00;0.00;0;0.00;0.00;0.00;0.00;0;0.00;0.00;0.00;0.00;0;0.00;0.00;0.00;0.00;0;0.00;0.00;0.00;0.00;0;0.00;0.00;0.00;0.00;0;0.00;0.00;0.00
32007;COCA COLA ZERO;19;53018.15;4 262;9840.78;0.51;21.35;1365.00;114;247.72;0.65;20.87;1062.60;89;190.74;0.61;20.64;1294.80;108;236.65;0.76;21.02;1107.32;93;204.86;0.67;21.28;1162.64;97;220.37;0.65;21.80;1884.00;157;358.89;1.05;21.91;1932.00;161;368.03;0.99;21.91;2220.00;185;422.89;0.91;21.91;2916.00;243;555.47;1.29;21.91;3528.00;294;672.05;1.30;21.91;3096.00;258;589.76;1.20;21.91;1761.66;144;358.44;0.76;23.40;3143.58;242;690.31;1.62;25.25;2287.23;176;435.34;0.98;21.89;1768.00;136;336.91;1.11;21.91;1235.00;95;235.34;0.78;21.91;1313.00;101;250.21;0.73;21.91;1378.00;106;262.59;0.80;21.91;2155.07;182;257.91;0.70;13.76;884.00;68;168.46;0.46;21.91;1844.50;143;341.06;0.93;21.26;2857.18;228;467.46;0.92;18.81;2509.00;193;478.12;0.88;21.91;3497.02;273;627.21;1.36;20.63;3152.55;248;546.88;1.21;19.95;1625.00;125;309.66;0.75;21.91;0.00;0;0.00;0.00;0.00;0.00;0;0.00;0.00;0.00;0.00;0;0.00;0.00;0.00;13.00;1;2.48;0.01;21.91;13.00;1;2.48;0.01;21.91;0.00;0;0.00;0.00;0.00;0.00;0;0.00;0.00;0.00;0.00;0;0.00;0.00;0.00;0.00;0;0.00;0.00;0.00;0.00;0;0.00;0.00;0.00;0.00;0;0.00;0.00;0.00;0.00;0;0.00;0.00;0.00;0.00;0;0.00;0.00;0.00;0.00;0;0.00;0.00;0.00;0.00;0;0.00;0.00;0.00;0.00;0;0.00;0.00;0.00;0.00;0;0.00;0.00;0.00;13.00;1;2.48;0.01;21.91;0.00;0;0.00;0.00;0.00;0.00;0;0.00;0.00;0.00;0.00;0;0.00;0.00;0.00;0.00;0;0.00;0.00;0.00;0.00;0;0.00;0.00;0.00
32008;COKE LIGHT;19;14042.92;1 126;2566.35;0.13;21.02;1415.40;118;258.59;0.68;21.01;1152.00;96;210.81;0.68;21.04;911.40;76;167.27;0.53;21.11;1020.00;85;194.29;0.64;21.91;371.32;31;70.18;0.21;21.73;12.00;1;2.29;0.01;21.91;0.00;0;0.00;0.00;0.00;0.00;0;0.00;0.00;0.00;0.00;0;0.00;0.00;0.00;264.00;22;50.29;0.10;21.91;600.00;50;114.29;0.23;21.91;12.99;1;2.47;0.01;21.85;298.77;23;56.78;0.13;21.85;221.00;17;42.11;0.10;21.91;585.00;45;111.48;0.37;21.91;312.00;24;59.46;0.20;21.91;390.00;30;74.32;0.22;21.91;689.00;53;131.30;0.40;21.91;825.37;71;86.51;0.24;12.05;494.00;38;94.14;0.26;21.91;676.00;52;128.82;0.35;21.91;686.95;54;120.10;0.24;20.11;676.00;52;128.82;0.24;21.91;741.00;57;141.21;0.31;21.91;622.72;48;117.70;0.26;21.74;897.00;69;170.93;0.41;21.91;169.00;13;32.21;0.08;21.91;0.00;0;0.00;0.00;0.00;0.00;0;0.00;0.00;0.00;0.00;0;0.00;0.00;0.00;0.00;0;0.00;0.00;0.00;0.00;0;0.00;0.00;0.00;0.00;0;0.00;0.00;0.00;0.00;0;0.00;0.00;0.00;0.00;0;0.00;0.00;0.00;0.00;0;0.00;0.00;0.00;0.00;0;0.00;0.00;0.00;0.00;0;0.00;0.00;0.00;0.00;0;0.00;0.00;0.00;0.00;0;0.00;0.00;0.00;0.00;0;0.00;0.00;0.00;0.00;0;0.00;0.00;0.00;0.00;0;0.00;0.00;0.00;0.00;0;0.00;0.00;0.00;0.00;0;0.00;0.00;0.00;0.00;0;0.00;0.00;0.00;0.00;0;0.00;0.00;0.00;0.00;0;0.00;0.00;0.00;0.00;0;0.00;0.00;0.00
32073;B/AQUA PUMP PREMIUM STILL;19;64504.43;4 824;14378.10;0.75;25.63;2904.00;264;669.22;1.75;26.50;1658.80;151;380.86;1.23;26.40;1153.35;105;264.73;0.84;26.40;934.45;85;214.99;0.70;26.46;923.45;84;212.46;0.63;26.46;1479.00;141;294.82;0.87;22.92;1264.45;115;291.04;0.78;26.47;1658.80;151;380.86;0.82;26.40;1626.35;148;373.73;0.87;26.43;1384.90;126;318.44;0.62;26.44;1782.00;162;410.66;0.83;26.50;1775.00;152;354.83;0.75;22.99;1810.49;151;319.92;0.75;20.32;1595.32;128;323.89;0.73;23.35;1076.40;83;246.49;0.81;26.33;546.00;42;125.87;0.42;26.51;234.00;18;53.95;0.16;26.51;272.79;21;62.75;0.19;26.46;661.84;51;151.84;0.41;26.38;791.74;61;181.72;0.50;26.39;1104.15;85;254.00;0.69;26.46;961.26;74;221.13;0.43;26.46;1397.97;108;318.43;0.58;26.19;1116.49;86;256.43;0.56;26.41;1510.26;109;285.16;0.63;21.71;1269.99;85;310.09;0.75;28.08;1386.96;94;305.11;0.80;25.30;705.00;47;162.57;0.50;26.52;974.53;65;244.86;0.85;28.89;1603.93;107;369.18;1.05;26.47;899.40;60;207.02;0.60;26.47;1840.89;116;430.87;1.04;26.92;1387.13;87;316.80;0.90;26.26;1519.05;95;349.72;0.67;26.48;1614.99;101;431.20;0.82;30.70;2142.66;134;575.67;1.16;30.90;1709.98;107;393.07;0.78;26.44;847.47;53;195.11;0.62;26.48;1119.43;73;227.14;0.56;23.33;399.75;25;95.86;0.30;27.58;991.38;62;254.42;1.01;29.51;1247.22;78;287.14;1.14;26.48;943.41;59;217.20;0.71;26.48;1161.24;76;232.82;0.67;23.06;1618.92;108;303.67;0.86;21.57;1918.16;139;246.96;0.56;14.81;1997.92;128;428.77;0.81;24.68;1535.04;96;353.41;1.00;26.48;2046.72;128;471.21;1.21;26.48
32536;COKE GLASS;19;336509.50;32 798;83011.05;4.34;28.37;5099.50;510;1431.20;3.74;32.28;6359.50;636;1784.90;5.75;32.28;5498.00;550;1542.18;4.92;32.26;5407.50;541;1516.48;4.97;32.25;6370.00;637;1788.14;5.30;32.28;5940.00;594;1667.44;4.89;32.28;6240.00;624;1751.65;4.71;32.28;6920.00;692;1942.54;4.17;32.28;7730.00;773;2169.91;5.05;32.28;8580.00;858;2408.52;4.67;32.28;9290.00;929;2607.83;5.30;32.28;7930.00;793;1877.53;3.97;27.23;9980.00;998;2148.93;5.05;24.76;6790.00;679;1462.05;3.30;24.76;6860.00;686;1477.12;4.87;24.76;5550.00;555;1195.05;3.98;24.76;6250.00;625;1345.77;3.92;24.76;8050.00;805;1733.36;5.27;24.76;5330.00;533;1147.68;3.12;24.76;9210.00;921;1983.13;5.42;24.76;10.00;1;2.15;0.01;24.76;0.00;0;0.00;0.00;0.00;0.00;0;0.00;0.00;0.00;0.00;0;0.00;0.00;0.00;1000.00;100;215.32;0.48;24.76;5990.00;599;1289.79;3.13;24.76;6920.00;692;1490.04;3.88;24.76;4060.00;406;874.21;2.68;24.76;5580.00;558;1201.51;4.18;24.76;5280.00;528;1136.91;3.23;24.76;6360.00;636;1369.46;3.98;24.76;8410.00;841;1810.87;4.36;24.76;7090.00;709;1526.65;4.33;24.76;9640.00;964;2075.72;3.97;24.76;10130.00;1 013;2181.23;4.13;24.76;10200.00;1 020;2196.30;4.43;24.76;11390.00;1 139;2452.54;4.89;24.76;7640.00;764;1645.07;5.19;24.76;9040.00;904;1946.53;4.78;24.76;8880.00;888;1912.07;6.06;24.76;8200.00;820;1765.65;7.00;24.76;7399.50;720;1723.81;6.87;26.79;8441.00;734;2537.87;8.28;34.58;9338.00;812;2807.56;8.05;34.58;9993.50;869;3004.64;8.48;34.58;9763.50;849;2935.49;6.68;34.58;9752.00;848;2932.03;5.54;34.58;7935.00;690;2385.73;6.77;34.58;8682.50;755;2610.48;6.68;34.58
32537;COKE 1.5LT RET;19;157597.72;8 751;46364.49;2.42;33.83;2484.00;138;768.76;2.01;35.59;3438.00;191;1064.01;3.43;35.59;2790.00;155;863.46;2.76;35.59;2410.20;134;744.91;2.44;35.54;2520.00;140;779.90;2.31;35.59;2772.00;154;857.89;2.52;35.59;2358.00;131;729.76;1.96;35.59;2430.00;135;752.05;1.62;35.59;2106.00;117;651.77;1.52;35.59;4140.00;230;1281.26;2.48;35.59;3726.00;207;1153.14;2.34;35.59;2862.00;159;885.74;1.87;35.59;2088.00;116;646.20;1.52;35.59;2124.00;118;657.34;1.49;35.59;2808.00;156;869.03;2.86;35.59;1926.00;107;596.07;1.98;35.59;1998.00;111;618.35;1.80;35.59;2412.00;134;746.47;2.27;35.59;2430.00;135;752.05;2.05;35.59;2988.00;166;924.74;2.53;35.59;3215.13;169;1092.00;2.99;39.06;4090.77;226;1278.78;2.51;35.95;4302.00;239;1331.40;2.44;35.59;4446.00;247;1375.96;2.99;35.59;3978.00;221;1231.13;2.72;35.59;3780.00;210;1169.85;2.83;35.59;2808.00;156;869.03;2.26;35.59;4122.00;229;1275.69;3.91;35.59;2736.00;152;846.75;2.94;35.59;3168.00;176;980.44;2.79;35.59;3294.00;183;1019.44;2.96;35.59;2988.00;166;841.62;2.03;32.39;3305.62;190;838.42;2.38;29.17;5112.00;284;1401.89;2.68;31.54;3690.00;205;1011.92;1.92;31.54;3744.00;208;1026.73;2.07;31.54;5274.00;293;1446.31;2.88;31.54;5166.00;287;1416.69;4.47;31.54;3834.00;213;1051.41;2.58;31.54;1998.00;111;547.92;1.74;31.54;2034.00;113;557.79;2.21;31.54;2448.00;136;671.33;2.68;31.54;2952.00;164;809.54;2.64;31.54;4248.00;236;1164.95;3.34;31.54;4086.00;227;1120.52;3.16;31.54;3438.00;191;942.82;2.15;31.54;4284.00;238;1174.82;2.22;31.54;2808.00;156;686.27;1.95;28.11;3438.00;191;840.18;2.15;28.10
32538;COKE ZERO NRB;19;152687.09;9 958;29977.03;1.57;22.58;2315.25;155;493.72;1.29;24.52;2409.75;161;517.08;1.67;24.68;2023.50;135;436.10;1.39;24.78;1613.25;108;344.05;1.13;24.53;2535.00;169;547.56;1.62;24.84;1695.00;113;366.12;1.07;24.84;2940.00;196;635.04;1.71;24.84;2445.00;163;528.12;1.13;24.84;2930.25;196;626.56;1.46;24.59;3494.25;233;754.27;1.46;24.82;3388.50;226;730.94;1.49;24.81;4187.25;280;778.13;1.64;21.37;2820.75;189;483.83;1.14;19.73;2380.50;159;413.54;0.93;19.98;2606.25;174;453.58;1.49;20.01;1701.75;114;292.13;0.97;19.74;2412.00;161;420.10;1.22;20.03;2138.25;143;369.58;1.12;19.88;3039.75;203;528.41;1.44;19.99;2934.00;196;509.38;1.39;19.97;2633.25;176;456.22;1.25;19.92;3883.19;259;678.43;1.33;20.09;4081.77;273;705.26;1.29;19.87;2628.60;169;525.10;1.14;22.97;4272.35;254;1068.92;2.36;28.77;3071.90;181;785.57;1.90;29.41;3134.80;185;798.59;2.08;29.30;2115.65;125;537.45;1.65;29.21;2880.65;170;733.86;2.55;29.30;2904.92;181;640.37;1.82;25.35;2441.27;154;518.48;1.51;24.42;3685.69;231;798.40;1.92;24.91;3778.43;237;816.53;2.31;24.85;3972.71;249;860.46;1.64;24.91;4517.17;283;979.69;1.86;24.94;4659.40;310;822.08;1.66;20.29;4248.91;284;736.00;1.47;19.92;3469.43;232;599.93;1.89;19.89;3041.47;203;529.91;1.30;20.04;2528.81;169;448.91;1.42;20.41;2377.41;159;437.17;1.73;21.15;2665.97;178;463.84;1.85;20.01;3067.70;205;531.88;1.74;19.94;3837.44;257;659.49;1.89;19.76;3847.93;257;668.61;1.89;19.98;4194.95;280;730.75;1.66;20.03;5829.60;390;1006.21;1.90;19.85;3438.84;216;609.76;1.73;20.39;3466.63;217;600.93;1.54;19.93
32540;COKE LIGHT NRB;19;40086.56;2 560;8544.34;0.45;24.51;1059.75;71;225.48;0.59;24.47;1154.25;77;248.83;0.80;24.79;701.25;47;149.02;0.48;24.44;747.75;50;160.04;0.52;24.61;960.00;65;197.56;0.59;23.67;900.00;60;194.40;0.57;24.84;975.00;65;210.60;0.57;24.84;1125.00;75;243.00;0.52;24.84;1304.25;87;281.23;0.65;24.80;1212.75;81;260.48;0.51;24.70;913.50;61;196.34;0.40;24.72;764.25;51;141.24;0.30;21.25;822.00;55;141.79;0.33;19.84;482.00;31;96.17;0.22;22.95;544.00;34;118.83;0.39;25.12;511.20;32;111.15;0.37;25.00;592.00;37;129.32;0.38;25.12;960.00;60;209.70;0.64;25.12;687.20;43;149.59;0.41;25.03;710.00;46;138.16;0.38;22.38;794.25;53;138.50;0.38;20.05;597.00;40;102.41;0.20;19.73;810.00;54;141.78;0.26;20.13;907.00;59;174.04;0.38;22.07;706.15;42;176.49;0.39;28.74;833.00;49;213.87;0.52;29.53;560.15;33;143.29;0.37;29.42;595.00;35;152.76;0.47;29.53;527.00;31;135.30;0.47;29.53;848.30;50;216.75;0.62;29.38;696.15;41;178.21;0.52;29.44;627.30;37;160.01;0.39;29.33;713.15;42;182.58;0.52;29.44;1051.45;62;268.39;0.51;29.35;1070.15;63;274.23;0.52;29.47;830.45;49;211.65;0.43;29.31;628.15;37;160.75;0.32;29.43;625.60;37;158.54;0.50;29.14;594.15;35;152.02;0.37;29.42;476.00;28;122.21;0.39;29.53;341.84;22;68.06;0.27;22.90;479.68;32;83.74;0.33;20.08;389.74;26;68.04;0.22;20.08;733.76;49;127.57;0.37;19.99;659.56;44;115.14;0.33;20.08;942.12;63;162.90;0.37;19.88;2471.85;165;430.47;0.81;20.03;1110.70;70;190.09;0.54;19.68;1340.76;84;231.61;0.59;19.87
32541;SPRITE GLAS;19;22119.00;2 177;5334.37;0.28;27.73;449.50;45;125.89;0.33;32.21;300.00;30;84.21;0.27;32.28;220.00;22;61.76;0.20;32.28;230.00;23;64.56;0.21;32.28;350.00;35;98.25;0.29;32.28;210.00;21;58.95;0.17;32.28;320.00;32;89.83;0.24;32.28;620.00;62;174.04;0.37;32.28;590.00;59;165.62;0.39;32.28;620.00;62;174.04;0.34;32.28;710.00;71;199.31;0.40;32.28;510.00;51;143.16;0.30;32.28;270.00;27;65.98;0.16;28.10;610.00;61;131.35;0.30;24.76;390.00;39;83.98;0.28;24.76;340.00;34;73.21;0.24;24.76;220.00;22;47.37;0.14;24.76;400.00;40;86.13;0.26;24.76;360.00;36;77.52;0.21;24.76;270.00;27;58.14;0.16;24.76;890.00;89;191.64;0.52;24.76;990.00;99;213.17;0.42;24.76;790.00;79;170.11;0.31;24.76;640.00;64;137.81;0.30;24.76;670.00;67;144.27;0.32;24.76;390.00;39;83.98;0.20;24.76;430.00;43;92.59;0.24;24.76;230.00;23;49.52;0.15;24.76;180.00;18;38.76;0.13;24.76;440.00;44;94.74;0.27;24.76;460.00;46;99.05;0.29;24.76;720.00;72;155.03;0.37;24.76;890.00;89;191.64;0.54;24.76;790.00;79;170.11;0.33;24.76;490.00;49;105.51;0.20;24.76;470.00;47;101.20;0.20;24.76;670.00;67;144.27;0.29;24.76;380.00;38;81.82;0.26;24.76;240.00;24;51.68;0.13;24.76;170.00;17;36.61;0.12;24.76;260.00;26;55.98;0.22;24.76;329.00;32;76.73;0.31;26.82;138.00;12;41.49;0.14;34.58;172.50;15;51.86;0.15;34.58;356.50;31;107.19;0.30;34.58;632.50;55;190.17;0.43;34.58;471.50;41;141.76;0.27;34.58;402.50;35;121.02;0.34;34.58;437.00;38;131.39;0.34;34.58
32542;STONEY GLASS;19;21812.50;2 128;5485.86;0.29;28.92;320.00;32;89.83;0.24;32.28;370.00;37;103.86;0.33;32.28;570.00;57;160.01;0.51;32.28;460.00;46;129.13;0.42;32.28;410.00;41;115.09;0.34;32.28;430.00;43;120.71;0.35;32.28;790.00;79;221.76;0.60;32.28;790.00;79;221.76;0.48;32.28;560.00;56;157.20;0.37;32.28;650.00;65;182.46;0.35;32.28;770.00;77;216.15;0.44;32.28;600.00;60;168.43;0.36;32.28;0.00;0;0.00;0.00;0.00;0.00;0;0.00;0.00;0.00;0.00;0;0.00;0.00;0.00;200.00;20;44.37;0.15;25.51;280.00;28;60.29;0.18;24.76;320.00;32;68.90;0.21;24.76;400.00;40;86.13;0.23;24.76;620.00;62;133.50;0.36;24.76;900.00;90;193.79;0.53;24.76;700.00;70;150.73;0.30;24.76;920.00;92;198.10;0.36;24.76;650.00;65;139.96;0.30;24.76;760.00;76;163.65;0.36;24.76;580.00;58;124.89;0.30;24.76;450.00;45;96.90;0.25;24.76;430.00;43;92.59;0.28;24.76;380.00;38;81.82;0.28;24.76;0.00;0;0.00;0.00;0.00;0.00;0;0.00;0.00;0.00;0.00;0;0.00;0.00;0.00;0.00;0;0.00;0.00;0.00;0.00;0;0.00;0.00;0.00;360.00;36;77.52;0.15;24.76;450.00;45;96.90;0.20;24.76;620.00;62;133.50;0.27;24.76;370.00;37;79.67;0.25;24.76;0.00;0;0.00;0.00;0.00;320.00;32;68.90;0.22;24.76;610.00;61;131.35;0.52;24.76;770.50;76;172.78;0.69;25.79;379.50;33;114.10;0.37;34.58;448.50;39;134.85;0.39;34.58;724.50;63;217.83;0.61;34.58;655.50;57;197.08;0.45;34.58;690.00;60;207.46;0.39;34.58;437.00;38;131.39;0.37;34.58;667.00;58;200.54;0.51;34.58
32543;LEMON TWIST GLASS;19;7819.00;782;2024.30;0.11;29.77;679.50;68;190.45;0.50;32.23;230.00;23;64.56;0.21;32.28;219.50;22;61.32;0.20;32.13;220.00;22;61.76;0.20;32.28;220.00;22;61.76;0.18;32.28;260.00;26;72.99;0.21;32.28;340.00;34;95.44;0.26;32.28;450.00;45;126.32;0.27;32.28;530.00;53;148.78;0.35;32.28;710.00;71;199.31;0.39;32.28;720.00;72;202.11;0.41;32.28;480.00;48;134.74;0.28;32.28;160.00;16;44.91;0.11;32.28;0.00;0;0.00;0.00;0.00;200.00;20;43.06;0.14;24.76;240.00;24;51.68;0.17;24.76;340.00;34;73.21;0.21;24.76;630.00;63;135.65;0.41;24.76;550.00;55;118.43;0.32;24.76;40.00;4;8.61;0.02;24.76;600.00;60;129.19;0.35;24.76;0.00;0;0.00;0.00;0.00;0.00;0;0.00;0.00;0.00;0.00;0;0.00;0.00;0.00;0.00;0;0.00;0.00;0.00;0.00;0;0.00;0.00;0.00;0.00;0;0.00;0.00;0.00;0.00;0;0.00;0.00;0.00;0.00;0;0.00;0.00;0.00;0.00;0;0.00;0.00;0.00;0.00;0;0.00;0.00;0.00;0.00;0;0.00;0.00;0.00;0.00;0;0.00;0.00;0.00;0.00;0;0.00;0.00;0.00;0.00;0;0.00;0.00;0.00;0.00;0;0.00;0.00;0.00;0.00;0;0.00;0.00;0.00;0.00;0;0.00;0.00;0.00;0.00;0;0.00;0.00;0.00;0.00;0;0.00;0.00;0.00;0.00;0;0.00;0.00;0.00;0.00;0;0.00;0.00;0.00;0.00;0;0.00;0.00;0.00;0.00;0;0.00;0.00;0.00;0.00;0;0.00;0.00;0.00;0.00;0;0.00;0.00;0.00;0.00;0;0.00;0.00;0.00;0.00;0;0.00;0.00;0.00;0.00;0;0.00;0.00;0.00
32544;FANTA ORANGE  GLASS;19;32549.50;3 174;8005.17;0.42;28.28;350.00;35;98.25;0.26;32.28;610.00;61;171.24;0.55;32.28;600.00;60;168.43;0.54;32.28;230.00;23;64.56;0.21;32.28;520.00;52;145.97;0.43;32.28;440.00;44;123.51;0.36;32.28;920.00;92;258.26;0.69;32.28;600.00;60;168.43;0.36;32.28;870.00;87;244.22;0.57;32.28;860.00;86;241.41;0.47;32.28;550.00;55;154.39;0.31;32.28;590.00;59;165.62;0.35;32.28;400.00;40;86.13;0.20;24.76;600.00;60;129.19;0.29;24.76;240.00;24;51.68;0.17;24.76;330.00;33;71.06;0.24;24.76;360.00;36;77.52;0.23;24.76;570.00;57;122.73;0.37;24.76;580.00;58;124.89;0.34;24.76;660.00;66;142.11;0.39;24.76;860.00;86;185.18;0.51;24.76;820.00;82;176.57;0.35;24.76;580.00;58;124.89;0.23;24.76;0.00;0;0.00;0.00;0.00;800.00;80;172.26;0.38;24.76;600.00;60;129.19;0.31;24.76;600.00;60;129.19;0.34;24.76;600.00;60;129.19;0.40;24.76;610.00;61;131.35;0.46;24.76;770.00;77;165.80;0.47;24.76;760.00;76;163.65;0.48;24.76;940.00;94;202.40;0.49;24.76;1288.50;128;283.01;0.80;25.26;1360.00;136;292.84;0.56;24.76;1100.00;110;236.86;0.45;24.76;770.00;77;165.80;0.33;24.76;400.00;40;86.13;0.17;24.76;120.00;12;25.84;0.08;24.76;560.00;56;120.58;0.30;24.76;540.00;54;116.27;0.37;24.76;560.00;56;120.58;0.48;24.76;1005.00;99;226.21;0.90;25.89;437.00;38;131.39;0.43;34.58;563.50;49;169.42;0.49;34.58;874.00;76;262.78;0.74;34.58;1023.50;89;307.73;0.70;34.58;1265.00;110;380.33;0.72;34.58;759.00;66;228.20;0.65;34.58;1104.00;96;331.93;0.85;34.58
32545;FANTA ORANGE RET;19;16194.58;943;4387.97;0.23;31.16;431.10;24;140.45;0.37;37.47;269.10;15;82.78;0.27;35.38;144.00;8;44.57;0.14;35.59;108.00;6;33.42;0.11;35.59;108.00;6;33.42;0.10;35.59;144.00;8;44.57;0.13;35.59;288.00;16;89.13;0.24;35.59;522.00;29;161.55;0.35;35.59;594.00;33;183.83;0.43;35.59;288.00;16;89.13;0.17;35.59;432.00;24;133.70;0.27;35.59;540.00;30;167.12;0.35;35.59;216.00;12;66.85;0.16;35.59;306.00;17;94.70;0.21;35.59;342.00;19;105.84;0.35;35.59;270.00;15;83.56;0.28;35.59;522.00;29;161.55;0.47;35.59;432.00;24;133.70;0.41;35.59;216.00;12;66.85;0.18;35.59;396.00;22;122.56;0.33;35.59;396.00;22;122.56;0.34;35.59;558.00;31;172.69;0.34;35.59;432.00;24;133.70;0.25;35.59;216.00;12;66.85;0.15;35.59;414.00;23;128.13;0.28;35.59;414.00;23;128.13;0.31;35.59;486.00;27;150.41;0.39;35.59;504.00;28;155.98;0.48;35.59;378.00;21;116.98;0.41;35.59;594.00;33;183.83;0.52;35.59;504.00;28;155.98;0.45;35.59;522.00;29;148.23;0.36;32.66;344.95;20;85.64;0.24;28.55;374.75;25;57.97;0.11;17.79;494.67;33;76.52;0.14;17.79;404.73;27;62.61;0.13;17.79;989.34;66;153.04;0.31;17.79;179.88;12;27.83;0.09;17.79;329.78;22;51.01;0.13;17.79;224.85;15;34.78;0.11;17.79;269.82;18;41.74;0.17;17.79;239.84;16;37.10;0.15;17.79;0.00;0;0.00;0.00;0.00;179.88;12;27.83;0.08;17.79;0.00;0;0.00;0.00;0.00;0.00;0;0.00;0.00;0.00;0.00;0;0.00;0.00;0.00;0.00;0;0.00;0.00;0.00;175.89;11;29.16;0.07;19.07
32546;STONEY PET;19;15382.91;857;4586.43;0.24;34.29;432.00;24;133.70;0.35;35.59;269.10;15;82.78;0.27;35.38;306.00;17;94.70;0.30;35.59;234.00;13;72.42;0.24;35.59;216.00;12;66.85;0.20;35.59;306.00;17;94.70;0.28;35.59;576.00;32;178.26;0.48;35.59;558.00;31;172.69;0.37;35.59;414.00;23;128.13;0.30;35.59;216.00;12;66.85;0.13;35.59;522.00;29;161.55;0.33;35.59;468.00;26;144.84;0.31;35.59;612.00;34;189.40;0.45;35.59;414.00;23;128.13;0.29;35.59;252.00;14;77.99;0.26;35.59;324.00;18;100.27;0.33;35.59;108.00;6;33.42;0.10;35.59;144.00;8;44.57;0.14;35.59;180.00;10;55.71;0.15;35.59;540.00;30;167.12;0.46;35.59;324.00;18;100.27;0.27;35.59;756.00;42;233.97;0.46;35.59;558.00;31;172.69;0.32;35.59;396.00;22;122.56;0.27;35.59;468.00;26;144.84;0.32;35.59;396.00;22;122.56;0.30;35.59;558.00;31;172.69;0.45;35.59;180.00;10;55.71;0.17;35.59;162.00;9;50.14;0.17;35.59;198.00;11;61.28;0.17;35.59;72.00;4;22.28;0.06;35.59;522.00;29;151.40;0.36;33.35;419.96;24;108.00;0.31;29.57;324.00;18;88.85;0.17;31.54;270.00;15;74.04;0.14;31.54;306.00;17;83.92;0.17;31.54;756.00;42;207.32;0.41;31.54;144.00;8;39.49;0.12;31.54;288.00;16;78.98;0.19;31.54;126.00;7;34.55;0.11;31.54;126.00;7;34.55;0.14;31.54;234.00;13;64.17;0.26;31.54;36.00;2;9.87;0.03;31.54;18.00;1;4.94;0.01;31.54;198.00;11;54.30;0.15;31.54;0.00;0;0.00;0.00;0.00;54.00;3;14.81;0.03;31.54;162.00;9;44.43;0.13;31.54;239.85;15;39.76;0.10;19.06
32547;BON AQUA FLAV WATER NAATJIE;19;15317.66;1 399;2389.72;0.12;17.94;351.00;39;53.85;0.14;17.64;117.00;13;17.95;0.06;17.64;161.55;18;24.46;0.08;17.41;180.00;20;27.62;0.09;17.64;279.00;31;42.80;0.13;17.64;144.00;16;22.09;0.06;17.64;350.55;39;53.46;0.14;17.54;243.00;27;37.28;0.08;17.64;368.55;41;56.22;0.13;17.54;261.00;29;40.04;0.08;17.64;252.00;28;38.66;0.08;17.64;529.06;54;66.19;0.14;14.39;399.60;40;48.94;0.12;14.08;189.81;19;23.25;0.05;14.08;289.71;29;35.48;0.12;14.08;149.85;15;18.35;0.06;14.08;159.84;16;19.58;0.06;14.08;209.79;21;25.69;0.08;14.08;179.82;18;22.02;0.06;14.08;219.78;22;26.92;0.07;14.08;309.69;31;37.93;0.10;14.08;449.55;45;55.06;0.11;14.08;439.56;44;53.84;0.10;14.08;509.49;51;62.40;0.14;14.08;295.98;25;57.15;0.13;22.21;288.00;24;54.95;0.13;21.94;276.00;23;52.66;0.14;21.94;192.00;16;36.63;0.11;21.94;252.00;21;48.08;0.17;21.94;288.00;24;54.95;0.16;21.94;192.00;16;36.63;0.11;21.94;564.00;47;107.61;0.26;21.94;36.00;3;6.87;0.02;21.94;0.00;0;0.00;0.00;0.00;360.00;30;48.33;0.09;15.44;419.40;35;55.86;0.11;15.32;468.00;39;62.83;0.13;15.44;180.00;15;24.17;0.08;15.44;204.00;17;27.39;0.07;15.44;108.00;9;14.50;0.05;15.44;156.00;13;20.94;0.08;15.44;216.00;18;29.00;0.12;15.44;240.00;20;32.22;0.11;15.44;123.96;10;19.55;0.06;18.14;376.71;29;71.68;0.20;21.88;779.40;60;148.31;0.34;21.88;974.25;75;185.39;0.35;21.88;597.52;48;96.04;0.27;18.48;987.24;76;187.86;0.48;21.88
32548;VALPRE WATER STILL;19;94193.31;7 584;21339.27;1.12;26.05;1890.00;189;362.47;0.95;22.05;1579.50;158;302.58;0.97;22.03;1140.00;114;218.63;0.70;22.05;670.00;67;128.49;0.42;22.05;1118.50;112;213.49;0.63;21.95;1809.00;181;346.25;1.02;22.01;1350.00;135;258.91;0.70;22.05;2150.00;215;412.33;0.89;22.05;2140.00;214;410.41;0.95;22.05;1830.00;183;350.96;0.68;22.05;2670.00;267;512.06;1.04;22.05;1943.95;184;433.10;0.91;25.62;1218.24;111;231.72;0.54;21.87;1725.43;157;329.72;0.75;21.98;582.47;53;111.31;0.37;21.98;1175.93;107;-43.71;-0.15;-4.27;879.20;80;168.01;0.49;21.98;1055.04;96;201.61;0.61;21.98;648.41;59;123.91;0.34;21.98;1824.34;166;348.62;0.95;21.98;1637.51;149;312.92;0.86;21.98;1329.79;121;254.12;0.50;21.98;1318.80;120;252.02;0.46;21.98;2230.97;203;426.33;0.93;21.98;1296.00;108;248.43;0.55;22.04;2016.00;168;386.44;0.94;22.04;1656.00;138;317.43;0.83;22.04;372.00;31;71.31;0.22;22.04;1210.85;101;231.33;0.80;21.97;1079.10;90;206.24;0.59;21.98;1306.91;109;249.78;0.73;21.98;2872.19;226;551.51;1.33;22.08;4177.53;332;747.65;2.12;20.58;4259.16;334;760.79;1.45;20.54;1310.04;101;258.91;0.49;22.73;805.38;62;49.15;0.10;7.02;2121.76;164;411.14;0.82;22.28;649.50;50;125.24;0.40;22.17;1113.15;85;218.84;0.54;22.61;2938.00;70;1937.87;6.14;75.85;3027.44;226;640.80;2.54;24.34;1635.69;121;355.96;1.42;25.03;2750.44;176;840.59;2.74;35.15;4829.46;314;1432.22;4.11;34.10;3340.51;214;1018.79;2.88;35.07;4444.90;310;1133.08;2.58;29.32;2829.63;182;856.57;1.62;34.81;5153.08;352;1378.74;3.91;30.77;1081.51;79;244.21;0.62;25.97
34345;CAPPY SPARKLING PASSION;19;14226.75;1 180;2794.01;0.15;22.58;0.00;0;0.00;0.00;0.00;160.00;16;24.86;0.08;17.87;480.00;48;74.59;0.24;17.87;380.00;38;59.05;0.19;17.87;370.00;37;57.50;0.17;17.87;580.00;58;90.13;0.26;17.87;670.00;67;104.12;0.28;17.87;720.00;72;111.89;0.24;17.87;600.00;60;93.24;0.22;17.87;230.00;23;35.74;0.07;17.87;850.00;85;132.09;0.27;17.87;297.76;25;78.33;0.17;30.25;1306.91;109;283.68;0.67;24.96;710.94;56;143.27;0.32;23.18;0.00;0;0.00;0.00;0.00;0.00;0;0.00;0.00;0.00;299.76;24;56.53;0.16;21.69;634.03;47;119.36;0.36;21.65;903.83;67;170.14;0.46;21.65;607.05;45;114.28;0.31;21.65;849.87;63;159.99;0.44;21.65;815.45;55;203.58;0.40;28.71;914.39;61;234.47;0.43;29.49;869.42;58;222.94;0.48;29.49;179.88;12;46.13;0.10;29.49;527.64;36;123.19;0.30;26.85;167.88;12;31.62;0.08;21.66;0.00;0;0.00;0.00;0.00;0.00;0;0.00;0.00;0.00;0.00;0;0.00;0.00;0.00;0.00;0;0.00;0.00;0.00;0.00;0;0.00;0.00;0.00;0.00;0;0.00;0.00;0.00;0.00;0;0.00;0.00;0.00;0.00;0;0.00;0.00;0.00;0.00;0;0.00;0.00;0.00;0.00;0;0.00;0.00;0.00;0.00;0;0.00;0.00;0.00;0.00;0;0.00;0.00;0.00;0.00;0;0.00;0.00;0.00;84.95;5;19.40;0.08;26.26;16.99;1;3.88;0.02;26.26;0.00;0;0.00;0.00;0.00;0.00;0;0.00;0.00;0.00;0.00;0;0.00;0.00;0.00;0.00;0;0.00;0.00;0.00;0.00;0;0.00;0.00;0.00;0.00;0;0.00;0.00;0.00;0.00;0;0.00;0.00;0.00
34346;CAPPY ORANGE BURST;19;2343.83;353;500.15;0.03;24.54;0.00;0;0.00;0.00;0.00;0.00;0;0.00;0.00;0.00;0.00;0;0.00;0.00;0.00;0.00;0;0.00;0.00;0.00;0.00;0;0.00;0.00;0.00;0.00;0;0.00;0.00;0.00;0.00;0;0.00;0.00;0.00;0.00;0;0.00;0.00;0.00;144.00;24;30.05;0.07;24.00;180.00;30;37.56;0.07;24.00;390.00;65;81.38;0.17;24.00;294.00;49;61.35;0.13;24.00;144.00;24;14.18;0.03;11.32;28.00;4;5.84;0.01;23.99;91.00;13;18.99;0.06;23.99;21.00;3;4.38;0.01;23.99;21.00;3;4.38;0.01;23.99;105.00;15;21.91;0.07;23.99;77.00;11;16.06;0.04;23.99;49.00;7;10.22;0.03;23.99;112.00;16;23.37;0.06;23.99;147.00;21;30.67;0.06;23.99;44.97;6;11.34;0.02;29.01;103.87;13;30.18;0.07;33.41;71.99;9;20.96;0.05;33.48;40.00;5;11.65;0.03;33.49;64.00;8;18.64;0.05;33.49;16.00;2;4.66;0.01;33.49;8.00;1;2.33;0.01;33.49;112.00;14;23.36;0.07;23.99;40.00;5;8.34;0.02;23.99;40.00;5;8.34;0.02;23.99;0.00;0;0.00;0.00;0.00;0.00;0;0.00;0.00;0.00;0.00;0;0.00;0.00;0.00;0.00;0;0.00;0.00;0.00;0.00;0;0.00;0.00;0.00;0.00;0;0.00;0.00;0.00;0.00;0;0.00;0.00;0.00;0.00;0;0.00;0.00;0.00;0.00;0;0.00;0.00;0.00;0.00;0;0.00;0.00;0.00;0.00;0;0.00;0.00;0.00;0.00;0;0.00;0.00;0.00;0.00;0;0.00;0.00;0.00;0.00;0;0.00;0.00;0.00;0.00;0;0.00;0.00;0.00;0.00;0;0.00;0.00;0.00;0.00;0;0.00;0.00;0.00
40050;ZERO SPRITE NRB;19;7708.56;597;1422.50;0.07;21.22;0.00;0;0.00;0.00;0.00;0.00;0;0.00;0.00;0.00;0.00;0;0.00;0.00;0.00;0.00;0;0.00;0.00;0.00;0.00;0;0.00;0.00;0.00;0.00;0;0.00;0.00;0.00;0.00;0;0.00;0.00;0.00;0.00;0;0.00;0.00;0.00;0.00;0;0.00;0.00;0.00;288.00;24;52.70;0.10;21.04;288.00;24;52.70;0.11;21.04;268.83;21;60.75;0.13;25.99;350.73;27;64.02;0.15;20.99;273.00;21;49.98;0.11;21.05;169.00;13;30.94;0.10;21.05;299.00;23;54.74;0.18;21.05;195.00;15;35.70;0.10;21.05;0.00;0;0.00;0.00;0.00;0.00;0;0.00;0.00;0.00;312.00;24;57.12;0.16;21.05;611.00;47;111.86;0.31;21.05;663.00;51;121.37;0.24;21.05;1092.00;84;199.91;0.37;21.05;728.00;56;133.27;0.29;21.05;598.00;46;109.48;0.24;21.05;832.00;64;152.31;0.37;21.05;520.00;40;95.20;0.25;21.05;169.00;13;30.94;0.09;21.05;26.00;2;4.76;0.02;21.05;26.00;2;4.76;0.01;21.05;0.00;0;0.00;0.00;0.00;0.00;0;0.00;0.00;0.00;0.00;0;0.00;0.00;0.00;0.00;0;0.00;0.00;0.00;0.00;0;0.00;0.00;0.00;0.00;0;0.00;0.00;0.00;0.00;0;0.00;0.00;0.00;0.00;0;0.00;0.00;0.00;0.00;0;0.00;0.00;0.00;0.00;0;0.00;0.00;0.00;0.00;0;0.00;0.00;0.00;0.00;0;0.00;0.00;0.00;0.00;0;0.00;0.00;0.00;0.00;0;0.00;0.00;0.00;0.00;0;0.00;0.00;0.00;0.00;0;0.00;0.00;0.00;0.00;0;0.00;0.00;0.00;0.00;0;0.00;0.00;0.00;0.00;0;0.00;0.00;0.00
40055;ZERO FANTA ORANGE NRB;19;16876.48;1 345;3170.27;0.17;21.60;804.00;67;147.13;0.38;21.04;624.00;52;114.19;0.37;21.04;672.00;56;122.97;0.39;21.04;648.00;54;121.99;0.40;21.65;528.00;44;100.58;0.30;21.91;420.00;35;80.00;0.23;21.91;516.00;43;98.29;0.26;21.91;612.00;51;116.58;0.25;21.91;720.00;60;137.15;0.32;21.91;636.00;53;121.15;0.23;21.91;912.00;76;173.72;0.35;21.91;984.39;77;160.19;0.34;18.71;870.33;67;165.40;0.39;21.85;610.76;47;116.22;0.26;21.88;598.00;46;113.96;0.38;21.91;351.00;27;66.89;0.22;21.91;338.00;26;64.41;0.19;21.91;299.00;23;56.98;0.17;21.91;195.00;15;37.16;0.10;21.91;351.00;27;66.89;0.18;21.91;897.00;69;170.93;0.47;21.91;637.00;49;121.39;0.24;21.91;1235.00;95;235.34;0.43;21.91;611.00;47;116.43;0.25;21.91;416.00;32;79.27;0.18;21.91;754.00;58;143.68;0.35;21.91;429.00;33;81.75;0.21;21.91;208.00;16;39.64;0.12;21.91;0.00;0;0.00;0.00;0.00;0.00;0;0.00;0.00;0.00;0.00;0;0.00;0.00;0.00;0.00;0;0.00;0.00;0.00;0.00;0;0.00;0.00;0.00;0.00;0;0.00;0.00;0.00;0.00;0;0.00;0.00;0.00;0.00;0;0.00;0.00;0.00;0.00;0;0.00;0.00;0.00;0.00;0;0.00;0.00;0.00;0.00;0;0.00;0.00;0.00;0.00;0;0.00;0.00;0.00;0.00;0;0.00;0.00;0.00;0.00;0;0.00;0.00;0.00;0.00;0;0.00;0.00;0.00;0.00;0;0.00;0.00;0.00;0.00;0;0.00;0.00;0.00;0.00;0;0.00;0.00;0.00;0.00;0;0.00;0.00;0.00;0.00;0;0.00;0.00;0.00;0.00;0;0.00;0.00;0.00
42372;MONSTER PACAFIC PUNCH;19;36071.13;2 096;8327.71;0.44;26.55;1969.69;131;425.82;1.11;24.86;1699.89;111;282.90;0.91;19.14;1070.63;71;234.43;0.75;25.18;1461.14;86;377.09;1.24;29.68;1660.77;102;444.11;1.32;30.75;1206.29;71;310.99;0.91;29.65;849.50;50;234.71;0.63;31.77;1238.29;71;416.30;0.89;38.66;1078.50;60;238.12;0.55;25.39;1955.61;117;445.92;0.86;26.22;1457.49;87;172.46;0.35;13.61;1205.33;67;376.65;0.80;35.94;1856.40;114;379.13;0.89;23.49;1607.14;86;432.46;0.98;30.95;1330.00;75;226.52;0.75;19.59;702.63;37;175.14;0.58;28.66;1258.59;71;296.95;0.87;27.13;1817.22;99;418.48;1.27;26.48;1152.78;71;138.59;0.38;13.83;1165.69;72;180.84;0.49;17.84;759.34;44;163.19;0.45;24.71;1131.19;68;240.73;0.47;24.47;1084.52;62;249.71;0.46;26.48;770.92;43;150.42;0.33;22.44;1161.26;58;338.17;0.75;33.49;769.65;35;268.90;0.65;40.18;606.56;34;104.70;0.27;19.85;527.76;24;160.51;0.49;34.98;591.72;28;203.09;0.71;39.47;524.73;27;188.14;0.54;41.23;399.90;24;52.55;0.15;15.11;0.00;0;0.00;0.00;0.00;0.00;0;0.00;0.00;0.00;0.00;0;0.00;0.00;0.00;0.00;0;0.00;0.00;0.00;0.00;0;0.00;0.00;0.00;0.00;0;0.00;0.00;0.00;0.00;0;0.00;0.00;0.00;0.00;0;0.00;0.00;0.00;0.00;0;0.00;0.00;0.00;0.00;0;0.00;0.00;0.00;0.00;0;0.00;0.00;0.00;0.00;0;0.00;0.00;0.00;0.00;0;0.00;0.00;0.00;0.00;0;0.00;0.00;0.00;0.00;0;0.00;0.00;0.00;0.00;0;0.00;0.00;0.00;0.00;0;0.00;0.00;0.00;0.00;0;0.00;0.00;0.00
42518;STONEY ZERO NRB;19;7702.00;598;1409.93;0.07;21.05;0.00;0;0.00;0.00;0.00;0.00;0;0.00;0.00;0.00;0.00;0;0.00;0.00;0.00;0.00;0;0.00;0.00;0.00;0.00;0;0.00;0.00;0.00;0.00;0;0.00;0.00;0.00;0.00;0;0.00;0.00;0.00;0.00;0;0.00;0.00;0.00;0.00;0;0.00;0.00;0.00;288.00;24;52.70;0.10;21.04;576.00;48;105.40;0.21;21.04;0.00;0;0.00;0.00;0.00;0.00;0;0.00;0.00;0.00;234.00;18;42.84;0.10;21.05;312.00;24;57.12;0.19;21.05;286.00;22;52.36;0.17;21.05;429.00;33;78.54;0.23;21.05;715.00;55;130.89;0.40;21.05;689.00;53;126.13;0.34;21.05;325.00;25;59.50;0.16;21.05;741.00;57;135.65;0.37;21.05;923.00;71;168.97;0.33;21.05;624.00;48;114.23;0.21;21.05;442.00;34;80.92;0.18;21.05;923.00;71;168.97;0.37;21.05;195.00;15;35.70;0.09;21.05;0.00;0;0.00;0.00;0.00;0.00;0;0.00;0.00;0.00;0.00;0;0.00;0.00;0.00;0.00;0;0.00;0.00;0.00;0.00;0;0.00;0.00;0.00;0.00;0;0.00;0.00;0.00;0.00;0;0.00;0.00;0.00;0.00;0;0.00;0.00;0.00;0.00;0;0.00;0.00;0.00;0.00;0;0.00;0.00;0.00;0.00;0;0.00;0.00;0.00;0.00;0;0.00;0.00;0.00;0.00;0;0.00;0.00;0.00;0.00;0;0.00;0.00;0.00;0.00;0;0.00;0.00;0.00;0.00;0;0.00;0.00;0.00;0.00;0;0.00;0.00;0.00;0.00;0;0.00;0.00;0.00;0.00;0;0.00;0.00;0.00;0.00;0;0.00;0.00;0.00;0.00;0;0.00;0.00;0.00;0.00;0;0.00;0.00;0.00;0.00;0;0.00;0.00;0.00
43718;CAPPY SPARKLING MANGO;19;8110.39;696;1584.73;0.08;22.47;0.00;0;0.00;0.00;0.00;220.00;22;34.19;0.11;17.87;260.00;26;40.40;0.13;17.87;0.00;0;0.00;0.00;0.00;150.00;15;23.31;0.07;17.87;240.00;24;37.30;0.11;17.87;440.00;44;68.38;0.18;17.87;370.00;37;57.50;0.12;17.87;590.00;59;91.69;0.21;17.87;840.00;84;130.54;0.25;17.87;240.00;24;37.30;0.08;17.87;239.80;20;64.32;0.14;30.85;1127.06;94;244.65;0.58;24.96;371.69;31;80.68;0.18;24.96;215.82;18;34.57;0.11;18.42;359.70;30;57.62;0.19;18.42;287.76;24;46.10;0.13;18.42;0.00;0;0.00;0.00;0.00;0.00;0;0.00;0.00;0.00;0.00;0;0.00;0.00;0.00;0.00;0;0.00;0.00;0.00;359.76;24;92.25;0.18;29.49;14.99;1;3.84;0.01;29.49;914.39;61;234.47;0.51;29.49;869.42;58;205.63;0.45;27.20;0.00;0;0.00;0.00;0.00;0.00;0;0.00;0.00;0.00;0.00;0;0.00;0.00;0.00;0.00;0;0.00;0.00;0.00;0.00;0;0.00;0.00;0.00;0.00;0;0.00;0.00;0.00;0.00;0;0.00;0.00;0.00;0.00;0;0.00;0.00;0.00;0.00;0;0.00;0.00;0.00;0.00;0;0.00;0.00;0.00;0.00;0;0.00;0.00;0.00;0.00;0;0.00;0.00;0.00;0.00;0;0.00;0.00;0.00;0.00;0;0.00;0.00;0.00;0.00;0;0.00;0.00;0.00;0.00;0;0.00;0.00;0.00;0.00;0;0.00;0.00;0.00;0.00;0;0.00;0.00;0.00;0.00;0;0.00;0.00;0.00;0.00;0;0.00;0.00;0.00;0.00;0;0.00;0.00;0.00;0.00;0;0.00;0.00;0.00;0.00;0;0.00;0.00;0.00;0.00;0;0.00;0.00;0.00
44132;COCA COLA ZERO;19;7213.06;827;512.74;0.03;8.17;117.00;13;20.04;0.05;19.70;162.00;18;27.75;0.09;19.70;107.00;13;11.35;0.04;12.19;238.99;30;19.28;0.06;9.28;231.00;29;18.62;0.06;9.27;63.00;7;10.79;0.03;19.70;216.00;24;37.00;0.10;19.70;216.00;24;37.00;0.08;19.70;388.00;52;10.60;0.02;3.14;302.00;38;23.80;0.05;9.06;9.00;1;1.54;0.00;19.70;99.00;11;16.96;0.04;19.70;108.00;12;18.50;0.04;19.70;270.00;34;1.53;0.00;0.65;206.00;27;-9.43;-0.03;-5.26;336.00;40;12.83;0.04;4.39;100.00;10;17.12;0.05;19.69;50.00;5;8.56;0.03;19.69;40.00;4;6.85;0.02;19.69;230.00;23;39.38;0.11;19.69;90.00;9;15.41;0.04;19.69;194.00;21;22.04;0.04;13.06;190.00;19;32.53;0.06;19.69;276.00;34;2.56;0.01;1.07;246.00;31;-2.58;-0.01;-1.21;250.00;25;42.80;0.10;19.69;80.00;8;13.70;0.04;19.69;0.00;0;0.00;0.00;0.00;60.00;6;10.27;0.04;19.69;20.00;2;3.42;0.01;19.69;20.00;2;3.42;0.01;19.69;170.00;17;29.10;0.07;19.69;30.00;3;5.14;0.01;19.69;40.00;4;6.85;0.01;19.69;88.00;12;-15.68;-0.03;-20.49;131.88;12;22.48;0.05;19.60;1011.92;134;-149.62;-0.30;-17.00;54.95;5;9.37;0.03;19.60;0.00;0;0.00;0.00;0.00;10.99;1;1.87;0.01;19.60;43.96;4;7.49;0.03;19.60;10.99;1;1.87;0.01;19.60;175.84;16;29.97;0.10;19.60;219.80;20;37.47;0.11;19.60;21.98;2;3.75;0.01;19.60;0.00;0;0.00;0.00;0.00;0.00;0;0.00;0.00;0.00;287.76;24;49.04;0.14;19.60;0.00;0;0.00;0.00;0.00
44135;MONSTER MARIPOSA;19;46786.03;2 744;7970.91;0.42;19.59;2088.84;131;368.83;0.97;20.31;2419.41;159;334.97;1.08;15.92;1921.29;126;273.17;0.87;16.35;1223.28;72;262.75;0.86;24.70;1857.18;114;346.81;1.03;21.48;1070.37;63;229.95;0.67;24.71;1359.20;80;255.94;0.69;21.65;1410.17;83;248.53;0.53;20.27;1256.41;74;220.84;0.51;20.21;3408.87;213;520.74;1.01;17.57;3502.03;213;607.05;1.23;19.93;2482.62;138;533.21;1.13;24.70;3042.95;180;334.29;0.79;12.63;2406.68;132;537.86;1.22;25.70;1415.76;79;250.44;0.82;20.34;607.68;32;151.47;0.50;28.66;1283.56;72;185.55;0.54;16.62;1304.59;73;220.26;0.67;19.42;1166.52;65;239.67;0.65;23.63;1209.68;75;144.82;0.40;13.77;1123.46;64;152.35;0.42;15.59;1133.82;69;52.39;0.10;5.31;1690.22;98;313.11;0.57;21.30;989.58;52;223.14;0.48;25.93;1507.54;78;357.43;0.79;27.27;1032.43;47;313.38;0.76;34.91;1019.63;62;-36.57;-0.10;-4.12;262.78;12;79.30;0.24;34.70;21.99;1;6.69;0.02;34.98;704.70;33;193.14;0.55;31.52;577.84;34;42.42;0.12;8.44;113.98;8;-0.36;-0.00;-0.36;56.99;4;-0.18;-0.00;-0.36;0.00;0;0.00;0.00;0.00;0.00;0;0.00;0.00;0.00;0.00;0;0.00;0.00;0.00;0.00;0;0.00;0.00;0.00;0.00;0;0.00;0.00;0.00;0.00;0;0.00;0.00;0.00;0.00;0;0.00;0.00;0.00;0.00;0;0.00;0.00;0.00;0.00;0;0.00;0.00;0.00;0.00;0;0.00;0.00;0.00;0.00;0;0.00;0.00;0.00;56.99;4;-0.18;-0.00;-0.36;0.00;0;0.00;0.00;0.00;0.00;0;0.00;0.00;0.00;0.00;0;0.00;0.00;0.00;56.99;4;7.68;0.02;15.51
44627;COCA COLA;19;1863760.06;72 993;216649.98;11.32;13.37;62392.79;2 548;6654.65;17.41;12.27;58817.59;2 471;5284.15;17.02;10.33;50222.44;2 051;5409.36;17.26;12.39;44141.40;1 748;6591.73;21.61;17.17;52326.00;2 052;7621.35;22.61;16.75;43758.00;1 716;5767.21;16.93;15.16;61317.17;2 617;6516.63;17.52;12.22;58267.50;2 285;7679.53;16.50;15.16;83112.09;3 449;9133.43;21.24;12.64;100498.04;4 273;9351.42;18.13;10.70;72503.71;2 853;9327.43;18.95;14.79;82756.00;3 264;9944.59;21.01;13.82;73413.63;2 899;8783.88;20.65;13.76;72850.13;2 820;8304.18;18.77;13.11;56399.21;2 157;6515.59;21.46;13.29;49240.62;1 898;5513.78;18.34;12.88;52765.40;2 045;5640.95;16.45;12.29;55547.36;2 097;7277.79;22.15;15.07;75074.44;3 035;8610.16;23.42;13.19;63449.26;2 552;6977.37;19.06;12.65;81836.94;3 197;7903.57;21.62;11.11;104811.97;3 893;13552.57;26.63;14.87;86108.59;3 141;11958.00;21.92;15.97;92930.88;3 592;7798.57;16.94;9.65;80998.98;3 017;7911.45;17.48;11.23;57344.00;2 048;7971.52;19.32;15.99;65694.90;2 391;8770.39;22.85;15.35;22303.53;783;3497.58;10.73;18.03;683.76;24;96.41;0.34;16.22;854.70;30;110.95;0.32;14.93;1310.54;46;170.12;0.49;14.93;28.49;1;3.70;0.01;14.93;0.00;0;0.00;0.00;0.00;0.00;0;0.00;0.00;0.00;0.00;0;0.00;0.00;0.00;0.00;0;0.00;0.00;0.00;0.00;0;0.00;0.00;0.00;0.00;0;0.00;0.00;0.00;0.00;0;0.00;0.00;0.00;0.00;0;0.00;0.00;0.00;0.00;0;0.00;0.00;0.00;0.00;0;0.00;0.00;0.00;0.00;0;0.00;0.00;0.00;0.00;0;0.00;0.00;0.00;0.00;0;0.00;0.00;0.00;0.00;0;0.00;0.00;0.00;0.00;0;0.00;0.00;0.00;0.00;0;0.00;0.00;0.00;0.00;0;0.00;0.00;0.00
44628;FANTA ORANGE;19;81988.57;3 733;6305.44;0.33;8.84;2882.00;131;261.80;0.69;10.45;2882.00;131;261.80;0.84;10.45;2090.00;95;191.56;0.61;10.54;2168.00;101;183.94;0.60;9.76;2486.00;113;283.81;0.84;13.13;1716.00;78;175.83;0.52;11.78;3555.47;170;244.96;0.66;7.92;2584.17;119;220.72;0.47;9.82;2420.00;110;219.83;0.51;10.45;3168.00;147;281.68;0.55;10.23;4265.82;204;271.73;0.55;7.33;2738.01;120;250.71;0.53;10.53;4800.07;213;360.03;0.85;8.63;1508.69;67;112.21;0.25;8.55;1426.00;62;129.84;0.43;10.47;2129.00;94;188.91;0.63;10.20;1656.00;72;150.78;0.44;10.47;2369.00;103;215.70;0.66;10.47;2365.00;107;186.30;0.51;9.06;2114.00;94;265.93;0.73;14.47;2941.50;141;99.19;0.27;3.88;8428.56;403;165.57;0.33;2.26;4137.74;187;305.05;0.56;8.48;1747.24;76;158.50;0.34;10.43;4468.84;196;262.23;0.58;6.75;3978.00;168;511.08;1.24;14.77;4915.47;229;340.06;0.89;7.96;0.00;0;0.00;0.00;0.00;0.00;0;0.00;0.00;0.00;0.00;0;0.00;0.00;0.00;24.00;1;2.85;0.01;13.64;23.99;1;2.84;0.01;13.60;0.00;0;0.00;0.00;0.00;0.00;0;0.00;0.00;0.00;0.00;0;0.00;0.00;0.00;0.00;0;0.00;0.00;0.00;0.00;0;0.00;0.00;0.00;0.00;0;0.00;0.00;0.00;0.00;0;0.00;0.00;0.00;0.00;0;0.00;0.00;0.00;0.00;0;0.00;0.00;0.00;0.00;0;0.00;0.00;0.00;0.00;0;0.00;0.00;0.00;0.00;0;0.00;0.00;0.00;0.00;0;0.00;0.00;0.00;0.00;0;0.00;0.00;0.00;0.00;0;0.00;0.00;0.00;0.00;0;0.00;0.00;0.00;0.00;0;0.00;0.00;0.00
44629;SPRITE;19;73261.34;3 307;6034.41;0.32;9.47;2728.00;124;247.81;0.65;10.45;2789.60;127;249.98;0.81;10.31;1958.00;89;179.55;0.57;10.55;1755.80;81;183.15;0.60;12.00;2002.00;91;209.06;0.62;12.01;1386.00;63;130.97;0.38;10.87;3150.40;151;210.54;0.57;7.69;2658.18;123;224.76;0.48;9.72;2574.00;117;233.82;0.54;10.45;3414.00;158;309.71;0.60;10.43;3567.85;168;260.32;0.53;8.39;2695.99;118;247.88;0.52;10.57;3262.60;144;258.60;0.61;9.12;2066.84;92;149.92;0.34;8.34;1679.00;73;152.87;0.50;10.47;1982.00;88;163.06;0.54;9.46;1863.00;81;169.63;0.49;10.47;1863.00;81;169.63;0.52;10.47;2622.00;117;230.74;0.63;10.12;2748.00;120;383.64;1.05;16.05;3291.50;153;137.33;0.38;4.80;5589.79;264;174.15;0.34;3.58;3594.46;159;322.28;0.59;10.31;2620.86;114;237.74;0.52;10.43;4141.81;180;265.06;0.59;7.36;3249.00;137;396.52;0.96;14.04;1959.68;92;130.66;0.34;7.67;0.00;0;0.00;0.00;0.00;23.99;1;2.18;0.01;10.45;0.00;0;0.00;0.00;0.00;23.99;1;2.84;0.01;13.60;0.00;0;0.00;0.00;0.00;0.00;0;0.00;0.00;0.00;0.00;0;0.00;0.00;0.00;0.00;0;0.00;0.00;0.00;0.00;0;0.00;0.00;0.00;0.00;0;0.00;0.00;0.00;0.00;0;0.00;0.00;0.00;0.00;0;0.00;0.00;0.00;0.00;0;0.00;0.00;0.00;0.00;0;0.00;0.00;0.00;0.00;0;0.00;0.00;0.00;0.00;0;0.00;0.00;0.00;0.00;0;0.00;0.00;0.00;0.00;0;0.00;0.00;0.00;0.00;0;0.00;0.00;0.00;0.00;0;0.00;0.00;0.00;0.00;0;0.00;0.00;0.00;0.00;0;0.00;0.00;0.00
44630;STONEY GINGER BEER;19;55138.21;2 480;5486.47;0.29;11.44;2748.90;125;275.54;0.72;11.53;2110.90;96;190.90;0.61;10.40;2286.90;104;209.62;0.67;10.54;2111.80;97;210.13;0.69;11.44;1804.00;82;206.73;0.61;13.18;1672.00;76;198.98;0.58;13.69;2206.94;103;223.38;0.60;11.64;1254.00;57;143.70;0.31;13.18;1936.00;88;221.86;0.52;13.18;2692.00;125;300.02;0.58;12.82;2575.97;120;262.99;0.53;11.74;3074.94;135;353.97;0.75;13.24;2376.35;104;257.17;0.60;12.45;2836.23;125;282.14;0.64;11.44;2461.00;107;282.53;0.93;13.20;1811.50;80;189.63;0.63;12.04;1380.00;60;158.43;0.46;13.20;552.00;24;63.37;0.19;13.20;1108.00;50;97.88;0.27;10.16;1258.00;56;150.28;0.41;13.74;1745.50;81;87.09;0.24;5.74;3596.80;173;62.63;0.12;2.00;1448.37;63;174.27;0.32;13.84;1977.14;86;226.33;0.49;13.16;2264.79;97;215.80;0.48;10.96;2016.00;84;264.70;0.64;15.10;1784.20;80;170.27;0.44;10.97;0.00;0;0.00;0.00;0.00;23.99;1;2.75;0.01;13.18;0.00;0;0.00;0.00;0.00;0.00;0;0.00;0.00;0.00;0.00;0;0.00;0.00;0.00;0.00;0;0.00;0.00;0.00;0.00;0;0.00;0.00;0.00;23.99;1;3.39;0.01;16.24;0.00;0;0.00;0.00;0.00;0.00;0;0.00;0.00;0.00;0.00;0;0.00;0.00;0.00;0.00;0;0.00;0.00;0.00;0.00;0;0.00;0.00;0.00;0.00;0;0.00;0.00;0.00;0.00;0;0.00;0.00;0.00;0.00;0;0.00;0.00;0.00;0.00;0;0.00;0.00;0.00;0.00;0;0.00;0.00;0.00;0.00;0;0.00;0.00;0.00;0.00;0;0.00;0.00;0.00;0.00;0;0.00;0.00;0.00;0.00;0;0.00;0.00;0.00
44631;FANTA PINEAPPLE;19;43094.68;1 965;3759.54;0.20;10.03;965.80;44;86.02;0.23;10.24;1914.00;87;173.87;0.56;10.45;1342.00;61;122.93;0.39;10.53;948.00;45;67.04;0.22;8.13;770.00;35;88.24;0.26;13.18;880.00;40;115.58;0.34;15.10;1113.47;53;96.67;0.26;9.98;330.00;15;37.82;0.08;13.18;924.00;42;105.88;0.25;13.18;2068.00;96;217.69;0.42;12.11;2079.92;99;168.77;0.34;9.33;1912.35;84;219.79;0.46;13.22;1222.71;54;120.88;0.28;11.37;1246.23;56;99.52;0.22;9.18;690.00;30;79.21;0.26;13.20;653.50;29;64.83;0.22;11.41;667.00;29;76.57;0.22;13.20;897.00;39;102.97;0.31;13.20;743.00;34;68.51;0.19;10.60;1201.00;53;179.12;0.49;17.15;2582.00;122;128.40;0.35;5.72;6693.68;319;191.12;0.38;3.28;2264.57;103;213.59;0.39;10.85;1770.23;77;202.63;0.44;13.16;2101.76;93;136.47;0.30;7.47;2277.00;96;321.61;0.78;16.24;2669.53;123;251.55;0.66;10.84;47.98;2;6.60;0.02;15.83;47.98;2;5.50;0.02;13.18;23.99;1;3.39;0.01;16.24;23.99;1;3.39;0.01;16.24;23.99;1;3.39;0.01;16.24;0.00;0;0.00;0.00;0.00;0.00;0;0.00;0.00;0.00;0.00;0;0.00;0.00;0.00;0.00;0;0.00;0.00;0.00;0.00;0;0.00;0.00;0.00;0.00;0;0.00;0.00;0.00;0.00;0;0.00;0.00;0.00;0.00;0;0.00;0.00;0.00;0.00;0;0.00;0.00;0.00;0.00;0;0.00;0.00;0.00;0.00;0;0.00;0.00;0.00;0.00;0;0.00;0.00;0.00;0.00;0;0.00;0.00;0.00;0.00;0;0.00;0.00;0.00;0.00;0;0.00;0.00;0.00;0.00;0;0.00;0.00;0.00;0.00;0;0.00;0.00;0.00
44632;FANTA GRAPE;19;46909.59;2 161;3920.20;0.20;9.61;2024.00;92;183.86;0.48;10.45;1496.00;68;135.90;0.44;10.45;1276.00;58;116.25;0.37;10.48;1252.00;58;123.03;0.40;11.30;1078.00;49;123.51;0.37;13.18;1056.00;48;127.55;0.37;13.89;2439.41;118;169.44;0.46;7.99;1034.00;47;118.46;0.25;13.18;1650.00;75;189.05;0.44;13.18;3472.00;161;379.80;0.74;12.58;2143.86;104;141.32;0.29;7.58;2524.17;111;330.81;0.70;15.07;1782.84;79;170.13;0.40;10.97;1072.10;48;89.70;0.20;9.62;414.00;18;47.52;0.16;13.20;1037.00;46;106.89;0.36;11.85;736.00;32;84.48;0.25;13.20;874.00;38;100.32;0.31;13.20;640.00;29;53.90;0.15;9.69;1727.00;76;262.34;0.72;17.47;2492.00;117;138.51;0.38;6.39;6248.62;300;122.03;0.24;2.25;0.00;0;0.00;0.00;0.00;666.71;29;76.31;0.17;13.16;1892.91;83;139.48;0.31;8.47;2472.00;104;363.97;0.88;16.93;3289.02;168;8.86;0.02;0.31;23.99;1;3.30;0.01;15.82;23.99;1;3.30;0.01;15.82;47.98;2;6.77;0.02;16.24;0.00;0;0.00;0.00;0.00;23.99;1;3.39;0.01;16.24;0.00;0;0.00;0.00;0.00;0.00;0;0.00;0.00;0.00;0.00;0;0.00;0.00;0.00;0.00;0;0.00;0.00;0.00;0.00;0;0.00;0.00;0.00;0.00;0;0.00;0.00;0.00;0.00;0;0.00;0.00;0.00;0.00;0;0.00;0.00;0.00;0.00;0;0.00;0.00;0.00;0.00;0;0.00;0.00;0.00;0.00;0;0.00;0.00;0.00;0.00;0;0.00;0.00;0.00;0.00;0;0.00;0.00;0.00;0.00;0;0.00;0.00;0.00;0.00;0;0.00;0.00;0.00;0.00;0;0.00;0.00;0.00;0.00;0;0.00;0.00;0.00
44705;POWER PLAY E/DRINK MANGO;19;1450.79;121;428.95;0.02;34.00;239.80;20;71.25;0.19;34.17;83.93;7;24.04;0.08;32.94;119.90;10;34.35;0.11;32.94;0.00;0;0.00;0.00;0.00;11.99;1;3.75;0.01;36.00;71.94;6;22.52;0.07;36.00;35.97;3;11.26;0.03;36.00;83.93;7;26.28;0.06;36.00;203.83;17;63.81;0.15;36.00;83.93;7;24.91;0.05;34.14;119.90;10;34.13;0.07;32.74;59.95;5;17.07;0.04;32.74;59.95;5;17.07;0.04;32.74;71.94;6;20.48;0.05;32.74;23.98;2;6.83;0.02;32.74;35.97;3;10.24;0.03;32.74;59.95;5;17.07;0.05;32.74;47.96;4;13.65;0.04;32.74;35.97;3;10.24;0.03;32.74;0.00;0;0.00;0.00;0.00;0.00;0;0.00;0.00;0.00;0.00;0;0.00;0.00;0.00;0.00;0;0.00;0.00;0.00;0.00;0;0.00;0.00;0.00;0.00;0;0.00;0.00;0.00;0.00;0;0.00;0.00;0.00;0.00;0;0.00;0.00;0.00;0.00;0;0.00;0.00;0.00;0.00;0;0.00;0.00;0.00;0.00;0;0.00;0.00;0.00;0.00;0;0.00;0.00;0.00;0.00;0;0.00;0.00;0.00;0.00;0;0.00;0.00;0.00;0.00;0;0.00;0.00;0.00;0.00;0;0.00;0.00;0.00;0.00;0;0.00;0.00;0.00;0.00;0;0.00;0.00;0.00;0.00;0;0.00;0.00;0.00;0.00;0;0.00;0.00;0.00;0.00;0;0.00;0.00;0.00;0.00;0;0.00;0.00;0.00;0.00;0;0.00;0.00;0.00;0.00;0;0.00;0.00;0.00;0.00;0;0.00;0.00;0.00;0.00;0;0.00;0.00;0.00;0.00;0;0.00;0.00;0.00;0.00;0;0.00;0.00;0.00;0.00;0;0.00;0.00;0.00;0.00;0;0.00;0.00;0.00
45521;CAPPY JCE ORANGE;19;14474.07;648;2267.91;0.12;18.02;578.71;29;77.67;0.20;15.43;359.82;18;48.75;0.16;15.58;758.62;38;102.05;0.33;15.47;379.81;19;51.46;0.17;15.58;519.74;26;70.42;0.21;15.58;419.79;21;56.88;0.17;15.58;459.77;23;62.29;0.17;15.58;819.59;41;111.04;0.24;15.58;499.75;25;67.71;0.16;15.58;799.60;40;108.33;0.21;15.58;1279.36;64;173.33;0.35;15.58;1061.49;51;174.65;0.37;18.92;879.60;40;124.57;0.29;16.29;725.67;33;102.77;0.23;16.29;483.78;22;68.51;0.23;16.29;307.86;14;43.60;0.15;16.29;0.00;0;0.00;0.00;0.00;0.00;0;0.00;0.00;0.00;167.94;6;33.94;0.09;23.24;391.86;14;79.20;0.22;23.24;223.92;8;45.26;0.12;23.24;531.81;19;107.48;0.21;23.24;531.81;19;107.48;0.20;23.24;559.80;20;113.14;0.25;23.24;293.97;10;62.12;0.14;24.30;360.00;12;72.82;0.18;23.26;180.00;6;36.41;0.09;23.26;120.00;4;24.27;0.07;23.26;210.00;7;42.48;0.15;23.26;210.00;7;42.48;0.12;23.26;0.00;0;0.00;0.00;0.00;0.00;0;0.00;0.00;0.00;0.00;0;0.00;0.00;0.00;0.00;0;0.00;0.00;0.00;210.00;7;33.13;0.06;18.14;150.00;5;23.66;0.05;18.14;0.00;0;0.00;0.00;0.00;0.00;0;0.00;0.00;0.00;0.00;0;0.00;0.00;0.00;0.00;0;0.00;0.00;0.00;0.00;0;0.00;0.00;0.00;0.00;0;0.00;0.00;0.00;0.00;0;0.00;0.00;0.00;0.00;0;0.00;0.00;0.00;0.00;0;0.00;0.00;0.00;0.00;0;0.00;0.00;0.00;0.00;0;0.00;0.00;0.00;0.00;0;0.00;0.00;0.00;0.00;0;0.00;0.00;0.00
45522;CAPPY JCE ORANGE MANGO;19;14026.78;646;2140.83;0.11;17.55;678.66;34;91.21;0.24;15.46;439.78;22;59.58;0.19;15.58;639.68;32;86.67;0.28;15.58;459.77;23;62.29;0.20;15.58;599.70;30;81.25;0.24;15.58;479.76;24;65.00;0.19;15.58;899.55;45;121.88;0.33;15.58;659.67;33;89.38;0.19;15.58;519.74;26;70.42;0.16;15.58;819.59;41;111.04;0.22;15.58;1199.40;60;162.50;0.33;15.58;1065.49;51;178.13;0.38;19.23;1231.44;56;174.40;0.41;16.29;879.60;40;124.57;0.28;16.29;505.77;23;71.63;0.24;16.29;241.89;11;34.26;0.11;16.29;0.00;0;0.00;0.00;0.00;27.99;1;5.66;0.02;23.24;139.95;5;28.29;0.08;23.24;587.79;21;118.80;0.32;23.24;251.91;9;50.91;0.14;23.24;335.88;12;67.88;0.13;23.24;251.91;9;50.91;0.09;23.24;391.86;14;79.20;0.17;23.24;360.00;12;82.18;0.18;26.25;30.00;1;6.07;0.01;23.26;0.00;0;0.00;0.00;0.00;240.00;8;48.55;0.15;23.26;90.00;3;18.21;0.06;23.26;0.00;0;0.00;0.00;0.00;0.00;0;0.00;0.00;0.00;0.00;0;0.00;0.00;0.00;0.00;0;0.00;0.00;0.00;0.00;0;0.00;0.00;0.00;0.00;0;0.00;0.00;0.00;0.00;0;0.00;0.00;0.00;0.00;0;0.00;0.00;0.00;0.00;0;0.00;0.00;0.00;0.00;0;0.00;0.00;0.00;0.00;0;0.00;0.00;0.00;0.00;0;0.00;0.00;0.00;0.00;0;0.00;0.00;0.00;0.00;0;0.00;0.00;0.00;0.00;0;0.00;0.00;0.00;0.00;0;0.00;0.00;0.00;0.00;0;0.00;0.00;0.00;0.00;0;0.00;0.00;0.00;0.00;0;0.00;0.00;0.00;0.00;0;0.00;0.00;0.00
45523;CAPPY JCE BREAKFAST;19;23969.33;990;3775.92;0.20;18.12;719.64;36;97.50;0.26;15.58;599.70;30;81.25;0.26;15.58;598.70;30;80.38;0.26;15.44;698.65;35;93.92;0.31;15.46;879.56;44;119.17;0.35;15.58;579.71;29;78.54;0.23;15.58;799.60;40;108.33;0.29;15.58;959.52;48;130.00;0.28;15.58;499.75;25;67.71;0.16;15.58;839.58;42;113.75;0.22;15.58;999.50;50;135.42;0.28;15.58;1341.36;64;227.25;0.48;19.48;1231.44;56;174.40;0.41;16.29;615.72;28;87.20;0.20;16.29;461.79;21;65.40;0.22;16.29;131.94;6;18.69;0.06;16.29;0.00;0;0.00;0.00;0.00;55.98;2;11.31;0.03;23.24;223.92;8;45.26;0.12;23.24;223.92;8;45.26;0.12;23.24;167.94;6;33.94;0.09;23.24;615.78;22;124.45;0.24;23.24;391.86;14;79.20;0.15;23.24;391.86;14;79.20;0.17;23.24;461.91;16;94.73;0.21;23.58;600.00;20;121.37;0.29;23.26;660.00;22;133.50;0.35;23.26;210.00;7;42.48;0.13;23.26;150.00;5;30.34;0.11;23.26;660.00;22;120.15;0.34;20.93;60.00;2;9.47;0.03;18.14;570.00;19;89.92;0.22;18.14;510.00;17;80.46;0.23;18.14;600.00;20;94.65;0.18;18.14;300.00;10;47.33;0.09;18.14;660.00;22;104.12;0.21;18.14;450.00;15;70.99;0.14;18.14;480.00;16;75.72;0.24;18.14;300.00;10;47.33;0.12;18.14;270.00;9;42.59;0.14;18.14;150.00;5;23.66;0.09;18.14;330.00;11;52.06;0.21;18.14;150.00;5;23.66;0.08;18.14;690.00;23;108.85;0.31;18.14;270.00;9;42.59;0.12;18.14;540.00;18;85.19;0.19;18.14;390.00;13;61.52;0.12;18.14;480.00;16;75.72;0.21;18.14;0.00;0;0.00;0.00;0.00
45524;CAPPY JCE TROPICAL;19;16809.14;760;2598.81;0.14;17.78;799.60;40;108.33;0.28;15.58;719.64;36;97.50;0.31;15.58;599.70;30;81.25;0.26;15.58;579.71;29;78.54;0.26;15.58;759.62;38;102.92;0.31;15.58;779.61;39;105.63;0.31;15.58;799.60;40;108.33;0.29;15.58;1019.49;51;138.13;0.30;15.58;559.72;28;75.83;0.18;15.58;919.54;46;124.58;0.24;15.58;1039.48;52;140.83;0.29;15.58;1365.35;65;230.77;0.49;19.44;1055.52;48;149.48;0.35;16.29;835.62;38;118.34;0.27;16.29;637.71;29;90.31;0.30;16.29;131.94;6;18.69;0.06;16.29;0.00;0;0.00;0.00;0.00;27.99;1;5.66;0.02;23.24;111.96;4;22.63;0.06;23.24;279.90;10;56.57;0.15;23.24;307.89;11;62.23;0.17;23.24;475.83;17;96.17;0.19;23.24;447.84;16;90.51;0.17;23.24;307.89;11;62.23;0.14;23.24;297.99;10;70.96;0.16;27.39;420.00;14;84.96;0.21;23.26;270.00;9;54.62;0.14;23.26;210.00;7;42.48;0.13;23.26;270.00;9;54.62;0.19;23.26;60.00;2;12.14;0.03;23.26;0.00;0;0.00;0.00;0.00;0.00;0;0.00;0.00;0.00;0.00;0;0.00;0.00;0.00;0.00;0;0.00;0.00;0.00;540.00;18;85.19;0.16;18.14;180.00;6;28.40;0.06;18.14;0.00;0;0.00;0.00;0.00;0.00;0;0.00;0.00;0.00;0.00;0;0.00;0.00;0.00;0.00;0;0.00;0.00;0.00;0.00;0;0.00;0.00;0.00;0.00;0;0.00;0.00;0.00;0.00;0;0.00;0.00;0.00;0.00;0;0.00;0.00;0.00;0.00;0;0.00;0.00;0.00;0.00;0;0.00;0.00;0.00;0.00;0;0.00;0.00;0.00;0.00;0;0.00;0.00;0.00;0.00;0;0.00;0.00;0.00
46312;CAPPY JCE APPLE;19;12731.92;488;2141.16;0.11;19.34;0.00;0;0.00;0.00;0.00;158.92;8;20.80;0.07;15.05;79.96;4;10.83;0.03;15.58;0.00;0;0.00;0.00;0.00;0.00;0;0.00;0.00;0.00;0.00;0;0.00;0.00;0.00;0.00;0;0.00;0.00;0.00;0.00;0;0.00;0.00;0.00;0.00;0;0.00;0.00;0.00;339.83;17;46.04;0.09;15.58;539.73;27;73.13;0.15;15.58;885.66;41;124.50;0.26;16.17;703.68;32;99.66;0.23;16.29;615.72;28;87.20;0.20;16.29;725.67;33;102.77;0.34;16.29;505.77;23;71.63;0.24;16.29;43.98;2;6.23;0.02;16.29;0.00;0;0.00;0.00;0.00;55.98;2;11.31;0.03;23.24;195.93;7;39.60;0.11;23.24;223.92;8;45.26;0.12;23.24;335.88;12;67.88;0.13;23.24;279.90;10;56.57;0.10;23.24;587.79;21;118.80;0.26;23.24;351.96;12;81.87;0.18;26.75;0.00;0;0.00;0.00;0.00;450.00;15;91.03;0.24;23.26;60.00;2;12.14;0.04;23.26;300.00;10;60.68;0.21;23.26;570.00;19;115.30;0.33;23.26;300.00;10;60.68;0.18;23.26;210.00;7;34.46;0.08;18.87;240.00;8;37.86;0.11;18.14;420.00;14;66.26;0.13;18.14;210.00;7;33.13;0.06;18.14;390.00;13;61.52;0.12;18.14;240.00;8;37.86;0.08;18.14;420.00;14;66.26;0.21;18.14;180.00;6;28.40;0.07;18.14;270.00;9;42.59;0.14;18.14;180.00;6;25.11;0.10;16.04;240.00;8;33.48;0.13;16.04;270.00;9;37.66;0.12;16.04;127.96;4;25.85;0.07;23.23;255.92;8;51.70;0.15;23.23;351.89;11;71.09;0.16;23.23;159.95;5;32.32;0.06;23.23;255.92;8;51.70;0.15;23.23;0.00;0;0.00;0.00;0.00
47157;CAPPY JCE APPLE &KIWI;19;4229.13;187;1021.94;0.05;27.79;678.66;34;105.69;0.28;17.91;767.63;37;125.34;0.40;18.78;719.70;30;204.07;0.65;32.61;647.73;27;180.67;0.59;32.08;383.84;16;111.50;0.33;33.41;479.80;20;139.37;0.41;33.41;335.86;14;92.57;0.25;31.70;215.91;9;62.72;0.13;33.41;0.00;0;0.00;0.00;0.00;0.00;0;0.00;0.00;0.00;0.00;0;0.00;0.00;0.00;0.00;0;0.00;0.00;0.00;0.00;0;0.00;0.00;0.00;0.00;0;0.00;0.00;0.00;0.00;0;0.00;0.00;0.00;0.00;0;0.00;0.00;0.00;0.00;0;0.00;0.00;0.00;0.00;0;0.00;0.00;0.00;0.00;0;0.00;0.00;0.00;0.00;0;0.00;0.00;0.00;0.00;0;0.00;0.00;0.00;0.00;0;0.00;0.00;0.00;0.00;0;0.00;0.00;0.00;0.00;0;0.00;0.00;0.00;0.00;0;0.00;0.00;0.00;0.00;0;0.00;0.00;0.00;0.00;0;0.00;0.00;0.00;0.00;0;0.00;0.00;0.00;0.00;0;0.00;0.00;0.00;0.00;0;0.00;0.00;0.00;0.00;0;0.00;0.00;0.00;0.00;0;0.00;0.00;0.00;0.00;0;0.00;0.00;0.00;0.00;0;0.00;0.00;0.00;0.00;0;0.00;0.00;0.00;0.00;0;0.00;0.00;0.00;0.00;0;0.00;0.00;0.00;0.00;0;0.00;0.00;0.00;0.00;0;0.00;0.00;0.00;0.00;0;0.00;0.00;0.00;0.00;0;0.00;0.00;0.00;0.00;0;0.00;0.00;0.00;0.00;0;0.00;0.00;0.00;0.00;0;0.00;0.00;0.00;0.00;0;0.00;0.00;0.00;0.00;0;0.00;0.00;0.00;0.00;0;0.00;0.00;0.00;0.00;0;0.00;0.00;0.00;0.00;0;0.00;0.00;0.00
47159;CAPPY JCE PINEAPPLE;19;3196.85;143;748.20;0.04;26.92;658.67;33;102.55;0.27;17.91;619.70;30;96.45;0.31;17.90;191.92;8;55.75;0.18;33.41;359.85;15;102.04;0.33;32.61;191.92;8;55.75;0.17;33.41;215.91;9;62.72;0.18;33.41;623.74;26;178.69;0.48;32.95;47.98;2;13.94;0.03;33.41;0.00;0;0.00;0.00;0.00;287.16;12;80.32;0.16;32.17;0.00;0;0.00;0.00;0.00;0.00;0;0.00;0.00;0.00;0.00;0;0.00;0.00;0.00;0.00;0;0.00;0.00;0.00;0.00;0;0.00;0.00;0.00;0.00;0;0.00;0.00;0.00;0.00;0;0.00;0.00;0.00;0.00;0;0.00;0.00;0.00;0.00;0;0.00;0.00;0.00;0.00;0;0.00;0.00;0.00;0.00;0;0.00;0.00;0.00;0.00;0;0.00;0.00;0.00;0.00;0;0.00;0.00;0.00;0.00;0;0.00;0.00;0.00;0.00;0;0.00;0.00;0.00;0.00;0;0.00;0.00;0.00;0.00;0;0.00;0.00;0.00;0.00;0;0.00;0.00;0.00;0.00;0;0.00;0.00;0.00;0.00;0;0.00;0.00;0.00;0.00;0;0.00;0.00;0.00;0.00;0;0.00;0.00;0.00;0.00;0;0.00;0.00;0.00;0.00;0;0.00;0.00;0.00;0.00;0;0.00;0.00;0.00;0.00;0;0.00;0.00;0.00;0.00;0;0.00;0.00;0.00;0.00;0;0.00;0.00;0.00;0.00;0;0.00;0.00;0.00;0.00;0;0.00;0.00;0.00;0.00;0;0.00;0.00;0.00;0.00;0;0.00;0.00;0.00;0.00;0;0.00;0.00;0.00;0.00;0;0.00;0.00;0.00;0.00;0;0.00;0.00;0.00;0.00;0;0.00;0.00;0.00;0.00;0;0.00;0.00;0.00;0.00;0;0.00;0.00;0.00;0.00;0;0.00;0.00;0.00
48190;POWERADE ISLAND BURST;19;3027.21;242;527.50;0.03;20.04;0.00;0;0.00;0.00;0.00;0.00;0;0.00;0.00;0.00;588.00;49;102.83;0.33;20.11;300.00;25;52.46;0.17;20.11;252.00;21;44.07;0.13;20.11;491.40;41;85.52;0.25;20.01;264.00;22;46.17;0.12;20.11;0.00;0;0.00;0.00;0.00;0.00;0;0.00;0.00;0.00;0.00;0;0.00;0.00;0.00;0.00;0;0.00;0.00;0.00;0.00;0;0.00;0.00;0.00;0.00;0;0.00;0.00;0.00;0.00;0;0.00;0.00;0.00;0.00;0;0.00;0.00;0.00;0.00;0;0.00;0.00;0.00;202.35;15;35.29;0.10;20.06;376.37;28;64.70;0.20;19.77;229.33;17;40.00;0.11;20.06;256.31;19;44.70;0.12;20.06;67.45;5;11.76;0.03;20.06;0.00;0;0.00;0.00;0.00;0.00;0;0.00;0.00;0.00;0.00;0;0.00;0.00;0.00;0.00;0;0.00;0.00;0.00;0.00;0;0.00;0.00;0.00;0.00;0;0.00;0.00;0.00;0.00;0;0.00;0.00;0.00;0.00;0;0.00;0.00;0.00;0.00;0;0.00;0.00;0.00;0.00;0;0.00;0.00;0.00;0.00;0;0.00;0.00;0.00;0.00;0;0.00;0.00;0.00;0.00;0;0.00;0.00;0.00;0.00;0;0.00;0.00;0.00;0.00;0;0.00;0.00;0.00;0.00;0;0.00;0.00;0.00;0.00;0;0.00;0.00;0.00;0.00;0;0.00;0.00;0.00;0.00;0;0.00;0.00;0.00;0.00;0;0.00;0.00;0.00;0.00;0;0.00;0.00;0.00;0.00;0;0.00;0.00;0.00;0.00;0;0.00;0.00;0.00;0.00;0;0.00;0.00;0.00;0.00;0;0.00;0.00;0.00;0.00;0;0.00;0.00;0.00;0.00;0;0.00;0.00;0.00;0.00;0;0.00;0.00;0.00
48192;MONSTER ULTRA FIESTA MANGO;19;26935.62;1 530;4916.46;0.26;20.99;0.00;0;0.00;0.00;0.00;0.00;0;0.00;0.00;0.00;1310.42;83;250.83;0.80;22.01;1274.25;75;276.25;0.91;24.93;1444.00;91;162.16;0.48;12.91;1036.39;61;222.65;0.65;24.71;1070.37;63;199.11;0.54;21.39;1562.23;92;274.69;0.59;20.22;1022.43;57;217.60;0.51;24.48;1717.94;105;230.42;0.45;15.42;1705.46;101;221.90;0.45;14.96;683.62;38;146.81;0.31;24.70;1352.54;81;148.52;0.35;12.63;1007.44;56;216.35;0.49;24.70;693.13;41;94.78;0.31;15.73;702.63;37;175.12;0.58;28.66;275.88;15;56.90;0.17;23.72;656.73;36;137.35;0.42;24.05;1043.64;60;196.58;0.53;21.66;1063.72;66;134.87;0.37;14.58;923.64;54;112.50;0.31;14.01;753.62;44;92.95;0.18;14.18;816.18;44;157.14;0.29;22.14;661.20;35;124.95;0.27;21.73;1132.34;57;255.51;0.56;25.95;966.46;44;259.91;0.63;30.93;637.71;29;171.94;0.45;31.01;458.49;21;121.64;0.37;30.51;371.63;17;98.88;0.34;30.60;482.68;22;129.48;0.37;30.85;108.85;5;28.69;0.08;30.31;0.00;0;0.00;0.00;0.00;0.00;0;0.00;0.00;0.00;0.00;0;0.00;0.00;0.00;0.00;0;0.00;0.00;0.00;0.00;0;0.00;0.00;0.00;0.00;0;0.00;0.00;0.00;0.00;0;0.00;0.00;0.00;0.00;0;0.00;0.00;0.00;0.00;0;0.00;0.00;0.00;0.00;0;0.00;0.00;0.00;0.00;0;0.00;0.00;0.00;0.00;0;0.00;0.00;0.00;0.00;0;0.00;0.00;0.00;0.00;0;0.00;0.00;0.00;0.00;0;0.00;0.00;0.00;0.00;0;0.00;0.00;0.00;0.00;0;0.00;0.00;0.00;0.00;0;0.00;0.00;0.00
48193;MONSTER ULTRA WATERMELON;19;47502.96;2 692;1817.72;0.10;4.40;0.00;0;0.00;0.00;0.00;0.00;0;0.00;0.00;0.00;1588.31;101;201.43;0.64;14.58;305.82;18;30.05;0.10;11.30;322.81;19;31.71;0.09;11.30;1189.30;70;116.84;0.34;11.30;900.47;53;51.36;0.14;6.56;628.63;37;33.16;0.07;6.07;891.50;50;81.33;0.19;10.49;1733.77;102;140.62;0.27;9.33;1358.57;82;43.39;0.09;3.67;647.64;36;63.57;0.13;11.29;1400.48;83;65.96;0.16;5.42;1063.42;58;119.81;0.27;12.96;341.82;18;47.44;0.16;15.96;189.90;10;26.35;0.09;15.96;490.75;26;65.92;0.19;15.45;682.75;38;73.27;0.22;12.34;933.69;54;92.55;0.25;11.40;948.70;57;71.88;0.20;8.71;1025.88;59;73.28;0.20;8.22;1098.27;66;39.09;0.08;4.09;1442.46;81;139.08;0.25;11.09;758.65;39;69.66;0.15;10.56;1161.90;56;172.56;0.38;17.08;615.72;28;100.23;0.24;18.72;1105.37;63;-17.97;-0.05;-1.87;329.85;15;53.69;0.16;18.72;505.77;23;82.33;0.29;18.72;725.59;34;102.51;0.29;16.25;1279.56;72;-6.38;-0.02;-0.57;1404.08;80;-22.44;-0.05;-1.84;1651.63;99;-102.48;-0.29;-7.14;1730.31;97;-2.98;-0.01;-0.20;1605.67;97;-111.36;-0.21;-7.98;1672.38;95;-22.27;-0.04;-1.53;1552.09;91;-64.70;-0.13;-4.79;911.52;48;46.60;0.15;5.88;1163.65;67;-29.46;-0.07;-2.91;531.72;28;27.18;0.09;5.88;792.78;47;-41.11;-0.16;-5.96;1010.61;57;-7.11;-0.03;-0.81;1365.63;82;-86.96;-0.28;-7.32;1260.66;75;-69.44;-0.20;-6.33;883.59;48;22.31;0.06;2.90;667.65;35;36.59;0.08;6.30;1655.58;93;-5.79;-0.01;-0.40;1056.50;58;17.25;0.05;1.88;919.56;47;69.13;0.18;8.65
49294;FANTA RED  APPLE;19;10156.42;775;-751.91;-0.04;-8.51;0.00;0;0.00;0.00;0.00;0.00;0;0.00;0.00;0.00;0.00;0;0.00;0.00;0.00;0.00;0;0.00;0.00;0.00;56.97;3;11.44;0.03;23.10;493.74;26;99.18;0.29;23.10;883.38;47;131.92;0.35;17.17;451.24;24;66.63;0.14;16.98;170.91;9;34.33;0.08;23.10;94.95;5;19.07;0.04;23.10;0.00;0;0.00;0.00;0.00;0.00;0;0.00;0.00;0.00;147.02;8;28.68;0.07;22.43;2765.23;171;106.21;0.24;4.42;5092.98;482;-1249.38;-4.12;-28.21;0.00;0;0.00;0.00;0.00;0.00;0;0.00;0.00;0.00;0.00;0;0.00;0.00;0.00;0.00;0;0.00;0.00;0.00;0.00;0;0.00;0.00;0.00;0.00;0;0.00;0.00;0.00;0.00;0;0.00;0.00;0.00;0.00;0;0.00;0.00;0.00;0.00;0;0.00;0.00;0.00;0.00;0;0.00;0.00;0.00;0.00;0;0.00;0.00;0.00;0.00;0;0.00;0.00;0.00;0.00;0;0.00;0.00;0.00;0.00;0;0.00;0.00;0.00;0.00;0;0.00;0.00;0.00;0.00;0;0.00;0.00;0.00;0.00;0;0.00;0.00;0.00;0.00;0;0.00;0.00;0.00;0.00;0;0.00;0.00;0.00;0.00;0;0.00;0.00;0.00;0.00;0;0.00;0.00;0.00;0.00;0;0.00;0.00;0.00;0.00;0;0.00;0.00;0.00;0.00;0;0.00;0.00;0.00;0.00;0;0.00;0.00;0.00;0.00;0;0.00;0.00;0.00;0.00;0;0.00;0.00;0.00;0.00;0;0.00;0.00;0.00;0.00;0;0.00;0.00;0.00;0.00;0;0.00;0.00;0.00;0.00;0;0.00;0.00;0.00;0.00;0;0.00;0.00;0.00;0.00;0;0.00;0.00;0.00;0.00;0;0.00;0.00;0.00
49306;MONSTER MEGA CAN;19;65670.39;2 731;17466.14;0.91;30.59;0.00;0;0.00;0.00;0.00;0.00;0;0.00;0.00;0.00;0.00;0;0.00;0.00;0.00;0.00;0;0.00;0.00;0.00;439.80;20;123.43;0.37;32.27;1539.30;70;431.99;1.27;32.27;2106.92;93;766.22;2.06;41.82;1333.42;58;441.09;0.95;38.04;1885.18;82;521.37;1.21;31.80;2505.91;109;693.05;1.34;31.80;827.64;36;228.90;0.47;31.80;2042.99;101;581.33;1.23;32.72;1979.01;99;461.10;1.08;26.79;2070.08;92;545.83;1.23;30.32;988.57;43;273.40;0.90;31.80;1149.50;50;317.91;1.06;31.80;1448.37;63;400.57;1.17;31.80;1608.15;70;444.07;1.35;31.76;2115.08;92;584.96;1.59;31.80;1379.40;60;399.08;1.09;33.27;1816.21;79;545.29;1.49;34.53;1317.38;62;374.56;0.74;32.70;139.93;7;39.93;0.07;32.81;0.00;0;0.00;0.00;0.00;215.91;9;46.63;0.10;24.84;791.67;33;170.99;0.41;24.84;1055.56;44;227.99;0.59;24.84;815.66;34;176.17;0.54;24.84;431.82;18;109.01;0.38;29.03;1150.50;50;241.20;0.69;24.11;1172.49;51;219.91;0.64;21.57;1611.38;62;429.08;1.03;30.62;2728.95;105;726.67;2.06;30.62;2780.93;107;740.51;1.42;30.62;2157.17;83;752.03;1.42;40.09;2079.20;80;733.52;1.48;40.57;2261.13;87;797.70;1.59;40.57;1741.33;67;470.43;1.49;31.07;1325.49;51;352.95;0.87;30.62;649.75;25;173.02;0.55;30.62;0.00;0;0.00;0.00;0.00;0.00;0;0.00;0.00;0.00;1429.45;55;414.36;1.35;33.34;2547.02;98;628.35;1.80;28.37;1689.35;65;316.84;0.89;21.57;2702.96;104;506.94;1.15;21.57;3092.81;119;580.06;1.10;21.57;1221.53;47;229.10;0.65;21.57;1325.49;51;248.60;0.64;21.57
49366;FANTA PASSION FRUIT;19;30694.88;1 719;-2854.20;-0.15;-10.69;0.00;0;0.00;0.00;0.00;0.00;0;0.00;0.00;0.00;0.00;0;0.00;0.00;0.00;0.00;0;0.00;0.00;0.00;0.00;0;0.00;0.00;0.00;1144.00;52;131.12;0.38;13.18;2401.41;114;175.83;0.47;8.42;928.53;43;86.96;0.19;10.77;990.00;45;113.47;0.26;13.18;1654.00;77;169.32;0.33;11.77;1888.90;91;136.57;0.28;8.31;1364.55;60;180.09;0.38;15.18;1453.93;65;131.89;0.31;10.43;424.42;19;35.96;0.08;9.74;322.00;14;36.97;0.12;13.20;629.00;28;60.90;0.20;11.13;299.00;13;34.33;0.10;13.20;6885.45;612;-4636.46;-14.11;-77.44;456.00;21;39.90;0.11;10.06;612.00;27;88.01;0.24;16.54;2443.50;118;82.70;0.23;3.89;4680.77;225;100.72;0.20;2.47;751.91;35;42.10;0.08;6.44;781.66;34;89.49;0.19;13.17;583.85;26;45.92;0.10;9.05;0.00;0;0.00;0.00;0.00;0.00;0;0.00;0.00;0.00;0.00;0;0.00;0.00;0.00;0.00;0;0.00;0.00;0.00;0.00;0;0.00;0.00;0.00;0.00;0;0.00;0.00;0.00;0.00;0;0.00;0.00;0.00;0.00;0;0.00;0.00;0.00;0.00;0;0.00;0.00;0.00;0.00;0;0.00;0.00;0.00;0.00;0;0.00;0.00;0.00;0.00;0;0.00;0.00;0.00;0.00;0;0.00;0.00;0.00;0.00;0;0.00;0.00;0.00;0.00;0;0.00;0.00;0.00;0.00;0;0.00;0.00;0.00;0.00;0;0.00;0.00;0.00;0.00;0;0.00;0.00;0.00;0.00;0;0.00;0.00;0.00;0.00;0;0.00;0.00;0.00;0.00;0;0.00;0.00;0.00;0.00;0;0.00;0.00;0.00;0.00;0;0.00;0.00;0.00;0.00;0;0.00;0.00;0.00
49433;FANTA WTF NRB;19;8100.46;371;902.52;0.05;12.81;0.00;0;0.00;0.00;0.00;0.00;0;0.00;0.00;0.00;0.00;0;0.00;0.00;0.00;0.00;0;0.00;0.00;0.00;0.00;0;0.00;0.00;0.00;1430.00;65;163.85;0.48;13.18;1730.23;80;177.09;0.48;11.77;850.71;39;89.88;0.19;12.15;792.00;36;90.75;0.21;13.18;1134.00;53;125.18;0.24;12.69;1040.97;49;103.69;0.21;11.45;501.82;22;66.76;0.14;15.30;620.73;27;85.34;0.20;15.81;0.00;0;0.00;0.00;0.00;0.00;0;0.00;0.00;0.00;0.00;0;0.00;0.00;0.00;0.00;0;0.00;0.00;0.00;0.00;0;0.00;0.00;0.00;0.00;0;0.00;0.00;0.00;0.00;0;0.00;0.00;0.00;0.00;0;0.00;0.00;0.00;0.00;0;0.00;0.00;0.00;0.00;0;0.00;0.00;0.00;0.00;0;0.00;0.00;0.00;0.00;0;0.00;0.00;0.00;0.00;0;0.00;0.00;0.00;0.00;0;0.00;0.00;0.00;0.00;0;0.00;0.00;0.00;0.00;0;0.00;0.00;0.00;0.00;0;0.00;0.00;0.00;0.00;0;0.00;0.00;0.00;0.00;0;0.00;0.00;0.00;0.00;0;0.00;0.00;0.00;0.00;0;0.00;0.00;0.00;0.00;0;0.00;0.00;0.00;0.00;0;0.00;0.00;0.00;0.00;0;0.00;0.00;0.00;0.00;0;0.00;0.00;0.00;0.00;0;0.00;0.00;0.00;0.00;0;0.00;0.00;0.00;0.00;0;0.00;0.00;0.00;0.00;0;0.00;0.00;0.00;0.00;0;0.00;0.00;0.00;0.00;0;0.00;0.00;0.00;0.00;0;0.00;0.00;0.00;0.00;0;0.00;0.00;0.00;0.00;0;0.00;0.00;0.00;0.00;0;0.00;0.00;0.00;0.00;0;0.00;0.00;0.00
49434;FANTA WTH NRB;19;5296.93;431;1055.07;0.06;22.91;0.00;0;0.00;0.00;0.00;0.00;0;0.00;0.00;0.00;0.00;0;0.00;0.00;0.00;0.00;0;0.00;0.00;0.00;0.00;0;0.00;0.00;0.00;864.00;72;158.11;0.46;21.04;0.00;0;0.00;0.00;0.00;1506.70;122;305.03;0.66;23.28;1432.60;116;290.03;0.67;23.28;1407.90;114;285.03;0.55;23.28;85.73;7;16.88;0.03;22.64;0.00;0;0.00;0.00;0.00;0.00;0;0.00;0.00;0.00;0.00;0;0.00;0.00;0.00;0.00;0;0.00;0.00;0.00;0.00;0;0.00;0.00;0.00;0.00;0;0.00;0.00;0.00;0.00;0;0.00;0.00;0.00;0.00;0;0.00;0.00;0.00;0.00;0;0.00;0.00;0.00;0.00;0;0.00;0.00;0.00;0.00;0;0.00;0.00;0.00;0.00;0;0.00;0.00;0.00;0.00;0;0.00;0.00;0.00;0.00;0;0.00;0.00;0.00;0.00;0;0.00;0.00;0.00;0.00;0;0.00;0.00;0.00;0.00;0;0.00;0.00;0.00;0.00;0;0.00;0.00;0.00;0.00;0;0.00;0.00;0.00;0.00;0;0.00;0.00;0.00;0.00;0;0.00;0.00;0.00;0.00;0;0.00;0.00;0.00;0.00;0;0.00;0.00;0.00;0.00;0;0.00;0.00;0.00;0.00;0;0.00;0.00;0.00;0.00;0;0.00;0.00;0.00;0.00;0;0.00;0.00;0.00;0.00;0;0.00;0.00;0.00;0.00;0;0.00;0.00;0.00;0.00;0;0.00;0.00;0.00;0.00;0;0.00;0.00;0.00;0.00;0;0.00;0.00;0.00;0.00;0;0.00;0.00;0.00;0.00;0;0.00;0.00;0.00;0.00;0;0.00;0.00;0.00;0.00;0;0.00;0.00;0.00;0.00;0;0.00;0.00;0.00;0.00;0;0.00;0.00;0.00
49499;COCA COLA CAN ZERO;19;13734.31;1 269;1707.89;0.09;14.30;0.00;0;0.00;0.00;0.00;0.00;0;0.00;0.00;0.00;0.00;0;0.00;0.00;0.00;0.00;0;0.00;0.00;0.00;0.00;0;0.00;0.00;0.00;357.00;33;62.31;0.18;20.07;504.00;48;77.35;0.21;17.65;700.00;68;97.40;0.21;16.00;603.00;57;95.76;0.22;18.26;539.00;49;100.26;0.19;21.39;586.00;56;88.50;0.18;17.37;1005.60;90;151.87;0.32;17.37;551.94;54;36.96;0.09;7.70;479.60;40;88.91;0.20;21.32;35.97;3;6.67;0.02;21.32;83.93;7;15.56;0.05;21.32;383.88;36;38.49;0.11;11.53;611.69;55;80.72;0.25;15.18;515.77;47;62.94;0.17;14.03;707.81;67;65.86;0.18;10.70;779.55;69;111.83;0.31;16.50;983.23;83;174.10;0.34;20.36;1319.70;126;113.94;0.21;9.93;1919.75;187;135.31;0.29;8.11;748.89;64;93.30;0.21;14.33;0.00;0;0.00;0.00;0.00;253.00;25;-2.21;-0.01;-1.01;65.00;5;12.08;0.04;21.37;0.00;0;0.00;0.00;0.00;0.00;0;0.00;0.00;0.00;0.00;0;0.00;0.00;0.00;0.00;0;0.00;0.00;0.00;0.00;0;0.00;0.00;0.00;0.00;0;0.00;0.00;0.00;0.00;0;0.00;0.00;0.00;0.00;0;0.00;0.00;0.00;0.00;0;0.00;0.00;0.00;0.00;0;0.00;0.00;0.00;0.00;0;0.00;0.00;0.00;0.00;0;0.00;0.00;0.00;0.00;0;0.00;0.00;0.00;0.00;0;0.00;0.00;0.00;0.00;0;0.00;0.00;0.00;0.00;0;0.00;0.00;0.00;0.00;0;0.00;0.00;0.00;0.00;0;0.00;0.00;0.00;0.00;0;0.00;0.00;0.00;0.00;0;0.00;0.00;0.00;0.00;0;0.00;0.00;0.00
49736;FANTA PASSION FRUIT;19;1235.00;95;226.09;0.01;21.05;0.00;0;0.00;0.00;0.00;0.00;0;0.00;0.00;0.00;0.00;0;0.00;0.00;0.00;0.00;0;0.00;0.00;0.00;0.00;0;0.00;0.00;0.00;0.00;0;0.00;0.00;0.00;0.00;0;0.00;0.00;0.00;0.00;0;0.00;0.00;0.00;0.00;0;0.00;0.00;0.00;0.00;0;0.00;0.00;0.00;0.00;0;0.00;0.00;0.00;0.00;0;0.00;0.00;0.00;0.00;0;0.00;0.00;0.00;0.00;0;0.00;0.00;0.00;182.00;14;33.32;0.11;21.05;143.00;11;26.18;0.09;21.05;143.00;11;26.18;0.08;21.05;455.00;35;83.30;0.25;21.05;260.00;20;47.60;0.13;21.05;52.00;4;9.52;0.03;21.05;0.00;0;0.00;0.00;0.00;0.00;0;0.00;0.00;0.00;0.00;0;0.00;0.00;0.00;0.00;0;0.00;0.00;0.00;0.00;0;0.00;0.00;0.00;0.00;0;0.00;0.00;0.00;0.00;0;0.00;0.00;0.00;0.00;0;0.00;0.00;0.00;0.00;0;0.00;0.00;0.00;0.00;0;0.00;0.00;0.00;0.00;0;0.00;0.00;0.00;0.00;0;0.00;0.00;0.00;0.00;0;0.00;0.00;0.00;0.00;0;0.00;0.00;0.00;0.00;0;0.00;0.00;0.00;0.00;0;0.00;0.00;0.00;0.00;0;0.00;0.00;0.00;0.00;0;0.00;0.00;0.00;0.00;0;0.00;0.00;0.00;0.00;0;0.00;0.00;0.00;0.00;0;0.00;0.00;0.00;0.00;0;0.00;0.00;0.00;0.00;0;0.00;0.00;0.00;0.00;0;0.00;0.00;0.00;0.00;0;0.00;0.00;0.00;0.00;0;0.00;0.00;0.00;0.00;0;0.00;0.00;0.00;0.00;0;0.00;0.00;0.00;0.00;0;0.00;0.00;0.00
49737;FANTA RED APPLE;19;1287.98;240;-1021.89;-0.05;-91.24;0.00;0;0.00;0.00;0.00;0.00;0;0.00;0.00;0.00;0.00;0;0.00;0.00;0.00;0.00;0;0.00;0.00;0.00;0.00;0;0.00;0.00;0.00;0.00;0;0.00;0.00;0.00;0.00;0;0.00;0.00;0.00;0.00;0;0.00;0.00;0.00;0.00;0;0.00;0.00;0.00;0.00;0;0.00;0.00;0.00;0.00;0;0.00;0.00;0.00;0.00;0;0.00;0.00;0.00;0.00;0;0.00;0.00;0.00;135.98;12;11.15;0.03;9.43;1152.00;228;-1033.04;-3.40;-99.99;0.00;0;0.00;0.00;0.00;0.00;0;0.00;0.00;0.00;0.00;0;0.00;0.00;0.00;0.00;0;0.00;0.00;0.00;0.00;0;0.00;0.00;0.00;0.00;0;0.00;0.00;0.00;0.00;0;0.00;0.00;0.00;0.00;0;0.00;0.00;0.00;0.00;0;0.00;0.00;0.00;0.00;0;0.00;0.00;0.00;0.00;0;0.00;0.00;0.00;0.00;0;0.00;0.00;0.00;0.00;0;0.00;0.00;0.00;0.00;0;0.00;0.00;0.00;0.00;0;0.00;0.00;0.00;0.00;0;0.00;0.00;0.00;0.00;0;0.00;0.00;0.00;0.00;0;0.00;0.00;0.00;0.00;0;0.00;0.00;0.00;0.00;0;0.00;0.00;0.00;0.00;0;0.00;0.00;0.00;0.00;0;0.00;0.00;0.00;0.00;0;0.00;0.00;0.00;0.00;0;0.00;0.00;0.00;0.00;0;0.00;0.00;0.00;0.00;0;0.00;0.00;0.00;0.00;0;0.00;0.00;0.00;0.00;0;0.00;0.00;0.00;0.00;0;0.00;0.00;0.00;0.00;0;0.00;0.00;0.00;0.00;0;0.00;0.00;0.00;0.00;0;0.00;0.00;0.00;0.00;0;0.00;0.00;0.00;0.00;0;0.00;0.00;0.00
50078;MONSTER KHAOTIC;19;31685.87;1 775;7119.24;0.37;25.84;0.00;0;0.00;0.00;0.00;0.00;0;0.00;0.00;0.00;0.00;0;0.00;0.00;0.00;0.00;0;0.00;0.00;0.00;0.00;0;0.00;0.00;0.00;0.00;0;0.00;0.00;0.00;1206.29;71;278.89;0.75;26.59;1885.89;111;436.02;0.94;26.59;1908.02;108;487.80;1.13;29.40;1599.78;93;364.15;0.71;26.18;1548.63;92;216.01;0.44;16.04;1493.17;83;398.20;0.84;30.67;2087.38;126;258.48;0.61;14.24;1366.36;74;385.55;0.87;32.45;1806.01;103;340.12;1.12;21.66;1576.17;83;470.38;1.56;34.32;1645.42;92;301.11;0.88;21.04;1542.23;82;441.79;1.34;32.94;2472.33;147;431.51;1.17;20.07;1310.71;83;163.41;0.45;14.34;1115.04;63;204.86;0.56;21.13;1107.81;65;130.34;0.26;13.53;1329.93;75;310.23;0.57;26.83;951.85;49;266.41;0.58;32.19;1315.05;65;390.86;0.86;34.18;923.58;42;322.29;0.78;40.13;725.67;33;253.23;0.66;40.13;417.81;19;145.80;0.45;40.13;42.88;2;14.39;0.05;38.59;219.90;10;76.74;0.22;40.13;87.96;4;30.69;0.09;40.13;0.00;0;0.00;0.00;0.00;0.00;0;0.00;0.00;0.00;0.00;0;0.00;0.00;0.00;0.00;0;0.00;0.00;0.00;0.00;0;0.00;0.00;0.00;0.00;0;0.00;0.00;0.00;0.00;0;0.00;0.00;0.00;0.00;0;0.00;0.00;0.00;0.00;0;0.00;0.00;0.00;0.00;0;0.00;0.00;0.00;0.00;0;0.00;0.00;0.00;0.00;0;0.00;0.00;0.00;0.00;0;0.00;0.00;0.00;0.00;0;0.00;0.00;0.00;0.00;0;0.00;0.00;0.00;0.00;0;0.00;0.00;0.00;0.00;0;0.00;0.00;0.00;0.00;0;0.00;0.00;0.00
50275;COCA COLA CAN LIGHT;19;8202.46;770;888.54;0.05;12.46;0.00;0;0.00;0.00;0.00;0.00;0;0.00;0.00;0.00;0.00;0;0.00;0.00;0.00;0.00;0;0.00;0.00;0.00;0.00;0;0.00;0.00;0.00;0.00;0;0.00;0.00;0.00;0.00;0;0.00;0.00;0.00;584.00;58;71.72;0.15;14.12;482.00;46;73.29;0.17;17.49;187.00;17;34.80;0.07;21.40;275.00;25;51.17;0.10;21.40;333.94;32;29.24;0.06;10.07;695.82;66;63.64;0.15;10.52;167.86;14;31.12;0.07;21.32;71.94;6;13.34;0.04;21.32;167.86;14;31.12;0.10;21.32;59.95;5;11.11;0.03;21.32;59.95;5;11.11;0.03;21.32;1247.96;124;67.96;0.18;6.26;299.95;29;22.93;0.06;8.79;323.73;27;60.01;0.16;21.32;263.83;23;40.74;0.08;17.76;1739.85;171;110.13;0.20;7.28;695.82;66;63.64;0.14;10.52;91.00;7;16.91;0.04;21.37;117.00;9;21.74;0.05;21.37;91.00;7;16.91;0.04;21.37;247.00;19;45.90;0.14;21.37;0.00;0;0.00;0.00;0.00;0.00;0;0.00;0.00;0.00;0.00;0;0.00;0.00;0.00;0.00;0;0.00;0.00;0.00;0.00;0;0.00;0.00;0.00;0.00;0;0.00;0.00;0.00;0.00;0;0.00;0.00;0.00;0.00;0;0.00;0.00;0.00;0.00;0;0.00;0.00;0.00;0.00;0;0.00;0.00;0.00;0.00;0;0.00;0.00;0.00;0.00;0;0.00;0.00;0.00;0.00;0;0.00;0.00;0.00;0.00;0;0.00;0.00;0.00;0.00;0;0.00;0.00;0.00;0.00;0;0.00;0.00;0.00;0.00;0;0.00;0.00;0.00;0.00;0;0.00;0.00;0.00;0.00;0;0.00;0.00;0.00;0.00;0;0.00;0.00;0.00;0.00;0;0.00;0.00;0.00
50872;CAPPY APPLE BURST;19;856.91;126;193.93;0.01;26.03;0.00;0;0.00;0.00;0.00;0.00;0;0.00;0.00;0.00;0.00;0;0.00;0.00;0.00;0.00;0;0.00;0.00;0.00;0.00;0;0.00;0.00;0.00;0.00;0;0.00;0.00;0.00;0.00;0;0.00;0.00;0.00;0.00;0;0.00;0.00;0.00;156.00;26;32.55;0.08;24.00;132.00;22;27.54;0.05;24.00;0.00;0;0.00;0.00;0.00;0.00;0;0.00;0.00;0.00;0.00;0;0.00;0.00;0.00;0.00;0;0.00;0.00;0.00;14.00;2;2.92;0.01;23.99;70.00;10;14.60;0.05;23.99;70.00;10;14.60;0.04;23.99;14.00;2;2.92;0.01;23.99;63.00;9;13.14;0.04;23.99;56.00;8;11.68;0.03;23.99;35.00;5;7.30;0.02;23.99;14.00;2;2.92;0.01;23.99;80.96;11;19.51;0.04;27.71;39.95;5;11.61;0.03;33.41;8.00;1;2.33;0.01;33.49;24.00;3;6.99;0.02;33.49;32.00;4;9.32;0.02;33.49;0.00;0;0.00;0.00;0.00;40.00;5;11.65;0.04;33.49;8.00;1;2.33;0.01;33.49;0.00;0;0.00;0.00;0.00;0.00;0;0.00;0.00;0.00;0.00;0;0.00;0.00;0.00;0.00;0;0.00;0.00;0.00;0.00;0;0.00;0.00;0.00;0.00;0;0.00;0.00;0.00;0.00;0;0.00;0.00;0.00;0.00;0;0.00;0.00;0.00;0.00;0;0.00;0.00;0.00;0.00;0;0.00;0.00;0.00;0.00;0;0.00;0.00;0.00;0.00;0;0.00;0.00;0.00;0.00;0;0.00;0.00;0.00;0.00;0;0.00;0.00;0.00;0.00;0;0.00;0.00;0.00;0.00;0;0.00;0.00;0.00;0.00;0;0.00;0.00;0.00;0.00;0;0.00;0.00;0.00;0.00;0;0.00;0.00;0.00
50974;SPRITE MINT & LEMON LIME;19;5361.55;493;-3430.37;-0.18;-73.58;0.00;0;0.00;0.00;0.00;0.00;0;0.00;0.00;0.00;0.00;0;0.00;0.00;0.00;0.00;0;0.00;0.00;0.00;0.00;0;0.00;0.00;0.00;0.00;0;0.00;0.00;0.00;0.00;0;0.00;0.00;0.00;0.00;0;0.00;0.00;0.00;284.85;15;12.25;0.03;4.95;56.97;3;2.45;0.00;4.95;0.00;0;0.00;0.00;0.00;0.00;0;0.00;0.00;0.00;0.00;0;0.00;0.00;0.00;0.00;0;0.00;0.00;0.00;0.00;0;0.00;0.00;0.00;0.00;0;0.00;0.00;0.00;0.00;0;0.00;0.00;0.00;0.00;0;0.00;0.00;0.00;99.95;5;4.70;0.01;5.41;1179.96;114;-848.36;-2.32;-82.68;3629.82;345;-2516.20;-6.88;-79.72;110.00;11;-85.21;-0.17;-89.09;0.00;0;0.00;0.00;0.00;0.00;0;0.00;0.00;0.00;0.00;0;0.00;0.00;0.00;0.00;0;0.00;0.00;0.00;0.00;0;0.00;0.00;0.00;0.00;0;0.00;0.00;0.00;0.00;0;0.00;0.00;0.00;0.00;0;0.00;0.00;0.00;0.00;0;0.00;0.00;0.00;0.00;0;0.00;0.00;0.00;0.00;0;0.00;0.00;0.00;0.00;0;0.00;0.00;0.00;0.00;0;0.00;0.00;0.00;0.00;0;0.00;0.00;0.00;0.00;0;0.00;0.00;0.00;0.00;0;0.00;0.00;0.00;0.00;0;0.00;0.00;0.00;0.00;0;0.00;0.00;0.00;0.00;0;0.00;0.00;0.00;0.00;0;0.00;0.00;0.00;0.00;0;0.00;0.00;0.00;0.00;0;0.00;0.00;0.00;0.00;0;0.00;0.00;0.00;0.00;0;0.00;0.00;0.00;0.00;0;0.00;0.00;0.00;0.00;0;0.00;0.00;0.00;0.00;0;0.00;0.00;0.00
50976;CAPPY BERRY BURST;19;2744.89;432;546.22;0.03;22.88;0.00;0;0.00;0.00;0.00;0.00;0;0.00;0.00;0.00;0.00;0;0.00;0.00;0.00;0.00;0;0.00;0.00;0.00;0.00;0;0.00;0.00;0.00;0.00;0;0.00;0.00;0.00;0.00;0;0.00;0.00;0.00;0.00;0;0.00;0.00;0.00;132.00;22;27.54;0.06;24.00;210.00;35;43.82;0.08;24.00;588.00;98;122.70;0.25;24.00;522.00;87;106.94;0.23;23.56;414.00;69;40.77;0.10;11.32;7.00;1;1.46;0.00;23.99;49.00;7;10.22;0.03;23.99;28.00;4;5.84;0.02;23.99;56.00;8;11.68;0.03;23.99;77.00;11;16.06;0.05;23.99;91.00;13;18.99;0.05;23.99;56.00;8;11.68;0.03;23.99;77.00;11;16.06;0.04;23.99;112.00;16;23.37;0.05;23.99;85.98;12;19.25;0.04;25.74;55.93;7;16.25;0.04;33.41;55.98;7;16.29;0.04;33.47;32.00;4;9.32;0.02;33.49;40.00;5;11.65;0.03;33.49;32.00;4;9.32;0.03;33.49;24.00;3;6.99;0.02;33.49;0.00;0;0.00;0.00;0.00;0.00;0;0.00;0.00;0.00;0.00;0;0.00;0.00;0.00;0.00;0;0.00;0.00;0.00;0.00;0;0.00;0.00;0.00;0.00;0;0.00;0.00;0.00;0.00;0;0.00;0.00;0.00;0.00;0;0.00;0.00;0.00;0.00;0;0.00;0.00;0.00;0.00;0;0.00;0.00;0.00;0.00;0;0.00;0.00;0.00;0.00;0;0.00;0.00;0.00;0.00;0;0.00;0.00;0.00;0.00;0;0.00;0.00;0.00;0.00;0;0.00;0.00;0.00;0.00;0;0.00;0.00;0.00;0.00;0;0.00;0.00;0.00;0.00;0;0.00;0.00;0.00;0.00;0;0.00;0.00;0.00;0.00;0;0.00;0.00;0.00
52648;POWER PLAY FRUIT PUNCH;19;8602.95;585;1619.50;0.08;21.65;0.00;0;0.00;0.00;0.00;0.00;0;0.00;0.00;0.00;0.00;0;0.00;0.00;0.00;0.00;0;0.00;0.00;0.00;0.00;0;0.00;0.00;0.00;0.00;0;0.00;0.00;0.00;0.00;0;0.00;0.00;0.00;0.00;0;0.00;0.00;0.00;0.00;0;0.00;0.00;0.00;0.00;0;0.00;0.00;0.00;0.00;0;0.00;0.00;0.00;0.00;0;0.00;0.00;0.00;0.00;0;0.00;0.00;0.00;307.78;22;58.37;0.13;21.81;83.94;6;15.92;0.05;21.81;237.83;17;45.11;0.15;21.81;339.79;25;57.67;0.17;19.52;328.88;26;38.68;0.12;13.52;349.75;25;66.33;0.18;21.81;265.81;19;50.41;0.14;21.81;0.00;0;0.00;0.00;0.00;0.00;0;0.00;0.00;0.00;378.74;26;69.80;0.13;21.19;659.56;44;125.12;0.27;21.81;280.83;17;70.95;0.16;29.05;424.75;25;114.57;0.28;31.02;254.85;15;68.74;0.18;31.02;33.98;2;9.17;0.03;31.02;101.94;6;27.50;0.10;31.02;387.36;26;71.86;0.20;21.33;271.84;16;73.32;0.21;31.02;424.75;25;114.57;0.28;31.02;288.83;17;77.91;0.22;31.02;351.78;22;81.69;0.16;26.70;449.70;30;85.31;0.16;21.81;254.83;17;48.34;0.10;21.81;503.60;40;30.26;0.06;6.91;662.47;53;35.92;0.11;6.24;179.88;12;34.12;0.08;21.81;164.89;11;31.28;0.10;21.81;74.95;5;14.22;0.06;21.81;299.80;20;56.87;0.23;21.81;164.89;11;31.28;0.10;21.81;29.98;2;5.69;0.02;21.81;14.99;1;2.84;0.01;21.81;29.98;2;5.69;0.01;21.81;0.00;0;0.00;0.00;0.00;0.00;0;0.00;0.00;0.00;0.00;0;0.00;0.00;0.00
52649;MONSTER ENERGY RESERVE PINEAPPLE;19;12618.34;707;685.94;0.04;6.25;0.00;0;0.00;0.00;0.00;0.00;0;0.00;0.00;0.00;0.00;0;0.00;0.00;0.00;0.00;0;0.00;0.00;0.00;0.00;0;0.00;0.00;0.00;0.00;0;0.00;0.00;0.00;0.00;0;0.00;0.00;0.00;0.00;0;0.00;0.00;0.00;0.00;0;0.00;0.00;0.00;0.00;0;0.00;0.00;0.00;0.00;0;0.00;0.00;0.00;0.00;0;0.00;0.00;0.00;0.00;0;0.00;0.00;0.00;455.76;24;42.92;0.10;10.83;1550.63;89;63.15;0.21;4.68;683.64;36;64.39;0.21;10.83;1121.62;63;47.67;0.14;4.89;1090.51;59;82.68;0.25;8.72;935.76;56;27.02;0.07;3.32;1163.72;73;46.38;0.13;4.58;1171.81;66;47.14;0.13;4.63;866.98;52;-11.78;-0.02;-1.56;760.85;42;51.05;0.09;7.72;745.12;41;71.11;0.15;10.97;323.84;16;32.92;0.07;11.69;0.00;0;0.00;0.00;0.00;890.49;51;-18.31;-0.05;-2.36;285.87;13;46.53;0.14;18.72;109.95;5;17.90;0.06;18.72;307.86;14;50.11;0.14;18.72;153.93;7;25.06;0.07;18.72;0.00;0;0.00;0.00;0.00;0.00;0;0.00;0.00;0.00;0.00;0;0.00;0.00;0.00;0.00;0;0.00;0.00;0.00;0.00;0;0.00;0.00;0.00;0.00;0;0.00;0.00;0.00;0.00;0;0.00;0.00;0.00;0.00;0;0.00;0.00;0.00;0.00;0;0.00;0.00;0.00;0.00;0;0.00;0.00;0.00;0.00;0;0.00;0.00;0.00;0.00;0;0.00;0.00;0.00;0.00;0;0.00;0.00;0.00;0.00;0;0.00;0.00;0.00;0.00;0;0.00;0.00;0.00;0.00;0;0.00;0.00;0.00;0.00;0;0.00;0.00;0.00;0.00;0;0.00;0.00;0.00
52657;MONSTER  PIPELINE PUNCH;19;47134.26;2 636;3090.39;0.16;7.54;0.00;0;0.00;0.00;0.00;0.00;0;0.00;0.00;0.00;0.00;0;0.00;0.00;0.00;0.00;0;0.00;0.00;0.00;0.00;0;0.00;0.00;0.00;0.00;0;0.00;0.00;0.00;0.00;0;0.00;0.00;0.00;0.00;0;0.00;0.00;0.00;0.00;0;0.00;0.00;0.00;0.00;0;0.00;0.00;0.00;0.00;0;0.00;0.00;0.00;0.00;0;0.00;0.00;0.00;0.00;0;0.00;0.00;0.00;1348.29;71;126.98;0.29;10.83;3228.51;197;-52.29;-0.17;-1.86;2582.64;136;243.23;0.81;10.83;2160.25;121;96.81;0.28;5.15;2117.18;117;130.88;0.40;7.11;3703.95;219;179.29;0.49;5.57;4040.71;242;200.52;0.55;5.71;3695.78;214;112.73;0.31;3.51;6929.21;414;-32.68;-0.06;-0.54;3931.93;216;547.84;1.00;16.02;2299.65;125;445.49;0.97;22.28;645.69;31;176.03;0.39;31.35;1099.50;50;178.98;0.43;18.72;2953.35;165;3.67;0.01;0.14;2239.68;102;362.24;1.11;18.60;1205.05;55;298.74;1.04;28.51;1310.31;69;73.48;0.21;6.45;836.67;47;-2.94;-0.01;-0.40;0.00;0;0.00;0.00;0.00;0.00;0;0.00;0.00;0.00;0.00;0;0.00;0.00;0.00;805.91;45;1.39;0.00;0.20;0.00;0;0.00;0.00;0.00;0.00;0;0.00;0.00;0.00;0.00;0;0.00;0.00;0.00;0.00;0;0.00;0.00;0.00;0.00;0;0.00;0.00;0.00;0.00;0;0.00;0.00;0.00;0.00;0;0.00;0.00;0.00;0.00;0;0.00;0.00;0.00;0.00;0;0.00;0.00;0.00;0.00;0;0.00;0.00;0.00;0.00;0;0.00;0.00;0.00;0.00;0;0.00;0.00;0.00;0.00;0;0.00;0.00;0.00;0.00;0;0.00;0.00;0.00
53323;COKE GLASS NO SUGAR;19;21673.50;2 103;5087.82;0.27;27.00;0.00;0;0.00;0.00;0.00;0.00;0;0.00;0.00;0.00;0.00;0;0.00;0.00;0.00;0.00;0;0.00;0.00;0.00;0.00;0;0.00;0.00;0.00;0.00;0;0.00;0.00;0.00;0.00;0;0.00;0.00;0.00;0.00;0;0.00;0.00;0.00;0.00;0;0.00;0.00;0.00;0.00;0;0.00;0.00;0.00;0.00;0;0.00;0.00;0.00;0.00;0;0.00;0.00;0.00;0.00;0;0.00;0.00;0.00;0.00;0;0.00;0.00;0.00;0.00;0;0.00;0.00;0.00;140.00;14;30.15;0.10;24.76;230.00;23;49.52;0.14;24.76;360.00;36;77.52;0.24;24.76;430.00;43;92.59;0.25;24.76;530.00;53;114.12;0.31;24.76;100.00;10;21.53;0.06;24.76;0.00;0;0.00;0.00;0.00;0.00;0;0.00;0.00;0.00;0.00;0;0.00;0.00;0.00;0.00;0;0.00;0.00;0.00;0.00;0;0.00;0.00;0.00;560.00;56;120.58;0.31;24.76;570.00;57;122.73;0.38;24.76;710.00;71;152.88;0.53;24.76;990.00;99;213.17;0.61;24.76;660.00;66;142.11;0.41;24.76;920.00;92;198.10;0.48;24.76;1450.00;145;312.22;0.89;24.76;1530.00;153;329.45;0.63;24.76;1230.00;123;264.85;0.50;24.76;1200.00;120;258.39;0.52;24.76;1040.00;104;223.94;0.45;24.76;1090.00;109;234.70;0.74;24.76;890.00;89;191.64;0.47;24.76;690.00;69;148.57;0.47;24.76;720.00;72;155.03;0.61;24.76;792.00;78;178.39;0.71;25.90;598.00;52;179.79;0.59;34.58;816.50;71;245.49;0.70;34.58;506.00;44;152.13;0.43;34.58;724.50;63;217.83;0.50;34.58;920.00;80;276.61;0.52;34.58;586.50;51;176.34;0.50;34.58;690.00;60;207.46;0.53;34.58
53446;MONSTER REHAB PEACH;19;4775.07;275;-81.92;-0.00;-1.97;0.00;0;0.00;0.00;0.00;0.00;0;0.00;0.00;0.00;0.00;0;0.00;0.00;0.00;0.00;0;0.00;0.00;0.00;0.00;0;0.00;0.00;0.00;0.00;0;0.00;0.00;0.00;0.00;0;0.00;0.00;0.00;0.00;0;0.00;0.00;0.00;0.00;0;0.00;0.00;0.00;0.00;0;0.00;0.00;0.00;0.00;0;0.00;0.00;0.00;0.00;0;0.00;0.00;0.00;0.00;0;0.00;0.00;0.00;0.00;0;0.00;0.00;0.00;0.00;0;0.00;0.00;0.00;455.76;24;63.25;0.21;15.96;0.00;0;0.00;0.00;0.00;0.00;0;0.00;0.00;0.00;0.00;0;0.00;0.00;0.00;0.00;0;0.00;0.00;0.00;0.00;0;0.00;0.00;0.00;0.00;0;0.00;0.00;0.00;0.00;0;0.00;0.00;0.00;0.00;0;0.00;0.00;0.00;0.00;0;0.00;0.00;0.00;0.00;0;0.00;0.00;0.00;0.00;0;0.00;0.00;0.00;0.00;0;0.00;0.00;0.00;0.00;0;0.00;0.00;0.00;0.00;0;0.00;0.00;0.00;0.00;0;0.00;0.00;0.00;0.00;0;0.00;0.00;0.00;0.00;0;0.00;0.00;0.00;475.86;28;-21.39;-0.04;-5.17;1257.63;74;-56.53;-0.11;-5.17;901.77;54;-55.13;-0.11;-7.03;1000.41;59;-47.07;-0.09;-5.41;607.68;32;31.07;0.10;5.88;75.96;4;3.88;0.01;5.88;0.00;0;0.00;0.00;0.00;0.00;0;0.00;0.00;0.00;0.00;0;0.00;0.00;0.00;0.00;0;0.00;0.00;0.00;0.00;0;0.00;0.00;0.00;0.00;0;0.00;0.00;0.00;0.00;0;0.00;0.00;0.00;0.00;0;0.00;0.00;0.00;0.00;0;0.00;0.00;0.00;0.00;0;0.00;0.00;0.00
53557;MONSTER LEWIS HAMILTON;19;22458.84;1 273;2877.94;0.15;14.74;0.00;0;0.00;0.00;0.00;0.00;0;0.00;0.00;0.00;0.00;0;0.00;0.00;0.00;0.00;0;0.00;0.00;0.00;0.00;0;0.00;0.00;0.00;0.00;0;0.00;0.00;0.00;0.00;0;0.00;0.00;0.00;0.00;0;0.00;0.00;0.00;0.00;0;0.00;0.00;0.00;0.00;0;0.00;0.00;0.00;0.00;0;0.00;0.00;0.00;0.00;0;0.00;0.00;0.00;0.00;0;0.00;0.00;0.00;0.00;0;0.00;0.00;0.00;0.00;0;0.00;0.00;0.00;0.00;0;0.00;0.00;0.00;1253.50;69;132.44;0.39;12.15;1860.13;100;234.35;0.71;14.49;1352.58;79;132.96;0.36;11.30;905.74;55;82.22;0.22;10.44;1516.47;87;111.31;0.30;8.44;1384.13;83;97.96;0.19;8.14;1178.55;64;212.16;0.39;20.70;533.15;28;51.67;0.11;11.15;798.03;44;158.11;0.35;22.78;460.69;21;127.06;0.31;31.72;599.80;35;52.20;0.14;10.01;237.49;11;35.55;0.11;17.21;220.81;11;56.61;0.20;29.48;321.88;17;35.17;0.10;12.57;1154.55;65;198.37;0.58;19.76;787.57;44;91.94;0.22;13.43;1243.49;75;153.39;0.43;14.19;909.77;52;148.98;0.28;18.83;1540.71;95;171.88;0.33;12.83;409.95;26;36.84;0.07;10.33;845.50;50;115.25;0.23;15.68;663.70;35;33.15;0.10;5.74;518.79;29;92.08;0.23;20.41;569.70;30;122.38;0.39;24.70;464.85;27;69.53;0.28;17.20;635.76;36;106.08;0.42;19.19;56.97;3;12.75;0.04;25.74;0.00;0;0.00;0.00;0.00;18.99;1;4.25;0.01;25.74;0.00;0;0.00;0.00;0.00;0.00;0;0.00;0.00;0.00;15.59;1;1.29;0.00;9.54;0.00;0;0.00;0.00;0.00
54670;FANTA WTF NRB;19;8025.67;418;106.00;0.01;1.52;0.00;0;0.00;0.00;0.00;0.00;0;0.00;0.00;0.00;0.00;0;0.00;0.00;0.00;0.00;0;0.00;0.00;0.00;0.00;0;0.00;0.00;0.00;0.00;0;0.00;0.00;0.00;0.00;0;0.00;0.00;0.00;0.00;0;0.00;0.00;0.00;0.00;0;0.00;0.00;0.00;0.00;0;0.00;0.00;0.00;0.00;0;0.00;0.00;0.00;0.00;0;0.00;0.00;0.00;0.00;0;0.00;0.00;0.00;0.00;0;0.00;0.00;0.00;0.00;0;0.00;0.00;0.00;0.00;0;0.00;0.00;0.00;0.00;0;0.00;0.00;0.00;0.00;0;0.00;0.00;0.00;0.00;0;0.00;0.00;0.00;551.77;23;101.63;0.28;21.18;1770.39;82;191.21;0.52;12.42;2587.37;128;145.28;0.29;6.46;991.21;53;-9.52;-0.02;-1.10;330.85;17;8.18;0.02;2.84;253.00;11;39.14;0.09;17.79;207.00;9;32.02;0.08;17.79;695.43;47;-168.06;-0.44;-27.79;615.65;47;-237.44;-0.73;-44.35;23.00;1;3.56;0.01;17.79;0.00;0;0.00;0.00;0.00;0.00;0;0.00;0.00;0.00;0.00;0;0.00;0.00;0.00;0.00;0;0.00;0.00;0.00;0.00;0;0.00;0.00;0.00;0.00;0;0.00;0.00;0.00;0.00;0;0.00;0.00;0.00;0.00;0;0.00;0.00;0.00;0.00;0;0.00;0.00;0.00;0.00;0;0.00;0.00;0.00;0.00;0;0.00;0.00;0.00;0.00;0;0.00;0.00;0.00;0.00;0;0.00;0.00;0.00;0.00;0;0.00;0.00;0.00;0.00;0;0.00;0.00;0.00;0.00;0;0.00;0.00;0.00;0.00;0;0.00;0.00;0.00;0.00;0;0.00;0.00;0.00;0.00;0;0.00;0.00;0.00;0.00;0;0.00;0.00;0.00
54672;MONSTER RESERVE WATERMELON;19;9297.60;523;92.87;0.00;1.15;0.00;0;0.00;0.00;0.00;0.00;0;0.00;0.00;0.00;0.00;0;0.00;0.00;0.00;0.00;0;0.00;0.00;0.00;0.00;0;0.00;0.00;0.00;0.00;0;0.00;0.00;0.00;0.00;0;0.00;0.00;0.00;0.00;0;0.00;0.00;0.00;0.00;0;0.00;0.00;0.00;0.00;0;0.00;0.00;0.00;0.00;0;0.00;0.00;0.00;0.00;0;0.00;0.00;0.00;0.00;0;0.00;0.00;0.00;0.00;0;0.00;0.00;0.00;0.00;0;0.00;0.00;0.00;0.00;0;0.00;0.00;0.00;0.00;0;0.00;0.00;0.00;0.00;0;0.00;0.00;0.00;0.00;0;0.00;0.00;0.00;806.73;48;15.33;0.04;2.19;0.00;0;0.00;0.00;0.00;254.98;15;0.85;0.00;0.38;18.99;1;1.79;0.00;10.83;119.82;7;1.12;0.00;1.07;829.43;42;126.39;0.28;17.52;505.77;23;82.33;0.20;18.72;125.93;7;0.71;0.00;0.65;0.00;0;0.00;0.00;0.00;351.84;16;57.27;0.20;18.72;263.88;12;42.95;0.12;18.72;1127.61;64;-14.17;-0.04;-1.45;258.71;15;-8.17;-0.02;-3.63;1339.91;80;-78.24;-0.22;-6.71;1412.43;79;0.37;0.00;0.03;1153.74;70;-84.70;-0.16;-8.44;727.83;44;-50.96;-0.10;-8.05;0.00;0;0.00;0.00;0.00;0.00;0;0.00;0.00;0.00;0.00;0;0.00;0.00;0.00;0.00;0;0.00;0.00;0.00;0.00;0;0.00;0.00;0.00;0.00;0;0.00;0.00;0.00;0.00;0;0.00;0.00;0.00;0.00;0;0.00;0.00;0.00;0.00;0;0.00;0.00;0.00;0.00;0;0.00;0.00;0.00;0.00;0;0.00;0.00;0.00;0.00;0;0.00;0.00;0.00;0.00;0;0.00;0.00;0.00
54764;SPRITE RET;19;5627.98;313;1546.53;0.08;31.60;0.00;0;0.00;0.00;0.00;0.00;0;0.00;0.00;0.00;0.00;0;0.00;0.00;0.00;0.00;0;0.00;0.00;0.00;0.00;0;0.00;0.00;0.00;0.00;0;0.00;0.00;0.00;0.00;0;0.00;0.00;0.00;0.00;0;0.00;0.00;0.00;0.00;0;0.00;0.00;0.00;0.00;0;0.00;0.00;0.00;0.00;0;0.00;0.00;0.00;0.00;0;0.00;0.00;0.00;0.00;0;0.00;0.00;0.00;0.00;0;0.00;0.00;0.00;0.00;0;0.00;0.00;0.00;0.00;0;0.00;0.00;0.00;0.00;0;0.00;0.00;0.00;0.00;0;0.00;0.00;0.00;0.00;0;0.00;0.00;0.00;216.00;12;66.85;0.18;35.59;0.00;0;0.00;0.00;0.00;0.00;0;0.00;0.00;0.00;0.00;0;0.00;0.00;0.00;0.00;0;0.00;0.00;0.00;0.00;0;0.00;0.00;0.00;0.00;0;0.00;0.00;0.00;0.00;0;0.00;0.00;0.00;0.00;0;0.00;0.00;0.00;0.00;0;0.00;0.00;0.00;108.00;6;33.42;0.10;35.59;324.00;18;100.27;0.29;35.59;216.00;12;59.23;0.14;31.54;155.98;9;39.19;0.11;28.89;324.00;18;88.85;0.17;31.54;360.00;20;98.72;0.19;31.54;306.00;17;83.92;0.17;31.54;612.00;34;167.83;0.33;31.54;324.00;18;88.85;0.28;31.54;288.00;16;78.98;0.19;31.54;180.00;10;49.36;0.16;31.54;54.00;3;14.81;0.06;31.54;162.00;9;44.43;0.18;31.54;72.00;4;19.74;0.06;31.54;432.00;24;118.47;0.34;31.54;0.00;0;0.00;0.00;0.00;468.00;26;128.34;0.29;31.54;450.00;25;123.41;0.23;31.54;306.00;17;75.86;0.22;28.51;270.00;15;65.99;0.17;28.11
55174;MONSTER AUSSIE LEMON;19;34166.20;1 854;1341.62;0.07;4.52;0.00;0;0.00;0.00;0.00;0.00;0;0.00;0.00;0.00;0.00;0;0.00;0.00;0.00;0.00;0;0.00;0.00;0.00;0.00;0;0.00;0.00;0.00;0.00;0;0.00;0.00;0.00;0.00;0;0.00;0.00;0.00;0.00;0;0.00;0.00;0.00;0.00;0;0.00;0.00;0.00;0.00;0;0.00;0.00;0.00;0.00;0;0.00;0.00;0.00;0.00;0;0.00;0.00;0.00;0.00;0;0.00;0.00;0.00;0.00;0;0.00;0.00;0.00;0.00;0;0.00;0.00;0.00;0.00;0;0.00;0.00;0.00;0.00;0;0.00;0.00;0.00;0.00;0;0.00;0.00;0.00;0.00;0;0.00;0.00;0.00;493.74;26;46.50;0.13;10.83;1703.07;97;52.65;0.14;3.56;1096.57;63;25.89;0.05;2.72;1778.57;100;120.39;0.22;7.78;905.77;48;85.90;0.19;10.91;1294.82;68;188.51;0.42;16.74;725.67;33;118.12;0.29;18.72;718.60;40;3.18;0.01;0.51;592.63;27;95.69;0.29;18.57;682.71;32;96.31;0.33;16.22;850.62;39;133.52;0.38;18.05;709.77;38;26.59;0.08;4.31;1219.81;64;66.00;0.16;6.22;1997.47;111;11.75;0.03;0.68;1455.36;80;22.15;0.04;1.75;1486.62;89;-90.54;-0.17;-7.00;1032.48;55;42.99;0.09;4.79;1486.15;85;-28.78;-0.06;-2.23;816.60;43;45.04;0.14;6.34;707.73;40;-6.27;-0.02;-1.02;512.73;27;26.21;0.08;5.88;898.74;53;-42.22;-0.17;-5.40;976.62;55;-5.59;-0.02;-0.66;1354.54;79;-49.97;-0.16;-4.24;1572.48;91;-46.97;-0.13;-3.43;807.63;44;18.43;0.05;2.62;1754.15;90;126.55;0.29;8.30;1987.68;106;80.94;0.15;4.68;1307.49;69;64.54;0.18;5.68;1239.38;62;114.10;0.29;10.59
56233;MONSTER ENERGY 500ML GRN ZERO;19;26905.42;1 487;3601.04;0.19;15.39;0.00;0;0.00;0.00;0.00;0.00;0;0.00;0.00;0.00;0.00;0;0.00;0.00;0.00;0.00;0;0.00;0.00;0.00;0.00;0;0.00;0.00;0.00;0.00;0;0.00;0.00;0.00;0.00;0;0.00;0.00;0.00;0.00;0;0.00;0.00;0.00;0.00;0;0.00;0.00;0.00;0.00;0;0.00;0.00;0.00;0.00;0;0.00;0.00;0.00;0.00;0;0.00;0.00;0.00;0.00;0;0.00;0.00;0.00;0.00;0;0.00;0.00;0.00;0.00;0;0.00;0.00;0.00;0.00;0;0.00;0.00;0.00;0.00;0;0.00;0.00;0.00;0.00;0;0.00;0.00;0.00;0.00;0;0.00;0.00;0.00;0.00;0;0.00;0.00;0.00;0.00;0;0.00;0.00;0.00;0.00;0;0.00;0.00;0.00;0.00;0;0.00;0.00;0.00;0.00;0;0.00;0.00;0.00;814.16;44;104.93;0.23;14.82;747.66;34;121.70;0.29;18.72;1160.38;62;135.56;0.35;13.43;965.36;44;155.59;0.48;18.53;971.57;51;187.53;0.65;22.20;625.72;33;138.54;0.39;25.46;894.75;53;126.48;0.37;16.26;1002.69;58;74.41;0.18;8.53;1978.31;118;261.36;0.74;15.19;1982.13;109;323.77;0.62;18.78;1202.73;73;148.41;0.28;14.19;1588.44;91;255.95;0.52;18.53;818.47;53;53.07;0.11;7.46;626.67;33;35.15;0.11;6.45;764.70;43;131.85;0.32;19.83;759.60;40;163.18;0.52;24.70;902.59;48;188.73;0.75;24.05;1530.36;85;143.33;0.57;10.77;1403.63;85;76.55;0.25;6.27;1180.56;67;69.18;0.20;6.74;572.75;32;100.45;0.28;20.17;673.66;34;89.14;0.20;15.22;1691.41;91;294.22;0.56;20.00;1067.61;57;131.80;0.37;14.20;979.51;49;90.18;0.23;10.59
57669;COCA COLA ZERO PET;19;18708.11;1 406;3391.85;0.18;20.85;0.00;0;0.00;0.00;0.00;0.00;0;0.00;0.00;0.00;0.00;0;0.00;0.00;0.00;0.00;0;0.00;0.00;0.00;0.00;0;0.00;0.00;0.00;0.00;0;0.00;0.00;0.00;0.00;0;0.00;0.00;0.00;0.00;0;0.00;0.00;0.00;0.00;0;0.00;0.00;0.00;0.00;0;0.00;0.00;0.00;0.00;0;0.00;0.00;0.00;0.00;0;0.00;0.00;0.00;0.00;0;0.00;0.00;0.00;0.00;0;0.00;0.00;0.00;0.00;0;0.00;0.00;0.00;0.00;0;0.00;0.00;0.00;0.00;0;0.00;0.00;0.00;0.00;0;0.00;0.00;0.00;0.00;0;0.00;0.00;0.00;0.00;0;0.00;0.00;0.00;0.00;0;0.00;0.00;0.00;0.00;0;0.00;0.00;0.00;0.00;0;0.00;0.00;0.00;0.00;0;0.00;0.00;0.00;0.00;0;0.00;0.00;0.00;0.00;0;0.00;0.00;0.00;338.00;26;61.88;0.16;21.05;676.00;52;123.75;0.38;21.05;715.00;55;130.89;0.46;21.05;507.00;39;92.82;0.26;21.05;546.00;42;99.96;0.29;21.05;273.00;21;49.98;0.12;21.05;793.00;61;145.17;0.41;21.05;1625.00;125;297.49;0.57;21.05;858.00;66;157.07;0.30;21.05;754.00;58;138.03;0.28;21.05;806.00;62;147.55;0.29;21.05;884.00;68;161.83;0.51;21.05;494.00;38;90.44;0.22;21.05;779.44;60;142.31;0.45;21.00;584.55;45;106.70;0.42;20.99;935.28;72;170.73;0.68;20.99;610.53;47;104.59;0.34;19.70;947.30;70;151.06;0.43;18.34;1357.03;97;247.85;0.70;21.00;895.36;64;163.53;0.37;21.00;1077.23;77;196.76;0.37;21.01;1203.14;86;219.78;0.62;21.01;1049.25;75;191.67;0.49;21.01
57800;SPRITE ZERO PET;19;14930.79;1 125;2719.92;0.14;20.95;0.00;0;0.00;0.00;0.00;0.00;0;0.00;0.00;0.00;0.00;0;0.00;0.00;0.00;0.00;0;0.00;0.00;0.00;0.00;0;0.00;0.00;0.00;0.00;0;0.00;0.00;0.00;0.00;0;0.00;0.00;0.00;0.00;0;0.00;0.00;0.00;0.00;0;0.00;0.00;0.00;0.00;0;0.00;0.00;0.00;0.00;0;0.00;0.00;0.00;0.00;0;0.00;0.00;0.00;0.00;0;0.00;0.00;0.00;0.00;0;0.00;0.00;0.00;0.00;0;0.00;0.00;0.00;0.00;0;0.00;0.00;0.00;0.00;0;0.00;0.00;0.00;0.00;0;0.00;0.00;0.00;0.00;0;0.00;0.00;0.00;0.00;0;0.00;0.00;0.00;0.00;0;0.00;0.00;0.00;0.00;0;0.00;0.00;0.00;0.00;0;0.00;0.00;0.00;0.00;0;0.00;0.00;0.00;0.00;0;0.00;0.00;0.00;0.00;0;0.00;0.00;0.00;104.00;8;19.04;0.05;21.05;520.00;40;95.20;0.29;21.05;143.00;11;26.18;0.09;21.05;533.00;41;97.58;0.28;21.05;572.00;44;104.72;0.30;21.05;533.00;41;97.58;0.23;21.05;767.00;59;140.41;0.40;21.05;884.00;68;161.83;0.31;21.05;507.00;39;92.82;0.18;21.05;845.00;65;154.69;0.31;21.05;598.00;46;109.48;0.22;21.05;923.00;71;168.97;0.53;21.05;806.00;62;147.55;0.36;21.05;324.84;25;59.36;0.19;21.01;597.54;46;109.08;0.43;20.99;870.33;67;158.87;0.63;20.99;597.54;46;109.08;0.36;20.99;916.32;68;157.05;0.45;19.71;587.58;42;107.33;0.30;21.01;559.60;40;102.22;0.23;21.01;1189.15;85;217.22;0.41;21.01;825.41;59;150.78;0.43;21.01;727.48;52;132.89;0.34;21.01
57867;COKE ZERO SUGAR;19;111087.54;5 305;11053.41;0.58;11.44;0.00;0;0.00;0.00;0.00;0.00;0;0.00;0.00;0.00;0.00;0;0.00;0.00;0.00;0.00;0;0.00;0.00;0.00;0.00;0;0.00;0.00;0.00;0.00;0;0.00;0.00;0.00;0.00;0;0.00;0.00;0.00;0.00;0;0.00;0.00;0.00;0.00;0;0.00;0.00;0.00;0.00;0;0.00;0.00;0.00;0.00;0;0.00;0.00;0.00;0.00;0;0.00;0.00;0.00;0.00;0;0.00;0.00;0.00;0.00;0;0.00;0.00;0.00;0.00;0;0.00;0.00;0.00;0.00;0;0.00;0.00;0.00;0.00;0;0.00;0.00;0.00;0.00;0;0.00;0.00;0.00;0.00;0;0.00;0.00;0.00;0.00;0;0.00;0.00;0.00;0.00;0;0.00;0.00;0.00;0.00;0;0.00;0.00;0.00;0.00;0;0.00;0.00;0.00;0.00;0;0.00;0.00;0.00;0.00;0;0.00;0.00;0.00;0.00;0;0.00;0.00;0.00;0.00;0;0.00;0.00;0.00;3320.00;136;650.82;2.00;22.54;3674.64;148;769.14;2.67;24.07;4323.27;173;953.20;2.71;25.36;4523.19;181;957.17;2.78;24.34;6422.23;277;894.00;2.15;16.01;5454.36;269;250.99;0.71;5.29;6736.63;337;75.03;0.14;1.28;5619.27;273;881.63;1.67;18.04;6322.25;275;1381.04;2.79;25.12;6812.66;305;1345.47;2.68;22.71;5429.29;271;91.45;0.29;1.94;5407.96;299;618.61;1.52;13.15;5098.00;264;865.66;2.74;19.53;4043.31;189;779.43;3.09;22.17;4477.20;236;154.58;0.62;3.97;4577.71;229;50.98;0.17;1.28;5957.02;298;66.35;0.19;1.28;6296.85;315;70.13;0.20;1.28;5037.48;252;56.11;0.13;1.28;2438.78;122;27.16;0.05;1.28;4717.64;236;52.54;0.15;1.28;4397.80;220;61.91;0.16;1.62
57868;SPRITE ZERO SUGAR;19;45067.07;2 176;4624.46;0.24;11.80;0.00;0;0.00;0.00;0.00;0.00;0;0.00;0.00;0.00;0.00;0;0.00;0.00;0.00;0.00;0;0.00;0.00;0.00;0.00;0;0.00;0.00;0.00;0.00;0;0.00;0.00;0.00;0.00;0;0.00;0.00;0.00;0.00;0;0.00;0.00;0.00;0.00;0;0.00;0.00;0.00;0.00;0;0.00;0.00;0.00;0.00;0;0.00;0.00;0.00;0.00;0;0.00;0.00;0.00;0.00;0;0.00;0.00;0.00;0.00;0;0.00;0.00;0.00;0.00;0;0.00;0.00;0.00;0.00;0;0.00;0.00;0.00;0.00;0;0.00;0.00;0.00;0.00;0;0.00;0.00;0.00;0.00;0;0.00;0.00;0.00;0.00;0;0.00;0.00;0.00;0.00;0;0.00;0.00;0.00;0.00;0;0.00;0.00;0.00;0.00;0;0.00;0.00;0.00;0.00;0;0.00;0.00;0.00;0.00;0;0.00;0.00;0.00;0.00;0;0.00;0.00;0.00;0.00;0;0.00;0.00;0.00;780.00;30;184.99;0.57;27.27;174.93;7;39.09;0.14;25.70;2124.15;85;467.11;1.33;25.29;2399.04;96;507.67;1.48;24.34;2332.99;101;310.18;0.75;15.29;2041.06;100;317.39;0.90;17.88;3258.37;163;54.39;0.10;1.92;2932.56;144;402.20;0.76;15.77;2666.84;116;599.91;1.21;25.87;3037.73;137;587.39;1.17;22.24;2338.83;117;31.22;0.10;1.54;2355.20;134;258.06;0.63;12.60;1787.33;99;237.90;0.75;15.31;1962.09;95;322.02;1.28;18.87;2602.09;138;92.40;0.37;4.08;1699.15;85;18.92;0.06;1.28;1999.00;100;22.26;0.06;1.28;1919.04;96;21.37;0.06;1.28;2618.69;131;29.17;0.07;1.28;0.00;0;0.00;0.00;0.00;1619.19;81;85.26;0.24;6.06;2418.79;121;35.56;0.09;1.69
57869;STONEY GINGER BEER ZERO;19;20040.89;959;2072.84;0.11;11.89;0.00;0;0.00;0.00;0.00;0.00;0;0.00;0.00;0.00;0.00;0;0.00;0.00;0.00;0.00;0;0.00;0.00;0.00;0.00;0;0.00;0.00;0.00;0.00;0;0.00;0.00;0.00;0.00;0;0.00;0.00;0.00;0.00;0;0.00;0.00;0.00;0.00;0;0.00;0.00;0.00;0.00;0;0.00;0.00;0.00;0.00;0;0.00;0.00;0.00;0.00;0;0.00;0.00;0.00;0.00;0;0.00;0.00;0.00;0.00;0;0.00;0.00;0.00;0.00;0;0.00;0.00;0.00;0.00;0;0.00;0.00;0.00;0.00;0;0.00;0.00;0.00;0.00;0;0.00;0.00;0.00;0.00;0;0.00;0.00;0.00;0.00;0;0.00;0.00;0.00;0.00;0;0.00;0.00;0.00;0.00;0;0.00;0.00;0.00;0.00;0;0.00;0.00;0.00;0.00;0;0.00;0.00;0.00;0.00;0;0.00;0.00;0.00;0.00;0;0.00;0.00;0.00;0.00;0;0.00;0.00;0.00;598.00;23;141.83;0.43;27.27;404.89;16;89.00;0.31;25.28;624.75;25;152.93;0.44;28.15;674.73;27;142.78;0.41;24.34;858.63;37;120.19;0.29;16.10;943.54;46;56.97;0.16;6.94;1139.43;57;12.69;0.02;1.28;1517.25;75;213.33;0.40;16.17;942.59;41;209.16;0.42;25.52;1151.50;52;248.99;0.50;24.87;659.67;33;7.35;0.02;1.28;979.51;49;206.68;0.51;24.27;661.72;34;118.98;0.38;20.68;454.84;22;76.60;0.30;19.37;973.57;49;144.49;0.58;17.07;1099.45;55;47.14;0.15;4.93;999.50;50;11.13;0.03;1.28;1799.10;90;20.04;0.06;1.28;1539.23;77;17.14;0.04;1.28;259.87;13;2.89;0.01;1.28;579.71;29;6.46;0.02;1.28;1179.41;59;26.06;0.07;2.54
58018;COKE ZERO SUGAR;19;158903.14;7 561;16071.95;0.84;11.63;0.00;0;0.00;0.00;0.00;0.00;0;0.00;0.00;0.00;0.00;0;0.00;0.00;0.00;0.00;0;0.00;0.00;0.00;0.00;0;0.00;0.00;0.00;0.00;0;0.00;0.00;0.00;0.00;0;0.00;0.00;0.00;0.00;0;0.00;0.00;0.00;0.00;0;0.00;0.00;0.00;0.00;0;0.00;0.00;0.00;0.00;0;0.00;0.00;0.00;0.00;0;0.00;0.00;0.00;0.00;0;0.00;0.00;0.00;0.00;0;0.00;0.00;0.00;0.00;0;0.00;0.00;0.00;0.00;0;0.00;0.00;0.00;0.00;0;0.00;0.00;0.00;0.00;0;0.00;0.00;0.00;0.00;0;0.00;0.00;0.00;0.00;0;0.00;0.00;0.00;0.00;0;0.00;0.00;0.00;0.00;0;0.00;0.00;0.00;0.00;0;0.00;0.00;0.00;0.00;0;0.00;0.00;0.00;0.00;0;0.00;0.00;0.00;0.00;0;0.00;0.00;0.00;0.00;0;0.00;0.00;0.00;4013.00;166;760.16;2.33;21.78;6473.98;264;1300.20;4.52;23.10;6147.54;246;1350.64;3.84;25.27;7172.13;287;1517.72;4.41;24.34;8765.22;378;1267.02;3.05;16.62;9164.63;453;425.89;1.21;5.34;10114.94;506;112.66;0.22;1.28;9479.36;464;1413.14;2.68;17.14;9241.98;402;1965.55;3.97;24.46;10748.35;469;2255.97;4.50;24.14;7577.22;378;136.03;0.43;2.06;6407.53;352;679.05;1.67;12.19;5971.68;314;947.95;3.00;18.26;5678.81;266;1069.89;4.24;21.67;6989.26;367;347.83;1.39;5.72;6256.87;313;69.69;0.23;1.28;8015.99;401;89.28;0.26;1.28;8735.63;437;97.29;0.27;1.28;8675.66;434;96.63;0.22;1.28;59.97;3;0.67;0.00;1.28;6296.85;315;70.13;0.20;1.28;6916.54;346;98.57;0.25;1.64
58094;COKE LIGHT;19;100059.58;4 796;9717.75;0.51;11.17;0.00;0;0.00;0.00;0.00;0.00;0;0.00;0.00;0.00;0.00;0;0.00;0.00;0.00;0.00;0;0.00;0.00;0.00;0.00;0;0.00;0.00;0.00;0.00;0;0.00;0.00;0.00;0.00;0;0.00;0.00;0.00;0.00;0;0.00;0.00;0.00;0.00;0;0.00;0.00;0.00;0.00;0;0.00;0.00;0.00;0.00;0;0.00;0.00;0.00;0.00;0;0.00;0.00;0.00;0.00;0;0.00;0.00;0.00;0.00;0;0.00;0.00;0.00;0.00;0;0.00;0.00;0.00;0.00;0;0.00;0.00;0.00;0.00;0;0.00;0.00;0.00;0.00;0;0.00;0.00;0.00;0.00;0;0.00;0.00;0.00;0.00;0;0.00;0.00;0.00;0.00;0;0.00;0.00;0.00;0.00;0;0.00;0.00;0.00;0.00;0;0.00;0.00;0.00;0.00;0;0.00;0.00;0.00;0.00;0;0.00;0.00;0.00;0.00;0;0.00;0.00;0.00;0.00;0;0.00;0.00;0.00;1403.00;61;217.02;0.67;17.79;3944.67;160;805.61;2.80;23.49;4923.03;197;1114.31;3.17;26.03;4023.39;161;851.40;2.47;24.34;5802.51;249;835.88;2.01;16.57;4229.95;208;199.44;0.57;5.42;5517.24;276;61.45;0.12;1.28;4677.72;228;713.57;1.35;17.54;5609.56;244;1192.43;2.41;24.45;6947.05;307;1383.21;2.76;22.90;4495.76;224;91.38;0.29;2.34;4262.54;242;477.61;1.17;12.89;3558.64;196;472.99;1.50;15.29;3624.51;177;578.95;2.29;18.37;4476.30;237;226.25;0.90;5.81;3938.03;197;43.86;0.14;1.28;4797.60;240;53.43;0.15;1.28;5057.47;253;56.33;0.16;1.28;6836.58;342;76.14;0.17;1.28;3658.17;183;40.74;0.08;1.28;4717.64;236;117.18;0.33;2.86;3558.22;178;108.56;0.28;3.51
58560;MONSTER ULTRA ROBA;19;3942.36;224;-53.32;-0.00;-1.56;0.00;0;0.00;0.00;0.00;0.00;0;0.00;0.00;0.00;0.00;0;0.00;0.00;0.00;0.00;0;0.00;0.00;0.00;0.00;0;0.00;0.00;0.00;0.00;0;0.00;0.00;0.00;0.00;0;0.00;0.00;0.00;0.00;0;0.00;0.00;0.00;0.00;0;0.00;0.00;0.00;0.00;0;0.00;0.00;0.00;0.00;0;0.00;0.00;0.00;0.00;0;0.00;0.00;0.00;0.00;0;0.00;0.00;0.00;0.00;0;0.00;0.00;0.00;0.00;0;0.00;0.00;0.00;0.00;0;0.00;0.00;0.00;0.00;0;0.00;0.00;0.00;0.00;0;0.00;0.00;0.00;0.00;0;0.00;0.00;0.00;0.00;0;0.00;0.00;0.00;0.00;0;0.00;0.00;0.00;0.00;0;0.00;0.00;0.00;0.00;0;0.00;0.00;0.00;0.00;0;0.00;0.00;0.00;0.00;0;0.00;0.00;0.00;0.00;0;0.00;0.00;0.00;0.00;0;0.00;0.00;0.00;0.00;0;0.00;0.00;0.00;65.97;3;10.74;0.04;18.72;263.88;12;42.95;0.12;18.72;1226.64;70;-21.31;-0.06;-2.00;661.66;41;-61.87;-0.15;-10.75;1000.52;58;-31.43;-0.09;-3.61;423.84;24;-4.46;-0.01;-1.21;0.00;0;0.00;0.00;0.00;0.00;0;0.00;0.00;0.00;0.00;0;0.00;0.00;0.00;0.00;0;0.00;0.00;0.00;0.00;0;0.00;0.00;0.00;0.00;0;0.00;0.00;0.00;0.00;0;0.00;0.00;0.00;299.85;16;12.06;0.05;4.63;0.00;0;0.00;0.00;0.00;0.00;0;0.00;0.00;0.00;0.00;0;0.00;0.00;0.00;0.00;0;0.00;0.00;0.00;0.00;0;0.00;0.00;0.00;0.00;0;0.00;0.00;0.00;0.00;0;0.00;0.00;0.00
60509;POWER PLAY PASSION FRUIT;19;6719.04;452;1217.23;0.06;20.83;0.00;0;0.00;0.00;0.00;0.00;0;0.00;0.00;0.00;0.00;0;0.00;0.00;0.00;0.00;0;0.00;0.00;0.00;0.00;0;0.00;0.00;0.00;0.00;0;0.00;0.00;0.00;0.00;0;0.00;0.00;0.00;0.00;0;0.00;0.00;0.00;0.00;0;0.00;0.00;0.00;0.00;0;0.00;0.00;0.00;0.00;0;0.00;0.00;0.00;0.00;0;0.00;0.00;0.00;0.00;0;0.00;0.00;0.00;0.00;0;0.00;0.00;0.00;0.00;0;0.00;0.00;0.00;0.00;0;0.00;0.00;0.00;0.00;0;0.00;0.00;0.00;0.00;0;0.00;0.00;0.00;0.00;0;0.00;0.00;0.00;0.00;0;0.00;0.00;0.00;0.00;0;0.00;0.00;0.00;0.00;0;0.00;0.00;0.00;0.00;0;0.00;0.00;0.00;0.00;0;0.00;0.00;0.00;0.00;0;0.00;0.00;0.00;0.00;0;0.00;0.00;0.00;0.00;0;0.00;0.00;0.00;0.00;0;0.00;0.00;0.00;0.00;0;0.00;0.00;0.00;0.00;0;0.00;0.00;0.00;0.00;0;0.00;0.00;0.00;0.00;0;0.00;0.00;0.00;0.00;0;0.00;0.00;0.00;383.76;24;89.11;0.17;26.70;0.00;0;0.00;0.00;0.00;431.73;27;100.25;0.20;26.70;313.80;20;78.25;0.16;28.68;464.69;31;96.75;0.31;23.94;209.86;14;45.14;0.11;24.74;149.90;10;37.05;0.12;28.43;164.89;11;38.67;0.15;26.97;164.89;11;31.66;0.13;22.08;209.86;14;39.81;0.13;21.81;741.82;53;93.06;0.27;14.43;764.49;51;130.95;0.37;19.70;1098.25;82;97.52;0.22;10.21;575.64;36;128.70;0.24;25.71;477.75;31;97.02;0.28;23.35;567.71;37;113.27;0.29;22.95
60934;POWER PLAY MANGO;19;5647.68;374;1085.91;0.06;22.11;0.00;0;0.00;0.00;0.00;0.00;0;0.00;0.00;0.00;0.00;0;0.00;0.00;0.00;0.00;0;0.00;0.00;0.00;0.00;0;0.00;0.00;0.00;0.00;0;0.00;0.00;0.00;0.00;0;0.00;0.00;0.00;0.00;0;0.00;0.00;0.00;0.00;0;0.00;0.00;0.00;0.00;0;0.00;0.00;0.00;0.00;0;0.00;0.00;0.00;0.00;0;0.00;0.00;0.00;0.00;0;0.00;0.00;0.00;0.00;0;0.00;0.00;0.00;0.00;0;0.00;0.00;0.00;0.00;0;0.00;0.00;0.00;0.00;0;0.00;0.00;0.00;0.00;0;0.00;0.00;0.00;0.00;0;0.00;0.00;0.00;0.00;0;0.00;0.00;0.00;0.00;0;0.00;0.00;0.00;0.00;0;0.00;0.00;0.00;0.00;0;0.00;0.00;0.00;0.00;0;0.00;0.00;0.00;0.00;0;0.00;0.00;0.00;0.00;0;0.00;0.00;0.00;0.00;0;0.00;0.00;0.00;0.00;0;0.00;0.00;0.00;0.00;0;0.00;0.00;0.00;0.00;0;0.00;0.00;0.00;0.00;0;0.00;0.00;0.00;0.00;0;0.00;0.00;0.00;0.00;0;0.00;0.00;0.00;0.00;0;0.00;0.00;0.00;0.00;0;0.00;0.00;0.00;511.68;32;118.82;0.24;26.70;597.62;38;148.26;0.30;28.53;89.94;6;20.06;0.06;25.64;194.87;13;41.92;0.10;24.74;89.94;6;20.95;0.07;26.79;149.90;10;35.45;0.14;27.20;239.84;16;45.50;0.18;21.81;164.89;11;31.28;0.10;21.81;799.94;54;132.58;0.38;19.06;554.63;37;95.00;0.27;19.70;934.15;66;122.30;0.28;15.06;463.71;29;105.20;0.20;26.09;442.78;29;86.17;0.24;22.38;413.79;27;82.45;0.21;22.91
61411;POWER PLAY 500ML SUGAR FREE;19;2075.36;138;373.16;0.02;20.68;0.00;0;0.00;0.00;0.00;0.00;0;0.00;0.00;0.00;0.00;0;0.00;0.00;0.00;0.00;0;0.00;0.00;0.00;0.00;0;0.00;0.00;0.00;0.00;0;0.00;0.00;0.00;0.00;0;0.00;0.00;0.00;0.00;0;0.00;0.00;0.00;0.00;0;0.00;0.00;0.00;0.00;0;0.00;0.00;0.00;0.00;0;0.00;0.00;0.00;0.00;0;0.00;0.00;0.00;0.00;0;0.00;0.00;0.00;0.00;0;0.00;0.00;0.00;0.00;0;0.00;0.00;0.00;0.00;0;0.00;0.00;0.00;0.00;0;0.00;0.00;0.00;0.00;0;0.00;0.00;0.00;0.00;0;0.00;0.00;0.00;0.00;0;0.00;0.00;0.00;0.00;0;0.00;0.00;0.00;0.00;0;0.00;0.00;0.00;0.00;0;0.00;0.00;0.00;0.00;0;0.00;0.00;0.00;0.00;0;0.00;0.00;0.00;0.00;0;0.00;0.00;0.00;0.00;0;0.00;0.00;0.00;0.00;0;0.00;0.00;0.00;0.00;0;0.00;0.00;0.00;0.00;0;0.00;0.00;0.00;0.00;0;0.00;0.00;0.00;0.00;0;0.00;0.00;0.00;0.00;0;0.00;0.00;0.00;0.00;0;0.00;0.00;0.00;0.00;0;0.00;0.00;0.00;0.00;0;0.00;0.00;0.00;0.00;0;0.00;0.00;0.00;0.00;0;0.00;0.00;0.00;0.00;0;0.00;0.00;0.00;0.00;0;0.00;0.00;0.00;0.00;0;0.00;0.00;0.00;0.00;0;0.00;0.00;0.00;0.00;0;0.00;0.00;0.00;119.92;8;20.54;0.06;19.70;419.72;28;71.89;0.20;19.70;601.28;43;72.76;0.17;13.92;367.77;23;84.02;0.16;26.27;278.85;18;57.66;0.16;23.78;287.82;18;66.28;0.17;26.48
61811;MONSTER RIO PUNCH;19;7893.81;442;-5.47;-0.00;-0.08;0.00;0;0.00;0.00;0.00;0.00;0;0.00;0.00;0.00;0.00;0;0.00;0.00;0.00;0.00;0;0.00;0.00;0.00;0.00;0;0.00;0.00;0.00;0.00;0;0.00;0.00;0.00;0.00;0;0.00;0.00;0.00;0.00;0;0.00;0.00;0.00;0.00;0;0.00;0.00;0.00;0.00;0;0.00;0.00;0.00;0.00;0;0.00;0.00;0.00;0.00;0;0.00;0.00;0.00;0.00;0;0.00;0.00;0.00;0.00;0;0.00;0.00;0.00;0.00;0;0.00;0.00;0.00;0.00;0;0.00;0.00;0.00;0.00;0;0.00;0.00;0.00;0.00;0;0.00;0.00;0.00;0.00;0;0.00;0.00;0.00;0.00;0;0.00;0.00;0.00;0.00;0;0.00;0.00;0.00;0.00;0;0.00;0.00;0.00;0.00;0;0.00;0.00;0.00;0.00;0;0.00;0.00;0.00;0.00;0;0.00;0.00;0.00;0.00;0;0.00;0.00;0.00;0.00;0;0.00;0.00;0.00;0.00;0;0.00;0.00;0.00;0.00;0;0.00;0.00;0.00;0.00;0;0.00;0.00;0.00;0.00;0;0.00;0.00;0.00;0.00;0;0.00;0.00;0.00;0.00;0;0.00;0.00;0.00;0.00;0;0.00;0.00;0.00;0.00;0;0.00;0.00;0.00;0.00;0;0.00;0.00;0.00;0.00;0;0.00;0.00;0.00;702.63;37;35.92;0.11;5.88;2113.14;118;3.53;0.01;0.19;1120.41;59;57.28;0.18;5.88;1217.43;66;32.85;0.13;3.10;1720.41;99;-42.67;-0.17;-2.85;981.81;61;-94.33;-0.31;-11.05;37.98;2;1.94;0.01;5.88;0.00;0;0.00;0.00;0.00;0.00;0;0.00;0.00;0.00;0.00;0;0.00;0.00;0.00;0.00;0;0.00;0.00;0.00;0.00;0;0.00;0.00;0.00
62768;GRAPETISER RED CAN 300ML;19;3550.43;162;733.35;0.04;23.75;0.00;0;0.00;0.00;0.00;0.00;0;0.00;0.00;0.00;0.00;0;0.00;0.00;0.00;0.00;0;0.00;0.00;0.00;0.00;0;0.00;0.00;0.00;0.00;0;0.00;0.00;0.00;0.00;0;0.00;0.00;0.00;0.00;0;0.00;0.00;0.00;0.00;0;0.00;0.00;0.00;0.00;0;0.00;0.00;0.00;0.00;0;0.00;0.00;0.00;0.00;0;0.00;0.00;0.00;0.00;0;0.00;0.00;0.00;0.00;0;0.00;0.00;0.00;0.00;0;0.00;0.00;0.00;0.00;0;0.00;0.00;0.00;0.00;0;0.00;0.00;0.00;0.00;0;0.00;0.00;0.00;0.00;0;0.00;0.00;0.00;0.00;0;0.00;0.00;0.00;0.00;0;0.00;0.00;0.00;0.00;0;0.00;0.00;0.00;0.00;0;0.00;0.00;0.00;0.00;0;0.00;0.00;0.00;0.00;0;0.00;0.00;0.00;0.00;0;0.00;0.00;0.00;0.00;0;0.00;0.00;0.00;0.00;0;0.00;0.00;0.00;0.00;0;0.00;0.00;0.00;0.00;0;0.00;0.00;0.00;0.00;0;0.00;0.00;0.00;0.00;0;0.00;0.00;0.00;0.00;0;0.00;0.00;0.00;0.00;0;0.00;0.00;0.00;0.00;0;0.00;0.00;0.00;0.00;0;0.00;0.00;0.00;0.00;0;0.00;0.00;0.00;0.00;0;0.00;0.00;0.00;0.00;0;0.00;0.00;0.00;0.00;0;0.00;0.00;0.00;0.00;0;0.00;0.00;0.00;0.00;0;0.00;0.00;0.00;21.99;1;4.59;0.01;24.01;681.69;31;142.32;0.41;24.01;483.78;22;101.00;0.29;24.01;329.85;15;68.87;0.16;24.01;417.81;19;87.23;0.16;24.01;1109.54;51;223.75;0.63;23.19;505.77;23;105.59;0.27;24.01
62780;POWERADE 500ML SPRINGBOK;19;11629.17;749;1871.39;0.10;18.51;0.00;0;0.00;0.00;0.00;0.00;0;0.00;0.00;0.00;0.00;0;0.00;0.00;0.00;0.00;0;0.00;0.00;0.00;0.00;0;0.00;0.00;0.00;0.00;0;0.00;0.00;0.00;0.00;0;0.00;0.00;0.00;0.00;0;0.00;0.00;0.00;0.00;0;0.00;0.00;0.00;0.00;0;0.00;0.00;0.00;0.00;0;0.00;0.00;0.00;0.00;0;0.00;0.00;0.00;0.00;0;0.00;0.00;0.00;0.00;0;0.00;0.00;0.00;0.00;0;0.00;0.00;0.00;0.00;0;0.00;0.00;0.00;0.00;0;0.00;0.00;0.00;0.00;0;0.00;0.00;0.00;0.00;0;0.00;0.00;0.00;0.00;0;0.00;0.00;0.00;0.00;0;0.00;0.00;0.00;0.00;0;0.00;0.00;0.00;0.00;0;0.00;0.00;0.00;0.00;0;0.00;0.00;0.00;0.00;0;0.00;0.00;0.00;0.00;0;0.00;0.00;0.00;0.00;0;0.00;0.00;0.00;0.00;0;0.00;0.00;0.00;0.00;0;0.00;0.00;0.00;0.00;0;0.00;0.00;0.00;0.00;0;0.00;0.00;0.00;0.00;0;0.00;0.00;0.00;0.00;0;0.00;0.00;0.00;0.00;0;0.00;0.00;0.00;0.00;0;0.00;0.00;0.00;0.00;0;0.00;0.00;0.00;0.00;0;0.00;0.00;0.00;0.00;0;0.00;0.00;0.00;0.00;0;0.00;0.00;0.00;0.00;0;0.00;0.00;0.00;0.00;0;0.00;0.00;0.00;727.52;48;110.34;0.44;17.44;1469.02;98;215.61;0.70;16.88;1235.22;78;226.74;0.65;21.11;1135.29;71;201.52;0.57;20.41;1774.89;111;321.44;0.73;20.83;1934.79;121;338.63;0.64;20.13;2480.79;163;351.58;1.00;16.30;871.65;59;105.52;0.27;13.92
63432;MONSTER ENERGY FULL THROTTLE;19;3420.16;195;-56.68;-0.00;-1.91;0.00;0;0.00;0.00;0.00;0.00;0;0.00;0.00;0.00;0.00;0;0.00;0.00;0.00;0.00;0;0.00;0.00;0.00;0.00;0;0.00;0.00;0.00;0.00;0;0.00;0.00;0.00;0.00;0;0.00;0.00;0.00;0.00;0;0.00;0.00;0.00;0.00;0;0.00;0.00;0.00;0.00;0;0.00;0.00;0.00;0.00;0;0.00;0.00;0.00;0.00;0;0.00;0.00;0.00;0.00;0;0.00;0.00;0.00;0.00;0;0.00;0.00;0.00;0.00;0;0.00;0.00;0.00;0.00;0;0.00;0.00;0.00;0.00;0;0.00;0.00;0.00;0.00;0;0.00;0.00;0.00;0.00;0;0.00;0.00;0.00;0.00;0;0.00;0.00;0.00;0.00;0;0.00;0.00;0.00;0.00;0;0.00;0.00;0.00;0.00;0;0.00;0.00;0.00;0.00;0;0.00;0.00;0.00;0.00;0;0.00;0.00;0.00;0.00;0;0.00;0.00;0.00;0.00;0;0.00;0.00;0.00;0.00;0;0.00;0.00;0.00;0.00;0;0.00;0.00;0.00;0.00;0;0.00;0.00;0.00;0.00;0;0.00;0.00;0.00;0.00;0;0.00;0.00;0.00;0.00;0;0.00;0.00;0.00;0.00;0;0.00;0.00;0.00;0.00;0;0.00;0.00;0.00;0.00;0;0.00;0.00;0.00;0.00;0;0.00;0.00;0.00;0.00;0;0.00;0.00;0.00;0.00;0;0.00;0.00;0.00;0.00;0;0.00;0.00;0.00;0.00;0;0.00;0.00;0.00;75.96;4;3.88;0.02;5.88;294.92;18;-23.31;-0.08;-9.09;666.87;41;-57.34;-0.16;-9.89;977.74;57;-35.70;-0.10;-4.20;968.49;51;49.51;0.11;5.88;85.57;5;-3.30;-0.01;-4.44;331.62;18;8.61;0.02;2.98;18.99;1;0.97;0.00;5.88
63807;APPLETISER;19;4068.15;185;849.34;0.04;24.01;0.00;0;0.00;0.00;0.00;0.00;0;0.00;0.00;0.00;0.00;0;0.00;0.00;0.00;0.00;0;0.00;0.00;0.00;0.00;0;0.00;0.00;0.00;0.00;0;0.00;0.00;0.00;0.00;0;0.00;0.00;0.00;0.00;0;0.00;0.00;0.00;0.00;0;0.00;0.00;0.00;0.00;0;0.00;0.00;0.00;0.00;0;0.00;0.00;0.00;0.00;0;0.00;0.00;0.00;0.00;0;0.00;0.00;0.00;0.00;0;0.00;0.00;0.00;0.00;0;0.00;0.00;0.00;0.00;0;0.00;0.00;0.00;0.00;0;0.00;0.00;0.00;0.00;0;0.00;0.00;0.00;0.00;0;0.00;0.00;0.00;0.00;0;0.00;0.00;0.00;0.00;0;0.00;0.00;0.00;0.00;0;0.00;0.00;0.00;0.00;0;0.00;0.00;0.00;0.00;0;0.00;0.00;0.00;0.00;0;0.00;0.00;0.00;0.00;0;0.00;0.00;0.00;0.00;0;0.00;0.00;0.00;0.00;0;0.00;0.00;0.00;0.00;0;0.00;0.00;0.00;0.00;0;0.00;0.00;0.00;0.00;0;0.00;0.00;0.00;0.00;0;0.00;0.00;0.00;0.00;0;0.00;0.00;0.00;0.00;0;0.00;0.00;0.00;0.00;0;0.00;0.00;0.00;0.00;0;0.00;0.00;0.00;0.00;0;0.00;0.00;0.00;0.00;0;0.00;0.00;0.00;0.00;0;0.00;0.00;0.00;0.00;0;0.00;0.00;0.00;0.00;0;0.00;0.00;0.00;0.00;0;0.00;0.00;0.00;263.88;12;55.09;0.18;24.01;945.57;43;197.41;0.57;24.01;835.62;38;174.46;0.49;24.01;417.81;19;87.23;0.20;24.01;593.73;27;123.96;0.23;24.01;571.74;26;119.37;0.34;24.01;439.80;20;91.82;0.23;24.01
64394;MONSTER LANDO NORRIS;19;4407.30;236;164.47;0.01;4.29;0.00;0;0.00;0.00;0.00;0.00;0;0.00;0.00;0.00;0.00;0;0.00;0.00;0.00;0.00;0;0.00;0.00;0.00;0.00;0;0.00;0.00;0.00;0.00;0;0.00;0.00;0.00;0.00;0;0.00;0.00;0.00;0.00;0;0.00;0.00;0.00;0.00;0;0.00;0.00;0.00;0.00;0;0.00;0.00;0.00;0.00;0;0.00;0.00;0.00;0.00;0;0.00;0.00;0.00;0.00;0;0.00;0.00;0.00;0.00;0;0.00;0.00;0.00;0.00;0;0.00;0.00;0.00;0.00;0;0.00;0.00;0.00;0.00;0;0.00;0.00;0.00;0.00;0;0.00;0.00;0.00;0.00;0;0.00;0.00;0.00;0.00;0;0.00;0.00;0.00;0.00;0;0.00;0.00;0.00;0.00;0;0.00;0.00;0.00;0.00;0;0.00;0.00;0.00;0.00;0;0.00;0.00;0.00;0.00;0;0.00;0.00;0.00;0.00;0;0.00;0.00;0.00;0.00;0;0.00;0.00;0.00;0.00;0;0.00;0.00;0.00;0.00;0;0.00;0.00;0.00;0.00;0;0.00;0.00;0.00;0.00;0;0.00;0.00;0.00;0.00;0;0.00;0.00;0.00;0.00;0;0.00;0.00;0.00;0.00;0;0.00;0.00;0.00;0.00;0;0.00;0.00;0.00;0.00;0;0.00;0.00;0.00;0.00;0;0.00;0.00;0.00;0.00;0;0.00;0.00;0.00;0.00;0;0.00;0.00;0.00;0.00;0;0.00;0.00;0.00;0.00;0;0.00;0.00;0.00;0.00;0;0.00;0.00;0.00;0.00;0;0.00;0.00;0.00;356.97;23;-47.06;-0.14;-15.16;455.76;24;23.30;0.07;5.88;659.67;33;60.73;0.14;10.59;1211.65;67;12.28;0.02;1.17;863.68;46;36.08;0.10;4.80;859.57;43;79.14;0.20;10.59
99991901;ALL COOLDRINK PRODUCTS 15%;19;8894.62;280;-68.48;-0.00;-0.89;116.49;9;-1.46;-0.00;-1.44;150.00;5;-1.15;-0.00;-0.88;33.98;2;-0.26;-0.00;-0.88;0.00;0;0.00;0.00;0.00;29.00;1;-0.22;-0.00;-0.88;0.00;0;0.00;0.00;0.00;0.00;0;0.00;0.00;0.00;0.00;0;0.00;0.00;0.00;0.00;0;0.00;0.00;0.00;0.00;0;0.00;0.00;0.00;0.00;0;0.00;0.00;0.00;0.00;0;0.00;0.00;0.00;0.00;0;0.00;0.00;0.00;0.00;0;0.00;0.00;0.00;0.00;0;0.00;0.00;0.00;0.00;0;0.00;0.00;0.00;0.00;0;0.00;0.00;0.00;0.00;0;0.00;0.00;0.00;0.00;0;0.00;0.00;0.00;0.00;0;0.00;0.00;0.00;0.00;0;0.00;0.00;0.00;0.00;0;0.00;0.00;0.00;0.00;0;0.00;0.00;0.00;0.00;0;0.00;0.00;0.00;0.00;0;0.00;0.00;0.00;0.00;0;0.00;0.00;0.00;0.00;0;0.00;0.00;0.00;0.00;0;0.00;0.00;0.00;0.00;0;0.00;0.00;0.00;0.00;0;0.00;0.00;0.00;45.98;2;-0.35;-0.00;-0.88;-4.00;0;0.03;0.00;-0.88;0.00;0;0.00;0.00;0.00;1152.00;37;-8.80;-0.02;-0.88;-1665.00;-148;12.71;0.02;-0.88;0.00;0;0.00;0.00;0.00;0.00;0;0.00;0.00;0.00;-209.04;8;1.60;0.01;-0.88;800.00;20;-6.11;-0.02;-0.88;332.99;10;-2.54;-0.01;-0.88;786.11;30;-6.00;-0.02;-0.88;675.86;25;-5.16;-0.02;-0.88;84.02;4;-0.64;-0.00;-0.88;2.00;1;-0.02;-0.00;-0.88;1817.33;71;-13.87;-0.04;-0.88;1479.95;61;-11.30;-0.03;-0.88;2211.97;92;-16.89;-0.03;-0.88;646.05;30;-4.93;-0.01;-0.88;408.93;20;-3.12;-0.01;-0.88
99991902;COOLDRINKS 15%;19;192060.91;16 071;23796.50;1.24;14.25;-2291.50;-101;-284.07;-0.74;14.26;17.00;2;2.11;0.01;14.26;10628.50;896;1317.56;4.21;14.26;-1899.25;-186;-235.44;-0.77;14.26;10109.00;913;1253.16;3.72;14.26;11152.99;1 130;1382.58;4.06;14.26;-3289.75;-286;-407.81;-1.10;14.26;4332.00;396;537.02;1.15;14.26;2252.00;209;279.17;0.65;14.26;333.96;11;41.40;0.08;14.26;14172.48;1 274;1756.89;3.57;14.26;11649.34;1 056;1444.11;3.05;14.26;38.50;2;4.77;0.01;14.26;2308.47;203;286.17;0.65;14.26;6212.00;508;769.33;2.53;14.24;648.00;19;80.33;0.27;14.26;17910.98;1 493;2220.34;6.47;14.26;-9153.90;-782;-1134.77;-3.45;14.26;2370.05;83;293.80;0.80;14.26;6245.99;530;774.29;2.11;14.26;4028.97;329;498.71;1.36;14.23;375.51;7;46.55;0.09;14.26;9833.19;974;1218.97;2.23;14.26;11592.48;997;1437.06;3.12;14.26;297.98;26;36.94;0.08;14.26;5638.37;78;698.96;1.69;14.26;4767.50;371;589.44;1.54;14.22;31.25;-19;3.87;0.01;14.26;1717.42;106;209.55;0.73;14.03;6759.10;503;834.54;2.37;14.20;-56.40;-9;-6.99;-0.02;14.26;13691.96;1 110;1697.33;4.09;14.26;2757.46;198;341.83;0.97;14.26;3963.15;366;491.29;0.94;14.26;10608.41;821;1313.96;2.49;14.24;3192.40;275;395.75;0.80;14.26;272.95;7;33.84;0.07;14.26;2465.01;204;305.58;0.96;14.26;11070.17;816;1370.82;3.37;14.24;2384.98;875;295.65;0.94;14.26;2257.97;61;279.91;1.11;14.26;2144.29;93;265.82;1.06;14.26;2712.90;164;336.31;1.10;14.26;2051.79;96;254.35;0.73;14.26;3685.27;244;456.85;1.29;14.26;68.01;2;8.43;0.02;14.26;409.96;7;50.82;0.10;14.26;0.00;0;0.00;0.00;0.00;-408.00;-1;-50.58;-0.13;14.26
;Total (Overall);;12841825.63;731 764;1913326.71;100.00;17.13;272718.31;17 184;38218.99;100.00;16.12;223414.21;14 044;31049.75;100.00;15.98;222429.40;14 157;31333.00;100.00;16.20;184371.75;11 221;30509.28;100.00;19.03;209906.32;13 042;33708.87;100.00;18.47;210254.59;13 435;34067.12;100.00;18.63;232280.97;13 952;37194.48;100.00;18.41;261965.73;16 146;46536.86;100.00;20.43;273775.73;16 725;43005.26;100.00;18.06;340926.67;20 385;51579.98;100.00;17.40;321240.60;20 023;49214.83;100.00;17.62;288719.69;16 989;47336.77;100.00;18.85;302366.84;17 884;42540.72;100.00;16.18;259075.45;14 484;44244.01;100.00;19.64;212723.85;12 468;30357.35;100.00;16.41;176870.28;9 821;30061.34;100.00;19.55;214072.74;12 587;34296.93;100.00;18.42;228629.28;13 218;32860.21;100.00;16.53;238752.19;13 647;36766.37;100.00;17.71;255053.68;14 961;36615.45;100.00;16.51;327832.81;19 191;36555.57;100.00;12.82;356709.10;19 220;50891.39;100.00;16.41;340106.48;19 569;54559.07;100.00;18.45;307353.48;17 566;46033.50;100.00;17.22;280215.46;15 058;45248.24;100.00;18.57;228425.35;11 963;41270.71;100.00;20.78;232500.78;12 561;38376.52;100.00;18.98;181508.74;9 643;32607.27;100.00;20.66;184839.49;10 148;28763.06;100.00;17.90;220105.27;12 296;35144.99;100.00;18.36;208773.80;11 320;34410.58;100.00;18.95;274491.43;15 228;41522.79;100.00;17.40;292540.65;16 441;35276.82;100.00;13.87;358041.74;19 826;52314.49;100.00;16.80;331000.43;18 340;52787.50;100.00;18.34;295345.41;16 277;49532.27;100.00;19.29;309903.27;17 257;50133.87;100.00;18.60;241193.28;12 930;31677.11;100.00;15.10;252400.04;13 822;40700.75;100.00;18.54;198577.19;11 312;31546.44;100.00;18.27;201000.90;11 320;25233.92;100.00;14.44;233264.91;12 856;25096.14;100.00;12.37;228830.86;12 679;30654.29;100.00;15.41;270390.22;14 629;34860.55;100.00;14.83;325882.81;17 556;35427.60;100.00;12.50;355460.45;19 155;43939.05;100.00;14.22;324333.46;17 721;52913.82;100.00;18.76;275516.79;15 010;35258.10;100.00;14.72;275732.75;14 497;39092.72;100.00;16.30
