;;;Totals; ; ; ; ;01/03/22; ; ; ; ;01/04/22; ; ; ; ;01/05/22; ; ; ; ;01/06/22; ; ; ; ;01/07/22; ; ; ; ;01/08/22; ; ; ; ;01/09/22; ; ; ; ;01/10/22; ; ; ; ;01/11/22; ; ; ; ;01/12/22; ; ; ; ;01/01/23; ; ; ; ;01/02/23; ; ; ; ;01/03/23; ; ; ; ;01/04/23; ; ; ; ;01/05/23; ; ; ; ;01/06/23; ; ; ; ;01/07/23; ; ; ; ;01/08/23; ; ; ; ;01/09/23; ; ; ; ;01/10/23; ; ; ; ;01/11/23; ; ; ; ;01/12/23; ; ; ; ;01/01/24; ; ; ; ;01/02/24; ; ; ; ;01/03/24; ; ; ; ;01/04/24; ; ; ; ;01/05/24; ; ; ; ;01/06/24; ; ; ; ;01/07/24; ; ; ; ;01/08/24; ; ; ; ;01/09/24; ; ; ; ;01/10/24; ; ; ; ;01/11/24; ; ; ; ;01/12/24; ; ; ; ;01/01/25; ; ; ; ;01/02/25; ; ; ; ;01/03/25; ; ; ; ;01/04/25; ; ; ; ;01/05/25; ; ; ; ;01/06/25; ; ; ; ;01/07/25; ; ; ; ;01/08/25; ; ; ; ;01/09/25; ; ; ; ;01/10/25; ; ; ; ;01/11/25; ; ; ; ;01/12/25; ; ; ; ;01/01/26; ; ; ; ;01/02/26; ; ; ; ;01/03/26; ; ; ; 
Product Code;Product Description;Department;Sales incl. VAT;Sales Quantity;Gross Profit;GP Ratio (%);GP %;Sales incl. VAT;Sales Quantity;Gross Profit;GP Ratio (%);GP %;Sales incl. VAT;Sales Quantity;Gross Profit;GP Ratio (%);GP %;Sales incl. VAT;Sales Quantity;Gross Profit;GP Ratio (%);GP %;Sales incl. VAT;Sales Quantity;Gross Profit;GP Ratio (%);GP %;Sales incl. VAT;Sales Quantity;Gross Profit;GP Ratio (%);GP %;Sales incl. VAT;Sales Quantity;Gross Profit;GP Ratio (%);GP %;Sales incl. VAT;Sales Quantity;Gross Profit;GP Ratio (%);GP %;Sales incl. VAT;Sales Quantity;Gross Profit;GP Ratio (%);GP %;Sales incl. VAT;Sales Quantity;Gross Profit;GP Ratio (%);GP %;Sales incl. VAT;Sales Quantity;Gross Profit;GP Ratio (%);GP %;Sales incl. VAT;Sales Quantity;Gross Profit;GP Ratio (%);GP %;Sales incl. VAT;Sales Quantity;Gross Profit;GP Ratio (%);GP %;Sales incl. VAT;Sales Quantity;Gross Profit;GP Ratio (%);GP %;Sales incl. VAT;Sales Quantity;Gross Profit;GP Ratio (%);GP %;Sales incl. VAT;Sales Quantity;Gross Profit;GP Ratio (%);GP %;Sales incl. VAT;Sales Quantity;Gross Profit;GP Ratio (%);GP %;Sales incl. VAT;Sales Quantity;Gross Profit;GP Ratio (%);GP %;Sales incl. VAT;Sales Quantity;Gross Profit;GP Ratio (%);GP %;Sales incl. VAT;Sales Quantity;Gross Profit;GP Ratio (%);GP %;Sales incl. VAT;Sales Quantity;Gross Profit;GP Ratio (%);GP %;Sales incl. VAT;Sales Quantity;Gross Profit;GP Ratio (%);GP %;Sales incl. VAT;Sales Quantity;Gross Profit;GP Ratio (%);GP %;Sales incl. VAT;Sales Quantity;Gross Profit;GP Ratio (%);GP %;Sales incl. VAT;Sales Quantity;Gross Profit;GP Ratio (%);GP %;Sales incl. VAT;Sales Quantity;Gross Profit;GP Ratio (%);GP %;Sales incl. VAT;Sales Quantity;Gross Profit;GP Ratio (%);GP %;Sales incl. VAT;Sales Quantity;Gross Profit;GP Ratio (%);GP %;Sales incl. VAT;Sales Quantity;Gross Profit;GP Ratio (%);GP %;Sales incl. VAT;Sales Quantity;Gross Profit;GP Ratio (%);GP %;Sales incl. VAT;Sales Quantity;Gross Profit;GP Ratio (%);GP %;Sales incl. VAT;Sales Quantity;Gross Profit;GP Ratio (%);GP %;Sales incl. VAT;Sales Quantity;Gross Profit;GP Ratio (%);GP %;Sales incl. VAT;Sales Quantity;Gross Profit;GP Ratio (%);GP %;Sales incl. VAT;Sales Quantity;Gross Profit;GP Ratio (%);GP %;Sales incl. VAT;Sales Quantity;Gross Profit;GP Ratio (%);GP %;Sales incl. VAT;Sales Quantity;Gross Profit;GP Ratio (%);GP %;Sales incl. VAT;Sales Quantity;Gross Profit;GP Ratio (%);GP %;Sales incl. VAT;Sales Quantity;Gross Profit;GP Ratio (%);GP %;Sales incl. VAT;Sales Quantity;Gross Profit;GP Ratio (%);GP %;Sales incl. VAT;Sales Quantity;Gross Profit;GP Ratio (%);GP %;Sales incl. VAT;Sales Quantity;Gross Profit;GP Ratio (%);GP %;Sales incl. VAT;Sales Quantity;Gross Profit;GP Ratio (%);GP %;Sales incl. VAT;Sales Quantity;Gross Profit;GP Ratio (%);GP %;Sales incl. VAT;Sales Quantity;Gross Profit;GP Ratio (%);GP %;Sales incl. VAT;Sales Quantity;Gross Profit;GP Ratio (%);GP %;Sales incl. VAT;Sales Quantity;Gross Profit;GP Ratio (%);GP %;Sales incl. VAT;Sales Quantity;Gross Profit;GP Ratio (%);GP %;Sales incl. VAT;Sales Quantity;Gross Profit;GP Ratio (%);GP %;Sales incl. VAT;Sales Quantity;Gross Profit;GP Ratio (%);GP %
352;ANCHOR INSTANT DRY YEAST;5;204698.78;31 860;56346.57;1.61;31.66;4701.62;970;1135.59;1.34;27.78;4028.66;831;973.54;1.61;27.79;3702.55;744;826.93;1.49;25.68;4218.70;740;1035.65;1.38;28.23;4210.36;704;1067.08;2.02;29.15;3313.06;554;839.54;0.94;29.14;3657.78;612;925.58;1.27;29.10;3644.60;610;921.49;1.23;29.08;3899.18;652;988.10;1.24;29.14;4031.27;673;1025.58;1.37;29.26;4773.43;797;1214.02;1.53;29.25;4839.01;809;1226.83;1.88;29.16;4517.65;755;1146.37;1.06;29.18;4937.25;825;1253.30;1.23;29.19;4618.28;772;1171.23;1.84;29.16;4535.21;684;1287.66;2.04;32.65;5763.95;825;1736.47;2.44;34.65;4488.61;644;1346.14;2.08;34.49;5793.30;830;1742.14;2.27;34.58;4424.31;634;1329.93;1.72;34.57;4496.31;644;1352.83;2.12;34.60;4788.84;686;1440.45;1.82;34.59;4310.73;617;1298.66;1.54;34.65;3816.19;546;1150.53;1.61;34.67;4518.68;647;1360.37;1.77;34.62;3838.20;550;1153.79;1.63;34.57;3646.68;522;1098.43;1.55;34.64;4585.43;657;1378.71;2.40;34.58;3693.51;529;1111.35;1.50;34.60;4887.05;700;1470.26;1.72;34.60;3847.29;551;1157.72;1.55;34.61;4596.26;659;1380.19;1.92;34.53;5672.38;812;1708.46;2.40;34.64;3086.78;442;929.20;1.28;34.62;3889.23;557;1170.37;1.44;34.61;4145.54;611;1201.72;1.70;33.34;4971.30;838;1104.19;1.42;25.54;4390.76;717;1029.42;1.49;26.96;4116.40;590;1236.88;1.76;34.55;4353.36;624;1307.94;2.15;34.55;3916.14;561;1177.89;2.03;34.59;3701.55;530;1114.37;1.95;34.62;3057.77;438;919.85;1.40;34.59;2878.83;413;863.51;1.44;34.49;3246.84;466;973.09;1.54;34.47;3194.25;573;542.36;0.89;19.53;3333.53;478;1000.82;1.34;34.53;3973.37;623;875.93;1.47;25.35;3646.80;614;644.10;1.09;20.31
353;G/STAR INSTANT DRY YEAST;5;89054.96;13 626;23315.24;0.67;30.11;1623.17;313;390.98;0.46;27.70;1634.85;315;394.61;0.65;27.76;1294.60;220;276.28;0.50;24.54;2029.41;339;424.84;0.57;24.07;2884.48;482;603.19;1.14;24.05;2215.10;390;437.25;0.49;22.70;1745.55;318;330.58;0.45;21.78;2250.90;410;426.53;0.57;21.79;1954.44;356;370.35;0.46;21.79;2161.80;390;423.72;0.57;22.54;2139.11;330;628.01;0.79;33.76;2231.26;344;655.87;1.00;33.80;2102.44;324;618.52;0.57;33.83;1712.39;264;503.36;0.49;33.80;2295.51;354;674.40;1.06;33.79;2048.89;316;601.83;0.95;33.78;2401.30;370;713.46;1.00;34.17;1954.79;302;577.83;0.89;33.99;1866.52;288;553.08;0.72;34.08;1940.51;299;576.56;0.75;34.17;1641.32;253;487.29;0.76;34.14;1446.62;223;429.44;0.54;34.14;1518.66;234;451.22;0.53;34.17;1401.84;216;416.51;0.58;34.17;1783.45;275;529.15;0.69;34.12;2030.08;308;587.69;0.83;33.29;2947.33;422;805.10;1.14;31.41;1876.21;274;493.23;0.86;30.23;1667.52;253;366.89;0.50;25.30;2208.14;316;534.94;0.63;27.86;1942.52;278;470.53;0.63;27.86;1710.80;245;413.69;0.58;27.81;1745.75;250;422.17;0.59;27.81;1785.59;256;430.51;0.59;27.73;1705.56;244;413.52;0.51;27.88;2054.36;294;497.65;0.70;27.86;2041.08;292;494.87;0.64;27.88;1306.43;187;316.31;0.46;27.84;1667.46;239;402.31;0.57;27.75;1775.46;254;430.47;0.71;27.88;1836.97;263;444.50;0.77;27.83;1437.72;193;404.18;0.71;32.33;1621.97;203;520.56;0.79;36.91;1660.32;208;531.99;0.89;36.85;1269.61;159;407.03;0.64;36.87;1145.76;144;365.09;0.60;36.64;1394.25;175;445.28;0.60;36.73;950.81;119;305.15;0.51;36.91;994.35;125;316.71;0.54;36.63
358;BAKERS TENNIS BISCUITS;5;106800.41;4 460;12714.68;0.36;13.69;2004.88;107;120.49;0.14;6.91;1813.91;79;258.96;0.43;16.42;2378.51;119;94.91;0.17;4.59;1577.59;61;334.37;0.45;24.37;1321.68;52;270.98;0.51;23.58;1267.87;53;225.85;0.25;20.49;1029.17;43;183.69;0.25;20.53;2322.12;108;232.86;0.31;11.53;2582.30;130;116.62;0.15;5.19;4838.24;211;665.69;0.89;15.82;2067.95;90;286.99;0.36;15.96;1971.39;86;270.19;0.41;15.76;1559.87;68;214.59;0.20;15.82;1743.79;76;240.19;0.24;15.84;1440.43;62;179.36;0.28;14.32;2066.89;91;250.34;0.40;13.93;1457.41;59;240.26;0.34;18.96;1148.29;46;187.47;0.29;18.78;2421.38;112;173.79;0.23;8.25;1419.43;57;229.30;0.30;18.58;2530.91;115;237.74;0.37;10.80;5017.99;201;819.58;1.03;18.78;2324.00;100;283.01;0.33;14.00;1939.93;82;241.13;0.34;14.29;2238.12;98;292.66;0.38;15.04;1076.23;40;194.84;0.28;20.82;2229.13;93;284.36;0.40;14.67;1098.87;42;181.92;0.32;19.04;1722.78;62;323.86;0.44;21.62;1907.78;81;263.48;0.31;15.88;1873.31;77;271.06;0.36;16.64;1148.29;46;177.95;0.25;17.82;1841.69;78;213.86;0.30;13.35;3291.18;132;507.23;0.70;17.72;2378.92;108;192.40;0.24;9.30;1825.68;82;158.61;0.22;9.99;2891.93;123;315.92;0.41;12.56;2952.18;106;322.34;0.47;12.56;2039.85;82;44.36;0.06;2.50;1703.82;69;32.54;0.05;2.20;1160.61;39;117.35;0.20;11.63;2104.63;86;132.36;0.23;7.23;3369.54;141;172.38;0.26;5.88;2737.09;111;157.88;0.26;6.63;3237.45;129;254.41;0.40;9.04;4093.63;137;814.18;1.33;22.87;3317.18;123;504.40;0.68;17.49;1769.67;73;111.83;0.19;7.27;2544.92;94;314.12;0.53;14.19
366;BAKERS MINI CHED BACON;5;40835.74;4 826;9823.35;0.28;27.66;849.98;142;141.45;0.17;19.14;976.37;163;162.97;0.27;19.19;1263.89;211;210.96;0.38;19.19;585.22;98;96.41;0.13;18.95;814.64;136;135.97;0.26;19.19;934.44;156;155.97;0.18;19.19;656.32;88;156.48;0.21;27.42;702.72;88;174.62;0.23;28.58;804.99;101;199.07;0.25;28.44;438.65;55;108.66;0.15;28.49;591.26;74;147.13;0.19;28.62;623.22;78;155.08;0.24;28.62;670.36;84;166.32;0.15;28.53;638.80;80;158.71;0.16;28.57;886.49;111;220.35;0.35;28.58;630.81;79;156.72;0.25;28.57;710.31;89;178.44;0.25;28.89;631.21;79;159.01;0.25;28.97;503.37;63;126.80;0.17;28.97;779.33;87;192.79;0.25;28.45;1041.04;116;256.99;0.40;28.39;1177.69;131;291.98;0.37;28.51;753.81;84;186.05;0.22;28.38;916.08;102;226.56;0.32;28.44;566.37;63;140.42;0.18;28.51;844.16;94;208.73;0.29;28.44;674.25;75;167.17;0.24;28.51;708.41;79;174.52;0.30;28.33;718.30;80;177.53;0.24;28.42;916.98;102;227.35;0.27;28.51;629.30;70;156.02;0.21;28.51;494.45;55;122.59;0.17;28.51;745.27;83;184.22;0.26;28.43;773.14;86;191.68;0.26;28.51;522.01;54;138.42;0.17;30.49;1168.83;117;319.12;0.45;31.40;1507.49;151;410.99;0.53;31.35;1019.41;109;250.94;0.36;28.31;1051.83;117;239.04;0.34;26.14;881.59;91;228.78;0.38;29.84;967.03;97;262.89;0.45;31.26;1187.81;119;323.78;0.57;31.35;779.22;78;212.80;0.32;31.41;1098.90;110;300.10;0.50;31.41;1027.97;103;280.13;0.44;31.34;777.22;78;211.06;0.35;31.23;1547.45;155;358.77;0.48;26.66;559.44;56;126.15;0.21;25.93;1087.91;109;244.68;0.41;25.86
367;BAKERS MINI CHED F/CHUT;5;29015.08;3 482;6994.47;0.20;27.72;431.28;72;71.99;0.09;19.19;622.96;104;103.98;0.17;19.19;760.73;127;126.97;0.23;19.19;388.75;65;64.46;0.09;19.07;592.11;99;98.20;0.19;19.07;766.42;128;127.71;0.14;19.16;1001.88;132;249.90;0.34;28.68;686.74;86;170.64;0.23;28.57;828.56;104;204.69;0.26;28.41;510.96;64;126.90;0.17;28.56;631.21;79;157.07;0.20;28.62;655.18;82;163.03;0.25;28.62;550.91;69;136.84;0.13;28.56;542.12;68;134.16;0.13;28.46;742.27;93;184.21;0.29;28.54;775.03;97;192.86;0.30;28.62;614.03;77;153.94;0.22;28.83;526.94;66;132.49;0.21;28.92;751.06;94;189.20;0.25;28.97;705.54;81;173.91;0.23;28.35;816.74;91;201.66;0.32;28.39;755.16;84;187.23;0.24;28.51;647.28;72;160.48;0.19;28.51;566.37;63;140.42;0.20;28.51;440.51;49;109.22;0.14;28.51;449.05;50;111.05;0.16;28.44;457.59;51;112.89;0.16;28.37;583.45;65;144.10;0.25;28.40;484.56;54;119.58;0.16;28.38;575.36;64;142.65;0.17;28.51;394.66;44;97.29;0.13;28.35;638.29;71;158.25;0.22;28.51;592.89;66;146.72;0.21;28.46;269.70;30;66.87;0.09;28.51;498.13;52;130.69;0.16;30.17;739.26;74;201.84;0.28;31.40;787.71;79;214.17;0.28;31.27;643.87;68;161.13;0.23;28.78;566.37;63;128.71;0.18;26.14;396.09;41;102.14;0.17;29.66;547.95;55;148.74;0.26;31.22;678.32;68;184.65;0.32;31.30;525.47;53;141.11;0.22;30.88;389.61;39;106.40;0.18;31.41;479.52;48;130.95;0.21;31.41;518.48;52;140.99;0.23;31.27;639.36;64;150.36;0.20;27.04;349.65;35;78.85;0.13;25.93;499.00;50;112.20;0.19;25.86
688;BOKOMO WEETBIX;5;420844.46;14 306;15937.42;0.45;4.36;10269.87;453;-103.86;-0.12;-1.16;8564.69;331;-288.15;-0.48;-3.87;11186.09;431;444.05;0.80;4.57;8827.53;327;-251.96;-0.34;-3.28;8818.43;307;5.13;0.01;0.07;6767.14;216;680.29;0.77;11.56;8866.21;309;-65.02;-0.09;-0.84;13227.30;470;-618.71;-0.82;-5.38;8881.16;314;302.67;0.38;3.92;5957.69;191;459.80;0.61;8.88;15353.54;521;732.71;0.92;5.49;11352.30;360;521.98;0.80;5.29;10858.51;354;472.04;0.44;5.00;10393.27;333;505.85;0.50;5.60;10281.25;330;400.05;0.63;4.47;9711.01;314;312.58;0.49;3.70;12346.91;407;-62.21;-0.09;-0.58;7562.98;247;242.53;0.38;3.69;11161.31;359;422.25;0.55;4.35;8416.82;261;930.67;1.20;12.72;8000.75;255;344.54;0.54;4.95;5231.86;159;365.92;0.46;8.04;13921.79;456;511.02;0.60;4.22;12410.40;421;669.09;0.94;6.20;9672.88;342;599.64;0.78;7.13;5772.60;195;233.97;0.33;4.66;9142.33;347;306.19;0.43;3.85;9034.36;289;366.42;0.64;4.66;9791.05;340;496.05;0.67;5.83;7748.07;273;275.03;0.32;4.08;10408.72;358;571.26;0.77;6.31;9718.09;321;397.66;0.55;4.71;7905.93;252;333.27;0.47;4.85;11164.25;390;538.66;0.74;5.55;4057.80;110;525.58;0.65;14.90;8608.31;304;300.20;0.42;4.01;7962.05;270;332.46;0.43;4.80;6510.36;209;284.75;0.41;5.03;6829.57;258;280.35;0.40;4.72;6636.30;225;280.84;0.46;4.87;6211.51;209;299.59;0.52;5.55;7736.00;260;226.66;0.40;3.37;6762.27;238;258.09;0.39;4.39;5799.71;189;265.65;0.44;5.27;6694.18;212;464.82;0.74;7.99;7216.62;253;366.62;0.60;5.84;3473.36;94;454.16;0.61;15.04;2175.01;59;280.64;0.47;14.84;5444.32;183;265.60;0.45;5.61
689;WEETBIX;5;651508.30;12 489;12083.07;0.34;2.13;9298.89;211;262.86;0.31;3.25;6214.99;126;513.43;0.85;9.50;11689.62;238;398.75;0.72;3.92;10611.78;222;-422.38;-0.56;-4.58;11361.00;230;-841.32;-1.59;-8.52;12825.53;247;-506.98;-0.57;-4.55;12319.27;253;-156.71;-0.22;-1.46;12209.50;250;-1400.20;-1.87;-13.19;13855.19;281;-878.80;-1.10;-7.29;16803.92;328;363.24;0.48;2.49;3936.62;58;487.50;0.61;14.24;12374.94;226;342.38;0.52;3.18;16723.95;305;309.03;0.29;2.12;13025.04;276;279.59;0.27;2.47;16996.42;358;741.64;1.16;5.02;21146.34;366;577.11;0.91;3.14;14693.45;280;486.90;0.68;3.81;20106.03;397;484.79;0.75;2.77;14373.52;248;786.39;1.02;6.29;7341.91;114;611.30;0.79;9.58;13512.11;247;421.97;0.66;3.59;17506.93;307;770.61;0.97;5.06;4321.88;62;570.52;0.68;15.18;13254.67;233;448.70;0.63;3.89;11988.38;226;558.54;0.73;5.36;14594.08;299;399.63;0.56;3.15;13502.78;267;290.33;0.41;2.47;14904.00;280;-1269.96;-2.21;-9.80;14061.25;275;-344.47;-0.47;-2.82;19116.20;380;380.18;0.44;2.29;12500.52;223;413.44;0.56;3.80;20003.40;385;458.20;0.64;2.63;17384.48;352;-899.30;-1.26;-5.95;8301.26;146;251.34;0.35;3.48;18183.55;320;598.32;0.74;3.78;14479.56;269;364.83;0.52;2.90;17414.21;329;511.23;0.66;3.38;14490.21;279;448.27;0.65;3.56;13804.76;274;341.43;0.49;2.84;13556.07;267;496.14;0.82;4.21;13561.62;255;445.08;0.77;3.77;13848.88;262;380.73;0.67;3.16;10505.98;202;223.66;0.34;2.45;12919.97;243;846.98;1.41;7.54;18866.33;392;1239.01;1.96;7.55;4095.70;80;349.81;0.57;9.82;11918.78;229;264.75;0.36;2.55;10802.73;202;392.23;0.66;4.18;10200.10;190;292.35;0.50;3.30
718;ENERGADE RTD NAARTJIE;5;52185.08;4 017;8641.05;0.25;19.04;2692.05;253;484.12;0.57;20.68;1311.99;101;349.40;0.58;30.63;1280.06;94;288.06;0.52;25.88;251.82;18;50.94;0.07;23.26;825.41;59;166.98;0.32;23.26;685.51;49;138.68;0.16;23.26;685.51;49;138.68;0.19;23.26;629.55;45;127.71;0.17;23.33;566.58;42;115.27;0.14;23.40;431.67;33;101.02;0.13;26.91;2269.68;207;262.18;0.33;13.28;1890.31;158;332.18;0.51;20.21;2081.52;187;271.01;0.25;14.97;1272.37;98;313.50;0.31;28.33;1623.75;125;400.59;0.63;28.37;376.71;29;92.94;0.15;28.37;822.40;60;193.78;0.27;27.10;1119.20;80;257.89;0.40;26.50;923.34;66;215.40;0.28;26.83;963.91;69;202.77;0.26;24.19;587.58;42;106.47;0.17;20.84;461.67;33;83.66;0.11;20.84;586.18;42;105.26;0.12;20.65;1161.17;83;210.41;0.29;20.84;1178.92;107;81.82;0.11;7.98;615.56;44;111.55;0.16;20.84;838.00;60;150.89;0.21;20.71;352.75;25;63.27;0.11;20.63;599.60;40;110.36;0.15;21.17;674.55;45;184.27;0.22;31.42;299.80;20;65.46;0.09;25.11;1467.25;120;45.96;0.06;3.60;737.46;54;105.92;0.15;16.52;1175.18;82;192.52;0.26;18.84;1960.48;152;200.62;0.25;11.77;854.43;57;158.00;0.22;21.27;1492.10;110;234.68;0.30;18.09;601.57;43;108.69;0.16;20.78;1658.80;130;182.03;0.26;12.62;1158.13;92;111.63;0.18;11.08;586.18;42;97.63;0.17;19.15;1444.33;116;132.74;0.23;10.57;729.71;56;91.45;0.14;14.41;1159.07;83;193.51;0.32;19.20;1062.89;76;178.55;0.28;19.32;1104.51;79;168.34;0.28;17.53;1707.13;122;258.67;0.35;17.42;1482.59;106;203.85;0.34;15.81;1744.15;134;199.75;0.34;13.17
721;ENERGADE RTD GRAPE;5;45608.62;3 461;7951.85;0.23;20.05;1062.66;103;175.56;0.21;19.00;1156.11;89;307.89;0.51;30.63;870.36;64;196.86;0.35;26.01;433.69;31;87.74;0.12;23.26;685.51;49;138.68;0.26;23.26;615.56;44;124.53;0.14;23.26;643.54;46;130.19;0.18;23.26;643.54;46;132.63;0.18;23.70;800.85;57;184.20;0.23;26.45;960.72;72;226.70;0.30;27.14;1390.33;119;222.17;0.28;18.38;1616.49;136;276.99;0.42;19.71;2114.82;190;274.99;0.26;14.95;922.29;71;227.54;0.22;28.37;2077.75;160;512.20;0.80;28.35;701.46;54;173.06;0.27;28.37;759.44;56;181.03;0.25;27.41;1301.07;93;299.80;0.46;26.50;671.52;48;156.05;0.20;26.72;783.44;56;165.58;0.21;24.31;685.51;49;124.22;0.19;20.84;909.35;65;164.78;0.21;20.84;863.88;62;154.13;0.18;20.52;1273.09;91;230.70;0.32;20.84;1284.33;117;87.10;0.11;7.80;825.41;59;149.57;0.21;20.84;629.55;45;114.08;0.16;20.84;461.67;33;83.66;0.15;20.84;733.76;49;138.34;0.19;21.68;974.35;65;266.17;0.31;31.42;463.19;31;91.39;0.12;22.69;1103.77;89;47.27;0.07;4.93;547.60;40;79.22;0.11;16.64;491.61;34;81.70;0.11;19.11;1479.07;113;163.30;0.20;12.70;703.78;47;130.10;0.18;21.26;1199.59;91;162.03;0.21;15.53;489.65;35;88.47;0.13;20.78;1274.88;102;119.16;0.17;10.75;315.76;24;40.05;0.07;14.59;474.96;34;79.41;0.14;19.23;991.84;80;88.28;0.15;10.24;523.84;41;59.14;0.09;12.98;1006.58;72;168.84;0.28;19.29;1229.02;88;205.27;0.32;19.21;822.61;59;123.69;0.20;17.29;1790.37;128;270.76;0.36;17.39;741.47;53;103.46;0.17;16.05;1106.98;81;143.17;0.24;14.87
722;ENERGADE RTD BLUEBERRY;5;101387.29;7 745;17536.45;0.50;19.89;4081.69;380;753.40;0.89;21.23;2494.08;192;664.21;1.10;30.63;2472.18;182;602.13;1.08;28.01;951.32;68;192.45;0.26;23.26;1496.93;107;302.83;0.57;23.26;1769.07;128;343.44;0.39;22.33;1496.23;107;302.22;0.42;23.23;1371.02;98;281.20;0.37;23.59;1515.45;115;284.40;0.36;21.58;1871.58;142;426.52;0.57;26.21;3647.77;328;458.37;0.58;14.45;3650.34;305;642.68;0.98;20.25;3953.14;352;536.70;0.50;15.61;2648.01;204;652.07;0.64;28.32;4074.96;314;1002.90;1.57;28.30;1831.59;141;451.87;0.71;28.37;1928.58;142;458.09;0.64;27.32;1510.22;108;347.54;0.54;26.46;1762.74;126;411.45;0.54;26.84;1662.71;119;355.26;0.46;24.57;1161.17;83;210.41;0.33;20.84;1510.96;109;264.20;0.33;20.11;2014.56;144;365.06;0.43;20.84;2223.71;159;402.47;0.56;20.81;1947.73;177;134.67;0.18;7.95;1340.24;96;240.94;0.34;20.67;2909.92;208;527.30;0.74;20.84;1099.22;78;198.58;0.35;20.78;2338.44;156;444.26;0.60;21.85;2633.29;176;716.81;0.84;31.30;1331.11;89;261.83;0.35;22.62;2672.69;223;39.70;0.06;1.71;1706.73;132;198.05;0.28;13.34;1523.66;114;196.36;0.27;14.82;3021.50;235;299.60;0.37;11.40;1858.01;124;337.23;0.48;20.87;2728.23;207;367.92;0.47;15.51;1148.23;82;208.18;0.30;20.85;1995.74;156;222.26;0.32;12.81;1523.49;121;145.60;0.24;10.99;1131.79;81;189.41;0.33;19.25;1848.69;144;208.62;0.36;12.98;1578.90;125;166.09;0.25;12.10;1804.01;129;302.98;0.50;19.31;1005.88;72;168.23;0.27;19.23;1007.28;72;153.18;0.25;17.49;3008.20;215;455.61;0.61;17.42;2462.24;176;336.22;0.57;15.70;2662.06;204;304.92;0.52;13.17
729;OROS SQUASH ORANGE 2LT;5;279701.90;7 013;18990.82;0.54;7.81;6049.55;170;459.48;0.54;8.73;3045.84;71;382.16;0.63;14.43;982.32;23;120.01;0.22;14.05;0.00;0;0.00;0.00;0.00;0.00;0;0.00;0.00;0.00;0.00;0;0.00;0.00;0.00;1800.27;48;91.07;0.13;5.82;9782.06;269;-196.70;-0.26;-2.31;13012.76;374;461.60;0.58;4.08;8081.50;221;331.58;0.44;4.72;10913.27;273;767.05;0.97;8.08;11194.86;294;384.27;0.59;3.95;6855.79;176;412.88;0.38;6.93;4212.96;104;499.56;0.49;13.64;5684.18;146;459.38;0.72;9.29;3177.94;76;450.76;0.71;16.31;5423.47;143;282.50;0.40;5.99;4794.72;128;195.63;0.30;4.69;2768.79;61;381.36;0.50;15.84;6883.93;177;473.68;0.61;7.91;7818.32;188;771.35;1.21;11.35;12869.84;356;428.55;0.54;3.83;6335.12;138;885.84;1.05;16.08;6609.59;146;874.22;1.22;15.21;4480.52;98;616.45;0.80;15.82;3810.27;83;532.80;0.75;16.08;5847.15;145;336.13;0.47;6.61;2777.08;62;346.60;0.60;14.35;3369.18;82;260.26;0.35;8.88;3188.92;78;285.72;0.33;10.30;2205.22;48;312.08;0.42;16.27;8093.77;203;490.90;0.68;6.97;3954.30;90;444.88;0.63;12.94;10672.43;267;557.85;0.77;6.01;9414.92;238;522.18;0.64;6.38;9400.71;239;408.06;0.58;4.99;10077.46;244;665.01;0.86;7.59;5109.00;120;534.89;0.77;12.04;5615.00;140;366.53;0.52;7.51;2130.48;52;151.31;0.25;8.17;3320.92;78;219.34;0.38;7.60;3198.76;74;244.03;0.43;8.77;2842.18;62;342.04;0.52;13.84;3617.94;86;278.25;0.46;8.84;9333.75;238;446.81;0.71;5.51;6893.95;175;280.67;0.46;4.68;6858.95;155;590.92;0.79;9.91;7042.50;170;412.94;0.70;6.74;8149.46;204;427.93;0.72;6.04
740;ENERGADE RTD MIXED BERRY;5;38469.03;2 928;6877.94;0.20;20.56;1199.61;116;199.57;0.24;19.13;661.84;51;175.87;0.29;30.56;1003.27;73;217.93;0.39;24.98;629.55;45;127.36;0.17;23.26;699.50;50;141.51;0.27;23.26;699.50;50;141.51;0.16;23.26;643.54;46;130.19;0.18;23.26;951.32;68;192.80;0.26;23.31;593.56;44;120.76;0.15;23.40;523.60;40;122.54;0.16;26.91;1793.32;159;243.11;0.31;15.59;1966.57;163;356.59;0.55;20.85;1534.78;134;231.14;0.21;17.32;910.35;70;225.25;0.22;28.45;1480.86;114;365.34;0.57;28.37;779.40;60;192.29;0.30;28.37;800.45;60;187.16;0.26;26.89;1063.24;76;244.99;0.38;26.50;657.57;48;144.58;0.19;25.29;601.61;44;125.76;0.16;24.04;810.72;58;146.43;0.23;20.77;475.66;34;86.19;0.11;20.84;836.60;60;149.67;0.18;20.57;1273.09;91;230.70;0.32;20.84;1323.85;115;121.98;0.16;10.60;769.45;55;139.43;0.20;20.84;741.47;53;134.36;0.19;20.84;427.30;30;76.54;0.13;20.60;1049.30;70;200.33;0.27;21.96;944.37;63;257.98;0.30;31.42;284.81;19;59.99;0.08;24.22;550.34;43;37.30;0.05;7.79;374.08;27;55.83;0.08;17.16;1079.60;75;178.01;0.24;18.96;1648.03;122;210.90;0.26;14.72;944.37;63;172.33;0.24;20.99;1025.21;79;126.51;0.16;14.19;685.51;49;123.85;0.18;20.78;1485.19;116;166.85;0.24;12.92;433.66;34;45.51;0.07;12.07;488.25;35;81.15;0.14;19.11;1002.96;78;114.22;0.20;13.10;621.77;48;75.61;0.12;13.98;0.00;0;0.00;0.00;0.00;0.00;0;0.00;0.00;0.00;0.00;0;0.00;0.00;0.00;0.00;0;0.00;0.00;0.00;0.00;0;0.00;0.00;0.00;0.00;0;0.00;0.00;0.00
805;PARMALAT GROWTH MILK 1+;5;293619.68;10 962;27931.95;0.80;10.94;2244.17;98;398.06;0.47;20.40;3472.72;148;497.17;0.82;16.46;4233.79;176;681.72;1.23;18.52;4239.36;184;550.21;0.73;14.93;4918.94;206;672.48;1.27;15.72;4824.05;195;602.49;0.68;14.36;3832.25;155;476.94;0.66;14.31;4846.00;195;621.58;0.83;14.75;2165.70;90;225.22;0.28;11.96;6739.05;280;701.82;0.94;11.98;6559.95;265;822.41;1.03;14.42;5378.21;209;706.45;1.08;15.11;4023.26;154;555.25;0.52;15.87;5758.33;227;646.74;0.64;12.92;5579.30;220;643.47;1.01;13.26;7760.03;292;943.19;1.49;13.98;6035.18;222;727.09;1.02;13.85;5508.32;203;648.19;1.00;13.53;6540.19;241;776.74;1.01;13.66;5550.10;205;644.39;0.83;13.35;4522.31;169;518.43;0.81;13.18;4433.54;166;501.85;0.63;13.02;4171.44;156;475.94;0.56;13.12;3727.39;136;508.12;0.71;15.68;6591.26;244;824.45;1.07;14.38;4975.29;186;544.40;0.77;12.58;3606.60;135;391.22;0.55;12.47;2972.49;111;283.91;0.49;10.98;3581.56;134;310.28;0.42;9.96;3824.47;143;333.17;0.39;10.02;4815.30;180;420.49;0.56;10.04;5646.14;211;494.25;0.69;10.07;5295.27;198;461.18;0.65;10.02;5935.23;222;515.44;0.71;9.99;6818.10;255;592.59;0.73;10.00;5588.26;209;485.77;0.69;10.00;6255.21;234;542.57;0.70;9.97;6885.42;258;588.35;0.85;9.83;6273.34;226;430.97;0.61;7.90;7250.25;255;457.03;0.75;7.25;6674.40;235;414.92;0.72;7.15;9591.88;337;612.85;1.07;7.35;10163.78;357;651.52;0.99;7.37;10039.92;353;635.54;1.06;7.28;11075.66;389;691.83;1.09;7.18;8510.01;299;529.02;0.87;7.15;11012.39;386;705.75;0.95;7.37;8678.66;304;560.77;0.94;7.43;14495.21;509;907.76;1.54;7.20
1255;L/STAR PILCHARDS TOMATO;5;184538.64;7 095;9671.15;0.28;5.24;1818.00;70;262.08;0.31;14.42;5871.87;283;168.20;0.28;2.86;1530.81;59;366.69;0.66;23.95;3530.15;157;198.49;0.26;5.62;2424.96;104;177.37;0.34;7.31;978.25;35;174.51;0.20;17.84;4243.42;178;322.70;0.44;7.60;5992.40;260;180.14;0.24;3.01;564.09;21;90.93;0.11;16.12;410.86;14;59.37;0.08;14.45;795.02;28;109.48;0.14;13.77;1237.49;46;156.86;0.24;12.68;2776.90;110;74.19;0.07;2.67;3804.49;151;28.10;0.03;0.74;2107.18;82;59.43;0.09;2.82;1169.70;42;118.91;0.19;10.17;2969.43;110;233.18;0.33;7.85;5474.37;218;123.85;0.19;2.26;6140.15;240;229.22;0.30;3.73;4676.29;177;241.12;0.31;5.16;5930.20;237;279.49;0.44;4.71;1853.91;64;237.41;0.30;12.81;7650.47;273;931.22;1.10;12.17;9551.08;367;572.47;0.80;5.99;8097.07;323;178.47;0.23;2.20;3262.21;129;88.37;0.12;2.71;5596.61;214;263.27;0.37;4.70;3708.63;142;173.76;0.30;4.69;4243.31;159;175.99;0.24;4.15;7077.49;271;107.29;0.13;1.52;2725.22;105;150.85;0.20;5.54;933.76;33;95.58;0.13;10.24;8035.84;320;-65.73;-0.09;-0.82;4044.18;154;204.21;0.28;5.05;2700.33;96;214.49;0.26;7.94;2435.29;84;238.48;0.34;9.79;3760.97;143;101.18;0.13;2.69;2361.98;88;124.22;0.18;5.26;3754.60;140;156.99;0.22;4.18;4176.41;149;232.29;0.38;5.56;6066.45;224;135.50;0.23;2.23;5433.07;196;117.49;0.21;2.16;2138.06;74;211.24;0.32;9.88;6342.20;227;475.81;0.79;7.50;5500.10;202;144.60;0.23;2.63;1583.77;56;90.36;0.15;5.71;1725.86;54;244.27;0.33;14.15;3022.55;105;235.75;0.40;7.80;2311.19;81;180.98;0.31;7.83
1292;EAST GEM BORRIE;5;40313.35;13 490;20073.59;0.57;57.26;944.69;316;521.61;0.62;63.50;1276.43;427;634.69;1.05;57.18;965.77;323;480.30;0.86;57.19;920.92;308;458.00;0.61;57.19;899.99;301;447.59;0.85;57.19;859.47;288;426.82;0.48;57.11;708.18;237;352.03;0.48;57.17;968.01;324;481.14;0.64;57.16;820.75;275;398.72;0.50;55.87;1147.71;384;560.55;0.75;56.17;825.24;276;410.41;0.52;57.19;857.68;287;426.38;0.65;57.17;1087.91;364;540.88;0.50;57.17;905.22;303;449.91;0.44;57.16;821.95;275;408.66;0.64;57.18;675.74;226;336.06;0.53;57.19;872.78;292;433.94;0.61;57.18;753.18;252;374.46;0.58;57.18;849.16;284;422.31;0.55;57.19;791.90;265;393.66;0.51;57.17;720.29;241;358.11;0.56;57.17;762.30;255;379.05;0.48;57.18;860.82;288;428.00;0.51;57.18;926.90;310;460.97;0.64;57.19;1052.48;352;523.42;0.68;57.19;847.96;284;421.26;0.59;57.13;845.27;283;420.04;0.59;57.15;813.13;272;404.33;0.70;57.18;806.55;270;400.84;0.54;57.15;846.02;283;420.69;0.49;57.18;639.71;214;318.09;0.43;57.18;690.39;231;343.24;0.48;57.17;959.49;321;477.07;0.67;57.18;883.99;296;439.24;0.60;57.14;630.74;211;313.63;0.39;57.18;923.46;309;459.09;0.65;57.17;883.54;296;438.85;0.56;57.12;681.57;228;338.91;0.49;57.18;893.41;299;444.09;0.63;57.16;732.10;245;363.92;0.60;57.17;704.29;236;349.76;0.60;57.11;671.85;225;333.79;0.58;57.13;684.41;229;340.26;0.52;57.17;702.65;235;349.45;0.58;57.19;633.58;212;314.98;0.50;57.17;687.25;230;341.62;0.56;57.16;588.88;197;292.81;0.39;57.18;683.66;229;339.61;0.57;57.13;603.98;202;300.37;0.51;57.19
1293;EAST GEM CURRY POWDER;5;37049.62;12 399;18450.86;0.53;57.27;917.78;307;506.28;0.60;63.44;1411.28;472;701.86;1.16;57.19;798.33;267;397.03;0.71;57.19;873.08;292;434.20;0.58;57.19;822.25;275;408.93;0.77;57.19;803.11;269;398.96;0.45;57.13;675.29;226;335.67;0.46;57.16;911.50;305;453.14;0.60;57.17;728.36;244;353.62;0.44;55.83;989.69;331;484.35;0.65;56.28;789.36;264;392.57;0.49;57.19;860.52;288;427.73;0.65;57.16;1010.17;338;502.21;0.47;57.17;1209.90;405;601.32;0.59;57.16;884.74;296;439.89;0.69;57.18;744.51;249;370.26;0.59;57.19;821.50;275;408.27;0.57;57.15;801.02;268;398.26;0.62;57.18;880.56;295;437.37;0.57;57.12;800.87;268;398.12;0.52;57.17;669.16;224;332.57;0.52;57.15;729.41;244;362.70;0.46;57.18;753.18;252;374.46;0.44;57.18;865.60;290;429.93;0.60;57.12;917.93;307;456.51;0.59;57.19;719.99;241;357.85;0.51;57.16;696.37;233;346.21;0.49;57.17;705.64;236;350.93;0.61;57.19;719.99;241;357.85;0.48;57.16;759.46;254;377.70;0.44;57.19;595.01;199;295.91;0.40;57.19;688.74;231;341.80;0.48;57.07;764.99;256;380.28;0.53;57.17;594.86;199;295.78;0.41;57.18;747.50;250;371.75;0.46;57.19;699.66;234;347.96;0.49;57.19;793.99;266;394.37;0.51;57.12;699.21;234;347.57;0.50;57.16;695.92;233;345.82;0.49;57.15;477.80;160;237.40;0.39;57.14;501.12;168;248.77;0.43;57.09;617.73;207;306.77;0.54;57.11;543.88;182;270.37;0.41;57.17;574.08;192;285.50;0.47;57.19;537.75;180;267.27;0.42;57.16;630.14;211;313.10;0.51;57.14;517.12;173;257.12;0.35;57.18;537.45;180;267.01;0.45;57.13;562.12;188;279.56;0.47;57.19
1295;EAST GEM BLACK PEPPER;5;65064.57;16 143;34836.27;0.99;61.57;1376.55;345;796.22;0.94;66.52;1392.51;349;740.50;1.23;61.15;1248.47;313;663.76;1.19;61.14;1392.51;349;740.50;0.99;61.15;1507.42;378;801.33;1.52;61.13;1311.91;329;697.37;0.78;61.13;1556.10;390;827.49;1.14;61.15;1754.40;440;932.53;1.24;61.13;1710.51;429;892.26;1.12;59.99;2026.92;508;1060.28;1.42;60.16;1149.12;288;611.07;0.77;61.15;1623.13;407;862.86;1.32;61.13;1619.34;406;860.91;0.80;61.14;1407.07;353;747.77;0.74;61.11;1659.84;416;882.65;1.39;61.15;1611.96;404;857.19;1.36;61.15;1252.06;314;665.54;0.94;61.13;1181.04;296;628.04;0.97;61.15;1595.80;400;848.53;1.11;61.15;1615.95;405;859.31;1.11;61.15;997.50;250;530.44;0.83;61.15;1564.08;392;831.73;1.05;61.15;1464.33;367;764.91;0.91;60.07;1599.99;401;850.83;1.19;61.15;1487.87;373;791.07;1.03;61.14;1419.24;356;754.30;1.07;61.12;1169.07;293;621.68;0.88;61.15;1392.51;349;740.50;1.29;61.15;1416.25;355;753.05;1.02;61.15;1595.20;400;848.01;0.99;61.13;1276.80;320;678.96;0.91;61.15;1059.94;266;563.17;0.78;61.10;1164.48;292;619.03;0.87;61.13;952.81;239;506.41;0.70;61.12;1288.77;323;685.33;0.84;61.15;1256.85;315;668.36;0.94;61.15;1371.96;344;729.37;0.94;61.14;1033.01;259;549.19;0.79;61.14;1327.07;333;705.16;1.00;61.11;1146.32;288;608.63;1.00;61.06;1266.22;318;672.46;1.16;61.07;1223.33;307;649.99;1.14;61.10;1161.38;272;643.29;0.98;63.70;1108.14;247;630.69;1.05;65.45;1076.26;240;612.41;0.97;65.44;805.75;180;458.05;0.75;65.37;857.59;191;488.30;0.66;65.48;745.12;166;424.20;0.71;65.47;844.12;188;480.63;0.81;65.48
1884;JUNGLE OATS;5;236345.36;6 041;10927.29;0.31;5.32;1839.97;43;257.90;0.30;16.12;4732.57;128;280.87;0.47;6.83;4975.29;141;117.15;0.21;2.71;4329.64;121;341.65;0.46;9.07;5371.77;148;484.62;0.92;10.37;5122.10;140;493.28;0.56;11.08;3886.62;108;298.93;0.41;8.84;4619.40;130;186.70;0.25;4.65;5924.84;176;91.16;0.11;1.77;3060.89;71;533.42;0.71;20.04;4492.46;114;352.58;0.44;9.03;5132.68;132;194.11;0.30;4.35;7762.98;202;289.68;0.27;4.29;3432.87;78;431.70;0.42;14.46;6591.32;178;-16.71;-0.03;-0.29;6204.54;156;411.85;0.65;7.63;3523.70;80;422.26;0.59;13.78;4123.78;102;266.02;0.41;7.42;6113.43;157;275.16;0.36;5.18;4839.87;123;243.77;0.32;5.79;3912.14;96;341.14;0.53;10.03;3364.32;78;364.52;0.46;12.46;2198.32;48;275.76;0.33;14.43;2292.60;50;289.59;0.40;14.53;4144.78;102;276.44;0.36;7.67;6118.83;161;98.21;0.14;1.85;4552.93;112;98.50;0.14;2.49;6589.47;143;51.71;0.09;0.90;6114.49;151;-261.77;-0.35;-4.92;5040.19;117;190.28;0.22;4.34;5540.26;134;186.30;0.25;3.87;5902.26;139;208.64;0.29;4.07;4239.63;97;138.89;0.20;3.77;4889.36;119;101.29;0.14;2.38;4510.53;107;197.70;0.24;5.04;4706.81;114;154.66;0.22;3.78;5631.28;137;181.81;0.23;3.71;5145.00;125;164.36;0.24;3.67;5969.14;146;176.81;0.25;3.41;6722.63;177;203.96;0.34;3.49;6232.27;173;179.91;0.31;3.32;4212.83;111;-172.67;-0.30;-4.71;4599.07;123;328.95;0.50;8.23;4290.63;117;199.76;0.33;5.35;8993.70;255;213.21;0.34;2.73;4394.28;122;131.10;0.21;3.43;4005.46;104;250.88;0.34;7.20;4323.90;120;169.95;0.29;4.52;1627.53;35;231.30;0.39;16.34
1942;KELLOGGS CORN FLAKES;5;205910.96;2 973;9535.67;0.27;5.33;2649.57;43;248.71;0.29;10.79;2376.16;34;321.78;0.53;15.57;1396.30;20;132.36;0.24;10.90;1259.82;18;121.86;0.16;11.12;654.90;10;49.68;0.09;8.72;901.89;11;139.58;0.16;17.80;735.80;10;89.43;0.12;13.98;409.95;5;63.44;0.08;17.80;6610.92;108;149.54;0.19;2.60;3869.41;59;222.00;0.30;6.60;1065.87;13;164.96;0.21;17.80;4132.38;62;129.68;0.20;3.61;2665.64;36;267.91;0.25;11.56;1839.77;23;214.38;0.21;13.40;1007.88;12;149.41;0.23;17.05;1622.76;24;57.59;0.09;4.08;1891.78;22;308.09;0.43;18.73;4477.87;69;236.53;0.37;6.07;6395.10;90;177.96;0.23;3.20;1913.77;23;253.43;0.33;15.23;5400.06;94;135.91;0.21;2.89;3613.39;61;227.70;0.29;7.25;6824.91;109;245.16;0.29;4.13;3615.14;56;174.69;0.24;5.56;5821.39;81;205.25;0.27;4.05;9810.94;151;178.32;0.25;2.09;7961.73;127;144.87;0.20;2.09;2648.35;35;250.00;0.43;10.86;6252.08;92;253.85;0.34;4.67;9370.14;136;201.70;0.24;2.48;4501.45;55;682.07;0.92;17.42;2915.66;34;488.15;0.68;19.25;1891.78;22;288.17;0.41;17.52;2605.25;35;244.50;0.34;10.79;3632.52;48;94.42;0.12;2.99;3833.47;53;168.22;0.24;5.05;5562.17;83;191.76;0.25;3.96;7904.85;115;197.56;0.29;2.87;7676.91;109;177.24;0.25;2.66;2331.68;32;108.94;0.18;5.37;7515.52;106;231.52;0.40;3.54;7706.90;110;-154.15;-0.27;-2.30;6712.56;94;89.81;0.14;1.54;3869.47;53;180.03;0.30;5.35;1289.85;15;196.48;0.31;17.52;919.89;11;108.93;0.18;13.62;8248.83;117;237.00;0.32;3.30;6549.09;91;249.66;0.42;4.38;11047.44;156;239.58;0.41;2.49
2082;KOO BAKED BEANS IN TOMATO;5;236921.88;17 179;6548.20;0.19;3.18;7232.46;647;196.90;0.23;3.13;6146.64;511;480.03;0.80;8.98;5068.87;434;9.92;0.02;0.23;3661.79;289;310.08;0.41;9.74;4963.18;387;332.08;0.63;7.69;3343.62;263;132.32;0.15;4.55;7825.32;629;99.24;0.14;1.46;5765.14;436;172.51;0.23;3.44;9899.54;795;-487.41;-0.61;-5.66;5080.21;379;32.40;0.04;0.73;8694.28;694;-546.01;-0.69;-7.22;9403.07;741;-154.55;-0.24;-1.89;12618.90;1 024;330.92;0.31;3.02;8876.14;654;383.46;0.38;4.97;9967.82;728;-295.44;-0.46;-3.41;7960.51;561;-15.23;-0.02;-0.22;11560.59;816;660.60;0.93;6.57;6763.03;487;327.85;0.51;5.57;8027.52;593;96.64;0.13;1.38;3008.71;179;233.05;0.30;8.91;10665.60;744;64.30;0.10;0.69;8104.21;529;288.31;0.36;4.09;7169.05;459;284.26;0.34;4.56;3817.41;235;209.50;0.29;6.31;6869.21;447;335.39;0.44;5.61;9843.92;652;347.42;0.49;4.06;10822.59;741;355.86;0.50;3.78;6717.13;443;188.53;0.33;3.23;10048.62;606;1229.06;1.66;14.07;6356.32;408;212.94;0.25;3.85;5780.02;363;287.17;0.39;5.71;3910.96;255;118.13;0.16;3.47;873.54;46;301.73;0.42;39.72;75.96;4;26.24;0.04;39.72;0.00;0;0.00;0.00;0.00;0.00;0;0.00;0.00;0.00;0.00;0;0.00;0.00;0.00;0.00;0;0.00;0.00;0.00;0.00;0;0.00;0.00;0.00;0.00;0;0.00;0.00;0.00;0.00;0;0.00;0.00;0.00;0.00;0;0.00;0.00;0.00;0.00;0;0.00;0.00;0.00;0.00;0;0.00;0.00;0.00;0.00;0;0.00;0.00;0.00;0.00;0;0.00;0.00;0.00;0.00;0;0.00;0.00;0.00;0.00;0;0.00;0.00;0.00;0.00;0;0.00;0.00;0.00
2083;AG TOMATO SAUCE;5;592234.03;18 523;15184.98;0.43;2.95;17375.45;655;231.85;0.27;1.53;9133.79;351;153.52;0.25;1.93;8777.25;327;-287.81;-0.52;-3.77;4909.35;173;73.98;0.10;1.73;9682.53;347;-375.74;-0.71;-4.46;5777.04;196;62.27;0.07;1.24;10336.73;357;329.56;0.45;3.67;4670.55;145;394.31;0.53;9.71;21115.41;749;696.37;0.87;3.79;18286.24;642;-508.41;-0.68;-3.20;9588.93;327;317.84;0.40;3.81;10525.40;360;221.64;0.34;2.42;17956.07;593;344.24;0.32;2.20;18148.08;592;543.93;0.53;3.45;13138.73;427;358.13;0.56;3.13;13031.78;422;316.01;0.50;2.79;15683.91;491;194.93;0.27;1.43;13091.01;406;441.51;0.68;3.88;14142.59;441;512.62;0.67;4.17;11220.64;336;128.14;0.17;1.31;14855.40;450;437.61;0.68;3.39;17746.78;522;383.84;0.48;2.49;8161.36;244;311.65;0.37;4.39;15095.65;435;476.32;0.67;3.63;14937.77;428;505.10;0.66;3.89;12083.15;355;290.16;0.41;2.76;14562.36;441;343.77;0.49;2.71;9232.85;275;356.68;0.62;4.44;11555.30;350;400.51;0.54;3.99;12048.06;359;374.99;0.44;3.58;11179.41;323;682.85;0.92;7.02;11500.06;344;355.34;0.49;3.55;22748.90;690;667.27;0.94;3.37;16436.76;499;347.34;0.48;2.43;8667.46;254;352.91;0.43;4.68;10887.89;317;456.89;0.65;4.83;11765.04;351;298.80;0.38;2.92;8031.76;239;215.74;0.31;3.09;9574.97;283;299.95;0.43;3.60;8185.05;235;183.87;0.30;2.58;8334.24;243;269.82;0.47;3.72;8257.68;232;344.02;0.60;4.79;8454.19;246;233.32;0.36;3.17;18153.92;526;400.29;0.67;2.54;14867.36;439;564.30;0.89;4.36;13076.05;375;404.57;0.66;3.56;7605.76;224;278.02;0.37;4.20;7370.63;217;272.26;0.46;4.25;10266.74;290;527.92;0.89;5.91
2098;DOMESTOS LAVENDER BLAST;5;94398.08;2 947;8024.89;0.23;9.78;1997.61;64;148.28;0.18;8.54;1257.89;36;156.07;0.26;14.27;1294.63;37;161.97;0.29;14.39;1896.89;61;92.60;0.12;5.61;1601.06;44;300.54;0.57;21.59;1707.51;49;202.27;0.23;13.62;1427.02;45;94.67;0.13;7.63;1865.39;61;115.40;0.15;7.11;2920.61;105;-86.85;-0.11;-3.42;1725.43;42;294.64;0.39;19.64;1785.48;52;203.52;0.26;13.11;1755.34;51;217.18;0.33;14.23;1372.59;41;115.35;0.11;9.66;1629.32;38;357.63;0.35;25.24;1744.73;56;93.78;0.15;6.18;1193.65;35;118.23;0.19;11.39;1169.67;33;206.33;0.29;20.29;1605.10;50;120.91;0.19;8.66;1040.11;29;138.74;0.18;15.34;1396.41;39;184.53;0.24;15.20;1749.34;59;122.01;0.19;8.02;2673.54;86;247.48;0.31;10.65;2328.55;65;308.59;0.37;15.24;2073.60;60;230.35;0.32;12.78;2448.74;76;189.47;0.25;8.90;2728.10;90;87.65;0.12;3.69;1358.62;38;178.07;0.25;15.07;1329.83;37;179.44;0.31;15.52;2143.19;68;224.63;0.30;12.05;2057.33;67;112.53;0.13;6.29;1309.98;41;144.19;0.19;12.66;1628.12;48;215.60;0.30;15.23;2975.42;112;227.29;0.32;8.78;2021.31;69;98.44;0.14;5.60;2003.71;59;267.17;0.33;15.33;1171.87;33;155.87;0.22;15.30;1929.60;60;123.58;0.16;7.37;2181.21;69;113.59;0.16;5.99;2607.35;85;84.13;0.12;3.71;1499.54;46;120.97;0.20;9.28;1992.02;58;201.41;0.35;11.63;3843.84;138;227.97;0.40;6.82;1560.29;49;143.51;0.22;10.58;2622.06;84;95.73;0.16;4.20;3823.48;124;256.60;0.41;7.72;1559.49;51;64.34;0.11;4.74;2902.60;98;77.09;0.10;3.05;1705.22;53;146.54;0.25;9.88;1783.69;56;144.86;0.25;9.34
2114;SUNLIGHT D/WASH LIQ REG;5;315491.29;10 289;18031.94;0.51;6.57;3928.16;144;233.64;0.28;6.84;5838.24;218;154.40;0.26;3.04;1929.89;63;278.33;0.50;16.59;3729.67;133;165.64;0.22;5.11;2638.24;79;149.87;0.28;6.53;4837.62;158;222.06;0.25;5.28;4201.99;139;290.27;0.40;7.94;5164.28;182;-301.74;-0.40;-6.72;6627.19;262;-776.04;-0.97;-13.47;8429.84;316;307.63;0.41;4.20;2505.44;66;361.00;0.45;16.57;8691.19;281;271.04;0.42;3.59;12038.05;415;238.37;0.22;2.28;9230.87;313;345.48;0.34;4.30;4912.76;164;217.84;0.34;5.10;8173.29;281;252.52;0.40;3.55;8664.07;293;260.09;0.37;3.45;11119.54;376;300.83;0.47;3.11;9192.87;313;240.09;0.31;3.00;9553.30;310;386.46;0.50;4.65;8426.50;276;413.10;0.65;5.64;12265.75;425;444.41;0.56;4.17;3187.36;84;557.69;0.66;20.12;8634.44;261;613.67;0.86;8.17;8054.97;263;348.62;0.45;4.98;9857.97;313;376.44;0.53;4.39;6729.54;214;434.21;0.61;7.42;7533.90;230;489.27;0.85;7.47;9770.58;312;2854.59;3.86;33.60;8341.50;270;1925.59;2.25;26.55;6169.48;202;273.47;0.37;5.10;10971.68;367;242.39;0.34;2.54;10328.45;347;1259.31;1.77;14.02;4179.32;118;383.73;0.53;10.56;6824.98;202;373.74;0.46;6.30;5398.23;157;461.79;0.65;9.84;5381.63;157;400.33;0.52;8.55;5548.44;166;274.62;0.40;5.69;5895.57;180;252.89;0.36;4.93;8401.98;259;346.85;0.57;4.75;9986.21;329;117.31;0.20;1.35;7549.45;235;277.35;0.48;4.22;7740.26;223;707.08;1.08;10.51;5166.01;152;307.44;0.51;6.84;1695.60;40;288.78;0.46;19.59;44.99;1;9.48;0.02;24.23;0.00;0;0.00;0.00;0.00;0.00;0;0.00;0.00;0.00;0.00;0;0.00;0.00;0.00
2122;SUNLIGHT LIQUID POUCH REF;5;291080.55;11 023;15513.21;0.44;6.13;7901.36;362;49.97;0.06;0.73;5379.04;232;376.93;0.62;8.06;7303.59;301;300.03;0.54;4.72;7474.63;297;566.15;0.76;8.71;8310.87;333;108.94;0.21;1.51;4332.65;160;168.29;0.19;4.47;9079.64;361;275.76;0.38;3.49;6522.31;249;378.56;0.50;6.67;8116.45;325;264.99;0.33;3.75;2683.73;87;345.80;0.46;14.82;9615.12;358;529.18;0.67;6.33;5854.70;220;291.63;0.45;5.73;3558.94;139;273.69;0.25;8.84;5455.33;212;429.13;0.42;9.05;7955.84;306;287.05;0.45;4.15;4139.36;154;229.81;0.36;6.38;9667.67;378;218.33;0.31;2.60;3177.53;106;381.08;0.59;13.79;7300.65;288;198.83;0.26;3.13;4502.28;172;225.90;0.29;5.77;6621.26;244;294.33;0.46;5.11;4182.93;147;220.59;0.28;6.06;10851.13;392;370.92;0.44;3.93;7532.66;273;351.91;0.49;5.37;9171.70;335;244.49;0.32;3.07;4554.14;165;339.79;0.48;8.58;8043.15;310;365.96;0.52;5.23;4965.35;183;538.71;0.94;12.48;9510.62;388;309.78;0.42;3.75;6309.55;245;242.61;0.28;4.42;8162.14;326;341.26;0.46;4.81;8259.34;316;414.79;0.58;5.78;6119.45;205;852.67;1.20;16.02;11064.78;422;583.71;0.80;6.07;8448.89;311;657.56;0.81;8.95;5988.82;218;583.49;0.82;11.20;12419.40;460;773.87;1.00;7.17;6244.14;216;521.22;0.75;9.60;8311.20;285;501.61;0.71;6.94;3894.49;126;368.02;0.61;10.87;6496.25;235;215.71;0.37;3.82;2863.10;90;292.94;0.51;11.77;1872.24;64;136.56;0.21;8.39;862.13;27;90.66;0.15;12.09;0.00;0;0.00;0.00;0.00;0.00;0;0.00;0.00;0.00;0.00;0;0.00;0.00;0.00;0.00;0;0.00;0.00;0.00;0.00;0;0.00;0.00;0.00
2662;FRESHPAK ROOIBOS TAGLESS;5;190102.18;4 112;16233.90;0.46;9.82;2780.48;72;277.73;0.33;11.49;2322.67;53;413.13;0.68;20.46;3342.52;88;246.06;0.44;8.47;4183.83;117;152.49;0.20;4.19;4285.05;95;888.24;1.68;23.84;3899.66;84;881.72;0.99;26.00;2387.02;48;641.79;0.88;30.92;3740.60;90;564.17;0.75;17.34;5394.07;143;366.55;0.46;7.81;2891.51;69;372.11;0.50;14.80;3424.00;80;346.00;0.44;11.62;3002.51;69;349.67;0.54;13.39;4437.12;108;292.06;0.27;7.57;3342.94;71;407.60;0.40;14.02;4808.82;118;223.87;0.35;5.35;3167.28;72;258.55;0.41;9.39;4435.10;105;447.75;0.63;11.61;3840.64;76;638.16;0.99;19.11;2920.63;57;474.14;0.62;18.67;4743.90;110;393.42;0.51;9.54;2779.56;64;241.42;0.38;9.99;1737.36;34;184.77;0.23;12.23;3495.21;79;205.46;0.24;6.76;2160.91;49;183.32;0.26;9.76;2945.52;68;212.91;0.28;8.31;4077.09;91;274.04;0.39;7.73;5464.94;111;321.92;0.45;6.77;4654.88;97;335.08;0.58;8.28;5319.81;119;190.25;0.26;4.11;3509.98;72;318.42;0.37;10.43;3115.81;59;407.50;0.55;15.04;4484.39;96;201.42;0.28;5.17;2812.17;58;202.45;0.28;8.28;1375.09;26;181.33;0.25;15.17;4469.12;88;295.15;0.36;7.59;2946.67;58;178.00;0.25;6.95;3609.49;71;208.76;0.27;6.65;4060.41;79;291.32;0.42;8.25;5461.63;107;423.28;0.60;8.91;4832.67;93;417.03;0.69;9.92;7894.90;170;271.42;0.47;3.95;5085.11;109;298.55;0.52;6.75;2901.96;54;304.56;0.46;12.07;9555.49;191;372.46;0.62;4.48;4170.71;79;250.44;0.40;6.91;3201.77;63;151.73;0.25;5.45;3978.54;76;252.60;0.34;7.30;2773.88;52;199.94;0.34;8.29;3876.76;74;223.16;0.38;6.62
2671;SAVEMOR D/WASH LIQUID;5;73176.96;3 231;13063.54;0.37;20.53;1236.31;59;240.87;0.28;22.41;755.64;36;135.69;0.22;20.65;795.52;38;141.41;0.25;20.44;587.72;28;121.18;0.16;23.71;838.55;40;174.76;0.33;23.97;857.44;41;175.55;0.20;23.54;1616.23;77;334.83;0.46;23.82;1256.25;60;258.17;0.34;23.63;1757.91;84;360.71;0.45;23.60;2704.56;134;414.96;0.55;17.64;2176.66;104;446.76;0.56;23.60;1629.18;77;331.89;0.51;23.43;1672.52;73;291.31;0.27;20.03;2682.44;126;325.09;0.32;13.94;1998.98;87;352.13;0.55;20.26;1538.03;67;269.95;0.43;20.18;988.57;43;177.92;0.25;20.70;1535.73;67;273.23;0.42;20.46;1470.21;64;263.81;0.34;20.64;1517.34;66;273.09;0.35;20.70;3308.26;144;593.83;0.93;20.64;2551.89;111;456.43;0.58;20.57;2912.83;127;514.52;0.61;20.31;2136.92;93;380.17;0.53;20.46;1792.07;78;318.69;0.42;20.45;1928.86;84;342.28;0.48;20.41;1240.31;54;220.32;0.31;20.43;1951.85;85;346.38;0.60;20.41;1147.20;50;202.91;0.27;20.34;1596.16;74;210.48;0.25;15.16;1048.33;42;223.64;0.30;24.53;1170.78;47;226.22;0.31;22.22;1820.52;73;353.17;0.50;22.31;1374.45;55;268.54;0.37;22.47;1881.22;78;333.15;0.41;20.37;1857.59;81;275.66;0.39;17.07;1470.21;64;219.97;0.28;17.21;1010.41;44;150.91;0.22;17.18;1387.56;58;206.94;0.29;17.15;231.92;8;47.55;0.08;23.58;375.42;13;76.01;0.13;23.28;550.81;19;112.94;0.20;23.58;1024.59;41;199.56;0.30;22.40;1148.29;46;222.81;0.37;22.31;1835.75;89;289.93;0.46;18.16;2174.13;87;423.94;0.69;22.42;923.38;37;180.14;0.24;22.43;1259.64;60;215.51;0.36;19.68;449.82;18;87.61;0.15;22.40
2675;SAVEMOR BAKED BEANS;5;59014.85;5 282;6982.40;0.20;13.61;964.37;88;156.06;0.18;18.61;2907.21;298;234.47;0.39;9.28;1960.93;207;111.95;0.20;6.57;2643.39;275;40.37;0.05;1.76;1774.01;179;165.91;0.31;10.75;589.92;53;87.39;0.10;17.04;1744.08;178;53.50;0.07;3.53;733.07;64;83.01;0.11;13.02;721.02;63;81.19;0.10;12.95;1610.04;145;158.42;0.21;11.32;849.72;69;130.79;0.16;17.70;853.44;66;155.37;0.24;20.94;452.04;36;76.98;0.07;19.58;2174.99;191;262.37;0.26;13.87;1857.25;155;283.01;0.44;17.52;574.32;48;86.92;0.14;17.40;572.91;47;85.84;0.12;17.23;0.00;0;0.00;0.00;0.00;536.55;45;79.64;0.10;17.07;737.98;62;108.63;0.14;16.93;592.90;50;85.65;0.13;16.61;585.71;49;88.00;0.11;17.28;331.52;28;47.53;0.06;16.49;419.05;35;63.45;0.09;17.41;966.39;81;143.88;0.19;17.12;1196.60;100;183.30;0.26;17.62;742.18;62;113.22;0.16;17.54;1223.00;111;121.19;0.21;11.40;1472.60;140;122.39;0.17;9.56;1112.67;93;167.90;0.20;17.35;1608.42;138;236.23;0.32;16.89;2201.36;184;332.14;0.46;17.35;1603.66;134;242.31;0.34;17.38;1663.61;139;251.45;0.35;17.38;610.89;51;92.70;0.11;17.45;1333.15;127;132.58;0.19;11.44;1984.34;166;298.20;0.38;17.28;646.26;54;97.66;0.14;17.38;861.48;72;130.04;0.19;17.36;1320.37;125;77.33;0.13;6.74;1432.54;131;133.69;0.23;10.73;2022.68;182;203.42;0.36;11.57;943.01;79;145.03;0.22;17.69;862.68;72;131.08;0.22;17.47;1049.37;89;148.43;0.23;16.27;1688.18;142;248.16;0.41;16.91;1168.89;99;167.48;0.22;16.48;1665.22;148;191.89;0.32;13.25;1448.88;132;144.25;0.24;11.45
2679;SAVEMOR MARIE BISCUITS;5;83512.04;11 664;6318.97;0.18;8.70;1428.97;251;101.39;0.12;8.16;2522.24;438;155.73;0.26;7.10;1128.48;180;123.82;0.22;12.62;621.75;75;152.40;0.20;28.19;2003.43;282;294.74;0.56;16.92;1981.94;296;208.07;0.23;12.07;1932.98;294;146.66;0.20;8.73;2091.34;316;195.42;0.26;10.75;2279.30;355;165.16;0.21;8.33;2909.85;451;102.21;0.14;4.04;1550.29;203;-612.16;-0.77;-45.41;1498.33;203;-410.06;-0.63;-31.47;1949.20;264;169.68;0.16;10.01;1563.45;205;168.05;0.17;12.36;1240.46;181;82.55;0.13;7.65;1958.78;319;-17.47;-0.03;-1.03;1962.53;305;59.95;0.08;3.51;1223.03;185;111.79;0.17;10.51;1904.15;270;219.75;0.29;13.27;1138.41;160;126.79;0.16;12.81;857.94;141;-14.17;-0.02;-1.90;1814.29;261;167.23;0.21;10.60;1862.43;258;184.84;0.22;11.41;1868.39;262;189.17;0.26;11.64;2005.00;290;124.74;0.16;7.15;1719.37;235;144.52;0.20;9.67;1489.09;205;128.93;0.18;9.96;1628.82;216;210.57;0.37;14.87;1741.79;251;148.26;0.20;9.79;2518.33;356;244.55;0.29;11.17;1212.56;137;258.72;0.35;24.54;2045.39;250;319.29;0.44;17.95;2056.37;270;171.11;0.24;9.57;3053.37;432;233.49;0.32;8.79;1388.90;173;183.96;0.23;15.23;2283.29;296;286.28;0.40;14.42;1721.46;223;181.58;0.23;12.13;1576.43;201;163.19;0.24;11.90;1581.02;200;130.15;0.19;9.47;1663.53;212;139.27;0.23;9.63;1765.99;224;148.39;0.26;9.66;1232.02;151;123.42;0.22;11.52;1473.77;158;260.36;0.40;20.32;1302.35;159;148.04;0.25;13.07;1225.12;159;84.82;0.13;7.96;2157.69;295;36.89;0.06;1.97;469.03;47;90.51;0.12;22.19;993.50;121;113.21;0.19;13.10;1915.89;248;173.16;0.29;10.39
2682;SAVEMOR TOM&ONION MIX;5;62394.44;3 578;11282.00;0.32;20.79;1068.13;67;212.86;0.25;22.92;1007.37;63;202.77;0.34;23.15;1639.77;103;325.25;0.58;22.81;987.38;62;196.07;0.26;22.84;1179.26;74;234.69;0.44;22.89;1514.25;95;301.59;0.34;22.90;1198.45;75;240.70;0.33;23.10;1126.88;70;218.36;0.29;22.28;1516.26;92;273.16;0.34;20.72;1118.86;68;200.29;0.27;20.59;1481.63;90;265.78;0.33;20.63;646.20;36;122.07;0.19;21.72;1432.36;74;310.54;0.29;24.93;1293.48;72;229.39;0.23;20.39;557.69;31;99.44;0.16;20.51;215.88;12;38.49;0.06;20.51;0.00;0;0.00;0.00;0.00;179.90;10;32.69;0.05;20.90;844.63;47;152.87;0.20;20.81;1204.43;67;218.25;0.28;20.84;1222.42;68;221.52;0.35;20.84;825.74;46;148.82;0.19;20.73;1241.31;69;225.57;0.27;20.90;1276.39;71;231.33;0.32;20.84;912.09;51;162.03;0.21;20.43;1635.29;91;301.15;0.43;21.18;1223.32;68;226.98;0.32;21.34;2012.88;117;302.54;0.53;17.28;1277.29;71;232.11;0.31;20.90;1960.91;109;356.34;0.42;20.90;1888.05;105;342.48;0.46;20.86;1112.68;62;200.34;0.28;20.71;2439.27;151;290.28;0.41;13.69;1941.12;108;351.51;0.48;20.82;1866.46;104;336.08;0.41;20.71;1351.94;76;235.15;0.33;20.00;751.98;42;134.18;0.17;20.52;860.82;48;154.57;0.22;20.65;1796.30;100;324.57;0.46;20.78;935.48;52;170.00;0.28;20.90;1577.72;88;282.99;0.49;20.63;1201.73;67;215.90;0.38;20.66;1671.27;93;302.47;0.46;20.81;1439.20;80;261.53;0.44;20.90;1581.32;88;286.12;0.45;20.81;1942.91;109;344.78;0.56;20.41;2512.30;140;454.66;0.61;20.81;1239.51;69;224.01;0.38;20.78;483.93;27;86.70;0.15;20.60
2685;SAVEMOR LEMON CREAMS;5;239307.55;34 331;12174.10;0.35;5.85;4133.63;724;298.64;0.35;8.31;3680.90;649;182.01;0.30;5.69;2582.73;417;258.49;0.46;11.51;1183.82;143;289.14;0.39;28.09;6178.66;920;661.50;1.25;12.31;5266.75;829;347.88;0.39;7.60;5508.76;865;239.20;0.33;4.99;6179.58;978;359.64;0.48;6.69;5319.13;851;284.50;0.36;6.15;7076.05;1 114;155.23;0.21;2.52;4736.60;664;-2811.45;-3.54;-68.26;5968.97;877;-1624.78;-2.49;-31.30;6862.16;963;413.54;0.38;6.93;4539.60;608;417.21;0.41;10.57;5680.45;865;234.49;0.37;4.75;7846.89;1 258;32.84;0.05;0.48;7547.40;1 199;93.35;0.13;1.42;5394.02;860;302.96;0.47;6.46;6617.51;938;750.83;0.98;13.05;4524.67;614;615.75;0.80;15.65;4443.68;678;202.07;0.32;5.23;4329.48;636;330.71;0.42;8.78;4882.65;673;482.60;0.57;11.37;4512.74;647;294.68;0.41;7.51;4589.69;665;283.79;0.37;7.11;4186.49;576;318.36;0.45;8.75;4954.15;705;317.58;0.45;7.37;4483.24;600;558.14;0.97;14.32;5209.54;768;360.32;0.49;7.95;7616.54;1 102;624.73;0.73;9.43;2773.96;346;447.43;0.60;18.55;4040.25;522;497.17;0.69;14.15;5488.56;749;367.35;0.52;7.70;6720.13;992;334.41;0.46;5.72;2507.01;316;333.74;0.41;15.31;4344.19;565;507.62;0.72;13.44;6822.36;926;529.62;0.68;8.93;4559.77;600;418.70;0.60;10.56;5516.64;705;417.03;0.59;8.69;5398.13;713;330.80;0.54;7.05;6190.02;797;490.31;0.85;9.11;4730.17;604;401.03;0.70;9.75;3768.81;424;623.06;0.95;19.01;3148.01;387;375.29;0.62;13.71;4833.54;671;78.09;0.12;1.86;4775.12;666;-5.72;-0.01;-0.14;1156.34;116;225.38;0.30;22.41;2165.05;269;218.98;0.37;11.63;4333.01;577;309.87;0.52;8.22
2780;RICOFFY COFFEE IN TIN;5;981319.53;19 383;43925.58;1.25;5.15;15019.48;377;489.25;0.58;3.75;18475.17;448;-502.56;-0.83;-3.13;25475.43;622;-1284.72;-2.31;-5.80;16860.89;376;535.93;0.71;3.66;23348.28;532;700.13;1.33;3.45;18080.81;399;1076.27;1.21;6.85;20858.85;495;-92.78;-0.13;-0.51;32233.23;797;-341.04;-0.45;-1.22;20059.82;478;914.86;1.14;5.24;13500.55;305;931.83;1.24;7.94;25183.26;594;796.73;1.00;3.64;22147.44;516;1037.22;1.59;5.39;21971.85;455;1514.08;1.41;7.92;30262.17;683;508.85;0.50;1.93;30299.96;704;1421.15;2.23;5.39;41261.27;973;1647.66;2.61;4.59;38616.95;930;1238.17;1.74;3.69;27834.81;569;1682.37;2.61;6.95;35977.85;715;1887.21;2.46;6.03;31099.53;622;875.17;1.13;3.24;19494.95;355;1177.65;1.84;6.95;14079.95;230;1433.07;1.81;11.70;22109.66;409;736.72;0.87;3.83;19849.78;372;939.80;1.31;5.44;30232.20;565;987.97;1.29;3.76;23909.09;451;994.82;1.41;4.78;21762.91;349;924.25;1.31;4.88;24869.44;396;1391.73;2.42;6.44;17560.09;257;1525.61;2.06;9.99;26091.96;404;1223.36;1.43;5.39;21230.40;335;1419.52;1.91;7.69;19914.06;319;665.77;0.93;3.84;21699.06;369;897.07;1.26;4.75;10123.53;147;751.12;1.03;8.53;19804.34;316;4676.85;5.76;27.16;16921.10;265;724.17;1.02;4.92;18707.34;316;760.40;0.98;4.67;12867.40;203;1572.93;2.27;14.06;19377.26;324;854.52;1.22;5.07;15616.33;242;789.41;1.30;5.81;14288.28;222;665.73;1.15;5.36;10240.43;157;556.87;0.97;6.25;11744.82;170;1289.10;1.97;12.62;10358.27;173;-81.58;-0.14;-0.91;9591.02;148;518.76;0.82;6.22;4574.38;62;473.04;0.77;11.89;5054.27;73;429.67;0.58;9.78;4549.29;71;252.53;0.43;6.38;6130.32;93;338.93;0.57;6.36
2781;RICOFFY COFFEE INSTANT;5;906707.78;8 587;24197.17;0.69;3.07;31981.05;375;1584.46;1.87;5.70;27525.02;298;1507.72;2.50;6.30;36470.87;363;138.00;0.25;0.44;40964.77;423;279.84;0.37;0.79;38915.24;376;773.36;1.47;2.29;0.00;0;0.00;0.00;0.00;30384.56;344;116.52;0.16;0.44;37397.47;403;-1759.96;-2.35;-5.41;40141.51;449;-804.12;-1.01;-2.30;33414.24;376;493.76;0.66;1.70;22795.71;229;677.78;0.85;3.42;44350.67;433;736.52;1.13;1.91;49910.15;485;935.15;0.87;2.15;52604.47;553;1577.39;1.55;3.45;71085.99;751;-826.77;-1.30;-1.34;67427.79;721;825.32;1.30;1.41;19626.27;178;1763.54;2.48;10.33;13205.40;110;1419.76;2.20;12.36;8283.43;62;1016.30;1.32;14.11;12349.12;88;1313.42;1.70;12.23;5305.62;38;410.64;0.64;8.90;14694.86;114;537.33;0.68;4.21;10491.23;77;583.22;0.69;6.39;9648.30;70;632.40;0.88;7.54;8480.37;63;711.43;0.93;9.65;9244.32;68;555.34;0.78;6.91;10471.25;75;652.81;0.92;7.17;11667.15;85;656.52;1.14;6.47;11567.39;86;470.34;0.64;4.68;19873.63;137;1056.29;1.23;6.11;10049.33;67;640.79;0.86;7.33;9584.36;64;599.05;0.83;7.19;6442.07;43;404.73;0.57;7.22;3899.74;26;248.66;0.34;7.33;4784.68;32;293.00;0.36;7.04;7589.53;47;478.65;0.68;7.25;8660.99;51;535.42;0.69;7.11;3909.77;23;244.80;0.35;7.20;4419.74;26;276.73;0.39;7.20;5601.17;33;343.84;0.57;7.06;6459.62;38;404.45;0.70;7.20;3569.79;21;223.51;0.39;7.20;4751.22;28;290.62;0.44;7.03;3399.80;20;212.87;0.35;7.20;679.96;4;29.98;0.05;5.07;3819.69;31;80.29;0.13;2.42;10731.81;69;412.19;0.55;4.42;8722.36;64;236.83;0.40;3.12;9354.30;70;206.45;0.35;2.54
2792;NESCAFE CLASSIC COFFEE;5;549031.89;5 490;27228.25;0.78;5.70;23743.32;315;109.98;0.13;0.53;8905.01;99;733.25;1.22;9.47;11063.76;124;601.19;1.08;6.25;15159.02;173;492.69;0.66;3.74;13609.77;148;383.77;0.73;3.24;15057.01;174;123.45;0.14;0.94;13853.23;152;631.62;0.87;5.24;6999.06;69;714.15;0.95;11.73;14782.91;184;565.19;0.71;4.40;1889.82;18;238.21;0.32;14.50;7069.22;78;348.43;0.44;5.67;5686.42;58;442.54;0.68;8.95;14997.09;166;669.58;0.62;5.13;12187.90;135;574.42;0.56;5.42;16217.72;178;619.23;0.97;4.39;16573.20;180;1092.01;1.73;7.58;10928.82;118;770.99;1.08;8.11;12597.54;146;326.04;0.50;2.98;7663.65;85;623.84;0.81;9.36;9485.03;97;1178.34;1.53;14.29;12053.15;135;999.31;1.56;9.53;8773.50;100;635.87;0.80;8.33;8768.08;92;606.26;0.72;7.95;12328.67;133;527.51;0.74;4.92;6240.17;59;766.90;1.00;14.13;14923.52;148;1345.24;1.90;10.37;14178.27;148;465.02;0.66;3.77;9693.05;95;173.56;0.30;2.06;10617.06;94;944.21;1.28;10.23;15785.53;147;1055.74;1.23;7.69;7181.90;60;709.91;0.95;11.37;5362.07;43;613.32;0.85;13.15;13752.16;134;-227.98;-0.32;-1.91;7892.83;67;644.73;0.89;9.39;10292.60;90;431.14;0.53;4.82;6013.00;50;431.14;0.61;8.25;14590.78;122;662.20;0.85;5.22;5922.84;41;695.08;1.00;13.50;13467.36;114;628.14;0.89;5.36;20187.19;181;-697.34;-1.15;-3.97;11520.09;91;731.55;1.26;7.30;11975.13;93;748.05;1.31;7.18;23682.92;208;740.81;1.13;3.60;3229.78;22;361.34;0.60;12.87;6835.48;52;346.34;0.55;5.83;7427.41;59;301.14;0.49;4.66;10388.19;81;427.75;0.57;4.74;5912.55;45;290.34;0.49;5.65;11567.11;89;632.06;1.07;6.28
2795;NESCAFE RICOFFY COFFEE;5;131155.18;3 977;22504.36;0.64;19.73;1475.16;59;253.35;0.30;19.75;2858.90;110;498.32;0.83;20.05;1999.93;77;347.69;0.63;19.99;2362.49;91;409.99;0.55;19.96;2699.06;104;467.75;0.89;19.93;2806.92;108;489.26;0.55;20.05;3299.43;127;574.20;0.79;20.01;1767.32;68;308.05;0.41;20.05;2441.76;94;424.71;0.53;20.00;3091.51;119;537.96;0.72;20.01;77.97;3;13.59;0.02;20.05;1714.04;66;297.86;0.46;19.98;2492.44;96;432.64;0.40;19.96;3013.54;116;524.37;0.52;20.01;4067.11;149;844.22;1.33;23.87;1122.60;40;260.20;0.41;26.65;2470.16;84;501.17;0.70;23.33;3088.97;103;555.67;0.86;20.69;3602.38;112;689.60;0.90;22.01;2937.41;84;634.41;0.82;24.84;2234.11;64;479.95;0.75;24.71;3721.18;107;790.27;1.00;24.42;2129.14;61;457.24;0.54;24.70;2200.87;63;473.90;0.66;24.76;909.74;26;196.84;0.26;24.88;1885.96;54;376.53;0.53;22.96;3596.97;103;596.54;0.84;19.07;4861.86;139;811.74;1.41;19.20;5764.60;165;862.13;1.17;17.20;4651.71;129;695.10;0.81;17.18;4398.11;119;684.41;0.92;17.90;5726.05;155;889.22;1.24;17.86;4547.92;123;709.14;1.00;17.93;3804.42;103;590.35;0.81;17.85;2552.31;69;398.71;0.49;17.96;2640.26;64;417.12;0.59;18.17;2893.11;69;456.69;0.59;18.15;2013.42;48;318.41;0.46;18.19;2811.23;67;445.17;0.63;18.21;3233.23;77;504.70;0.83;17.95;1973.53;47;297.88;0.51;17.36;2051.21;49;305.08;0.53;17.10;1721.59;41;259.85;0.40;17.36;1805.57;43;272.53;0.45;17.36;1299.59;31;194.65;0.31;17.22;2895.21;69;435.49;0.71;17.30;1217.71;29;183.80;0.25;17.36;1091.74;26;164.78;0.28;17.36;1133.73;27;171.12;0.29;17.36
2813;NESCAFE GOLD CAPPUCCINO;5;67822.23;9 063;11253.34;0.32;19.08;2641.07;459;369.69;0.44;16.10;3324.30;569;502.02;0.83;17.37;1157.61;177;263.57;0.47;26.18;0.00;0;0.00;0.00;0.00;0.00;0;0.00;0.00;0.00;279.60;40;58.85;0.07;24.21;1059.15;180;91.74;0.13;9.96;0.00;0;0.00;0.00;0.00;0.00;0;0.00;0.00;0.00;139.80;20;29.43;0.04;24.21;549.96;80;96.96;0.12;20.27;1258.93;171;257.41;0.39;23.51;1865.49;260;349.05;0.32;21.52;1983.05;266;421.90;0.41;24.47;1658.29;220;364.74;0.57;25.29;2517.54;343;509.64;0.81;23.28;305.64;36;90.15;0.13;33.92;0.00;0;0.00;0.00;0.00;0.00;0;0.00;0.00;0.00;2043.03;276;320.43;0.41;18.04;1857.41;237;204.01;0.32;12.63;2400.85;293;396.80;0.50;19.01;2078.77;244;401.75;0.48;22.23;1172.91;135;270.89;0.38;26.56;1381.66;167;319.41;0.42;26.59;2007.32;239;453.35;0.64;25.97;1344.79;179;206.63;0.29;17.67;1044.26;144;164.03;0.29;18.06;2331.86;317;372.83;0.50;18.39;2768.19;366;398.50;0.47;16.55;2273.18;304;308.31;0.41;15.60;2061.61;269;316.42;0.44;17.65;1450.86;183;257.30;0.36;20.39;1659.33;200;345.28;0.48;23.93;1225.57;144;279.23;0.34;26.20;1552.28;188;329.78;0.47;24.43;1564.38;206;236.34;0.30;17.37;1121.57;161;91.70;0.13;9.40;1307.92;180;149.47;0.21;13.14;1189.92;160;116.47;0.19;11.26;2763.26;340;423.13;0.73;17.61;2739.64;340;402.59;0.70;16.90;1369.82;170;201.29;0.31;16.90;1111.93;140;151.72;0.25;15.69;1119.93;140;158.68;0.25;16.29;951.94;120;129.05;0.21;15.59;1263.92;160;167.43;0.22;15.23;811.76;100;123.61;0.21;17.51;1111.93;140;151.72;0.26;15.69
2816;NESCAFE GOLD CAPP W/CHOC;5;35723.92;5 184;6225.15;0.18;20.04;984.39;175;121.34;0.14;14.17;1236.03;211;189.03;0.31;17.59;1669.41;273;305.60;0.55;21.05;1694.64;288;264.57;0.35;17.95;1894.27;328;140.18;0.27;8.51;1639.65;320;-48.46;-0.05;-3.40;1024.20;175;84.38;0.12;9.47;1507.94;250;159.50;0.21;12.16;1177.38;214;37.91;0.05;3.70;1158.54;217;7.70;0.01;0.76;1588.85;246;228.27;0.29;16.52;772.59;91;226.23;0.35;33.67;942.39;111;275.95;0.26;33.67;711.89;84;207.72;0.20;33.56;1332.93;157;390.30;0.61;33.67;2103.87;262;546.54;0.86;29.87;1938.41;239;502.46;0.71;29.81;1621.01;206;383.30;0.59;27.19;1844.64;242;373.43;0.49;23.28;699.72;93;117.80;0.15;19.36;0.00;0;0.00;0.00;0.00;0.00;0;0.00;0.00;0.00;0.00;0;0.00;0.00;0.00;187.00;20;49.29;0.07;30.31;727.84;92;147.00;0.19;23.23;612.12;67;176.54;0.25;33.17;884.91;112;162.35;0.23;21.10;581.15;85;75.52;0.13;14.94;967.16;122;198.24;0.27;23.57;828.03;100;171.22;0.20;23.78;539.40;60;139.76;0.19;29.80;325.94;44;41.95;0.06;14.80;143.39;16;36.88;0.05;29.58;143.84;16;37.27;0.05;29.80;17.98;2;4.66;0.01;29.80;181.65;21;44.02;0.06;27.87;618.44;73;140.89;0.18;26.20;423.78;52;83.13;0.12;22.56;419.06;50;90.00;0.13;24.70;579.48;70;112.70;0.19;22.37;0.00;0;0.00;0.00;0.00;0.00;0;0.00;0.00;0.00;0.00;0;0.00;0.00;0.00;0.00;0;0.00;0.00;0.00;0.00;0;0.00;0.00;0.00;0.00;0;0.00;0.00;0.00;0.00;0;0.00;0.00;0.00;0.00;0;0.00;0.00;0.00;0.00;0;0.00;0.00;0.00
2828;NESCAFE GOLD CAPPUC UNSWT;5;50660.01;6 832;9971.81;0.28;22.64;589.29;90;134.61;0.16;26.27;1312.22;222;209.10;0.35;18.33;2146.26;364;338.23;0.61;18.12;1514.43;285;120.45;0.16;9.15;104.85;15;26.98;0.05;29.59;0.00;0;0.00;0.00;0.00;1973.01;298;342.77;0.47;19.98;1691.41;252;309.82;0.41;21.07;984.07;148;173.88;0.22;20.32;1058.19;157;196.86;0.26;21.39;1523.26;200;373.98;0.47;28.23;1476.50;202;294.80;0.45;22.96;1768.42;226;431.13;0.40;28.04;877.35;107;238.98;0.23;31.32;2338.33;300;564.35;0.89;27.76;1400.28;186;306.87;0.49;25.20;5731.25;798;1025.99;1.44;20.59;2988.97;406;576.46;0.89;22.18;2322.65;306;473.78;0.62;23.46;1375.44;184;225.29;0.29;18.84;723.73;89;111.38;0.17;17.70;1209.59;117;376.81;0.48;35.83;549.75;63;115.05;0.14;24.07;1098.50;126;234.52;0.33;24.55;389.91;47;90.82;0.12;26.79;629.02;67;186.21;0.26;34.04;59.94;6;19.19;0.03;36.82;439.78;60;69.12;0.12;18.07;1686.68;208;371.46;0.50;25.33;1956.96;229;444.94;0.52;26.15;366.76;43;82.93;0.11;26.00;811.76;100;157.07;0.22;22.25;660.70;78;146.45;0.21;25.49;811.25;97;173.09;0.24;24.54;425.48;52;85.04;0.10;22.99;760.34;88;183.70;0.26;27.78;25.95;3;6.16;0.01;27.31;808.60;101;148.84;0.21;21.17;815.26;102;149.14;0.21;21.04;724.95;100;61.51;0.10;9.76;382.91;47;59.30;0.10;17.81;346.95;43;51.32;0.09;17.01;258.43;31;44.22;0.07;19.68;560.88;69;85.96;0.14;17.62;0.00;0;0.00;0.00;0.00;159.99;20;22.67;0.04;16.29;319.98;40;45.34;0.06;16.29;98.89;11;21.94;0.04;25.52;400.89;49;63.29;0.11;18.16
2839;NESTLE HOT CHOCOLATE;5;26919.98;4 233;5289.44;0.15;22.60;45.59;10;6.78;0.01;17.11;525.49;110;95.50;0.16;20.90;335.93;70;62.10;0.11;21.26;767.84;160;141.95;0.19;21.26;818.57;160;186.06;0.35;26.14;1297.46;239;342.90;0.39;30.39;314.08;51;105.53;0.14;38.64;354.21;65;94.43;0.13;30.66;219.04;34;78.75;0.10;41.34;347.88;67;82.35;0.11;27.22;234.83;44;59.62;0.08;29.20;73.95;14;18.30;0.03;28.46;425.24;80;106.90;0.10;28.91;579.01;103;165.04;0.16;32.78;1970.14;361;526.96;0.83;30.76;945.84;178;237.58;0.38;28.89;1132.97;193;354.15;0.50;35.95;606.90;105;161.38;0.25;30.58;491.36;85;120.54;0.16;28.21;355.15;62;85.09;0.11;27.55;277.84;52;53.95;0.08;22.33;125.94;24;22.91;0.03;20.92;166.81;28;44.01;0.05;30.34;329.68;50;48.60;0.07;16.95;209.70;30;39.50;0.05;21.66;0.00;0;0.00;0.00;0.00;69.99;10;13.24;0.02;21.76;836.38;120;155.89;0.27;21.43;1015.35;137;157.69;0.21;17.86;1173.26;151;214.57;0.25;21.03;586.62;76;104.61;0.14;20.51;329.74;44;51.97;0.07;18.12;419.63;55;71.44;0.10;19.58;309.69;40;55.88;0.08;20.75;279.65;35;54.80;0.07;22.53;144.31;19;21.34;0.03;17.01;541.16;79;47.48;0.06;10.09;770.96;101;107.91;0.16;16.10;1614.91;217;195.75;0.28;13.94;0.00;0;0.00;0.00;0.00;1111.57;147;147.91;0.26;15.30;1150.87;149;170.95;0.30;17.08;628.81;79;106.82;0.16;19.54;642.15;83;94.97;0.16;17.01;205.82;27;23.30;0.04;13.02;510.47;69;46.05;0.08;10.37;332.86;43;41.52;0.06;14.34;462.80;58;68.02;0.11;16.90;831.53;119;96.45;0.16;13.34
2861;NESTLE TREAT CARAMEL;5;152106.65;4 049;17272.27;0.49;13.06;2302.70;70;291.34;0.34;14.55;2108.06;64;268.74;0.45;14.66;3031.78;92;387.57;0.70;14.70;2926.21;89;369.10;0.49;14.51;2302.37;63;412.06;0.78;20.58;2471.38;62;544.82;0.61;25.35;2691.69;71;560.51;0.77;23.95;5284.48;172;455.16;0.61;9.91;5275.78;181;352.25;0.44;7.68;7957.44;276;394.44;0.53;5.70;1672.27;43;381.95;0.48;26.27;1553.66;40;353.61;0.54;26.17;1903.67;49;433.56;0.40;26.19;1942.56;50;442.44;0.44;26.19;2547.95;76;329.38;0.52;14.87;3900.96;124;233.00;0.37;6.87;2303.36;64;394.00;0.55;19.67;1751.55;45;292.29;0.45;19.19;2492.37;63;437.65;0.57;20.19;1235.68;32;197.25;0.26;18.36;2486.97;58;504.00;0.79;23.31;11206.15;344;-38.69;-0.05;-0.40;2830.89;66;573.24;0.68;23.29;2155.73;47;449.16;0.63;23.96;1799.01;34;395.76;0.52;25.30;476.91;9;105.37;0.15;25.41;1475.77;28;320.91;0.45;25.01;2540.87;48;559.67;0.97;25.33;2646.85;50;585.78;0.79;25.45;1640.04;31;444.22;0.52;31.15;2861.46;54;710.41;0.95;28.55;5885.22;153;409.45;0.57;8.00;2792.57;53;606.69;0.85;24.98;11403.56;314;426.62;0.59;4.30;2481.34;48;588.06;0.72;27.25;4328.80;120;145.19;0.20;3.86;5181.17;133;228.85;0.29;5.08;2548.45;55;333.01;0.48;15.03;1269.11;24;278.68;0.40;25.25;1483.72;28;327.82;0.54;25.41;1322.10;25;290.39;0.50;25.26;1261.16;24;271.77;0.48;24.78;1199.76;24;290.64;0.44;27.86;3643.37;93;8.00;0.01;0.25;3594.42;93;210.37;0.33;6.73;7996.86;214;303.14;0.50;4.36;919.80;20;129.82;0.17;16.23;2933.19;81;111.47;0.19;4.37;2085.48;52;171.35;0.29;9.45
2868;CREMORA COFFEE CREAMER;5;224624.80;4 302;11363.16;0.32;5.82;3299.25;75;265.59;0.31;9.26;1849.63;37;183.34;0.30;11.40;6856.95;155;177.03;0.32;2.97;6009.62;138;399.62;0.53;7.65;7542.34;166;438.05;0.83;6.68;4933.90;110;234.59;0.26;5.47;9047.86;214;337.63;0.46;4.29;4858.94;106;328.18;0.44;7.77;6428.08;142;275.77;0.35;4.93;3290.29;71;187.68;0.25;6.56;2789.44;56;268.79;0.34;11.08;5132.85;115;179.08;0.27;4.01;3776.21;79;342.54;0.32;10.43;2407.81;44;314.05;0.31;15.00;7760.46;179;-488.94;-0.77;-7.25;2069.69;36;250.01;0.40;13.89;5768.76;124;295.03;0.41;5.88;1258.60;20;203.27;0.31;18.57;7327.62;138;603.11;0.79;9.47;2913.22;48;423.42;0.55;16.71;6793.68;132;257.55;0.40;4.36;3406.22;63;250.30;0.32;8.45;1502.31;24;236.96;0.28;18.14;944.85;15;153.24;0.21;18.65;4635.47;88;241.12;0.31;5.98;3850.76;74;112.45;0.16;3.36;8516.39;161;291.23;0.41;3.93;3120.45;55;203.88;0.35;7.51;7552.18;132;295.53;0.40;4.50;5173.67;88;226.49;0.26;5.03;6418.52;103;260.15;0.35;4.66;4222.88;67;195.58;0.27;5.33;8609.47;153;235.60;0.33;3.15;4347.26;74;163.07;0.22;4.31;3679.97;58;179.56;0.22;5.61;2269.77;33;210.11;0.30;10.65;3733.97;58;131.30;0.17;4.04;8804.80;161;173.60;0.25;2.27;5735.99;101;222.52;0.32;4.46;6716.82;118;283.39;0.47;4.85;4978.76;79;232.62;0.40;5.37;3947.39;61;237.54;0.42;6.92;7577.89;132;235.00;0.36;3.57;3752.40;60;174.42;0.29;5.35;7775.61;139;799.41;1.26;11.82;1235.80;20;142.68;0.23;13.28;0.00;0;0.00;0.00;0.00;0.00;0;0.00;0.00;0.00;0.00;0;0.00;0.00;0.00
2881;MAGGI 2MIN NDLES MPK BEEF;5;133319.83;4 372;14465.30;0.41;12.48;4054.30;170;359.91;0.43;10.21;4205.47;191;177.77;0.29;4.86;3265.68;132;198.65;0.36;7.00;3346.73;127;406.82;0.54;13.98;4862.06;194;338.25;0.64;8.00;4722.94;186;321.67;0.36;7.83;4286.25;175;129.44;0.18;3.47;4222.36;164;334.81;0.45;9.12;4017.32;148;373.59;0.47;10.69;2719.10;90;498.46;0.67;21.08;4686.59;166;578.47;0.73;14.19;2744.09;91;488.63;0.75;20.48;5298.00;200;354.45;0.33;7.69;2614.25;75;748.68;0.74;32.93;4968.20;180;515.58;0.81;11.93;3814.02;131;569.52;0.90;17.17;3214.16;84;787.85;1.11;28.19;2989.25;75;650.24;1.01;25.02;2746.28;72;433.59;0.56;18.16;1469.65;35;264.58;0.34;20.70;2495.24;76;166.57;0.26;7.68;2255.32;68;169.92;0.21;8.66;4302.46;134;231.29;0.27;6.18;881.79;21;158.75;0.22;20.70;2003.41;59;165.12;0.22;9.48;1717.39;41;306.29;0.43;20.51;3520.89;111;167.59;0.24;5.47;3925.81;119;264.50;0.46;7.75;1721.59;41;313.49;0.42;20.94;1376.00;43;13.13;0.02;1.10;1469.65;35;273.18;0.37;21.38;1971.43;47;353.47;0.49;20.62;2211.38;62;125.58;0.18;6.53;1499.62;38;203.08;0.28;15.57;2575.34;66;428.30;0.53;19.13;2132.64;61;272.79;0.39;14.71;2204.37;63;283.31;0.36;14.78;1294.63;37;166.39;0.24;14.78;3122.05;95;236.07;0.34;8.70;2010.45;55;219.71;0.36;12.57;2069.43;57;214.66;0.37;11.93;1239.69;31;222.21;0.39;20.61;1290.63;37;100.86;0.15;8.99;1907.47;53;235.49;0.39;14.20;1836.24;57;81.35;0.13;5.09;439.89;11;79.80;0.13;20.86;1439.64;36;258.04;0.35;20.61;1839.43;57;127.99;0.22;8.00;2319.25;75;95.42;0.16;4.73
2883;MAGGI 2MIN NDLES MPK CHIC;5;100986.37;3 204;11390.86;0.33;12.97;2548.91;109;197.80;0.23;8.92;2169.08;97;94.48;0.16;5.01;2292.07;93;132.80;0.24;6.66;2006.24;76;246.47;0.33;14.13;3600.57;143;264.71;0.50;8.45;3077.17;123;178.69;0.20;6.68;3238.67;133;81.36;0.11;2.89;3454.68;132;320.93;0.43;10.68;2242.17;83;198.13;0.25;10.16;2779.34;91;533.87;0.71;22.09;2274.19;81;269.77;0.34;13.64;1274.63;37;354.57;0.54;31.99;2669.06;94;342.65;0.32;14.76;1784.49;51;515.77;0.51;33.24;2092.50;75;235.90;0.37;12.96;1464.62;49;252.17;0.40;19.80;2032.72;53;503.72;0.71;28.50;2389.40;60;518.45;0.80;24.95;2196.38;62;298.63;0.39;15.64;1462.64;36;247.32;0.32;19.45;1451.56;44;99.97;0.16;7.92;1463.60;40;178.49;0.23;14.02;3742.88;112;277.46;0.33;8.52;923.78;22;166.31;0.23;20.70;2774.23;77;310.87;0.40;12.89;1635.51;39;292.99;0.41;20.60;2708.46;84;148.62;0.21;6.31;1871.42;58;106.23;0.18;6.53;1365.69;33;238.51;0.32;20.08;1222.79;38;17.51;0.02;1.65;2257.27;65;146.77;0.20;7.48;839.80;20;151.19;0.21;20.70;2575.28;72;152.26;0.21;6.80;1239.68;32;150.77;0.21;13.99;2405.28;62;393.21;0.48;18.80;2480.79;71;316.24;0.45;14.66;2307.59;66;295.28;0.38;14.72;1784.49;51;229.35;0.33;14.78;3029.09;91;254.86;0.36;9.68;1634.89;46;140.84;0.23;9.91;2391.41;64;304.03;0.52;14.62;1199.70;30;215.04;0.38;20.61;1589.55;45;139.95;0.21;10.12;971.23;27;120.10;0.20;14.22;1984.63;61;103.96;0.16;6.02;759.81;19;145.70;0.24;22.05;959.76;24;172.03;0.23;20.61;1567.56;44;192.49;0.32;14.12;2799.11;89;141.65;0.24;5.82
2929;NOLA MAYONNAISE  PET;5;496996.82;13 799;15675.13;0.45;3.63;12618.03;457;53.76;0.06;0.49;3324.82;118;4.75;0.01;0.16;8799.04;306;-173.84;-0.31;-2.27;4577.48;152;173.14;0.23;4.35;5103.41;169;-389.43;-0.74;-8.78;5816.23;177;-222.44;-0.25;-4.40;6977.75;210;227.78;0.31;3.75;7311.65;235;-868.67;-1.16;-13.66;10150.53;327;272.02;0.34;3.08;11782.43;317;998.54;1.33;9.75;11788.55;325;774.65;0.97;7.56;9328.20;270;356.14;0.55;4.39;13139.14;386;392.49;0.36;3.44;14843.56;444;311.27;0.31;2.41;7168.54;211;164.04;0.26;2.63;5982.32;168;74.98;0.12;1.44;9385.21;268;125.56;0.18;1.54;5869.33;167;412.84;0.64;8.09;8347.58;242;317.78;0.41;4.38;16674.14;488;607.20;0.79;4.19;14696.89;411;286.83;0.45;2.24;10088.36;264;760.48;0.96;8.67;14783.87;413;476.78;0.56;3.71;9998.19;281;280.04;0.39;3.22;9996.54;281;526.66;0.69;6.06;10729.98;297;312.61;0.44;3.35;11086.08;292;674.22;0.95;6.99;7863.29;201;642.64;1.12;9.40;7403.65;200;377.45;0.51;5.86;10353.28;282;223.32;0.26;2.48;13546.01;364;535.56;0.72;4.55;13479.23;377;417.17;0.58;3.56;12912.30;345;473.29;0.67;4.22;11777.04;296;883.10;1.22;8.62;13620.13;347;524.66;0.65;4.43;11295.87;293;490.69;0.69;5.00;12946.65;365;587.01;0.76;5.21;9862.82;248;444.17;0.64;5.18;10083.50;250;455.02;0.65;5.19;6368.17;148;581.56;0.96;10.50;7869.94;206;288.76;0.50;4.22;12200.92;308;307.74;0.54;2.90;9558.77;223;593.84;0.91;7.14;13065.73;337;-67.88;-0.11;-0.60;22967.31;619;-671.50;-1.06;-3.36;3052.84;66;305.86;0.50;11.52;8907.86;214;450.94;0.61;5.82;6838.40;160;440.13;0.74;7.40;10655.26;274;461.42;0.78;4.98
2946;YUM YUM P/BUTTER SMOOTH;5;255712.39;7 315;12219.72;0.35;5.50;2082.31;69;169.38;0.20;9.35;3631.71;129;107.28;0.18;3.40;5892.07;208;354.87;0.64;6.93;5538.28;187;313.73;0.42;6.51;4211.70;145;-76.36;-0.14;-2.09;3074.05;105;-28.43;-0.03;-1.06;4958.30;170;194.81;0.27;4.52;7992.31;269;131.71;0.18;1.90;2313.59;61;443.24;0.55;22.03;6973.72;228;218.87;0.29;3.61;7110.50;250;314.28;0.40;5.08;2811.26;74;547.44;0.84;22.39;5766.24;176;507.01;0.47;10.11;8401.22;278;548.59;0.54;7.51;8468.38;282;345.77;0.54;4.70;1899.50;50;369.89;0.58;22.39;9648.82;318;415.70;0.58;4.95;1739.60;40;328.75;0.51;21.73;8841.27;273;214.28;0.28;2.79;7182.74;196;492.67;0.64;7.89;2532.11;59;384.96;0.60;17.48;7327.94;206;228.97;0.29;3.59;4271.73;127;181.84;0.22;4.90;6172.17;183;147.87;0.21;2.76;986.62;23;84.37;0.11;9.83;7465.18;207;206.49;0.29;3.18;6302.00;175;207.73;0.29;3.79;2085.17;48;262.76;0.46;14.49;5327.91;139;203.59;0.28;4.39;2989.22;78;115.07;0.13;4.43;4304.91;109;254.75;0.34;6.81;2320.45;55;217.73;0.30;10.79;7204.06;189;248.97;0.35;3.97;6998.61;189;118.79;0.16;1.95;6000.49;151;294.38;0.36;5.64;8885.92;228;308.97;0.44;4.00;5939.19;151;199.11;0.26;3.86;5686.98;147;216.13;0.31;4.37;3793.63;91;301.07;0.43;9.13;549.89;11;71.52;0.12;14.96;4406.87;113;154.61;0.27;4.03;5938.52;148;161.99;0.28;3.14;2708.86;64;127.59;0.19;5.42;4732.86;114;186.37;0.31;4.53;6594.34;166;251.97;0.40;4.39;7458.16;184;217.61;0.36;3.36;8489.91;209;353.66;0.48;4.79;4752.85;115;241.03;0.41;5.83;4948.27;128;356.32;0.60;8.28
3037;SPAR PEANUT BUTTER SMOOTH;5;144013.27;4 388;8107.48;0.23;6.47;3932.56;144;190.44;0.22;5.57;1473.51;49;168.26;0.28;13.13;5877.92;208;243.70;0.44;4.77;2259.25;75;162.29;0.22;8.26;7124.75;245;13.02;0.02;0.21;3768.91;129;139.92;0.16;4.27;1379.55;45;89.14;0.12;7.43;5486.11;189;29.83;0.04;0.63;5688.57;203;199.84;0.25;4.04;3354.22;118;142.82;0.19;4.90;3018.00;100;140.75;0.18;5.36;5078.56;164;273.37;0.42;6.19;1457.53;47;81.11;0.08;6.40;1759.91;49;313.71;0.31;20.50;1184.07;33;210.25;0.33;20.42;1759.91;49;303.12;0.48;19.81;5746.03;197;178.57;0.25;3.57;4780.38;162;199.12;0.31;4.79;0.00;0;0.00;0.00;0.00;0.00;0;0.00;0.00;0.00;5597.57;183;368.22;0.58;7.57;2012.34;66;121.37;0.15;6.94;2869.16;84;255.48;0.30;10.24;999.75;25;163.89;0.23;18.85;7804.37;233;533.45;0.69;7.86;2031.49;51;327.37;0.46;18.53;3935.59;116;232.71;0.33;6.80;2035.49;51;330.85;0.57;18.69;827.56;19;136.18;0.18;18.92;4573.75;125;219.78;0.26;5.53;3459.29;96;27.17;0.04;0.90;3339.10;90;190.29;0.26;6.55;6257.98;177;149.95;0.21;2.76;2002.22;53;133.83;0.18;7.69;3384.09;91;192.87;0.24;6.55;492.64;11;81.41;0.11;19.00;4741.01;124;261.04;0.34;6.33;807.57;18;134.46;0.19;19.15;3356.91;84;219.15;0.31;7.51;4086.35;115;131.45;0.22;3.70;447.65;10;68.14;0.12;17.51;625.36;14;90.81;0.16;16.70;3843.91;109;-46.90;-0.07;-1.40;449.90;10;67.66;0.11;17.30;3551.08;92;222.60;0.35;7.21;0.00;0;0.00;0.00;0.00;179.96;4;27.06;0.04;17.30;852.56;19;126.60;0.21;17.08;4318.88;112;261.33;0.44;6.96
3051;SPAR BAKED BEANS TOM SCE;5;107557.97;8 371;2892.02;0.08;3.09;3071.72;332;-53.47;-0.06;-2.00;1736.85;168;162.72;0.27;10.77;3232.51;315;33.55;0.06;1.19;1971.10;162;256.47;0.34;14.96;3372.64;316;81.40;0.15;2.78;2703.78;222;71.08;0.08;3.02;1372.46;109;58.23;0.08;4.88;1371.87;113;54.20;0.07;4.54;1421.35;115;67.64;0.08;5.47;1369.95;105;81.94;0.11;6.88;4279.63;337;121.79;0.15;3.27;1558.21;104;202.28;0.31;14.93;464.69;31;60.49;0.06;14.97;3885.44;310;-18.53;-0.02;-0.55;3287.56;269;84.44;0.13;2.95;5500.78;428;378.94;0.60;7.92;4310.07;343;201.47;0.28;5.38;4795.34;378;216.34;0.34;5.19;4465.26;340;153.38;0.20;3.95;3998.89;323;-264.03;-0.34;-7.59;1390.66;98;126.48;0.20;10.46;2009.58;142;136.40;0.17;7.81;3859.16;284;106.86;0.13;3.18;3434.81;239;141.76;0.20;4.75;3277.13;227;149.44;0.19;5.24;718.75;45;95.58;0.13;15.29;558.05;35;73.49;0.10;15.14;2458.31;169;149.38;0.26;6.99;941.81;59;124.83;0.17;15.24;1892.14;136;76.19;0.09;4.63;2336.55;169;80.56;0.11;3.97;1329.32;88;39.85;0.06;3.45;4280.58;284;-107.69;-0.15;-2.89;2405.54;166;160.94;0.22;7.69;1356.88;92;107.52;0.13;9.11;3629.80;352;-1012.37;-1.43;-32.07;366.17;23;47.81;0.06;15.02;821.46;62;44.34;0.06;6.21;334.19;21;43.54;0.06;14.98;2403.65;195;-301.54;-0.50;-14.43;836.91;59;33.61;0.06;4.62;383.72;28;4.25;0.01;1.27;1599.20;122;236.27;0.36;16.99;1384.31;89;42.95;0.07;3.57;1544.39;106;31.17;0.05;2.32;584.64;36;53.08;0.09;10.44;763.70;45;84.08;0.11;12.66;1472.30;100;80.47;0.14;6.29;1014.16;80;92.46;0.16;10.48
3058;SPAR TOMATO ONION MIX;5;69805.32;3 603;10940.57;0.31;18.02;1331.12;88;70.45;0.08;6.09;2532.45;165;163.96;0.27;7.45;791.56;44;144.80;0.26;21.04;2186.78;142;147.49;0.20;7.76;1197.49;71;485.90;0.92;46.66;701.84;36;328.69;0.37;53.86;1869.79;121;150.23;0.21;9.24;2346.66;134;893.10;1.19;43.77;1296.31;59;275.27;0.34;24.42;417.81;19;88.95;0.12;24.48;1812.79;101;109.04;0.14;6.92;4162.71;229;371.72;0.57;10.27;2476.04;116;431.88;0.40;20.06;2897.42;158;219.44;0.22;8.71;1559.87;68;364.41;0.57;26.87;2865.19;136;516.62;0.82;20.74;1958.54;101;238.92;0.34;14.03;1309.28;57;311.08;0.48;27.32;3281.24;176;303.45;0.40;10.64;1987.83;87;465.70;0.60;26.94;2319.69;101;550.99;0.86;27.32;412.67;18;97.55;0.12;27.19;596.59;26;141.35;0.17;27.25;593.14;26;138.35;0.19;26.82;2039.17;118;63.94;0.08;3.61;459.80;20;109.50;0.15;27.39;551.76;24;131.40;0.19;27.39;467.62;23;72.75;0.13;17.89;619.58;27;146.83;0.20;27.25;2226.79;121;94.55;0.11;4.88;555.73;27;81.83;0.11;16.93;3263.45;155;509.74;0.71;17.96;1905.14;86;390.75;0.55;23.59;528.77;23;125.93;0.17;27.39;689.70;30;164.25;0.20;27.39;550.61;24;130.40;0.18;27.24;1022.43;57;63.23;0.08;7.11;1896.52;98;228.47;0.33;13.85;1149.50;50;273.76;0.39;27.39;2227.79;121;177.14;0.29;9.14;674.25;30;147.17;0.25;25.10;809.23;37;155.34;0.27;22.08;373.83;17;73.13;0.11;22.50;725.67;33;141.96;0.24;22.50;944.47;43;184.02;0.29;22.41;461.79;21;90.34;0.15;22.50;522.26;24;98.46;0.13;21.68;747.66;34;146.26;0.25;22.50;1486.99;81;130.08;0.22;10.06
3079;SPAR JAM APRICOT SMOOTH;5;308619.92;9 304;10125.71;0.29;3.77;3466.80;120;104.74;0.12;3.47;4098.57;143;193.42;0.32;5.43;3132.21;104;226.50;0.41;8.32;4156.55;145;-66.49;-0.09;-1.84;6062.87;213;24.54;0.05;0.47;6549.70;230;57.54;0.06;1.01;7913.26;274;124.16;0.17;1.80;8131.25;275;45.13;0.06;0.64;9336.90;310;48.92;0.06;0.60;6189.96;204;129.35;0.17;2.40;4760.52;158;119.26;0.15;2.88;8827.18;292;241.96;0.37;3.15;5928.04;196;171.77;0.16;3.33;6033.02;198;304.93;0.30;5.81;7328.53;247;264.05;0.41;4.14;8223.36;264;438.96;0.69;6.14;5963.09;191;297.93;0.42;5.75;8706.16;284;313.33;0.49;4.14;10567.67;348;285.79;0.37;3.11;7196.72;228;331.09;0.43;5.29;9243.03;297;156.21;0.24;1.94;8105.62;238;174.21;0.22;2.47;3604.95;105;86.25;0.10;2.75;6805.06;194;202.23;0.28;3.42;5936.38;163;312.35;0.41;6.05;4216.82;118;193.22;0.27;5.27;6559.13;187;146.40;0.21;2.57;5371.23;147;240.98;0.42;5.16;4715.68;132;157.61;0.21;3.84;8139.93;232;155.30;0.18;2.19;1518.63;37;206.85;0.28;15.66;5580.25;160;193.82;0.27;3.99;9179.81;269;177.26;0.25;2.22;8496.61;249;163.25;0.22;2.21;5312.66;134;323.90;0.40;7.01;6418.73;172;251.62;0.36;4.51;9158.23;252;341.66;0.44;4.29;5833.04;156;268.10;0.39;5.29;6908.44;186;362.70;0.52;6.04;6475.42;178;289.34;0.48;5.14;4968.37;128;273.63;0.47;6.33;3457.90;85;127.43;0.22;4.24;5053.70;130;201.40;0.31;4.58;4882.46;129;180.52;0.30;4.25;5216.35;140;154.98;0.25;3.42;7330.04;196;281.57;0.46;4.42;6259.08;167;326.01;0.44;5.99;5920.46;154;353.71;0.60;6.87;5379.55;145;166.31;0.28;3.56
3097;SPAR MACARONI;5;387032.42;27 578;11596.32;0.33;3.45;9082.50;803;376.87;0.45;4.77;7866.08;667;280.54;0.46;4.10;8408.74;679;47.83;0.09;0.65;6639.17;553;-226.04;-0.30;-3.92;6149.42;515;176.20;0.33;3.30;10741.89;850;119.80;0.13;1.28;4851.88;314;657.71;0.90;15.59;12879.87;1 013;286.53;0.38;2.56;11538.13;917;539.08;0.67;5.37;8329.69;656;217.53;0.29;3.00;12971.81;934;787.78;0.99;6.98;15925.38;1 180;-486.09;-0.74;-3.51;5850.18;382;478.46;0.44;9.41;11928.45;754;252.38;0.25;2.43;2653.85;140;403.72;0.63;17.49;11503.97;785;-289.07;-0.46;-2.89;16700.05;1 117;-16.84;-0.02;-0.12;16170.63;1 048;803.00;1.24;5.71;8063.76;578;650.09;0.85;9.27;17993.35;1 181;-55.10;-0.07;-0.35;8295.87;523;563.72;0.88;7.81;2069.91;109;324.87;0.41;18.05;8017.79;521;269.22;0.32;3.86;14406.39;981;268.96;0.38;2.15;17436.35;1 205;571.20;0.74;3.77;2578.84;136;402.04;0.57;17.93;1973.06;104;308.31;0.44;17.97;12033.43;884;-1416.19;-2.46;-13.53;606.73;32;94.55;0.13;17.92;11059.48;768;453.36;0.53;4.71;5306.84;336;563.81;0.76;12.22;6978.45;460;174.76;0.24;2.88;4442.21;279;247.40;0.35;6.40;816.57;43;128.16;0.18;18.05;7513.21;586;314.37;0.39;4.81;7609.35;575;467.08;0.66;7.06;6780.04;516;347.35;0.45;5.89;10688.94;821;522.42;0.75;5.62;3040.84;209;248.53;0.35;9.40;8010.96;592;421.20;0.69;6.05;3092.78;197;23.45;0.04;0.87;4303.02;303;108.02;0.19;2.89;3796.44;256;179.64;0.27;5.44;4166.10;295;95.61;0.16;2.64;4531.90;310;201.05;0.32;5.10;6174.86;424;285.40;0.47;5.32;6945.20;480;309.65;0.42;5.13;1857.22;98;288.78;0.49;17.88;6250.84;469;-174.80;-0.30;-3.22
3098;SPAR SPAGHETTI;5;303018.37;21 596;9055.31;0.26;3.44;7123.48;624;337.68;0.40;5.45;5956.82;508;180.50;0.30;3.48;5768.15;471;-5.76;-0.01;-0.11;5815.06;473;-78.72;-0.11;-1.56;5453.99;449;215.54;0.41;4.54;7856.59;631;-9.42;-0.01;-0.14;3783.22;264;346.49;0.48;10.53;9995.44;787;213.29;0.28;2.45;8837.76;711;355.99;0.45;4.63;7794.99;609;253.79;0.34;3.74;9610.17;698;462.85;0.58;5.54;11875.76;889;-186.35;-0.29;-1.80;5963.13;387;501.16;0.47;9.67;10463.11;646;472.88;0.46;5.20;2296.84;121;351.68;0.55;17.61;8132.49;561;-258.78;-0.41;-3.66;12162.52;819;-123.46;-0.17;-1.17;11486.22;749;527.84;0.82;5.28;5983.29;438;379.91;0.50;7.30;12909.46;845;-4.45;-0.01;-0.04;7227.85;450;539.47;0.84;8.58;2050.92;108;321.89;0.41;18.05;7403.16;484;219.16;0.26;3.40;13555.65;930;222.12;0.31;1.88;15419.03;1 063;487.37;0.63;3.63;2427.87;128;379.02;0.54;17.95;854.55;45;134.12;0.19;18.05;10494.54;774;-1275.24;-2.22;-13.97;663.70;35;103.49;0.14;17.93;8825.54;614;355.26;0.42;4.63;3862.05;242;439.93;0.59;13.10;6011.03;397;138.61;0.19;2.65;3815.58;242;189.12;0.27;5.70;607.68;32;95.37;0.13;18.05;6065.13;466;314.55;0.39;5.96;5540.62;421;302.22;0.43;6.27;5017.05;378;273.74;0.35;6.27;7840.62;605;369.73;0.53;5.42;2281.95;154;195.83;0.28;9.87;5699.20;423;293.04;0.48;5.91;1669.22;88;260.63;0.45;17.96;3111.90;215;108.66;0.19;4.02;3348.53;237;-89.50;-0.14;-3.07;2760.07;193;82.73;0.14;3.45;3013.96;204;143.39;0.23;5.47;4673.83;322;224.20;0.37;5.52;5480.19;381;220.18;0.30;4.62;778.59;41;122.20;0.21;18.05;3249.87;244;-48.62;-0.08;-1.72
3158;SPAR CANOLA OIL;5;202260.52;2 988;11512.55;0.33;5.69;1057.87;13;209.62;0.25;19.82;1573.53;17;294.48;0.49;18.71;857.62;8;156.25;0.28;18.22;554.95;5;102.32;0.14;18.44;776.93;7;135.60;0.26;17.45;459.96;4;82.57;0.09;17.95;1954.83;17;350.94;0.48;17.95;3799.56;44;90.38;0.12;2.38;1609.86;14;289.01;0.36;17.95;689.94;6;123.86;0.17;17.95;459.96;4;82.57;0.10;17.95;754.93;7;138.80;0.21;18.39;2609.71;29;515.91;0.48;19.77;6819.08;92;476.16;0.47;6.98;3354.55;45;286.90;0.45;8.55;2033.74;26;528.91;0.84;26.01;737.91;9;187.82;0.26;25.45;737.91;9;162.23;0.25;21.99;1335.84;16;266.78;0.35;19.97;3549.51;49;184.86;0.24;5.21;2699.62;38;84.65;0.13;3.14;719.92;8;150.42;0.19;20.89;3929.37;63;158.81;0.19;4.04;6509.09;91;244.59;0.34;3.76;1439.84;16;300.83;0.39;20.89;7724.69;131;213.47;0.30;2.76;449.95;5;113.91;0.16;25.32;2549.62;38;222.58;0.39;8.73;2114.70;30;356.30;0.48;16.85;8038.71;129;678.08;0.79;8.44;1789.73;27;232.44;0.31;12.99;8533.70;130;590.64;0.82;6.92;1609.77;23;268.37;0.38;16.67;654.91;9;116.12;0.16;17.73;4151.36;64;236.58;0.29;5.70;4964.19;81;177.57;0.25;3.58;26496.64;436;524.89;0.68;1.98;5003.25;75;398.49;0.58;7.96;10798.25;175;430.77;0.61;3.99;10453.32;168;249.12;0.41;2.38;1249.83;17;36.50;0.06;2.92;10848.22;178;-585.60;-1.02;-5.40;10638.37;163;-263.86;-0.40;-2.48;8288.74;126;237.10;0.39;2.86;3879.43;57;179.71;0.28;4.63;1079.88;12;203.33;0.33;18.83;5729.26;74;653.69;0.88;11.41;5839.17;83;173.94;0.29;2.98;8348.80;120;463.12;0.78;5.55
3237;SPAR SOUP BROWN ONION;5;22555.18;3 930;3678.21;0.10;18.75;159.68;32;26.63;0.03;19.18;369.26;74;61.59;0.10;19.18;244.26;49;40.56;0.07;19.10;375.63;85;30.63;0.04;9.38;901.25;207;76.57;0.15;9.77;249.25;50;41.39;0.05;19.10;329.60;65;53.98;0.07;18.84;394.23;80;32.53;0.04;9.49;268.47;49;42.52;0.05;18.22;437.82;80;68.99;0.09;18.12;449.10;82;71.01;0.09;18.18;433.84;74;77.13;0.12;20.45;460.95;75;93.44;0.09;23.31;448.52;74;81.08;0.08;20.79;519.03;87;88.12;0.14;19.53;918.98;187;31.85;0.05;3.99;370.18;62;64.34;0.09;19.99;413.01;69;72.50;0.11;20.19;460.33;77;80.41;0.10;20.09;472.61;79;82.78;0.11;20.14;489.68;82;85.16;0.13;20.00;568.75;95;99.92;0.13;20.20;555.57;93;96.76;0.11;20.03;394.74;66;69.07;0.10;20.12;646.32;108;113.36;0.15;20.17;508.25;85;88.85;0.13;20.10;537.30;90;93.34;0.13;19.98;789.48;132;138.15;0.24;20.12;876.93;147;151.88;0.21;19.92;596.90;100;103.62;0.12;19.96;717.60;120;125.50;0.17;20.11;861.36;144;150.80;0.21;20.13;137.77;23;24.25;0.03;20.24;245.59;41;43.23;0.06;20.24;328.85;55;57.48;0.07;20.10;495.97;83;86.48;0.12;20.05;570.85;96;97.59;0.13;19.66;309.98;52;53.53;0.08;19.86;556.77;93;97.81;0.14;20.20;555.87;93;97.02;0.16;20.07;322.26;54;55.90;0.10;19.95;310.88;52;54.31;0.09;20.09;347.12;58;60.90;0.09;20.18;309.38;52;53.01;0.09;19.70;377.37;63;66.43;0.11;20.24;488.18;82;83.86;0.14;19.75;437.34;66;84.43;0.11;22.20;294.83;37;69.24;0.12;27.01;247.29;31;58.24;0.10;27.09
3609;SPAR CORNED MEAT;5;247647.16;9 715;9048.26;0.26;4.20;959.52;48;22.26;0.03;2.67;1455.48;52;378.10;0.63;29.87;4635.76;219;-38.51;-0.07;-0.96;1772.32;78;119.43;0.16;7.75;4902.57;243;-273.66;-0.52;-6.42;3358.32;168;-159.57;-0.18;-5.46;5717.14;286;66.18;0.09;1.33;5447.01;254;-59.82;-0.08;-1.26;8060.50;350;-23.29;-0.03;-0.33;6040.42;258;90.27;0.12;1.72;7677.32;318;149.56;0.19;2.24;7498.86;314;257.45;0.39;3.95;7912.07;343;109.85;0.10;1.60;5834.63;237;299.75;0.29;5.91;4387.22;178;229.89;0.36;6.03;8297.65;335;218.61;0.35;3.03;5126.59;191;416.77;0.59;9.35;5538.79;221;256.45;0.40;5.32;2504.02;98;146.65;0.19;6.74;3988.35;165;94.52;0.12;2.73;5613.66;234;101.22;0.16;2.07;8156.63;337;181.43;0.23;2.56;4267.18;152;187.77;0.22;5.06;7379.16;264;298.52;0.42;4.65;3820.62;138;130.02;0.17;3.91;6627.86;247;271.11;0.38;4.70;6481.08;237;165.81;0.23;2.94;4210.79;151;164.94;0.29;4.50;3633.72;123;281.25;0.38;8.90;5071.19;181;223.48;0.26;5.07;3513.42;123;194.21;0.26;6.36;8726.52;303;533.37;0.74;7.03;7770.02;283;221.70;0.31;3.28;6116.82;213;361.93;0.50;6.80;6001.17;213;276.30;0.34;5.29;6109.99;221;199.09;0.28;3.75;5004.14;181;166.06;0.21;3.82;2247.90;75;194.17;0.28;9.93;3015.88;107;139.50;0.20;5.32;3102.05;120;-63.76;-0.10;-2.36;1626.29;56;121.06;0.21;8.56;3143.57;115;179.11;0.31;6.55;2285.87;83;94.97;0.14;4.78;3294.30;118;147.82;0.25;5.16;6120.34;237;216.57;0.34;4.07;6198.65;217;635.26;1.04;11.79;7759.78;270;755.45;1.01;11.20;5019.80;193;234.95;0.40;5.38;4214.22;167;134.09;0.23;3.66
3647;SPAR YEAST INSTANT;5;36760.25;8 640;9251.58;0.26;28.94;487.37;163;136.97;0.16;32.32;480.64;161;134.64;0.22;32.21;519.06;174;145.17;0.26;32.16;564.51;189;158.29;0.21;32.25;591.27;198;165.73;0.31;32.23;788.76;264;221.32;0.25;32.27;758.41;254;212.52;0.29;32.23;641.70;185;174.60;0.23;31.29;655.95;165;178.48;0.22;31.29;633.81;159;173.48;0.23;31.48;752.91;189;205.79;0.26;31.43;797.60;200;218.53;0.33;31.51;717.80;180;196.64;0.18;31.50;718.00;180;196.81;0.19;31.52;837.30;210;229.29;0.36;31.49;1175.25;295;318.50;0.50;31.17;1236.90;310;285.81;0.40;26.57;952.41;239;219.31;0.34;26.48;1024.63;257;236.25;0.31;26.52;1009.27;253;233.08;0.30;26.56;781.44;196;180.18;0.28;26.52;841.09;211;193.84;0.24;26.50;690.28;172;160.78;0.19;26.79;688.12;138;202.76;0.28;33.89;902.94;181;266.29;0.35;33.92;940.61;189;276.12;0.39;33.76;1027.94;206;258.87;0.37;28.96;1276.44;256;302.65;0.53;27.27;1265.21;254;299.19;0.40;27.19;1007.98;202;239.50;0.28;27.32;1105.53;222;261.25;0.35;27.18;941.36;189;222.56;0.31;27.19;877.24;176;207.80;0.29;27.24;617.76;124;146.15;0.20;27.21;880.73;177;207.68;0.26;27.12;927.14;186;219.66;0.31;27.25;837.07;168;198.10;0.25;27.22;635.72;128;149.15;0.22;26.98;762.47;153;180.53;0.26;27.23;723.55;145;171.92;0.28;27.32;358.03;72;84.28;0.15;27.07;525.19;106;122.42;0.21;26.81;432.63;87;101.85;0.16;27.07;775.19;156;182.13;0.30;27.02;321.35;65;74.46;0.12;26.65;318.61;64;75.23;0.12;27.15;467.56;94;110.14;0.15;27.09;224.30;45;53.14;0.09;27.24;263.22;53;61.75;0.10;26.98
4345;RHODES BAKED BEAN TOM SCE;5;90757.64;6 569;5136.99;0.15;6.51;223.84;16;32.19;0.04;16.54;208.45;15;28.96;0.05;15.98;1309.04;100;180.70;0.32;15.87;642.14;46;91.34;0.12;16.36;360.94;26;49.88;0.09;15.89;1621.53;147;-2.22;-0.00;-0.16;854.43;57;205.47;0.28;27.66;3713.04;313;-9.19;-0.01;-0.28;3228.67;283;76.84;0.10;2.74;4644.00;405;34.45;0.05;0.85;803.38;62;61.39;0.08;8.79;2363.39;172;237.14;0.36;11.54;3111.78;257;61.07;0.06;2.26;443.24;26;84.06;0.08;21.81;49.47;3;7.94;0.01;18.45;230.86;14;37.04;0.06;18.45;1978.80;120;1388.84;1.95;80.71;3931.30;288;151.21;0.23;4.42;847.47;53;85.12;0.11;11.55;3174.88;210;155.08;0.20;5.62;2180.13;153;85.45;0.13;4.51;3749.34;266;80.42;0.10;2.47;1482.46;98;198.88;0.24;15.43;2019.22;133;95.10;0.13;5.42;1157.25;75;72.32;0.09;7.19;2046.63;137;62.95;0.09;3.54;2210.10;145;108.88;0.15;5.67;1926.92;136;59.52;0.10;3.55;1791.62;138;25.11;0.03;1.61;2026.97;155;-133.59;-0.16;-7.58;2366.92;167;59.36;0.08;2.88;2082.91;147;66.68;0.09;3.68;1703.74;139;-172.60;-0.24;-11.65;2424.65;160;97.90;0.13;4.64;2565.57;168;122.93;0.15;5.51;1505.72;98;81.59;0.12;6.23;2527.87;163;157.37;0.20;7.16;2032.00;120;288.16;0.42;16.31;2753.27;173;210.78;0.30;8.80;303.13;17;41.84;0.07;15.87;1112.27;73;32.07;0.06;3.32;1289.09;91;34.68;0.06;3.09;990.83;67;-12.36;-0.02;-1.43;1422.89;101;29.00;0.05;2.34;5234.97;405;106.59;0.17;2.34;3216.71;242;107.50;0.18;3.84;1315.63;87;119.18;0.16;10.42;682.72;38;98.00;0.16;16.51;895.46;64;55.95;0.09;7.18
4372;RHODES CRMSTYLE SWEETCORN;5;77347.56;3 382;9015.10;0.26;13.40;564.63;27;110.03;0.13;22.41;1171.24;56;228.34;0.38;22.42;1231.06;59;238.03;0.43;22.24;419.80;20;82.86;0.11;22.70;1223.28;72;47.84;0.09;4.50;1872.73;87;184.84;0.21;11.35;2649.68;102;558.76;0.77;24.25;2696.97;128;380.94;0.51;16.24;2102.81;99;337.90;0.42;18.48;3006.55;145;305.73;0.41;11.69;1211.57;53;255.52;0.32;24.25;2676.27;120;381.40;0.58;16.39;1471.02;68;126.17;0.12;9.86;814.39;31;157.81;0.16;22.29;753.61;29;144.71;0.23;22.08;1293.00;50;248.90;0.39;22.14;1190.34;46;233.65;0.33;22.57;518.50;20;102.42;0.16;22.72;1930.17;83;138.34;0.18;8.24;2365.61;104;126.66;0.16;6.16;1103.89;41;186.31;0.29;19.41;2523.52;113;74.28;0.09;3.39;511.46;19;86.25;0.10;19.39;2941.91;109;542.45;0.76;21.20;430.49;16;72.45;0.09;19.35;2738.61;124;96.31;0.14;4.04;1874.84;86;108.07;0.15;6.63;828.40;35;118.80;0.21;16.49;1545.50;75;82.65;0.11;6.15;1344.39;61;121.55;0.14;10.40;1464.41;59;255.33;0.34;20.05;3546.07;168;194.13;0.27;6.30;2488.78;117;145.72;0.20;6.73;3019.01;139;173.36;0.24;6.60;1640.21;59;306.69;0.38;21.50;971.25;35;180.41;0.25;21.36;1531.34;61;211.84;0.27;15.91;2476.31;99;335.14;0.48;15.56;1554.02;61;203.52;0.29;15.06;1376.44;53;197.34;0.32;16.49;856.66;33;125.72;0.22;16.88;1070.31;41;159.47;0.28;17.13;1472.26;64;83.21;0.13;6.50;1364.58;62;102.14;0.17;8.61;1541.27;73;113.16;0.18;8.44;1926.67;93;146.46;0.24;8.74;670.36;24;127.50;0.17;21.87;195.93;7;37.54;0.06;22.04;1175.44;56;36.47;0.06;3.57
4377;RHODES TOMATO PASTE;5;42028.81;3 032;7000.58;0.20;19.16;870.42;80;108.05;0.13;14.28;265.11;19;62.40;0.10;27.07;349.05;25;82.30;0.15;27.12;461.67;33;109.44;0.15;27.26;1351.02;124;166.86;0.32;14.20;614.86;44;145.31;0.16;27.18;794.63;57;186.60;0.26;27.01;782.74;56;185.11;0.25;27.20;907.95;65;214.35;0.27;27.15;715.09;51;168.72;0.23;27.13;703.03;47;174.17;0.22;28.49;374.00;25;92.68;0.14;28.50;2041.40;160;324.66;0.30;18.29;778.73;52;193.49;0.19;28.57;1469.00;125;146.76;0.23;11.49;509.54;46;29.49;0.05;6.66;1896.73;152;282.59;0.40;17.13;494.67;33;124.72;0.19;28.99;448.20;30;92.27;0.12;23.68;1078.53;72;200.17;0.26;21.34;1208.94;81;221.36;0.35;21.06;508.16;34;93.53;0.12;21.17;374.00;25;69.08;0.08;21.24;417.47;28;76.14;0.11;20.97;748.75;50;138.81;0.18;21.32;778.73;52;144.39;0.20;21.32;1759.06;136;166.13;0.23;10.86;648.46;47;87.87;0.15;15.58;1513.95;130;122.57;0.17;9.31;640.07;43;116.02;0.14;20.85;374.00;25;69.08;0.09;21.24;493.92;33;91.39;0.13;21.28;566.62;38;103.38;0.15;20.98;313.29;21;57.27;0.08;21.02;854.43;57;158.98;0.20;21.40;534.39;36;95.85;0.14;20.63;865.67;58;158.51;0.20;21.06;685.79;46;125.04;0.18;20.97;1952.48;147;147.44;0.21;8.68;2458.92;188;204.50;0.34;9.56;1852.22;133;223.13;0.39;13.85;715.02;48;129.97;0.23;20.90;788.50;50;158.19;0.24;23.07;752.88;42;178.83;0.30;27.32;574.78;32;137.26;0.22;27.46;394.88;22;94.12;0.15;27.41;1115.38;62;267.45;0.36;27.57;610.76;34;145.88;0.25;27.47;620.92;38;128.30;0.22;23.76
4381;RHODES PASTE TOMATO;5;52422.08;7 770;10538.31;0.30;23.12;1411.90;297;141.80;0.17;11.55;1401.84;201;299.72;0.50;24.59;358.32;54;88.67;0.16;28.46;608.77;94;160.58;0.21;30.33;569.17;88;149.68;0.28;30.24;979.35;151;259.19;0.29;30.44;661.34;102;174.90;0.24;30.41;743.66;135;160.27;0.21;24.78;1042.95;198;208.67;0.26;23.01;663.90;126;132.97;0.18;23.03;645.19;117;131.37;0.17;23.42;841.89;141;178.89;0.27;24.44;818.53;137;174.27;0.16;24.48;1223.75;205;259.85;0.26;24.42;1248.91;209;266.04;0.42;24.50;1045.85;175;222.86;0.35;24.51;692.44;116;149.26;0.21;24.79;1311.47;201;321.64;0.50;28.20;463.63;62;139.62;0.18;34.63;418.32;56;125.72;0.16;34.56;1010.78;135;305.11;0.48;34.71;634.41;85;190.36;0.24;34.51;508.57;68;153.19;0.18;34.64;681.24;89;195.10;0.27;32.94;1859.27;233;496.33;0.65;30.70;3388.21;519;523.36;0.74;17.76;1262.01;167;294.35;0.42;26.82;912.29;122;206.63;0.36;26.05;804.44;108;180.17;0.24;25.76;1360.56;182;307.91;0.36;26.03;934.01;125;211.10;0.28;25.99;1157.96;155;261.57;0.36;25.98;1301.02;174;294.61;0.41;26.04;583.10;78;131.96;0.18;26.03;1480.05;199;330.07;0.41;25.65;2716.88;429;354.61;0.50;15.01;1276.31;171;287.55;0.37;25.91;2031.56;315;286.73;0.41;16.23;1513.69;227;207.64;0.30;15.78;770.90;91;168.98;0.28;25.21;759.87;90;164.90;0.28;24.96;2214.08;327;238.34;0.42;12.38;803.83;99;153.54;0.23;21.97;678.78;80;149.48;0.25;25.33;744.16;88;162.26;0.26;25.08;558.65;66;122.16;0.20;25.15;997.58;118;217.34;0.29;25.05;745.82;117;51.51;0.09;7.94;1580.87;248;145.48;0.25;10.58
4432;KNORR SOUP BROWN ONION;5;58300.93;8 547;7814.17;0.22;15.41;991.80;181;173.69;0.21;20.14;1299.59;271;88.40;0.15;7.82;1023.69;171;170.15;0.31;19.11;1356.49;254;115.74;0.15;9.81;1052.37;197;112.87;0.21;12.33;636.53;117;77.80;0.09;14.06;954.64;148;176.26;0.24;21.23;1231.81;216;99.73;0.13;9.31;617.21;91;121.06;0.15;22.56;730.60;108;142.01;0.19;22.35;1213.43;169;281.58;0.35;26.69;1063.47;142;228.10;0.35;24.67;1821.02;268;285.33;0.26;18.02;1433.85;228;198.23;0.19;15.90;673.70;101;120.68;0.19;20.60;970.21;139;202.33;0.32;23.98;1473.17;249;124.39;0.17;9.71;868.37;130;140.54;0.22;18.61;1122.53;152;182.23;0.24;18.67;1505.61;212;190.15;0.25;14.52;775.95;104;124.19;0.19;18.41;605.58;81;97.80;0.12;18.57;814.92;109;131.61;0.16;18.57;933.62;155;102.95;0.14;12.68;1302.89;174;211.84;0.28;18.70;1330.99;178;215.10;0.30;18.59;1295.77;173;210.95;0.30;18.72;1602.34;257;37.94;0.07;2.72;1479.65;198;238.50;0.32;18.54;1196.90;160;193.79;0.23;18.62;1275.15;168;160.12;0.22;14.44;1212.88;152;172.29;0.24;16.34;1932.73;274;240.64;0.34;14.32;1316.75;165;187.14;0.26;16.34;1005.94;126;143.28;0.18;16.38;872.55;115;101.49;0.14;13.38;1383.00;198;122.25;0.16;10.17;1750.13;268;153.47;0.22;10.08;1743.59;250;200.39;0.29;13.22;1829.04;250;232.41;0.38;14.61;1684.12;225;228.31;0.39;15.59;1273.64;170;191.33;0.33;17.28;1300.86;204;20.81;0.03;1.84;1047.39;145;100.10;0.17;10.99;752.71;96;148.39;0.23;22.67;806.20;100;159.37;0.26;22.73;1052.28;132;148.74;0.20;16.26;1689.82;236;195.46;0.33;13.30;993.45;140;112.19;0.19;12.99
4434;KNORR SOUP CRM CHICKEN;5;20013.36;3 055;2412.82;0.07;13.86;349.74;64;68.88;0.08;22.65;570.82;129;15.86;0.03;3.20;459.43;77;75.29;0.14;18.85;464.99;90;27.78;0.04;6.87;562.84;107;50.63;0.10;10.34;482.38;89;57.62;0.06;13.74;296.07;45;55.84;0.08;21.69;585.52;105;37.61;0.05;7.39;297.06;44;57.34;0.07;22.20;162.96;24;32.08;0.04;22.64;403.15;56;94.21;0.12;26.87;376.97;49;88.06;0.13;26.86;638.25;95;94.18;0.09;16.97;721.98;124;59.05;0.06;9.41;465.57;78;47.18;0.07;11.65;314.20;45;65.59;0.10;24.01;704.06;120;57.89;0.08;9.45;300.57;43;63.95;0.10;24.47;216.47;29;34.72;0.05;18.44;693.67;101;70.97;0.09;11.77;246.80;33;39.92;0.06;18.60;298.86;40;48.13;0.06;18.52;283.49;38;45.35;0.05;18.40;503.24;88;48.29;0.07;11.04;373.75;50;60.32;0.08;18.56;314.58;42;51.21;0.07;18.72;336.68;45;54.55;0.08;18.63;530.31;87;2.48;0.00;0.54;581.99;78;93.17;0.13;18.41;282.39;38;44.40;0.05;18.08;411.68;52;57.65;0.08;16.10;349.16;44;48.19;0.07;15.87;448.36;64;57.50;0.08;14.75;294.83;37;41.58;0.06;16.22;311.61;39;44.56;0.05;16.45;172.80;22;24.01;0.03;15.98;478.36;67;47.64;0.06;11.45;495.71;74;52.64;0.08;12.21;393.73;57;40.61;0.06;11.86;456.34;61;58.04;0.10;14.63;442.89;64;45.82;0.08;11.90;315.66;42;48.89;0.09;17.81;264.30;39;27.71;0.04;12.06;451.60;64;32.30;0.05;8.23;265.80;35;47.50;0.08;20.55;257.88;32;53.05;0.09;23.66;294.83;37;41.58;0.06;16.22;379.78;56;33.16;0.06;10.04;709.25;116;-32.14;-0.05;-5.21
4450;ROB ENV STEAK&CHOPS;5;13587.68;3 668;4027.86;0.11;34.09;331.89;111;79.99;0.09;27.72;328.90;110;79.27;0.13;27.72;266.11;89;64.13;0.12;27.72;221.26;74;53.32;0.07;27.72;107.64;36;25.94;0.05;27.72;337.87;113;81.43;0.09;27.72;291.53;97;67.30;0.09;26.55;403.65;135;87.87;0.12;25.03;292.12;98;63.01;0.08;24.80;406.64;136;88.52;0.12;25.03;389.97;103;121.53;0.15;35.84;490.77;123;161.79;0.25;37.91;482.79;121;159.16;0.15;37.91;409.37;103;125.28;0.12;35.19;446.68;112;135.12;0.21;34.79;323.19;81;97.85;0.15;34.82;179.55;45;54.86;0.08;35.14;31.92;8;9.75;0.02;35.14;271.32;68;89.33;0.12;37.86;227.43;57;100.03;0.13;50.58;343.14;86;117.17;0.18;39.27;331.17;83;101.18;0.13;35.14;481.99;121;146.81;0.17;35.03;247.38;62;75.58;0.11;35.14;383.04;96;117.03;0.15;35.14;359.10;90;109.72;0.15;35.14;391.02;98;119.47;0.17;35.14;279.30;70;85.33;0.15;35.14;378.65;95;115.46;0.16;35.07;402.99;101;123.13;0.14;35.14;367.08;92;112.15;0.15;35.14;450.87;113;148.25;0.21;37.81;311.22;78;95.09;0.13;35.14;262.94;66;80.11;0.11;35.04;183.54;46;56.08;0.07;35.14;207.08;52;63.04;0.09;35.01;255.36;64;78.02;0.10;35.14;127.78;38;30.60;0.04;27.54;147.63;37;45.11;0.06;35.14;107.73;27;32.91;0.05;35.14;143.64;36;43.89;0.08;35.14;123.29;31;37.44;0.07;34.93;107.73;27;48.44;0.07;51.71;119.70;30;45.77;0.08;43.97;195.51;49;59.73;0.09;35.14;191.52;48;58.52;0.10;35.14;143.64;36;43.89;0.06;35.14;167.58;42;51.20;0.09;35.14;135.46;34;41.27;0.07;35.04
4451;ROB ENV CHICKEN;5;17101.83;4 580;5090.77;0.15;34.23;331.89;111;79.99;0.09;27.72;391.69;131;94.40;0.16;27.72;397.67;133;95.84;0.17;27.72;146.51;49;35.31;0.05;27.72;319.63;107;76.84;0.15;27.65;221.26;74;53.32;0.06;27.72;379.94;126;88.09;0.12;26.66;340.86;114;74.20;0.10;25.03;364.18;122;78.89;0.10;24.91;394.68;132;85.92;0.11;25.03;511.64;136;158.29;0.20;35.58;418.95;105;138.11;0.21;37.91;557.00;140;182.76;0.17;37.73;458.85;115;139.78;0.14;35.03;363.09;91;109.92;0.17;34.82;402.99;101;122.00;0.19;34.82;490.77;123;149.95;0.21;35.14;437.70;110;133.05;0.21;34.96;343.14;86;120.92;0.16;40.52;135.66;34;59.67;0.08;50.58;327.18;82;107.47;0.17;37.77;514.71;129;157.26;0.20;35.14;454.46;114;138.63;0.16;35.08;346.93;87;105.88;0.15;35.10;371.07;93;113.37;0.15;35.14;342.74;86;104.49;0.15;35.06;327.18;82;99.96;0.14;35.14;347.13;87;106.06;0.18;35.14;381.44;96;115.64;0.16;34.86;502.74;126;153.60;0.18;35.14;283.29;71;86.55;0.12;35.14;314.61;79;101.31;0.14;37.03;426.93;107;130.44;0.18;35.14;327.18;82;99.96;0.14;35.14;283.29;71;86.55;0.11;35.14;379.05;95;115.81;0.16;35.14;351.12;88;107.28;0.14;35.14;292.11;82;76.66;0.11;30.18;275.31;69;84.12;0.12;35.14;412.96;104;125.04;0.21;34.82;291.27;73;88.99;0.15;35.14;274.91;69;83.77;0.15;35.04;275.31;69;123.78;0.19;51.71;299.25;75;106.95;0.18;41.10;195.51;49;59.73;0.09;35.14;311.22;78;95.09;0.16;35.14;311.22;78;95.09;0.13;35.14;266.13;67;80.63;0.14;34.84;207.48;52;63.39;0.11;35.14
4455;ROB ENV SPICY BBQ;5;15192.68;4 093;4510.48;0.13;34.14;212.29;71;51.16;0.06;27.72;328.90;110;79.27;0.13;27.72;287.04;96;69.18;0.12;27.72;287.04;96;69.18;0.09;27.72;214.98;72;51.62;0.10;27.61;349.83;117;84.31;0.09;27.72;298.02;98;70.44;0.10;27.18;373.75;125;81.36;0.11;25.03;330.99;111;71.47;0.09;24.83;508.30;170;110.65;0.15;25.03;466.76;124;144.50;0.18;35.60;534.66;134;176.26;0.27;37.91;462.84;116;152.58;0.14;37.91;402.99;101;123.08;0.12;35.12;466.83;117;141.33;0.22;34.82;414.96;104;125.63;0.20;34.82;179.55;45;54.86;0.08;35.14;15.96;4;4.88;0.01;35.14;299.25;75;105.36;0.14;40.49;251.37;63;110.56;0.14;50.58;311.22;78;103.66;0.16;38.30;391.02;98;119.47;0.15;35.14;383.04;96;117.03;0.14;35.14;359.10;90;109.72;0.15;35.14;486.78;122;148.73;0.19;35.14;434.91;109;132.88;0.19;35.14;287.28;72;87.77;0.12;35.14;383.04;96;117.03;0.20;35.14;478.80;120;146.29;0.20;35.14;331.17;83;101.18;0.12;35.14;327.18;82;99.96;0.13;35.14;381.44;96;124.48;0.17;37.53;247.38;62;75.58;0.11;35.14;219.45;55;67.05;0.09;35.14;287.28;72;87.77;0.11;35.14;275.31;69;84.12;0.12;35.14;387.03;97;118.25;0.15;35.14;260.84;77;63.23;0.09;27.88;207.48;52;63.39;0.09;35.14;143.64;36;43.89;0.07;35.14;271.32;68;82.90;0.14;35.14;203.49;51;62.17;0.11;35.14;155.61;39;69.96;0.11;51.71;235.41;59;83.42;0.14;40.75;167.58;42;51.20;0.08;35.14;215.46;54;65.83;0.11;35.14;247.18;62;75.41;0.10;35.08;215.46;54;65.83;0.11;35.14;211.47;53;64.61;0.11;35.14
4459;ROB ENV SPICE FOR RICE;5;12253.40;3 192;3758.11;0.11;35.27;0.00;0;0.00;0.00;0.00;0.00;0;0.00;0.00;0.00;0.00;0;0.00;0.00;0.00;47.84;16;11.53;0.02;27.72;65.78;22;15.85;0.03;27.72;185.38;62;44.68;0.05;27.72;187.38;62;44.07;0.06;27.04;301.99;101;65.74;0.09;25.03;263.12;88;57.28;0.07;25.03;304.98;102;66.39;0.09;25.03;220.42;58;68.98;0.09;35.99;279.30;70;92.08;0.14;37.91;351.12;88;115.75;0.11;37.91;343.14;86;105.39;0.10;35.32;287.28;72;86.97;0.14;34.82;287.28;72;86.97;0.14;34.82;263.34;66;80.46;0.11;35.14;323.19;81;98.74;0.15;35.14;219.45;55;80.45;0.10;42.16;270.92;68;118.99;0.15;50.51;299.25;75;96.79;0.15;37.20;402.99;101;123.13;0.16;35.14;267.33;67;81.68;0.10;35.14;371.07;93;113.37;0.16;35.14;322.99;81;98.57;0.13;35.10;319.20;80;97.53;0.14;35.14;227.43;57;69.49;0.10;35.14;367.08;92;112.15;0.19;35.14;155.61;39;47.54;0.06;35.14;203.49;51;62.17;0.07;35.14;263.34;66;80.46;0.11;35.14;235.41;59;77.45;0.11;37.83;242.99;61;74.02;0.10;35.03;299.25;75;91.43;0.13;35.14;231.42;58;70.71;0.09;35.14;267.33;67;81.68;0.12;35.14;359.10;90;109.72;0.14;35.14;217.53;59;60.13;0.09;31.79;235.41;59;71.92;0.10;35.14;207.48;52;63.39;0.10;35.14;251.37;63;76.80;0.13;35.14;314.41;79;95.61;0.17;34.97;242.99;61;109.08;0.17;51.63;243.19;61;93.74;0.16;44.33;315.21;79;96.31;0.15;35.14;442.49;111;134.97;0.22;35.08;315.21;79;96.31;0.13;35.14;219.45;55;67.05;0.11;35.14;211.47;53;64.61;0.11;35.14
4460;ROB ENV WHITE PEPPER;5;21481.18;3 451;5672.98;0.16;30.37;428.64;86;103.06;0.12;27.65;647.95;130;155.79;0.26;27.65;349.30;70;84.24;0.15;27.73;394.21;79;95.07;0.13;27.73;354.29;71;85.44;0.16;27.73;209.08;42;50.11;0.06;27.56;287.48;52;75.13;0.10;30.06;514.84;86;143.05;0.19;31.95;524.42;88;144.29;0.18;31.64;514.54;86;142.79;0.19;31.91;765.32;118;227.29;0.29;34.15;616.55;95;183.20;0.28;34.17;577.61;89;171.63;0.16;34.17;323.85;50;95.85;0.09;34.04;350.46;54;104.13;0.16;34.17;292.05;45;86.78;0.14;34.17;227.15;35;68.14;0.10;34.50;324.50;50;97.34;0.15;34.50;376.42;58;105.07;0.14;32.10;551.65;85;142.50;0.18;29.71;350.46;54;90.53;0.14;29.71;759.33;117;196.15;0.25;29.71;602.60;93;155.07;0.18;29.59;519.20;80;134.12;0.19;29.71;343.97;53;88.85;0.12;29.71;310.87;48;79.91;0.11;29.56;259.60;40;67.06;0.09;29.71;415.36;64;107.29;0.19;29.71;311.52;48;80.47;0.11;29.71;292.05;45;75.44;0.09;29.71;181.72;28;46.94;0.06;29.71;335.86;52;85.77;0.12;29.37;440.35;68;113.16;0.16;29.55;440.35;68;113.16;0.16;29.55;479.61;74;123.49;0.15;29.61;382.91;59;98.91;0.14;29.71;610.06;94;157.59;0.20;29.71;627.58;97;160.92;0.23;29.49;525.05;81;135.24;0.19;29.62;492.27;76;126.57;0.21;29.57;440.02;68;112.87;0.19;29.50;720.39;111;186.09;0.33;29.71;342.67;53;87.72;0.13;29.44;532.18;82;137.47;0.23;29.71;558.14;86;144.18;0.23;29.71;428.02;66;110.37;0.18;29.65;493.24;76;127.41;0.17;29.71;253.11;39;65.38;0.11;29.71;402.38;62;103.94;0.18;29.71
4462;ROB RAJAH ENV MEDIUM;5;16717.15;4 311;5165.15;0.15;35.53;0.00;0;0.00;0.00;0.00;0.00;0;0.00;0.00;0.00;116.61;39;28.10;0.05;27.72;0.00;0;0.00;0.00;0.00;0.00;0;0.00;0.00;0.00;113.62;38;27.38;0.03;27.72;134.06;44;31.55;0.04;27.07;266.11;89;57.93;0.08;25.03;179.40;60;39.05;0.05;25.03;290.03;97;63.14;0.08;25.03;318.14;86;96.51;0.12;34.89;319.20;80;105.23;0.16;37.91;295.26;74;97.34;0.09;37.91;474.61;119;145.83;0.14;35.34;307.23;77;93.01;0.15;34.82;414.96;104;125.63;0.20;34.82;355.11;89;108.50;0.15;35.14;406.78;102;124.17;0.19;35.10;338.95;85;127.03;0.17;43.10;294.66;74;129.35;0.17;50.48;358.70;90;123.30;0.19;39.53;498.75;125;152.38;0.19;35.14;470.82;118;143.85;0.17;35.14;307.23;77;93.87;0.13;35.14;386.63;97;117.90;0.15;35.07;291.27;73;88.99;0.13;35.14;354.71;89;108.15;0.15;35.06;394.61;99;120.34;0.21;35.07;338.95;85;103.45;0.14;35.10;430.32;108;131.14;0.15;35.05;444.88;112;134.80;0.18;34.84;619.82;166;190.10;0.26;35.27;597.90;150;182.34;0.26;35.07;490.77;123;149.95;0.21;35.14;358.90;90;109.54;0.13;35.10;454.66;114;138.80;0.20;35.11;586.13;147;178.85;0.23;35.09;672.09;179;190.34;0.27;32.57;395.01;99;120.69;0.17;35.14;474.61;119;144.89;0.24;35.11;307.23;77;93.87;0.16;35.14;406.98;102;124.34;0.22;35.14;387.03;97;174.01;0.27;51.71;410.97;103;145.69;0.24;40.77;486.78;122;148.73;0.24;35.14;369.07;93;111.63;0.18;34.78;314.81;79;95.96;0.13;35.05;279.30;70;85.33;0.14;35.14;203.49;51;62.17;0.11;35.14
4516;ROB ENV BLACK PEPPER;5;36644.79;9 626;10988.49;0.31;34.48;615.94;206;148.44;0.18;27.72;618.48;207;148.77;0.25;27.66;630.74;211;151.92;0.27;27.70;207.95;70;49.27;0.07;27.25;68.77;23;16.57;0.03;27.72;699.21;234;168.23;0.19;27.67;572.42;188;135.78;0.19;27.28;502.32;168;109.35;0.15;25.03;567.35;190;123.02;0.15;24.94;529.23;177;115.21;0.15;25.03;666.33;167;219.67;0.28;37.91;622.04;156;204.85;0.31;37.87;948.22;238;311.84;0.29;37.82;988.92;248;303.24;0.30;35.26;949.62;238;287.50;0.45;34.82;877.40;220;265.40;0.42;34.79;1268.42;318;387.31;0.54;35.12;963.98;242;293.62;0.45;35.03;371.07;93;125.16;0.16;38.79;0.00;0;0.00;0.00;0.00;618.45;155;210.39;0.33;39.12;0.00;0;0.00;0.00;0.00;159.60;40;48.76;0.06;35.14;371.07;93;113.37;0.16;35.14;892.96;224;272.37;0.35;35.08;976.35;245;297.63;0.42;35.06;714.21;179;218.21;0.31;35.14;1128.77;283;344.65;0.60;35.11;1068.52;268;326.01;0.44;35.09;937.25;235;286.13;0.33;35.11;725.38;182;221.17;0.30;35.06;748.12;188;245.12;0.34;37.68;913.71;229;279.17;0.39;35.14;1029.42;258;314.52;0.43;35.14;853.86;214;260.88;0.32;35.14;948.02;238;288.75;0.41;35.03;957.20;240;292.23;0.38;35.11;1061.05;285;232.79;0.34;25.23;941.64;236;287.70;0.41;35.14;1027.02;258;312.43;0.51;34.98;1027.82;258;313.13;0.54;35.03;355.11;89;108.50;0.19;35.14;702.24;176;315.74;0.48;51.71;996.70;250;361.56;0.60;41.72;773.86;194;236.32;0.37;35.12;845.48;212;258.09;0.42;35.11;1021.44;256;312.08;0.42;35.14;1184.23;297;361.37;0.61;35.09;996.90;250;304.24;0.52;35.10
4538;KNORR SOUP CRM OF MUSHROO;5;37994.95;5 625;5165.06;0.15;15.63;816.65;149;142.28;0.17;20.04;1138.51;233;91.71;0.15;9.26;812.05;136;134.30;0.24;19.02;859.94;167;49.34;0.07;6.60;682.36;136;50.59;0.10;8.53;418.52;79;45.81;0.05;12.59;676.09;105;124.02;0.17;21.10;731.32;127;61.22;0.08;9.63;467.49;69;91.36;0.11;22.47;543.20;80;106.95;0.14;22.64;652.53;93;142.07;0.18;25.04;757.12;95;192.06;0.29;29.17;1145.28;167;186.55;0.17;18.73;1176.68;194;131.37;0.13;12.84;465.99;67;96.13;0.15;23.72;802.45;115;167.18;0.26;23.96;1024.57;177;66.69;0.09;7.49;719.18;108;114.81;0.18;18.36;792.92;108;128.54;0.17;18.64;646.92;92;77.17;0.10;13.72;486.10;65;78.61;0.12;18.60;501.83;67;81.70;0.10;18.72;784.58;105;126.40;0.15;18.53;761.99;127;76.60;0.11;11.56;927.64;124;150.22;0.20;18.62;963.96;129;155.34;0.22;18.53;651.42;90;90.41;0.13;15.96;587.07;96;4.39;0.01;0.86;718.67;96;116.74;0.16;18.68;763.61;102;124.05;0.15;18.68;813.47;109;98.12;0.13;13.87;886.49;111;126.48;0.18;16.41;1029.68;148;122.54;0.17;13.69;773.03;97;109.10;0.15;16.23;159.80;20;22.85;0.03;16.45;524.51;72;51.08;0.07;11.20;1105.27;160;92.37;0.12;9.61;949.00;148;77.59;0.11;9.40;1238.97;182;146.45;0.21;13.59;1001.53;137;124.59;0.21;14.31;926.21;122;126.02;0.22;15.65;669.96;84;122.97;0.21;21.11;772.59;113;53.97;0.08;8.03;476.33;70;26.10;0.04;6.30;562.94;73;124.23;0.20;25.38;961.61;119;203.64;0.33;24.35;781.82;98;110.93;0.15;16.32;1086.69;151;125.45;0.21;13.28;798.41;113;95.98;0.16;13.82
4541;KNORR SOUP BEEF/ONION;5;23666.38;3 617;3027.91;0.09;14.71;417.24;76;76.81;0.09;21.17;889.04;192;63.55;0.11;8.22;257.57;43;42.92;0.08;19.16;638.55;127;24.68;0.03;4.45;192.02;40;7.89;0.01;4.73;449.40;80;62.00;0.07;15.87;236.44;36;44.74;0.06;21.76;675.55;119;53.36;0.07;9.08;312.34;46;61.50;0.08;22.64;502.46;74;98.93;0.13;22.64;565.98;79;130.59;0.16;26.53;503.52;67;111.62;0.17;25.49;573.16;89;71.69;0.07;14.38;821.17;145;49.30;0.05;6.90;857.74;135;125.38;0.20;16.81;1076.11;154;225.21;0.36;24.07;1120.79;194;75.27;0.11;7.72;515.13;77;83.93;0.13;18.74;461.47;63;75.14;0.10;18.72;510.33;74;53.77;0.07;12.12;292.11;39;47.55;0.07;18.72;659.12;88;107.30;0.14;18.72;456.14;61;73.73;0.09;18.59;294.47;51;32.76;0.05;12.79;374.50;50;60.97;0.08;18.72;515.68;69;83.15;0.12;18.54;464.01;62;75.28;0.11;18.66;334.53;59;-19.74;-0.03;-6.79;307.09;41;49.99;0.07;18.72;381.61;51;61.86;0.07;18.64;428.44;58;50.71;0.07;13.61;463.42;58;66.27;0.09;16.45;502.49;70;63.55;0.09;14.54;302.82;38;42.72;0.06;16.23;367.54;46;52.56;0.06;16.45;355.21;48;39.02;0.06;12.63;637.50;91;55.58;0.07;10.03;508.80;81;36.72;0.05;8.30;909.17;137;91.27;0.13;11.54;564.55;76;70.45;0.12;14.35;615.44;90;61.19;0.11;11.43;218.33;32;32.64;0.06;17.19;325.73;47;41.48;0.06;14.64;269.28;39;10.73;0.02;4.58;330.32;55;66.00;0.10;22.98;294.24;36;80.87;0.13;31.61;167.79;21;24.00;0.03;16.45;261.80;37;31.06;0.05;13.64;488.24;76;-0.03;-0.00;-0.01
4547;KNORR SOUP RICH OXTAIL;5;21610.93;3 239;2877.21;0.08;15.31;285.21;52;52.32;0.06;21.10;632.95;134;45.47;0.08;8.26;403.04;68;65.77;0.12;18.77;522.55;100;35.88;0.05;7.90;600.76;115;56.71;0.11;10.86;167.78;30;22.80;0.03;15.63;323.16;50;59.77;0.08;21.27;510.18;90;38.83;0.05;8.75;155.83;23;30.45;0.04;22.47;380.24;56;74.86;0.10;22.64;395.52;54;96.55;0.12;28.07;429.81;57;93.74;0.14;25.08;529.01;79;79.30;0.07;17.24;784.97;132;75.82;0.07;11.11;620.12;97;93.23;0.15;17.29;635.04;91;132.34;0.21;23.97;597.09;102;47.17;0.07;9.08;320.19;46;67.10;0.10;24.10;343.33;47;54.84;0.07;18.37;501.53;70;66.46;0.09;15.24;261.40;35;42.02;0.07;18.49;254.28;34;41.13;0.05;18.60;321.33;43;51.79;0.06;18.53;291.82;50;34.62;0.05;13.64;539.28;72;87.79;0.11;18.72;501.08;67;81.04;0.11;18.60;306.72;41;49.67;0.07;18.62;608.00;97;17.06;0.03;3.23;344.54;46;56.09;0.08;18.72;604.07;81;96.49;0.11;18.37;606.69;82;71.11;0.10;13.48;391.51;49;55.99;0.08;16.45;433.57;61;51.21;0.07;13.58;279.25;35;39.64;0.05;16.33;399.50;50;57.13;0.07;16.45;439.47;58;50.48;0.07;13.21;431.06;63;33.34;0.04;8.89;618.14;94;65.90;0.10;12.26;683.66;101;73.04;0.10;12.29;646.94;86;94.35;0.16;16.77;772.13;107;96.82;0.17;14.42;323.77;44;47.80;0.08;16.98;361.05;53;36.43;0.06;11.60;275.71;37;27.55;0.05;11.49;423.28;71;88.24;0.14;23.97;240.80;30;42.52;0.07;20.31;287.64;36;41.13;0.06;16.45;359.39;53;32.77;0.06;10.48;466.54;70;24.64;0.04;6.07
4549;KNORR SOUP WHITE ONION;5;27949.00;4 140;3821.34;0.11;15.72;589.39;108;107.01;0.13;20.88;785.65;167;57.63;0.10;8.44;149.75;25;24.95;0.04;19.16;628.48;115;64.21;0.09;11.75;479.12;89;56.00;0.11;13.44;357.44;66;43.00;0.05;13.83;304.46;46;57.85;0.08;21.85;538.08;92;51.64;0.07;11.04;377.85;56;72.79;0.09;22.15;548.63;81;107.10;0.14;22.45;492.68;69;112.60;0.14;26.28;385.75;50;90.72;0.14;27.04;889.41;129;146.99;0.14;19.01;920.68;152;102.62;0.10;12.82;932.80;150;122.29;0.19;15.08;939.45;135;194.04;0.31;23.75;867.58;146;80.80;0.11;10.71;702.72;103;130.95;0.20;21.43;440.28;60;70.89;0.09;18.52;606.91;87;68.93;0.09;13.06;343.43;46;55.12;0.09;18.46;561.38;75;91.13;0.11;18.67;501.83;67;81.70;0.10;18.72;632.66;103;83.27;0.12;15.14;433.30;58;69.75;0.09;18.51;594.71;80;93.64;0.13;18.11;565.11;77;83.98;0.12;17.09;634.34;102;13.69;0.02;2.48;596.95;80;95.59;0.13;18.42;529.18;71;84.30;0.10;18.32;467.78;63;56.84;0.08;13.97;461.02;58;64.19;0.09;16.01;573.21;80;68.60;0.10;13.76;383.12;48;54.50;0.08;16.36;438.65;55;62.15;0.08;16.29;585.57;78;65.97;0.09;12.96;604.68;90;40.25;0.05;7.66;753.60;114;65.28;0.09;9.96;878.64;133;80.07;0.11;10.48;696.86;95;89.62;0.15;14.79;600.51;80;80.64;0.14;15.44;443.06;61;53.05;0.09;13.77;384.11;57;16.67;0.03;4.99;534.23;76;30.22;0.05;6.50;372.55;47;80.30;0.13;24.79;669.36;82;178.87;0.29;30.73;556.90;70;77.90;0.10;16.09;758.58;106;82.59;0.14;12.52;456.57;62;58.44;0.10;14.72
4578;ROB ENV CAYENNE PEPPER;5;15602.00;4 115;4740.47;0.14;34.94;143.52;48;34.59;0.04;27.72;143.52;48;34.59;0.06;27.72;296.01;99;71.34;0.13;27.72;137.54;46;33.15;0.04;27.72;119.60;40;28.82;0.05;27.72;239.20;80;57.65;0.06;27.72;303.34;101;70.19;0.10;26.61;275.08;92;59.88;0.08;25.03;241.89;81;52.46;0.07;24.94;355.81;119;77.46;0.10;25.03;530.60;140;165.55;0.21;35.88;485.58;122;159.43;0.24;37.76;438.50;110;144.34;0.13;37.85;525.48;132;160.13;0.16;35.04;338.55;85;102.16;0.16;34.70;434.51;109;131.32;0.21;34.76;564.98;142;171.72;0.24;34.95;420.94;106;127.48;0.20;34.83;466.83;117;168.89;0.22;41.60;434.91;109;191.29;0.25;50.58;501.54;126;165.96;0.26;38.05;442.89;111;135.32;0.17;35.14;331.17;83;101.18;0.12;35.14;402.59;101;122.78;0.17;35.07;438.10;110;133.40;0.17;35.02;387.03;97;118.25;0.17;35.14;518.30;130;158.13;0.22;35.09;347.13;87;106.06;0.18;35.14;191.52;48;58.52;0.08;35.14;206.68;52;62.70;0.07;34.88;250.57;63;76.11;0.10;34.93;334.76;84;107.58;0.15;36.96;293.66;74;88.82;0.12;34.78;254.96;64;77.67;0.11;35.03;235.01;59;71.58;0.09;35.03;290.47;73;88.30;0.12;34.96;279.30;70;85.33;0.11;35.14;187.79;51;52.27;0.08;32.01;338.35;85;102.92;0.15;34.98;339.15;85;103.62;0.17;35.14;334.96;84;102.23;0.18;35.10;218.65;55;66.35;0.12;34.90;171.57;43;77.14;0.12;51.71;230.42;58;76.74;0.13;38.30;258.55;65;78.54;0.12;34.94;231.02;58;70.36;0.12;35.02;255.36;64;78.02;0.10;35.14;223.44;56;68.27;0.11;35.14;210.67;53;63.91;0.11;34.89
4588;KNORROX CUBES BEEF;5;40779.58;3 912;11256.44;0.32;31.74;509.32;68;116.17;0.14;26.23;696.57;93;158.89;0.26;26.23;561.75;75;128.13;0.23;26.23;621.77;73;158.72;0.21;29.36;719.20;80;192.06;0.36;30.71;709.76;79;189.27;0.21;30.67;606.87;63;163.54;0.22;30.99;639.36;64;178.24;0.24;32.06;718.28;72;199.65;0.25;31.97;688.31;69;191.30;0.26;31.96;819.18;82;228.37;0.29;32.06;808.69;81;225.15;0.34;32.02;848.65;85;236.30;0.22;32.02;899.10;90;250.66;0.25;32.06;816.68;82;226.20;0.36;31.85;1347.15;135;374.68;0.59;31.98;1462.11;134;416.27;0.59;32.74;1207.25;110;344.73;0.53;32.84;1219.34;111;348.83;0.45;32.90;1284.18;117;366.76;0.47;32.84;911.62;83;260.72;0.41;32.89;834.69;76;238.69;0.30;32.89;789.63;72;225.14;0.27;32.79;944.59;86;270.16;0.38;32.89;1010.53;92;289.04;0.38;32.89;920.96;84;262.43;0.37;32.77;856.67;78;244.98;0.35;32.89;977.56;89;279.60;0.49;32.89;1043.50;95;298.48;0.40;32.89;1142.96;104;327.28;0.38;32.93;824.25;75;236.02;0.32;32.93;1085.26;99;309.15;0.43;32.76;1109.44;101;317.36;0.45;32.90;945.14;86;270.64;0.37;32.93;922.61;84;263.86;0.32;32.89;714.35;65;204.55;0.29;32.93;1066.03;97;305.25;0.39;32.93;1008.33;92;287.13;0.41;32.75;757.21;69;216.18;0.31;32.83;735.78;67;210.37;0.35;32.88;680.28;62;194.15;0.34;32.82;613.79;56;174.79;0.31;32.75;472.02;43;134.84;0.21;32.85;592.36;54;156.98;0.26;30.48;505.54;46;134.54;0.21;30.60;439.05;40;92.54;0.15;24.24;549.50;50;116.28;0.16;24.33;483.56;44;102.32;0.17;24.33;658.85;60;139.05;0.24;24.27
4634;CLOVER CONDENSED MILK;5;161711.43;4 642;24798.22;0.71;17.64;959.68;32;168.90;0.20;20.24;5308.51;199;411.75;0.68;8.92;2481.78;82;447.99;0.81;20.76;982.31;29;250.98;0.33;29.38;1087.68;32;280.21;0.53;29.63;776.67;23;196.97;0.22;29.16;869.77;23;277.92;0.38;36.75;875.77;22;303.94;0.41;39.91;519.87;13;181.66;0.23;40.19;1713.57;43;595.66;0.80;39.98;352.91;9;119.68;0.15;39.00;624.84;16;210.54;0.32;38.75;428.89;11;144.15;0.13;38.65;628.69;17;182.23;0.18;33.33;1152.76;34;238.04;0.37;23.75;488.11;14;107.92;0.17;25.43;454.87;13;100.68;0.14;25.45;1257.89;36;265.82;0.41;24.30;1361.11;39;300.64;0.39;25.40;9682.95;330;958.99;1.24;11.39;4298.52;123;956.96;1.50;25.60;3806.91;109;1727.69;2.18;52.19;3035.64;86;632.25;0.75;23.95;1601.04;41;279.85;0.39;20.10;5492.41;174;49.55;0.06;1.04;3705.06;109;387.06;0.55;12.01;4396.33;117;772.03;1.09;20.19;5658.48;172;412.24;0.72;8.38;5987.83;177;559.38;0.76;10.74;4442.93;117;1067.14;1.25;27.62;4800.88;122;977.47;1.31;23.41;7467.78;222;684.01;0.95;10.53;4942.76;124;1038.20;1.46;24.16;14125.27;433;959.79;1.32;7.81;2119.47;53;445.57;0.55;24.18;2505.37;63;516.64;0.73;23.71;1989.50;50;420.65;0.54;24.32;4755.42;138;516.30;0.75;12.49;3353.16;84;707.95;1.01;24.28;2079.48;52;415.88;0.68;23.00;2469.38;62;479.22;0.83;22.32;3433.14;86;666.78;1.17;22.34;2117.47;53;412.40;0.63;22.40;2509.37;73;215.33;0.36;9.87;6337.34;171;909.48;1.44;16.50;10714.87;313;905.98;1.48;9.72;4536.86;114;871.66;1.17;22.09;3389.15;85;655.49;1.10;22.24;3630.98;102;410.60;0.70;13.00
4689;SASKO FLOUR CAKE;5;278454.22;7 860;10883.72;0.31;3.91;1253.62;38;593.37;0.70;47.33;823.10;25;388.73;0.64;47.23;5846.72;228;293.69;0.53;5.02;679.83;17;114.98;0.15;16.91;6021.90;210;-869.78;-1.65;-14.44;639.84;16;105.95;0.12;16.56;1117.74;26;194.95;0.27;17.44;18897.16;600;-973.13;-1.30;-5.15;171.96;4;29.00;0.04;16.87;6371.06;194;188.63;0.25;2.96;11416.50;350;292.26;0.37;2.56;3262.27;73;602.64;0.92;18.47;1752.36;39;326.66;0.30;18.64;944.79;21;177.11;0.17;18.75;1934.57;43;362.64;0.57;18.75;1754.61;39;328.91;0.52;18.75;30427.30;870;-543.67;-0.76;-1.79;1375.57;43;-188.59;-0.29;-13.71;2067.29;46;342.56;0.45;16.57;449.90;10;74.96;0.10;16.66;17554.13;487;349.48;0.55;1.99;6703.09;191;144.14;0.18;2.15;10956.88;312;241.21;0.29;2.20;5980.35;165;92.26;0.13;1.54;6808.34;166;1040.14;1.35;15.28;8883.95;220;898.76;1.27;10.12;18018.21;499;632.99;0.89;3.51;6378.51;149;791.89;1.38;12.41;4347.54;97;715.55;0.97;16.46;1617.00;49;21.50;0.03;1.33;1160.83;29;162.29;0.22;13.98;10232.11;289;274.77;0.38;2.69;17259.09;491;394.53;0.55;2.29;854.81;19;142.42;0.20;16.66;13501.69;371;359.34;0.44;2.66;760.33;17;122.93;0.17;16.17;1439.68;32;239.87;0.31;16.66;2726.86;73;352.52;0.51;12.93;7017.94;206;294.60;0.42;4.20;2406.70;60;251.08;0.41;10.43;4745.60;130;218.32;0.38;4.60;2932.44;81;-105.67;-0.18;-3.60;1023.80;20;236.33;0.36;23.08;4313.17;113;196.53;0.33;4.56;11301.29;301;877.00;1.39;7.76;215.96;4;58.47;0.10;27.07;5923.34;196;182.13;0.24;3.07;3562.84;116;155.68;0.26;4.37;2619.65;85;-299.19;-0.51;-11.42
4905;MARINA 5 STAR FINE POLY;5;24082.00;3 798;8367.44;0.24;39.96;647.58;151;165.47;0.20;29.38;647.58;151;165.47;0.27;29.38;650.02;147;166.84;0.30;29.52;648.20;130;182.71;0.24;32.42;388.22;78;109.02;0.21;32.29;443.61;89;124.95;0.14;32.39;393.96;79;111.08;0.15;32.43;523.45;105;147.49;0.20;32.40;303.14;61;84.85;0.11;32.19;269.46;54;76.08;0.10;32.47;693.61;139;195.83;0.25;32.47;414.17;83;116.93;0.18;32.47;328.34;66;92.11;0.09;32.26;578.79;101;203.16;0.20;40.37;717.90;120;266.02;0.42;42.61;791.42;118;287.89;0.46;41.83;810.14;116;295.41;0.42;41.93;580.17;83;211.80;0.33;41.98;705.64;101;257.43;0.34;41.95;768.55;110;280.40;0.36;41.96;426.39;61;155.66;0.24;41.98;642.73;92;234.47;0.30;41.95;767.85;110;279.79;0.33;41.90;621.06;89;226.20;0.32;41.89;943.30;135;344.20;0.45;41.96;1080.65;155;393.10;0.56;41.83;1038.57;158;345.93;0.49;38.30;1012.13;133;384.65;0.67;43.70;732.28;92;288.00;0.39;45.23;463.02;58;182.75;0.21;45.39;247.69;31;97.86;0.13;45.44;407.49;51;161.00;0.22;45.44;399.50;50;157.85;0.22;45.44;415.48;52;164.16;0.23;45.44;423.47;53;167.32;0.21;45.44;479.40;60;189.42;0.27;45.44;503.37;63;198.89;0.26;45.44;231.31;29;91.20;0.13;45.34;215.73;27;85.24;0.12;45.44;191.36;24;75.42;0.12;45.32;262.07;33;102.79;0.18;45.10;269.26;34;105.25;0.18;44.95;182.97;23;71.91;0.11;45.20;167.79;21;66.30;0.11;45.44;135.03;17;52.97;0.08;45.11;103.87;13;41.04;0.07;45.44;143.82;18;56.82;0.08;45.44;127.04;16;49.82;0.08;45.09;143.42;18;56.48;0.10;45.29
4912;SAVEMOR SALT FINE;5;22016.42;3 756;7445.93;0.21;38.89;162.39;38;44.87;0.05;31.78;210.00;49;58.39;0.10;31.97;228.45;53;62.20;0.11;31.31;371.79;81;96.74;0.13;29.92;380.97;83;99.13;0.19;29.92;307.30;67;79.82;0.09;29.87;596.70;130;155.26;0.21;29.92;312.12;68;81.21;0.11;29.92;380.51;83;98.73;0.12;29.84;445.23;97;115.85;0.15;29.92;385.56;84;100.32;0.13;29.92;514.08;112;133.76;0.20;29.92;463.36;101;120.42;0.11;29.89;687.19;131;231.15;0.23;38.68;723.89;121;291.03;0.46;46.23;646.92;108;260.46;0.41;46.30;856.62;138;329.35;0.46;44.21;434.51;67;163.26;0.25;43.21;700.92;108;263.61;0.34;43.25;506.22;78;190.39;0.25;43.25;609.41;94;228.88;0.36;43.19;639.92;99;239.39;0.30;43.02;538.67;83;202.59;0.24;43.25;629.21;97;236.49;0.33;43.22;758.37;117;284.75;0.37;43.18;245.97;38;92.19;0.13;43.10;376.10;58;131.87;0.19;40.32;395.89;61;136.11;0.24;39.54;544.84;84;187.16;0.25;39.50;285.56;44;98.18;0.11;39.54;330.99;51;113.80;0.15;39.54;629.53;97;216.44;0.30;39.54;700.92;108;240.99;0.34;39.54;434.83;67;149.50;0.21;39.54;330.03;51;112.97;0.14;39.36;350.46;54;120.49;0.17;39.54;745.71;115;256.05;0.33;39.49;551.01;85;189.11;0.27;39.47;564.31;87;193.85;0.28;39.50;467.28;72;160.66;0.26;39.54;420.57;65;143.93;0.25;39.36;415.04;64;142.53;0.25;39.49;381.94;59;130.81;0.20;39.39;253.11;39;87.02;0.14;39.54;129.80;20;44.63;0.07;39.54;343.97;53;118.26;0.19;39.54;226.83;35;77.82;0.10;39.45;161.61;25;55.23;0.09;39.30;239.81;37;78.27;0.13;37.53
4921;TASTIC RICE PARBOILED;5;613646.04;17 881;16830.74;0.48;2.74;10908.18;412;340.07;0.40;3.12;9154.54;346;220.51;0.37;2.41;11335.47;438;-546.07;-0.98;-4.82;8486.06;322;353.21;0.47;4.16;9158.03;347;-1359.93;-2.58;-14.85;7792.21;284;-538.33;-0.61;-6.91;11152.14;366;249.74;0.34;2.24;3469.37;103;296.40;0.40;8.54;23106.49;821;-98.17;-0.12;-0.42;12751.46;454;5.25;0.01;0.04;15725.65;565;436.04;0.55;2.77;20827.65;730;959.59;1.47;4.61;17321.72;597;424.60;0.39;2.45;18431.45;615;589.41;0.58;3.20;23630.40;760;1361.52;2.14;5.76;13977.76;424;590.86;0.93;4.23;19544.88;561;786.80;1.11;4.03;20083.09;561;754.63;1.17;3.76;8643.28;221;636.55;0.83;7.36;14139.97;366;232.19;0.30;1.64;10036.01;253;442.87;0.69;4.41;22291.05;595;632.49;0.80;2.84;7935.79;206;386.81;0.46;4.87;14306.34;366;317.88;0.44;2.22;6595.01;154;305.64;0.40;4.63;5770.58;127;453.88;0.64;7.87;15989.13;377;417.52;0.59;2.61;8650.72;194;454.93;0.79;5.26;10695.59;251;326.47;0.44;3.05;15884.15;385;616.27;0.72;3.88;10537.22;238;456.11;0.61;4.33;18508.56;444;531.12;0.74;2.87;19528.75;485;449.50;0.63;2.30;15095.96;364;338.78;0.47;2.24;7060.08;162;205.17;0.25;2.91;11686.78;277;325.82;0.46;2.79;16553.53;407;481.52;0.62;2.91;11666.65;295;504.99;0.73;4.33;11136.09;291;354.87;0.51;3.19;11615.04;316;328.50;0.54;2.83;15070.15;434;106.72;0.18;0.71;7810.64;211;195.31;0.34;2.57;8852.51;249;253.03;0.39;2.86;12523.88;352;441.01;0.73;3.52;12537.84;379;362.80;0.57;2.89;4091.54;116;370.64;0.61;9.06;7593.78;222;416.54;0.56;5.49;5389.23;162;294.73;0.50;5.47;8593.64;276;363.96;0.62;4.24
4969;ROYCO SOUP BROWN ONION;5;20604.94;3 429;2995.61;0.09;16.72;388.75;65;80.26;0.09;23.74;251.58;42;51.29;0.09;23.45;1046.34;224;36.47;0.07;4.01;293.51;49;59.84;0.08;23.45;376.77;63;63.12;0.12;19.26;1085.11;227;137.28;0.15;14.55;887.20;182;103.07;0.14;13.36;373.43;65;61.83;0.08;19.04;723.95;133;99.71;0.12;15.84;366.66;54;79.50;0.11;24.93;407.40;60;88.33;0.11;24.93;278.05;41;60.07;0.09;24.84;122.22;18;26.50;0.02;24.93;338.31;49;77.01;0.08;26.18;985.76;180;105.50;0.17;12.31;774.63;97;220.11;0.35;32.68;961.40;163;155.91;0.22;18.65;825.56;152;83.34;0.13;11.61;1034.13;192;97.65;0.13;10.86;537.53;77;113.33;0.15;24.24;215.99;31;45.26;0.07;24.10;384.11;55;81.09;0.10;24.28;481.26;69;101.18;0.12;24.18;251.64;36;53.27;0.07;24.34;200.23;27;37.46;0.05;21.51;226.78;32;38.89;0.05;19.72;319.33;53;29.99;0.04;10.80;150.80;22;24.48;0.04;18.67;271.91;47;17.28;0.02;7.31;879.56;148;71.00;0.08;9.28;544.15;91;34.01;0.05;7.19;481.15;74;58.80;0.08;14.05;355.44;51;60.65;0.09;19.62;286.24;41;49.19;0.07;19.76;459.37;63;82.29;0.10;20.60;351.29;47;63.81;0.09;20.89;149.80;20;27.43;0.04;21.06;222.87;33;24.92;0.04;12.86;350.73;54;43.98;0.06;14.42;511.17;81;56.61;0.09;12.73;187.48;29;21.27;0.04;13.05;314.44;59;18.70;0.03;6.84;104.86;14;19.20;0.03;21.06;173.43;29;12.60;0.02;8.36;74.90;10;13.71;0.02;21.06;52.43;7;9.60;0.02;21.06;127.33;17;23.31;0.03;21.06;208.98;28;37.75;0.06;20.78;208.98;28;37.75;0.06;20.78
5021;HULETTS SUGAR WHITE;5;1222646.99;22 640;31003.29;0.88;2.92;1823.05;35;251.28;0.30;15.85;2742.69;51;297.56;0.49;12.48;2583.42;48;281.86;0.51;12.55;2051.62;38;228.71;0.31;12.82;1565.71;29;174.54;0.33;12.82;1185.08;22;130.06;0.15;12.62;831.95;15;83.02;0.11;11.48;1748.67;33;127.91;0.17;8.41;580.24;11;40.33;0.05;7.99;1534.06;29;110.10;0.15;8.25;26657.13;587;421.75;0.53;1.82;33267.50;720;752.63;1.15;2.60;64861.44;1 406;1419.66;1.32;2.52;20014.19;406;1012.78;1.00;5.82;17475.23;347;-200.26;-0.31;-1.32;9270.04;141;1649.93;2.61;20.47;64972.81;1 419;1169.55;1.64;2.07;1757.42;28;206.05;0.32;13.48;40767.85;815;494.83;0.64;1.40;26750.17;468;1691.88;2.19;7.27;31078.62;561;690.83;1.08;2.56;25300.19;466;-3.98;-0.01;-0.02;3020.37;48;359.89;0.43;13.70;26895.07;504;846.38;1.18;3.62;38416.82;728;1287.11;1.68;3.85;25463.27;448;1172.89;1.66;5.30;44706.25;835;707.77;1.00;1.82;32816.95;585;380.66;0.66;1.33;27229.04;476;874.96;1.18;3.70;61065.30;1 070;1784.91;2.09;3.36;28725.01;509;694.86;0.93;2.78;13808.26;234;614.40;0.85;5.12;46260.78;822;1047.43;1.47;2.60;53628.27;928;1142.39;1.57;2.45;8293.10;130;642.79;0.79;8.91;9571.29;161;493.27;0.70;5.93;6421.01;99;531.49;0.68;9.52;31267.35;540;1789.60;2.58;6.58;18669.79;321;1074.38;1.53;6.62;32356.00;575;716.27;1.18;2.55;35235.86;664;117.29;0.20;0.38;6359.27;98;498.70;0.87;9.02;27331.23;467;261.33;0.40;1.10;49457.09;861;314.61;0.52;0.73;64920.55;1 185;717.23;1.13;1.27;24000.59;416;479.86;0.78;2.30;56893.24;1 026;-263.93;-0.35;-0.53;35105.64;611;1007.84;1.70;3.30;35910.51;624;677.88;1.15;2.17
5025;HULETTS SUGAR WHITE;5;105708.57;3 212;20193.58;0.58;21.97;1840.62;68;360.10;0.43;22.50;2041.87;73;384.95;0.64;21.68;2513.50;90;471.22;0.85;21.56;2513.50;90;471.22;0.63;21.56;2152.43;77;404.89;0.77;21.63;2881.57;103;543.65;0.61;21.70;2435.16;84;477.38;0.66;22.54;2664.18;92;520.32;0.69;22.46;1998.86;69;390.87;0.49;22.49;2180.82;73;448.96;0.60;23.67;1852.22;58;422.56;0.53;26.24;1919.40;60;440.01;0.67;26.36;1594.70;50;362.50;0.34;26.14;1468.34;46;334.56;0.33;26.20;2108.14;66;481.23;0.76;26.25;2912.49;91;665.45;1.05;26.28;1676.02;48;324.46;0.46;22.26;2862.18;82;553.39;0.86;22.23;3285.56;94;638.31;0.83;22.34;3700.19;106;715.62;0.93;22.24;2580.51;74;497.28;0.78;22.16;1819.48;52;354.79;0.45;22.42;2608.50;75;498.02;0.59;21.96;1885.96;54;365.39;0.51;22.28;2164.13;62;418.45;0.55;22.24;2512.28;72;485.16;0.69;22.21;2898.92;83;535.12;0.76;21.23;2869.18;82;527.38;0.92;21.14;2793.95;80;509.95;0.69;20.99;1854.47;53;340.87;0.40;21.14;1779.24;51;323.44;0.43;20.91;1674.27;48;304.15;0.42;20.89;2795.70;80;511.48;0.72;21.04;3100.11;89;560.23;0.77;20.78;2688.98;77;490.66;0.60;20.98;2339.08;67;426.34;0.60;20.96;2445.80;70;447.16;0.58;21.03;1790.02;62;190.11;0.27;12.21;1461.59;41;274.72;0.39;21.62;2239.51;59;450.10;0.74;23.11;1589.88;42;316.63;0.55;22.90;1707.65;45;342.90;0.60;23.09;1441.72;38;289.31;0.44;23.08;1667.76;44;333.59;0.55;23.00;1743.74;46;348.91;0.55;23.01;1128.26;34;118.24;0.19;12.05;1186.62;38;157.10;0.21;15.23;1106.63;37;168.73;0.28;17.53;1232.88;37;195.72;0.33;18.26
5345;SPAR MILK L/L F/CREAM;5;4747926.86;309 803;452397.33;12.91;9.53;98660.73;7 968;21152.58;24.99;21.44;128552.11;10 309;3625.77;6.01;2.82;109759.66;8 429;4365.56;7.85;3.98;93086.33;6 626;20907.18;27.89;22.46;116082.58;8 217;9603.60;18.19;8.27;134519.31;9 680;45920.13;51.68;34.14;107830.80;7 705;20530.76;28.20;19.04;128846.69;9 364;26927.96;35.90;20.90;123581.24;9 216;24380.27;30.51;19.73;115676.31;8 751;15783.26;21.07;13.64;102654.85;6 971;17339.44;21.81;16.89;89496.69;5 826;953.74;1.46;1.07;106528.45;6 725;22725.27;21.10;21.33;69673.38;4 020;16770.36;16.49;24.07;76125.13;4 687;1653.46;2.60;2.17;123783.75;7 940;4244.96;6.71;3.43;121047.53;7 482;4165.43;5.86;3.44;126112.84;7 796;5857.63;9.07;4.64;85064.07;5 023;6956.28;9.06;8.18;75641.10;4 365;5261.49;6.81;6.96;133942.20;8 480;340.29;0.53;0.25;88283.58;5 167;7636.18;9.63;8.65;75490.00;4 395;5202.32;6.16;6.89;59877.99;3 721;3723.60;5.21;6.22;64177.69;3 859;4803.85;6.26;7.49;94854.53;5 966;5901.60;8.34;6.22;57959.77;3 523;4382.38;6.19;7.56;40527.48;2 122;4977.84;8.65;12.28;83089.85;4 995;3406.18;4.61;4.10;147554.37;9 263;9082.44;10.62;6.16;85067.53;5 258;5305.98;7.13;6.24;104088.29;6 556;5930.04;8.25;5.70;128420.08;8 211;5910.65;8.31;4.60;116419.50;7 520;6459.35;8.89;5.55;98729.06;6 249;6481.62;7.98;6.57;90258.44;5 591;6841.21;9.66;7.58;115761.71;7 354;10256.72;13.20;8.86;107713.24;6 853;6967.13;10.06;6.47;110464.58;6 982;8347.10;11.88;7.56;61048.76;3 579;6982.49;11.49;11.44;58324.06;3 404;5306.24;9.16;9.10;76200.23;4 647;4857.51;8.49;6.37;76825.54;4 701;5786.87;8.83;7.53;71953.15;4 475;5419.76;9.02;7.53;133170.48;8 632;7175.83;11.35;5.39;87485.85;5 630;5528.29;9.04;6.32;95459.00;6 030;7476.27;10.04;7.83;66679.32;4 123;6419.61;10.81;9.63;85377.03;5 417;6362.84;10.77;7.45
5346;SPAR MILK L/L LOW FAT;5;753778.81;48 368;71591.53;2.04;9.50;17639.15;1 418;4534.26;5.36;25.71;21504.07;1 713;575.72;0.95;2.68;17550.41;1 334;795.32;1.43;4.53;15900.20;1 133;3893.00;5.19;24.48;10114.29;691;1008.68;1.91;9.97;11198.51;776;1848.90;2.08;16.51;17929.14;1 282;3330.79;4.57;18.58;20008.77;1 454;3386.88;4.51;16.93;20561.23;1 516;5721.70;7.16;27.83;17379.95;1 311;2281.27;3.05;13.13;19091.81;1 278;3194.32;4.02;16.73;15992.00;1 030;340.29;0.52;2.13;18356.36;1 154;3684.82;3.42;20.07;13800.78;789;2924.14;2.88;21.19;14885.26;919;303.79;0.48;2.04;18468.43;1 182;583.19;0.92;3.16;16590.30;1 025;878.75;1.24;5.30;16830.52;1 033;856.35;1.33;5.09;18818.28;1 097;1640.17;2.14;8.72;14973.21;839;1444.09;1.87;9.64;22503.47;1 353;649.84;1.02;2.89;13030.61;754;1255.23;1.58;9.63;15935.87;918;1189.75;1.41;7.47;9894.52;598;671.93;0.94;6.79;13329.41;775;1300.12;1.69;9.75;12843.29;786;1541.42;2.18;12.00;10066.68;597;1569.72;2.22;15.59;9264.19;486;1122.28;1.95;12.11;12594.96;744;-1141.23;-1.54;-9.06;22461.37;1 418;1296.82;1.52;5.77;19344.52;1 193;342.16;0.46;1.77;23758.44;1 491;701.27;0.98;2.95;24157.77;1 559;832.62;1.17;3.45;12620.78;797;958.64;1.32;7.60;14615.48;885;1396.19;1.72;9.55;6902.81;414;680.83;0.96;9.86;16115.21;979;1832.57;2.36;11.37;18573.64;1 179;1146.18;1.65;6.17;12148.50;765;782.87;1.11;6.44;11155.24;646;1249.23;2.06;11.20;10781.83;617;1154.82;1.99;10.71;11500.20;675;930.13;1.63;8.09;11753.88;707;793.20;1.21;6.75;13753.33;852;1046.09;1.74;7.61;13610.59;846;1067.58;1.69;7.84;15149.16;964;1111.33;1.82;7.34;12367.46;774;956.43;1.28;7.73;11679.72;718;933.93;1.57;8.00;14273.21;904;993.16;1.68;6.96
5347;SPAR MILK UHT FAT FREE;5;81288.52;5 093;8736.63;0.25;10.75;3344.49;272;411.22;0.49;12.30;1669.17;128;67.71;0.11;4.06;2194.88;162;129.60;0.23;5.90;2438.68;172;614.15;0.82;25.18;929.56;64;98.12;0.19;10.56;701.85;47;149.89;0.17;21.36;1962.76;138;262.36;0.36;13.37;1305.66;93;251.70;0.34;19.28;1335.95;98;334.83;0.42;25.06;1163.60;86;72.71;0.10;6.25;2070.01;139;428.85;0.54;20.72;1659.39;106;60.31;0.09;3.63;1996.97;125;429.94;0.40;21.53;2328.06;132;372.14;0.37;15.98;2258.22;138;67.97;0.11;3.01;1791.03;112;87.94;0.14;4.91;2101.18;127;116.45;0.16;5.54;3129.95;190;152.12;0.24;4.86;1868.94;106;202.26;0.26;10.82;1582.56;89;154.41;0.20;9.76;2035.05;125;98.31;0.15;4.83;1108.72;63;117.22;0.15;10.57;1570.56;89;153.34;0.18;9.76;1361.52;78;147.38;0.21;10.82;1303.98;74;149.82;0.20;11.49;1681.57;96;231.58;0.33;13.77;1686.54;101;173.50;0.25;10.29;1269.59;66;163.90;0.28;12.91;2589.29;146;271.31;0.37;10.48;2046.79;121;212.37;0.25;10.38;1632.61;99;73.34;0.10;4.49;1286.77;78;97.74;0.14;7.60;1619.65;99;142.73;0.20;8.81;2454.53;157;157.07;0.22;6.40;1672.99;101;170.97;0.21;10.22;1199.63;72;133.51;0.19;11.13;772.78;47;86.03;0.11;11.13;977.73;58;96.81;0.14;9.90;544.90;35;33.62;0.05;6.17;1338.53;77;160.15;0.26;11.96;1404.73;77;192.87;0.33;13.73;1811.76;104;183.14;0.32;10.11;1371.64;81;126.73;0.19;9.24;1853.53;112;176.58;0.29;9.53;1921.57;118;160.86;0.25;8.37;1407.67;88;124.66;0.20;8.86;1101.74;66;117.28;0.16;10.65;1243.64;71;161.49;0.27;12.98;1185.60;70;157.65;0.27;13.30
5348;SPAR MILK L/L F/CREAM;5;55300.47;4 095;13343.21;0.38;24.13;787.71;79;166.62;0.20;21.15;548.95;55;104.72;0.17;19.08;809.19;81;139.35;0.25;17.22;357.64;36;59.93;0.08;16.76;489.01;49;83.80;0.16;17.14;39.96;4;6.88;0.01;17.22;503.27;44;117.43;0.16;23.33;745.71;65;175.71;0.23;23.56;697.46;61;162.54;0.20;23.30;389.52;34;91.37;0.12;23.46;458.46;40;107.69;0.14;23.49;503.84;44;118.00;0.18;23.42;1576.73;125;387.82;0.36;24.60;1435.44;111;354.80;0.35;24.72;711.85;55;176.40;0.28;24.78;1221.06;94;305.92;0.48;25.05;905.40;70;227.28;0.32;25.10;556.62;43;140.06;0.22;25.16;954.76;74;234.89;0.31;24.60;841.10;65;189.71;0.25;22.55;789.14;61;177.83;0.28;22.54;517.65;40;116.79;0.15;22.56;660.54;51;149.45;0.18;22.63;1024.91;79;233.22;0.33;22.76;1440.59;111;328.21;0.43;22.78;688.47;53;157.34;0.22;22.85;629.44;46;152.54;0.22;24.23;2124.38;152;529.96;0.92;24.95;781.34;56;193.92;0.26;24.82;2238.40;160;560.06;0.65;25.02;628.15;45;156.12;0.21;24.85;2558.77;183;639.17;0.89;24.98;865.98;62;215.62;0.30;24.90;1006.58;72;251.33;0.35;24.97;1508.82;108;375.94;0.46;24.92;474.96;34;118.31;0.17;24.91;2013.16;144;502.66;0.65;24.97;1158.37;83;287.73;0.42;24.84;1522.81;109;379.44;0.54;24.92;1502.94;106;375.09;0.62;24.96;1854.26;124;454.67;0.78;24.52;1840.77;123;452.47;0.79;24.58;1841.52;123;453.22;0.69;24.61;1914.97;128;470.23;0.78;24.56;1975.68;132;485.80;0.77;24.59;1993.67;133;492.50;0.81;24.70;3609.59;241;889.42;1.19;24.64;1256.91;84;308.80;0.52;24.57;344.02;23;84.42;0.14;24.54
5468;SPAR SHREDDED TUNA WATER;5;225634.27;11 411;20182.40;0.58;10.29;6854.27;420;338.47;0.40;5.68;3098.45;155;535.07;0.89;19.86;4431.45;255;284.56;0.51;7.38;2190.73;127;116.85;0.16;6.13;1518.24;76;226.36;0.43;17.15;2532.73;127;374.49;0.42;17.00;3244.29;171;137.44;0.19;4.87;3660.11;189;99.45;0.13;3.12;3625.40;180;228.14;0.29;7.24;3315.03;177;190.31;0.25;6.60;2990.64;136;369.31;0.46;14.20;2612.42;138;168.20;0.26;7.40;4296.42;238;180.49;0.17;4.83;3684.25;195;285.69;0.28;8.92;3732.85;215;97.76;0.15;3.01;2054.97;103;232.74;0.37;13.02;1887.84;86;307.83;0.43;18.75;1674.06;84;159.97;0.25;10.99;3296.10;160;393.23;0.51;13.72;6668.45;368;469.42;0.61;8.10;4936.26;254;464.48;0.73;10.82;6736.91;383;223.82;0.28;3.82;4928.69;245;642.78;0.76;15.00;3195.59;152;481.13;0.67;17.31;4738.69;236;346.21;0.45;8.40;2915.04;121;577.79;0.82;22.79;6175.91;314;483.07;0.68;9.00;3283.66;174;97.21;0.17;3.40;3929.84;193;430.84;0.58;12.61;4827.90;210;821.67;0.96;19.57;5233.67;228;815.98;1.10;17.93;4524.09;231;275.91;0.38;7.01;4958.82;228;568.58;0.80;13.19;5984.49;311;337.80;0.46;6.49;4471.55;195;669.11;0.82;17.21;4770.65;220;615.00;0.87;14.83;7929.01;399;802.06;1.03;11.63;7101.18;411;212.84;0.31;3.45;6444.57;342;301.67;0.43;5.38;4842.79;255;260.45;0.43;6.18;3597.93;157;536.77;0.93;17.16;4793.51;237;441.91;0.77;10.60;4715.47;228;475.81;0.73;11.60;4988.64;246;431.13;0.72;9.94;9722.14;498;620.76;0.98;7.34;7434.92;378;361.07;0.59;5.58;8047.64;351;1203.39;1.62;17.20;5701.51;249;847.17;1.43;17.09;7334.50;365;640.21;1.08;10.04
5474;SPAR SMOKED MUSSELS;5;92477.48;4 512;13180.61;0.38;16.39;2782.50;160;492.22;0.58;20.34;2277.85;115;452.60;0.75;22.85;2198.90;110;450.38;0.81;23.55;1217.39;61;248.02;0.33;23.43;1793.10;90;363.28;0.69;23.30;1296.35;65;263.53;0.30;23.38;1599.20;80;327.55;0.45;23.55;1899.05;95;388.97;0.52;23.55;5404.68;332;279.56;0.35;5.95;6188.28;372;422.09;0.56;7.84;1057.47;53;215.26;0.27;23.41;1419.29;71;290.70;0.45;23.55;1438.28;72;293.93;0.27;23.50;1198.40;60;244.79;0.24;23.49;1653.17;83;334.62;0.53;23.28;1314.34;66;265.88;0.42;23.26;1231.40;60;262.63;0.37;24.53;1236.31;59;267.63;0.41;24.89;1888.05;90;410.11;0.53;24.98;1510.23;72;327.91;0.42;24.97;3292.24;176;456.06;0.71;15.93;7648.79;421;897.19;1.13;13.49;1528.07;73;329.74;0.39;24.82;1463.24;66;289.11;0.40;22.72;1519.39;61;242.25;0.32;18.34;1274.49;51;206.17;0.29;18.60;1224.51;49;198.08;0.28;18.60;1274.49;51;206.17;0.36;18.60;674.73;27;109.15;0.15;18.60;174.93;7;28.30;0.03;18.60;0.00;0;0.00;0.00;0.00;0.00;0;0.00;0.00;0.00;673.48;27;108.06;0.15;18.45;6019.87;288;289.57;0.40;5.53;1621.85;65;260.59;0.32;18.48;1073.32;43;172.74;0.24;18.51;1271.99;51;204.00;0.26;18.44;1072.07;43;171.66;0.25;18.41;847.16;34;135.27;0.19;18.36;648.49;26;104.02;0.17;18.45;997.10;40;159.53;0.28;18.40;1349.46;54;218.30;0.38;18.60;1120.80;45;178.65;0.27;18.33;1147.04;46;183.78;0.31;18.43;3280.53;147;249.36;0.39;8.74;5984.58;267;470.01;0.77;9.03;1947.97;78;296.70;0.40;17.52;1195.77;48;179.99;0.30;17.31;1546.88;62;234.53;0.40;17.44
5476;SPAR SHREDDED TUNA-OIL;5;196121.48;10 341;13452.01;0.38;7.89;5334.08;329;260.96;0.31;5.63;1737.13;87;299.29;0.50;19.81;3552.91;209;169.58;0.30;5.49;3210.21;179;257.62;0.34;9.23;2293.85;115;339.48;0.64;17.02;1711.14;86;250.17;0.28;16.81;5166.23;277;133.83;0.18;2.98;3412.25;175;138.35;0.18;4.66;3083.31;149;264.59;0.33;9.87;5964.50;330;247.14;0.33;4.77;2827.91;129;342.65;0.43;13.93;5667.74;316;233.51;0.36;4.74;7121.42;408;186.81;0.17;3.02;6319.85;355;264.09;0.26;4.81;6155.22;358;122.08;0.19;2.28;2567.73;137;187.34;0.30;8.39;2128.63;97;346.61;0.49;18.73;1996.00;100;192.59;0.30;11.10;1577.78;72;255.33;0.33;18.61;6223.89;351;359.95;0.47;6.65;4110.78;212;388.23;0.61;10.86;10570.59;607;261.32;0.33;2.84;3851.74;212;315.45;0.37;9.42;2779.25;146;300.82;0.42;12.45;4707.40;235;324.96;0.42;7.94;1804.09;76;347.69;0.49;22.16;4698.87;248;245.42;0.35;6.01;3447.18;182;121.44;0.21;4.05;2998.66;157;236.81;0.32;9.08;1781.50;80;280.54;0.33;18.11;2214.83;97;331.54;0.45;17.21;4272.63;219;137.59;0.19;3.70;2914.73;137;290.33;0.41;11.45;7125.27;383;259.03;0.36;4.18;3185.26;139;475.08;0.58;17.15;3010.53;145;328.01;0.46;12.53;6395.82;354;400.74;0.52;7.21;5944.32;346;185.03;0.27;3.58;4000.41;217;153.93;0.22;4.42;3952.77;212;175.04;0.29;5.09;1651.83;72;247.75;0.43;17.25;3716.41;185;329.51;0.58;10.20;2563.14;127;231.58;0.35;10.39;3104.02;153;269.62;0.45;9.99;5317.12;276;298.88;0.47;6.46;6856.46;354;273.09;0.45;4.58;4204.87;183;635.32;0.85;17.38;3054.22;133;460.19;0.77;17.33;3835.00;195;295.10;0.50;8.85
5583;SPAR PILCHARDS IN TOMATO;5;322495.84;14 497;19612.34;0.56;6.08;7008.24;356;473.54;0.56;6.76;1676.90;70;286.64;0.48;17.09;8172.63;417;106.68;0.19;1.31;6255.83;294;465.06;0.62;7.43;7360.80;345;670.61;1.27;9.11;7421.83;344;685.58;0.77;9.24;6336.30;291;631.37;0.87;9.96;5839.97;283;254.23;0.34;4.35;13311.02;658;333.52;0.42;2.51;8977.28;432;448.84;0.60;5.00;11874.39;561;792.04;1.00;6.67;11646.95;545;840.80;1.29;7.22;12111.46;574;719.58;0.67;5.94;11358.95;547;431.90;0.42;3.80;9293.53;407;537.34;0.84;5.78;9054.98;414;391.79;0.62;4.33;3430.68;132;535.87;0.75;15.62;9814.67;433;377.59;0.58;3.85;3892.23;177;75.61;0.10;1.94;6105.48;272;228.27;0.30;3.74;8434.25;375;332.12;0.52;3.94;7669.08;345;218.62;0.28;2.85;6677.00;300;197.82;0.23;2.96;3300.81;153;72.33;0.10;2.19;6684.46;307;336.19;0.44;5.03;2515.83;97;388.58;0.55;15.45;4150.92;172;490.59;0.69;11.82;7810.58;340;475.22;0.83;6.08;1013.61;39;160.94;0.22;15.88;6724.28;283;473.50;0.55;7.04;6825.64;279;745.12;1.00;10.92;5413.92;238;260.97;0.36;4.82;6823.90;280;736.58;1.04;10.79;4575.75;195;284.22;0.39;6.21;9262.20;409;519.13;0.64;5.60;8208.63;358;456.95;0.65;5.57;8114.58;347;572.44;0.74;7.05;5961.36;244;502.71;0.73;8.43;4475.81;197;251.05;0.36;5.61;4306.57;186;240.76;0.40;5.59;4225.84;181;126.13;0.22;2.98;4070.84;172;155.54;0.27;3.82;2332.68;97;120.31;0.18;5.16;2290.02;99;122.72;0.20;5.36;3796.50;163;220.31;0.35;5.80;4910.96;204;366.20;0.60;7.46;7663.51;314;851.62;1.14;11.11;7036.27;303;352.82;0.59;5.01;6275.92;268;293.96;0.50;4.68
5690;F&M MACARONI;5;206635.06;13 034;8314.88;0.24;4.63;485.73;27;88.14;0.10;20.87;215.88;12;39.17;0.06;20.87;377.79;21;68.56;0.12;20.87;611.66;34;111.00;0.15;20.87;549.70;30;94.60;0.18;19.79;599.70;30;89.96;0.10;17.25;1961.75;111;110.19;0.15;6.46;436.78;22;63.36;0.08;16.68;6954.74;455;-138.77;-0.17;-2.29;659.67;33;98.96;0.13;17.25;10339.72;680;-641.64;-0.81;-7.14;1399.30;70;209.91;0.32;17.25;8049.12;508;-233.19;-0.22;-3.33;1499.25;75;224.90;0.22;17.25;1323.26;74;189.17;0.30;16.44;879.56;44;206.18;0.33;26.96;776.61;39;180.14;0.25;26.68;1337.33;67;312.22;0.48;26.85;7671.47;494;205.46;0.27;3.08;498.75;25;116.28;0.15;26.81;4277.38;262;168.66;0.26;4.53;15410.39;961;332.33;0.42;2.48;5320.69;331;116.93;0.14;2.53;6322.10;415;191.75;0.27;3.49;879.56;44;206.18;0.27;26.96;5971.61;389;220.71;0.31;4.25;2629.58;167;133.62;0.19;5.84;3441.03;222;134.70;0.23;4.50;11059.23;727;305.15;0.41;3.17;3680.67;233;204.02;0.24;6.37;3197.99;201;183.22;0.25;6.59;4904.82;318;170.30;0.24;3.99;6657.18;447;269.47;0.38;4.65;9057.04;603;186.51;0.26;2.37;6368.32;418;165.41;0.20;2.99;4214.24;276;115.45;0.16;3.15;5122.43;332;170.72;0.22;3.83;3906.48;252;144.34;0.21;4.25;8629.32;568;221.36;0.32;2.95;4187.37;263;256.09;0.42;7.03;639.68;32;143.48;0.25;25.79;6671.08;412;185.73;0.32;3.20;5139.85;315;1011.96;1.54;22.64;3113.15;185;693.63;1.15;25.62;6602.62;430;-15.84;-0.03;-0.28;2170.44;127;156.55;0.26;8.29;5579.55;345;204.10;0.27;4.21;7333.77;445;390.10;0.66;6.12;7519.72;463;253.68;0.43;3.88
5691;F&M SPAGHETTI;5;171567.54;10 755;10469.15;0.30;7.02;591.87;33;179.54;0.21;34.88;699.81;39;212.47;0.35;34.91;521.71;29;159.15;0.29;35.08;323.82;18;98.78;0.13;35.08;260.96;14;84.75;0.16;37.35;159.92;8;57.82;0.07;41.58;1472.79;83;163.23;0.22;12.75;618.69;31;223.17;0.30;41.48;5864.61;378;727.37;0.91;14.26;558.72;28;201.49;0.27;41.47;8039.52;520;-153.12;-0.19;-2.19;1039.48;52;375.81;0.58;41.58;5965.31;375;1378.92;1.28;26.58;799.60;40;289.09;0.28;41.58;1500.16;84;278.62;0.44;21.36;659.67;33;154.63;0.24;26.96;1355.32;68;315.16;0.44;26.74;856.57;43;198.89;0.31;26.70;6744.44;431;248.24;0.32;4.23;599.70;30;140.58;0.18;26.96;4148.46;254;165.61;0.26;4.59;11860.59;741;233.29;0.29;2.26;7939.08;492;207.42;0.25;3.00;5516.39;361;181.77;0.25;3.79;659.67;33;154.63;0.20;26.96;4684.93;307;149.49;0.21;3.67;2171.15;135;141.89;0.20;7.52;2911.65;185;143.52;0.25;5.67;9077.84;591;322.22;0.44;4.08;2578.38;162;151.87;0.18;6.77;2597.39;161;173.35;0.23;7.68;3521.69;231;94.81;0.13;3.10;7394.29;502;249.04;0.35;3.87;7167.65;478;139.02;0.19;2.23;5976.57;393;148.19;0.18;2.85;3039.29;196;110.71;0.16;4.19;4969.29;321;175.78;0.23;4.07;2832.19;181;125.66;0.18;5.10;5460.39;361;122.05;0.17;2.57;2944.19;181;235.50;0.39;9.20;1101.40;55;224.67;0.39;23.46;4972.13;307;138.33;0.24;3.20;3472.91;209;171.11;0.26;5.67;2397.60;140;164.45;0.27;7.89;4576.60;294;33.65;0.05;0.85;1893.52;111;134.61;0.22;8.18;4453.27;273;191.23;0.26;4.94;6981.70;420;413.36;0.70;6.81;5634.66;343;237.34;0.40;4.84
5749;SEEPO COOKING SALT MED GREEN;5;37247.42;5 463;12505.73;0.36;38.61;586.93;111;142.72;0.17;27.96;623.96;118;151.73;0.25;27.97;449.13;85;109.01;0.20;27.91;687.18;130;166.96;0.22;27.94;872.59;165;212.26;0.40;27.97;813.88;154;197.64;0.22;27.93;565.25;107;137.12;0.19;27.90;660.99;125;160.75;0.21;27.97;602.80;114;146.58;0.18;27.96;624.22;118;151.96;0.20;28.00;595.12;88;188.97;0.24;36.52;615.23;77;230.75;0.35;43.13;854.13;107;319.95;0.30;43.08;822.57;103;308.31;0.30;43.10;822.97;103;308.66;0.48;43.13;1069.86;134;400.87;0.63;43.09;774.63;97;292.23;0.41;43.38;739.87;93;277.73;0.43;43.17;846.54;106;319.37;0.42;43.39;790.21;99;297.91;0.39;43.36;694.73;87;262.06;0.41;43.38;822.97;103;310.67;0.39;43.41;642.19;81;242.75;0.29;43.47;628.40;90;242.66;0.34;44.41;1005.86;144;388.62;0.51;44.43;997.12;143;384.39;0.54;44.33;1061.78;152;370.54;0.52;40.13;1061.08;152;361.74;0.63;39.21;920.93;132;313.68;0.42;39.17;908.00;130;309.81;0.36;39.24;1096.38;157;373.98;0.50;39.23;807.69;116;274.25;0.38;39.05;705.64;101;240.87;0.34;39.26;650.07;93;222.07;0.31;39.29;698.30;100;238.18;0.29;39.22;586.46;84;199.97;0.28;39.21;753.52;108;256.67;0.33;39.17;746.18;107;253.98;0.37;39.14;635.74;91;216.99;0.31;39.25;677.68;97;231.32;0.38;39.25;753.17;108;256.37;0.44;39.14;921.28;132;313.98;0.55;39.19;565.14;81;192.50;0.29;39.17;573.18;82;195.80;0.33;39.29;767.50;110;261.45;0.41;39.17;803.50;115;274.30;0.45;39.26;935.61;134;319.06;0.43;39.22;796.16;114;271.61;0.46;39.23;613.10;85;203.97;0.35;38.26
5780;SOUTHALLS TEA ROOIBOS;5;61533.95;4 055;14506.40;0.41;27.11;857.22;78;147.60;0.17;19.80;988.55;90;169.83;0.28;19.76;922.06;84;158.00;0.28;19.71;1164.39;106;200.11;0.27;19.76;1259.89;111;216.36;0.41;19.75;1029.94;86;178.19;0.20;19.90;1342.88;112;233.42;0.32;19.99;1139.05;95;197.99;0.26;19.99;1113.87;93;192.78;0.24;19.90;862.68;72;149.53;0.20;19.93;1079.10;90;187.57;0.24;19.99;1054.52;88;182.88;0.28;19.94;1389.64;116;240.71;0.22;19.92;1402.83;117;243.84;0.24;19.99;1764.39;116;481.08;0.76;31.36;2259.67;133;716.77;1.13;36.48;2089.77;123;668.58;0.94;36.79;1408.47;83;424.31;0.66;34.64;1919.87;113;485.34;0.63;29.07;1936.01;114;483.27;0.63;28.71;1222.43;72;304.95;0.48;28.69;1104.35;65;275.97;0.35;28.74;1136.63;67;282.98;0.33;28.63;1460.29;86;364.39;0.51;28.70;1596.21;94;398.36;0.52;28.70;1898.63;112;471.82;0.67;28.58;1189.30;70;297.20;0.42;28.74;1580.07;93;394.85;0.69;28.74;1324.37;78;330.43;0.45;28.69;1359.20;80;339.66;0.40;28.74;1902.03;112;474.78;0.64;28.71;1544.39;91;384.88;0.54;28.66;1325.22;78;331.17;0.47;28.74;934.45;55;233.51;0.32;28.74;882.63;52;220.04;0.27;28.67;1308.23;77;326.92;0.46;28.74;1206.29;71;301.45;0.39;28.74;1137.48;67;283.72;0.41;28.68;1205.44;71;300.71;0.43;28.69;1697.30;100;423.09;0.70;28.67;1558.83;92;386.91;0.67;28.54;796.83;47;198.07;0.35;28.59;900.47;53;225.02;0.34;28.74;900.47;53;222.99;0.37;28.48;881.78;52;201.64;0.32;26.30;458.73;27;105.47;0.17;26.44;525.84;31;120.35;0.16;26.32;712.73;42;163.32;0.27;26.35;798.53;47;183.59;0.31;26.44
5781;SOUTHALLS TEA ROOIBOS;5;102659.26;4 708;15509.54;0.44;17.37;1405.26;74;232.97;0.28;19.07;1652.13;87;273.90;0.45;19.07;2231.77;128;255.12;0.46;13.15;2277.85;120;376.96;0.50;19.03;1953.12;103;321.79;0.61;18.95;3035.25;170;368.77;0.42;13.97;2808.46;134;553.42;0.76;22.66;2118.94;101;418.97;0.56;22.74;1697.04;81;334.00;0.42;22.63;2141.93;107;356.42;0.48;19.14;1741.12;83;344.14;0.43;22.73;1888.05;90;373.24;0.57;22.73;1803.04;86;355.70;0.33;22.69;3052.42;158;432.42;0.43;16.29;3390.04;176;413.56;0.65;14.03;3669.27;153;831.55;1.31;26.06;2468.57;103;566.26;0.80;26.38;3341.58;162;386.50;0.60;13.30;2925.58;122;551.92;0.72;21.69;2541.74;106;473.97;0.61;21.44;3365.59;160;337.62;0.53;11.54;2790.67;133;275.32;0.35;11.35;1796.85;75;334.01;0.40;21.38;1434.60;60;264.70;0.37;21.22;1319.45;55;277.35;0.36;24.17;1318.34;66;201.20;0.28;17.55;2807.69;141;190.82;0.27;7.82;2647.84;111;429.38;0.75;18.65;2149.14;86;351.54;0.48;18.81;3628.08;167;372.32;0.44;11.80;2346.56;94;382.06;0.51;18.72;1841.76;74;295.96;0.41;18.48;2517.41;109;293.99;0.41;13.43;1926.61;84;219.55;0.30;13.10;1690.57;68;270.35;0.33;18.39;1399.44;56;228.91;0.32;18.81;1274.49;51;208.47;0.27;18.81;1122.05;45;181.77;0.26;18.63;2539.84;116;203.29;0.29;9.20;1946.72;78;316.66;0.52;18.71;1971.71;79;320.75;0.55;18.71;2656.49;126;145.83;0.25;6.31;1498.15;60;244.17;0.37;18.74;1249.50;50;204.38;0.34;18.81;1679.24;76;146.97;0.23;10.06;923.38;37;152.46;0.25;18.99;899.64;36;147.92;0.20;18.91;1074.57;43;175.77;0.30;18.81;699.72;28;114.45;0.19;18.81
5909;SPEKKO RICE PARBOILED;5;333358.60;9 635;14178.19;0.40;4.25;4552.26;164;238.24;0.28;5.23;5843.59;219;-253.64;-0.42;-4.34;2173.66;64;369.63;0.66;17.00;8601.07;323;257.35;0.34;2.99;1869.45;55;319.11;0.60;17.07;8784.66;334;190.95;0.21;2.17;7793.14;286;434.66;0.60;5.58;3555.67;110;380.39;0.51;10.70;2419.29;71;498.27;0.62;20.60;4629.32;168;228.67;0.31;4.94;1653.74;46;319.61;0.40;19.33;10664.29;371;375.45;0.57;3.52;12987.48;452;437.51;0.41;3.37;1303.64;36;219.30;0.22;16.82;1072.71;29;173.20;0.27;16.15;1615.57;43;262.70;0.42;16.26;12444.92;408;346.23;0.49;2.78;937.45;20;148.49;0.23;15.84;16303.11;454;537.91;0.70;3.30;1456.69;31;233.81;0.30;16.05;9489.62;238;349.86;0.55;3.69;899.82;18;184.87;0.23;20.54;11762.97;303;416.70;0.49;3.54;12283.19;321;278.72;0.39;2.27;4869.84;112;349.42;0.46;7.18;7477.71;184;373.68;0.53;5.00;19194.49;491;392.59;0.55;2.05;3734.11;89;255.03;0.44;6.83;18302.61;459;546.65;0.74;2.99;13189.37;313;470.32;0.55;3.57;2047.09;41;251.26;0.34;12.27;1894.62;38;230.19;0.32;12.15;21332.71;604;452.62;0.64;2.12;5443.69;131;259.95;0.36;4.78;14663.39;366;359.76;0.44;2.45;1249.75;25;154.73;0.22;12.38;1435.26;29;209.40;0.27;14.59;6135.84;166;290.14;0.42;4.73;10477.18;282;342.83;0.49;3.27;3675.59;105;72.52;0.12;1.97;5522.59;131;462.57;0.80;8.38;8114.95;255;-98.91;-0.17;-1.22;12863.72;428;581.49;0.89;4.52;2386.32;68;143.75;0.24;6.02;6470.00;200;188.23;0.30;2.91;6699.79;221;224.27;0.37;3.35;4640.57;143;195.17;0.26;4.21;3179.06;94;247.36;0.42;7.78;3261.04;96;275.18;0.47;8.44
5914;IMBO SPLIT PEAS;5;69452.16;3 450;12647.79;0.36;18.21;770.87;43;190.21;0.22;24.67;790.66;44;196.49;0.33;24.85;1252.10;70;306.83;0.55;24.51;949.50;50;232.33;0.31;24.47;3160.41;159;732.34;1.39;23.17;1035.48;52;238.23;0.27;23.01;638.68;32;148.06;0.20;23.18;499.75;25;116.46;0.16;23.30;554.72;28;125.43;0.16;22.61;876.56;44;201.96;0.27;23.04;676.66;34;155.38;0.20;22.96;757.62;38;175.01;0.27;23.10;1140.42;58;257.34;0.24;22.57;1275.55;65;265.49;0.26;20.81;2332.83;117;497.05;0.78;21.31;3070.46;154;654.14;1.03;21.30;2647.67;133;571.15;0.80;21.57;1770.11;89;380.56;0.59;21.50;199.90;10;29.37;0.04;14.69;618.69;31;90.05;0.12;14.55;759.62;38;111.61;0.17;14.69;229.90;10;52.43;0.07;22.81;390.83;17;89.13;0.11;22.81;666.71;29;152.05;0.21;22.81;1574.81;69;350.27;0.46;22.24;2267.96;99;511.01;0.72;22.53;2450.73;107;551.80;0.78;22.52;4528.66;219;764.28;1.33;16.88;5059.84;261;659.38;0.89;13.03;2889.68;142;461.02;0.54;15.95;1188.58;52;265.74;0.36;22.36;803.50;35;182.36;0.25;22.70;1169.04;51;263.94;0.37;22.58;480.49;21;107.80;0.15;22.44;436.81;19;99.62;0.12;22.81;1203.26;60;164.27;0.23;13.65;1888.17;93;277.09;0.36;14.67;1169.04;51;263.94;0.38;22.58;1511.59;66;340.29;0.48;22.51;4345.75;235;384.62;0.63;8.85;4784.19;281;216.94;0.37;4.53;1688.17;88;193.96;0.34;11.49;522.29;21;120.11;0.18;23.00;469.81;19;105.94;0.18;22.55;374.85;15;87.58;0.14;23.36;121.95;5;27.77;0.05;22.77;43.98;2;8.83;0.01;20.08;1391.32;68;265.71;0.45;19.10;21.99;1;4.42;0.01;20.08
5924;PASTA GRANDE SPAGHETTI;5;100634.55;6 693;6857.57;0.20;7.84;964.37;65;201.27;0.24;24.00;599.60;40;129.20;0.21;24.78;359.76;24;77.52;0.14;24.78;3451.28;289;121.55;0.16;4.05;3519.75;285;187.81;0.36;6.14;717.15;45;149.48;0.17;23.97;4115.14;301;396.13;0.54;11.07;1192.61;69;256.68;0.34;24.75;465.94;26;96.98;0.12;23.94;5289.04;396;234.09;0.31;5.09;1006.54;56;211.47;0.27;24.16;2031.07;113;426.74;0.65;24.16;3148.25;175;663.30;0.62;24.23;10676.29;781;247.26;0.24;2.66;10799.11;789;-108.74;-0.17;-1.16;1209.17;83;-80.97;-0.13;-7.70;413.79;21;76.81;0.11;21.35;1033.64;57;120.23;0.19;13.38;6215.94;406;182.75;0.24;3.38;3977.39;261;-150.71;-0.20;-4.36;779.61;39;136.31;0.21;20.11;699.65;35;122.33;0.15;20.11;479.76;24;83.88;0.10;20.11;19.99;1;3.50;0.00;20.11;299.85;15;52.43;0.07;20.11;838.58;42;145.93;0.21;20.01;4432.35;290;134.80;0.19;3.50;733.59;41;112.38;0.20;17.62;556.79;31;86.80;0.12;17.93;6119.77;398;259.75;0.30;4.88;5926.41;389;218.41;0.29;4.24;1206.63;79;133.04;0.19;12.68;1078.50;60;200.45;0.28;21.37;3393.91;209;329.63;0.45;11.17;3851.70;241;320.09;0.39;9.56;701.61;39;130.80;0.18;21.44;233.87;13;43.60;0.06;21.44;0.00;0;0.00;0.00;0.00;3504.71;229;132.06;0.19;4.33;579.70;30;125.04;0.21;24.81;439.80;20;121.53;0.21;31.78;152.83;7;34.14;0.06;25.69;582.63;37;28.56;0.04;5.64;772.56;44;51.07;0.08;7.60;297.86;14;61.51;0.10;23.75;329.85;15;75.22;0.12;26.22;329.85;15;75.22;0.10;26.22;755.62;38;120.98;0.20;18.41;350.74;16;79.27;0.13;25.99
5925;PASTA GRANDE MACARONI;5;132815.61;8 753;9916.28;0.28;8.59;1144.25;77;240.03;0.28;24.12;883.66;59;189.92;0.31;24.72;583.11;39;124.66;0.22;24.59;3195.21;267;118.94;0.16;4.28;5533.88;444;328.50;0.62;6.83;686.77;43;144.13;0.16;24.13;3719.44;271;370.25;0.51;11.45;1891.05;110;413.04;0.55;25.12;1508.46;84;316.04;0.40;24.09;4825.42;358;241.95;0.32;5.77;1763.02;98;371.45;0.47;24.23;1669.47;93;349.37;0.53;24.07;3345.24;186;704.21;0.65;24.21;14520.31;1 069;356.86;0.35;2.83;16567.91;1 209;-57.31;-0.09;-0.40;338.79;21;25.54;0.04;8.67;170.91;9;33.88;0.05;22.79;918.54;46;159.91;0.25;20.02;9558.78;622;303.30;0.40;3.65;3052.06;194;-8.47;-0.01;-0.32;1259.37;63;220.19;0.34;20.11;998.50;50;173.89;0.22;20.03;958.52;48;166.90;0.20;20.02;539.73;27;94.37;0.13;20.11;839.58;42;146.79;0.19;20.11;1838.08;92;320.68;0.45;20.06;7127.60;465;239.71;0.34;3.87;1393.22;78;212.69;0.37;17.56;1113.58;62;173.77;0.24;17.95;7405.78;482;317.05;0.37;4.92;7438.81;489;270.26;0.36;4.18;1567.08;98;222.34;0.31;16.32;1761.22;98;327.11;0.46;21.36;3267.96;204;276.34;0.38;9.72;4974.05;311;417.07;0.51;9.64;881.51;49;164.34;0.23;21.44;1097.39;61;204.59;0.26;21.44;593.67;33;110.68;0.16;21.44;6068.05;395;255.07;0.36;4.83;729.64;36;161.42;0.27;25.44;129.74;6;30.44;0.05;26.98;0.00;0;0.00;0.00;0.00;1538.03;97;82.08;0.13;6.14;1142.28;62;118.63;0.20;11.94;802.61;39;147.74;0.23;21.17;1077.51;49;245.71;0.40;26.22;307.86;14;70.20;0.09;26.22;87.96;4;20.06;0.03;26.22;0.00;0;0.00;0.00;0.00
5926;IMBO SUGAR BEANS;5;95342.53;3 691;18947.78;0.54;19.87;1631.14;71;347.18;0.41;21.28;1838.05;80;391.34;0.65;21.29;3168.02;138;672.44;1.21;21.23;1809.31;79;380.68;0.51;21.04;3023.28;157;189.27;0.36;6.26;1333.42;58;284.55;0.32;21.34;712.69;31;152.09;0.21;21.34;2404.05;113;369.95;0.49;15.39;848.33;37;179.23;0.22;21.13;1144.38;47;294.44;0.39;25.73;1175.58;42;416.06;0.52;35.39;811.71;29;287.28;0.44;35.39;1119.60;40;396.24;0.37;35.39;1735.38;62;614.18;0.60;35.39;3371.39;121;1183.24;1.86;35.10;4686.92;168;1648.82;2.61;35.18;5330.58;262;855.51;1.20;16.05;724.94;26;257.08;0.40;35.46;1017.84;36;374.58;0.49;36.80;724.75;25;311.01;0.40;42.91;289.90;10;70.92;0.11;24.46;1042.19;36;253.86;0.32;24.36;1707.51;59;415.52;0.49;24.33;1564.01;54;381.51;0.53;24.39;550.81;19;134.75;0.18;24.46;1591.55;55;387.15;0.55;24.33;4252.83;147;1033.81;1.46;24.31;6774.48;267;1176.15;2.04;17.36;7907.44;346;868.32;1.18;10.98;2087.56;79;318.02;0.37;15.23;1517.54;46;329.88;0.44;21.74;1218.98;37;263.69;0.37;21.63;1449.91;44;313.89;0.44;21.65;494.85;15;107.57;0.15;21.74;951.76;29;203.02;0.25;21.33;1317.95;40;285.21;0.40;21.64;951.76;29;203.02;0.26;21.33;1741.87;53;373.48;0.54;21.44;2075.07;63;448.50;0.64;21.61;5200.80;195;445.86;0.73;8.57;6220.11;255;241.86;0.42;3.89;1800.01;69;165.99;0.29;9.22;559.84;16;128.58;0.20;22.97;524.85;15;120.54;0.20;22.97;524.85;15;120.54;0.19;22.97;734.79;21;168.76;0.28;22.97;299.91;9;68.76;0.09;22.93;839.72;28;191.70;0.32;22.83;538.32;18;121.74;0.21;22.61
6150;AQULLE  WATER;5;97943.44;7 171;21638.11;0.62;25.41;2015.40;176;438.40;0.52;25.02;1562.07;136;342.86;0.57;25.24;1739.50;149;376.66;0.68;24.90;1473.82;118;323.74;0.43;25.26;1598.72;128;351.18;0.67;25.26;1423.86;114;312.77;0.35;25.26;1648.06;132;361.61;0.50;25.23;1747.97;140;383.55;0.51;25.23;1995.26;154;484.94;0.61;27.95;2260.26;174;553.03;0.74;28.14;2946.13;227;719.23;0.90;28.07;1880.95;145;458.60;0.70;28.04;2151.14;166;523.08;0.49;27.96;2090.09;161;510.58;0.50;28.09;1566.45;105;438.47;0.69;32.19;1019.32;68;287.29;0.45;32.41;1317.62;88;374.30;0.53;32.67;1293.92;108;217.52;0.34;19.33;1394.07;93;396.95;0.52;32.75;1571.70;105;446.21;0.58;32.65;1678.41;109;491.64;0.77;33.69;1870.83;117;570.52;0.72;35.07;1982.76;124;604.65;0.72;35.07;1740.51;109;529.42;0.74;34.98;1822.06;114;555.20;0.72;35.04;1456.26;94;412.41;0.58;32.57;1243.42;83;322.42;0.46;29.82;1123.50;75;291.28;0.51;29.81;912.89;61;236.13;0.32;29.75;1710.34;130;284.03;0.33;19.10;1858.01;124;451.67;0.61;27.96;1723.85;115;387.48;0.54;25.85;1903.73;127;427.91;0.60;25.85;3129.91;209;701.59;0.97;25.78;2978.51;199;666.59;0.82;25.74;2248.50;150;505.41;0.71;25.85;3220.62;288;283.80;0.37;10.13;1601.68;107;358.57;0.52;25.75;1274.15;85;286.40;0.41;25.85;1332.61;89;298.57;0.49;25.77;1033.56;69;231.84;0.40;25.80;3108.61;279;114.67;0.20;4.24;1888.74;126;424.54;0.65;25.85;3308.23;280;444.85;0.74;15.46;3083.79;248;470.08;0.74;17.53;4120.00;275;924.62;1.51;25.81;3417.72;228;768.22;1.03;25.85;2680.96;179;601.16;1.01;25.79;3792.97;291;691.44;1.17;20.96
6151;AQUELLE NATURAL SPARKLING;5;27851.90;3 517;6178.79;0.18;25.51;311.74;49;56.50;0.07;20.84;304.38;47;58.86;0.10;22.24;396.13;62;68.90;0.12;20.00;160.42;23;31.59;0.04;22.65;468.48;67;93.05;0.18;22.84;286.59;41;56.86;0.06;22.82;426.09;61;84.34;0.12;22.76;411.71;59;81.22;0.11;22.69;434.60;60;104.12;0.13;27.55;760.11;104;179.72;0.24;27.19;871.88;117;209.26;0.26;27.60;623.26;84;147.89;0.23;27.29;888.59;121;207.23;0.19;26.82;598.88;82;152.25;0.15;29.24;208.25;25;55.85;0.09;30.84;50.94;6;13.20;0.02;29.80;610.14;106;69.25;0.10;13.05;458.46;54;120.20;0.19;30.15;488.17;58;125.41;0.16;29.54;434.65;58;90.89;0.12;24.05;781.08;92;204.78;0.32;30.15;835.35;120;206.41;0.26;28.42;414.88;72;162.17;0.19;44.95;0.00;0;0.00;0.00;0.00;50.94;6;13.36;0.02;30.15;212.25;25;55.65;0.08;30.15;549.74;86;68.30;0.10;14.29;555.63;77;62.46;0.11;12.93;476.67;58;88.05;0.12;21.24;376.68;42;78.95;0.09;24.10;339.13;38;70.02;0.09;23.74;476.47;53;100.62;0.14;24.29;833.11;94;168.07;0.24;23.20;1130.04;126;236.86;0.33;24.10;824.12;93;169.13;0.21;23.60;907.09;101;205.91;0.29;26.11;1104.42;123;250.54;0.32;26.09;431.52;48;98.23;0.14;26.18;831.45;101;256.95;0.37;35.54;347.19;40;92.90;0.15;30.77;701.91;79;154.46;0.27;25.31;476.47;53;108.46;0.19;26.18;741.29;81;204.51;0.31;31.73;582.49;66;139.12;0.23;27.47;1047.61;119;224.23;0.35;24.61;1014.59;116;212.83;0.35;24.12;987.17;113;206.30;0.28;24.03;747.44;106;127.77;0.22;19.66;881.70;105;205.15;0.35;26.76
6152;AQUELLE NATURAL STILL;5;65430.14;4 785;14364.26;0.41;25.25;1137.51;99;249.95;0.30;25.27;631.95;55;138.86;0.23;25.27;947.69;81;206.27;0.37;25.03;674.46;54;148.15;0.20;25.26;636.99;51;139.92;0.27;25.26;511.47;41;111.95;0.13;25.17;549.56;44;120.72;0.17;25.26;622.63;50;135.55;0.18;25.04;1013.22;78;247.91;0.31;28.14;1246.39;96;304.56;0.41;28.10;1960.84;151;479.37;0.60;28.11;1610.76;124;394.12;0.60;28.14;1337.97;103;327.37;0.30;28.14;1286.01;99;314.66;0.31;28.14;1033.30;70;285.29;0.45;31.75;344.77;23;97.17;0.15;32.41;644.57;43;183.54;0.26;32.75;1105.05;95;167.25;0.26;17.41;1124.25;75;320.12;0.42;32.75;1421.80;95;403.53;0.52;32.64;1983.73;127;590.45;0.92;34.23;2078.70;130;633.91;0.80;35.07;1343.16;84;409.60;0.48;35.07;1471.08;92;448.61;0.63;35.07;1423.11;89;433.99;0.57;35.07;1343.19;89;233.95;0.33;20.03;1409.06;94;365.88;0.52;29.86;703.78;47;182.29;0.32;29.79;389.74;26;101.20;0.14;29.86;1286.50;98;210.80;0.25;18.84;689.54;46;161.27;0.22;26.90;749.50;50;168.47;0.23;25.85;884.41;59;198.79;0.28;25.85;1693.87;113;380.74;0.52;25.85;1034.31;69;232.49;0.29;25.85;1289.14;86;289.77;0.41;25.85;2906.85;265;225.95;0.29;8.94;1199.20;80;269.55;0.39;25.85;928.63;62;208.25;0.30;25.79;539.64;36;121.30;0.20;25.85;764.49;51;171.84;0.30;25.85;2559.14;213;329.37;0.58;14.80;1227.68;82;274.99;0.42;25.76;2554.11;211;396.29;0.66;17.84;2843.99;234;404.81;0.64;16.37;2353.43;157;528.99;0.87;25.85;2951.53;197;662.46;0.89;25.81;1858.76;124;417.80;0.70;25.85;3128.68;247;534.20;0.90;19.64
6153;AQUELLE NATURAL STILL;5;33740.63;4 255;7816.93;0.22;26.64;464.60;73;84.33;0.10;20.87;382.91;59;74.60;0.12;22.40;478.55;73;89.27;0.16;21.45;281.68;42;47.90;0.06;19.56;118.83;17;23.58;0.04;22.82;321.54;46;63.80;0.07;22.82;265.62;38;52.70;0.07;22.82;413.45;60;78.04;0.10;21.71;593.34;86;124.25;0.16;24.08;748.12;101;182.98;0.24;28.13;824.15;120;153.68;0.19;21.44;719.38;112;100.11;0.15;16.00;591.90;85;115.93;0.11;22.52;1226.61;164;318.85;0.31;29.89;713.09;91;151.08;0.24;24.36;457.59;56;107.70;0.17;27.07;764.93;122;115.71;0.16;17.40;421.09;51;103.17;0.16;28.18;144.33;17;37.84;0.05;30.15;343.75;47;68.05;0.09;22.76;390.12;46;102.03;0.16;30.08;945.89;125;343.80;0.43;41.80;628.73;91;383.21;0.45;70.09;0.00;0;0.00;0.00;0.00;67.92;8;17.81;0.02;30.15;322.62;38;84.58;0.12;30.15;355.22;53;52.73;0.07;17.07;759.61;109;65.00;0.11;9.84;282.71;34;53.70;0.07;21.84;735.83;82;154.50;0.18;24.15;315.72;36;61.59;0.08;22.43;472.35;54;91.38;0.13;22.25;914.25;105;174.84;0.25;21.99;1102.64;126;213.79;0.29;22.30;862.59;96;184.82;0.23;24.64;1426.09;161;310.96;0.44;25.08;1274.92;148;254.53;0.33;22.96;1791.05;200;403.25;0.58;25.89;1073.72;127;457.52;0.65;49.00;1392.10;165;484.41;0.80;40.02;665.26;74;151.44;0.26;26.18;800.11;89;182.14;0.32;26.18;755.19;81;211.26;0.32;32.17;690.25;75;180.45;0.30;30.06;1077.97;123;256.44;0.41;27.36;954.15;110;194.90;0.32;23.49;1140.90;130;241.87;0.32;24.38;1126.29;171;165.35;0.28;16.88;1140.97;138;245.06;0.41;24.70
6166;AQUELLE NATURAL STILL;5;154573.89;6 178;19634.15;0.56;14.61;3819.36;189;470.77;0.56;14.17;6017.83;317;501.35;0.83;9.58;2131.12;88;374.03;0.67;20.18;1295.52;48;216.31;0.29;19.20;2346.78;87;390.89;0.74;19.15;2321.14;86;387.56;0.44;19.20;4623.94;206;319.20;0.44;7.94;3543.29;136;529.71;0.71;17.19;890.67;33;148.71;0.19;19.20;3748.91;139;624.05;0.83;19.14;5233.36;194;871.91;1.10;19.16;5858.11;254;526.50;0.81;10.34;1236.14;46;202.60;0.19;18.85;6976.38;327;678.87;0.67;11.19;2307.73;77;450.47;0.71;22.45;629.79;21;123.21;0.19;22.50;689.77;23;150.84;0.21;25.15;488.93;17;102.80;0.16;24.18;4771.83;217;134.44;0.18;3.24;3946.59;141;801.90;1.04;23.37;2625.46;94;529.73;0.83;23.20;3946.59;141;801.90;1.01;23.37;2069.86;74;419.64;0.50;23.31;1147.59;41;233.18;0.33;23.37;1060.82;38;213.68;0.28;23.16;4015.21;169;370.08;0.52;10.60;2486.46;104;232.15;0.33;10.74;149.95;5;29.80;0.05;22.85;239.92;8;47.68;0.06;22.85;2848.93;107;402.00;0.47;16.23;3296.08;132;332.61;0.45;11.60;2510.87;98;290.98;0.40;13.33;4894.66;207;97.19;0.14;2.28;5382.65;205;556.25;0.77;11.88;3891.20;130;768.23;0.95;22.70;1079.64;36;214.55;0.30;22.85;599.80;20;119.19;0.15;22.85;2163.06;94;136.23;0.20;7.24;4264.48;152;724.23;1.03;19.53;1499.50;50;297.98;0.49;22.85;989.67;33;196.67;0.34;22.85;1349.55;45;268.18;0.47;22.85;3898.38;162;317.18;0.48;9.36;7085.18;272;888.80;1.48;14.43;6927.33;267;895.75;1.42;14.87;6203.72;262;369.35;0.60;6.85;9604.28;372;1216.59;1.63;14.57;5435.87;213;652.28;1.10;13.80;29.99;1;5.96;0.01;22.85
7054;C/BOS SALT IOD BLUE POLY;5;36941.54;2 985;11332.33;0.32;35.28;556.03;62;138.82;0.16;28.71;905.74;101;226.10;0.37;28.71;678.49;74;168.36;0.30;28.54;680.93;72;168.05;0.22;28.38;644.38;68;159.83;0.30;28.52;512.46;54;127.57;0.14;28.63;577.48;61;142.88;0.20;28.45;473.08;50;116.89;0.16;28.41;764.46;81;187.68;0.23;28.23;787.67;83;196.09;0.26;28.63;1281.16;110;381.26;0.48;34.22;932.82;78;283.46;0.43;34.95;597.10;50;180.96;0.17;34.85;1089.29;91;331.58;0.33;35.01;969.39;81;307.94;0.48;36.53;1124.66;94;357.88;0.57;36.59;945.41;79;303.52;0.43;36.92;966.99;81;309.16;0.48;36.77;886.06;74;265.73;0.35;34.49;978.98;82;262.74;0.34;30.86;834.50;70;223.23;0.35;30.76;766.16;64;206.87;0.26;31.05;728.39;61;195.56;0.23;30.88;753.57;63;203.10;0.28;30.99;646.26;54;174.39;0.23;31.03;896.85;75;241.56;0.34;30.97;1294.80;90;430.49;0.61;38.23;941.37;63;323.72;0.56;39.55;762.24;51;262.22;0.35;39.56;1134.74;76;389.76;0.46;39.50;1002.08;67;345.10;0.46;39.60;966.85;65;330.17;0.46;39.27;972.10;65;334.74;0.47;39.60;851.43;57;292.64;0.40;39.53;837.94;56;288.77;0.36;39.63;898.65;60;310.14;0.44;39.69;852.18;57;293.30;0.38;39.58;538.14;36;185.17;0.27;39.57;461.69;31;157.97;0.22;39.35;433.96;29;149.56;0.25;39.63;445.95;30;152.14;0.26;39.23;506.66;34;173.51;0.30;39.38;374.00;25;128.84;0.20;39.62;625.83;42;214.29;0.36;39.38;404.73;27;139.86;0.22;39.74;403.23;27;138.55;0.23;39.51;507.41;34;174.16;0.23;39.47;464.69;31;160.58;0.27;39.74;282.56;19;95.44;0.16;38.84
7367;SPAR S/FLOWER COOKING OIL.;5;1502054.79;22 731;41865.54;1.19;2.79;51579.14;856;1730.25;2.04;3.35;25201.75;365;2799.46;4.64;11.11;12554.28;132;1519.05;2.73;12.10;33356.02;398;1186.22;1.58;3.56;25725.02;298;1388.98;2.63;5.40;17178.00;200;575.93;0.65;3.35;45653.44;556;323.51;0.44;0.71;27924.97;351;1543.37;2.06;5.53;57935.47;881;1588.65;1.99;2.74;44068.67;633;1507.36;2.01;3.42;24696.70;330;1921.74;2.42;7.78;40814.42;558;2347.21;3.59;5.75;40200.27;564;2968.06;2.76;7.38;50096.99;701;3229.31;3.18;6.45;46036.48;652;1636.39;2.57;3.55;58566.85;931;-5377.33;-8.50;-9.18;59872.24;986;-698.81;-0.98;-1.17;39740.05;595;955.73;1.48;2.40;30085.75;425;1193.33;1.55;3.97;12213.33;167;634.28;0.82;5.19;56840.59;941;1817.04;2.84;3.20;34684.36;564;1110.79;1.40;3.20;40289.48;652;-1953.83;-2.31;-4.85;10368.78;122;2088.75;2.92;20.14;30325.04;496;1203.09;1.57;3.97;24110.22;378;1355.40;1.91;5.62;37268.80;620;1790.07;2.53;4.80;37790.90;620;-3487.90;-6.06;-9.23;21211.61;339;1897.19;2.57;8.94;35939.18;582;3307.89;3.87;9.20;22591.04;396;868.74;1.17;3.85;30429.87;513;-52.15;-0.07;-0.17;91350.10;1 568;-160.71;-0.23;-0.18;42551.48;711;668.72;0.92;1.57;16902.47;253;673.71;0.83;3.99;18629.34;266;846.17;1.19;4.54;12918.18;182;739.09;0.95;5.72;23816.23;377;710.33;1.03;2.98;10863.39;161;522.22;0.74;4.81;25301.01;399;662.37;1.09;2.62;14887.82;218;1334.45;2.30;8.96;13957.92;208;824.91;1.44;5.91;20156.96;304;774.49;1.18;3.84;19812.01;299;669.43;1.11;3.38;20341.91;309;361.09;0.57;1.78;18287.22;278;-911.40;-1.49;-4.98;14297.88;212;679.03;0.91;4.75;5507.21;79;213.12;0.36;3.87;7123.95;105;340.75;0.58;4.78
7368;SAVEMOR OIL COOKING;5;308917.09;4 272;26262.74;0.75;8.50;2747.24;37;401.11;0.47;14.60;7977.07;93;1042.24;1.73;13.07;45174.17;583;3295.89;5.93;7.30;33690.42;398;4138.20;5.52;12.28;20797.76;224;2188.83;4.15;10.52;28946.64;336;1465.20;1.65;5.06;4464.53;47;559.98;0.77;12.54;12808.27;173;1502.11;2.00;11.73;12426.39;161;-734.00;-0.92;-5.91;1790.79;21;345.72;0.46;19.31;0.00;0;0.00;0.00;0.00;3144.63;37;614.27;0.94;19.53;1869.78;22;365.24;0.34;19.53;1104.87;13;215.82;0.21;19.53;1019.88;12;199.22;0.31;19.53;18946.90;310;476.63;0.75;2.52;656.91;9;44.46;0.06;6.77;6553.94;106;245.43;0.38;3.74;3061.59;41;506.04;0.66;16.53;11360.43;157;1547.38;2.00;13.62;4757.39;61;955.23;1.49;20.08;1559.80;20;313.19;0.39;20.08;2963.62;38;595.06;0.70;20.08;1559.80;20;313.19;0.44;20.08;389.95;5;78.30;0.10;20.08;155.98;2;31.32;0.04;20.08;389.95;5;78.30;0.11;20.08;155.98;2;31.32;0.05;20.08;1099.63;17;147.82;0.20;13.44;8260.37;163;241.48;0.28;2.92;16995.71;329;-20.79;-0.03;-0.12;3587.54;46;720.34;1.00;20.08;1013.87;13;203.57;0.29;20.08;6305.87;113;174.13;0.24;2.76;9046.38;162;253.53;0.31;2.80;935.88;12;187.91;0.27;20.08;1247.84;16;250.55;0.32;20.08;155.98;2;31.32;0.05;20.08;467.94;6;93.96;0.13;20.08;1091.86;14;219.23;0.36;20.08;779.90;10;156.60;0.27;20.08;155.98;2;31.32;0.05;20.08;4109.36;64;304.32;0.46;7.41;1871.76;24;375.83;0.63;20.08;623.92;8;125.28;0.20;20.08;3491.55;45;692.58;1.13;19.84;1169.85;15;240.79;0.32;20.58;7443.73;127;479.84;0.81;6.45;8587.49;151;537.47;0.91;6.26
7369;SAVEMOR OIL COOKING;5;323732.99;10 926;39658.27;1.13;12.25;1356.53;47;195.24;0.23;14.39;4327.88;112;509.52;0.84;11.77;11377.28;292;1422.27;2.56;12.50;9696.07;258;1093.44;1.46;11.28;4433.85;121;479.59;0.91;10.82;7952.85;215;834.93;0.94;10.50;10838.07;293;1137.84;1.56;10.50;3566.01;99;447.01;0.60;12.54;2624.25;75;389.00;0.49;14.82;5308.13;158;604.71;0.81;11.39;5168.44;156;519.11;0.65;10.04;4583.69;131;679.44;1.04;14.82;2519.28;72;373.44;0.35;14.82;6279.59;189;695.43;0.68;11.07;4618.68;132;684.63;1.07;14.82;1889.46;54;280.08;0.44;14.82;0.00;0;0.00;0.00;0.00;3151.30;94;367.14;0.57;11.65;3848.90;110;586.71;0.76;15.24;1924.45;55;293.80;0.38;15.27;2624.25;75;400.03;0.63;15.24;1504.57;43;229.35;0.29;15.24;4520.06;194;-524.75;-0.62;-11.61;8804.32;368;-1327.11;-1.86;-15.07;2129.31;67;569.64;0.74;26.75;7077.64;236;1069.46;1.51;15.11;8950.90;302;1593.31;2.25;17.80;4018.66;134;607.23;1.06;15.11;11837.77;438;1960.82;2.65;16.56;18509.12;697;1819.69;2.13;9.83;11289.06;413;1780.43;2.39;15.77;15360.17;584;1949.45;2.71;12.69;10517.90;377;1271.25;1.79;12.09;8332.73;311;1160.83;1.60;13.93;7347.55;245;1181.51;1.45;16.08;10130.19;351;1480.72;2.09;14.62;12672.39;438;2221.63;2.86;17.53;9703.46;354;1883.94;2.72;19.42;10544.31;390;1008.11;1.44;9.56;10193.24;382;856.20;1.41;8.40;7927.28;304;726.51;1.25;9.16;8592.09;326;722.06;1.26;8.40;5802.06;220;788.63;1.20;13.59;6258.72;233;799.65;1.33;12.78;6658.33;231;1054.39;1.67;15.84;4768.12;158;873.86;1.43;18.33;4024.78;122;822.13;1.10;20.43;5629.07;193;576.36;0.97;10.24;2540.23;77;509.65;0.86;20.06
7370;SPAR COOK OIL SUNFLOWER;5;526927.07;16 894;36059.81;1.03;6.84;20968.81;789;650.37;0.77;3.10;25420.12;918;5739.22;9.51;22.58;4130.42;88;1883.31;3.39;45.60;9905.93;266;173.57;0.23;1.75;34670.21;1 039;-2099.30;-3.98;-6.06;25549.94;706;578.82;0.65;2.27;12663.50;350;586.88;0.81;4.63;26344.21;779;73.77;0.10;0.28;22762.80;720;940.24;1.18;4.13;12126.45;355;955.24;1.28;7.88;24432.05;795;-924.27;-1.16;-3.78;21897.56;644;1215.74;1.86;5.55;21709.42;658;1606.24;1.49;7.40;20891.55;645;1530.63;1.51;7.33;22731.88;812;788.63;1.24;3.47;19825.53;647;1397.64;2.21;7.05;17727.90;610;1171.76;1.65;6.61;13819.48;452;1030.10;1.60;7.45;16392.12;588;738.45;0.96;4.50;16263.70;530;1024.05;1.33;6.30;5655.79;176;749.59;1.17;13.25;8131.38;262;894.88;1.13;11.01;15389.48;540;1436.96;1.70;9.34;15540.07;593;619.90;0.87;3.99;12210.79;412;1760.70;2.29;14.42;12719.80;485;785.62;1.11;6.18;2559.20;80;400.87;0.57;15.66;2303.28;72;360.78;0.63;15.66;2367.26;74;370.81;0.50;15.66;1599.50;50;250.55;0.29;15.66;3924.62;138;280.41;0.38;7.14;2051.43;57;384.48;0.54;18.74;1799.50;50;337.27;0.47;18.74;1187.67;33;222.59;0.31;18.74;5975.29;188;1077.99;1.33;18.04;6238.51;197;1108.63;1.57;17.77;2483.31;69;465.43;0.60;18.74;3393.14;106;552.50;0.80;16.28;2375.34;66;445.19;0.63;18.74;1547.57;43;290.05;0.48;18.74;2375.34;66;445.19;0.77;18.74;2159.40;60;404.72;0.71;18.74;4682.29;151;736.81;1.12;15.74;2303.36;64;431.70;0.72;18.74;2087.42;58;391.23;0.62;18.74;1434.60;40;266.55;0.44;18.58;6596.71;217;484.27;0.65;7.34;2075.42;58;382.71;0.64;18.44;3526.02;98;660.33;1.12;18.73
7373;CROWN COOKING OIL;5;327547.78;4 925;14879.65;0.42;4.54;3518.29;46;835.93;0.99;23.76;1616.91;19;132.85;0.22;8.22;1154.89;11;160.53;0.29;13.90;419.96;4;58.37;0.08;13.90;2309.78;22;321.05;0.61;13.90;1679.84;16;233.49;0.26;13.90;1994.81;19;290.84;0.40;14.58;1049.90;10;153.07;0.20;14.58;2159.76;24;361.75;0.45;16.75;89.99;1;15.07;0.02;16.75;21597.00;300;712.90;0.90;3.30;3869.57;43;648.13;0.99;16.75;21697.06;294;1294.62;1.20;5.97;6839.24;76;1533.98;1.51;22.43;1079.88;12;242.21;0.38;22.43;1079.88;12;242.21;0.38;22.43;27207.67;451;-3438.80;-4.83;-12.64;10803.22;178;-840.10;-1.30;-7.78;17752.35;265;1352.06;1.76;7.62;18125.13;287;777.70;1.01;4.29;13782.95;205;1137.90;1.78;8.26;509.94;6;76.71;0.10;15.04;509.94;6;101.55;0.12;19.91;8619.69;131;595.86;0.83;6.91;3045.54;46;340.91;0.44;11.19;1398.81;19;212.12;0.30;15.16;2184.69;31;338.96;0.48;15.52;13342.65;235;512.66;0.89;3.84;21891.12;388;756.81;1.02;3.46;3244.41;59;79.29;0.09;2.44;9568.32;168;465.16;0.62;4.86;849.90;10;163.58;0.23;19.25;12298.12;188;293.18;0.41;2.38;4134.34;66;210.02;0.29;5.08;2559.68;32;363.44;0.45;14.20;6163.05;95;179.99;0.25;2.92;9308.57;143;229.70;0.30;2.47;13558.01;199;695.34;1.00;5.13;12363.18;182;548.91;0.78;4.44;3644.46;54;-61.69;-0.10;-1.69;7253.93;107;291.79;0.50;4.02;14783.67;233;695.74;1.22;4.71;2474.67;33;432.68;0.66;17.48;584.93;7;111.26;0.19;19.02;764.91;9;147.22;0.23;19.25;339.96;4;65.43;0.11;19.25;4409.34;66;170.43;0.23;3.87;5664.17;83;354.96;0.60;6.27;2249.70;30;281.88;0.48;12.53
7465;TOWER JELLY ASSORTED;5;87754.70;10 755;11760.46;0.34;15.41;1766.02;253;310.44;0.37;20.22;1605.34;258;155.86;0.26;11.17;1401.14;201;244.98;0.44;20.11;612.05;83;120.56;0.16;22.65;650.88;87;131.86;0.25;23.30;658.00;88;133.06;0.15;23.26;1019.94;127;230.30;0.32;25.97;1747.65;195;457.39;0.61;30.10;2231.64;318;296.69;0.37;15.29;5027.93;775;351.00;0.47;8.03;1148.92;128;265.62;0.33;26.59;1761.74;191;429.12;0.66;28.01;1367.63;137;379.22;0.35;31.89;1603.17;203;174.22;0.17;12.50;1437.03;169;230.48;0.36;18.44;288.71;29;75.25;0.12;29.97;344.65;35;88.57;0.12;29.55;519.48;52;138.05;0.21;30.56;609.39;61;161.94;0.21;30.56;693.30;70;180.62;0.23;29.96;4501.41;711;-345.35;-0.54;-8.82;5330.41;783;-59.79;-0.08;-1.29;1197.30;120;317.27;0.38;30.47;1243.25;125;327.06;0.46;30.25;1475.02;148;389.86;0.51;30.40;1317.55;169;175.00;0.25;15.27;1083.91;109;274.45;0.39;29.12;288.71;29;67.83;0.12;27.02;398.10;40;93.45;0.13;27.00;589.41;59;139.77;0.16;27.27;776.22;78;182.17;0.24;26.99;1745.25;175;411.96;0.57;27.15;3877.43;465;448.57;0.63;13.30;6108.47;885;292.77;0.40;5.51;2471.52;248;525.67;0.65;24.46;2543.93;257;529.71;0.75;23.95;2126.36;214;448.10;0.58;24.23;2008.35;223;331.70;0.48;18.99;1513.98;153;314.92;0.45;23.92;795.20;80;167.77;0.28;24.26;546.45;55;115.13;0.20;24.23;932.56;94;195.57;0.34;24.12;1493.99;151;283.65;0.43;21.83;1763.23;177;315.59;0.53;20.58;3110.29;347;382.83;0.61;14.15;6461.12;847;-124.33;-0.20;-2.21;2403.08;242;424.82;0.57;20.33;1691.30;170;301.20;0.51;20.48;1466.29;141;277.89;0.47;21.79
7901;MRS BALLS CHUTNEY ORIGIN;5;244338.72;7 280;10210.11;0.29;4.81;6487.38;237;224.26;0.26;3.98;4203.78;137;306.54;0.51;8.39;5112.51;164;198.68;0.36;4.47;5749.99;201;-210.18;-0.28;-4.20;5416.58;182;-97.18;-0.18;-2.06;6181.93;217;-22.92;-0.03;-0.43;5873.09;201;112.41;0.15;2.20;5789.09;191;211.64;0.28;4.20;7634.25;257;227.50;0.28;3.43;7266.54;246;167.55;0.22;2.65;4828.54;156;238.07;0.30;5.67;6490.91;209;223.61;0.34;3.96;5624.24;176;150.83;0.14;3.08;2523.33;67;264.64;0.26;12.06;3195.03;97;141.18;0.22;5.08;5600.28;172;146.63;0.23;3.01;4530.67;133;240.95;0.34;6.12;5300.00;160;155.85;0.24;3.38;4277.75;125;184.24;0.24;4.95;5251.21;149;329.80;0.43;7.22;6439.86;204;201.59;0.32;3.60;6888.90;210;221.03;0.28;3.69;4294.78;122;267.05;0.32;7.15;4662.08;137;167.59;0.23;4.13;1728.24;41;257.08;0.33;17.11;3842.40;105;239.33;0.34;7.16;5410.19;151;207.63;0.29;4.41;4474.80;120;270.28;0.47;6.95;5357.67;148;279.42;0.38;6.00;2811.59;71;343.53;0.40;14.05;3241.30;90;176.47;0.24;6.26;5567.80;160;173.47;0.24;3.58;6279.27;173;295.41;0.42;5.41;6663.76;189;143.85;0.20;2.48;4136.36;114;238.61;0.29;6.63;4044.16;114;135.05;0.19;3.84;2899.73;77;192.81;0.25;7.65;1971.23;42;389.23;0.56;22.71;4213.74;116;182.15;0.26;4.97;2426.11;64;175.02;0.29;8.30;3960.29;101;319.82;0.55;9.29;4207.27;113;229.62;0.40;6.28;5132.99;141;200.64;0.31;4.50;13658.21;384;402.38;0.67;3.39;5950.75;165;237.56;0.38;4.59;6614.80;185;248.02;0.41;4.31;3446.07;93;219.91;0.30;7.34;3844.98;102;290.84;0.49;8.70;2832.29;71;310.62;0.53;12.61
7911;C&B MAYO TANGY;5;488279.59;12 995;13244.17;0.38;3.12;3915.24;121;315.59;0.37;9.27;5910.00;200;156.28;0.26;3.04;6321.93;202;-323.62;-0.58;-5.89;7177.80;220;-251.06;-0.33;-4.02;6209.79;191;-571.27;-1.08;-10.58;4110.77;123;-167.06;-0.19;-4.67;9034.55;245;181.42;0.25;2.31;11038.83;292;26.81;0.04;0.28;14943.83;412;392.09;0.49;3.02;9564.73;252;300.68;0.40;3.62;12540.74;325;413.63;0.52;3.79;8179.39;236;231.81;0.35;3.26;13319.37;363;241.99;0.22;2.09;11393.12;338;307.15;0.30;3.10;10520.87;313;165.37;0.26;1.81;13439.68;382;414.06;0.65;3.54;11847.67;333;-51.35;-0.07;-0.50;12965.31;359;446.97;0.69;3.96;10530.05;295;288.87;0.38;3.15;5946.80;150;244.44;0.32;4.73;4539.09;91;628.01;0.98;15.91;7699.58;192;408.48;0.52;6.10;8551.31;209;266.35;0.32;3.58;10959.30;270;278.46;0.39;2.92;9651.06;219;244.00;0.32;2.91;6475.25;165;199.26;0.28;3.54;4033.41;99;191.13;0.27;5.45;5854.37;143;-309.30;-0.54;-6.08;7022.30;170;235.88;0.32;3.86;4990.25;115;471.10;0.55;10.86;10470.11;269;507.19;0.68;5.57;12136.04;321;297.18;0.41;2.82;14189.48;392;462.59;0.65;3.75;23181.09;631;1014.31;1.40;5.03;10347.36;269;334.56;0.41;3.72;14568.89;386;380.75;0.54;3.01;16292.21;434;382.82;0.49;2.70;9394.59;241;404.51;0.58;4.95;9044.85;235;405.10;0.58;5.15;6496.36;164;326.59;0.54;5.78;9229.66;234;241.74;0.42;3.01;8377.29;211;310.55;0.54;4.26;13799.80;360;365.57;0.56;3.05;12756.12;328;332.04;0.55;2.99;9288.53;247;433.04;0.68;5.36;18667.75;465;504.11;0.82;3.11;12226.10;305;376.95;0.51;3.55;11580.82;293;397.39;0.67;3.95;7546.15;185;390.98;0.66;5.96
7912;AG TOMATO PASTE;5;61047.44;4 285;13957.04;0.40;26.29;1042.53;87;254.83;0.30;28.11;1303.31;109;316.79;0.52;27.95;1354.27;113;331.14;0.60;28.12;1186.41;99;290.05;0.39;28.12;1079.57;93;213.43;0.40;22.73;1033.53;90;181.53;0.20;20.20;1148.43;100;201.75;0.28;20.20;722.72;63;126.42;0.17;20.12;1032.38;90;180.53;0.23;20.11;636.47;53;122.66;0.16;22.16;907.95;65;225.79;0.28;28.60;931.66;64;249.89;0.38;30.85;928.63;62;261.09;0.24;32.33;809.46;54;227.97;0.22;32.39;598.85;40;168.22;0.26;32.30;1018.57;68;286.42;0.45;32.34;534.63;37;147.58;0.21;31.74;293.79;21;78.47;0.12;30.71;531.62;38;141.99;0.19;30.71;1185.48;82;281.13;0.36;27.27;1048.55;70;238.10;0.37;26.11;1154.23;77;262.63;0.33;26.17;944.37;63;214.88;0.25;26.17;1826.53;122;414.16;0.58;26.08;509.66;34;115.97;0.15;26.17;777.98;52;176.06;0.25;26.02;1573.20;105;357.48;0.50;26.13;1974.18;132;446.31;0.78;26.00;2233.51;149;508.19;0.69;26.17;1677.38;112;380.40;0.44;26.08;1601.68;107;362.71;0.49;26.04;1750.08;117;395.48;0.55;25.99;1856.51;124;420.65;0.59;26.06;2019.15;135;456.18;0.63;25.98;2007.16;134;455.38;0.56;26.09;1116.75;75;249.08;0.35;25.65;2721.43;182;614.40;0.79;25.96;1496.75;100;338.85;0.49;26.04;1525.98;102;345.02;0.49;26.00;1347.60;90;305.42;0.50;26.06;944.37;63;214.71;0.37;26.15;824.45;55;187.44;0.33;26.15;1168.47;78;265.18;0.40;26.10;1886.49;126;427.46;0.71;26.06;1857.26;124;421.30;0.67;26.09;1719.35;115;388.02;0.63;25.95;359.76;24;81.79;0.11;26.15;1034.31;69;235.16;0.40;26.15;1810.04;121;390.95;0.66;24.84
8153;SPAR RICE PARBOILED S150;5;322154.52;10 481;15742.21;0.45;4.89;3413.55;145;21.60;0.03;0.63;808.23;27;144.01;0.24;17.82;8209.17;333;123.62;0.22;1.51;5271.85;215;-17.28;-0.02;-0.33;953.63;37;49.99;0.09;5.24;4935.96;204;102.48;0.12;2.08;2129.12;88;39.98;0.05;1.88;4831.64;186;301.57;0.40;6.24;2059.23;77;151.42;0.19;7.35;4318.30;170;103.61;0.14;2.40;13806.81;519;433.71;0.55;3.14;2390.05;75;322.33;0.49;13.49;11719.18;403;1410.30;1.31;12.03;6194.02;226;527.81;0.52;8.52;13634.58;542;255.89;0.40;1.88;11445.44;456;192.02;0.30;1.68;2185.40;60;411.38;0.58;18.82;12274.74;426;-373.77;-0.58;-3.05;5095.35;165;63.27;0.08;1.24;12997.08;372;926.50;1.20;7.13;7798.98;236;115.32;0.18;1.48;4968.59;141;186.32;0.23;3.75;11397.38;322;352.80;0.42;3.10;9502.83;267;285.24;0.40;3.00;17689.27;514;61.05;0.08;0.35;1747.75;50;-23.81;-0.03;-1.36;862.79;21;105.23;0.15;12.20;15107.24;376;879.36;1.53;5.82;6757.96;187;176.84;0.24;2.62;11887.60;336;282.07;0.33;2.37;6211.63;166;302.70;0.41;4.87;12110.05;337;212.65;0.30;1.76;2858.18;81;78.82;0.11;2.76;5325.46;157;247.12;0.34;4.64;5217.17;140;699.61;0.86;13.41;15582.41;499;665.54;0.94;4.27;10170.88;327;169.30;0.22;1.66;2285.14;71;64.68;0.09;2.83;3478.41;114;315.82;0.45;9.08;9657.81;326;733.31;1.21;7.59;4028.31;132;335.24;0.58;8.32;5763.99;184;646.47;1.13;11.22;3814.29;127;407.02;0.62;10.67;4770.31;149;772.27;1.28;16.19;4122.48;124;960.72;1.52;23.30;2494.91;73;568.32;0.93;22.78;1587.54;46;364.55;0.49;22.96;3707.47;153;255.63;0.43;6.90;2574.36;99;331.59;0.56;12.88
8154;SAVEMOR RICE PARBOILED;5;181426.19;6 479;13813.85;0.39;7.61;1789.14;86;96.72;0.11;5.41;2981.54;146;91.14;0.15;3.06;2661.60;103;520.14;0.94;19.54;1484.45;55;313.10;0.42;21.09;6452.43;285;654.14;1.24;10.14;3741.83;182;-37.51;-0.04;-1.00;5297.74;226;342.35;0.47;6.46;5632.85;215;446.45;0.60;7.93;6427.45;255;144.65;0.18;2.25;6765.05;285;109.06;0.15;1.61;5469.88;212;356.39;0.45;6.52;5743.70;230;189.91;0.29;3.31;5099.02;198;241.66;0.22;4.74;12452.39;421;1947.67;1.92;15.64;3690.97;143;263.02;0.41;7.13;10796.52;448;412.81;0.65;3.82;5717.03;237;256.58;0.36;4.49;3916.34;166;121.84;0.19;3.11;2367.03;72;311.77;0.41;13.17;3556.32;108;407.64;0.53;11.46;2650.46;89;51.84;0.08;1.96;7552.51;249;229.18;0.29;3.03;5728.15;185;217.05;0.26;3.79;2369.24;76;99.33;0.14;4.19;7753.67;253;372.71;0.49;4.81;6918.57;228;229.48;0.32;3.32;376.89;11;20.81;0.03;5.52;919.77;23;159.11;0.28;17.30;2277.43;57;390.51;0.53;17.15;1239.69;31;213.47;0.25;17.22;3079.23;77;530.23;0.71;17.22;1633.59;41;276.33;0.38;16.92;6994.63;217;170.31;0.24;2.43;5040.13;147;350.89;0.48;6.96;3037.24;76;535.21;0.66;17.62;2519.37;63;446.49;0.63;17.72;2157.46;54;380.70;0.49;17.65;5683.93;166;553.88;0.80;9.74;2805.09;84;377.24;0.54;13.45;1561.01;49;124.22;0.20;7.96;2102.82;73;46.38;0.08;2.21;1185.87;33;214.97;0.38;18.13;683.81;19;124.81;0.19;18.25;430.08;12;77.02;0.13;17.91;287.92;8;52.55;0.08;18.25;166.95;5;26.79;0.04;16.05;594.02;18;150.05;0.20;25.26;971.59;41;62.05;0.10;6.39;661.79;21;140.69;0.24;21.26
8272;E/BROWN COFFEE CREAMER;5;165078.47;3 288;10240.03;0.29;7.13;1934.55;45;283.86;0.34;16.87;4930.68;132;344.86;0.57;8.04;5762.98;157;-248.31;-0.45;-4.95;3239.24;76;195.52;0.26;6.94;1849.63;37;311.76;0.59;19.38;5228.73;127;180.40;0.20;3.97;1399.72;28;235.92;0.32;19.38;5087.77;123;32.69;0.04;0.74;1595.64;36;115.90;0.15;8.35;2995.29;71;132.64;0.18;5.09;3562.17;83;169.88;0.21;5.48;2666.78;57;174.71;0.27;7.53;1995.60;40;260.61;0.24;15.02;6004.68;132;271.87;0.27;5.21;4463.56;99;304.35;0.48;7.84;7178.83;167;415.69;0.66;6.66;7228.30;170;339.05;0.48;5.39;6920.31;149;471.67;0.73;7.84;1461.74;26;221.92;0.29;17.46;5180.00;110;246.40;0.32;5.47;4119.23;87;210.10;0.33;5.87;2783.52;48;467.13;0.59;19.30;2490.67;43;415.95;0.49;19.21;2066.64;36;293.77;0.41;16.35;2732.67;48;335.32;0.44;14.11;4394.24;86;128.88;0.18;3.37;980.45;15;140.36;0.20;16.46;5123.11;89;327.01;0.57;7.34;4155.77;68;391.55;0.53;10.83;6420.62;113;259.14;0.30;4.64;3126.04;46;434.22;0.58;15.97;2947.80;45;269.36;0.37;10.51;2206.41;34;185.42;0.26;9.66;4478.26;74;109.36;0.15;2.81;2271.40;35;190.95;0.24;9.67;2398.13;37;199.20;0.28;9.55;5295.89;86;241.31;0.31;5.24;3284.19;56;106.24;0.15;3.72;3221.46;54;134.54;0.19;4.80;2686.55;45;103.13;0.17;4.41;2095.05;35;80.63;0.14;4.43;3032.50;50;135.28;0.24;5.13;2914.36;49;65.82;0.10;2.60;1416.52;23;56.38;0.09;4.58;1234.81;19;105.19;0.17;9.80;3149.48;52;92.39;0.15;3.37;1006.85;15;92.94;0.12;10.62;875.88;12;106.89;0.18;14.03;1483.77;23;100.16;0.17;7.76
8467;TSITSIKAMMA WATER STILL;5;132642.32;5 773;15740.31;0.45;13.65;1080.98;52;194.50;0.23;20.69;3519.03;197;237.87;0.39;7.77;850.63;37;209.65;0.38;28.34;1102.37;48;270.98;0.36;28.27;0.00;0;0.00;0.00;0.00;0.00;0;0.00;0.00;0.00;3861.92;208;190.12;0.26;5.66;1010.41;44;248.32;0.33;28.26;6615.31;339;474.41;0.59;8.25;5734.98;302;261.53;0.35;5.24;6343.53;302;764.21;0.96;13.85;0.00;0;0.00;0.00;0.00;7194.41;359;659.03;0.61;10.53;22.99;1;4.49;0.00;22.46;0.00;0;0.00;0.00;0.00;0.00;0;0.00;0.00;0.00;0.00;0;0.00;0.00;0.00;0.00;0;0.00;0.00;0.00;0.00;0;0.00;0.00;0.00;0.00;0;0.00;0.00;0.00;4628.47;228;98.09;0.15;2.44;7448.33;317;1017.21;1.28;15.71;5935.18;257;737.19;0.87;14.28;3021.29;121;543.32;0.76;20.68;5692.58;267;391.03;0.51;7.90;3768.02;173;319.26;0.45;9.74;974.61;39;175.82;0.25;20.75;4347.52;193;383.52;0.67;10.14;3226.71;139;340.23;0.46;12.13;783.72;28;139.02;0.16;20.40;6162.90;255;566.53;0.76;10.57;2290.98;82;403.46;0.56;20.25;6131.24;246;705.84;0.99;13.24;5116.42;198;692.06;0.95;15.56;5297.49;211;631.55;0.78;13.71;867.69;31;153.91;0.22;20.40;1475.07;53;255.83;0.33;19.95;3598.11;129;629.51;0.91;20.12;1427.49;51;253.21;0.36;20.40;362.47;13;63.33;0.10;20.09;640.97;23;111.76;0.19;20.05;1119.60;40;198.59;0.35;20.40;4318.72;188;425.25;0.65;11.32;2429.53;87;427.07;0.71;20.22;2601.67;93;460.51;0.73;20.36;3923.54;146;650.77;1.06;19.07;4191.50;150;828.17;1.11;22.72;1733.98;62;306.60;0.52;20.33;1789.96;64;316.53;0.54;20.34
8513;ROB BICARB OF SODA;5;9919.04;4 538;2567.19;0.07;29.76;184.27;124;31.96;0.04;19.94;192.06;129;33.56;0.06;20.09;186.80;115;37.62;0.07;23.16;253.28;142;57.37;0.08;26.05;219.54;123;49.82;0.09;26.10;198.06;111;44.91;0.05;26.08;164.50;92;37.52;0.05;26.23;212.47;119;48.26;0.06;26.12;124.76;70;28.20;0.04;25.99;209.43;117;47.91;0.06;26.31;139.17;78;31.55;0.04;26.07;166.47;93;38.09;0.06;26.31;193.14;108;44.07;0.04;26.24;218.20;122;49.81;0.05;26.25;219.90;123;50.14;0.08;26.22;202.27;113;46.28;0.07;26.31;233.90;105;62.26;0.09;30.61;208.68;84;58.48;0.09;32.23;181.65;73;51.08;0.07;32.34;206.05;83;57.66;0.07;32.18;189.24;76;53.29;0.08;32.39;188.74;76;52.86;0.07;32.21;233.82;94;65.71;0.08;32.32;201.57;81;56.69;0.08;32.35;293.58;118;82.53;0.11;32.33;280.87;113;78.80;0.11;32.27;253.74;102;71.32;0.10;32.32;141.93;57;39.97;0.07;32.39;211.40;85;59.39;0.08;32.31;278.63;112;78.32;0.09;32.32;255.85;103;71.69;0.10;32.22;268.79;108;75.62;0.11;32.35;206.42;83;57.98;0.08;32.30;238.67;96;67.00;0.09;32.28;169.20;68;47.58;0.06;32.34;208.91;84;58.68;0.08;32.30;249.00;100;70.12;0.09;32.39;146.91;59;41.37;0.06;32.39;248.88;100;70.02;0.10;32.35;151.77;61;42.67;0.07;32.33;245.89;99;68.88;0.12;32.22;166.45;67;46.65;0.08;32.23;139.44;56;39.27;0.06;32.39;189.00;76;53.08;0.09;32.30;154.38;62;43.48;0.07;32.39;181.65;73;51.08;0.08;32.34;121.89;49;27.92;0.04;26.34;168.95;68;38.57;0.06;26.25;218.87;88;50.11;0.08;26.33
8560;SPAR CAKE FLOUR;5;902872.08;29 136;64295.64;1.84;7.12;15876.19;681;965.00;1.14;6.08;19159.81;819;1433.21;2.38;7.48;18837.78;707;1583.38;2.85;8.41;23284.80;920;-636.66;-0.85;-2.73;24844.38;896;57.81;0.11;0.23;24442.17;883;-26.31;-0.03;-0.11;21103.18;712;1429.10;1.96;6.77;18996.63;612;740.13;0.99;3.90;28296.09;991;778.15;0.97;2.75;12090.96;404;694.98;0.93;5.75;18030.36;609;535.50;0.67;2.97;23320.21;779;901.90;1.38;3.87;34517.09;1 089;3061.46;2.84;8.87;23568.82;753;1285.82;1.26;5.46;19073.47;653;379.29;0.60;1.99;34510.41;1 159;537.68;0.85;1.56;27043.66;813;2070.20;2.91;7.66;36226.60;1 130;733.93;1.14;2.03;32430.60;940;3265.23;4.25;10.07;22341.18;662;2672.27;3.46;11.96;32392.14;1 043;979.82;1.53;3.02;19549.91;599;1125.36;1.42;5.76;8452.45;215;1480.75;1.75;17.52;16914.41;459;2319.02;3.24;13.71;40776.03;1 306;1963.79;2.56;4.82;4778.76;138;688.51;0.97;14.41;13540.70;430;758.78;1.07;5.60;25212.85;845;-1955.00;-3.40;-7.75;13922.20;374;2746.00;3.72;19.72;29810.45;861;4477.43;5.23;15.02;19836.75;532;3102.65;4.17;15.64;14897.16;434;1981.08;2.76;13.30;12786.47;414;936.26;1.32;7.32;6866.02;202;798.12;1.10;11.62;11015.01;290;2521.90;3.10;22.90;10419.84;286;2328.78;3.29;22.35;27630.53;875;2668.73;3.43;9.66;17980.79;559;2048.61;2.96;11.39;11541.97;362;1536.93;2.19;13.32;17415.39;575;1249.61;2.06;7.18;4377.65;137;521.89;0.90;11.92;10547.79;348;243.34;0.43;2.31;13598.74;382;2472.01;3.77;18.18;6043.46;174;759.19;1.26;12.56;4962.79;167;446.23;0.71;8.99;2323.26;66;460.72;0.75;19.83;10013.89;297;1847.22;2.48;18.45;7043.63;219;667.22;1.12;9.47;10226.65;335;658.63;1.12;6.44
8676;SCORE E/DRINK;5;279620.49;23 968;53118.25;1.52;21.85;8915.11;943;1315.69;1.55;16.97;9209.77;932;1506.89;2.50;18.82;8947.90;815;1740.57;3.13;22.37;7406.25;710;1237.76;1.65;19.22;8562.79;792;1582.65;3.00;21.26;8069.97;703;1585.91;1.78;22.60;9758.08;858;1748.62;2.40;20.61;9176.95;766;1871.81;2.50;23.46;9294.22;814;1608.21;2.01;19.90;8730.51;699;1987.66;2.65;26.18;9204.51;737;2095.17;2.64;26.18;7727.42;623;1734.24;2.66;25.81;9195.20;800;1669.79;1.55;20.88;6038.12;485;1366.42;1.34;26.02;4546.36;364;1035.06;1.62;26.18;5937.83;587;746.67;1.18;14.46;5563.17;498;881.62;1.24;18.22;4159.17;333;960.10;1.49;26.55;4417.84;366;921.76;1.20;23.99;4609.71;434;644.81;0.83;16.09;3794.97;318;763.07;1.19;23.12;4975.94;416;1008.18;1.27;23.30;3704.91;309;756.55;0.90;23.48;5472.89;451;1161.09;1.62;24.40;4131.21;351;802.25;1.04;22.33;3178.65;265;629.99;0.89;22.79;3701.50;285;945.05;1.33;29.36;3678.64;336;551.71;0.96;17.25;4064.01;367;634.35;0.86;17.95;3638.91;319;692.65;0.81;21.89;4194.70;350;800.66;1.08;21.95;4411.90;370;823.60;1.15;21.47;5235.90;466;804.56;1.13;17.67;6292.11;529;1163.86;1.60;21.27;6690.00;560;1257.42;1.55;21.61;5466.84;456;1040.66;1.47;21.89;5866.74;526;873.40;1.12;17.12;5849.52;552;626.42;0.90;12.32;4027.57;303;910.57;1.30;26.00;3313.76;251;697.07;1.15;24.19;4538.54;375;736.95;1.27;18.67;4915.13;368;1069.87;1.87;25.03;3664.68;262;878.04;1.34;27.55;3756.31;269;896.04;1.49;27.43;4507.03;360;815.32;1.29;20.80;4495.83;322;1072.08;1.75;27.42;4279.97;308;1007.74;1.35;27.08;3329.62;238;798.16;1.34;27.57;4971.83;427;659.54;1.12;15.26
8694;SCORE ENERGY P/FRT SPRKL;5;60449.04;5 301;10686.52;0.31;20.33;3171.55;348;392.13;0.46;14.22;1939.34;192;329.42;0.55;19.53;1427.60;130;277.92;0.50;22.39;1440.08;142;205.33;0.27;16.40;1480.34;140;252.32;0.48;19.60;1409.78;122;273.25;0.31;22.29;1909.10;173;312.25;0.43;18.81;1763.15;147;353.23;0.47;23.04;2191.69;199;322.56;0.40;16.92;1411.37;113;314.78;0.42;25.65;1034.80;83;229.58;0.29;25.51;1161.57;93;259.07;0.40;25.65;2776.55;254;416.13;0.39;17.24;1404.02;116;290.15;0.29;23.77;1311.45;105;292.50;0.46;25.65;1249.27;123;155.01;0.25;14.27;1934.49;182;227.99;0.32;13.55;1623.70;130;367.32;0.57;26.02;1338.29;111;277.40;0.36;23.84;2044.03;197;257.42;0.33;14.48;1882.43;157;384.40;0.60;23.48;1067.11;89;217.91;0.27;23.48;1019.15;85;208.11;0.25;23.48;1415.03;117;297.07;0.42;24.14;991.31;85;174.34;0.23;20.22;1076.81;88;229.26;0.32;24.48;909.30;70;232.26;0.33;29.37;796.73;77;90.19;0.16;13.02;999.69;90;152.38;0.21;17.53;499.70;47;77.02;0.09;17.73;922.63;77;175.29;0.24;21.85;502.38;42;94.85;0.13;21.71;810.93;72;125.69;0.18;17.82;131.89;11;25.12;0.03;21.90;947.21;79;180.38;0.22;21.90;574.92;48;109.08;0.15;21.82;1851.71;170;249.16;0.32;15.47;1157.34;109;124.54;0.18;12.38;1003.25;75;222.89;0.32;25.55;802.85;63;151.66;0.25;21.72;944.70;81;129.52;0.22;15.77;778.63;63;128.20;0.22;18.93;153.89;11;36.89;0.06;27.57;825.41;59;197.86;0.33;27.57;847.52;66;166.42;0.26;22.58;923.34;66;221.34;0.36;27.57;728.51;54;157.66;0.21;24.89;727.48;52;174.39;0.29;27.57;1135.02;98;146.90;0.25;14.88
8859;SELATI SUGAR GOLDEN BROWN;5;58859.60;3 196;11870.86;0.34;23.19;570.09;41;106.91;0.13;21.57;838.70;60;157.69;0.26;21.62;1062.54;76;199.90;0.36;21.64;917.74;66;169.26;0.23;21.21;796.03;57;149.17;0.28;21.55;488.95;35;91.73;0.10;21.58;912.64;61;180.40;0.25;22.73;791.47;53;155.45;0.21;22.59;733.76;49;145.48;0.18;22.80;1184.79;76;234.58;0.31;22.77;865.64;51;177.91;0.22;23.64;883.48;52;182.15;0.28;23.71;1358.35;80;279.49;0.26;23.66;900.49;51;196.76;0.19;25.13;1309.67;73;297.88;0.47;26.16;1700.47;98;384.47;0.61;26.00;1407.62;83;280.71;0.39;22.93;1591.96;94;315.98;0.49;22.83;1568.75;85;332.13;0.43;24.35;1610.19;81;355.34;0.46;25.38;1195.40;60;265.53;0.42;25.54;1196.40;60;266.40;0.34;25.61;1497.25;75;334.52;0.40;25.69;634.68;32;139.12;0.19;25.21;936.53;47;208.12;0.27;25.56;1759.12;88;394.55;0.56;25.79;2175.92;109;432.70;0.61;22.87;1677.16;84;327.66;0.57;22.47;1591.20;80;306.76;0.42;22.17;1897.05;95;370.79;0.43;22.48;1399.30;70;274.50;0.37;22.56;1234.38;62;238.78;0.33;22.25;898.55;45;175.59;0.25;22.47;1515.24;76;294.55;0.41;22.35;659.67;33;129.41;0.16;22.56;1193.40;60;230.07;0.32;22.17;1774.11;89;344.66;0.44;22.34;1571.21;79;302.83;0.44;22.17;1418.29;71;277.55;0.40;22.50;1794.10;90;348.58;0.57;22.34;1596.20;80;311.10;0.54;22.41;1515.24;76;294.55;0.51;22.35;1157.42;58;225.70;0.34;22.43;797.60;40;155.12;0.26;22.37;812.59;41;154.69;0.24;21.89;1115.44;56;216.12;0.35;22.28;656.67;33;126.80;0.17;22.21;658.67;33;128.54;0.22;22.44;1037.48;52;202.17;0.34;22.41
8860;SPAR SUGAR WHITE;5;1726565.66;33 798;56341.92;1.61;3.75;47572.29;1 121;8264.29;9.76;19.98;45521.30;1 040;671.50;1.11;1.70;30790.99;671;1361.55;2.45;5.09;57256.01;1 299;657.22;0.88;1.32;45896.95;1 040;1002.62;1.90;2.51;63675.64;1 471;463.90;0.52;0.84;65999.02;1 523;1036.10;1.42;1.81;41453.49;901;-257.32;-0.34;-0.71;62337.37;1 413;1060.42;1.33;1.96;64793.04;1 496;1200.56;1.60;2.13;25093.74;531;1259.23;1.58;5.77;22135.46;454;385.39;0.59;2.00;10240.87;193;759.31;0.71;8.53;34086.35;720;850.00;0.84;2.87;54581.22;1 178;807.81;1.27;1.70;22785.11;444;1229.17;1.94;6.20;37429.95;685;680.11;0.96;2.09;61950.48;1 152;983.58;1.52;1.83;52312.82;978;855.98;1.12;1.88;35921.29;651;832.63;1.08;2.67;45179.57;843;647.39;1.01;1.65;43522.06;794;782.94;0.99;2.07;36013.86;695;11651.99;13.79;37.21;29022.12;523;942.10;1.32;3.73;20602.56;382;951.59;1.24;5.31;28407.97;505;1049.44;1.48;4.25;48977.10;840;847.54;1.20;1.99;36959.10;640;1263.95;2.20;3.93;55689.98;1 002;982.32;1.33;2.03;38659.27;698;651.88;0.76;1.94;34898.58;617;853.91;1.15;2.81;31765.06;549;1036.92;1.44;3.75;12672.93;207;620.89;0.87;5.63;6973.94;116;341.00;0.47;5.62;30726.94;541;546.26;0.67;2.04;36565.66;644;540.57;0.76;1.70;39991.11;689;835.79;1.08;2.40;23730.04;401;572.63;0.83;2.78;35905.25;610;896.28;1.28;2.87;35802.18;607;769.42;1.27;2.47;31795.07;528;894.06;1.54;3.23;21864.50;350;987.76;1.73;5.20;13591.59;206;1412.85;2.15;11.95;1986.63;27;214.25;0.36;12.40;43151.55;775;477.56;0.76;1.27;12106.89;211;308.11;0.50;2.93;12568.96;217;273.85;0.37;2.51;12359.91;209;404.70;0.68;3.77;23241.89;411;479.90;0.81;2.37
8862;SPAR SUGAR WHITE;5;148991.16;4 850;28068.80;0.80;21.67;2686.42;108;538.39;0.64;23.05;2981.05;115;591.40;0.98;22.81;3555.43;137;708.10;1.27;22.90;4180.49;161;834.07;1.11;22.94;3763.35;145;749.71;1.42;22.91;4047.94;156;805.80;0.91;22.89;4276.87;153;931.16;1.28;25.04;3491.75;125;758.64;1.01;24.99;3519.74;126;764.76;0.96;24.99;3042.51;109;659.54;0.88;24.93;3799.64;136;825.94;1.04;25.00;4079.54;146;887.12;1.36;25.01;3775.85;135;823.47;0.76;25.08;4912.24;176;1064.56;1.05;24.92;4910.84;176;1063.35;1.67;24.90;4869.48;162;1086.90;1.72;25.67;4217.77;128;826.90;1.16;22.55;2335.69;71;455.32;0.71;22.42;1055.68;32;207.80;0.27;22.64;494.85;15;97.41;0.13;22.64;2536.93;77;497.15;0.78;22.54;2729.92;83;531.81;0.67;22.40;1548.88;47;303.77;0.36;22.55;2893.22;88;562.84;0.79;22.37;3426.01;104;670.73;0.87;22.51;2761.26;84;536.34;0.76;22.34;3292.40;100;494.68;0.70;17.28;3620.65;110;543.28;0.94;17.26;4513.03;137;679.83;0.92;17.32;4743.96;144;714.86;0.84;17.33;3281.64;96;544.54;0.73;19.08;4646.67;133;812.06;1.13;20.10;3324.05;95;584.39;0.82;20.22;2972.40;85;521.35;0.72;20.17;1955.94;56;341.44;0.42;20.08;977.97;28;170.72;0.24;20.08;2132.64;61;373.72;0.48;20.15;2935.66;84;513.68;0.74;20.12;2932.16;84;510.64;0.73;20.03;2657.49;76;465.99;0.77;20.17;4388.22;135;595.02;1.03;15.59;2579.94;82;303.27;0.53;13.52;1747.75;50;306.05;0.47;20.14;2515.78;72;439.86;0.73;20.11;1571.05;45;273.77;0.43;20.04;2328.33;67;412.92;0.68;20.39;1340.09;39;236.70;0.32;20.31;1042.95;30;181.60;0.31;20.02;1597.04;46;265.45;0.45;19.11
8865;SPAR SUGAR WHITE REFINED;5;1235427.35;28 157;32532.42;0.93;3.03;29732.04;796;682.29;0.81;2.64;25005.79;686;-788.34;-1.31;-3.63;39918.67;1 033;252.29;0.45;0.73;29639.26;769;665.18;0.89;2.58;46316.40;1 260;-2272.61;-4.31;-5.64;30765.66;799;397.42;0.45;1.49;24210.35;630;497.69;0.68;2.36;40771.68;1 032;1075.18;1.43;3.03;33609.76;875;661.57;0.83;2.26;27376.52;708;637.85;0.85;2.68;28134.32;668;1807.08;2.27;7.39;15886.82;318;2222.38;3.40;16.09;13582.80;270;1926.70;1.79;16.31;32602.60;820;1139.20;1.12;4.02;36376.81;879;1180.88;1.85;3.73;57229.19;1 281;3477.61;5.50;6.99;31652.38;682;566.98;0.80;2.06;38263.78;842;678.14;1.05;2.04;35515.15;785;542.90;0.71;1.76;34243.83;737;1021.27;1.32;3.43;21789.41;479;397.81;0.62;2.10;13907.42;298;441.44;0.56;3.65;47791.99;1 061;610.58;0.72;1.47;1343.76;24;163.41;0.23;13.98;24256.26;514;895.99;1.17;4.25;22650.23;457;718.59;1.01;3.65;4973.06;79;815.76;1.15;18.86;31916.64;656;-1381.46;-2.40;-4.98;25648.07;553;703.81;0.95;3.16;3083.36;49;504.94;0.59;18.83;27354.57;588;802.34;1.08;3.37;36356.27;753;1393.32;1.94;4.41;39433.03;787;1590.36;2.24;4.64;16196.38;302;1039.82;1.43;7.38;29732.39;641;422.87;0.52;1.64;20224.98;437;816.43;1.15;4.64;29627.95;641;615.23;0.79;2.39;20990.97;413;500.21;0.72;2.74;22807.12;493;597.70;0.85;3.01;18079.05;395;411.04;0.68;2.61;21674.47;473;415.22;0.72;2.20;35887.64;766;1010.95;1.77;3.24;9052.86;159;1737.96;2.65;22.08;19864.63;437;-1404.57;-2.34;-8.13;7368.60;140;947.42;1.50;14.79;1707.84;31;154.34;0.25;10.39;16146.60;350;620.17;0.83;4.42;12430.33;272;379.06;0.64;3.51;2297.66;39;240.01;0.41;12.01
8867;SPAR SUGAR BROWN POLYETHY;5;707056.54;16 878;35384.13;1.01;5.76;5918.45;155;589.60;0.70;11.46;7340.96;194;559.18;0.93;8.76;1689.85;41;272.71;0.49;18.56;5649.75;135;967.38;1.29;19.69;7885.80;200;1012.24;1.92;14.76;8107.04;206;1045.59;1.18;14.83;5797.83;142;817.84;1.12;16.22;8620.11;214;893.34;1.19;11.92;8115.74;226;108.93;0.14;1.54;7890.49;201;729.90;0.97;10.64;14051.07;393;-81.77;-0.10;-0.67;13929.51;374;696.76;1.07;5.75;18585.72;513;626.10;0.58;3.87;14987.31;379;929.56;0.91;7.13;17177.57;433;856.22;1.34;5.73;17986.71;429;1150.23;1.82;7.35;17338.12;388;973.46;1.37;6.46;17433.39;411;189.07;0.29;1.25;20207.58;492;549.98;0.72;3.13;15326.39;361;735.69;0.95;5.52;26310.04;696;451.63;0.71;1.97;14695.03;347;738.49;0.93;5.78;18633.63;458;445.23;0.53;2.75;23287.02;548;421.56;0.59;2.08;27385.14;686;289.96;0.38;1.22;22229.08;527;347.15;0.49;1.80;14042.63;302;882.02;1.25;7.22;17712.36;365;932.91;1.62;6.06;13627.63;299;641.74;0.87;5.42;20306.95;415;3092.98;3.62;17.52;20850.07;479;1349.42;1.81;7.44;14909.95;296;2114.19;2.94;16.31;18885.61;447;428.44;0.60;2.61;16335.95;333;2054.70;2.83;14.46;17242.24;422;-284.10;-0.35;-1.89;25261.82;632;-111.38;-0.16;-0.51;17754.75;401;1450.43;1.87;9.39;19257.53;461;500.07;0.72;2.99;15395.84;359;546.08;0.78;4.08;19539.39;476;540.43;0.89;3.18;15252.71;356;578.87;1.00;4.36;9391.18;217;227.94;0.40;2.79;10148.77;227;1012.42;1.54;11.47;9155.76;206;884.00;1.47;11.10;15681.68;370;695.76;1.10;5.10;8713.71;194;474.57;0.78;6.26;9546.63;217;418.24;0.56;5.04;7897.54;186;225.03;0.38;3.28;3566.51;69;413.33;0.70;13.33
8868;SPAR SUGAR  BROWN;5;103236.70;3 677;16623.84;0.47;18.52;1401.86;64;269.22;0.32;22.09;1802.08;82;301.78;0.50;19.26;2604.71;119;428.82;0.77;18.93;2343.03;107;386.43;0.52;18.97;2302.35;105;381.91;0.72;19.08;1947.21;89;319.97;0.36;18.90;1460.68;60;278.13;0.38;21.90;1637.17;67;315.87;0.42;22.19;1361.68;56;258.18;0.32;21.80;903.69;37;174.07;0.23;22.15;1205.66;44;262.43;0.33;25.03;1532.45;55;343.91;0.53;25.81;2208.41;79;500.29;0.46;26.05;3017.32;108;682.40;0.67;26.01;2067.06;74;467.26;0.73;26.00;2850.61;104;595.83;0.94;24.04;1348.05;45;262.80;0.37;22.42;2034.82;68;395.18;0.61;22.33;1946.35;65;378.88;0.49;22.39;2360.21;79;455.83;0.59;22.21;2034.82;68;395.18;0.62;22.33;2153.28;72;417.35;0.53;22.29;956.68;32;185.20;0.22;22.26;2573.14;86;499.52;0.70;22.32;2306.23;77;407.26;0.53;20.31;869.71;29;130.87;0.18;17.30;2813.06;94;418.98;0.59;17.13;3678.27;123;545.94;0.95;17.07;3204.43;107;478.95;0.65;17.19;2186.27;73;326.82;0.38;17.19;449.85;15;59.60;0.08;15.24;2889.53;97;368.46;0.51;14.66;2930.02;98;381.56;0.54;14.98;2513.16;84;328.54;0.45;15.03;2691.60;90;351.08;0.43;15.00;2721.59;91;355.05;0.50;15.00;2994.50;100;393.42;0.51;15.11;2516.16;84;331.15;0.48;15.14;2961.51;99;386.84;0.55;15.02;2031.82;68;263.67;0.43;14.92;1548.98;52;197.48;0.34;14.66;2484.67;83;325.88;0.57;15.08;2480.17;83;321.96;0.49;14.93;2865.54;96;369.70;0.62;14.84;1165.11;39;151.05;0.24;14.91;1703.43;57;193.80;0.32;13.08;1617.96;54;182.36;0.24;12.96;1433.52;48;158.04;0.27;12.68;2126.29;71;238.87;0.40;12.92
9000;YUMEEZ CHOC ORIGINAL;5;25440.84;5 457;5060.59;0.14;22.88;330.97;83;63.43;0.07;22.04;307.23;77;59.01;0.10;22.09;506.73;127;97.33;0.17;22.09;247.38;62;47.51;0.06;22.09;394.61;99;75.52;0.14;22.01;520.89;131;98.83;0.11;21.82;536.45;135;101.55;0.14;21.77;578.15;145;110.78;0.15;22.03;244.98;62;45.43;0.06;21.32;495.35;125;92.84;0.12;21.55;469.22;118;89.04;0.11;21.82;522.69;131;100.39;0.15;22.09;674.31;169;129.52;0.12;22.09;632.61;159;120.29;0.12;21.87;658.35;165;126.45;0.20;22.09;418.95;105;80.47;0.13;22.09;686.28;172;134.12;0.19;22.47;765.28;192;149.02;0.23;22.39;1212.98;303;235.16;0.31;22.30;733.03;147;145.60;0.19;22.84;986.02;198;194.96;0.30;22.74;497.50;100;98.04;0.12;22.66;543.41;109;107.85;0.13;22.82;588.07;118;116.57;0.16;22.80;573.10;115;113.59;0.15;22.79;718.06;144;142.62;0.20;22.84;543.66;109;108.07;0.15;22.86;617.76;124;122.32;0.21;22.77;641.21;129;125.98;0.17;22.59;693.61;139;138.09;0.16;22.89;667.66;134;132.25;0.18;22.78;713.57;143;142.06;0.20;22.89;538.17;108;106.64;0.15;22.79;359.28;72;71.53;0.10;22.89;518.71;104;103.10;0.13;22.86;444.11;89;88.42;0.12;22.89;618.51;124;122.97;0.16;22.86;303.58;52;66.56;0.10;25.21;466.62;78;89.97;0.13;22.17;400.13;67;76.68;0.13;22.04;355.21;59;68.44;0.12;22.16;423.59;61;114.02;0.20;30.96;341.81;49;92.94;0.14;31.27;441.28;72;97.92;0.16;25.52;346.82;58;73.23;0.12;24.28;191.68;32;40.69;0.07;24.41;251.28;42;53.14;0.07;24.32;296.80;50;61.23;0.10;23.72;423.19;71;88.45;0.15;24.04
9001;YUMEEZ CHOC CARAMEL;5;20994.89;4 501;4174.75;0.12;22.87;351.12;88;67.44;0.08;22.09;347.13;87;66.67;0.11;22.09;494.76;124;95.03;0.17;22.09;231.42;58;44.45;0.06;22.09;398.80;100;76.46;0.14;22.05;578.15;145;110.78;0.12;22.03;936.65;235;179.23;0.25;22.01;506.73;127;97.33;0.13;22.09;270.52;68;51.42;0.06;21.86;390.42;98;74.58;0.10;21.97;462.24;116;88.38;0.11;21.99;510.72;128;98.09;0.15;22.09;710.22;178;136.41;0.13;22.09;482.39;121;92.38;0.09;22.02;606.48;152;116.49;0.18;22.09;191.52;48;36.79;0.06;22.09;287.28;72;56.14;0.08;22.47;191.52;48;37.43;0.06;22.47;276.12;68;53.26;0.07;22.18;468.81;94;93.17;0.12;22.85;652.69;131;129.27;0.20;22.78;314.12;63;62.37;0.08;22.83;433.13;87;85.56;0.10;22.72;473.30;95;93.72;0.13;22.77;478.79;96;95.15;0.12;22.85;717.81;144;142.40;0.20;22.81;477.79;96;94.28;0.13;22.69;359.28;72;71.53;0.12;22.89;453.09;91;89.53;0.12;22.72;673.65;135;134.11;0.16;22.89;613.77;123;122.19;0.16;22.89;693.61;139;138.09;0.19;22.89;603.29;121;119.77;0.17;22.83;373.75;75;74.07;0.10;22.79;588.32;118;116.79;0.14;22.83;603.79;121;120.21;0.17;22.89;583.83;117;116.23;0.15;22.89;316.41;54;66.08;0.10;24.02;424.99;71;82.11;0.12;22.22;329.45;55;63.81;0.11;22.27;236.61;39;46.17;0.08;22.44;335.17;48;91.34;0.16;31.34;209.70;30;57.27;0.09;31.41;272.56;44;61.68;0.10;26.03;215.34;36;45.51;0.07;24.31;173.71;29;36.87;0.06;24.41;197.37;33;41.70;0.06;24.30;221.63;37;47.05;0.08;24.41;274.94;46;57.97;0.10;24.25
9025;RED BULL ENERGY DRINK;5;217589.10;13 006;28261.32;0.81;14.94;3071.71;209;362.87;0.43;13.59;3319.10;269;-24.47;-0.04;-0.85;2106.76;124;296.99;0.53;16.21;1494.27;88;210.03;0.28;16.16;2712.79;202;-121.55;-0.23;-5.15;3954.92;303;-33.92;-0.04;-0.99;3395.14;241;-64.04;-0.09;-2.17;2718.40;160;372.86;0.50;15.77;3676.60;242;197.22;0.25;6.17;2990.60;191;230.18;0.31;8.85;2793.29;171;310.53;0.39;12.78;4191.99;306;-128.52;-0.20;-3.53;2572.57;143;470.82;0.44;21.05;3939.51;249;372.02;0.37;10.86;3811.00;248;275.33;0.43;8.31;2536.59;141;461.56;0.73;20.93;4298.57;243;869.90;1.22;23.27;3831.87;213;708.45;1.10;21.26;3232.80;180;620.25;0.81;22.06;3813.88;212;776.47;1.01;23.41;4363.91;309;305.05;0.48;8.04;5144.84;316;728.61;0.92;16.29;4765.55;265;879.85;1.04;21.23;6229.38;366;1032.93;1.44;19.07;6025.21;378;846.66;1.10;16.16;4842.39;328;520.77;0.74;12.37;4141.29;260;570.78;0.81;15.85;2696.58;142;444.27;0.77;18.95;2126.88;112;363.84;0.49;19.67;3227.35;170;543.53;0.64;19.37;2924.46;154;562.14;0.75;22.11;3892.00;205;747.47;1.04;22.09;6525.53;432;677.29;0.95;11.94;8737.10;534;1197.91;1.65;15.77;5354.23;282;1023.29;1.26;21.98;5369.05;314;649.25;0.92;13.91;9701.14;591;893.54;1.15;10.59;6273.78;369;888.45;1.28;16.29;4389.57;254;654.94;0.93;17.16;3850.38;207;609.42;1.00;18.20;5819.75;364;564.09;0.97;11.15;3838.08;192;679.09;1.19;20.35;3458.27;173;730.62;1.11;24.30;4977.51;249;963.04;1.60;22.25;6535.68;378;908.37;1.44;15.98;7954.97;449;1149.34;1.88;16.62;6614.69;331;1163.88;1.56;20.23;4875.56;244;822.42;1.38;19.40;8471.61;503;977.51;1.66;13.27
9026;RED BULL ENERGY DRINK;5;187167.57;8 095;23175.89;0.66;14.24;1908.17;83;266.72;0.32;16.07;1655.28;72;230.34;0.38;16.00;3791.31;216;-128.49;-0.23;-3.90;2727.44;152;196.77;0.26;8.30;1977.14;86;275.13;0.52;16.00;1333.42;58;185.55;0.21;16.00;2666.84;116;371.11;0.51;16.00;2551.89;111;345.99;0.46;15.59;2571.43;112;344.32;0.43;15.40;2940.42;128;394.94;0.53;15.45;2873.75;125;387.64;0.49;15.51;2230.03;97;300.81;0.46;15.51;2688.68;117;361.83;0.34;15.48;2643.85;115;356.63;0.35;15.51;2301.74;126;162.12;0.25;8.10;2534.84;116;376.89;0.60;17.10;1499.40;60;292.23;0.41;22.41;3595.40;191;-77.37;-0.12;-2.47;2474.01;99;482.18;0.63;22.41;2449.02;98;477.31;0.62;22.41;4923.03;197;959.50;1.50;22.41;3548.58;142;691.62;0.87;22.41;3548.58;142;691.62;0.82;22.41;3523.59;141;686.75;0.96;22.41;4748.80;221;582.92;0.76;14.12;5180.88;224;786.16;1.11;17.45;4758.95;245;535.43;0.76;12.94;3434.76;142;496.17;0.86;16.61;2934.27;113;425.20;0.58;16.66;7343.92;343;786.79;0.92;12.32;4740.23;185;712.17;0.96;17.28;5042.06;194;733.86;1.02;16.74;3768.55;145;548.51;0.77;16.74;7900.95;405;322.00;0.44;4.69;3638.60;140;529.59;0.65;16.74;3014.84;116;438.80;0.62;16.74;5016.07;193;730.08;0.94;16.74;3144.79;121;457.72;0.66;16.74;6633.88;349;391.55;0.56;6.79;6937.06;319;682.44;1.12;11.31;3103.85;115;451.47;0.78;16.73;7774.92;351;559.18;0.98;8.27;6918.80;304;571.50;0.87;9.50;4534.32;168;659.55;1.10;16.73;4612.59;171;668.98;1.06;16.68;5232.01;194;758.10;1.24;16.66;3886.56;144;565.32;0.76;16.73;3832.58;142;557.47;0.94;16.73;4075.49;151;592.81;1.00;16.73
9029;RED BULL ENERGY DRINK;5;104439.93;3 322;16247.05;0.46;17.89;1709.43;57;284.26;0.34;19.12;1199.60;40;199.48;0.33;19.12;1139.62;38;189.50;0.34;19.12;1179.60;40;182.09;0.24;17.75;1884.35;65;267.63;0.51;16.33;1623.44;56;230.57;0.26;16.33;1449.50;50;205.87;0.28;16.33;1797.38;62;246.80;0.33;15.79;1014.65;35;138.90;0.17;15.74;1768.39;61;242.09;0.32;15.74;1478.49;51;202.40;0.25;15.74;1072.63;37;146.84;0.22;15.74;1971.32;68;269.87;0.25;15.74;1477.04;51;201.14;0.20;15.66;1507.48;52;206.37;0.32;15.74;1362.55;45;227.00;0.36;19.16;2138.31;69;396.28;0.56;21.31;1456.53;47;269.93;0.42;21.31;1611.48;52;298.65;0.39;21.31;1766.43;57;327.36;0.42;21.31;1642.47;53;304.39;0.48;21.31;3436.79;111;634.80;0.80;21.24;3718.80;120;689.19;0.82;21.31;3501.87;113;648.98;0.91;21.31;2614.14;86;449.57;0.59;19.78;1529.49;51;248.56;0.35;18.69;2519.16;84;409.39;0.58;18.69;1945.37;63;304.56;0.53;18.00;1663.48;52;248.82;0.34;17.20;2079.35;65;311.02;0.36;17.20;2175.32;68;325.38;0.44;17.20;2079.35;65;311.02;0.43;17.20;3101.43;97;462.75;0.65;17.16;3039.05;95;454.57;0.63;17.20;2399.25;75;358.87;0.44;17.20;2495.22;78;373.23;0.53;17.20;2783.13;87;416.29;0.54;17.20;2879.10;90;430.65;0.62;17.20;2813.52;88;419.69;0.60;17.15;913.73;27;133.80;0.22;16.84;1937.43;57;283.25;0.49;16.81;2957.13;87;432.33;0.76;16.81;1869.45;55;273.31;0.42;16.81;3432.99;101;501.90;0.83;16.81;2787.18;82;407.48;0.64;16.81;3529.86;104;512.37;0.84;16.69;2481.27;73;362.76;0.49;16.81;2277.33;67;332.94;0.56;16.81;3229.05;95;472.09;0.80;16.81
9240;POLANA SPAGHETTI;5;179743.88;12 683;6997.11;0.20;4.48;3923.55;345;142.52;0.17;4.18;3588.88;312;125.58;0.21;4.02;3744.21;330;183.38;0.33;5.63;2208.51;165;272.38;0.36;14.18;3849.68;319;270.51;0.51;8.08;4921.37;412;-81.18;-0.09;-1.90;6202.39;498;205.31;0.28;3.81;6863.26;554;-52.68;-0.07;-0.88;6380.65;497;319.03;0.40;5.75;3473.29;254;292.50;0.39;9.68;4263.49;320;322.68;0.41;8.70;1297.30;70;279.62;0.43;24.79;6559.01;499;121.02;0.11;2.12;239.88;12;49.10;0.05;23.54;3145.76;224;45.68;0.07;1.67;8933.64;636;130.97;0.21;1.69;4957.66;334;131.08;0.18;3.04;5411.49;351;235.03;0.36;4.99;1039.51;49;205.42;0.27;22.73;4649.97;293;277.58;0.36;6.86;7114.49;460;-407.93;-0.64;-6.59;2197.59;141;88.70;0.11;4.64;4372.13;287;118.00;0.14;3.10;671.67;33;225.01;0.31;38.53;4432.27;308;167.53;0.22;4.35;7856.25;551;17.60;0.02;0.26;5649.31;369;339.89;0.48;6.92;5110.89;336;171.62;0.30;3.86;5086.73;337;113.76;0.15;2.57;321.77;23;7.99;0.01;2.85;3864.96;254;343.67;0.46;10.23;5334.03;352;136.38;0.19;2.94;4683.96;309;120.94;0.17;2.97;569.70;30;107.86;0.15;21.77;1118.51;59;210.48;0.26;21.64;5095.70;341;214.32;0.30;4.84;5473.37;383;163.96;0.21;3.44;4731.40;310;148.21;0.21;3.60;569.70;30;107.86;0.15;21.77;2185.65;140;118.24;0.19;6.22;5478.28;377;168.51;0.29;3.54;1986.94;137;77.39;0.14;4.48;1272.33;67;240.89;0.37;21.77;2246.54;151;2.96;0.00;0.15;4197.16;289;49.97;0.08;1.37;710.67;38;132.56;0.22;21.45;319.98;17;65.19;0.09;23.43;970.66;54;181.82;0.31;21.54;467.74;26;88.20;0.15;21.68
9241;POLANA MACARONI;5;206190.72;14 561;7560.06;0.22;4.22;3883.81;344;125.72;0.15;3.72;4557.27;398;160.16;0.27;4.04;3957.73;350;183.63;0.33;5.34;1953.90;156;244.19;0.33;14.37;4532.60;388;326.72;0.62;8.29;4628.06;391;-156.41;-0.18;-3.89;7561.19;611;221.35;0.30;3.37;7488.61;615;-161.07;-0.21;-2.47;6504.76;482;517.85;0.65;9.16;5554.14;415;382.27;0.51;7.92;2037.74;147;199.17;0.25;11.24;1280.32;68;274.73;0.42;24.68;7540.34;566;193.56;0.18;2.95;259.87;13;53.19;0.05;23.54;3201.72;228;46.36;0.07;1.67;10801.33;767;175.76;0.28;1.87;6444.67;433;177.97;0.25;3.18;6825.62;438;337.38;0.52;5.68;756.53;37;137.01;0.18;20.83;7201.17;473;261.74;0.34;4.18;6341.56;407;-320.95;-0.50;-5.82;2491.38;162;80.68;0.10;3.72;4963.77;313;252.37;0.30;5.85;702.65;35;249.15;0.35;40.78;4862.00;340;180.03;0.23;4.26;7140.68;489;74.52;0.11;1.20;6359.89;416;377.65;0.53;6.83;3919.13;262;78.40;0.14;2.30;5875.33;392;97.73;0.13;1.91;237.13;17;5.29;0.01;2.57;4303.14;286;352.02;0.47;9.41;7150.25;475;144.10;0.20;2.32;6225.68;412;144.84;0.20;2.68;721.62;38;136.63;0.19;21.77;796.63;42;150.18;0.18;21.68;7311.25;488;325.20;0.46;5.12;7582.37;534;195.76;0.25;2.97;5904.30;390;146.22;0.21;2.85;472.85;25;88.23;0.13;21.46;2895.15;190;102.60;0.17;4.08;7077.35;480;280.78;0.48;4.56;2932.09;202;116.30;0.20;4.56;740.61;39;140.22;0.21;21.77;3859.44;266;-80.05;-0.13;-2.39;5492.16;384;4.10;0.01;0.09;530.71;29;97.79;0.16;21.19;436.77;23;84.88;0.11;22.35;1515.66;84;282.87;0.48;21.46;377.79;21;71.24;0.12;21.68
9483;T/SAVER T/ROLL 1PLY WHT;5;115632.89;11 696;30984.45;0.88;30.81;1116.65;160;232.06;0.27;23.90;2084.41;299;403.88;0.67;22.28;2926.71;419;526.22;0.95;20.68;2204.29;316;394.29;0.53;20.57;1417.57;203;254.62;0.48;20.66;1561.56;224;278.65;0.31;20.52;1927.14;276;346.01;0.48;20.65;1888.69;271;336.66;0.45;20.50;3015.82;433;536.26;0.67;20.45;3397.22;413;774.93;1.03;26.23;2370.66;264;630.30;0.79;30.58;3036.82;338;808.42;1.24;30.61;4641.08;517;1233.06;1.15;30.55;5422.98;462;1698.84;1.67;36.03;4997.43;417;1582.38;2.48;36.41;3009.49;251;953.72;1.51;36.44;4946.47;413;1578.08;2.22;36.69;5469.23;457;1742.53;2.70;36.64;3114.40;260;993.81;1.29;36.70;3091.62;258;987.19;1.28;36.72;3616.18;302;1153.21;1.80;36.67;5080.76;424;1622.32;2.05;36.72;4849.35;405;1546.38;1.83;36.67;3093.42;258;988.76;1.38;36.76;2576.65;215;822.92;1.07;36.73;2273.30;190;723.98;1.02;36.62;1562.52;148;415.83;0.59;30.60;1488.51;149;358.70;0.62;27.71;1685.81;169;404.67;0.55;27.61;1716.28;172;412.33;0.48;27.63;1518.48;152;365.92;0.49;27.71;1313.18;132;312.99;0.44;27.41;1605.39;161;384.98;0.54;27.58;1664.83;167;398.99;0.55;27.56;1716.28;172;412.33;0.51;27.63;1538.46;154;370.73;0.52;27.71;1844.65;185;442.32;0.57;27.58;1533.96;154;366.82;0.53;27.50;1407.59;141;338.57;0.48;27.66;1082.91;109;257.18;0.42;27.31;1273.72;128;303.79;0.52;27.43;1287.21;129;309.24;0.54;27.63;1283.71;129;306.20;0.47;27.43;1256.24;126;301.15;0.50;27.57;907.09;91;217.33;0.34;27.55;1228.27;123;295.67;0.48;27.68;1227.77;123;295.24;0.40;27.65;1174.32;118;280.16;0.47;27.44;1185.81;119;283.87;0.48;27.53
9583;JACOBS COFFEE STICK 3IN1;5;27946.77;5 994;6563.39;0.19;27.01;291.07;73;79.05;0.09;31.23;562.39;141;152.85;0.25;31.26;710.22;178;193.18;0.35;31.28;1069.32;268;290.85;0.39;31.28;1332.26;334;362.13;0.69;31.26;1204.98;302;299.32;0.34;28.57;549.42;138;134.91;0.19;28.24;438.90;110;108.37;0.14;28.39;573.76;144;141.17;0.18;28.29;331.17;83;81.77;0.11;28.39;323.34;66;109.00;0.14;38.77;354.29;71;122.46;0.19;39.75;409.18;82;141.43;0.13;39.75;561.61;139;100.43;0.10;20.57;892.64;186;256.39;0.40;33.03;723.30;145;223.73;0.35;35.57;738.52;148;183.02;0.26;28.50;816.36;164;197.25;0.31;27.79;838.32;168;203.84;0.27;27.96;643.71;129;156.52;0.20;27.96;199.35;40;48.32;0.08;27.87;398.20;80;96.20;0.12;27.78;372.25;75;89.26;0.11;27.58;487.77;98;117.82;0.16;27.78;976.54;196;235.42;0.31;27.72;1392.21;279;308.19;0.44;25.46;1416.66;284;313.28;0.44;25.43;1718.81;345;378.71;0.66;25.34;1462.07;293;286.69;0.39;22.55;1146.20;230;213.94;0.25;21.46;1236.52;248;231.22;0.31;21.50;1665.91;334;311.92;0.43;21.53;1596.30;320;299.03;0.42;21.54;513.22;103;95.74;0.13;21.45;0.00;0;0.00;0.00;0.00;0.00;0;0.00;0.00;0.00;0.00;0;0.00;0.00;0.00;0.00;0;0.00;0.00;0.00;0.00;0;0.00;0.00;0.00;0.00;0;0.00;0.00;0.00;0.00;0;0.00;0.00;0.00;0.00;0;0.00;0.00;0.00;0.00;0;0.00;0.00;0.00;0.00;0;0.00;0.00;0.00;0.00;0;0.00;0.00;0.00;0.00;0;0.00;0.00;0.00;0.00;0;0.00;0.00;0.00;0.00;0;0.00;0.00;0.00;0.00;0;0.00;0.00;0.00
9605;JACOBS KRONUNG GOLD STICK;5;14557.61;4 116;2438.84;0.07;19.27;0.00;0;0.00;0.00;0.00;0.00;0;0.00;0.00;0.00;0.00;0;0.00;0.00;0.00;0.00;0;0.00;0.00;0.00;0.00;0;0.00;0.00;0.00;0.00;0;0.00;0.00;0.00;0.00;0;0.00;0.00;0.00;0.00;0;0.00;0.00;0.00;0.00;0;0.00;0.00;0.00;0.00;0;0.00;0.00;0.00;0.00;0;0.00;0.00;0.00;0.00;0;0.00;0.00;0.00;0.00;0;0.00;0.00;0.00;0.00;0;0.00;0.00;0.00;0.00;0;0.00;0.00;0.00;129.98;50;9.13;0.01;8.08;359.67;114;59.89;0.08;19.15;136.11;39;31.85;0.05;26.91;423.05;141;55.12;0.07;14.98;611.54;205;77.07;0.10;14.49;348.57;102;74.69;0.12;24.64;527.70;174;66.19;0.08;14.42;704.66;204;152.36;0.18;24.87;507.62;143;113.77;0.16;25.77;590.54;170;102.88;0.13;20.03;542.36;160;85.14;0.12;18.05;209.97;75;1.42;0.00;0.78;315.64;90;57.08;0.10;20.80;746.19;225;105.38;0.14;16.24;748.66;214;134.10;0.16;20.60;875.37;243;174.23;0.23;22.89;92.44;30;7.92;0.01;9.85;349.95;125;2.37;0.00;0.78;69.99;25;0.47;0.00;0.78;328.56;92;63.48;0.08;22.22;366.90;110;26.01;0.04;8.15;375.31;93;70.72;0.09;21.67;620.31;176;55.62;0.08;10.31;479.37;135;45.76;0.07;10.98;477.46;116;96.32;0.16;23.20;499.37;135;63.15;0.11;14.54;677.28;156;160.13;0.28;27.19;453.65;111;89.36;0.14;22.65;480.62;112;110.07;0.18;26.34;121.23;27;31.20;0.05;29.60;265.10;64;54.60;0.09;23.69;453.46;106;102.94;0.14;26.11;462.66;108;105.44;0.18;26.21;206.32;46;52.96;0.09;29.52
9996;LUCOZADE ORIGINAL;5;70847.20;3 550;15756.41;0.45;25.58;424.75;25;85.15;0.10;23.05;1546.09;91;309.96;0.51;23.05;594.65;35;119.21;0.21;23.05;592.66;34;109.94;0.15;21.33;479.84;26;88.92;0.17;21.31;436.77;23;89.35;0.10;23.53;1973.06;104;402.36;0.55;23.45;721.62;38;147.62;0.20;23.53;474.75;25;97.12;0.12;23.53;1196.37;63;244.74;0.33;23.53;2050.92;108;419.55;0.53;23.53;797.58;42;163.16;0.25;23.53;2886.48;152;590.48;0.55;23.53;1310.31;69;268.05;0.26;23.53;588.69;31;120.43;0.19;23.53;569.70;30;116.54;0.18;23.53;550.71;29;114.47;0.16;23.90;265.86;14;55.26;0.09;23.90;2226.07;93;481.56;0.63;24.88;819.61;39;163.39;0.21;22.92;3254.52;148;771.66;1.21;27.27;1451.34;66;344.12;0.43;27.27;4837.80;220;1147.07;1.36;27.27;593.73;27;140.78;0.20;27.27;2180.75;105;626.91;0.82;33.06;375.77;23;76.58;0.11;23.44;1031.47;53;176.31;0.25;19.66;1679.16;84;318.02;0.55;21.78;419.79;21;79.51;0.11;21.78;2298.85;115;435.39;0.51;21.78;1015.37;63;192.31;0.26;21.78;447.72;28;84.80;0.12;21.78;1295.19;81;245.31;0.35;21.78;2798.25;175;530.00;0.73;21.78;734.74;46;138.62;0.17;21.70;726.52;38;173.62;0.25;27.48;2045.07;93;506.53;0.65;28.48;504.67;23;124.31;0.18;28.33;1539.30;70;381.26;0.54;28.48;1055.52;48;261.43;0.43;28.48;1384.27;63;342.18;0.59;28.43;2836.71;129;702.60;1.23;28.48;1715.22;78;424.83;0.65;28.48;2594.82;118;642.69;1.07;28.48;2614.61;119;646.23;1.02;28.42;2704.77;123;669.92;1.10;28.48;3804.27;173;942.25;1.27;28.48;1377.15;85;256.49;0.43;21.42;1023.36;64;187.43;0.32;21.06
10066;F/CAPE MILK UHT FULL CRM;5;804783.77;50 388;30994.05;0.88;3.86;0.00;0;0.00;0.00;0.00;0.00;0;0.00;0.00;0.00;0.00;0;0.00;0.00;0.00;0.00;0;0.00;0.00;0.00;0.00;0;0.00;0.00;0.00;0.00;0;0.00;0.00;0.00;0.00;0;0.00;0.00;0.00;0.00;0;0.00;0.00;0.00;0.00;0;0.00;0.00;0.00;0.00;0;0.00;0.00;0.00;0.00;0;0.00;0.00;0.00;0.00;0;0.00;0.00;0.00;0.00;0;0.00;0.00;0.00;36883.42;2 373;1324.02;1.30;3.59;44735.61;2 864;1818.57;2.85;4.07;2684.13;152;393.81;0.62;14.67;26759.51;1 697;2382.92;3.35;8.90;8728.13;507;375.42;0.58;4.42;14134.98;809;1319.44;1.72;9.33;37441.59;2 199;2173.62;2.81;5.81;18960.74;1 109;1135.08;1.78;5.99;6767.91;412;242.27;0.31;3.58;31181.32;1 873;1771.42;2.10;5.68;47060.80;2 978;1836.06;2.57;3.90;34176.85;2 026;2039.23;2.66;5.97;33410.95;2 215;1074.35;1.52;3.22;50041.41;3 244;2395.51;3.38;4.79;69697.85;4 555;2410.69;4.19;3.46;50353.01;3 135;2382.39;3.22;4.73;18354.70;1 162;-1380.00;-1.61;-8.47;38826.62;2 507;-578.39;-0.78;-1.50;30080.13;1 902;-613.14;-0.85;-2.04;20784.35;1 335;-21.98;-0.03;-0.11;4984.94;296;208.28;0.29;4.18;22203.70;1 410;703.74;0.87;3.17;21400.43;1 347;817.61;1.15;3.82;12477.78;777;444.62;0.57;3.56;2765.58;167;175.12;0.25;6.33;8520.43;532;507.92;0.72;5.96;12844.72;788;648.11;1.07;5.05;20112.32;1 248;860.77;1.49;4.28;11542.07;713;507.64;0.89;4.40;12276.44;751;636.66;0.97;5.19;24883.57;1 528;1266.35;2.11;5.09;16087.63;997;694.28;1.10;4.32;2219.55;120;287.39;0.47;12.95;4163.79;226;521.07;0.70;12.51;2845.45;155;344.16;0.58;12.10;4391.36;279;-110.96;-0.19;-2.53
10067;F/CAPE MILK UHT LOW FAT;5;55277.09;3 417;2737.77;0.08;5.00;0.00;0;0.00;0.00;0.00;0.00;0;0.00;0.00;0.00;0.00;0;0.00;0.00;0.00;0.00;0;0.00;0.00;0.00;0.00;0;0.00;0.00;0.00;0.00;0;0.00;0.00;0.00;0.00;0;0.00;0.00;0.00;0.00;0;0.00;0.00;0.00;0.00;0;0.00;0.00;0.00;0.00;0;0.00;0.00;0.00;0.00;0;0.00;0.00;0.00;0.00;0;0.00;0.00;0.00;0.00;0;0.00;0.00;0.00;2910.35;180;213.05;0.21;7.32;3642.09;231;180.56;0.28;4.96;781.88;47;77.59;0.12;9.92;1439.69;91;58.58;0.08;4.07;73.11;4;-0.41;-0.00;-0.64;119.94;6;26.68;0.03;22.25;0.00;0;0.00;0.00;0.00;0.00;0;0.00;0.00;0.00;0.00;0;0.00;0.00;0.00;0.00;0;0.00;0.00;0.00;2848.82;178;167.07;0.23;5.86;605.78;32;82.16;0.11;13.56;2605.67;173;79.65;0.11;3.06;4471.10;270;371.30;0.52;8.30;6067.31;389;267.93;0.47;4.42;1974.68;122;156.24;0.21;7.91;3757.55;246;-345.96;-0.40;-10.50;194.98;12;10.48;0.01;5.37;1675.71;104;-2.58;-0.00;-0.15;1263.37;78;65.74;0.09;5.20;723.80;40;78.31;0.11;10.82;1336.77;83;66.30;0.08;4.96;776.83;47;54.87;0.08;7.06;132.93;7;19.97;0.03;15.02;0.00;0;0.00;0.00;0.00;1472.75;90;106.90;0.15;7.26;603.09;36;43.14;0.07;7.15;3868.47;238;195.67;0.34;5.06;2589.90;160;115.14;0.20;4.45;1272.78;77;72.32;0.11;5.68;2247.08;137;126.12;0.21;5.61;2625.49;161;128.21;0.20;4.88;853.79;46;111.47;0.18;13.06;910.76;49;120.03;0.16;13.18;609.32;33;76.79;0.13;12.60;821.30;50;14.43;0.02;1.76
10075;SPAR T/ROLL 2PLY WHT;5;365078.41;5 594;29100.04;0.83;9.17;3900.03;77;212.64;0.25;6.27;7509.35;145;323.89;0.54;4.96;3586.47;53;698.90;1.26;22.41;2162.08;32;419.08;0.56;22.29;6441.45;115;585.17;1.11;10.45;8261.29;161;205.74;0.23;2.86;6264.62;118;374.78;0.51;6.88;4216.53;67;698.09;0.93;19.04;11257.33;207;663.40;0.83;6.78;9034.98;152;859.31;1.15;10.94;24061.79;471;-935.39;-1.18;-4.47;7500.54;96;1378.14;2.11;21.13;6927.13;87;1291.08;1.20;21.43;14022.04;196;1804.91;1.77;14.80;11736.23;152;1937.12;3.04;18.98;5309.29;71;754.61;1.19;16.34;7555.24;101;983.08;1.38;14.96;16086.85;235;784.61;1.22;5.61;12814.35;190;587.88;0.77;5.28;8222.65;110;1002.31;1.30;14.02;12410.84;166;1514.41;2.37;14.03;11379.73;152;1400.24;1.77;14.15;13821.72;203;733.53;0.87;6.10;2834.62;38;341.09;0.48;13.84;10805.61;169;458.22;0.60;4.88;5301.79;71;642.11;0.91;13.93;9913.42;158;386.64;0.55;4.49;3299.56;44;410.05;0.71;14.29;4990.58;67;595.05;0.81;13.71;10068.52;148;534.47;0.62;6.10;10763.04;171;666.62;0.90;7.12;5897.96;79;713.41;0.99;13.91;2467.17;33;301.02;0.42;14.03;6720.91;104;222.72;0.31;3.81;7446.16;109;414.73;0.51;6.41;5538.01;74;679.85;0.96;14.12;2388.43;32;288.44;0.37;13.89;2617.15;35;319.66;0.46;14.05;3434.54;46;415.65;0.59;13.92;2892.13;37;355.70;0.59;14.14;1995.75;25;246.91;0.43;14.23;9546.24;176;255.68;0.45;3.08;9049.61;139;28.15;0.04;0.36;3351.58;42;413.69;0.69;14.19;4450.34;66;267.94;0.42;6.92;8733.70;130;525.19;0.86;6.92;6761.97;103;597.72;0.80;10.17;4951.27;73;426.93;0.72;9.92;4375.82;68;314.88;0.53;8.28
10093;SPAR TOILET TISSUE 2PLY;5;838137.91;7 356;57075.12;1.63;7.83;5454.39;61;394.72;0.47;8.32;14384.41;191;656.96;1.09;5.25;10609.79;121;478.93;0.86;5.19;22891.39;261;1129.32;1.51;5.67;6356.59;61;895.00;1.70;16.19;4987.57;43;938.12;1.06;21.63;3247.72;28;610.87;0.84;21.63;15314.85;155;671.42;0.90;5.04;11623.81;119;253.10;0.32;2.50;4278.86;39;461.07;0.62;12.39;17116.78;172;1138.12;1.43;7.65;22942.80;220;981.51;1.50;4.92;18315.84;171;1020.79;0.95;6.41;8458.93;57;1380.55;1.36;18.77;7619.49;51;1240.56;1.95;18.72;31190.00;250;1383.59;2.19;5.10;7799.48;52;1302.17;1.83;19.20;29315.19;231;1805.00;2.80;7.08;7454.50;50;1377.63;1.80;21.25;29398.59;241;2023.75;2.62;7.92;11786.03;97;632.55;0.99;6.17;10184.32;68;1580.83;1.99;17.85;19605.98;152;1455.04;1.72;8.53;38314.30;320;3054.35;4.27;9.17;6161.99;51;414.18;0.54;7.73;23570.50;200;731.99;1.03;3.57;21298.65;185;1190.49;1.68;6.43;27855.24;226;1767.05;3.07;7.30;22819.40;185;1368.13;1.85;6.89;32255.63;287;948.29;1.11;3.38;22120.63;187;1711.74;2.30;8.90;35724.06;344;1330.42;1.85;4.28;14003.94;106;2180.52;3.07;17.91;13983.95;105;1438.08;1.98;11.83;12877.48;102;1217.24;1.50;10.87;10471.66;84;662.35;0.94;7.27;21553.13;187;638.18;0.82;3.41;16911.03;147;1397.32;2.02;9.50;15988.61;139;912.87;1.30;6.57;23290.51;199;1592.69;2.62;7.86;28982.45;255;1395.79;2.41;5.54;15522.81;119;1096.42;1.92;8.12;5944.60;40;1114.05;1.70;21.55;18397.31;169;928.93;1.55;5.81;25005.65;235;749.61;1.19;3.45;8442.33;67;1167.34;1.91;15.90;6831.51;49;1345.03;1.81;22.64;26075.46;254;1283.47;2.16;5.66;23397.77;223;1627.00;2.75;8.00
10096;SPAR T/TISSUE 1PLY MINI;5;65389.73;10 181;16448.71;0.47;28.93;1231.44;275;237.29;0.28;22.16;569.78;127;110.52;0.18;22.31;0.00;0;0.00;0.00;0.00;343.68;72;73.87;0.10;24.72;1485.61;311;320.05;0.61;24.78;871.06;182;188.75;0.21;24.92;893.81;187;192.91;0.26;24.82;918.72;188;201.79;0.27;25.26;0.00;0;0.00;0.00;0.00;973.05;195;216.12;0.29;25.54;3032.42;608;672.56;0.85;25.51;2357.73;438;500.40;0.77;24.41;953.07;174;199.43;0.19;24.06;643.08;92;182.64;0.18;32.66;0.00;0;0.00;0.00;0.00;1667.11;239;471.43;0.75;32.52;1340.33;192;383.53;0.54;32.91;1170.12;168;333.27;0.52;32.75;1821.94;261;521.29;0.68;32.90;1925.74;276;550.46;0.71;32.87;2553.79;366;730.04;1.14;32.87;1584.28;227;453.11;0.57;32.89;482.31;69;138.38;0.16;32.99;962.17;138;274.62;0.38;32.82;1988.65;285;568.51;0.74;32.88;1591.96;229;451.64;0.64;32.63;1631.81;234;419.34;0.59;29.55;1953.70;280;487.20;0.85;28.68;1964.53;282;487.96;0.66;28.56;2555.54;366;638.38;0.75;28.73;1862.13;267;463.83;0.62;28.64;1718.84;246;430.10;0.60;28.78;1191.09;171;295.75;0.42;28.55;1543.74;221;386.03;0.53;28.76;1826.13;262;454.16;0.56;28.60;2098.39;301;522.14;0.74;28.62;1903.37;273;473.72;0.61;28.62;1531.85;220;380.02;0.55;28.53;1605.25;230;400.57;0.57;28.70;1051.64;151;261.03;0.43;28.54;1069.81;154;263.85;0.46;28.36;1575.89;226;392.35;0.69;28.63;1119.09;161;276.41;0.42;28.40;1029.97;148;255.17;0.42;28.49;812.23;117;199.98;0.32;28.31;1081.70;155;269.86;0.44;28.69;1195.28;172;295.06;0.40;28.39;842.64;121;209.12;0.35;28.54;863.26;124;214.06;0.36;28.52
10097;SPAR T/TISSUE 1PLY MINI;5;748817.89;23 554;93147.42;2.66;14.31;14629.72;628;1433.44;1.69;11.27;10406.57;358;2310.81;3.83;25.54;15638.52;598;2562.07;4.61;18.84;11139.35;465;1123.96;1.50;11.60;8836.55;295;2072.47;3.93;26.97;13232.02;548;1150.88;1.30;10.00;14300.79;554;1981.81;2.72;15.94;15375.06;594;1912.78;2.55;14.31;16903.86;564;3235.20;4.05;22.01;19568.63;737;2351.12;3.14;13.82;14445.82;518;2125.54;2.67;16.92;16182.23;502;3065.46;4.69;21.78;18485.94;561;3487.24;3.24;21.69;20693.02;538;4012.38;3.95;22.30;13174.70;330;2641.70;4.15;23.06;15459.06;494;970.22;1.53;7.22;14014.15;385;2182.99;3.07;17.91;9227.69;231;1884.35;2.92;23.48;18186.40;560;1634.12;2.13;10.33;14853.27;473;1024.65;1.33;7.93;2069.46;54;377.68;0.59;20.99;13294.67;333;2709.81;3.42;23.44;24990.55;745;2727.55;3.23;12.55;18356.35;565;1654.04;2.31;10.36;16325.07;493;1676.24;2.18;11.81;14008.30;392;2034.24;2.87;16.70;16238.67;495;1556.61;2.20;11.02;22004.10;696;1858.14;3.23;9.71;22911.14;736;1448.58;1.96;7.27;11661.08;292;2379.03;2.78;23.46;23297.04;696;2572.39;3.45;12.70;23116.90;710;2107.34;2.93;10.48;21143.15;635;2221.85;3.12;12.08;11823.04;296;2413.55;3.32;23.48;15751.18;482;1474.03;1.81;10.76;15876.09;491;1381.99;1.95;10.01;22699.10;740;1221.58;1.57;6.19;9663.58;242;1971.02;2.85;23.46;8909.77;223;1820.53;2.59;23.50;11089.59;341;1018.09;1.68;10.56;18854.34;586;1497.67;2.59;9.13;8767.97;268;898.06;1.57;11.78;18405.54;596;1367.83;2.09;8.55;12316.00;400;552.93;0.92;5.16;16951.25;575;707.75;1.12;4.80;9875.39;261;1650.20;2.70;19.22;11063.23;277;2257.84;3.03;23.47;15087.62;438;2319.67;3.91;17.68;17514.37;563;2108.01;3.57;13.84
10098;SPAR TOILET TISSUE 1PLY MINI 18'S;5;625371.52;10 367;48027.98;1.37;8.83;11392.73;227;1158.14;1.37;11.69;7508.03;147;820.33;1.36;12.56;3396.13;62;483.87;0.87;16.38;13582.35;265;5748.63;7.67;48.67;20529.96;404;1320.68;2.50;7.40;17856.47;353;834.87;0.94;5.38;11137.82;218;435.55;0.60;4.50;10657.87;213;233.99;0.31;2.52;8644.15;167;551.53;0.69;7.34;7339.21;119;2219.78;2.96;34.78;17802.65;335;1199.20;1.51;7.75;4746.15;85;389.11;0.60;9.43;6983.03;97;1462.21;1.36;24.08;9530.02;128;1797.49;1.77;21.69;7341.52;98;1367.89;2.15;21.43;17078.50;275;846.63;1.34;5.70;2614.92;33;531.40;0.75;23.37;8657.69;131;764.42;1.18;10.15;13145.98;202;1139.72;1.49;9.97;12134.01;184;1081.27;1.40;10.25;7832.76;124;485.32;0.76;7.13;12752.13;172;1990.23;2.51;17.95;4556.15;55;972.09;1.15;24.54;8012.79;135;538.72;0.75;7.73;16374.29;271;647.39;0.84;4.55;17593.10;290;669.13;0.95;4.37;12369.96;204;368.80;0.52;3.43;13064.76;209;633.83;1.10;5.58;11284.59;199;972.95;1.32;9.92;16040.56;244;1050.53;1.23;7.53;3521.27;43;772.50;1.04;25.23;11956.05;195;451.23;0.63;4.34;17889.04;296;459.42;0.65;2.95;18766.94;306;668.93;0.92;4.10;16934.26;274;694.82;0.86;4.72;8717.51;119;1292.27;1.82;17.05;12557.75;195;857.88;1.10;7.86;16327.04;266;587.96;0.85;4.14;25572.76;424;652.60;0.93;2.93;23296.15;385;658.00;1.08;3.25;8403.68;132;521.90;0.90;7.14;17314.34;266;1663.76;2.91;11.05;15094.24;246;571.58;0.87;4.35;26500.45;440;610.82;1.02;2.65;18024.74;296;806.91;1.28;5.15;10480.46;154;1191.89;1.95;13.08;24531.05;395;1533.78;2.06;7.19;3106.14;41;472.24;0.80;17.48;14417.37;248;843.80;1.43;6.73
10099;SPAR T/TISSUE 1PLY MINI;5;64884.28;2 942;13690.22;0.39;24.26;1768.07;118;230.07;0.27;14.96;2612.81;169;372.40;0.62;16.39;0.00;0;0.00;0.00;0.00;1294.38;72;276.34;0.37;24.55;0.00;0;0.00;0.00;0.00;0.00;0;0.00;0.00;0.00;0.00;0;0.00;0.00;0.00;0.00;0;0.00;0.00;0.00;0.00;0;0.00;0.00;0.00;0.00;0;0.00;0.00;0.00;0.00;0;0.00;0.00;0.00;0.00;0;0.00;0.00;0.00;0.00;0;0.00;0.00;0.00;746.64;36;143.85;0.14;22.16;3307.11;144;707.71;1.11;24.61;298.87;13;64.16;0.10;24.69;1034.55;45;225.45;0.32;25.06;1333.42;58;290.57;0.45;25.06;2315.09;101;500.00;0.65;24.84;1975.99;86;429.85;0.56;25.02;2955.36;129;637.28;1.00;24.80;275.88;12;60.12;0.08;25.06;2889.84;126;625.25;0.74;24.88;2496.71;109;538.08;0.75;24.78;1102.37;48;239.48;0.31;24.98;1885.18;82;410.81;0.58;25.06;1421.93;62;307.61;0.43;24.88;643.72;28;140.28;0.24;25.06;0.00;0;0.00;0.00;0.00;1103.52;48;240.48;0.28;25.06;1858.74;81;402.80;0.54;24.92;1446.07;63;313.62;0.44;24.94;1579.41;69;339.68;0.48;24.73;3055.37;133;664.32;0.91;25.00;2896.74;126;631.25;0.78;25.06;3099.05;135;672.34;0.95;24.95;2113.93;92;459.91;0.59;25.02;2795.58;122;603.21;0.87;24.81;1972.54;86;426.85;0.61;24.89;1425.38;62;310.61;0.51;25.06;1148.35;50;249.50;0.43;24.99;1885.18;82;410.81;0.72;25.06;1126.51;49;245.49;0.37;25.06;1373.65;60;295.59;0.49;24.75;849.48;37;184.37;0.29;24.96;481.64;21;104.21;0.17;24.88;1769.08;77;384.76;0.52;25.01;1695.51;74;365.73;0.62;24.81;850.63;37;185.37;0.31;25.06
10112;SPAR K/TOWEL WHITE 2PL;5;94581.36;4 054;19472.73;0.56;23.68;1304.68;57;344.08;0.41;30.33;2233.07;118;331.33;0.55;17.06;1624.24;71;472.58;0.85;33.46;1641.48;72;474.33;0.63;33.23;1784.02;78;518.86;0.98;33.45;823.04;36;239.17;0.27;33.42;2266.81;99;660.71;0.91;33.52;2366.42;113;471.48;0.63;22.91;1524.52;73;300.63;0.38;22.68;1374.80;60;401.28;0.54;33.57;2829.90;135;577.67;0.73;23.47;2695.55;120;686.66;1.05;29.29;2943.67;133;645.72;0.60;25.23;2079.14;86;645.03;0.63;35.68;267.38;12;57.96;0.09;24.93;1790.51;74;551.28;0.87;35.41;2487.75;100;839.59;1.18;38.81;496.05;20;166.61;0.26;38.63;1615.60;65;453.82;0.59;32.30;2385.17;108;295.71;0.38;14.26;1849.19;81;265.58;0.42;16.52;1941.72;78;373.11;0.47;22.10;1860.50;75;353.08;0.42;21.82;942.12;38;178.43;0.25;21.78;948.37;38;183.86;0.24;22.30;890.89;36;167.61;0.24;21.64;1390.69;56;264.95;0.37;21.91;1863.00;75;355.25;0.62;21.93;2315.32;93;445.03;0.60;22.10;1894.24;76;365.55;0.43;22.19;1815.52;73;347.69;0.47;22.02;1718.06;69;330.40;0.46;22.12;2060.42;83;392.02;0.55;21.88;1868.00;75;359.60;0.49;22.14;1320.72;53;254.70;0.31;22.18;1494.40;60;287.68;0.41;22.14;1569.33;67;256.32;0.33;18.78;2580.02;123;270.79;0.39;12.07;2267.84;91;437.47;0.62;22.18;2361.55;95;451.51;0.74;21.99;3400.51;152;495.82;0.86;16.77;2782.81;116;504.48;0.88;20.85;2061.67;83;393.10;0.60;21.93;1680.76;72;303.48;0.50;20.76;898.39;36;174.13;0.28;22.29;4060.26;179;666.91;1.09;18.89;2390.29;96;459.64;0.62;22.11;2066.67;83;397.45;0.67;22.12;3754.30;172;602.55;1.02;18.46
10137;SNOWFLAKE CAKE FLOUR;5;701236.31;19 640;26081.58;0.74;3.72;18512.59;676;516.26;0.61;2.79;11794.73;427;290.13;0.48;2.46;2722.84;81;477.00;0.86;17.52;10937.96;364;713.55;0.95;6.52;2567.49;66;395.67;0.75;15.41;10962.40;370;-862.80;-0.97;-7.87;13835.61;464;578.74;0.79;4.18;6579.36;199;593.61;0.79;9.02;17989.69;551;537.99;0.67;2.99;17156.49;506;667.07;0.89;3.89;23929.28;672;850.86;1.07;3.56;18480.30;540;750.47;1.15;4.06;24784.62;718;904.44;0.84;3.65;30828.84;813;2196.87;2.16;7.13;37154.36;1 104;-2846.96;-4.47;-7.66;26012.54;716;469.77;0.74;1.81;2667.42;58;539.33;0.76;20.22;22953.53;617;971.37;1.50;4.23;13415.29;351;596.34;0.78;4.45;16037.73;427;494.77;0.64;3.09;3229.12;72;503.81;0.79;15.60;26123.97;703;609.85;0.77;2.33;22753.85;615;906.77;1.07;3.99;11306.47;278;1116.18;1.56;9.87;10707.99;281;539.98;0.70;5.04;21074.27;518;2211.33;3.12;10.49;19597.07;543;670.60;0.95;3.42;13581.59;336;1161.08;2.02;8.55;21659.09;561;1129.68;1.53;5.22;6487.19;151;721.36;0.84;11.12;9143.08;232;615.67;0.83;6.73;17369.25;470;632.50;0.88;3.64;25633.71;724;616.87;0.87;2.41;25180.59;716;515.41;0.71;2.05;5758.51;134;641.81;0.79;11.15;20056.45;540;714.48;1.01;3.56;12206.71;324;524.01;0.67;4.29;9460.72;248;473.32;0.68;5.00;11801.38;317;467.98;0.67;3.97;8360.50;220;342.57;0.56;4.10;14864.91;419;-186.65;-0.32;-1.26;11548.49;326;-25.12;-0.04;-0.22;3715.82;88;355.60;0.54;9.57;8128.34;226;377.02;0.63;4.64;4827.41;129;314.83;0.50;6.52;10672.06;294;467.41;0.76;4.38;2757.50;65;297.16;0.40;10.78;7089.70;200;308.19;0.52;4.35;6817.50;190;223.40;0.38;3.28
10141;SNOWFLAKE S/RAISING FLOUR;5;108986.86;4 501;20712.13;0.59;21.85;2847.29;171;224.64;0.27;9.07;1739.13;87;342.52;0.57;22.65;1714.07;83;343.49;0.62;23.05;2176.00;95;440.52;0.59;23.28;1834.60;80;372.24;0.71;23.33;2627.75;115;528.27;0.59;23.12;2276.58;92;473.29;0.65;23.91;2656.29;117;444.39;0.59;19.24;4101.78;195;2760.92;3.46;77.41;2647.49;96;540.54;0.72;23.48;2201.19;79;464.40;0.58;24.26;0.00;0;0.00;0.00;0.00;4832.07;213;561.66;0.52;13.37;2951.54;106;621.42;0.61;24.21;1752.17;63;367.56;0.58;24.12;2057.26;74;482.31;0.76;26.96;2373.55;85;628.78;0.88;30.46;2950.31;109;715.12;1.11;27.87;1920.11;69;450.98;0.59;27.01;3547.77;143;520.85;0.67;16.88;4227.60;180;518.89;0.81;14.11;3300.54;146;302.96;0.38;10.56;1531.05;55;327.06;0.39;24.57;1498.86;54;331.95;0.46;25.47;1671.00;60;368.64;0.48;25.37;1164.38;42;262.79;0.37;25.95;2269.98;82;494.65;0.70;25.06;1615.02;58;400.83;0.70;28.54;2194.41;79;543.52;0.74;28.48;2889.96;104;634.44;0.74;25.25;2584.87;93;549.56;0.74;24.45;4196.27;193;317.65;0.44;8.71;4085.56;184;355.60;0.50;10.01;3480.33;167;154.41;0.21;5.10;1333.72;48;283.29;0.35;24.43;2445.54;106;277.26;0.39;13.04;2369.76;104;265.63;0.34;12.89;1746.53;67;310.98;0.45;20.48;1387.62;48;383.80;0.55;31.81;2174.27;73;658.11;1.08;34.81;0.00;0;0.00;0.00;0.00;533.82;18;152.02;0.27;32.75;658.28;22;189.62;0.29;33.13;884.60;40;84.49;0.14;10.98;3005.61;139;186.43;0.29;7.13;1181.60;40;303.29;0.50;29.52;653.78;22;206.53;0.28;36.33;2535.89;111;315.51;0.53;14.31;2159.06;94;248.33;0.42;13.23
10221;THIRSTI WATER SPARKLING;5;43516.72;3 367;10029.97;0.29;26.51;446.01;42;86.47;0.10;22.30;429.05;41;78.90;0.13;21.15;183.29;17;33.00;0.06;20.70;125.24;11;23.05;0.03;21.17;388.37;34;72.35;0.14;21.42;287.25;25;53.42;0.06;21.39;365.39;32;66.17;0.09;20.83;341.84;30;61.41;0.08;20.66;409.05;36;72.69;0.09;20.44;343.55;30;62.90;0.08;21.06;600.17;43;183.85;0.23;35.23;335.76;24;103.29;0.16;35.38;489.65;35;150.64;0.14;35.38;367.70;30;96.93;0.10;30.32;467.61;39;108.17;0.17;26.60;515.57;43;119.26;0.19;26.60;526.96;44;123.17;0.17;26.88;715.81;60;157.47;0.24;25.30;1386.42;113;292.62;0.38;24.27;1494.50;100;420.67;0.54;32.37;1454.03;97;411.84;0.64;32.57;1384.45;110;323.36;0.41;26.86;1340.48;112;288.64;0.34;24.76;1366.26;114;300.24;0.42;25.27;1063.51;89;227.89;0.30;24.64;736.79;61;163.04;0.23;25.45;837.50;70;180.14;0.25;24.74;633.67;53;136.01;0.24;24.68;667.24;56;141.71;0.19;24.42;860.29;72;184.30;0.22;24.64;940.24;76;202.97;0.27;24.83;1063.88;82;233.00;0.32;25.19;1534.86;119;330.25;0.46;24.74;2401.20;185;526.53;0.72;25.22;1703.08;132;366.81;0.45;24.77;1708.19;132;371.25;0.52;24.99;1558.80;120;342.63;0.44;25.28;1011.27;78;221.01;0.32;25.13;1144.65;85;265.21;0.38;26.64;746.53;52;175.82;0.29;27.08;792.22;53;200.36;0.35;29.09;914.39;61;232.86;0.41;29.29;1004.90;68;295.32;0.45;33.80;1098.30;76;273.52;0.46;28.64;1590.66;114;385.60;0.61;27.88;1226.72;88;299.01;0.49;28.03;1186.43;87;270.37;0.36;26.21;543.51;39;131.34;0.22;27.79;783.48;57;182.50;0.31;26.79
10350;SPAR SPRING STILL;5;95140.85;14 464;21405.06;0.61;25.87;2012.24;341;513.78;0.61;29.36;1639.64;266;429.55;0.71;30.13;1565.84;256;349.91;0.63;25.70;1000.45;170;198.13;0.26;22.78;1988.02;338;392.97;0.74;22.73;2791.34;466;585.67;0.66;24.13;1182.57;198;245.85;0.34;23.91;4306.67;443;2003.31;2.67;53.49;1341.38;227;269.33;0.34;23.09;2691.11;454;545.93;0.73;23.33;3471.29;616;865.75;1.09;28.68;2640.48;447;529.57;0.81;23.06;2489.77;423;493.36;0.46;22.79;2024.23;342;408.65;0.40;23.22;1728.60;290;357.08;0.56;23.76;1185.36;199;244.32;0.39;23.70;915.89;132;242.57;0.34;30.46;1516.42;218;393.06;0.61;29.81;1488.17;214;365.96;0.48;28.28;1453.65;210;350.17;0.45;27.70;2066.24;296;508.60;0.80;28.31;2138.09;311;505.80;0.64;27.21;3494.64;596;613.79;0.73;20.20;2949.83;432;685.09;0.96;26.71;2501.57;363;595.57;0.78;27.38;1899.58;332;382.31;0.54;23.14;1600.01;229;394.75;0.56;28.37;1034.60;150;246.88;0.43;27.44;1117.70;160;275.63;0.37;28.36;1551.47;223;364.43;0.43;27.01;1718.73;252;377.05;0.51;25.23;3606.28;576;600.15;0.84;19.14;788.98;117;167.23;0.24;24.38;1041.55;150;240.52;0.33;26.56;2103.89;360;382.88;0.47;20.93;1188.62;178;244.24;0.34;23.63;1306.36;194;275.67;0.35;24.27;801.17;118;173.40;0.25;24.89;1174.88;182;254.45;0.36;24.91;739.78;112;146.62;0.24;22.79;1057.94;161;205.99;0.36;22.39;815.77;118;186.09;0.33;26.23;1096.89;161;239.86;0.37;25.15;1439.67;208;290.11;0.48;23.17;2651.99;366;446.65;0.71;19.37;2203.54;281;488.53;0.80;25.50;5471.61;783;1072.91;1.44;22.55;2827.10;365;604.00;1.02;24.57;3319.25;440;650.92;1.10;22.55
10351;SPAR MINERAL WATER STILL;5;61332.88;5 375;10553.43;0.30;19.79;2159.06;232;269.53;0.32;14.36;1159.91;109;220.09;0.36;21.82;1077.02;98;189.65;0.34;20.25;1000.09;91;176.11;0.23;20.25;934.15;85;164.49;0.31;20.25;1241.87;113;218.68;0.25;20.25;1109.99;101;195.46;0.27;20.25;1153.95;105;203.20;0.27;20.25;1450.13;132;254.97;0.32;20.22;1977.10;180;347.38;0.46;20.21;1868.30;170;328.99;0.41;20.25;1647.95;150;289.81;0.44;20.22;1969.83;152;554.46;0.51;32.37;1324.33;102;374.22;0.37;32.50;714.45;55;202.09;0.32;32.53;1448.40;160;179.31;0.28;14.24;922.29;71;237.65;0.33;29.63;805.38;62;193.65;0.30;27.65;454.67;33;119.20;0.16;30.15;0.00;0;0.00;0.00;0.00;164.85;15;28.92;0.05;20.18;296.73;27;52.06;0.07;20.18;648.41;59;113.77;0.13;20.18;131.88;12;23.14;0.03;20.18;724.79;66;126.78;0.17;20.12;384.65;35;67.49;0.10;20.18;10.99;1;1.93;0.00;20.18;565.96;59;53.27;0.09;10.82;536.86;49;93.05;0.13;19.93;738.59;73;101.89;0.12;15.86;846.51;78;145.13;0.19;19.72;1267.32;108;225.94;0.31;20.50;850.09;71;156.41;0.22;21.16;1294.32;108;238.98;0.33;21.23;2061.08;172;380.38;0.47;21.22;1522.13;127;281.11;0.40;21.24;1440.99;124;239.96;0.31;19.15;1276.41;108;224.72;0.32;20.25;743.38;62;129.69;0.18;20.06;1215.32;108;192.63;0.32;18.23;1243.28;110;197.48;0.34;18.27;905.57;82;136.25;0.24;17.30;1090.49;91;189.83;0.29;20.02;1982.11;179;289.94;0.48;16.82;1883.55;145;328.10;0.52;20.03;3425.93;308;393.32;0.64;13.20;3142.93;242;547.02;0.73;20.02;3210.76;271;407.54;0.69;14.60;3308.13;284;467.76;0.79;16.26
10352;SPAR MINERAL WATER STILL;5;358347.91;16 533;44082.34;1.26;14.15;8055.48;432;686.52;0.81;9.80;4243.80;215;500.26;0.83;13.56;7023.44;331;982.76;1.77;16.09;7534.28;382;565.30;0.75;8.63;7222.44;366;578.95;1.10;9.22;8829.85;455;554.12;0.62;7.22;2168.58;112;130.59;0.18;6.93;5586.16;274;563.73;0.75;11.61;6454.65;305;833.15;1.04;14.84;11128.19;581;713.72;0.95;7.38;8835.62;438;1029.90;1.30;13.40;7676.85;405;652.06;1.00;9.77;9069.03;497;592.54;0.55;7.51;5286.03;247;961.69;0.95;20.92;7573.83;389;928.78;1.46;14.10;8314.02;436;902.64;1.43;12.49;6525.17;308;897.98;1.26;15.83;7958.57;393;630.67;0.98;9.11;1074.98;52;93.73;0.12;10.03;8222.28;372;1118.48;1.45;15.64;3462.31;169;273.21;0.43;9.07;6818.52;273;1487.47;1.88;25.09;7827.80;345;1208.87;1.43;17.76;8909.59;409;1061.53;1.48;13.70;8731.35;415;849.11;1.11;11.18;3722.26;149;812.53;1.15;25.10;5419.74;236;527.71;0.75;11.20;3562.28;147;628.46;1.09;20.29;3084.59;141;396.57;0.54;14.78;5064.02;223;785.02;0.92;17.83;3770.99;151;788.32;1.06;24.04;7774.21;333;1232.54;1.72;18.23;5151.27;229;720.46;1.01;16.08;8799.80;420;520.74;0.72;6.81;9448.33;442;711.13;0.88;8.66;7677.22;353;471.16;0.67;7.06;10669.62;443;1283.15;1.65;13.83;8772.73;352;1651.78;2.38;21.65;6323.91;258;1125.62;1.60;20.47;10325.56;437;1590.76;2.62;17.72;9308.98;409;1183.18;2.04;14.62;7712.07;344;886.79;1.55;13.22;5623.42;242;790.82;1.21;16.17;4689.37;188;885.62;1.47;21.72;10992.84;496;1136.29;1.80;11.89;11084.71;454;1957.65;3.20;20.31;10909.38;437;2066.51;2.78;21.78;11392.65;511;1282.07;2.16;12.94;12535.14;537;1849.71;3.13;16.97
10353;SPAR SPRING SPARKLING;5;24053.78;3 485;6142.18;0.18;29.37;401.03;67;87.58;0.10;25.11;435.77;73;92.90;0.15;24.52;352.51;59;73.52;0.13;23.99;215.64;36;45.34;0.06;24.18;1149.78;192;241.54;0.46;24.16;460.93;77;96.71;0.11;24.13;353.41;59;74.30;0.10;24.18;784.69;131;164.98;0.22;24.18;724.19;121;151.87;0.19;24.12;1148.58;192;240.50;0.32;24.08;1323.49;221;278.07;0.35;24.16;790.08;132;165.72;0.25;24.12;730.18;122;153.12;0.14;24.12;358.45;55;94.48;0.09;30.31;527.76;64;206.17;0.32;44.92;131.78;22;27.71;0.04;24.18;89.88;12;26.58;0.04;34.01;134.82;18;39.87;0.06;34.01;224.70;30;66.45;0.09;34.01;314.58;42;93.03;0.12;34.01;314.21;42;92.71;0.15;33.93;262.15;35;77.52;0.10;34.01;224.70;30;66.45;0.08;34.01;590.59;79;174.01;0.24;33.88;425.45;57;124.96;0.16;33.78;217.21;29;64.23;0.09;34.01;194.74;26;57.59;0.08;34.01;89.88;12;26.58;0.05;34.01;52.43;7;15.50;0.02;34.01;127.33;17;35.89;0.04;32.41;142.31;19;39.50;0.05;31.92;633.52;98;119.74;0.17;21.74;995.43;133;275.87;0.39;31.87;651.26;87;180.56;0.25;31.88;818.76;140;138.72;0.17;19.48;498.10;67;136.05;0.19;31.41;449.03;60;124.42;0.16;31.87;301.63;37;98.23;0.14;37.45;229.20;31;69.79;0.10;35.02;350.91;47;96.74;0.16;31.70;311.22;42;84.40;0.15;31.19;542.28;73;147.87;0.26;31.36;429.55;58;116.35;0.18;31.15;498.90;60;153.57;0.26;35.40;885.82;92;302.88;0.48;39.32;659.79;69;223.18;0.37;38.90;895.37;138;167.72;0.23;21.54;857.19;92;277.99;0.47;37.29;752.57;83;232.74;0.39;35.56
10357;SPAR WATER SPARKLING;5;68398.56;5 912;11355.87;0.32;19.09;1112.25;97;191.40;0.23;19.79;553.57;48;93.58;0.16;19.44;611.49;51;110.62;0.20;20.80;703.81;59;124.84;0.17;20.40;731.39;61;132.31;0.25;20.80;558.73;47;97.77;0.11;20.12;658.85;55;118.77;0.16;20.73;717.00;60;128.05;0.17;20.54;1149.24;96;206.66;0.26;20.68;1291.92;108;231.64;0.31;20.62;965.79;81;170.99;0.22;20.36;752.37;63;134.04;0.21;20.49;896.25;75;160.07;0.15;20.54;1112.07;93;199.11;0.20;20.59;932.82;78;167.09;0.26;20.60;1004.16;84;179.59;0.28;20.57;942.41;79;170.39;0.24;20.79;1410.02;118;256.57;0.40;20.93;1609.32;118;409.58;0.53;29.27;1517.24;136;269.10;0.35;20.40;1432.54;131;240.55;0.38;19.31;1686.96;154;285.31;0.36;19.45;2061.72;188;350.31;0.41;19.54;1427.60;130;243.93;0.34;19.65;1636.41;149;279.72;0.36;19.66;1247.91;114;210.44;0.30;19.39;1600.69;146;271.68;0.38;19.52;1447.26;149;115.24;0.20;9.16;861.61;79;143.07;0.19;19.10;1746.70;170;217.92;0.25;14.35;1706.89;157;279.97;0.38;18.86;1576.15;135;275.81;0.38;20.12;1611.45;135;293.11;0.41;20.92;2001.73;167;369.82;0.51;21.25;1731.95;145;315.81;0.39;20.97;1652.22;138;303.94;0.43;21.16;1514.51;130;253.68;0.33;19.26;1462.07;128;225.86;0.33;17.77;1123.46;94;205.32;0.29;21.02;1468.59;127;279.28;0.46;21.87;1294.55;117;196.46;0.34;17.45;888.15;76;155.89;0.27;20.19;1163.03;97;215.11;0.33;21.27;1704.94;154;256.18;0.43;17.28;2104.38;162;366.57;0.58;20.03;2617.20;228;327.90;0.54;14.41;3096.81;239;534.02;0.72;19.83;2695.66;236;251.20;0.42;10.72;2604.72;230;339.63;0.58;14.99
10362;SPAR SPRING WATER ST;5;35387.85;3 238;7998.88;0.23;25.99;427.05;45;100.98;0.12;27.19;370.11;39;85.18;0.14;26.47;419.60;40;101.22;0.18;27.74;241.27;23;58.20;0.08;27.74;472.05;45;113.87;0.22;27.74;555.97;53;134.12;0.15;27.74;555.97;53;134.12;0.18;27.74;649.86;62;156.44;0.21;27.68;744.79;71;179.67;0.22;27.74;860.18;82;207.50;0.28;27.74;996.55;95;240.40;0.30;27.74;566.46;54;136.65;0.21;27.74;702.83;67;169.55;0.16;27.74;692.34;66;167.02;0.16;27.74;776.26;74;187.26;0.29;27.74;524.50;50;126.53;0.20;27.74;643.41;59;158.83;0.22;28.39;790.73;72;195.25;0.30;28.40;736.33;67;180.12;0.23;28.13;978.11;89;225.61;0.29;26.53;835.24;76;192.65;0.30;26.53;934.15;85;215.47;0.27;26.53;1099.00;100;253.49;0.30;26.53;1263.85;115;291.52;0.41;26.53;856.67;78;197.25;0.26;26.48;406.08;37;93.31;0.13;26.43;714.35;65;164.77;0.23;26.53;416.52;38;95.37;0.17;26.33;483.01;44;111.06;0.15;26.44;1020.97;93;226.52;0.26;25.51;504.99;46;108.03;0.15;24.60;813.26;74;174.56;0.24;24.68;910.52;83;194.36;0.27;24.55;1174.83;107;251.45;0.35;24.61;1208.90;110;259.48;0.32;24.68;945.14;86;202.87;0.29;24.68;934.15;85;200.51;0.26;24.68;824.25;75;176.92;0.26;24.68;504.44;46;107.55;0.15;24.52;240.68;22;50.94;0.08;24.34;428.61;39;92.00;0.16;24.68;647.31;59;138.22;0.24;24.56;680.83;62;145.77;0.22;24.62;820.28;72;172.81;0.29;24.23;1042.53;87;213.61;0.34;23.56;947.21;79;194.44;0.32;23.61;983.18;82;201.83;0.27;23.61;479.00;40;97.93;0.16;23.51;563.53;47;115.68;0.20;23.61
10393;WELLINGTON TOMATO SCE NR;5;160527.53;5 238;7447.91;0.21;5.34;1564.01;54;275.08;0.32;20.23;4031.40;170;146.85;0.24;4.19;4399.66;189;232.05;0.42;6.07;4219.29;171;298.94;0.40;8.15;4034.93;162;316.02;0.60;9.01;1832.80;75;85.07;0.10;5.34;1781.29;71;72.93;0.10;4.71;4988.14;186;-153.03;-0.20;-3.53;3791.70;130;182.08;0.23;5.52;1656.45;55;120.73;0.16;8.38;6060.01;214;103.38;0.13;1.96;4311.54;146;205.96;0.32;5.49;5466.24;176;194.41;0.18;4.09;759.81;19;142.10;0.14;21.51;4828.44;156;169.11;0.27;4.03;679.83;17;132.31;0.21;22.38;4978.40;160;211.45;0.30;4.88;3986.73;127;193.69;0.30;5.59;735.81;19;129.54;0.17;20.25;1830.42;58;90.96;0.12;5.71;3313.93;107;124.52;0.19;4.32;2022.72;58;201.13;0.25;11.44;4627.94;151;24.55;0.03;0.61;1033.87;28;147.00;0.21;16.35;554.85;15;79.61;0.10;16.50;4341.86;134;196.64;0.28;5.21;6198.98;202;194.78;0.28;3.61;1032.02;28;145.39;0.25;16.20;5694.13;187;314.98;0.43;6.36;5636.37;163;418.14;0.49;8.53;5172.82;158;170.68;0.23;3.79;4237.10;130;126.66;0.18;3.44;4107.59;121;258.14;0.36;7.23;2151.39;61;183.79;0.25;9.82;4652.04;141;133.66;0.16;3.30;3472.53;107;174.54;0.25;5.78;2537.18;82;-104.67;-0.13;-4.74;3500.55;106;72.12;0.10;2.37;3030.47;93;82.24;0.12;3.12;1013.74;26;122.92;0.20;13.94;3202.97;103;106.49;0.18;3.82;4162.93;127;125.79;0.22;3.47;3347.50;100;143.04;0.22;4.91;3502.94;106;134.85;0.22;4.43;4493.65;135;23.87;0.04;0.61;1083.76;29;117.93;0.19;12.51;3127.27;98;161.48;0.22;5.94;1489.41;39;171.43;0.29;13.24;1848.12;48;246.60;0.42;15.34
10509;SPAR CSD APPLE;5;102136.43;8 623;11911.71;0.34;13.41;3218.92;314;326.57;0.39;11.67;2665.01;262;216.33;0.36;9.33;1720.33;155;182.19;0.33;12.18;1208.25;105;145.34;0.19;13.83;1878.85;165;211.15;0.40;12.92;1521.19;136;156.03;0.18;11.80;2299.01;199;283.37;0.39;14.17;2518.22;218;310.16;0.41;14.16;2536.57;223;283.02;0.35;12.83;4066.95;388;217.72;0.29;6.16;3964.61;362;346.43;0.44;10.05;3661.65;321;431.92;0.66;13.57;2688.78;209;447.08;0.42;19.12;2233.63;188;237.56;0.23;12.23;1244.22;99;176.39;0.28;16.30;1830.46;164;122.41;0.19;7.69;2092.15;181;214.38;0.30;11.78;1238.52;110;148.16;0.23;13.76;2116.04;183;273.84;0.36;14.88;1925.46;166;262.43;0.34;15.67;1660.97;143;187.18;0.29;12.96;2497.85;203;353.10;0.45;16.26;2672.15;215;394.92;0.47;17.00;3319.75;280;427.41;0.60;14.81;2974.65;266;301.61;0.39;11.66;1895.24;146;335.60;0.47;20.36;1766.64;136;313.66;0.44;20.42;1105.13;87;170.65;0.30;17.76;1199.26;89;206.00;0.28;19.75;1744.64;136;238.32;0.28;15.71;1717.65;135;224.25;0.30;15.01;1968.89;158;235.91;0.33;13.78;1011.08;75;174.01;0.24;19.79;2645.77;224;232.32;0.32;10.10;1726.05;128;297.38;0.37;19.81;2377.29;192;298.81;0.42;14.45;2967.95;265;108.25;0.14;4.19;2398.77;197;171.61;0.25;8.23;1651.46;126;266.25;0.38;18.54;926.21;72;103.09;0.17;12.80;984.00;77;105.78;0.18;12.36;756.12;55;140.48;0.25;21.37;734.51;49;170.91;0.26;26.76;1988.50;156;271.75;0.45;15.72;1868.51;152;196.38;0.31;12.09;2743.13;233;223.43;0.37;9.37;2026.99;154;327.91;0.44;18.60;2191.88;172;224.94;0.38;11.80;1986.57;154;217.31;0.37;12.58
10510;SPAR CSD GINGER BEER;5;71306.92;5 998;8430.25;0.24;13.60;1953.91;190;202.71;0.24;11.93;1606.24;155;145.65;0.24;10.43;1718.98;153;194.04;0.35;12.98;1196.85;105;135.43;0.18;13.01;1529.55;135;166.07;0.31;12.49;1317.36;119;125.36;0.14;10.94;1743.48;152;205.53;0.28;13.56;2164.13;187;269.54;0.36;14.32;2254.21;199;244.41;0.31;12.47;3497.84;333;193.65;0.26;6.37;3092.17;281;280.74;0.35;10.44;2144.55;189;246.33;0.38;13.21;1615.13;125;270.52;0.25;19.26;1581.78;133;169.33;0.17;12.31;1116.79;90;150.23;0.24;15.47;1145.30;100;98.66;0.16;9.91;1302.95;112;141.47;0.20;12.49;1362.60;114;220.08;0.34;18.57;272.89;24;32.85;0.04;13.84;1154.94;102;137.30;0.18;13.67;1137.58;93;162.22;0.25;16.40;1824.65;146;276.96;0.35;17.46;1100.43;89;158.65;0.19;16.58;1148.73;97;146.71;0.21;14.69;1747.44;153;205.25;0.27;13.51;1413.96;109;249.70;0.35;20.31;1177.67;91;206.10;0.29;20.13;835.34;66;128.13;0.22;17.64;727.78;54;125.11;0.17;19.77;1149.85;90;153.84;0.18;15.39;1035.01;82;128.99;0.17;14.33;1341.70;108;158.07;0.22;13.55;1077.17;80;184.46;0.26;19.69;1914.23;157;210.15;0.29;12.62;1468.38;109;251.97;0.31;19.73;2051.63;166;252.75;0.36;14.17;2476.39;218;120.12;0.15;5.58;2195.76;183;131.31;0.19;6.88;956.23;70;170.05;0.24;20.45;835.76;65;92.90;0.15;12.78;820.73;62;115.72;0.20;16.21;728.63;53;136.49;0.24;21.54;687.29;46;158.49;0.24;26.52;1167.09;92;156.19;0.26;15.39;1101.38;90;110.91;0.18;11.58;1569.47;134;121.63;0.20;8.91;1472.55;113;228.11;0.31;17.81;1434.14;111;159.02;0.27;12.75;938.30;73;100.34;0.17;12.30
10513;SPAR CSD IRON BREW;5;87076.61;7 328;10506.20;0.30;13.88;2768.85;271;339.80;0.40;14.11;2790.13;270;241.73;0.40;9.96;1754.40;159;175.41;0.32;11.50;1530.16;134;175.23;0.23;13.17;1538.14;136;164.92;0.31;12.33;1937.20;174;192.17;0.22;11.41;1814.43;157;224.12;0.31;14.20;1730.51;149;220.11;0.29;14.63;1908.12;168;210.75;0.26;12.70;2973.36;282;173.72;0.23;6.72;3277.50;302;264.46;0.33;9.28;3375.60;291;440.24;0.67;15.00;2525.05;194;450.68;0.42;20.53;1934.86;161;218.25;0.21;12.97;2343.31;188;320.21;0.50;15.71;2007.12;172;200.86;0.32;11.51;1476.70;127;161.18;0.23;12.55;1766.70;147;288.82;0.45;18.80;1348.81;119;154.09;0.20;13.14;1537.35;133;205.70;0.27;15.39;2152.05;178;296.05;0.46;15.82;2401.73;193;357.94;0.45;17.14;1998.80;160;302.47;0.36;17.40;2362.96;194;338.84;0.47;16.49;1916.59;173;182.20;0.24;10.93;1493.20;115;264.67;0.37;20.38;1674.41;129;296.39;0.42;20.36;1564.12;123;241.19;0.42;17.73;1550.67;115;267.11;0.36;19.81;1681.26;129;249.16;0.29;17.04;1045.64;83;128.83;0.17;14.17;938.05;79;80.09;0.11;9.82;0.00;0;0.00;0.00;0.00;1445.76;126;99.18;0.14;7.89;1603.28;119;275.25;0.34;19.74;1699.44;138;218.35;0.31;14.78;2344.32;210;80.42;0.10;3.94;1832.66;155;91.60;0.13;5.75;1033.93;75;187.94;0.27;20.90;908.16;69;115.59;0.19;14.64;932.47;72;111.38;0.19;13.74;795.57;57;156.82;0.27;22.67;748.75;50;173.74;0.26;26.68;1627.50;131;193.93;0.32;13.70;1714.09;140;176.44;0.28;11.84;2348.91;200;186.89;0.31;9.15;1627.94;124;260.58;0.35;18.41;2090.79;162;232.79;0.39;12.80;1205.26;95;117.91;0.20;11.25
10514;SPAR CSD COLA S/FREE;5;45147.18;3 748;5635.07;0.16;14.35;381.89;40;26.89;0.03;8.10;878.91;87;68.55;0.11;8.97;382.41;33;51.80;0.09;15.58;292.24;26;29.95;0.04;11.79;472.59;41;57.45;0.11;13.98;435.77;39;44.37;0.05;11.71;373.68;32;49.04;0.07;15.09;622.47;53;84.31;0.11;15.58;555.51;49;60.58;0.08;12.54;695.77;66;40.16;0.05;6.64;1172.78;105;119.07;0.15;11.68;883.80;81;76.63;0.12;9.97;1036.84;81;166.57;0.15;18.48;1139.15;96;119.19;0.12;12.03;921.90;75;120.39;0.19;15.02;845.79;77;46.10;0.07;6.27;991.67;85;109.89;0.15;12.74;956.87;82;139.88;0.22;16.81;1105.21;96;141.05;0.18;14.68;1187.54;105;140.24;0.18;13.58;976.63;81;134.02;0.21;15.78;2105.39;171;298.62;0.38;16.31;1030.81;84;143.26;0.17;15.98;1637.08;132;250.69;0.35;17.61;1800.26;162;178.92;0.23;11.43;1164.55;90;203.62;0.29;20.11;935.28;72;166.06;0.23;20.42;740.11;59;113.21;0.20;17.59;619.20;46;105.92;0.14;19.67;519.41;40;75.63;0.09;16.74;1067.46;84;138.40;0.19;14.91;924.30;76;95.13;0.13;11.84;80.27;6;13.38;0.02;19.18;1176.78;102;85.14;0.12;8.32;1062.34;79;180.97;0.22;19.59;1596.57;131;190.33;0.27;13.71;1977.83;176;78.78;0.10;4.58;1399.97;115;93.39;0.13;7.67;914.03;68;158.18;0.23;19.90;639.28;49;77.17;0.13;13.88;577.24;42;94.00;0.16;18.73;850.55;61;168.58;0.29;22.79;505.91;34;115.33;0.18;26.22;666.76;54;77.01;0.13;13.28;728.68;59;79.09;0.13;12.48;1036.27;89;75.79;0.12;8.41;777.29;60;231.14;0.31;34.20;1183.80;91;191.23;0.32;18.58;1120.34;86;129.97;0.22;13.34
10515;SPAR CSD LEMON;5;56432.03;4 658;7094.23;0.20;14.46;1467.88;143;186.45;0.22;14.61;1434.84;140;120.63;0.20;9.67;1091.33;97;123.68;0.22;13.03;863.24;76;95.37;0.13;12.71;808.19;71;90.61;0.17;12.89;989.50;89;97.23;0.11;11.30;643.24;56;76.51;0.11;13.68;991.74;84;138.24;0.18;16.03;762.74;66;94.20;0.12;14.20;573.72;48;85.03;0.11;17.04;1372.13;124;130.09;0.16;10.90;1046.23;89;146.88;0.22;16.14;1547.75;116;301.77;0.28;22.42;939.71;79;96.70;0.10;11.83;914.44;73;128.07;0.20;16.11;831.72;73;68.78;0.11;9.51;669.71;56;88.03;0.12;15.12;923.80;77;149.15;0.23;18.57;480.83;43;48.48;0.06;11.60;556.81;50;59.41;0.08;12.27;902.69;76;114.80;0.18;14.62;1450.14;116;220.24;0.28;17.47;1318.87;105;204.44;0.24;17.83;1925.77;158;277.34;0.39;16.56;2087.78;181;254.37;0.33;14.01;1142.47;88;202.39;0.29;20.37;1311.99;101;232.94;0.33;20.42;1051.67;83;163.01;0.28;17.83;822.22;61;141.42;0.19;19.78;685.09;53;97.53;0.11;16.37;809.36;64;102.02;0.14;14.50;711.66;57;86.31;0.12;13.95;283.29;21;48.88;0.07;19.84;1777.20;148;175.99;0.24;11.39;1591.14;118;274.09;0.34;19.81;1797.92;146;224.15;0.32;14.34;2695.27;241;95.46;0.12;4.07;1791.81;148;108.39;0.16;6.96;896.50;65;168.75;0.24;21.65;544.32;42;63.27;0.10;13.37;631.75;47;91.91;0.16;16.73;1347.49;95;283.20;0.50;24.17;688.04;46;159.14;0.24;26.60;1321.14;110;126.01;0.21;10.97;1313.95;107;137.23;0.22;12.01;2001.48;170;163.06;0.27;9.37;1827.07;142;266.94;0.36;16.80;1061.92;83;110.50;0.19;11.97;1732.48;136;175.11;0.30;11.62
10516;SPAR CSD COLA;5;82920.32;6 914;10440.87;0.30;14.48;2175.28;206;321.71;0.38;17.01;2403.43;234;203.29;0.34;9.73;2211.82;191;295.10;0.53;15.34;1471.70;130;158.88;0.21;12.41;2121.13;187;232.15;0.44;12.59;1593.18;143;158.92;0.18;11.47;1901.34;166;222.10;0.31;13.43;2421.30;210;294.86;0.39;14.00;2095.76;184;235.96;0.30;12.95;4006.89;380;232.61;0.31;6.68;3084.62;281;274.71;0.35;10.24;2730.98;241;311.65;0.48;13.12;2134.61;164;362.02;0.34;19.50;2474.99;207;276.97;0.27;12.87;1005.88;83;121.87;0.19;13.93;1282.54;112;110.82;0.18;9.94;1047.49;86;162.39;0.23;17.83;1893.49;155;333.71;0.52;20.27;1523.13;125;255.22;0.33;19.27;1788.18;153;253.31;0.33;16.29;1668.33;138;228.23;0.36;15.73;1735.42;139;262.29;0.33;17.38;1353.46;107;216.27;0.26;18.38;1140.06;94;161.19;0.23;16.26;1139.35;102;113.79;0.15;11.49;765.76;59;135.51;0.19;20.35;542.98;42;94.61;0.13;20.04;1000.26;79;152.20;0.26;17.50;1145.31;85;196.70;0.27;19.75;1460.84;113;207.87;0.24;16.36;1216.82;96;155.45;0.21;14.69;1447.92;115;183.88;0.26;14.60;1373.97;102;235.69;0.33;19.73;2307.41;189;253.67;0.35;12.64;1738.86;129;299.12;0.37;19.78;2104.53;170;281.29;0.40;15.37;2120.85;187;99.91;0.13;5.42;1816.40;148;138.88;0.20;8.79;1250.81;91;226.13;0.32;20.79;826.20;63;102.63;0.17;14.29;904.67;67;132.95;0.23;16.90;1057.19;76;206.76;0.36;22.49;1241.17;83;286.89;0.44;26.58;1664.79;129;242.67;0.40;16.76;1251.48;102;130.08;0.21;11.95;1753.74;146;169.13;0.28;11.09;1974.85;150;319.87;0.43;18.63;1801.22;138;210.80;0.35;13.46;1747.93;137;178.19;0.30;11.72
10517;SPAR CSD ORANGE;5;85685.81;7 223;10265.43;0.29;13.78;2045.94;201;247.41;0.29;13.91;2479.13;241;208.93;0.35;9.69;1794.79;159;208.12;0.37;13.34;1267.30;110;153.58;0.20;13.94;2254.29;201;227.23;0.43;11.59;1578.50;140;170.85;0.19;12.45;1932.31;169;223.16;0.31;13.28;1081.04;96;112.32;0.15;11.95;2665.45;235;291.62;0.36;12.58;2873.05;275;146.59;0.20;5.87;3318.84;305;274.22;0.34;9.50;2790.07;238;387.20;0.59;15.96;2949.90;231;475.22;0.44;18.53;2572.24;211;316.50;0.31;14.15;1722.61;137;244.62;0.38;16.33;2148.91;180;250.43;0.40;13.40;1865.28;159;216.23;0.30;13.33;1644.57;140;246.12;0.38;17.21;1804.63;159;206.12;0.27;13.14;1502.59;138;134.96;0.17;10.33;1490.02;129;166.88;0.26;12.88;2621.10;211;387.56;0.49;17.00;3487.92;278;537.96;0.64;17.74;2351.07;198;304.63;0.43;14.90;2553.53;229;255.97;0.33;11.53;1153.51;89;203.00;0.29;20.24;1699.74;131;300.44;0.42;20.33;1077.66;84;174.14;0.30;18.58;1278.87;95;218.81;0.30;19.68;1589.72;123;225.98;0.26;16.35;1318.35;105;159.11;0.21;13.88;1491.14;120;175.81;0.24;13.56;1441.41;107;247.32;0.35;19.73;2352.41;197;225.20;0.31;11.01;1509.54;112;259.55;0.32;19.77;2088.42;169;264.35;0.37;14.56;2867.88;254;123.24;0.16;4.94;1882.02;153;139.00;0.20;8.49;653.65;48;116.02;0.17;20.41;773.32;62;69.13;0.11;10.28;671.00;50;98.23;0.17;16.84;701.62;50;141.81;0.25;23.24;883.66;59;205.13;0.31;26.70;1116.25;92;114.65;0.19;11.81;785.86;65;71.01;0.11;10.39;1084.47;94;71.49;0.12;7.58;463.90;36;68.26;0.09;16.92;1211.54;95;124.36;0.21;11.80;794.79;63;74.93;0.13;10.84
10518;SPAR CSD CREAM SODA;5;113204.96;9 534;13527.78;0.39;13.74;3101.96;299;416.80;0.49;15.45;3183.47;307;289.62;0.48;10.46;2632.86;232;313.86;0.56;13.71;2207.86;194;247.21;0.33;12.88;2454.23;217;263.14;0.50;12.33;2264.06;203;227.53;0.26;11.56;2918.27;253;356.27;0.49;14.04;3073.01;264;396.29;0.53;14.83;3258.93;287;359.35;0.45;12.68;4108.86;391;229.49;0.31;6.42;4630.09;425;386.71;0.49;9.60;3840.36;335;469.27;0.72;14.05;2281.28;186;283.49;0.26;14.29;2760.45;230;314.88;0.31;13.12;1859.89;149;257.45;0.40;15.92;1844.33;163;141.95;0.22;8.85;1931.30;165;214.33;0.30;12.76;2086.99;179;296.43;0.46;16.33;1921.64;171;209.79;0.27;12.55;2019.58;179;234.90;0.30;13.38;2475.50;209;314.42;0.49;14.61;2525.32;204;368.54;0.46;16.78;1838.18;146;287.92;0.34;18.01;2479.82;208;326.69;0.46;15.15;2993.39;269;297.24;0.39;11.42;1506.19;116;266.97;0.38;20.38;1739.36;134;307.92;0.43;20.36;1338.93;107;197.47;0.34;16.96;809.40;60;139.67;0.19;19.84;1911.79;152;233.29;0.27;14.03;2752.88;218;344.03;0.46;14.37;2888.98;233;336.01;0.47;13.38;1900.75;141;327.06;0.46;19.79;2703.15;223;283.55;0.39;12.06;2548.27;189;438.80;0.54;19.80;2713.13;222;335.23;0.47;14.21;3231.87;286;142.67;0.18;5.08;2746.81;227;179.36;0.26;7.51;1242.68;96;193.61;0.28;17.92;1163.77;87;160.59;0.26;15.87;1018.35;76;153.11;0.26;17.29;968.22;69;196.30;0.34;23.32;1304.13;87;303.45;0.46;26.76;1636.46;128;227.03;0.38;15.95;1641.34;131;197.53;0.31;13.84;2313.32;191;237.64;0.39;11.81;2408.23;183;389.28;0.52;18.59;2030.12;159;209.93;0.35;11.89;1995.20;154;223.72;0.38;12.89
10519;SPAR CSD SODA WATER;5;66199.80;5 434;8719.78;0.25;15.15;1338.67;131;165.10;0.20;14.18;1085.82;104;97.45;0.16;10.32;1105.36;95;144.19;0.26;15.00;1009.81;89;110.74;0.15;12.61;910.00;80;101.54;0.19;12.83;967.79;85;111.24;0.13;13.22;982.95;85;121.87;0.17;14.26;1070.48;92;137.63;0.18;14.79;1189.56;104;137.72;0.17;13.31;2363.92;223;148.00;0.20;7.20;1976.67;180;176.14;0.22;10.25;2093.93;180;278.74;0.43;15.31;1995.14;152;366.47;0.34;21.12;1596.44;135;168.55;0.17;12.14;1044.67;82;156.86;0.25;17.27;881.58;75;92.73;0.15;12.10;1154.03;100;117.76;0.17;11.73;1140.36;93;197.77;0.31;19.94;1479.58;125;209.86;0.27;16.31;1727.05;143;284.04;0.37;18.91;2199.62;180;319.69;0.50;16.71;1526.86;122;233.22;0.29;17.57;1223.60;97;193.18;0.23;18.16;1872.15;155;259.88;0.36;15.96;1765.39;153;215.12;0.28;14.01;1128.18;87;198.96;0.28;20.28;1139.87;88;200.13;0.28;20.19;736.93;59;105.89;0.18;16.53;822.22;61;141.42;0.19;19.78;966.08;75;134.87;0.16;16.05;1069.33;86;121.22;0.16;13.04;897.05;72;107.56;0.15;13.79;914.63;68;155.95;0.22;19.61;1666.46;136;187.91;0.26;12.97;1617.46;120;278.17;0.34;19.78;1547.24;123;213.67;0.30;15.88;1854.74;159;127.70;0.16;7.92;1203.81;100;76.41;0.11;7.30;1110.37;80;204.00;0.29;21.13;846.95;65;101.14;0.17;13.73;700.76;53;94.98;0.16;15.59;528.91;36;121.93;0.21;26.51;1228.43;82;285.35;0.44;26.71;1359.41;107;183.24;0.30;15.50;1256.46;102;133.91;0.21;12.26;1955.55;160;214.08;0.35;12.59;2011.01;153;323.48;0.43;18.50;1945.81;150;224.54;0.38;13.27;1990.71;152;237.81;0.40;13.74
10526;SPAR CSD LEMONADE;5;74109.81;6 149;9256.78;0.26;14.36;1389.62;136;171.71;0.20;14.21;1728.63;167;153.96;0.26;10.24;1467.13;131;165.93;0.30;13.01;1042.49;91;121.91;0.16;13.45;1305.61;115;143.89;0.27;12.67;1290.69;115;135.49;0.15;12.07;1376.81;119;171.21;0.24;14.30;1401.60;120;184.14;0.25;15.11;1903.33;167;215.20;0.27;13.00;1556.66;144;118.81;0.16;8.78;2523.02;229;231.30;0.29;10.54;1558.67;128;257.60;0.39;19.01;2217.24;172;380.44;0.35;19.73;1740.99;145;196.35;0.19;12.97;1647.06;132;226.65;0.36;15.83;1303.49;113;119.55;0.19;10.55;1111.51;93;137.56;0.19;14.23;1017.61;90;121.57;0.19;13.74;1110.23;96;144.24;0.19;14.94;1354.45;119;166.21;0.22;14.11;380.95;36;23.45;0.04;7.08;1573.14;126;237.30;0.30;17.35;2204.54;174;354.73;0.42;18.50;2626.20;215;381.16;0.53;16.69;2527.04;225;264.06;0.34;12.02;1764.04;136;311.40;0.44;20.30;1788.98;138;315.25;0.45;20.26;1164.71;93;170.65;0.30;16.85;1077.86;80;185.06;0.25;19.74;1172.90;91;164.34;0.19;16.11;1119.60;90;127.32;0.17;13.08;1414.40;115;156.37;0.22;12.71;1496.72;111;257.81;0.36;19.81;2430.22;200;261.19;0.36;12.36;1982.36;147;341.61;0.42;19.82;1754.36;146;200.30;0.28;13.13;2398.06;214;89.59;0.12;4.30;1823.40;155;86.62;0.13;5.46;904.01;66;159.84;0.23;20.33;801.14;59;118.71;0.20;17.04;942.46;72;118.44;0.20;14.45;696.66;51;127.94;0.22;21.12;944.37;63;219.74;0.34;26.76;1027.32;85;103.59;0.17;11.60;1364.75;111;144.22;0.23;12.15;1794.75;153;140.70;0.23;9.02;1589.96;121;255.46;0.34;18.48;1441.99;111;165.46;0.28;13.20;1856.08;143;210.71;0.36;13.06
10527;SPAR CSD RASPBERRY;5;103224.22;8 703;12095.91;0.35;13.48;2916.28;283;378.23;0.45;14.92;2816.06;272;253.37;0.42;10.35;2610.29;233;286.99;0.52;12.64;1838.88;162;202.26;0.27;12.65;2008.53;177;220.45;0.42;12.62;1988.50;181;178.23;0.20;10.31;1991.29;171;257.20;0.35;14.85;2120.81;180;292.33;0.39;15.85;1990.26;174;230.44;0.29;13.32;2403.86;234;91.82;0.12;4.39;3003.02;277;239.95;0.30;9.19;2343.16;207;265.86;0.41;13.05;2602.01;199;464.78;0.43;20.54;2211.33;187;227.94;0.22;11.85;865.63;72;102.68;0.16;13.64;1754.53;159;101.78;0.16;6.67;2052.32;173;250.83;0.35;14.06;2185.86;187;318.61;0.49;16.76;2412.20;216;251.74;0.33;12.00;2904.59;247;424.05;0.55;16.79;3909.18;326;520.23;0.81;15.30;3775.03;303;565.97;0.71;17.24;3391.71;271;517.36;0.61;17.54;3092.30;255;436.23;0.61;16.22;2996.94;271;283.74;0.37;10.89;623.52;48;110.70;0.16;20.42;0.00;0;0.00;0.00;0.00;894.94;72;126.85;0.22;16.30;0.00;0;0.00;0.00;0.00;744.90;60;83.58;0.10;12.90;1732.10;139;199.20;0.27;13.23;1516.00;123;169.58;0.24;12.86;2061.95;153;354.40;0.50;19.77;2798.99;232;285.98;0.39;11.75;2179.99;162;372.42;0.46;19.65;2417.83;204;249.02;0.35;11.84;3764.31;338;120.37;0.15;3.68;2996.79;251;175.11;0.25;6.72;1556.12;112;285.78;0.41;21.12;1512.97;116;182.64;0.30;13.88;1047.56;83;101.41;0.18;11.13;777.59;56;151.47;0.26;22.40;1376.83;92;318.93;0.49;26.64;1726.95;140;197.57;0.33;13.16;1853.77;152;184.72;0.29;11.46;2709.53;232;204.23;0.33;8.67;2531.26;192;412.28;0.55;18.73;2090.98;165;208.51;0.35;11.47;2124.77;164;238.08;0.40;12.89
10530;SPAR CSD GRANADILLA;5;74427.14;6 317;8337.24;0.24;12.88;2191.10;213;281.30;0.33;14.76;1761.67;170;156.17;0.26;10.19;1377.26;124;147.53;0.27;12.32;826.68;72;98.07;0.13;13.64;1206.75;106;135.42;0.26;12.90;1067.13;97;96.71;0.11;10.42;1089.06;94;136.54;0.19;14.42;1750.29;151;220.07;0.29;14.46;1399.58;123;156.52;0.20;12.86;3376.77;320;197.78;0.26;6.74;2785.66;256;230.19;0.29;9.50;2051.18;191;152.69;0.23;8.56;1563.55;121;269.89;0.25;19.85;1243.73;102;150.69;0.15;13.93;943.75;75;132.76;0.21;16.18;1205.00;109;71.38;0.11;6.81;1849.10;159;194.33;0.27;12.09;1035.70;95;96.83;0.15;10.75;1694.55;156;136.42;0.18;9.26;1456.04;126;194.55;0.25;15.37;1757.52;152;197.23;0.31;12.91;2172.42;176;312.16;0.39;16.52;2182.30;178;301.77;0.36;15.90;2342.52;193;331.15;0.46;16.26;2676.72;244;240.05;0.31;10.31;1218.46;94;214.54;0.30;20.25;388.40;30;68.06;0.10;20.15;614.02;48;94.59;0.16;17.72;80.94;6;13.97;0.02;19.84;526.08;42;62.55;0.07;13.67;953.70;75;124.11;0.17;14.97;1403.92;111;182.78;0.25;14.97;820.88;61;140.25;0.20;19.65;2072.69;174;195.17;0.27;10.83;1197.23;89;204.24;0.25;19.62;1408.45;115;177.22;0.25;14.47;3403.77;301;153.35;0.20;5.18;2209.15;184;135.13;0.20;7.03;847.85;65;139.65;0.20;18.94;888.19;68;108.06;0.18;13.99;867.94;65;121.88;0.21;16.15;955.53;70;176.07;0.31;21.19;869.42;58;202.30;0.31;26.76;1591.28;129;181.75;0.30;13.13;1305.55;105;149.92;0.24;13.21;2343.62;201;173.59;0.28;8.52;2159.62;169;305.32;0.41;16.26;1390.57;108;152.77;0.26;12.63;1903.85;146;221.78;0.38;13.40
10929;SALDANHA PILCHARDS TOMATO;5;101006.60;4 407;6416.58;0.18;6.35;1244.44;56;114.41;0.14;9.19;1804.13;87;73.80;0.12;4.09;323.62;13;53.61;0.10;16.57;99.96;4;16.88;0.02;16.89;174.93;7;29.54;0.06;16.89;598.51;24;100.03;0.11;16.71;848.41;34;142.23;0.20;16.76;474.81;19;80.18;0.11;16.89;2973.19;156;48.08;0.06;1.62;3061.06;144;183.66;0.25;6.00;8480.79;421;169.34;0.21;2.00;2138.99;101;122.89;0.19;5.75;573.52;23;95.81;0.09;16.71;572.77;23;78.23;0.08;13.66;729.63;27;129.06;0.20;17.69;389.06;14;73.86;0.12;18.98;6539.48;312;312.60;0.44;4.78;1751.96;64;349.51;0.54;19.95;649.75;25;130.94;0.17;20.15;6480.49;291;466.33;0.60;7.20;1838.79;71;365.36;0.57;19.87;1062.99;41;199.41;0.25;18.76;4825.00;240;109.69;0.13;2.27;77.97;3;13.98;0.02;17.93;752.41;29;133.81;0.17;17.78;4673.97;203;232.98;0.33;4.98;2026.01;89;80.16;0.11;3.96;995.93;37;143.49;0.25;14.41;7095.60;305;203.07;0.27;2.86;647.76;24;94.83;0.11;14.64;539.80;20;79.02;0.11;14.64;6762.14;286;287.93;0.40;4.26;6430.35;275;212.94;0.30;3.31;1479.05;55;211.92;0.29;14.33;4419.20;190;125.34;0.15;2.84;1403.48;52;205.46;0.29;14.64;913.61;34;130.29;0.17;14.26;858.28;32;121.04;0.17;14.10;807.00;30;100.31;0.14;12.43;917.66;34;101.35;0.17;11.04;859.63;32;91.34;0.16;10.63;373.81;14;37.68;0.07;10.08;3387.60;145;98.86;0.15;2.92;859.63;32;91.34;0.15;10.63;3449.08;140;22.38;0.04;0.65;731.56;28;60.90;0.10;8.32;2908.79;121;90.70;0.12;3.12;0.00;0;0.00;0.00;0.00;0.00;0;0.00;0.00;0.00
10994;SPAR SUPER MAIZE MEAL;5;218584.56;7 867;22750.17;0.65;10.41;2173.96;104;254.57;0.30;11.71;1339.45;55;300.65;0.50;22.45;2649.69;124;205.68;0.37;7.76;2330.97;103;332.52;0.44;14.27;3684.90;149;834.84;1.58;22.66;3292.52;148;440.93;0.50;13.39;1829.24;76;336.51;0.46;18.40;2811.76;124;349.32;0.47;12.42;1059.47;53;32.66;0.04;3.08;3662.23;141;465.97;0.62;12.72;4867.72;198;356.00;0.45;7.31;3452.68;132;359.72;0.55;10.42;2408.27;73;490.91;0.46;20.38;7437.57;298;706.39;0.69;9.50;6140.34;231;580.42;0.91;9.45;6741.59;261;209.86;0.33;3.11;3450.12;108;626.60;0.88;18.16;3154.21;119;62.94;0.10;2.00;2554.93;87;316.48;0.41;12.39;3702.03;137;277.55;0.36;7.50;4069.52;160;268.84;0.42;6.61;1895.13;67;279.83;0.35;14.77;3385.98;121;266.19;0.32;7.86;3977.44;146;269.05;0.38;6.76;6426.28;231;901.92;1.17;14.03;4784.62;173;505.02;0.71;10.56;3692.61;139;232.13;0.33;6.29;4981.06;184;382.51;0.66;7.68;6851.44;244;439.91;0.60;6.42;9196.05;347;260.99;0.31;2.84;4846.25;173;357.77;0.48;7.38;7800.96;299;238.58;0.33;3.06;3819.25;134;443.34;0.62;11.61;6156.15;226;388.74;0.54;6.31;6148.86;188;919.51;1.13;14.95;6887.54;214;878.02;1.24;12.75;5363.83;165;868.03;1.12;16.18;7457.02;234;630.10;0.91;8.45;5252.78;171;290.79;0.41;5.54;6874.16;237;552.74;0.91;8.04;5882.66;185;977.64;1.69;16.62;5527.90;185;656.90;1.15;11.88;6965.68;235;755.61;1.15;10.85;4992.12;161;693.90;1.15;13.90;4296.72;133;783.30;1.24;18.23;2916.02;87;531.27;0.87;18.22;6134.61;194;1102.62;1.48;17.97;1556.93;47;241.62;0.41;15.52;1701.34;66;92.79;0.16;5.45
26911;PEPSI REGULAR;5;93641.23;4 500;23679.15;0.68;29.08;1692.15;85;420.26;0.50;28.56;1874.49;91;543.54;0.90;33.35;976.03;47;304.30;0.55;35.85;1254.15;60;395.56;0.53;36.27;2131.53;102;671.99;1.27;36.26;3093.92;148;859.15;0.97;31.93;1946.82;93;525.61;0.72;31.05;3452.85;165;1091.20;1.45;36.34;3275.48;157;818.02;1.02;28.72;3619.72;173;870.44;1.16;27.65;3174.73;152;759.91;0.96;27.53;2467.37;118;672.94;1.03;31.36;1693.89;81;525.08;0.49;35.65;1481.89;71;375.42;0.37;29.13;711.56;34;186.18;0.29;30.09;1259.40;60;305.37;0.48;27.88;1129.26;54;271.18;0.38;27.62;1211.12;58;266.15;0.41;25.27;1336.98;62;308.14;0.40;26.50;1920.99;93;351.37;0.45;21.03;2008.78;92;478.86;0.75;27.41;963.16;44;231.14;0.29;27.60;1361.36;66;227.05;0.27;19.18;1619.56;74;405.02;0.57;28.76;876.30;40;219.01;0.29;28.74;1820.77;83;517.90;0.73;32.71;1224.00;66;113.69;0.16;10.68;1271.02;58;305.91;0.53;27.68;1597.57;73;432.34;0.59;31.12;1063.47;53;272.64;0.32;29.48;1116.78;52;412.30;0.55;42.46;1521.34;78;302.01;0.42;22.83;3736.11;197;720.78;1.01;22.19;2755.46;126;878.73;1.21;36.67;3221.14;160;712.48;0.88;25.44;2608.01;119;873.84;1.23;38.53;2546.44;116;855.44;1.10;38.63;1721.61;87;408.68;0.59;27.30;1943.14;86;682.26;0.97;40.38;1785.25;88;337.54;0.56;21.74;1444.92;63;431.63;0.75;34.35;2542.88;126;471.00;0.82;21.30;2613.28;131;441.33;0.67;19.42;873.62;38;251.68;0.42;33.13;1763.61;90;189.01;0.30;12.32;1744.94;76;627.06;1.03;41.33;2720.13;140;482.02;0.65;20.38;1896.04;95;430.82;0.73;26.13;1576.21;79;445.19;0.75;32.48
26912;PEPSI MAXX;5;103061.15;6 077;29279.62;0.84;32.67;2579.02;173;1038.47;1.23;46.31;2062.62;138;399.37;0.66;22.27;1613.67;108;299.31;0.54;21.33;1445.78;97;265.75;0.35;21.14;1340.51;79;560.84;1.06;48.11;880.08;52;292.79;0.33;38.26;1778.85;105;476.17;0.65;30.78;2114.40;125;560.97;0.75;30.51;1791.59;106;474.47;0.59;30.46;2280.98;136;573.43;0.77;28.91;2439.06;147;609.08;0.77;28.72;2572.28;152;876.33;1.34;39.18;3183.92;188;962.04;0.89;34.75;1986.13;117;531.20;0.52;30.76;1370.24;81;363.60;0.57;30.52;1727.88;102;412.95;0.65;27.48;2237.58;132;591.83;0.83;30.42;2441.24;136;720.37;1.12;33.93;1884.45;105;514.98;0.67;31.43;1597.51;89;436.70;0.57;31.44;1021.47;53;321.05;0.50;36.14;1627.26;74;626.19;0.79;44.25;2636.28;130;894.40;1.06;39.02;1652.38;92;295.45;0.41;20.56;3172.17;182;554.77;0.72;20.11;1508.63;97;149.14;0.21;11.37;1635.29;91;448.15;0.63;31.52;1234.11;69;334.73;0.58;31.19;2409.88;152;270.43;0.37;12.91;2131.26;114;884.51;1.03;47.73;1466.19;86;419.98;0.56;32.94;2438.54;136;1160.66;1.62;54.74;3676.00;225;1009.40;1.42;31.58;2083.20;110;879.90;1.21;48.57;2049.97;108;857.96;1.06;48.13;2946.22;178;630.57;0.89;24.61;2116.43;112;881.51;1.13;47.90;1618.89;86;671.46;0.97;47.70;3553.45;236;349.38;0.50;11.31;1633.14;86;683.85;1.13;48.15;1936.66;126;238.04;0.41;14.13;2302.18;140;550.19;0.96;27.48;2762.53;186;329.97;0.50;13.74;1743.50;106;570.23;0.95;37.61;1649.63;109;370.59;0.59;25.83;2722.21;144;1319.24;2.16;55.73;4238.40;273;970.21;1.30;26.32;430.95;32;26.43;0.04;7.05;3336.54;176;1620.57;2.74;55.86
27153;TROPIKA EAZY MANGO PEACH;5;30458.17;3 624;5572.46;0.16;21.04;724.83;100;135.29;0.16;21.46;684.88;97;115.40;0.19;19.38;518.03;72;94.16;0.17;20.90;468.53;62;100.52;0.13;24.67;478.54;61;110.31;0.21;26.51;564.95;68;145.14;0.16;29.54;454.02;48;150.48;0.21;38.12;531.52;58;124.73;0.17;26.99;507.55;55;91.00;0.11;20.62;518.51;54;119.78;0.16;26.57;668.49;76;219.54;0.28;37.77;767.34;81;281.69;0.43;42.22;833.31;89;165.74;0.15;22.87;685.35;70;150.06;0.15;25.18;435.60;45;92.13;0.14;24.32;152.82;18;18.23;0.03;13.72;414.60;50;42.87;0.06;11.89;736.53;87;148.91;0.23;23.25;505.71;59;106.40;0.14;24.20;675.31;79;140.88;0.18;23.99;189.81;19;57.70;0.09;34.96;709.47;78;176.23;0.22;28.57;2140.78;287;255.96;0.30;13.75;699.66;84;113.40;0.16;18.64;654.83;77;108.19;0.14;19.00;811.62;98;118.74;0.17;16.82;737.55;85;132.20;0.19;20.61;501.75;60;76.90;0.13;17.63;705.69;86;98.50;0.13;16.05;637.65;75;101.78;0.12;18.36;741.51;84;122.31;0.16;18.97;719.46;79;134.24;0.19;21.46;839.52;98;120.46;0.17;16.50;335.70;35;74.21;0.10;25.42;499.26;59;103.53;0.13;23.85;315.72;33;69.28;0.10;25.23;371.70;40;74.42;0.10;23.02;323.82;38;45.22;0.07;16.06;605.38;72;78.64;0.11;14.94;831.37;103;82.27;0.14;11.38;511.74;61;65.57;0.11;14.74;969.07;118;108.71;0.19;12.90;373.77;43;57.56;0.09;17.71;264.84;31;42.74;0.07;18.56;589.62;73;97.01;0.15;18.92;505.71;59;73.36;0.12;16.68;1365.36;174;228.53;0.31;19.25;601.68;77;115.28;0.19;22.03;577.71;69;86.29;0.15;17.18
31121;AG TOM PASTE SACHET;5;39567.73;5 362;9000.75;0.26;26.16;895.50;150;173.06;0.20;22.22;969.78;162;189.20;0.31;22.44;1130.91;189;220.29;0.40;22.40;1109.04;186;213.39;0.28;22.13;874.24;146;170.72;0.32;22.46;1039.86;174;201.68;0.23;22.30;802.06;134;156.41;0.21;22.43;704.96;104;157.58;0.21;25.71;509.22;73;116.43;0.15;26.29;635.74;91;145.97;0.19;26.41;664.05;95;152.71;0.19;26.45;118.83;17;27.33;0.04;26.45;111.84;16;25.72;0.02;26.45;620.71;89;141.85;0.14;26.28;300.22;43;68.82;0.11;26.36;0.00;0;0.00;0.00;0.00;601.14;86;140.14;0.20;26.81;439.32;63;101.75;0.16;26.63;1143.21;164;264.51;0.34;26.61;460.64;66;104.03;0.13;25.97;0.00;0;0.00;0.00;0.00;614.43;77;154.85;0.20;28.98;103.87;13;26.26;0.03;29.07;359.55;45;90.90;0.13;29.07;573.68;72;144.05;0.19;28.88;0.00;0;0.00;0.00;0.00;239.70;30;60.60;0.09;29.07;878.90;110;222.20;0.39;29.07;766.64;96;193.57;0.26;29.04;806.59;101;203.67;0.24;29.04;734.68;92;185.49;0.25;29.04;997.15;125;251.11;0.35;28.96;1037.50;130;261.56;0.37;28.99;671.16;84;169.68;0.23;29.07;702.72;88;177.41;0.22;29.03;1452.98;182;366.60;0.52;29.02;1427.01;179;358.80;0.46;28.92;707.51;89;176.65;0.26;28.71;1213.28;152;283.83;0.40;26.90;1170.13;147;256.91;0.42;25.25;1260.02;158;278.16;0.48;25.39;1290.78;162;284.21;0.50;25.32;1157.35;145;256.15;0.39;25.45;1274.40;160;280.32;0.47;25.30;1308.36;164;289.15;0.46;25.42;1420.22;178;313.98;0.51;25.42;1747.81;219;386.71;0.52;25.44;1642.34;206;362.26;0.61;25.37;877.70;110;194.07;0.33;25.43
32200;BOLAND BROWN VINEGAR;5;63001.75;8 170;15451.38;0.44;28.20;1100.96;184;224.02;0.26;23.40;988.05;165;201.57;0.33;23.46;981.16;164;199.56;0.36;23.39;754.44;126;153.86;0.21;23.45;1010.81;169;205.42;0.39;23.37;1018.00;170;207.68;0.23;23.46;748.15;125;152.38;0.21;23.42;1256.10;210;255.31;0.34;23.37;1393.56;233;283.17;0.35;23.37;1073.11;154;263.62;0.35;28.25;1892.19;271;467.21;0.59;28.40;1319.71;189;281.67;0.43;24.54;1329.84;176;291.18;0.27;25.18;1890.43;237;441.69;0.43;26.87;1325.54;166;310.63;0.49;26.95;1333.93;167;312.85;0.49;26.97;1396.25;175;326.46;0.46;26.89;1268.41;159;296.45;0.46;26.88;1181.32;148;276.52;0.36;26.92;1286.39;161;301.94;0.39;26.99;1580.42;198;369.94;0.58;26.92;1621.17;203;380.02;0.48;26.96;1181.72;148;276.87;0.33;26.94;1437.00;180;336.53;0.47;26.93;1747.41;219;408.63;0.53;26.89;1275.20;160;297.29;0.42;26.81;1429.01;179;334.66;0.47;26.93;1284.79;161;300.55;0.52;26.90;1069.06;134;249.92;0.34;26.88;1357.50;170;318.13;0.37;26.95;1357.50;170;318.13;0.43;26.95;1174.13;147;275.34;0.38;26.97;1796.15;225;420.58;0.59;26.93;1739.82;218;407.10;0.56;26.91;2075.40;260;485.87;0.60;26.92;1547.66;194;361.75;0.51;26.88;1288.63;152;349.54;0.45;31.19;1912.17;213;582.34;0.84;35.02;1346.70;150;410.18;0.58;35.03;1211.40;135;368.62;0.61;34.99;1058.12;118;321.56;0.56;34.95;961.03;107;292.93;0.51;35.05;1077.00;120;327.83;0.50;35.01;1032.05;115;314.11;0.52;35.00;1265.34;141;385.09;0.61;35.00;1157.91;129;352.54;0.58;35.01;835.17;93;254.50;0.34;35.04;700.77;78;213.72;0.36;35.07;933.17;104;283.92;0.48;34.99
32202;BOLAND WHITE VINEGAR;5;31465.06;4 019;7907.58;0.23;28.90;393.84;66;79.43;0.09;23.19;561.56;94;113.68;0.19;23.28;357.90;60;72.09;0.13;23.16;358.20;60;72.35;0.10;23.23;448.05;75;90.70;0.17;23.28;274.64;46;55.48;0.06;23.23;495.67;83;100.22;0.14;23.25;471.41;79;95.07;0.13;23.19;721.19;121;144.88;0.18;23.10;584.81;84;143.34;0.19;28.19;215.99;31;53.04;0.07;28.24;806.64;116;197.12;0.30;28.10;739.80;100;157.80;0.15;24.53;565.69;71;131.76;0.13;26.79;486.19;61;113.36;0.18;26.81;572.88;72;132.94;0.21;26.69;429.06;54;99.19;0.14;26.58;515.35;65;118.42;0.18;26.43;606.44;76;141.84;0.18;26.90;518.15;65;120.86;0.16;26.82;693.53;87;161.77;0.25;26.82;853.33;107;199.28;0.25;26.86;981.57;123;229.63;0.27;26.90;650.38;82;149.61;0.21;26.45;628.81;79;146.07;0.19;26.71;484.19;61;111.62;0.16;26.51;685.14;86;159.55;0.23;26.78;565.29;71;131.42;0.23;26.73;611.63;77;141.28;0.19;26.56;508.56;64;117.59;0.14;26.59;548.91;69;127.32;0.17;26.67;620.82;78;144.20;0.20;26.71;660.37;83;153.23;0.22;26.68;885.29;111;206.78;0.28;26.86;390.71;49;91.20;0.11;26.84;1058.27;133;245.61;0.35;26.69;938.25;110;257.91;0.33;31.61;1083.29;121;328.23;0.47;34.84;852.25;95;259.21;0.37;34.98;654.47;73;198.82;0.33;34.94;493.10;55;149.80;0.26;34.94;761.00;85;230.59;0.40;34.85;580.30;65;174.90;0.27;34.66;830.67;93;250.59;0.42;34.69;930.01;104;281.17;0.44;34.77;841.01;94;254.51;0.42;34.80;1039.24;116;315.29;0.42;34.89;849.10;95;256.47;0.43;34.74;662.11;74;200.39;0.34;34.81
33146;SPAR POCKET TISSUES SINGLE;5;6848.70;3 450;1815.39;0.05;30.48;67.36;34;17.77;0.02;30.34;114.82;58;30.24;0.05;30.29;107.06;54;28.30;0.05;30.39;104.77;53;27.50;0.04;30.19;109.15;55;28.91;0.05;30.46;144.67;73;38.20;0.04;30.37;111.14;56;29.44;0.04;30.47;103.28;52;27.41;0.04;30.52;152.63;77;40.32;0.05;30.38;208.65;105;55.43;0.07;30.55;137.31;69;36.60;0.05;30.65;79.40;40;21.04;0.03;30.48;183.97;93;48.37;0.04;30.24;214.42;108;56.85;0.06;30.49;179.10;90;47.74;0.07;30.65;158.90;80;42.17;0.07;30.52;158.70;80;42.00;0.06;30.43;27.56;14;7.17;0.01;29.90;192.63;97;51.10;0.07;30.51;178.80;90;47.48;0.06;30.54;85.57;43;22.81;0.04;30.65;112.73;57;29.63;0.04;30.22;173.13;87;46.15;0.05;30.65;113.23;57;30.06;0.04;30.53;151.24;76;40.31;0.05;30.65;55.52;28;14.68;0.02;30.40;192.53;97;51.02;0.07;30.47;99.40;50;26.43;0.05;30.58;128.35;65;33.61;0.05;30.11;204.97;103;54.63;0.06;30.65;136.61;69;35.99;0.05;30.30;115.32;58;30.68;0.04;30.59;232.43;117;61.71;0.09;30.53;111.24;56;29.53;0.04;30.53;145.27;73;38.72;0.05;30.65;75.52;38;20.07;0.03;30.56;133.33;67;35.54;0.05;30.65;111.14;56;29.44;0.04;30.47;238.60;120;63.48;0.09;30.60;196.31;99;51.90;0.09;30.41;190.44;96;50.40;0.09;30.43;168.85;85;44.83;0.08;30.53;138.80;70;36.70;0.06;30.40;158.90;80;42.17;0.07;30.52;87.56;44;23.34;0.04;30.65;124.87;63;32.98;0.05;30.38;157.11;79;41.82;0.06;30.61;146.46;74;38.56;0.06;30.27;128.95;65;34.13;0.06;30.44
33311;HULLETS BLUE  EQUISWEETS SUGAR;5;21067.06;3 548;8018.82;0.23;43.77;383.32;70;146.60;0.17;43.98;656.69;120;250.95;0.42;43.95;593.44;108;227.96;0.41;44.17;401.76;74;151.97;0.20;43.50;236.50;43;90.95;0.17;44.23;630.28;115;241.32;0.27;44.03;499.94;91;192.00;0.26;44.16;377.57;69;144.27;0.19;43.94;726.25;133;276.76;0.35;43.82;659.18;120;247.43;0.33;43.17;765.31;140;277.03;0.35;41.63;0.00;0;0.00;0.00;0.00;690.50;126;250.82;0.23;41.77;213.95;39;77.83;0.08;41.83;0.00;0;0.00;0.00;0.00;161.40;27;65.43;0.10;46.62;442.20;74;179.19;0.25;46.60;30.00;5;12.21;0.02;46.82;719.68;111;277.47;0.36;44.34;251.87;39;96.63;0.13;44.12;323.69;50;124.56;0.19;44.25;504.71;78;194.10;0.24;44.23;439.71;68;168.96;0.20;44.19;635.03;98;244.66;0.34;44.31;239.84;37;92.44;0.12;44.33;492.35;76;189.63;0.27;44.29;900.55;139;346.88;0.49;44.30;775.76;120;297.99;0.52;44.17;641.86;99;271.99;0.37;48.73;0.00;0;0.00;0.00;0.00;312.97;50;127.63;0.17;46.90;64.80;11;23.83;0.03;42.28;478.80;80;179.83;0.25;43.19;353.40;59;132.87;0.18;43.24;585.60;98;219.48;0.27;43.10;407.10;68;152.96;0.22;43.21;679.50;114;253.83;0.33;42.96;524.35;84;206.52;0.30;45.29;542.40;91;201.66;0.29;42.76;507.60;85;190.64;0.31;43.19;0.00;0;0.00;0.00;0.00;0.00;0;0.00;0.00;0.00;596.70;100;221.75;0.34;42.74;294.00;49;109.98;0.18;43.02;589.20;99;219.11;0.35;42.77;531.30;89;195.93;0.32;42.41;298.80;50;110.35;0.15;42.47;298.20;50;109.82;0.18;42.35;609.00;102;224.63;0.38;42.42
33607;G/STAR BLACK PEPPER GROUND;5;39195.23;3 017;10879.51;0.31;31.92;826.71;69;224.41;0.27;31.22;1568.89;131;425.47;0.71;31.19;849.49;71;229.88;0.41;31.12;623.48;52;169.51;0.23;31.27;945.41;79;255.96;0.48;31.14;1138.45;95;309.16;0.35;31.23;11.99;1;3.26;0.00;31.27;0.00;0;0.00;0.00;0.00;0.00;0;0.00;0.00;0.00;0.00;0;0.00;0.00;0.00;0.00;0;0.00;0.00;0.00;0.00;0;0.00;0.00;0.00;922.03;77;249.96;0.23;31.18;1292.52;108;349.98;0.34;31.14;1089.29;91;295.08;0.46;31.15;1053.32;88;285.30;0.45;31.15;908.84;76;245.66;0.35;31.08;1135.45;95;306.55;0.47;31.05;695.42;58;189.07;0.25;31.27;861.48;72;233.14;0.30;31.12;717.60;60;194.03;0.30;31.09;899.25;75;244.49;0.31;31.27;874.07;73;236.92;0.28;31.17;862.68;72;234.19;0.33;31.22;977.96;74;273.01;0.36;32.10;1255.60;90;354.73;0.50;32.49;1142.98;82;322.32;0.46;32.43;1324.15;95;373.38;0.65;32.43;977.90;70;277.05;0.37;32.58;1396.90;100;395.70;0.46;32.58;1031.06;74;290.51;0.39;32.40;1154.17;83;323.86;0.45;32.27;810.72;58;229.95;0.32;32.62;782.74;56;222.00;0.31;32.62;824.71;59;233.93;0.29;32.62;685.51;49;194.79;0.28;32.68;572.89;41;162.38;0.21;32.59;1063.24;76;302.12;0.44;32.68;824.01;59;233.32;0.33;32.56;824.01;59;233.32;0.38;32.56;975.80;70;275.22;0.48;32.44;795.33;57;224.76;0.39;32.50;795.33;57;224.76;0.34;32.50;881.37;63;250.44;0.42;32.68;531.62;38;151.06;0.24;32.68;586.18;42;165.74;0.27;32.52;740.77;53;210.08;0.28;32.61;698.10;50;197.54;0.33;32.54;265.81;19;75.53;0.13;32.68
40838;NESCAFE CLASSIC 3IN1;5;18788.77;3 640;4257.13;0.12;26.06;492.70;130;93.03;0.11;21.72;272.88;72;51.53;0.09;21.72;519.23;137;98.04;0.18;21.72;320.29;81;62.06;0.08;22.28;664.52;148;149.95;0.28;25.95;924.94;206;208.71;0.23;25.95;981.74;219;220.51;0.30;25.83;330.47;74;73.42;0.10;25.55;251.44;56;56.74;0.07;25.95;215.52;48;48.63;0.06;25.95;398.49;89;89.20;0.11;25.74;603.78;122;147.88;0.23;28.17;353.79;71;88.15;0.08;28.65;642.71;129;160.09;0.16;28.64;1032.68;207;258.06;0.41;28.74;1151.19;231;286.92;0.45;28.66;1466.84;256;332.30;0.47;26.05;742.76;124;166.92;0.26;25.84;413.31;69;92.88;0.12;25.84;449.25;75;100.96;0.13;25.84;275.54;46;61.92;0.10;25.84;335.44;56;75.38;0.10;25.84;371.38;62;83.46;0.10;25.84;173.71;29;39.04;0.05;25.84;479.20;80;107.69;0.14;25.84;533.11;89;119.80;0.17;25.84;563.06;94;126.53;0.18;25.84;496.27;83;110.94;0.19;25.71;1262.99;211;283.24;0.38;25.79;646.62;108;145.12;0.17;25.81;239.30;40;53.58;0.07;25.75;424.69;71;95.05;0.13;25.74;387.55;65;85.93;0.12;25.50;245.59;41;55.19;0.08;25.84;89.85;15;20.19;0.02;25.84;35.94;6;8.08;0.01;25.84;0.00;0;0.00;0.00;0.00;0.00;0;0.00;0.00;0.00;0.00;0;0.00;0.00;0.00;0.00;0;0.00;0.00;0.00;0.00;0;0.00;0.00;0.00;0.00;0;0.00;0.00;0.00;0.00;0;0.00;0.00;0.00;0.00;0;0.00;0.00;0.00;0.00;0;0.00;0.00;0.00;0.00;0;0.00;0.00;0.00;0.00;0;0.00;0.00;0.00;0.00;0;0.00;0.00;0.00;0.00;0;0.00;0.00;0.00
43099;SPAR CSD CRANBERRY&APPLE;5;118306.32;9 940;15185.46;0.43;14.76;3529.49;339;483.85;0.57;15.77;3554.69;342;406.73;0.67;13.16;2208.60;194;366.44;0.66;19.08;1855.67;163;320.49;0.43;19.86;2500.59;221;418.41;0.79;19.24;2181.20;194;316.29;0.36;16.68;2584.81;224;394.96;0.54;17.57;2987.83;257;559.25;0.75;21.53;3056.51;269;445.96;0.56;16.78;3515.24;343;126.57;0.17;4.14;4671.70;426;556.40;0.70;13.70;3557.25;312;479.92;0.73;15.52;2926.81;229;470.25;0.44;18.48;2869.56;239;318.94;0.31;12.78;2404.03;194;320.20;0.50;15.32;1911.36;168;155.40;0.25;9.35;2021.31;172;236.12;0.33;13.43;1911.32;162;286.62;0.44;17.25;2038.71;185;190.56;0.25;10.75;2222.65;191;308.05;0.40;15.94;2626.07;221;335.19;0.52;14.68;3315.25;265;506.35;0.64;17.56;2762.87;223;402.23;0.48;16.74;1585.11;139;168.94;0.24;12.26;2744.13;250;250.85;0.33;10.51;1791.32;138;317.15;0.45;20.36;2022.67;156;356.58;0.50;20.27;1418.03;113;209.56;0.36;16.99;1507.53;112;257.80;0.35;19.67;2097.84;162;301.05;0.35;16.50;1436.14;116;158.11;0.21;12.66;1890.92;152;224.39;0.31;13.65;2128.74;158;365.47;0.51;19.74;3173.80;262;332.82;0.46;12.06;2453.84;182;422.50;0.52;19.80;2929.75;240;345.96;0.49;13.58;3166.40;283;114.41;0.15;4.16;3497.88;288;222.97;0.32;7.33;1733.08;128;309.36;0.44;20.53;1678.42;129;200.51;0.33;13.74;1325.10;102;162.76;0.28;14.13;792.36;58;145.80;0.25;21.16;1526.73;102;353.81;0.54;26.65;1907.80;153;232.26;0.39;14.00;1919.94;159;175.28;0.28;10.50;2835.97;238;256.84;0.42;10.42;2544.55;195;396.69;0.53;17.93;2471.17;195;242.02;0.41;11.26;2513.58;197;256.41;0.43;11.73
43830;SPAR CSD GRAPE;5;110237.49;9 249;14196.16;0.41;14.81;3429.78;332;451.79;0.53;15.15;2976.77;286;349.41;0.58;13.50;2618.10;231;426.90;0.77;18.75;1528.66;134;266.20;0.36;20.03;2330.45;205;396.70;0.75;19.58;2197.05;197;299.87;0.34;15.70;2266.02;197;336.77;0.46;17.09;2745.33;234;530.84;0.71;22.24;2746.00;240;430.81;0.54;18.04;3699.26;352;243.10;0.32;7.56;2975.61;274;323.50;0.41;12.50;2692.94;236;351.72;0.54;15.02;2780.97;214;479.56;0.45;19.83;2869.20;244;285.62;0.28;11.45;1946.59;157;260.96;0.41;15.42;1614.44;143;121.72;0.19;8.67;1883.60;159;222.41;0.31;13.58;1074.58;95;135.24;0.21;14.47;1294.65;119;101.73;0.13;9.04;1239.80;118;77.20;0.10;7.16;2152.23;181;277.07;0.43;14.80;3494.97;283;502.49;0.63;16.53;3093.91;249;456.70;0.54;16.98;2864.88;247;333.46;0.47;13.39;3139.38;276;351.34;0.46;12.87;2376.52;183;421.50;0.60;20.40;2635.67;203;467.06;0.66;20.38;1707.83;135;256.22;0.45;17.25;2288.57;170;391.62;0.53;19.68;2430.57;189;336.51;0.39;15.92;1595.03;127;192.84;0.26;13.90;2234.30;184;226.59;0.32;11.66;2089.60;155;359.64;0.51;19.79;3478.77;281;414.80;0.57;13.71;1982.36;147;341.61;0.42;19.82;2536.56;207;309.97;0.44;14.05;3606.74;325;105.05;0.14;3.35;2343.20;192;155.53;0.22;7.63;1141.64;84;202.86;0.29;20.43;1435.06;112;155.65;0.26;12.47;724.36;58;64.31;0.11;10.21;1006.93;71;210.29;0.37;24.02;1288.39;86;299.31;0.46;26.72;1456.77;119;159.60;0.27;12.60;1701.44;142;145.08;0.23;9.81;2172.41;184;181.22;0.30;9.59;2220.15;168;365.19;0.49;18.92;2055.95;161;213.47;0.36;11.94;2073.50;163;207.11;0.35;11.49
43884;NESCAFE RICOFFY 3 IN 1;5;32533.08;8 821;8889.48;0.25;31.42;470.83;237;67.38;0.08;16.46;736.30;370;106.28;0.18;16.60;940.47;473;135.17;0.24;16.53;1196.81;599;160.93;0.21;15.46;1150.00;420;262.73;0.50;26.27;666.17;223;187.82;0.21;32.42;388.70;130;109.80;0.15;32.48;594.56;199;167.68;0.22;32.43;672.15;225;189.51;0.24;32.42;624.31;209;176.00;0.23;32.42;852.68;272;249.62;0.31;33.67;656.12;188;211.48;0.32;37.07;1076.14;309;345.61;0.32;36.93;1047.37;268;398.90;0.39;43.80;1780.53;447;694.56;1.09;44.86;1252.06;314;489.04;0.77;44.92;670.32;168;129.44;0.18;22.21;1183.63;297;227.61;0.35;22.11;1042.99;262;199.78;0.26;22.03;995.04;236;222.70;0.29;25.74;566.36;114;173.25;0.27;35.18;447.10;90;136.76;0.17;35.18;338.57;68;103.99;0.12;35.32;303.64;61;93.22;0.13;35.30;394.21;79;121.57;0.16;35.46;663.67;133;204.66;0.29;35.46;613.77;123;189.28;0.27;35.46;620.91;149;142.33;0.25;26.36;503.65;135;87.30;0.12;19.93;763.47;153;235.44;0.28;35.46;671.90;135;197.05;0.26;33.73;324.35;65;92.93;0.13;32.95;194.61;39;55.76;0.08;32.95;264.47;53;75.77;0.10;32.95;557.13;112;158.60;0.20;32.74;552.89;111;157.82;0.22;32.83;527.44;106;150.24;0.19;32.76;661.67;133;188.40;0.27;32.74;888.22;178;254.47;0.36;32.95;1022.95;205;293.07;0.48;32.95;718.56;144;205.87;0.36;32.95;698.60;140;200.15;0.35;32.95;557.88;112;159.25;0.24;32.83;473.30;95;135.16;0.22;32.84;314.37;63;90.07;0.14;32.95;214.57;43;61.47;0.10;32.95;184.63;37;52.90;0.07;32.95;249.50;50;71.48;0.12;32.95;243.51;49;69.18;0.12;32.67
44279;EEZEE NOODLES V/P BEEF;5;141599.88;7 532;14168.46;0.40;11.51;0.00;0;0.00;0.00;0.00;0.00;0;0.00;0.00;0.00;140.00;8;16.03;0.03;13.17;272.92;14;52.33;0.07;22.05;381.41;20;67.38;0.13;20.32;0.00;0;0.00;0.00;0.00;0.00;0;0.00;0.00;0.00;1049.43;57;95.18;0.13;10.43;2123.41;118;154.36;0.19;8.36;495.33;22;115.25;0.15;26.76;0.00;0;0.00;0.00;0.00;3357.87;178;324.07;0.50;11.10;-47.98;-2;-13.04;-0.01;31.26;713.58;42;67.89;0.07;10.94;2499.31;134;316.14;0.50;14.55;667.36;32;82.10;0.13;14.15;1957.42;110;99.66;0.14;5.86;3810.04;216;221.08;0.34;6.67;3467.93;183;403.14;0.53;13.37;4193.90;224;395.20;0.51;10.84;5274.30;300;264.35;0.41;5.76;2959.97;170;106.10;0.13;4.12;2080.46;119;83.43;0.10;4.61;4590.46;254;270.91;0.38;6.79;4537.73;227;650.63;0.85;16.49;6137.74;326;483.01;0.68;9.05;5033.41;258;643.51;0.91;14.70;3798.10;190;544.58;0.95;16.49;4987.36;279;299.94;0.41;6.92;4920.88;272;342.01;0.40;7.99;3766.37;193;476.68;0.64;14.55;5647.01;314;370.33;0.52;7.54;5393.38;277;541.47;0.76;11.55;5534.17;313;273.78;0.38;5.69;4536.67;233;541.08;0.67;13.72;2818.56;144;349.98;0.49;14.28;5130.43;257;730.53;0.94;16.38;3786.67;203;322.78;0.47;9.80;3216.39;161;459.72;0.65;16.44;2916.54;146;416.73;0.69;16.43;2642.91;142;234.10;0.40;10.19;3625.41;204;194.42;0.34;6.17;2523.14;126;445.42;0.68;20.30;2560.68;126;447.77;0.74;20.11;3272.28;172;372.25;0.59;13.08;3192.16;154;552.07;0.90;19.89;5049.75;287;374.11;0.50;8.52;2914.22;132;637.58;1.07;25.16;3670.80;197;342.45;0.58;10.73
44280;EEZEE NOODLES V/P CHIC;5;105088.43;5 606;10520.38;0.30;11.51;0.00;0;0.00;0.00;0.00;0.00;0;0.00;0.00;0.00;87.50;5;10.02;0.02;13.17;73.49;4;11.05;0.01;17.29;164.43;8;37.27;0.07;26.07;132.95;7;23.11;0.03;19.99;103.28;6;10.53;0.01;11.72;761.58;42;107.26;0.14;16.20;1661.34;89;268.61;0.34;18.59;687.25;30;201.19;0.27;33.67;654.70;32;146.46;0.18;25.73;1268.92;67;152.41;0.23;13.81;1519.20;80;263.93;0.25;19.98;523.70;30;60.56;0.06;13.30;927.08;49;141.23;0.22;17.52;672.98;35;76.44;0.12;13.06;1164.36;66;51.79;0.07;5.12;2608.67;149;127.09;0.20;5.60;2768.77;148;294.28;0.38;12.22;2151.50;116;186.97;0.24;9.99;2738.66;157;120.19;0.19;5.05;3900.89;227;96.86;0.12;2.86;2266.38;129;99.99;0.12;5.07;4129.72;228;248.90;0.35;6.93;3736.13;187;534.24;0.70;16.44;4309.02;228;357.11;0.50;9.53;3236.38;162;467.10;0.66;16.60;1639.18;82;235.03;0.41;16.49;4429.71;244;319.96;0.43;8.31;3801.38;207;308.08;0.36;9.32;2315.02;119;287.88;0.39;14.30;6148.95;350;290.42;0.40;5.43;3957.11;204;372.25;0.52;10.82;4267.89;241;216.61;0.30;5.84;2993.45;155;334.30;0.41;12.84;2916.51;149;362.21;0.51;14.28;2777.61;139;397.53;0.51;16.46;2619.90;140;230.27;0.33;10.11;2356.82;118;336.47;0.48;16.42;2638.68;132;378.34;0.62;16.49;4365.11;233;402.86;0.70;10.61;3263.82;178;256.30;0.45;9.03;2004.40;100;355.17;0.54;20.38;1407.66;68;258.61;0.43;21.13;1756.66;94;176.66;0.28;11.56;1768.72;88;269.48;0.44;17.52;1808.12;101;146.84;0.20;9.34;1395.31;63;305.96;0.52;25.22;2207.54;120;184.59;0.31;9.62
44282;EEZEE NOODLES V/P ASS;5;82776.35;4 396;8222.85;0.23;11.42;0.00;0;0.00;0.00;0.00;0.00;0;0.00;0.00;0.00;105.00;6;12.02;0.02;13.17;160.94;8;34.24;0.05;24.46;199.43;10;41.28;0.08;23.80;0.00;0;0.00;0.00;0.00;0.00;0;0.00;0.00;0.00;941.48;52;73.01;0.10;8.92;178.94;8;40.88;0.05;26.27;0.00;0;0.00;0.00;0.00;0.00;0;0.00;0.00;0.00;1404.39;73;163.07;0.25;13.35;808.40;42;100.69;0.09;14.32;1019.40;60;96.99;0.10;10.94;776.67;41;95.69;0.15;14.17;983.92;49;142.76;0.23;16.69;1049.40;60;36.48;0.05;4.00;0.00;0;0.00;0.00;0.00;549.90;30;42.68;0.06;8.93;1624.73;89;120.85;0.16;8.55;2373.23;137;92.75;0.15;4.49;4206.19;244;115.55;0.15;3.16;2091.41;120;78.56;0.09;4.32;3708.91;209;170.41;0.24;5.28;2498.75;125;358.28;0.47;16.49;2992.51;159;234.80;0.33;9.02;3193.18;164;403.18;0.57;14.52;2715.64;136;387.20;0.67;16.40;2461.98;132;228.63;0.31;10.68;3052.64;166;250.57;0.29;9.44;2866.76;147;361.41;0.49;14.50;2838.48;152;267.36;0.37;10.83;4355.83;227;329.58;0.46;8.70;2564.83;147;99.00;0.14;4.44;5524.15;285;635.94;0.78;13.24;3315.70;170;401.97;0.57;13.94;2357.82;118;337.34;0.43;16.45;2011.03;107;184.16;0.27;10.53;1935.03;97;274.54;0.39;16.32;1877.06;94;267.68;0.44;16.40;2524.78;135;229.47;0.40;10.45;2603.77;144;175.77;0.31;7.76;1818.79;91;318.67;0.49;20.15;1478.15;73;259.35;0.43;20.18;1518.44;73;265.66;0.42;20.12;363.04;16;83.42;0.14;26.43;2265.12;129;169.71;0.23;8.62;498.05;22;113.73;0.19;26.26;962.48;49;127.50;0.22;15.23
44283;EEZEE NOODLES V/P CHILLI BEEF;5;59034.26;3 120;6067.56;0.17;11.82;0.00;0;0.00;0.00;0.00;0.00;0;0.00;0.00;0.00;0.00;0;0.00;0.00;0.00;0.00;0;0.00;0.00;0.00;0.00;0;0.00;0.00;0.00;0.00;0;0.00;0.00;0.00;0.00;0;0.00;0.00;0.00;0.00;0;0.00;0.00;0.00;0.00;0;0.00;0.00;0.00;0.00;0;0.00;0.00;0.00;0.00;0;0.00;0.00;0.00;0.00;0;0.00;0.00;0.00;0.00;0;0.00;0.00;0.00;0.00;0;0.00;0.00;0.00;0.00;0;0.00;0.00;0.00;0.00;0;0.00;0.00;0.00;0.00;0;0.00;0.00;0.00;0.00;0;0.00;0.00;0.00;337.41;18;32.10;0.04;10.94;1404.70;76;118.23;0.15;9.68;1914.82;109;96.14;0.15;5.77;2996.56;172;108.88;0.14;4.18;2367.49;132;143.83;0.17;6.99;3199.23;177;195.43;0.27;7.02;1899.05;95;272.29;0.35;16.49;2418.72;128;199.54;0.28;9.49;2216.89;111;319.17;0.45;16.56;1339.33;67;192.04;0.33;16.49;1859.01;99;182.15;0.25;11.27;2023.92;108;195.17;0.23;11.09;2001.16;103;247.00;0.33;14.19;2067.87;113;163.23;0.23;9.08;2155.99;111;206.13;0.29;10.99;2385.96;134;131.61;0.18;6.34;2180.87;113;242.06;0.30;12.76;2924.60;150;352.75;0.50;13.87;1858.07;93;265.69;0.34;16.44;1828.13;97;171.90;0.25;10.81;2137.93;107;305.81;0.44;16.45;1999.00;100;286.62;0.47;16.49;2035.11;113;123.65;0.21;6.99;2415.67;133;171.67;0.30;8.17;1564.62;78;278.06;0.42;20.44;1337.67;65;241.94;0.40;20.80;918.89;41;204.48;0.32;25.59;1501.59;81;142.33;0.23;10.90;1950.52;110;152.66;0.21;9.00;1056.66;48;234.32;0.39;25.50;736.82;38;90.67;0.15;14.15
45744;SPAR CSD BUBBLEGUM;5;35802.38;3 102;4750.85;0.14;15.26;1951.65;187;233.23;0.28;13.74;1719.62;168;172.41;0.29;11.53;808.87;73;115.38;0.21;16.40;705.89;61;129.88;0.17;21.16;981.03;87;160.80;0.30;18.85;928.76;84;119.67;0.13;14.82;984.34;86;141.32;0.19;16.51;1508.51;129;288.35;0.38;21.98;1233.52;108;191.73;0.24;17.87;2104.42;198;159.73;0.21;8.73;2065.07;188;248.93;0.31;13.86;1509.40;133;214.88;0.33;16.37;1622.61;128;316.18;0.29;22.41;1140.46;94;186.50;0.18;18.81;617.95;49;89.18;0.14;16.60;798.02;69;74.61;0.12;10.75;974.60;82;119.98;0.17;14.16;762.96;66;102.31;0.16;15.42;563.85;52;46.60;0.06;9.50;1111.56;98;133.59;0.17;13.82;1369.39;114;186.85;0.29;15.69;1125.95;92;155.55;0.20;15.89;669.84;58;63.90;0.08;10.97;422.58;42;12.43;0.02;3.38;1509.76;137;142.07;0.19;10.82;714.45;55;126.85;0.18;20.42;635.21;49;111.88;0.16;20.26;595.88;47;90.70;0.16;17.50;457.99;34;78.56;0.11;19.73;637.81;50;84.55;0.10;15.25;812.35;65;95.22;0.13;13.48;872.20;69;112.80;0.16;14.87;647.52;48;111.74;0.16;19.84;1238.36;102;132.47;0.18;12.30;0.00;0;0.00;0.00;0.00;0.00;0;0.00;0.00;0.00;0.00;0;0.00;0.00;0.00;0.00;0;0.00;0.00;0.00;0.00;0;0.00;0.00;0.00;0.00;0;0.00;0.00;0.00;0.00;0;0.00;0.00;0.00;0.00;0;0.00;0.00;0.00;0.00;0;0.00;0.00;0.00;0.00;0;0.00;0.00;0.00;0.00;0;0.00;0.00;0.00;0.00;0;0.00;0.00;0.00;0.00;0;0.00;0.00;0.00;0.00;0;0.00;0.00;0.00;0.00;0;0.00;0.00;0.00
47073;SPAR CSD CRANBERRY;5;32981.44;3 091;7496.69;0.21;26.14;287.64;36;49.36;0.06;19.74;111.86;14;19.20;0.03;19.74;385.11;44;61.16;0.11;18.26;233.74;26;36.58;0.05;18.00;341.62;38;53.46;0.10;18.00;359.15;40;55.88;0.06;17.89;484.56;54;75.19;0.10;17.84;107.88;12;16.88;0.02;18.00;538.50;60;83.63;0.10;17.86;539.40;60;84.41;0.11;18.00;673.35;75;104.73;0.13;17.89;718.30;80;111.77;0.17;17.89;564.12;63;86.68;0.08;17.67;444.42;48;75.19;0.07;19.46;393.44;36;93.02;0.15;27.19;251.67;23;59.70;0.09;27.28;318.16;29;76.99;0.11;27.83;438.50;40;105.89;0.16;27.77;329.15;30;79.66;0.10;27.83;647.86;59;157.12;0.20;27.89;1270.99;116;306.51;0.48;27.73;987.45;90;238.98;0.30;27.83;801.17;73;194.04;0.23;27.85;1031.96;94;250.14;0.35;27.88;943.49;86;228.29;0.30;27.83;688.52;63;164.94;0.23;27.55;755.56;69;181.92;0.26;27.69;373.11;34;90.34;0.16;27.85;557.74;51;133.84;0.18;27.60;515.98;47;125.07;0.15;27.88;866.01;79;209.11;0.28;27.77;1052.29;96;254.05;0.35;27.76;1174.83;107;284.86;0.40;27.88;1548.49;141;375.69;0.52;27.90;1329.24;121;322.74;0.40;27.92;1219.34;111;296.03;0.42;27.92;1120.98;102;272.46;0.35;27.95;658.30;60;159.32;0.23;27.83;472.57;43;114.86;0.16;27.95;548.95;50;133.08;0.22;27.88;513.78;47;123.16;0.21;27.57;416.52;38;100.55;0.18;27.76;701.16;64;169.05;0.26;27.73;764.74;66;185.69;0.31;27.92;886.06;74;215.99;0.34;28.03;1197.80;100;292.25;0.48;28.06;850.09;71;207.19;0.28;28.03;706.21;59;172.00;0.29;28.01;859.68;72;208.04;0.35;27.83
47184;EEZEE NOODLES V/P BOEREWORS;5;68690.68;3 609;7512.41;0.21;12.58;0.00;0;0.00;0.00;0.00;0.00;0;0.00;0.00;0.00;0.00;0;0.00;0.00;0.00;0.00;0;0.00;0.00;0.00;0.00;0;0.00;0.00;0.00;0.00;0;0.00;0.00;0.00;0.00;0;0.00;0.00;0.00;0.00;0;0.00;0.00;0.00;0.00;0;0.00;0.00;0.00;0.00;0;0.00;0.00;0.00;0.00;0;0.00;0.00;0.00;0.00;0;0.00;0.00;0.00;0.00;0;0.00;0.00;0.00;0.00;0;0.00;0.00;0.00;0.00;0;0.00;0.00;0.00;0.00;0;0.00;0.00;0.00;0.00;0;0.00;0.00;0.00;0.00;0;0.00;0.00;0.00;0.00;0;0.00;0.00;0.00;0.00;0;0.00;0.00;0.00;0.00;0;0.00;0.00;0.00;0.00;0;0.00;0.00;0.00;0.00;0;0.00;0.00;0.00;0.00;0;0.00;0.00;0.00;0.00;0;0.00;0.00;0.00;0.00;0;0.00;0.00;0.00;1639.18;82;235.03;0.33;16.49;2957.52;148;423.33;0.74;16.46;4879.62;268;363.26;0.49;8.56;4713.74;256;391.67;0.46;9.56;2649.86;136;332.37;0.45;14.42;4605.73;257;289.37;0.40;7.23;4682.38;242;431.28;0.61;10.59;5325.62;298;309.52;0.43;6.68;3078.58;157;387.90;0.48;14.49;2828.55;145;342.53;0.48;13.93;2690.65;135;379.98;0.49;16.24;2392.74;126;241.17;0.35;11.59;2810.59;141;397.18;0.57;16.25;2674.66;134;380.59;0.63;16.36;2502.14;135;217.17;0.37;9.98;2537.87;143;133.29;0.23;6.04;2548.53;127;453.62;0.69;20.47;1648.49;79;314.96;0.52;21.97;2666.70;143;264.56;0.42;11.41;2119.01;106;314.44;0.51;17.06;3071.72;174;268.75;0.36;10.06;1756.46;81;369.47;0.62;24.19;1910.34;96;270.96;0.46;16.31
47684;JACOB CAPP ORIG INSTANT.;5;22017.45;3 599;-430.04;-0.01;-2.25;0.00;0;0.00;0.00;0.00;633.66;100;102.62;0.17;18.62;0.00;0;0.00;0.00;0.00;591.76;100;72.97;0.10;14.18;433.62;65;85.61;0.16;22.70;223.92;35;37.78;0.04;19.40;162.99;30;7.21;0.01;5.09;391.06;60;71.02;0.09;20.88;621.94;110;47.58;0.06;8.80;0.00;0;0.00;0.00;0.00;0.00;0;0.00;0.00;0.00;0.00;0;0.00;0.00;0.00;0.00;0;0.00;0.00;0.00;0.00;0;0.00;0.00;0.00;0.00;0;0.00;0.00;0.00;0.00;0;0.00;0.00;0.00;0.00;0;0.00;0.00;0.00;299.90;100;-134.50;-0.21;-51.58;0.00;0;0.00;0.00;0.00;294.95;50;6.81;0.01;2.65;852.34;150;96.21;0.15;12.98;0.00;0;0.00;0.00;0.00;0.00;0;0.00;0.00;0.00;0.00;0;0.00;0.00;0.00;0.00;0;0.00;0.00;0.00;0.00;0;0.00;0.00;0.00;0.00;0;0.00;0.00;0.00;174.83;35;-51.85;-0.09;-34.10;14.97;3;-4.46;-0.01;-34.24;320.88;39;46.51;0.05;16.67;497.47;62;62.94;0.08;14.55;1019.85;150;32.43;0.05;3.66;1027.71;180;-131.62;-0.19;-14.73;607.93;80;72.95;0.10;13.80;1655.71;290;-212.09;-0.26;-14.73;479.94;60;75.58;0.11;18.11;501.71;100;-133.33;-0.17;-30.56;1030.92;200;-242.75;-0.35;-27.08;0.00;0;0.00;0.00;0.00;2173.53;410;-445.33;-0.73;-23.56;319.96;40;50.39;0.09;18.11;1770.34;311;-233.20;-0.41;-15.15;1566.58;239;190.65;0.29;14.00;0.00;0;0.00;0.00;0.00;601.76;69;77.97;0.12;14.90;385.94;51;33.01;0.05;9.83;479.94;60;5.34;0.01;1.28;1321.05;190;-119.72;-0.20;-10.42;1560.29;230;103.25;0.17;7.61
47685;JACOB CAPP RED SUGAR INST;5;22156.28;3 383;2299.24;0.07;11.93;0.00;0;0.00;0.00;0.00;426.87;67;70.77;0.12;19.07;272.93;43;44.52;0.08;18.76;415.78;70;47.68;0.06;13.19;328.61;48;70.52;0.13;24.68;132.81;19;30.29;0.03;26.23;549.74;93;61.03;0.08;12.77;152.81;23;29.75;0.04;22.39;858.43;162;20.06;0.03;2.69;34.95;5;7.97;0.01;26.23;298.91;45;78.68;0.10;30.27;39.95;5;11.61;0.02;33.41;328.24;44;91.02;0.08;31.89;479.71;65;138.87;0.14;33.29;339.73;45;96.21;0.15;32.57;636.32;90;187.23;0.30;33.84;711.73;99;206.06;0.29;33.29;751.26;178;-226.49;-0.35;-34.67;707.89;101;152.51;0.20;24.78;383.03;53;64.04;0.08;19.23;987.18;167;178.25;0.28;20.76;217.96;31;65.61;0.08;34.62;370.42;53;108.47;0.13;33.68;178.86;23;45.82;0.06;29.46;261.84;34;72.62;0.09;31.89;403.44;60;113.65;0.16;32.39;414.94;60;104.92;0.15;29.08;359.94;60;38.50;0.07;12.30;894.85;150;86.42;0.12;11.11;831.86;104;103.31;0.12;14.28;213.92;26;31.01;0.04;16.67;1096.84;160;42.41;0.06;4.45;2094.12;320;-1.75;-0.00;-0.10;1439.85;200;112.84;0.16;9.01;1949.73;270;157.50;0.19;9.29;239.97;30;37.79;0.05;18.11;1086.59;200;-194.34;-0.25;-20.57;0.00;0;0.00;0.00;0.00;0.00;0;0.00;0.00;0.00;0.00;0;0.00;0.00;0.00;0.00;0;0.00;0.00;0.00;0.00;0;0.00;0.00;0.00;349.97;50;-39.01;-0.06;-12.82;0.00;0;0.00;0.00;0.00;79.99;10;0.89;0.00;1.28;53.99;10;2.08;0.00;4.44;159.98;20;1.78;0.00;1.28;219.98;30;21.49;0.04;11.23;400.36;60;26.64;0.05;7.65
51722;SWITCH VITAMIN C;5;55033.55;4 671;12830.08;0.37;26.81;0.00;0;0.00;0.00;0.00;0.00;0;0.00;0.00;0.00;0.00;0;0.00;0.00;0.00;0.00;0;0.00;0.00;0.00;0.00;0;0.00;0.00;0.00;0.00;0;0.00;0.00;0.00;0.00;0;0.00;0.00;0.00;0.00;0;0.00;0.00;0.00;0.00;0;0.00;0.00;0.00;0.00;0;0.00;0.00;0.00;0.00;0;0.00;0.00;0.00;1156.11;89;300.52;0.46;29.89;883.32;68;229.61;0.21;29.89;1078.17;83;280.26;0.28;29.89;857.34;66;222.86;0.35;29.89;1182.09;91;307.28;0.49;29.89;844.35;65;219.48;0.31;29.89;431.58;42;73.14;0.11;19.49;479.52;48;87.69;0.11;21.03;1690.52;168;317.54;0.41;21.60;2626.37;263;466.75;0.73;20.44;1978.02;198;343.92;0.43;19.99;3261.90;310;681.93;0.81;24.04;461.58;42;109.47;0.15;27.27;2923.34;266;693.33;0.90;27.27;1704.49;167;321.52;0.45;21.69;527.52;48;105.16;0.15;22.92;197.82;18;39.43;0.07;22.92;329.70;30;65.72;0.09;22.92;0.00;0;0.00;0.00;0.00;0.00;0;0.00;0.00;0.00;274.75;25;54.77;0.08;22.92;780.29;71;155.55;0.22;22.92;1055.04;96;210.32;0.29;22.92;1846.32;168;368.06;0.45;22.92;2108.43;192;419.20;0.59;22.86;3067.00;240;776.67;1.00;29.12;2779.21;214;731.20;1.06;30.26;3688.51;284;970.56;1.38;30.26;2090.74;161;549.97;0.91;30.25;2050.46;159;530.69;0.92;29.76;2972.75;230;773.47;1.35;29.92;2494.08;192;656.53;1.00;30.27;2490.16;194;610.23;1.02;28.18;1558.80;120;393.37;0.62;29.02;1174.73;97;288.73;0.47;28.26;0.00;0;0.00;0.00;0.00;287.76;24;68.92;0.12;27.54;1700.78;142;406.21;0.69;27.47
52968;NESCAFE POUCH 800GR;5;1141001.14;10 159;35517.16;1.01;3.58;0.00;0;0.00;0.00;0.00;0.00;0;0.00;0.00;0.00;0.00;0;0.00;0.00;0.00;0.00;0;0.00;0.00;0.00;0.00;0;0.00;0.00;0.00;0.00;0;0.00;0.00;0.00;0.00;0;0.00;0.00;0.00;0.00;0;0.00;0.00;0.00;0.00;0;0.00;0.00;0.00;0.00;0;0.00;0.00;0.00;0.00;0;0.00;0.00;0.00;0.00;0;0.00;0.00;0.00;0.00;0;0.00;0.00;0.00;0.00;0;0.00;0.00;0.00;0.00;0;0.00;0.00;0.00;5769.36;64;265.81;0.42;5.30;7729.20;80;676.60;0.95;10.07;15323.52;173;421.35;0.65;3.16;32516.39;386;654.45;0.85;2.31;35477.52;348;1136.01;1.47;3.68;35989.96;354;992.41;1.55;3.17;14182.15;135;704.85;0.89;5.72;29945.71;279;889.62;1.05;3.42;21532.41;209;628.12;0.88;3.35;28762.94;281;1484.53;1.93;5.94;36728.87;388;-645.28;-0.91;-2.02;37662.69;381;101.88;0.14;0.31;32805.93;307;1872.68;3.25;6.56;42870.95;405;2260.14;3.06;6.06;26810.63;237;1528.02;1.79;6.55;39275.64;336;2081.68;2.80;6.10;52971.27;473;1416.89;1.97;3.08;53744.90;510;1485.93;2.09;3.18;42078.57;393;963.15;1.33;2.63;22756.16;184;1760.17;2.17;8.90;28346.57;243;1358.14;1.92;5.51;42679.71;379;260.11;0.33;0.70;29977.55;245;776.73;1.12;2.98;43569.40;345;1466.01;2.09;3.87;41452.17;333;1457.15;2.40;4.04;46664.16;372;1456.54;2.51;3.59;31075.58;242;1686.67;2.95;6.24;31420.47;253;1149.37;1.75;4.21;40267.19;331;948.07;1.58;2.71;69086.77;573;840.72;1.33;1.40;36686.97;303;832.16;1.36;2.61;19362.19;131;718.35;0.97;4.27;32190.65;235;981.52;1.65;3.51;33286.99;251;906.62;1.54;3.13
54116;SPAR CSD 2LT MANGO ORANGE;5;37197.07;3 036;4218.50;0.12;13.04;0.00;0;0.00;0.00;0.00;0.00;0;0.00;0.00;0.00;0.00;0;0.00;0.00;0.00;0.00;0;0.00;0.00;0.00;0.00;0;0.00;0.00;0.00;0.00;0;0.00;0.00;0.00;0.00;0;0.00;0.00;0.00;0.00;0;0.00;0.00;0.00;0.00;0;0.00;0.00;0.00;0.00;0;0.00;0.00;0.00;0.00;0;0.00;0.00;0.00;0.00;0;0.00;0.00;0.00;0.00;0;0.00;0.00;0.00;0.00;0;0.00;0.00;0.00;0.00;0;0.00;0.00;0.00;0.00;0;0.00;0.00;0.00;0.00;0;0.00;0.00;0.00;0.00;0;0.00;0.00;0.00;864.35;67;150.36;0.20;20.01;1650.06;146;137.81;0.18;9.60;1483.03;129;139.21;0.22;10.79;1385.75;118;150.48;0.19;12.49;732.80;63;73.77;0.09;11.58;909.60;90;29.16;0.04;3.69;1585.54;138;190.82;0.25;13.84;519.60;40;92.25;0.13;20.42;439.71;34;76.72;0.11;20.07;565.56;44;91.30;0.16;18.57;526.11;39;90.79;0.12;19.84;551.56;44;65.90;0.08;13.74;892.03;70;117.49;0.16;15.15;712.70;58;78.49;0.11;12.67;592.89;44;101.84;0.14;19.75;1972.91;166;181.46;0.25;10.58;1251.89;93;214.16;0.26;19.67;2155.78;176;260.18;0.37;13.88;2560.70;229;91.61;0.12;4.11;2081.25;173;123.77;0.18;6.84;1040.97;78;179.45;0.26;19.82;1136.34;86;147.81;0.24;14.96;666.54;51;85.34;0.15;14.72;1085.92;78;215.23;0.38;22.79;568.12;38;131.24;0.20;26.56;1240.64;102;129.61;0.22;12.01;1195.14;97;129.15;0.20;12.43;2127.46;181;170.66;0.28;9.23;1274.04;98;195.29;0.26;17.63;1647.42;128;181.82;0.31;12.69;1780.66;138;195.33;0.33;12.61
54117;SPAR COLA CSD 3LT;5;95120.18;5 122;15578.18;0.44;18.83;0.00;0;0.00;0.00;0.00;0.00;0;0.00;0.00;0.00;0.00;0;0.00;0.00;0.00;0.00;0;0.00;0.00;0.00;0.00;0;0.00;0.00;0.00;0.00;0;0.00;0.00;0.00;0.00;0;0.00;0.00;0.00;0.00;0;0.00;0.00;0.00;0.00;0;0.00;0.00;0.00;0.00;0;0.00;0.00;0.00;0.00;0;0.00;0.00;0.00;0.00;0;0.00;0.00;0.00;0.00;0;0.00;0.00;0.00;0.00;0;0.00;0.00;0.00;0.00;0;0.00;0.00;0.00;0.00;0;0.00;0.00;0.00;0.00;0;0.00;0.00;0.00;0.00;0;0.00;0.00;0.00;485.73;27;78.94;0.10;18.69;1169.35;65;190.05;0.25;18.69;2299.12;128;371.13;0.58;18.56;3362.33;187;545.20;0.69;18.65;3452.57;193;547.35;0.65;18.23;3268.48;182;527.19;0.74;18.55;4293.31;239;693.33;0.90;18.57;1580.42;88;254.95;0.36;18.55;2028.37;113;326.49;0.46;18.51;1939.32;108;312.65;0.54;18.54;2310.81;129;368.57;0.50;18.34;2654.42;148;425.69;0.50;18.44;2906.87;158;477.97;0.64;18.91;4370.54;231;740.53;1.03;19.49;4835.80;255;827.19;1.16;19.67;4934.55;260;846.82;1.17;19.74;6144.21;324;1050.93;1.29;19.67;5466.27;288;938.29;1.32;19.74;3166.58;167;541.38;0.70;19.66;4419.92;233;756.97;1.09;19.70;2409.83;127;411.38;0.59;19.63;2425.97;128;404.27;0.67;19.16;1573.32;83;262.35;0.45;19.18;1687.26;89;281.49;0.49;19.19;1970.21;104;327.70;0.50;19.13;3414.40;180;571.01;0.95;19.23;3110.56;164;519.96;0.82;19.22;2426.92;128;405.10;0.66;19.20;4549.05;240;758.32;1.02;19.17;1394.81;74;210.24;0.35;17.33;5068.88;282;604.75;1.02;13.72
59543;KOO BAKED BEANS TOM SCE 400GR;5;99411.04;6 084;6530.09;0.19;7.55;0.00;0;0.00;0.00;0.00;0.00;0;0.00;0.00;0.00;0.00;0;0.00;0.00;0.00;0.00;0;0.00;0.00;0.00;0.00;0;0.00;0.00;0.00;0.00;0;0.00;0.00;0.00;0.00;0;0.00;0.00;0.00;0.00;0;0.00;0.00;0.00;0.00;0;0.00;0.00;0.00;0.00;0;0.00;0.00;0.00;0.00;0;0.00;0.00;0.00;0.00;0;0.00;0.00;0.00;0.00;0;0.00;0.00;0.00;0.00;0;0.00;0.00;0.00;0.00;0;0.00;0.00;0.00;0.00;0;0.00;0.00;0.00;0.00;0;0.00;0.00;0.00;0.00;0;0.00;0.00;0.00;0.00;0;0.00;0.00;0.00;0.00;0;0.00;0.00;0.00;0.00;0;0.00;0.00;0.00;0.00;0;0.00;0.00;0.00;0.00;0;0.00;0.00;0.00;0.00;0;0.00;0.00;0.00;0.00;0;0.00;0.00;0.00;0.00;0;0.00;0.00;0.00;0.00;0;0.00;0.00;0.00;0.00;0;0.00;0.00;0.00;0.00;0;0.00;0.00;0.00;0.00;0;0.00;0.00;0.00;0.00;0;0.00;0.00;0.00;5172.66;273;1005.82;1.40;22.36;7517.91;467;594.59;0.84;9.10;4150.58;230;674.52;0.93;18.69;6676.27;421;450.52;0.55;7.76;4780.18;292;435.95;0.62;10.49;5591.89;337;400.76;0.52;8.24;5626.85;343;291.39;0.42;5.96;6845.06;426;385.35;0.55;6.47;5728.32;364;188.94;0.31;3.79;6245.88;394;260.69;0.45;4.80;4620.30;282;225.96;0.40;5.62;5046.28;305;268.38;0.41;6.12;4988.24;304;225.65;0.38;5.20;5072.13;327;-74.35;-0.12;-1.69;3021.23;185;55.99;0.09;2.13;5527.15;341;352.75;0.47;7.34;5491.33;345;308.23;0.52;6.45;7308.78;448;478.95;0.81;7.54
99990501;GROCERIES 15%;5;333520.75;11 132;41010.66;1.17;14.14;502.78;-15;62.33;0.07;14.26;208.13;12;25.80;0.04;14.26;3036.27;360;376.39;0.68;14.26;2623.58;50;324.04;0.43;14.20;3713.22;430;455.72;0.86;14.11;4595.94;689;569.74;0.64;14.26;449.29;-166;52.64;0.07;13.47;1976.29;251;244.99;0.33;14.26;4231.44;296;524.55;0.66;14.26;399.37;15;49.51;0.07;14.26;6575.90;861;815.18;1.03;14.26;3192.11;358;395.71;0.61;14.26;4228.68;286;524.21;0.49;14.26;6657.25;156;825.27;0.81;14.26;4241.82;156;503.88;0.79;13.66;1975.32;70;244.87;0.39;14.26;23933.12;787;2964.90;4.17;14.25;-4844.35;-267;-600.53;-0.93;14.26;6073.19;694;749.77;0.98;14.20;881.22;-370;106.71;0.14;13.93;8455.33;388;1044.63;1.63;14.21;4553.97;83;554.95;0.70;14.01;5199.75;680;640.26;0.76;14.16;11215.49;415;1364.72;1.91;13.99;11208.72;219;1386.25;1.81;14.22;11174.22;360;1365.46;1.93;14.05;15271.27;328;1886.62;2.66;14.21;20604.96;299;2538.72;4.41;14.17;8547.93;238;1056.59;1.43;14.21;5643.01;179;698.23;0.82;14.23;8898.95;111;1075.61;1.44;13.90;466.77;68;57.86;0.08;14.26;2752.70;27;326.85;0.46;13.65;6213.60;42;770.27;1.06;14.26;1639.26;35;179.31;0.22;12.58;1596.43;34;186.80;0.26;13.46;3991.06;31;494.75;0.64;14.26;3857.97;53;460.01;0.66;13.71;3173.87;58;391.21;0.56;14.17;5182.55;120;642.46;1.06;14.26;10452.05;136;1292.20;2.23;14.22;10124.02;183;1227.70;2.15;13.95;7914.88;127;940.27;1.43;13.66;28988.03;1 416;3589.89;5.97;14.24;21520.28;285;2658.45;4.20;14.21;9463.28;230;1161.49;1.90;14.11;4884.81;76;602.53;0.81;14.18;17400.63;117;2157.07;3.63;14.26;8474.39;141;1043.82;1.77;14.16
;Total (Overall);;43311784.88;1 970 900;3503501.04;100.00;8.87;790498.50;44 818;84643.35;100.00;11.71;763394.53;45 719;60344.77;100.00;8.61;767881.44;41 090;55622.57;100.00;7.91;760011.30;36 507;74971.99;100.00;10.76;819350.37;41 621;52785.89;100.00;7.04;779240.51;41 755;88852.84;100.00;12.39;806344.21;40 558;72809.81;100.00;9.87;888173.80;45 457;75017.45;100.00;9.24;989208.58;48 763;79908.53;100.00;8.83;876925.53;47 144;74915.03;100.00;9.37;951607.44;47 978;79485.92;100.00;9.15;883283.53;42 147;65304.49;100.00;8.11;1027733.14;47 465;107684.15;100.00;11.47;987914.65;44 444;101698.41;100.00;11.26;1010062.19;45 288;63701.06;100.00;6.90;1045075.29;45 376;63247.78;100.00;6.60;1072301.26;48 261;71136.49;100.00;7.23;955053.15;41 624;64574.28;100.00;7.37;946622.34;40 920;76744.53;100.00;8.92;932449.73;39 606;77240.95;100.00;9.11;1007741.54;44 661;63929.07;100.00;6.92;899882.36;40 140;79307.84;100.00;9.72;915456.41;40 257;84481.88;100.00;10.12;860516.70;38 479;71514.93;100.00;9.13;926605.40;41 667;76776.18;100.00;9.11;883852.55;38 794;70802.76;100.00;8.80;931366.77;38 524;70792.90;100.00;8.36;907941.72;37 515;57546.18;100.00;6.95;956246.28;40 216;73884.41;100.00;8.46;1056731.37;45 703;85547.73;100.00;8.86;888597.21;37 362;74467.37;100.00;9.20;1003775.78;43 235;71865.91;100.00;7.85;1137952.38;47 683;71102.81;100.00;6.80;960044.42;42 585;72657.85;100.00;8.34;866498.19;38 829;81249.31;100.00;10.30;825172.30;37 563;70827.70;100.00;9.44;993712.93;45 054;77706.98;100.00;8.60;836560.93;38 041;69265.58;100.00;9.09;852873.92;36 826;70247.69;100.00;9.06;788506.43;32 069;60764.42;100.00;8.50;770580.79;30 937;57933.62;100.00;8.31;745244.27;31 794;57203.74;100.00;8.45;708182.43;29 053;65564.61;100.00;10.19;776946.78;32 794;60108.06;100.00;8.55;964218.25;39 903;63226.04;100.00;7.24;681166.15;32 080;61143.76;100.00;9.94;753870.03;33 036;74434.49;100.00;10.91;639049.24;27 245;59397.64;100.00;10.30;719359.86;32 314;59059.29;100.00;9.09
