;;;Totals; ; ; ; ;01/03/22; ; ; ; ;01/04/22; ; ; ; ;01/05/22; ; ; ; ;01/06/22; ; ; ; ;01/07/22; ; ; ; ;01/08/22; ; ; ; ;01/09/22; ; ; ; ;01/10/22; ; ; ; ;01/11/22; ; ; ; ;01/12/22; ; ; ; ;01/01/23; ; ; ; ;01/02/23; ; ; ; ;01/03/23; ; ; ; ;01/04/23; ; ; ; ;01/05/23; ; ; ; ;01/06/23; ; ; ; ;01/07/23; ; ; ; ;01/08/23; ; ; ; ;01/09/23; ; ; ; ;01/10/23; ; ; ; ;01/11/23; ; ; ; ;01/12/23; ; ; ; ;01/01/24; ; ; ; ;01/02/24; ; ; ; ;01/03/24; ; ; ; ;01/04/24; ; ; ; ;01/05/24; ; ; ; ;01/06/24; ; ; ; ;01/07/24; ; ; ; ;01/08/24; ; ; ; ;01/09/24; ; ; ; ;01/10/24; ; ; ; ;01/11/24; ; ; ; ;01/12/24; ; ; ; ;01/01/25; ; ; ; ;01/02/25; ; ; ; ;01/03/25; ; ; ; ;01/04/25; ; ; ; ;01/05/25; ; ; ; ;01/06/25; ; ; ; ;01/07/25; ; ; ; ;01/08/25; ; ; ; ;01/09/25; ; ; ; ;01/10/25; ; ; ; ;01/11/25; ; ; ; ;01/12/25; ; ; ; ;01/01/26; ; ; ; ;01/02/26; ; ; ; ;01/03/26; ; ; ; 
Product Code;Product Description;Department;Sales incl. VAT;Sales Quantity;Gross Profit;GP Ratio (%);GP %;Sales incl. VAT;Sales Quantity;Gross Profit;GP Ratio (%);GP %;Sales incl. VAT;Sales Quantity;Gross Profit;GP Ratio (%);GP %;Sales incl. VAT;Sales Quantity;Gross Profit;GP Ratio (%);GP %;Sales incl. VAT;Sales Quantity;Gross Profit;GP Ratio (%);GP %;Sales incl. VAT;Sales Quantity;Gross Profit;GP Ratio (%);GP %;Sales incl. VAT;Sales Quantity;Gross Profit;GP Ratio (%);GP %;Sales incl. VAT;Sales Quantity;Gross Profit;GP Ratio (%);GP %;Sales incl. VAT;Sales Quantity;Gross Profit;GP Ratio (%);GP %;Sales incl. VAT;Sales Quantity;Gross Profit;GP Ratio (%);GP %;Sales incl. VAT;Sales Quantity;Gross Profit;GP Ratio (%);GP %;Sales incl. VAT;Sales Quantity;Gross Profit;GP Ratio (%);GP %;Sales incl. VAT;Sales Quantity;Gross Profit;GP Ratio (%);GP %;Sales incl. VAT;Sales Quantity;Gross Profit;GP Ratio (%);GP %;Sales incl. VAT;Sales Quantity;Gross Profit;GP Ratio (%);GP %;Sales incl. VAT;Sales Quantity;Gross Profit;GP Ratio (%);GP %;Sales incl. VAT;Sales Quantity;Gross Profit;GP Ratio (%);GP %;Sales incl. VAT;Sales Quantity;Gross Profit;GP Ratio (%);GP %;Sales incl. VAT;Sales Quantity;Gross Profit;GP Ratio (%);GP %;Sales incl. VAT;Sales Quantity;Gross Profit;GP Ratio (%);GP %;Sales incl. VAT;Sales Quantity;Gross Profit;GP Ratio (%);GP %;Sales incl. VAT;Sales Quantity;Gross Profit;GP Ratio (%);GP %;Sales incl. VAT;Sales Quantity;Gross Profit;GP Ratio (%);GP %;Sales incl. VAT;Sales Quantity;Gross Profit;GP Ratio (%);GP %;Sales incl. VAT;Sales Quantity;Gross Profit;GP Ratio (%);GP %;Sales incl. VAT;Sales Quantity;Gross Profit;GP Ratio (%);GP %;Sales incl. VAT;Sales Quantity;Gross Profit;GP Ratio (%);GP %;Sales incl. VAT;Sales Quantity;Gross Profit;GP Ratio (%);GP %;Sales incl. VAT;Sales Quantity;Gross Profit;GP Ratio (%);GP %;Sales incl. VAT;Sales Quantity;Gross Profit;GP Ratio (%);GP %;Sales incl. VAT;Sales Quantity;Gross Profit;GP Ratio (%);GP %;Sales incl. VAT;Sales Quantity;Gross Profit;GP Ratio (%);GP %;Sales incl. VAT;Sales Quantity;Gross Profit;GP Ratio (%);GP %;Sales incl. VAT;Sales Quantity;Gross Profit;GP Ratio (%);GP %;Sales incl. VAT;Sales Quantity;Gross Profit;GP Ratio (%);GP %;Sales incl. VAT;Sales Quantity;Gross Profit;GP Ratio (%);GP %;Sales incl. VAT;Sales Quantity;Gross Profit;GP Ratio (%);GP %;Sales incl. VAT;Sales Quantity;Gross Profit;GP Ratio (%);GP %;Sales incl. VAT;Sales Quantity;Gross Profit;GP Ratio (%);GP %;Sales incl. VAT;Sales Quantity;Gross Profit;GP Ratio (%);GP %;Sales incl. VAT;Sales Quantity;Gross Profit;GP Ratio (%);GP %;Sales incl. VAT;Sales Quantity;Gross Profit;GP Ratio (%);GP %;Sales incl. VAT;Sales Quantity;Gross Profit;GP Ratio (%);GP %;Sales incl. VAT;Sales Quantity;Gross Profit;GP Ratio (%);GP %;Sales incl. VAT;Sales Quantity;Gross Profit;GP Ratio (%);GP %;Sales incl. VAT;Sales Quantity;Gross Profit;GP Ratio (%);GP %;Sales incl. VAT;Sales Quantity;Gross Profit;GP Ratio (%);GP %;Sales incl. VAT;Sales Quantity;Gross Profit;GP Ratio (%);GP %;Sales incl. VAT;Sales Quantity;Gross Profit;GP Ratio (%);GP %;Sales incl. VAT;Sales Quantity;Gross Profit;GP Ratio (%);GP %
11132;YB PORK SHLDR B/IN;2;500397.83;7 369.129;102528.92;2.13;23.56;0.00;0.000;0.00;0.00;0.00;0.00;0.000;0.00;0.00;0.00;0.00;0.000;0.00;0.00;0.00;0.00;0.000;0.00;0.00;0.00;0.00;0.000;0.00;0.00;0.00;0.00;0.000;0.00;0.00;0.00;0.00;0.000;0.00;0.00;0.00;0.00;0.000;0.00;0.00;0.00;0.00;0.000;0.00;0.00;0.00;0.00;0.000;0.00;0.00;0.00;0.00;0.000;0.00;0.00;0.00;0.00;0.000;0.00;0.00;0.00;0.00;0.000;0.00;0.00;0.00;0.00;0.000;0.00;0.00;0.00;0.00;0.000;0.00;0.00;0.00;0.00;0.000;0.00;0.00;0.00;0.00;0.000;0.00;0.00;0.00;0.00;0.000;0.00;0.00;0.00;0.00;0.000;0.00;0.00;0.00;0.00;0.000;0.00;0.00;0.00;0.00;0.000;0.00;0.00;0.00;39128.23;479.333;9058.89;6.95;26.62;25470.88;366.655;5146.87;6.63;23.24;41830.53;659.592;7033.67;8.90;19.34;52378.57;843.420;12047.12;11.63;26.45;40843.70;657.121;8731.64;10.16;24.58;36801.81;498.779;9390.73;9.37;29.34;47029.89;751.002;8237.23;8.57;20.14;21094.72;353.805;3135.32;3.42;17.09;22514.36;380.973;4029.58;3.78;20.58;21735.61;361.355;3716.14;3.65;19.66;0.00;0.000;0.00;0.00;0.00;0.00;0.000;0.00;0.00;0.00;0.00;0.000;0.00;0.00;0.00;0.00;0.000;0.00;0.00;0.00;0.00;0.000;0.00;0.00;0.00;0.00;0.000;0.00;0.00;0.00;3414.39;45.023;853.68;0.68;28.75;41501.15;570.046;10197.21;7.39;28.26;30264.25;385.271;7134.70;5.66;27.11;44019.96;585.725;8269.98;6.32;21.60;32369.78;431.029;5546.15;3.98;19.70;0.00;0.000;0.00;0.00;0.00;0.00;0.000;0.00;0.00;0.00;0.00;0.000;0.00;0.00;0.00;0.00;0.000;0.00;0.00;0.00;0.00;0.000;0.00;0.00;0.00;0.00;0.000;0.00;0.00;0.00;0.00;0.000;0.00;0.00;0.00
11136;SPAR YB PORK LION WHOLE;2;735127.33;9 051.298;132837.37;2.76;20.78;0.00;0.000;0.00;0.00;0.00;0.00;0.000;0.00;0.00;0.00;0.00;0.000;0.00;0.00;0.00;0.00;0.000;0.00;0.00;0.00;0.00;0.000;0.00;0.00;0.00;0.00;0.000;0.00;0.00;0.00;0.00;0.000;0.00;0.00;0.00;0.00;0.000;0.00;0.00;0.00;0.00;0.000;0.00;0.00;0.00;0.00;0.000;0.00;0.00;0.00;0.00;0.000;0.00;0.00;0.00;0.00;0.000;0.00;0.00;0.00;0.00;0.000;0.00;0.00;0.00;0.00;0.000;0.00;0.00;0.00;0.00;0.000;0.00;0.00;0.00;0.00;0.000;0.00;0.00;0.00;0.00;0.000;0.00;0.00;0.00;0.00;0.000;0.00;0.00;0.00;0.00;0.000;0.00;0.00;0.00;0.00;0.000;0.00;0.00;0.00;0.00;0.000;0.00;0.00;0.00;15043.12;165.169;3574.46;2.74;27.33;32424.62;412.632;5741.52;7.40;20.36;32180.01;426.645;4890.85;6.19;17.48;32290.68;379.020;5830.11;5.63;20.76;26115.21;305.298;4425.05;5.15;19.49;27592.00;320.622;5356.23;5.35;22.32;29564.06;335.094;6203.80;6.46;24.13;32618.07;390.822;6453.99;7.04;22.75;41176.57;535.414;7824.87;7.34;21.85;35300.12;421.596;7514.33;7.38;24.48;28393.76;337.380;6630.79;6.66;26.86;41676.30;529.186;7521.85;6.20;20.76;46685.45;540.998;8678.37;5.45;21.38;40506.00;513.463;6636.80;6.69;18.84;53682.54;705.224;9202.51;8.19;19.71;67389.55;942.455;8724.55;6.95;14.89;36634.08;437.103;7770.43;6.18;24.39;35701.20;447.371;6148.77;4.45;19.81;32656.10;372.965;5820.32;4.62;20.50;29992.90;335.041;5034.59;3.84;19.30;17504.99;197.800;2853.18;2.05;18.74;0.00;0.000;0.00;0.00;0.00;0.00;0.000;0.00;0.00;0.00;0.00;0.000;0.00;0.00;0.00;0.00;0.000;0.00;0.00;0.00;0.00;0.000;0.00;0.00;0.00;0.00;0.000;0.00;0.00;0.00;0.00;0.000;0.00;0.00;0.00
11137;BULK PORK NECK STEAK;2;461393.45;4 988.591;92167.58;1.92;22.97;0.00;0.000;0.00;0.00;0.00;0.00;0.000;0.00;0.00;0.00;0.00;0.000;0.00;0.00;0.00;0.00;0.000;0.00;0.00;0.00;0.00;0.000;0.00;0.00;0.00;0.00;0.000;0.00;0.00;0.00;0.00;0.000;0.00;0.00;0.00;0.00;0.000;0.00;0.00;0.00;0.00;0.000;0.00;0.00;0.00;0.00;0.000;0.00;0.00;0.00;0.00;0.000;0.00;0.00;0.00;0.00;0.000;0.00;0.00;0.00;0.00;0.000;0.00;0.00;0.00;0.00;0.000;0.00;0.00;0.00;0.00;0.000;0.00;0.00;0.00;4415.02;54.595;728.13;0.94;18.97;15841.49;174.822;3867.17;4.41;28.07;16474.75;185.835;3380.96;4.15;23.60;12631.59;107.432;3311.16;3.47;30.15;12070.06;117.984;2575.61;2.94;24.54;16753.32;186.012;2653.64;2.93;18.22;14478.20;118.684;3571.17;2.74;28.37;15574.12;161.723;3044.59;3.92;22.48;14913.70;179.824;2095.63;2.65;16.16;26076.03;311.176;4320.56;4.17;19.05;21982.25;263.528;3571.20;4.16;18.68;15761.15;182.870;2784.41;2.78;20.32;18572.58;192.041;4629.82;4.82;28.67;14269.40;147.420;3564.67;3.89;28.73;21969.87;279.823;3459.66;3.25;18.11;19603.67;218.424;4702.62;4.62;27.59;25140.32;280.257;5547.18;5.57;25.37;22287.20;251.512;4008.78;3.30;20.68;22449.35;220.636;5114.20;3.21;26.20;16492.42;161.237;3701.48;3.73;25.81;15755.05;151.268;3718.13;3.31;27.14;26359.24;315.770;3366.60;2.68;14.69;16371.00;163.721;3707.53;2.95;26.04;18969.41;208.256;3653.90;2.65;22.15;16074.72;162.440;3182.67;2.52;22.77;13418.87;125.519;2798.25;2.14;23.98;6688.67;65.782;1107.87;0.80;19.05;0.00;0.000;0.00;0.00;0.00;0.00;0.000;0.00;0.00;0.00;0.00;0.000;0.00;0.00;0.00;0.00;0.000;0.00;0.00;0.00;0.00;0.000;0.00;0.00;0.00;0.00;0.000;0.00;0.00;0.00;0.00;0.000;0.00;0.00;0.00
11139;PORK HOCKS STEW;2;29310.92;507.475;6500.26;0.14;25.50;0.00;0.000;0.00;0.00;0.00;0.00;0.000;0.00;0.00;0.00;0.00;0.000;0.00;0.00;0.00;0.00;0.000;0.00;0.00;0.00;0.00;0.000;0.00;0.00;0.00;0.00;0.000;0.00;0.00;0.00;0.00;0.000;0.00;0.00;0.00;0.00;0.000;0.00;0.00;0.00;0.00;0.000;0.00;0.00;0.00;0.00;0.000;0.00;0.00;0.00;0.00;0.000;0.00;0.00;0.00;0.00;0.000;0.00;0.00;0.00;0.00;0.000;0.00;0.00;0.00;0.00;0.000;0.00;0.00;0.00;0.00;0.000;0.00;0.00;0.00;0.00;0.000;0.00;0.00;0.00;0.00;0.000;0.00;0.00;0.00;0.00;0.000;0.00;0.00;0.00;0.00;0.000;0.00;0.00;0.00;0.00;0.000;0.00;0.00;0.00;0.00;0.000;0.00;0.00;0.00;0.00;0.000;0.00;0.00;0.00;0.00;0.000;0.00;0.00;0.00;0.00;0.000;0.00;0.00;0.00;0.00;0.000;0.00;0.00;0.00;0.00;0.000;0.00;0.00;0.00;0.00;0.000;0.00;0.00;0.00;0.00;0.000;0.00;0.00;0.00;0.00;0.000;0.00;0.00;0.00;0.00;0.000;0.00;0.00;0.00;0.00;0.000;0.00;0.00;0.00;0.00;0.000;0.00;0.00;0.00;0.00;0.000;0.00;0.00;0.00;0.00;0.000;0.00;0.00;0.00;0.00;0.000;0.00;0.00;0.00;0.00;0.000;0.00;0.00;0.00;0.00;0.000;0.00;0.00;0.00;0.00;0.000;0.00;0.00;0.00;0.00;0.000;0.00;0.00;0.00;1746.21;31.755;417.88;0.33;27.52;15942.90;284.487;3231.75;2.47;23.31;11621.81;191.233;2850.63;2.05;28.21;0.00;0.000;0.00;0.00;0.00;0.00;0.000;0.00;0.00;0.00;0.00;0.000;0.00;0.00;0.00;0.00;0.000;0.00;0.00;0.00;0.00;0.000;0.00;0.00;0.00;0.00;0.000;0.00;0.00;0.00;0.00;0.000;0.00;0.00;0.00
11140;SPAR YB BELLY B/IN;2;49068.76;467.134;10547.99;0.22;24.72;0.00;0.000;0.00;0.00;0.00;0.00;0.000;0.00;0.00;0.00;0.00;0.000;0.00;0.00;0.00;0.00;0.000;0.00;0.00;0.00;0.00;0.000;0.00;0.00;0.00;0.00;0.000;0.00;0.00;0.00;0.00;0.000;0.00;0.00;0.00;0.00;0.000;0.00;0.00;0.00;0.00;0.000;0.00;0.00;0.00;0.00;0.000;0.00;0.00;0.00;0.00;0.000;0.00;0.00;0.00;0.00;0.000;0.00;0.00;0.00;0.00;0.000;0.00;0.00;0.00;0.00;0.000;0.00;0.00;0.00;0.00;0.000;0.00;0.00;0.00;0.00;0.000;0.00;0.00;0.00;0.00;0.000;0.00;0.00;0.00;0.00;0.000;0.00;0.00;0.00;0.00;0.000;0.00;0.00;0.00;0.00;0.000;0.00;0.00;0.00;0.00;0.000;0.00;0.00;0.00;3986.79;41.761;756.13;0.58;21.81;5675.93;57.346;1163.73;1.50;23.58;5254.04;54.308;1036.92;1.31;22.70;4293.83;43.274;978.50;0.94;26.21;2560.17;25.631;480.35;0.56;21.58;5733.78;53.868;1215.77;1.21;24.38;1718.45;15.308;422.92;0.44;28.30;201.08;1.828;52.41;0.06;29.97;628.98;5.718;163.93;0.15;29.97;943.72;8.636;242.16;0.24;29.51;0.00;0.000;0.00;0.00;0.00;705.64;5.428;206.59;0.17;33.67;1205.62;9.274;313.26;0.20;29.88;628.16;4.832;159.72;0.16;29.24;1627.73;14.872;370.49;0.33;26.18;813.50;7.387;190.39;0.15;26.91;2475.24;23.083;596.45;0.47;27.71;2712.17;29.497;352.96;0.26;14.97;34.02;0.378;3.88;0.00;13.13;3898.97;32.536;886.65;0.68;26.15;3970.94;32.169;954.76;0.69;27.65;0.00;0.000;0.00;0.00;0.00;0.00;0.000;0.00;0.00;0.00;0.00;0.000;0.00;0.00;0.00;0.00;0.000;0.00;0.00;0.00;0.00;0.000;0.00;0.00;0.00;0.00;0.000;0.00;0.00;0.00;0.00;0.000;0.00;0.00;0.00
11142; PORK FILLET;2;27680.15;270.544;6293.08;0.13;26.15;0.00;0.000;0.00;0.00;0.00;0.00;0.000;0.00;0.00;0.00;0.00;0.000;0.00;0.00;0.00;0.00;0.000;0.00;0.00;0.00;0.00;0.000;0.00;0.00;0.00;0.00;0.000;0.00;0.00;0.00;0.00;0.000;0.00;0.00;0.00;0.00;0.000;0.00;0.00;0.00;0.00;0.000;0.00;0.00;0.00;0.00;0.000;0.00;0.00;0.00;0.00;0.000;0.00;0.00;0.00;0.00;0.000;0.00;0.00;0.00;0.00;0.000;0.00;0.00;0.00;0.00;0.000;0.00;0.00;0.00;0.00;0.000;0.00;0.00;0.00;0.00;0.000;0.00;0.00;0.00;0.00;0.000;0.00;0.00;0.00;0.00;0.000;0.00;0.00;0.00;0.00;0.000;0.00;0.00;0.00;0.00;0.000;0.00;0.00;0.00;0.00;0.000;0.00;0.00;0.00;0.00;0.000;0.00;0.00;0.00;0.00;0.000;0.00;0.00;0.00;0.00;0.000;0.00;0.00;0.00;737.31;7.373;184.02;0.18;28.70;881.14;8.850;217.52;0.25;28.39;1547.31;15.696;373.68;0.37;27.77;111.83;0.766;24.48;0.03;25.18;0.00;0.000;0.00;0.00;0.00;1470.87;17.572;275.05;0.26;21.50;1483.35;16.209;372.22;0.37;28.86;1149.39;12.838;267.92;0.27;26.81;802.32;8.710;191.67;0.16;27.47;969.51;10.014;242.33;0.15;28.74;938.43;9.874;223.70;0.23;27.41;1283.56;13.332;316.37;0.28;28.35;1917.38;22.686;378.18;0.30;22.68;717.02;6.921;177.15;0.14;28.41;1043.78;11.118;147.98;0.11;16.30;1710.02;15.662;324.68;0.26;21.84;3007.96;24.491;1011.81;0.77;38.68;1408.68;10.942;529.98;0.38;43.27;788.68;6.954;136.04;0.12;19.84;2206.55;20.919;163.23;0.13;8.51;916.85;6.489;207.41;0.18;26.02;455.27;3.140;100.77;0.06;25.45;901.76;8.075;183.10;0.18;23.35;1231.18;11.913;243.79;0.26;22.77;0.00;0.000;0.00;0.00;0.00
11147;W/SHIRE  PORK SAUSAGE;2;75687.89;871.618;14444.77;0.30;21.95;0.00;0.000;0.00;0.00;0.00;0.00;0.000;0.00;0.00;0.00;0.00;0.000;0.00;0.00;0.00;0.00;0.000;0.00;0.00;0.00;0.00;0.000;0.00;0.00;0.00;0.00;0.000;0.00;0.00;0.00;0.00;0.000;0.00;0.00;0.00;0.00;0.000;0.00;0.00;0.00;0.00;0.000;0.00;0.00;0.00;0.00;0.000;0.00;0.00;0.00;0.00;0.000;0.00;0.00;0.00;0.00;0.000;0.00;0.00;0.00;0.00;0.000;0.00;0.00;0.00;0.00;0.000;0.00;0.00;0.00;0.00;0.000;0.00;0.00;0.00;0.00;0.000;0.00;0.00;0.00;0.00;0.000;0.00;0.00;0.00;0.00;0.000;0.00;0.00;0.00;0.00;0.000;0.00;0.00;0.00;0.00;0.000;0.00;0.00;0.00;0.00;0.000;0.00;0.00;0.00;0.00;0.000;0.00;0.00;0.00;0.00;0.000;0.00;0.00;0.00;0.00;0.000;0.00;0.00;0.00;0.00;0.000;0.00;0.00;0.00;0.00;0.000;0.00;0.00;0.00;0.00;0.000;0.00;0.00;0.00;0.00;0.000;0.00;0.00;0.00;0.00;0.000;0.00;0.00;0.00;0.00;0.000;0.00;0.00;0.00;0.00;0.000;0.00;0.00;0.00;0.00;0.000;0.00;0.00;0.00;0.00;0.000;0.00;0.00;0.00;0.00;0.000;0.00;0.00;0.00;0.00;0.000;0.00;0.00;0.00;0.00;0.000;0.00;0.00;0.00;0.00;0.000;0.00;0.00;0.00;0.00;0.000;0.00;0.00;0.00;0.00;0.000;0.00;0.00;0.00;5671.83;75.466;1053.54;0.84;21.36;6465.14;80.824;1765.53;1.35;31.40;7348.47;91.865;1836.35;1.32;28.74;4568.59;57.113;695.92;0.64;17.52;9042.54;112.328;1432.65;1.17;18.22;8554.36;106.944;664.18;0.58;8.93;13114.77;137.682;2639.05;1.64;23.14;8236.79;82.538;1879.99;1.82;26.25;5070.60;50.708;1043.95;1.12;23.68;7614.80;76.150;1433.60;1.44;21.65
12112;SPAR T&T PICKLED TONGUE;2;14183.09;124.000;2190.90;0.05;17.76;0.00;0.000;0.00;0.00;0.00;0.00;0.000;0.00;0.00;0.00;0.00;0.000;0.00;0.00;0.00;0.00;0.000;0.00;0.00;0.00;0.00;0.000;0.00;0.00;0.00;0.00;0.000;0.00;0.00;0.00;0.00;0.000;0.00;0.00;0.00;0.00;0.000;0.00;0.00;0.00;0.00;0.000;0.00;0.00;0.00;0.00;0.000;0.00;0.00;0.00;0.00;0.000;0.00;0.00;0.00;0.00;0.000;0.00;0.00;0.00;0.00;0.000;0.00;0.00;0.00;0.00;0.000;0.00;0.00;0.00;0.00;0.000;0.00;0.00;0.00;0.00;0.000;0.00;0.00;0.00;0.00;0.000;0.00;0.00;0.00;0.00;0.000;0.00;0.00;0.00;0.00;0.000;0.00;0.00;0.00;0.00;0.000;0.00;0.00;0.00;692.93;6.728;105.06;0.12;17.44;5940.59;51.423;1260.11;0.97;24.39;245.44;2.116;52.64;0.07;24.66;198.35;1.710;42.54;0.05;24.66;0.00;0.000;0.00;0.00;0.00;0.00;0.000;0.00;0.00;0.00;0.00;0.000;0.00;0.00;0.00;0.00;0.000;0.00;0.00;0.00;0.00;0.000;0.00;0.00;0.00;0.00;0.000;0.00;0.00;0.00;0.00;0.000;0.00;0.00;0.00;0.00;0.000;0.00;0.00;0.00;0.00;0.000;0.00;0.00;0.00;3361.96;30.629;448.21;0.28;15.33;0.00;0.000;0.00;0.00;0.00;0.00;0.000;0.00;0.00;0.00;0.00;0.000;0.00;0.00;0.00;0.00;0.000;0.00;0.00;0.00;0.00;0.000;0.00;0.00;0.00;0.00;0.000;0.00;0.00;0.00;0.00;0.000;0.00;0.00;0.00;0.00;0.000;0.00;0.00;0.00;0.00;0.000;0.00;0.00;0.00;0.00;0.000;0.00;0.00;0.00;1022.20;8.626;54.46;0.05;6.13;2721.62;22.768;227.88;0.14;9.63;0.00;0.000;0.00;0.00;0.00;0.00;0.000;0.00;0.00;0.00;0.00;0.000;0.00;0.00;0.00
12113;T&T SALT BEEF;2;10057.19;71.176;946.76;0.02;10.83;0.00;0.000;0.00;0.00;0.00;0.00;0.000;0.00;0.00;0.00;0.00;0.000;0.00;0.00;0.00;0.00;0.000;0.00;0.00;0.00;0.00;0.000;0.00;0.00;0.00;0.00;0.000;0.00;0.00;0.00;0.00;0.000;0.00;0.00;0.00;0.00;0.000;0.00;0.00;0.00;0.00;0.000;0.00;0.00;0.00;0.00;0.000;0.00;0.00;0.00;0.00;0.000;0.00;0.00;0.00;0.00;0.000;0.00;0.00;0.00;0.00;0.000;0.00;0.00;0.00;0.00;0.000;0.00;0.00;0.00;0.00;0.000;0.00;0.00;0.00;0.00;0.000;0.00;0.00;0.00;0.00;0.000;0.00;0.00;0.00;0.00;0.000;0.00;0.00;0.00;0.00;0.000;0.00;0.00;0.00;0.00;0.000;0.00;0.00;0.00;340.74;2.434;50.45;0.06;17.03;2711.90;19.372;401.47;0.31;17.02;155.95;1.114;23.09;0.03;17.02;257.58;1.840;38.13;0.05;17.02;0.00;0.000;0.00;0.00;0.00;0.00;0.000;0.00;0.00;0.00;0.00;0.000;0.00;0.00;0.00;0.00;0.000;0.00;0.00;0.00;0.00;0.000;0.00;0.00;0.00;0.00;0.000;0.00;0.00;0.00;0.00;0.000;0.00;0.00;0.00;0.00;0.000;0.00;0.00;0.00;353.53;2.780;21.13;0.02;6.87;1900.81;14.674;182.36;0.11;11.03;179.13;1.120;40.42;0.04;25.95;0.00;0.000;0.00;0.00;0.00;0.00;0.000;0.00;0.00;0.00;0.00;0.000;0.00;0.00;0.00;0.00;0.000;0.00;0.00;0.00;0.00;0.000;0.00;0.00;0.00;0.00;0.000;0.00;0.00;0.00;0.00;0.000;0.00;0.00;0.00;0.00;0.000;0.00;0.00;0.00;0.00;0.000;0.00;0.00;0.00;544.51;3.700;29.54;0.03;6.24;3613.04;24.142;160.18;0.10;5.10;0.00;0.000;0.00;0.00;0.00;0.00;0.000;0.00;0.00;0.00;0.00;0.000;0.00;0.00;0.00
12118;BEEF RASHERS;2;56956.23;467.600;13356.27;0.28;26.97;0.00;0.000;0.00;0.00;0.00;0.00;0.000;0.00;0.00;0.00;0.00;0.000;0.00;0.00;0.00;0.00;0.000;0.00;0.00;0.00;0.00;0.000;0.00;0.00;0.00;0.00;0.000;0.00;0.00;0.00;0.00;0.000;0.00;0.00;0.00;0.00;0.000;0.00;0.00;0.00;0.00;0.000;0.00;0.00;0.00;0.00;0.000;0.00;0.00;0.00;0.00;0.000;0.00;0.00;0.00;914.22;10.074;126.87;0.20;15.96;2046.80;20.470;422.26;0.51;23.72;3657.81;36.606;752.99;0.90;23.67;2375.66;24.676;429.28;0.58;20.78;749.39;7.522;152.78;0.20;23.45;3684.34;36.864;758.95;0.87;23.69;2878.88;28.803;593.16;0.73;23.69;1165.17;11.652;240.43;0.25;23.73;2851.90;28.596;583.43;0.67;23.53;1742.67;16.334;465.24;0.51;30.70;1701.27;14.178;487.61;0.37;32.96;1493.91;12.472;426.64;0.55;32.84;914.64;7.622;273.23;0.35;34.35;2713.80;22.658;807.75;0.78;34.23;1166.29;9.720;348.35;0.41;34.35;1951.02;16.298;580.13;0.58;34.19;654.25;5.484;193.26;0.20;33.97;1530.30;9.002;378.39;0.41;28.44;1933.06;13.221;272.64;0.26;16.22;3212.20;19.468;880.37;0.86;31.52;2318.58;14.052;695.41;0.70;34.49;2467.63;16.484;596.43;0.49;27.80;1369.06;9.128;332.55;0.21;27.93;1792.93;11.954;435.51;0.44;27.93;1546.85;11.488;265.33;0.24;19.73;1963.32;13.090;424.55;0.34;24.87;1176.51;7.844;254.42;0.20;24.87;3222.31;18.528;716.77;0.52;25.58;1761.46;13.312;461.55;0.37;30.13;0.00;0.000;0.00;0.00;0.00;0.00;0.000;0.00;0.00;0.00;0.00;0.000;0.00;0.00;0.00;0.00;0.000;0.00;0.00;0.00;0.00;0.000;0.00;0.00;0.00;0.00;0.000;0.00;0.00;0.00;0.00;0.000;0.00;0.00;0.00;0.00;0.000;0.00;0.00;0.00;0.00;0.000;0.00;0.00;0.00
12130;FLANK BEEF STEW CUBES;2;34240.97;365.953;6903.58;0.14;23.19;0.00;0.000;0.00;0.00;0.00;0.00;0.000;0.00;0.00;0.00;0.00;0.000;0.00;0.00;0.00;0.00;0.000;0.00;0.00;0.00;0.00;0.000;0.00;0.00;0.00;0.00;0.000;0.00;0.00;0.00;0.00;0.000;0.00;0.00;0.00;0.00;0.000;0.00;0.00;0.00;0.00;0.000;0.00;0.00;0.00;0.00;0.000;0.00;0.00;0.00;0.00;0.000;0.00;0.00;0.00;0.00;0.000;0.00;0.00;0.00;0.00;0.000;0.00;0.00;0.00;0.00;0.000;0.00;0.00;0.00;0.00;0.000;0.00;0.00;0.00;0.00;0.000;0.00;0.00;0.00;0.00;0.000;0.00;0.00;0.00;0.00;0.000;0.00;0.00;0.00;0.00;0.000;0.00;0.00;0.00;0.00;0.000;0.00;0.00;0.00;0.00;0.000;0.00;0.00;0.00;0.00;0.000;0.00;0.00;0.00;0.00;0.000;0.00;0.00;0.00;0.00;0.000;0.00;0.00;0.00;0.00;0.000;0.00;0.00;0.00;0.00;0.000;0.00;0.00;0.00;0.00;0.000;0.00;0.00;0.00;0.00;0.000;0.00;0.00;0.00;0.00;0.000;0.00;0.00;0.00;2359.50;36.944;315.97;0.30;15.40;4492.54;59.004;1144.92;1.12;29.31;841.41;10.137;138.93;0.14;18.99;1147.70;13.695;94.29;0.08;9.45;816.13;6.802;196.98;0.12;27.76;1330.64;11.090;502.95;0.51;43.47;2826.37;25.650;885.15;0.79;36.02;3908.90;34.264;1280.33;1.02;37.67;1175.29;12.668;164.21;0.13;16.07;2728.48;29.805;435.76;0.32;18.37;9424.55;102.340;1031.63;0.82;12.59;1196.86;8.816;255.33;0.19;24.53;1992.60;14.738;457.12;0.33;26.38;0.00;0.000;0.00;0.00;0.00;0.00;0.000;0.00;0.00;0.00;0.00;0.000;0.00;0.00;0.00;0.00;0.000;0.00;0.00;0.00;0.00;0.000;0.00;0.00;0.00;0.00;0.000;0.00;0.00;0.00;0.00;0.000;0.00;0.00;0.00
12141; BEEF SIRLOIN;2;213106.91;1 120.271;39954.68;0.83;21.56;0.00;0.000;0.00;0.00;0.00;0.00;0.000;0.00;0.00;0.00;0.00;0.000;0.00;0.00;0.00;0.00;0.000;0.00;0.00;0.00;0.00;0.000;0.00;0.00;0.00;0.00;0.000;0.00;0.00;0.00;0.00;0.000;0.00;0.00;0.00;0.00;0.000;0.00;0.00;0.00;0.00;0.000;0.00;0.00;0.00;0.00;0.000;0.00;0.00;0.00;0.00;0.000;0.00;0.00;0.00;0.00;0.000;0.00;0.00;0.00;0.00;0.000;0.00;0.00;0.00;0.00;0.000;0.00;0.00;0.00;0.00;0.000;0.00;0.00;0.00;0.00;0.000;0.00;0.00;0.00;0.00;0.000;0.00;0.00;0.00;0.00;0.000;0.00;0.00;0.00;0.00;0.000;0.00;0.00;0.00;0.00;0.000;0.00;0.00;0.00;0.00;0.000;0.00;0.00;0.00;0.00;0.000;0.00;0.00;0.00;0.00;0.000;0.00;0.00;0.00;0.00;0.000;0.00;0.00;0.00;0.00;0.000;0.00;0.00;0.00;0.00;0.000;0.00;0.00;0.00;0.00;0.000;0.00;0.00;0.00;0.00;0.000;0.00;0.00;0.00;737.09;4.578;183.21;0.20;28.58;11403.36;71.913;2477.90;2.33;24.99;8778.61;59.629;1668.29;1.64;21.85;6838.94;45.020;1452.09;1.46;24.42;12009.29;68.795;2409.75;1.98;23.08;10479.55;53.666;2416.81;1.52;26.52;12880.57;66.037;3195.75;3.22;28.53;8213.48;44.004;1850.66;1.65;25.91;8886.52;47.005;1888.62;1.50;24.44;12894.00;74.253;1508.66;1.20;13.46;8999.13;41.754;1942.27;1.41;24.82;2675.56;11.100;649.81;0.52;27.93;6406.90;28.950;1265.54;0.97;22.72;9009.66;43.260;1981.90;1.42;25.30;10891.08;51.113;1916.61;1.75;20.24;15547.45;67.969;3170.11;2.60;23.45;10267.90;41.196;2326.28;2.02;26.05;14608.22;65.039;2279.99;1.42;17.95;12416.21;63.718;2182.03;2.11;20.21;19412.09;121.544;1359.06;1.46;8.05;9751.30;49.728;1829.34;1.84;21.57
12142;SPAR YB BEEF SILVERSIDE;2;67299.25;523.601;12789.44;0.27;21.85;0.00;0.000;0.00;0.00;0.00;0.00;0.000;0.00;0.00;0.00;0.00;0.000;0.00;0.00;0.00;0.00;0.000;0.00;0.00;0.00;0.00;0.000;0.00;0.00;0.00;0.00;0.000;0.00;0.00;0.00;0.00;0.000;0.00;0.00;0.00;0.00;0.000;0.00;0.00;0.00;0.00;0.000;0.00;0.00;0.00;0.00;0.000;0.00;0.00;0.00;0.00;0.000;0.00;0.00;0.00;0.00;0.000;0.00;0.00;0.00;0.00;0.000;0.00;0.00;0.00;0.00;0.000;0.00;0.00;0.00;0.00;0.000;0.00;0.00;0.00;0.00;0.000;0.00;0.00;0.00;0.00;0.000;0.00;0.00;0.00;0.00;0.000;0.00;0.00;0.00;0.00;0.000;0.00;0.00;0.00;0.00;0.000;0.00;0.00;0.00;0.00;0.000;0.00;0.00;0.00;0.00;0.000;0.00;0.00;0.00;0.00;0.000;0.00;0.00;0.00;0.00;0.000;0.00;0.00;0.00;0.00;0.000;0.00;0.00;0.00;0.00;0.000;0.00;0.00;0.00;0.00;0.000;0.00;0.00;0.00;0.00;0.000;0.00;0.00;0.00;1996.13;17.130;475.25;0.52;27.38;3775.52;33.912;649.33;0.61;19.78;3051.56;25.266;681.15;0.67;25.67;7409.31;69.714;1098.62;1.10;17.05;7663.93;65.346;1100.99;0.91;16.52;3396.92;26.356;646.45;0.41;21.89;4766.74;40.850;697.59;0.70;16.83;5190.99;41.629;1184.08;1.05;26.23;7764.49;63.651;1459.34;1.16;21.61;5867.72;40.785;1103.87;0.88;21.63;6693.78;40.360;1474.40;1.07;25.33;3408.65;19.671;826.72;0.66;27.89;3806.97;23.189;880.49;0.67;26.60;2506.54;15.742;511.15;0.37;23.45;0.00;0.000;0.00;0.00;0.00;0.00;0.000;0.00;0.00;0.00;0.00;0.000;0.00;0.00;0.00;0.00;0.000;0.00;0.00;0.00;0.00;0.000;0.00;0.00;0.00;0.00;0.000;0.00;0.00;0.00;0.00;0.000;0.00;0.00;0.00
12144; BEEF STIRFRY;2;40484.80;275.690;9269.00;0.19;26.33;0.00;0.000;0.00;0.00;0.00;0.00;0.000;0.00;0.00;0.00;0.00;0.000;0.00;0.00;0.00;0.00;0.000;0.00;0.00;0.00;0.00;0.000;0.00;0.00;0.00;0.00;0.000;0.00;0.00;0.00;0.00;0.000;0.00;0.00;0.00;0.00;0.000;0.00;0.00;0.00;0.00;0.000;0.00;0.00;0.00;0.00;0.000;0.00;0.00;0.00;0.00;0.000;0.00;0.00;0.00;0.00;0.000;0.00;0.00;0.00;0.00;0.000;0.00;0.00;0.00;0.00;0.000;0.00;0.00;0.00;0.00;0.000;0.00;0.00;0.00;0.00;0.000;0.00;0.00;0.00;0.00;0.000;0.00;0.00;0.00;0.00;0.000;0.00;0.00;0.00;0.00;0.000;0.00;0.00;0.00;0.00;0.000;0.00;0.00;0.00;0.00;0.000;0.00;0.00;0.00;0.00;0.000;0.00;0.00;0.00;0.00;0.000;0.00;0.00;0.00;0.00;0.000;0.00;0.00;0.00;0.00;0.000;0.00;0.00;0.00;0.00;0.000;0.00;0.00;0.00;0.00;0.000;0.00;0.00;0.00;0.00;0.000;0.00;0.00;0.00;0.00;0.000;0.00;0.00;0.00;2717.80;22.180;639.13;0.60;27.04;1669.74;13.526;383.49;0.38;26.41;1590.84;13.185;365.30;0.37;26.41;2195.98;17.648;461.79;0.38;24.18;1377.11;10.701;317.52;0.20;26.52;2042.77;15.645;495.09;0.50;27.87;1758.95;13.638;405.88;0.36;26.54;1994.13;15.676;407.15;0.32;23.48;2132.88;14.168;433.94;0.35;23.40;1926.77;11.334;455.31;0.33;27.18;1550.66;8.804;335.74;0.27;24.90;1822.01;10.992;349.02;0.27;22.03;1441.85;8.885;306.28;0.22;24.43;2380.59;13.254;635.69;0.58;30.71;2950.99;16.426;678.66;0.56;26.45;1990.53;10.786;435.46;0.38;25.16;1888.11;10.490;449.26;0.28;27.36;2800.54;17.531;723.72;0.70;29.72;2204.29;15.626;498.12;0.54;25.99;2048.26;15.195;492.46;0.49;27.65
12145;T/T BEEF TEXAN STEAK;2;12013.54;80.397;2115.41;0.04;20.25;0.00;0.000;0.00;0.00;0.00;0.00;0.000;0.00;0.00;0.00;0.00;0.000;0.00;0.00;0.00;0.00;0.000;0.00;0.00;0.00;0.00;0.000;0.00;0.00;0.00;0.00;0.000;0.00;0.00;0.00;0.00;0.000;0.00;0.00;0.00;0.00;0.000;0.00;0.00;0.00;0.00;0.000;0.00;0.00;0.00;0.00;0.000;0.00;0.00;0.00;0.00;0.000;0.00;0.00;0.00;0.00;0.000;0.00;0.00;0.00;0.00;0.000;0.00;0.00;0.00;0.00;0.000;0.00;0.00;0.00;0.00;0.000;0.00;0.00;0.00;0.00;0.000;0.00;0.00;0.00;0.00;0.000;0.00;0.00;0.00;0.00;0.000;0.00;0.00;0.00;0.00;0.000;0.00;0.00;0.00;0.00;0.000;0.00;0.00;0.00;0.00;0.000;0.00;0.00;0.00;0.00;0.000;0.00;0.00;0.00;0.00;0.000;0.00;0.00;0.00;0.00;0.000;0.00;0.00;0.00;0.00;0.000;0.00;0.00;0.00;0.00;0.000;0.00;0.00;0.00;0.00;0.000;0.00;0.00;0.00;0.00;0.000;0.00;0.00;0.00;0.00;0.000;0.00;0.00;0.00;0.00;0.000;0.00;0.00;0.00;0.00;0.000;0.00;0.00;0.00;900.58;6.434;210.53;0.21;26.88;986.88;7.050;230.76;0.19;26.89;0.00;0.000;0.00;0.00;0.00;0.00;0.000;0.00;0.00;0.00;0.00;0.000;0.00;0.00;0.00;0.00;0.000;0.00;0.00;0.00;3624.11;27.880;431.94;0.34;13.71;1917.88;12.786;421.63;0.31;25.28;2229.46;12.555;489.84;0.39;25.27;2354.63;13.692;330.71;0.25;16.15;0.00;0.000;0.00;0.00;0.00;0.00;0.000;0.00;0.00;0.00;0.00;0.000;0.00;0.00;0.00;0.00;0.000;0.00;0.00;0.00;0.00;0.000;0.00;0.00;0.00;0.00;0.000;0.00;0.00;0.00;0.00;0.000;0.00;0.00;0.00;0.00;0.000;0.00;0.00;0.00
12150;BEEF RUMP MATURED;2;250152.46;1 485.524;55732.88;1.16;25.62;1463.62;10.041;269.69;0.41;21.19;2644.23;18.266;452.79;0.63;19.69;2270.15;13.277;392.71;0.63;19.89;1836.90;10.214;485.18;0.80;30.37;4706.60;26.849;1170.80;1.52;28.61;4775.61;30.048;946.83;1.28;22.80;5280.55;31.279;970.32;1.17;21.13;6083.10;35.050;1085.30;1.47;20.52;5291.88;29.490;1324.11;1.78;28.77;9595.39;54.764;2569.98;2.08;30.80;4485.99;26.584;1266.76;2.04;32.47;6671.82;43.812;1913.52;2.94;32.98;5732.76;38.023;1372.34;1.65;27.53;6029.22;38.569;1055.32;1.26;20.13;5762.54;33.086;1347.86;1.82;26.90;4290.52;26.253;1117.23;1.44;29.95;7290.18;51.017;1936.74;2.21;30.55;5172.25;35.973;1199.01;1.47;26.66;6866.05;45.491;1510.29;1.58;25.30;5667.07;34.274;1388.67;1.59;28.18;5151.51;33.229;1201.14;1.32;26.81;4411.44;26.833;1178.15;0.90;30.71;8875.47;55.740;2367.45;3.05;30.68;6121.76;41.751;1263.20;1.60;23.73;3772.99;23.583;728.02;0.70;22.19;5964.61;37.728;1293.31;1.51;24.94;4331.69;22.800;1486.97;1.48;39.48;4835.76;30.876;1237.59;1.29;29.43;3951.77;30.298;611.91;0.67;17.81;4038.41;25.592;955.83;0.90;27.22;5003.87;34.315;946.95;0.93;21.76;3954.93;28.096;685.84;0.69;19.94;4232.76;25.811;1006.02;0.83;27.33;5713.74;32.142;1479.04;0.93;29.77;5331.55;29.622;1549.50;1.56;33.42;6464.44;35.916;1930.19;1.72;34.34;3058.69;17.330;657.67;0.52;24.73;6681.39;40.303;929.36;0.74;16.00;3623.62;17.293;982.55;0.71;31.18;2451.01;10.517;617.06;0.49;28.95;3117.48;13.521;696.48;0.53;25.69;3257.53;15.366;805.85;0.58;28.45;5660.33;25.456;1211.86;1.11;24.62;7154.19;32.392;1569.56;1.29;25.23;3944.81;17.634;806.25;0.70;23.50;6732.68;31.367;1093.01;0.68;18.67;5932.81;30.843;1002.23;0.97;19.43;8393.97;53.874;735.34;0.79;10.07;6070.82;32.936;929.11;0.93;17.60
12174;SPAR STEAK CO SIRLOIN.;2;59488.63;271.270;9490.94;0.20;18.35;0.00;0.000;0.00;0.00;0.00;0.00;0.000;0.00;0.00;0.00;0.00;0.000;0.00;0.00;0.00;0.00;0.000;0.00;0.00;0.00;0.00;0.000;0.00;0.00;0.00;0.00;0.000;0.00;0.00;0.00;0.00;0.000;0.00;0.00;0.00;0.00;0.000;0.00;0.00;0.00;0.00;0.000;0.00;0.00;0.00;0.00;0.000;0.00;0.00;0.00;0.00;0.000;0.00;0.00;0.00;0.00;0.000;0.00;0.00;0.00;0.00;0.000;0.00;0.00;0.00;0.00;0.000;0.00;0.00;0.00;0.00;0.000;0.00;0.00;0.00;0.00;0.000;0.00;0.00;0.00;0.00;0.000;0.00;0.00;0.00;0.00;0.000;0.00;0.00;0.00;0.00;0.000;0.00;0.00;0.00;0.00;0.000;0.00;0.00;0.00;0.00;0.000;0.00;0.00;0.00;0.00;0.000;0.00;0.00;0.00;0.00;0.000;0.00;0.00;0.00;0.00;0.000;0.00;0.00;0.00;0.00;0.000;0.00;0.00;0.00;0.00;0.000;0.00;0.00;0.00;2081.06;10.406;355.53;0.35;19.65;1814.29;9.464;255.19;0.27;16.18;2197.62;11.238;340.63;0.37;17.82;3167.78;15.840;541.19;0.51;19.65;2339.15;11.443;361.69;0.36;17.78;130.61;0.653;22.33;0.02;19.66;1474.51;7.022;251.89;0.21;19.65;5910.67;28.148;1009.75;0.63;19.65;4372.62;21.346;747.03;0.75;19.65;5498.40;27.494;939.45;0.84;19.65;5097.98;23.695;842.61;0.67;19.01;4291.53;18.020;733.24;0.58;19.65;5845.87;22.810;998.72;0.72;19.65;5786.25;23.604;872.90;0.69;17.35;5056.74;20.853;754.21;0.58;17.15;2270.90;9.874;181.05;0.13;9.17;2152.65;9.360;283.54;0.26;15.15;0.00;0.000;0.00;0.00;0.00;0.00;0.000;0.00;0.00;0.00;0.00;0.000;0.00;0.00;0.00;0.00;0.000;0.00;0.00;0.00;0.00;0.000;0.00;0.00;0.00;0.00;0.000;0.00;0.00;0.00
12197;SPAR S/ST S/RIBS;2;87834.00;542.000;12370.79;0.26;16.20;5404.67;37.000;667.62;1.02;14.21;4873.70;30.000;888.20;1.23;20.96;4449.71;29.000;597.13;0.96;15.43;4174.71;29.000;363.61;0.60;10.02;3479.78;22.000;541.20;0.70;17.89;3210.80;20.000;574.44;0.77;20.57;6513.51;49.000;802.96;0.96;14.18;5849.62;38.000;872.72;1.18;17.16;3799.80;20.000;735.80;0.99;22.27;5914.64;36.000;642.35;0.52;12.49;3604.79;21.000;487.67;0.79;15.56;3199.84;16.000;704.68;1.08;25.33;1599.90;10.000;164.74;0.20;11.84;7734.52;48.000;838.59;1.00;12.47;4129.75;25.000;545.88;0.74;15.20;5946.13;37.000;586.43;0.76;11.34;4392.28;22.000;925.29;1.06;24.23;4990.12;26.000;774.51;0.95;17.85;3365.79;21.000;449.30;0.47;15.35;0.00;0.000;0.00;0.00;0.00;0.00;0.000;0.00;0.00;0.00;0.00;0.000;0.00;0.00;0.00;0.00;0.000;0.00;0.00;0.00;0.00;0.000;0.00;0.00;0.00;199.99;1.000;34.55;0.03;19.87;199.99;1.000;34.55;0.04;19.87;0.00;0.000;0.00;0.00;0.00;0.00;0.000;0.00;0.00;0.00;0.00;0.000;0.00;0.00;0.00;0.00;0.000;0.00;0.00;0.00;0.00;0.000;0.00;0.00;0.00;0.00;0.000;0.00;0.00;0.00;199.99;1.000;34.55;0.03;19.87;399.98;2.000;69.10;0.04;19.87;0.00;0.000;0.00;0.00;0.00;0.00;0.000;0.00;0.00;0.00;0.00;0.000;0.00;0.00;0.00;0.00;0.000;0.00;0.00;0.00;0.00;0.000;0.00;0.00;0.00;0.00;0.000;0.00;0.00;0.00;0.00;0.000;0.00;0.00;0.00;0.00;0.000;0.00;0.00;0.00;0.00;0.000;0.00;0.00;0.00;0.00;0.000;0.00;0.00;0.00;0.00;0.000;0.00;0.00;0.00;0.00;0.000;0.00;0.00;0.00;199.99;1.000;34.90;0.03;20.07;0.00;0.000;0.00;0.00;0.00;0.00;0.000;0.00;0.00;0.00
12317;T&T BACON STREAKY;2;10939.82;88.000;1828.15;0.04;19.22;0.00;0.000;0.00;0.00;0.00;0.00;0.000;0.00;0.00;0.00;379.96;4.000;56.19;0.09;17.01;179.98;2.000;19.74;0.03;12.62;0.00;0.000;0.00;0.00;0.00;0.00;0.000;0.00;0.00;0.00;0.00;0.000;0.00;0.00;0.00;0.00;0.000;0.00;0.00;0.00;0.00;0.000;0.00;0.00;0.00;0.00;0.000;0.00;0.00;0.00;0.00;0.000;0.00;0.00;0.00;0.00;0.000;0.00;0.00;0.00;0.00;0.000;0.00;0.00;0.00;0.00;0.000;0.00;0.00;0.00;419.96;4.000;42.78;0.06;11.72;209.98;2.000;21.39;0.03;11.72;0.00;0.000;0.00;0.00;0.00;0.00;0.000;0.00;0.00;0.00;0.00;0.000;0.00;0.00;0.00;345.97;3.000;44.10;0.05;14.66;497.66;4.000;85.33;0.09;19.72;1478.88;12.000;243.72;0.19;18.95;614.95;5.000;100.46;0.13;18.79;0.00;0.000;0.00;0.00;0.00;0.00;0.000;0.00;0.00;0.00;0.00;0.000;0.00;0.00;0.00;1399.90;10.000;323.34;0.32;26.56;699.95;5.000;161.67;0.17;26.56;979.93;7.000;226.34;0.25;26.56;832.94;6.000;187.92;0.18;25.95;0.00;0.000;0.00;0.00;0.00;0.00;0.000;0.00;0.00;0.00;0.00;0.000;0.00;0.00;0.00;0.00;0.000;0.00;0.00;0.00;0.00;0.000;0.00;0.00;0.00;0.00;0.000;0.00;0.00;0.00;139.99;1.000;32.33;0.03;26.56;0.00;0.000;0.00;0.00;0.00;0.00;0.000;0.00;0.00;0.00;0.00;0.000;0.00;0.00;0.00;0.00;0.000;0.00;0.00;0.00;0.00;0.000;0.00;0.00;0.00;0.00;0.000;0.00;0.00;0.00;0.00;0.000;0.00;0.00;0.00;0.00;0.000;0.00;0.00;0.00;2279.81;19.000;233.64;0.15;11.79;479.96;4.000;49.19;0.05;11.79;0.00;0.000;0.00;0.00;0.00;0.00;0.000;0.00;0.00;0.00
12325;T&T PORK RIBS SMKD;2;44286.55;257.619;8402.63;0.17;21.82;3133.03;20.360;601.79;0.92;22.09;2245.41;14.727;420.18;0.58;21.52;1894.34;11.144;369.70;0.59;22.44;0.00;0.000;0.00;0.00;0.00;1434.69;9.377;261.16;0.34;20.93;1959.25;12.293;404.69;0.55;23.75;2585.74;16.162;544.34;0.65;24.21;2638.40;18.028;305.55;0.41;13.32;4492.14;26.276;854.71;1.15;21.88;3663.35;19.282;871.93;0.71;27.37;2995.11;15.816;706.73;1.14;27.14;1747.88;9.262;408.58;0.63;26.88;269.79;1.440;61.59;0.07;26.25;797.34;4.430;159.13;0.19;22.95;0.00;0.000;0.00;0.00;0.00;0.00;0.000;0.00;0.00;0.00;0.00;0.000;0.00;0.00;0.00;0.00;0.000;0.00;0.00;0.00;0.00;0.000;0.00;0.00;0.00;0.00;0.000;0.00;0.00;0.00;0.00;0.000;0.00;0.00;0.00;0.00;0.000;0.00;0.00;0.00;0.00;0.000;0.00;0.00;0.00;0.00;0.000;0.00;0.00;0.00;0.00;0.000;0.00;0.00;0.00;689.66;3.630;124.63;0.15;20.78;2050.74;10.794;370.58;0.37;20.78;2485.44;13.082;449.13;0.47;20.78;2332.96;12.400;405.80;0.44;20.00;1872.93;9.858;338.46;0.32;20.78;242.43;1.276;43.81;0.04;20.78;0.00;0.000;0.00;0.00;0.00;0.00;0.000;0.00;0.00;0.00;0.00;0.000;0.00;0.00;0.00;0.00;0.000;0.00;0.00;0.00;0.00;0.000;0.00;0.00;0.00;0.00;0.000;0.00;0.00;0.00;0.00;0.000;0.00;0.00;0.00;0.00;0.000;0.00;0.00;0.00;0.00;0.000;0.00;0.00;0.00;0.00;0.000;0.00;0.00;0.00;0.00;0.000;0.00;0.00;0.00;0.00;0.000;0.00;0.00;0.00;0.00;0.000;0.00;0.00;0.00;0.00;0.000;0.00;0.00;0.00;0.00;0.000;0.00;0.00;0.00;0.00;0.000;0.00;0.00;0.00;2927.47;18.358;369.73;0.40;14.52;1828.45;9.624;330.41;0.33;20.78
12330;T&T WORS BACON & CHEESE;2;126620.41;2 054.000;22465.78;0.47;20.40;3524.76;74.000;527.47;0.81;17.21;2126.28;47.000;266.40;0.37;14.41;3294.34;66.000;592.90;0.95;20.70;1599.68;32.000;289.57;0.48;20.82;1849.63;37.000;334.82;0.43;20.82;1949.61;39.000;372.96;0.50;22.00;3139.40;60.000;677.57;0.81;24.82;3786.55;70.000;772.34;1.05;23.46;3623.29;71.000;740.79;1.00;23.51;4763.24;86.000;943.80;0.76;22.79;3193.42;58.000;520.01;0.84;18.73;2979.93;57.000;391.28;0.60;15.10;2214.61;39.000;422.62;0.51;21.95;3191.44;56.000;616.82;0.74;22.23;2472.56;44.000;454.21;0.61;21.13;2359.60;40.000;481.25;0.62;23.45;1619.73;27.000;341.82;0.39;24.27;1190.80;20.000;245.37;0.30;23.70;2813.54;46.000;559.43;0.59;22.87;2036.37;33.000;381.66;0.44;21.55;1670.63;27.000;316.19;0.35;21.77;2355.62;38.000;448.80;0.34;21.91;2299.22;38.000;399.76;0.52;19.99;2216.35;35.000;434.85;0.55;22.56;3844.28;52.000;767.36;0.74;22.96;2181.71;29.000;438.00;0.51;23.09;2116.71;29.000;396.19;0.40;21.53;2659.60;40.000;388.19;0.40;16.79;2859.57;43.000;436.14;0.48;17.54;2993.50;50.000;280.28;0.26;10.77;2536.60;40.000;317.37;0.31;14.39;2507.58;42.000;215.34;0.22;9.88;1902.08;27.000;348.15;0.29;21.05;6556.99;101.000;922.02;0.58;16.17;1919.76;24.000;473.97;0.48;28.39;1599.80;20.000;394.98;0.35;28.39;2399.70;30.000;592.46;0.47;28.39;2545.15;35.000;373.22;0.30;16.86;1529.28;22.000;145.41;0.11;10.93;1872.23;27.000;174.45;0.14;10.72;2551.64;36.000;421.13;0.32;18.98;2379.66;34.000;443.65;0.32;21.44;2089.20;30.000;382.32;0.35;21.05;1339.81;19.000;253.15;0.21;21.73;1919.76;24.000;438.58;0.38;26.27;4887.76;64.000;990.93;0.62;23.31;1823.76;24.000;364.86;0.35;23.01;2123.92;28.000;422.37;0.45;22.87;3209.76;44.000;552.56;0.56;19.80
12650; PORK SHANKS STEW;2;5042.60;85.381;1273.09;0.03;29.03;0.00;0.000;0.00;0.00;0.00;0.00;0.000;0.00;0.00;0.00;0.00;0.000;0.00;0.00;0.00;0.00;0.000;0.00;0.00;0.00;0.00;0.000;0.00;0.00;0.00;0.00;0.000;0.00;0.00;0.00;0.00;0.000;0.00;0.00;0.00;0.00;0.000;0.00;0.00;0.00;0.00;0.000;0.00;0.00;0.00;0.00;0.000;0.00;0.00;0.00;0.00;0.000;0.00;0.00;0.00;0.00;0.000;0.00;0.00;0.00;0.00;0.000;0.00;0.00;0.00;0.00;0.000;0.00;0.00;0.00;0.00;0.000;0.00;0.00;0.00;0.00;0.000;0.00;0.00;0.00;0.00;0.000;0.00;0.00;0.00;0.00;0.000;0.00;0.00;0.00;0.00;0.000;0.00;0.00;0.00;0.00;0.000;0.00;0.00;0.00;0.00;0.000;0.00;0.00;0.00;0.00;0.000;0.00;0.00;0.00;0.00;0.000;0.00;0.00;0.00;0.00;0.000;0.00;0.00;0.00;0.00;0.000;0.00;0.00;0.00;0.00;0.000;0.00;0.00;0.00;0.00;0.000;0.00;0.00;0.00;0.00;0.000;0.00;0.00;0.00;0.00;0.000;0.00;0.00;0.00;0.00;0.000;0.00;0.00;0.00;0.00;0.000;0.00;0.00;0.00;0.00;0.000;0.00;0.00;0.00;0.00;0.000;0.00;0.00;0.00;0.00;0.000;0.00;0.00;0.00;0.00;0.000;0.00;0.00;0.00;0.00;0.000;0.00;0.00;0.00;0.00;0.000;0.00;0.00;0.00;0.00;0.000;0.00;0.00;0.00;0.00;0.000;0.00;0.00;0.00;5042.60;85.381;1273.09;1.01;29.03;0.00;0.000;0.00;0.00;0.00;0.00;0.000;0.00;0.00;0.00;0.00;0.000;0.00;0.00;0.00;0.00;0.000;0.00;0.00;0.00;0.00;0.000;0.00;0.00;0.00;0.00;0.000;0.00;0.00;0.00;0.00;0.000;0.00;0.00;0.00;0.00;0.000;0.00;0.00;0.00;0.00;0.000;0.00;0.00;0.00
12659;PORK TEXAN;2;33591.47;408.550;9868.37;0.21;33.78;0.00;0.000;0.00;0.00;0.00;0.00;0.000;0.00;0.00;0.00;0.00;0.000;0.00;0.00;0.00;0.00;0.000;0.00;0.00;0.00;0.00;0.000;0.00;0.00;0.00;0.00;0.000;0.00;0.00;0.00;0.00;0.000;0.00;0.00;0.00;0.00;0.000;0.00;0.00;0.00;0.00;0.000;0.00;0.00;0.00;0.00;0.000;0.00;0.00;0.00;0.00;0.000;0.00;0.00;0.00;0.00;0.000;0.00;0.00;0.00;0.00;0.000;0.00;0.00;0.00;0.00;0.000;0.00;0.00;0.00;0.00;0.000;0.00;0.00;0.00;0.00;0.000;0.00;0.00;0.00;0.00;0.000;0.00;0.00;0.00;0.00;0.000;0.00;0.00;0.00;0.00;0.000;0.00;0.00;0.00;0.00;0.000;0.00;0.00;0.00;0.00;0.000;0.00;0.00;0.00;0.00;0.000;0.00;0.00;0.00;0.00;0.000;0.00;0.00;0.00;0.00;0.000;0.00;0.00;0.00;0.00;0.000;0.00;0.00;0.00;0.00;0.000;0.00;0.00;0.00;0.00;0.000;0.00;0.00;0.00;0.00;0.000;0.00;0.00;0.00;0.00;0.000;0.00;0.00;0.00;1040.57;14.868;265.76;0.25;29.37;3656.46;53.505;816.52;0.80;25.68;101.98;1.342;25.63;0.03;28.90;156.85;2.064;39.42;0.03;28.90;11551.33;138.026;3402.69;2.14;33.88;6825.64;77.530;2214.77;2.23;37.31;5551.02;68.752;1527.65;1.36;31.65;4133.52;45.985;1387.60;1.11;38.60;574.10;6.478;188.35;0.15;37.73;0.00;0.000;0.00;0.00;0.00;0.00;0.000;0.00;0.00;0.00;0.00;0.000;0.00;0.00;0.00;0.00;0.000;0.00;0.00;0.00;0.00;0.000;0.00;0.00;0.00;0.00;0.000;0.00;0.00;0.00;0.00;0.000;0.00;0.00;0.00;0.00;0.000;0.00;0.00;0.00;0.00;0.000;0.00;0.00;0.00;0.00;0.000;0.00;0.00;0.00;0.00;0.000;0.00;0.00;0.00
12702;DELI CO SKILPADJIES WHOLE;2;31220.97;289.497;6495.65;0.14;23.93;0.00;0.000;0.00;0.00;0.00;1490.02;15.028;303.20;0.42;23.40;1667.93;16.682;348.55;0.56;24.03;1452.15;14.524;304.33;0.50;24.10;2112.98;21.196;438.69;0.57;23.88;1835.90;18.362;384.76;0.52;24.10;1788.50;17.888;374.82;0.45;24.10;1934.28;19.346;405.37;0.55;24.10;1840.88;18.412;385.79;0.52;24.10;1503.55;15.038;308.43;0.25;23.59;530.51;5.306;105.85;0.17;22.94;1207.20;12.074;240.86;0.37;22.94;0.00;0.000;0.00;0.00;0.00;1825.57;18.288;362.28;0.43;22.82;735.28;7.354;146.71;0.20;22.95;234.70;1.924;42.98;0.06;21.06;1544.89;12.664;282.98;0.32;21.06;1357.51;11.128;248.46;0.30;21.05;1046.67;8.580;189.53;0.20;20.82;1498.69;12.039;332.27;0.38;25.50;441.70;3.534;101.41;0.11;26.40;1005.88;8.048;230.93;0.18;26.40;264.22;2.114;60.66;0.08;26.40;483.45;3.868;111.00;0.14;26.40;1018.39;8.346;217.98;0.21;24.61;0.00;0.000;0.00;0.00;0.00;170.48;1.364;39.14;0.04;26.40;298.72;2.390;68.59;0.07;26.40;196.72;1.612;42.12;0.05;24.62;0.00;0.000;0.00;0.00;0.00;0.00;0.000;0.00;0.00;0.00;0.00;0.000;0.00;0.00;0.00;0.00;0.000;0.00;0.00;0.00;0.00;0.000;0.00;0.00;0.00;0.00;0.000;0.00;0.00;0.00;0.00;0.000;0.00;0.00;0.00;0.00;0.000;0.00;0.00;0.00;0.00;0.000;0.00;0.00;0.00;0.00;0.000;0.00;0.00;0.00;0.00;0.000;0.00;0.00;0.00;0.00;0.000;0.00;0.00;0.00;822.62;5.876;198.29;0.14;27.72;820.03;5.858;197.62;0.18;27.71;91.55;0.654;22.06;0.02;27.71;0.00;0.000;0.00;0.00;0.00;0.00;0.000;0.00;0.00;0.00;0.00;0.000;0.00;0.00;0.00;0.00;0.000;0.00;0.00;0.00;0.00;0.000;0.00;0.00;0.00
12864;BEEF OXTAIL;2;101725.46;1 105.918;17111.04;0.36;19.34;1668.64;16.688;299.80;0.46;20.66;3770.22;41.679;556.45;0.77;16.97;3938.56;42.436;718.91;1.15;20.99;8230.94;102.183;918.65;1.51;12.84;5790.73;68.980;894.72;1.16;17.77;6086.16;72.315;954.57;1.29;18.04;3995.80;42.080;880.48;1.06;25.34;2987.53;30.749;635.23;0.86;24.45;3273.93;37.495;443.66;0.60;15.58;3894.54;41.071;751.60;0.61;22.19;909.11;9.092;201.49;0.32;25.49;3350.07;40.448;422.05;0.65;14.49;3346.13;37.201;618.60;0.74;21.26;5554.17;62.467;855.60;1.02;17.72;8765.51;105.664;1100.69;1.48;14.44;7396.59;85.629;1084.82;1.40;16.87;5564.95;59.045;1078.66;1.23;22.29;3897.11;41.879;723.79;0.89;21.36;2082.67;22.453;259.50;0.27;14.33;3428.79;28.633;834.57;0.95;27.99;1329.00;11.122;321.69;0.35;27.84;126.23;1.052;30.88;0.02;28.14;1173.39;8.166;285.50;0.37;27.98;582.86;3.886;126.90;0.16;25.04;1047.84;6.986;227.26;0.22;24.94;0.00;0.000;0.00;0.00;0.00;0.00;0.000;0.00;0.00;0.00;0.00;0.000;0.00;0.00;0.00;0.00;0.000;0.00;0.00;0.00;0.00;0.000;0.00;0.00;0.00;0.00;0.000;0.00;0.00;0.00;0.00;0.000;0.00;0.00;0.00;0.00;0.000;0.00;0.00;0.00;0.00;0.000;0.00;0.00;0.00;0.00;0.000;0.00;0.00;0.00;0.00;0.000;0.00;0.00;0.00;0.00;0.000;0.00;0.00;0.00;0.00;0.000;0.00;0.00;0.00;0.00;0.000;0.00;0.00;0.00;2286.54;19.649;572.59;0.45;28.80;4669.82;44.675;724.00;0.55;17.83;2577.63;22.195;588.40;0.42;26.25;0.00;0.000;0.00;0.00;0.00;0.00;0.000;0.00;0.00;0.00;0.00;0.000;0.00;0.00;0.00;0.00;0.000;0.00;0.00;0.00;0.00;0.000;0.00;0.00;0.00;0.00;0.000;0.00;0.00;0.00;0.00;0.000;0.00;0.00;0.00
14922;BRITOS BACON DICED;2;163942.70;6 099.000;43294.28;0.90;30.37;1615.69;71.000;431.44;0.66;30.71;2724.50;130.000;741.49;1.03;31.30;2932.30;140.000;796.98;1.28;31.26;3668.00;175.000;998.51;1.64;31.31;4022.75;185.000;1033.23;1.34;29.54;4015.37;183.000;1015.47;1.37;29.08;3876.35;165.000;1017.76;1.22;30.19;5492.51;229.000;1460.45;1.98;30.58;5287.71;204.000;1403.37;1.89;30.52;2940.70;98.000;710.08;0.58;27.77;2399.20;80.000;563.46;0.91;27.01;4492.50;150.000;1051.27;1.62;26.91;4705.43;157.000;1103.18;1.33;26.96;5375.71;180.000;1248.23;1.49;26.70;2273.24;76.000;530.07;0.72;26.82;3535.82;118.000;828.50;1.07;26.95;2649.36;89.000;731.08;0.83;31.73;1159.60;40.000;339.37;0.42;33.66;3187.72;118.000;798.44;0.84;28.80;2597.71;104.000;519.53;0.59;23.00;2901.47;108.000;675.67;0.75;26.78;3681.73;127.000;975.13;0.75;30.46;2029.30;70.000;537.47;0.69;30.46;2603.30;90.000;685.99;0.87;30.30;2432.26;84.000;642.45;0.62;30.38;3415.02;118.000;900.98;1.05;30.34;2658.38;92.000;698.83;0.70;30.23;3765.80;130.000;995.64;1.04;30.40;3077.50;110.000;975.19;1.06;36.44;3381.19;121.000;1069.18;1.00;36.36;3686.28;132.000;1164.38;1.14;36.33;3438.57;123.000;1088.15;1.09;36.39;2793.40;100.000;882.77;0.73;36.34;2514.90;90.000;745.93;0.47;34.11;2619.86;94.000;762.86;0.77;33.49;2959.94;106.000;865.14;0.77;33.61;3599.51;129.000;1050.53;0.84;33.56;3319.61;119.000;968.34;0.77;33.55;2572.28;92.000;753.73;0.55;33.70;3521.14;126.000;1030.74;0.82;33.66;2880.17;103.000;844.14;0.64;33.70;3158.67;113.000;925.11;0.66;33.68;3246.84;116.000;953.42;0.87;33.77;2759.81;99.000;803.95;0.66;33.50;4222.29;156.000;986.96;0.86;26.88;3885.21;144.000;877.29;0.54;25.97;3990.47;148.000;899.35;0.87;25.92;4412.86;164.000;988.74;1.06;25.77;5462.77;203.000;1224.31;1.23;25.77
14923;BRITOS PRIME CUT BACON;2;54096.62;1 731.000;13860.82;0.29;29.47;0.00;0.000;0.00;0.00;0.00;0.00;0.000;0.00;0.00;0.00;0.00;0.000;0.00;0.00;0.00;0.00;0.000;0.00;0.00;0.00;0.00;0.000;0.00;0.00;0.00;0.00;0.000;0.00;0.00;0.00;0.00;0.000;0.00;0.00;0.00;280.39;11.000;73.41;0.10;30.11;1771.84;64.000;436.97;0.59;28.36;1943.67;58.000;483.86;0.39;28.63;629.82;18.000;168.59;0.27;30.78;699.80;20.000;187.32;0.29;30.78;1256.14;36.000;334.14;0.40;30.59;976.22;28.000;259.21;0.31;30.53;1994.43;57.000;533.87;0.72;30.78;1889.46;54.000;505.77;0.65;30.78;1364.58;42.000;357.42;0.41;30.12;385.37;13.000;91.49;0.11;27.30;1073.64;36.000;258.98;0.27;27.74;1168.11;39.000;284.91;0.33;28.05;896.70;30.000;209.49;0.23;26.87;1438.02;48.000;312.27;0.24;24.97;1406.53;47.000;304.43;0.39;24.89;959.68;32.000;209.05;0.26;25.05;2037.82;68.000;442.92;0.43;25.00;1469.51;49.000;320.11;0.37;25.05;1587.97;53.000;344.93;0.34;24.98;2369.21;79.000;516.09;0.54;25.05;1277.60;40.000;409.91;0.45;36.90;1049.27;33.000;335.76;0.32;36.80;2076.15;65.000;669.52;0.66;37.09;1437.95;45.000;463.15;0.47;37.04;1594.70;50.000;510.17;0.42;36.79;383.88;12.000;116.39;0.07;34.87;574.22;18.000;165.64;0.17;33.17;1052.47;33.000;303.44;0.27;33.16;1054.07;33.000;304.83;0.24;33.26;890.92;28.000;255.65;0.20;33.00;670.19;21.000;193.48;0.14;33.20;1309.99;41.000;379.06;0.30;33.28;926.11;29.000;267.71;0.20;33.24;1212.42;38.000;349.83;0.25;33.18;862.13;27.000;249.15;0.23;33.23;927.71;29.000;269.10;0.22;33.36;844.22;28.000;188.38;0.16;25.66;1586.47;53.000;340.50;0.21;24.68;2247.75;75.000;484.23;0.47;24.77;2004.83;67.000;429.83;0.46;24.66;2514.66;84.000;539.88;0.54;24.69
14926;BRITOS BACK BACON;2;72573.93;2 427.000;18534.75;0.39;29.37;1531.00;65.000;405.33;0.62;30.45;1331.12;58.000;354.56;0.49;30.63;2408.20;105.000;640.49;1.03;30.59;2984.10;130.000;795.18;1.31;30.64;3055.37;133.000;788.51;1.02;29.68;3143.88;137.000;805.47;1.09;29.46;3620.57;143.000;944.66;1.13;30.01;3638.60;140.000;952.70;1.29;30.11;3516.03;127.000;847.33;1.14;27.71;2513.02;73.000;651.30;0.53;29.80;839.76;24.000;219.93;0.35;30.12;731.29;21.000;189.39;0.29;29.78;2274.35;65.000;595.63;0.72;30.12;2272.60;65.000;594.11;0.71;30.06;1257.89;36.000;328.37;0.44;30.02;937.73;27.000;241.33;0.31;29.60;808.01;24.000;203.00;0.23;28.89;416.86;14.000;85.32;0.10;23.54;953.68;32.000;195.77;0.21;23.61;1979.34;66.000;414.54;0.47;24.08;1055.66;34.000;238.05;0.26;25.93;1495.56;44.000;396.15;0.30;30.46;746.08;22.000;196.60;0.25;30.30;608.42;18.000;159.11;0.20;30.07;1424.18;42.000;375.19;0.36;30.30;2063.19;61.000;540.35;0.63;30.12;2107.38;62.000;558.22;0.56;30.46;1116.57;33.000;292.68;0.30;30.14;1672.27;48.000;500.79;0.55;34.44;699.80;20.000;211.89;0.20;34.82;488.11;14.000;146.80;0.14;34.59;593.08;17.000;177.88;0.18;34.49;734.79;21.000;220.03;0.18;34.44;1014.71;29.000;263.04;0.17;29.81;769.78;22.000;197.26;0.20;29.47;801.27;23.000;203.18;0.18;29.16;1427.59;41.000;361.53;0.29;29.12;1082.94;31.000;276.43;0.22;29.36;687.55;20.000;168.67;0.12;28.21;769.78;22.000;197.26;0.16;29.47;944.73;27.000;242.09;0.18;29.47;1112.68;32.000;280.83;0.20;29.03;839.76;24.000;215.19;0.20;29.47;1851.94;56.000;476.48;0.39;29.59;1955.94;56.000;442.90;0.38;26.04;1992.68;57.000;438.40;0.27;25.30;629.82;18.000;138.92;0.13;25.37;904.49;26.000;196.10;0.21;24.93;769.78;22.000;169.80;0.17;25.37
16182;ROOIBERG B/WORS;2;107047.30;1 001.978;7921.18;0.16;8.51;0.00;0.000;0.00;0.00;0.00;0.00;0.000;0.00;0.00;0.00;0.00;0.000;0.00;0.00;0.00;0.00;0.000;0.00;0.00;0.00;0.00;0.000;0.00;0.00;0.00;0.00;0.000;0.00;0.00;0.00;1949.23;19.494;18.69;0.02;1.10;12072.12;118.557;443.37;0.60;4.22;10151.58;91.071;862.56;1.16;9.77;2931.97;25.278;700.61;0.57;27.48;0.00;0.000;0.00;0.00;0.00;0.00;0.000;0.00;0.00;0.00;0.00;0.000;0.00;0.00;0.00;0.00;0.000;0.00;0.00;0.00;0.00;0.000;0.00;0.00;0.00;4046.22;42.595;223.30;0.29;6.35;2348.36;22.326;251.18;0.29;12.30;0.00;0.000;0.00;0.00;0.00;2523.65;25.494;189.60;0.20;8.64;265.49;2.612;25.45;0.03;11.02;0.00;0.000;0.00;0.00;0.00;0.00;0.000;0.00;0.00;0.00;0.00;0.000;0.00;0.00;0.00;0.00;0.000;0.00;0.00;0.00;1554.96;15.551;105.59;0.10;7.81;2798.47;27.178;155.94;0.18;6.41;3479.84;34.269;177.91;0.18;5.88;2081.23;20.791;117.56;0.12;6.50;1610.34;16.081;92.97;0.10;6.64;0.00;0.000;0.00;0.00;0.00;4119.31;41.195;374.90;0.37;10.47;2483.34;24.835;255.52;0.26;11.83;3114.10;28.835;499.58;0.41;18.45;0.00;0.000;0.00;0.00;0.00;0.00;0.000;0.00;0.00;0.00;0.00;0.000;0.00;0.00;0.00;0.00;0.000;0.00;0.00;0.00;3667.76;33.344;431.72;0.34;13.54;3207.92;29.166;266.33;0.19;9.55;0.00;0.000;0.00;0.00;0.00;0.00;0.000;0.00;0.00;0.00;0.00;0.000;0.00;0.00;0.00;0.00;0.000;0.00;0.00;0.00;2814.62;25.589;376.07;0.31;15.37;7255.78;63.096;402.08;0.35;6.37;8451.05;76.832;136.78;0.08;1.86;8187.70;73.028;401.16;0.39;5.63;3166.67;28.703;114.05;0.12;4.14;12765.59;116.058;1298.25;1.30;11.70
32041;1/4 LAMB;2;292556.54;2 154.308;61203.91;1.27;24.06;16377.08;139.704;2014.28;3.09;14.14;0.00;0.000;0.00;0.00;0.00;0.00;0.000;0.00;0.00;0.00;0.00;0.000;0.00;0.00;0.00;0.00;0.000;0.00;0.00;0.00;0.00;0.000;0.00;0.00;0.00;1608.49;12.374;31.36;0.04;2.24;3741.60;31.180;509.73;0.69;15.67;7991.54;62.520;1248.57;1.68;17.97;13778.38;112.736;2492.13;2.02;20.80;0.00;0.000;0.00;0.00;0.00;2853.16;22.646;399.84;0.61;16.12;592.71;5.110;111.97;0.13;21.72;3209.77;27.038;650.76;0.78;23.32;3432.91;28.783;454.95;0.61;15.24;3029.29;23.304;478.55;0.62;18.17;5811.16;43.648;1015.74;1.16;20.10;6152.31;47.364;968.66;1.19;18.11;7779.11;59.844;1228.87;1.29;18.17;3475.15;26.734;548.97;0.63;18.17;2885.29;19.636;759.18;0.84;30.26;26415.28;203.210;4743.95;3.64;20.65;5193.39;41.254;803.13;1.04;17.78;5716.91;47.765;672.38;0.85;13.53;11675.51;94.126;1874.24;1.81;18.46;6494.50;51.956;1077.86;1.25;19.09;8872.43;72.086;1328.70;1.33;17.22;6431.49;50.434;1122.55;1.17;20.07;0.00;0.000;0.00;0.00;0.00;3405.67;24.328;650.54;0.61;21.97;5518.42;39.420;1054.12;1.03;21.97;8865.32;65.766;1641.15;1.65;21.29;5129.93;39.464;909.44;0.75;20.39;27789.78;205.498;5672.26;3.56;23.47;6418.86;44.268;1597.94;1.61;28.63;3863.74;25.500;1065.03;0.95;31.70;3954.95;24.720;1214.53;0.97;35.32;2500.65;15.630;767.93;0.61;35.32;3739.97;22.300;1245.37;0.90;38.29;2944.96;20.035;757.89;0.60;29.60;2093.43;14.242;538.74;0.41;29.59;7761.33;49.126;2328.13;1.67;34.50;0.00;0.000;0.00;0.00;0.00;6646.96;42.340;1969.79;1.61;34.08;15692.56;100.557;4596.58;3.99;33.69;22989.87;136.910;7670.66;4.76;38.37;5435.03;32.330;1816.74;1.76;38.44;1724.31;11.332;479.63;0.52;31.99;2563.34;17.090;691.06;0.69;31.00
32043;OPPIE-KOPPIE BOEREWORS;2;149638.29;1 318.123;33009.38;0.69;25.37;1526.86;13.766;371.76;0.57;28.00;5538.54;52.748;1371.68;1.90;28.48;2872.59;27.358;711.43;1.14;28.48;147.21;1.402;36.46;0.06;28.48;4105.29;39.098;1016.72;1.32;28.48;3869.04;36.848;958.21;1.29;28.48;6341.16;61.823;1036.61;1.25;18.80;6936.03;63.330;964.93;1.31;16.00;5929.85;51.124;1066.47;1.44;20.68;9474.69;81.686;1703.98;1.38;20.68;4173.67;36.704;889.54;1.43;24.51;4079.67;34.755;1063.39;1.64;29.98;5132.26;44.569;1135.27;1.36;25.44;5887.20;53.520;982.74;1.18;19.20;5075.08;42.722;1111.13;1.50;25.18;2524.08;21.034;569.13;0.73;25.93;0.00;0.000;0.00;0.00;0.00;3960.81;37.722;528.65;0.65;15.35;0.00;0.000;0.00;0.00;0.00;3958.92;37.704;528.40;0.60;15.35;6637.47;63.163;1467.69;1.62;25.43;7727.60;70.896;2148.27;1.65;31.97;7093.17;63.994;1937.88;2.50;31.42;6527.40;59.884;1424.24;1.80;25.09;6210.62;56.978;1355.10;1.31;25.09;2994.23;27.470;653.31;0.76;25.09;1417.20;13.002;309.21;0.31;25.09;0.00;0.000;0.00;0.00;0.00;0.00;0.000;0.00;0.00;0.00;0.00;0.000;0.00;0.00;0.00;0.00;0.000;0.00;0.00;0.00;0.00;0.000;0.00;0.00;0.00;0.00;0.000;0.00;0.00;0.00;0.00;0.000;0.00;0.00;0.00;0.00;0.000;0.00;0.00;0.00;0.00;0.000;0.00;0.00;0.00;3336.70;30.612;728.03;0.58;25.09;0.00;0.000;0.00;0.00;0.00;0.00;0.000;0.00;0.00;0.00;0.00;0.000;0.00;0.00;0.00;5608.52;40.501;1956.35;1.49;40.11;4080.28;30.577;1150.51;0.83;32.43;4067.18;31.286;1048.06;0.96;29.63;1737.58;13.366;434.84;0.36;28.78;0.00;0.000;0.00;0.00;0.00;713.40;4.920;172.63;0.11;27.83;2999.18;20.684;725.74;0.70;27.83;4665.77;35.269;984.38;1.06;24.26;2289.04;17.608;466.67;0.47;23.45
32044;OUKRANS BOEREWORS;2;100893.30;979.334;15793.77;0.33;18.00;0.00;0.000;0.00;0.00;0.00;954.94;9.550;153.67;0.21;18.51;1283.51;14.262;105.49;0.17;9.45;886.14;9.846;72.87;0.12;9.46;1027.44;11.417;84.42;0.11;9.45;6306.33;69.997;523.78;0.71;9.55;5231.99;53.428;763.65;0.92;16.79;504.55;4.350;130.50;0.18;29.74;4344.42;40.922;878.02;1.18;23.24;2197.98;21.980;353.78;0.29;18.51;150.80;1.508;24.27;0.04;18.51;4885.28;44.780;1074.96;1.65;25.30;0.00;0.000;0.00;0.00;0.00;1815.75;18.158;292.24;0.35;18.51;1998.95;18.034;460.33;0.62;26.48;0.00;0.000;0.00;0.00;0.00;0.00;0.000;0.00;0.00;0.00;1967.33;19.266;345.53;0.42;20.20;3490.59;34.629;581.48;0.61;19.16;0.00;0.000;0.00;0.00;0.00;2157.50;21.576;347.21;0.38;18.51;3189.99;31.069;572.36;0.44;20.63;0.00;0.000;0.00;0.00;0.00;0.00;0.000;0.00;0.00;0.00;2618.74;29.099;215.21;0.21;9.45;2340.45;22.290;455.70;0.53;22.39;0.00;0.000;0.00;0.00;0.00;0.00;0.000;0.00;0.00;0.00;0.00;0.000;0.00;0.00;0.00;4705.98;46.941;717.57;0.67;17.54;3837.27;38.292;688.19;0.68;20.62;0.00;0.000;0.00;0.00;0.00;4001.76;36.382;971.62;0.80;27.92;4766.36;45.212;1027.75;0.65;24.80;2724.94;27.190;495.03;0.50;20.89;1433.50;14.336;113.98;0.10;9.14;7998.47;79.992;635.82;0.51;9.14;3640.83;35.419;367.84;0.29;11.62;0.00;0.000;0.00;0.00;0.00;0.00;0.000;0.00;0.00;0.00;0.00;0.000;0.00;0.00;0.00;5733.11;47.230;1254.14;0.90;25.16;8253.52;73.585;1111.04;1.02;15.48;2530.88;23.010;382.98;0.31;17.40;2088.01;18.983;316.00;0.27;17.40;1825.99;16.601;276.34;0.17;17.40;0.00;0.000;0.00;0.00;0.00;0.00;0.000;0.00;0.00;0.00;0.00;0.000;0.00;0.00;0.00
32045;BABELAS MIX;2;22713.97;92.612;3174.66;0.07;16.07;195.50;0.850;17.86;0.03;10.51;1155.52;5.024;105.55;0.15;10.51;0.00;0.000;0.00;0.00;0.00;2893.86;12.582;264.35;0.43;10.51;2018.94;8.778;184.43;0.24;10.51;1135.74;4.938;103.75;0.14;10.51;1037.30;4.510;94.76;0.11;10.51;2021.23;8.788;184.63;0.25;10.50;1487.18;6.466;135.85;0.18;10.51;2065.40;8.980;188.67;0.15;10.51;1109.52;4.824;101.35;0.16;10.51;1230.50;5.350;112.40;0.17;10.51;1746.28;6.132;420.94;0.51;27.72;330.60;1.102;90.23;0.11;31.39;740.40;2.468;202.08;0.27;31.39;197.40;0.658;53.88;0.07;31.39;388.20;1.294;105.95;0.12;31.39;688.20;2.294;187.83;0.23;31.39;82.80;0.276;22.60;0.02;31.39;577.80;1.926;157.70;0.18;31.39;133.80;0.446;36.52;0.04;31.39;0.00;0.000;0.00;0.00;0.00;162.00;0.540;44.21;0.06;31.39;0.00;0.000;0.00;0.00;0.00;0.00;0.000;0.00;0.00;0.00;0.00;0.000;0.00;0.00;0.00;0.00;0.000;0.00;0.00;0.00;0.00;0.000;0.00;0.00;0.00;662.40;2.208;180.79;0.20;31.39;653.40;2.178;178.33;0.17;31.39;0.00;0.000;0.00;0.00;0.00;0.00;0.000;0.00;0.00;0.00;0.00;0.000;0.00;0.00;0.00;0.00;0.000;0.00;0.00;0.00;0.00;0.000;0.00;0.00;0.00;0.00;0.000;0.00;0.00;0.00;0.00;0.000;0.00;0.00;0.00;0.00;0.000;0.00;0.00;0.00;0.00;0.000;0.00;0.00;0.00;0.00;0.000;0.00;0.00;0.00;0.00;0.000;0.00;0.00;0.00;0.00;0.000;0.00;0.00;0.00;0.00;0.000;0.00;0.00;0.00;0.00;0.000;0.00;0.00;0.00;0.00;0.000;0.00;0.00;0.00;0.00;0.000;0.00;0.00;0.00;0.00;0.000;0.00;0.00;0.00;0.00;0.000;0.00;0.00;0.00;0.00;0.000;0.00;0.00;0.00
32049;BEEF BILTONG;2;134988.54;422.971;46620.13;0.97;39.72;6631.14;22.112;1277.69;1.96;22.16;8074.95;26.932;1554.77;2.16;22.14;7730.81;25.792;1486.93;2.38;22.12;5012.01;16.714;965.49;1.59;22.15;8826.00;29.420;1702.82;2.20;22.19;8522.99;28.410;1644.35;2.22;22.19;5208.72;16.304;372.98;0.45;8.23;4696.38;14.160;-489.87;-0.66;-12.00;5447.55;15.790;-363.17;-0.49;-7.67;7688.35;25.628;2380.53;1.93;35.61;5028.71;15.438;2336.01;3.76;53.42;4440.84;12.872;2510.04;3.86;65.00;5482.74;15.892;3098.94;3.72;65.00;5343.45;16.373;3032.84;3.63;65.27;5913.85;19.713;3269.74;4.41;63.58;6962.38;23.208;3849.48;4.97;63.58;4421.38;14.738;2444.57;2.79;63.58;4550.40;15.168;2515.91;3.09;63.58;3676.80;12.256;2032.90;2.13;63.58;4168.80;13.896;2304.92;2.63;63.58;2740.67;8.621;1564.20;1.72;65.63;556.42;1.294;360.91;0.28;74.59;1274.52;2.964;826.70;1.07;74.59;411.94;0.958;267.20;0.34;74.59;603.72;1.404;298.44;0.29;56.85;628.66;1.462;291.97;0.34;53.41;260.58;0.606;121.02;0.12;53.41;975.24;2.268;452.93;0.47;53.41;724.12;1.684;336.30;0.37;53.41;1072.42;2.494;498.06;0.47;53.41;780.88;1.816;362.66;0.36;53.41;797.22;1.854;370.25;0.37;53.41;687.14;1.598;319.13;0.26;53.41;1017.38;2.366;472.50;0.30;53.41;1655.50;3.850;768.86;0.77;53.41;326.80;0.760;151.77;0.14;53.41;184.04;0.428;85.47;0.07;53.41;815.28;1.896;378.64;0.30;53.41;533.20;1.240;247.63;0.18;53.41;442.90;1.030;205.69;0.16;53.41;620.06;1.442;287.97;0.22;53.41;51.60;0.120;23.96;0.02;53.41;0.00;0.000;0.00;0.00;0.00;0.00;0.000;0.00;0.00;0.00;0.00;0.000;0.00;0.00;0.00;0.00;0.000;0.00;0.00;0.00;0.00;0.000;0.00;0.00;0.00;0.00;0.000;0.00;0.00;0.00;0.00;0.000;0.00;0.00;0.00
34154;BEEF CHUCK A GRADE;2;8942.85;85.969;1735.69;0.04;22.32;0.00;0.000;0.00;0.00;0.00;0.00;0.000;0.00;0.00;0.00;0.00;0.000;0.00;0.00;0.00;0.00;0.000;0.00;0.00;0.00;0.00;0.000;0.00;0.00;0.00;0.00;0.000;0.00;0.00;0.00;0.00;0.000;0.00;0.00;0.00;0.00;0.000;0.00;0.00;0.00;0.00;0.000;0.00;0.00;0.00;0.00;0.000;0.00;0.00;0.00;0.00;0.000;0.00;0.00;0.00;1246.18;13.848;322.27;0.50;29.74;481.82;5.354;124.61;0.15;29.74;0.00;0.000;0.00;0.00;0.00;228.12;2.074;67.29;0.09;33.92;0.00;0.000;0.00;0.00;0.00;0.00;0.000;0.00;0.00;0.00;0.00;0.000;0.00;0.00;0.00;0.00;0.000;0.00;0.00;0.00;0.00;0.000;0.00;0.00;0.00;0.00;0.000;0.00;0.00;0.00;0.00;0.000;0.00;0.00;0.00;0.00;0.000;0.00;0.00;0.00;0.00;0.000;0.00;0.00;0.00;0.00;0.000;0.00;0.00;0.00;0.00;0.000;0.00;0.00;0.00;0.00;0.000;0.00;0.00;0.00;0.00;0.000;0.00;0.00;0.00;0.00;0.000;0.00;0.00;0.00;0.00;0.000;0.00;0.00;0.00;0.00;0.000;0.00;0.00;0.00;0.00;0.000;0.00;0.00;0.00;0.00;0.000;0.00;0.00;0.00;0.00;0.000;0.00;0.00;0.00;0.00;0.000;0.00;0.00;0.00;0.00;0.000;0.00;0.00;0.00;0.00;0.000;0.00;0.00;0.00;0.00;0.000;0.00;0.00;0.00;0.00;0.000;0.00;0.00;0.00;0.00;0.000;0.00;0.00;0.00;0.00;0.000;0.00;0.00;0.00;1281.24;12.814;140.39;0.10;12.60;95.59;0.869;28.20;0.03;33.93;1483.29;12.362;362.79;0.30;28.13;0.00;0.000;0.00;0.00;0.00;0.00;0.000;0.00;0.00;0.00;0.00;0.000;0.00;0.00;0.00;2882.37;27.972;408.79;0.44;16.31;1244.24;10.676;281.35;0.28;26.00
34157;BEEF FILLET;2;81253.43;353.224;28953.22;0.60;40.98;719.96;3.000;191.05;0.29;30.52;234.23;0.976;62.16;0.09;30.52;0.00;0.000;0.00;0.00;0.00;0.00;0.000;0.00;0.00;0.00;249.59;1.040;66.23;0.09;30.52;1004.99;5.912;179.89;0.24;20.59;319.58;1.880;57.20;0.07;20.58;1859.61;9.362;241.88;0.33;14.96;1062.56;5.060;139.67;0.19;15.12;2430.43;11.453;338.20;0.27;16.00;379.70;1.726;62.64;0.10;18.97;669.65;3.044;110.48;0.17;18.97;690.33;3.370;103.46;0.12;17.23;977.50;4.659;165.28;0.20;19.44;1744.02;7.784;378.86;0.51;24.98;984.95;4.477;207.31;0.27;24.21;2258.81;10.298;470.97;0.54;23.98;1473.72;6.722;306.81;0.38;23.94;1697.81;7.763;350.72;0.37;23.76;1979.25;9.784;898.04;1.03;52.18;1420.03;7.044;782.10;0.86;63.34;2860.66;11.920;1653.73;1.27;66.48;1412.58;5.886;821.03;1.06;66.84;927.24;5.306;442.83;0.56;54.92;1488.73;7.444;784.63;0.76;60.61;317.58;1.588;167.38;0.19;60.61;1933.48;9.668;1019.03;1.02;60.61;1555.05;8.328;781.75;0.81;57.81;474.88;2.284;256.49;0.28;62.11;1847.50;9.238;973.72;0.91;60.61;1588.03;7.534;864.82;0.85;62.63;1737.94;6.952;1035.04;1.04;68.49;7111.18;28.446;2127.14;1.75;34.40;1888.92;7.556;494.40;0.31;30.10;1338.94;5.356;350.45;0.35;30.10;954.45;3.818;249.81;0.22;30.10;8538.64;34.156;5188.52;4.13;69.88;2116.80;8.818;1294.42;1.03;70.32;477.97;1.912;297.18;0.22;71.50;1777.11;8.180;902.45;0.72;58.40;610.47;2.442;298.98;0.23;56.32;518.98;2.076;255.96;0.18;56.72;1321.68;5.368;367.71;0.34;32.00;1068.16;4.162;176.19;0.14;18.97;1882.90;7.532;259.32;0.22;15.84;3121.06;11.596;616.00;0.38;22.70;1829.01;6.672;409.01;0.40;25.72;4158.80;16.636;871.41;0.94;24.10;4237.97;16.996;880.85;0.89;23.90
34159;BEEF ROAST;2;42757.99;335.473;9700.45;0.20;26.09;107.52;0.768;25.92;0.04;27.72;156.24;1.116;37.66;0.05;27.72;0.00;0.000;0.00;0.00;0.00;1006.36;7.081;252.04;0.41;28.80;1144.40;9.538;155.88;0.20;15.66;1795.42;14.554;290.19;0.39;18.59;1483.83;11.302;323.87;0.39;25.10;1343.94;9.814;309.74;0.42;26.50;755.35;5.442;188.87;0.25;28.75;1514.22;10.816;386.65;0.31;29.36;1434.89;13.449;234.30;0.38;18.78;1259.88;11.353;211.42;0.33;19.30;1192.87;10.172;201.37;0.24;19.41;798.57;5.743;175.36;0.21;25.25;659.41;4.730;143.06;0.19;24.95;1041.64;8.330;147.91;0.19;16.33;1097.49;9.710;137.22;0.16;14.38;117.20;1.302;29.07;0.04;28.52;706.94;6.974;224.54;0.24;36.53;1618.93;16.254;498.35;0.57;35.40;1248.95;12.490;375.76;0.41;34.60;629.20;4.840;139.03;0.11;25.41;610.13;4.742;123.12;0.16;23.21;770.16;6.418;118.27;0.15;17.66;650.77;5.442;98.31;0.09;17.37;619.53;5.198;92.11;0.11;17.10;567.58;4.752;85.26;0.09;17.27;1165.17;9.750;175.47;0.18;17.32;1283.90;11.631;-30.51;-0.03;-2.73;312.23;2.602;81.61;0.08;30.06;1639.78;13.666;428.55;0.42;30.05;558.67;4.656;146.01;0.15;30.05;1238.88;10.567;210.90;0.17;19.58;2849.53;21.980;675.71;0.42;27.27;632.54;4.866;151.07;0.15;27.47;530.10;4.078;126.60;0.11;27.46;1031.34;7.934;246.31;0.20;27.46;397.44;2.338;104.81;0.08;30.33;404.58;2.380;106.70;0.08;30.33;407.64;2.398;107.50;0.09;30.33;376.70;2.216;99.34;0.08;30.33;168.63;1.054;18.06;0.01;12.31;596.48;3.314;175.51;0.16;33.84;1841.94;10.314;755.94;0.62;47.20;2297.95;12.632;962.39;0.83;48.16;115.55;0.642;47.83;0.03;47.61;0.00;0.000;0.00;0.00;0.00;286.34;2.045;52.26;0.06;20.99;291.18;2.080;53.10;0.05;20.97
34160;BEEF LEAN MINCE;2;750213.42;7 200.846;151543.94;3.15;23.23;11562.01;105.280;2168.45;3.33;21.57;13646.48;121.806;2691.54;3.73;22.68;16033.78;140.799;3316.25;5.31;23.79;16330.16;157.838;2927.84;4.82;20.62;19047.14;190.608;3222.08;4.17;19.45;17976.96;181.704;3085.77;4.16;19.74;15854.65;145.539;3122.16;3.75;22.65;11729.15;97.872;2665.07;3.61;26.13;13112.17;113.638;2497.73;3.36;21.91;13137.21;113.324;2357.74;1.91;20.64;15596.07;136.911;2689.11;4.33;19.83;13929.29;126.836;2347.32;3.61;19.38;15382.63;144.515;3180.22;3.82;23.78;15883.64;159.007;3318.99;3.97;24.03;15245.58;152.604;3186.69;4.30;24.04;15039.08;157.424;2689.05;3.47;20.56;17107.74;190.409;2311.21;2.64;15.54;21678.48;241.321;2926.08;3.59;15.52;18239.97;203.104;2458.01;2.58;15.50;17082.38;173.752;3680.71;4.21;24.78;12432.32;124.650;2833.11;3.12;26.21;15956.09;151.459;3907.35;3.00;28.16;15699.52;148.514;3920.67;5.05;28.72;16451.37;171.386;3525.36;4.46;24.64;17788.16;190.397;3491.99;3.37;22.58;14863.49;154.842;3185.21;3.71;24.64;18078.73;182.900;4216.22;4.21;26.82;13834.11;143.179;3023.70;3.15;25.14;20327.51;219.166;3890.55;4.24;22.01;18928.52;184.138;4755.71;4.46;28.89;18241.59;182.434;3657.42;3.59;23.06;13993.34;139.944;2805.87;2.82;23.06;12656.12;119.338;2877.05;2.37;26.14;12926.32;117.519;3143.22;1.97;27.96;12500.64;114.325;2993.13;3.02;27.54;14937.52;142.896;3143.61;2.80;24.20;17584.75;175.864;3174.06;2.53;20.76;16252.56;152.766;3661.93;2.91;25.91;13423.69;119.816;3923.59;2.84;33.61;12227.80;96.100;4163.64;3.30;39.16;13279.85;108.654;4077.74;3.11;35.31;14193.30;128.540;3164.55;2.27;25.64;14171.98;126.400;2922.33;2.68;23.71;14871.11;130.066;2909.22;2.39;22.50;13198.06;113.137;2730.05;2.37;23.79;13287.94;107.811;2685.77;1.67;23.24;14302.22;119.946;2058.72;1.99;16.55;14133.88;126.203;1649.22;1.78;13.42;16056.36;154.165;2210.90;2.22;15.84
34169;BEEF SHIN B/IN;2;43889.88;450.315;14171.29;0.29;37.13;183.74;1.750;79.45;0.12;49.73;1840.38;16.752;831.41;1.15;51.95;1287.85;11.710;582.38;0.93;52.00;3357.31;34.677;1327.73;2.18;45.48;2042.14;19.300;889.90;1.15;50.11;2200.41;21.458;928.48;1.25;48.53;294.21;2.452;143.29;0.17;56.01;175.90;1.466;85.67;0.12;56.01;0.00;0.000;0.00;0.00;0.00;0.00;0.000;0.00;0.00;0.00;0.00;0.000;0.00;0.00;0.00;0.00;0.000;0.00;0.00;0.00;0.00;0.000;0.00;0.00;0.00;286.77;2.390;139.66;0.17;56.01;1394.66;13.260;604.11;0.81;49.81;4193.16;49.316;1382.62;1.79;37.92;2473.40;26.689;925.76;1.06;43.04;1524.95;16.768;556.39;0.68;41.96;655.79;7.354;232.70;0.24;40.81;1300.64;15.158;435.24;0.50;38.48;471.53;4.754;183.43;0.20;44.74;0.00;0.000;0.00;0.00;0.00;0.00;0.000;0.00;0.00;0.00;0.00;0.000;0.00;0.00;0.00;0.00;0.000;0.00;0.00;0.00;134.58;1.346;55.24;0.06;47.21;1806.61;24.810;167.75;0.17;10.68;562.70;8.248;10.92;0.01;2.23;1370.13;15.276;305.41;0.33;25.63;1133.76;12.737;247.13;0.23;25.07;0.00;0.000;0.00;0.00;0.00;0.00;0.000;0.00;0.00;0.00;0.00;0.000;0.00;0.00;0.00;0.00;0.000;0.00;0.00;0.00;713.52;7.136;206.56;0.21;33.29;398.77;3.988;115.45;0.10;33.29;454.36;4.544;131.54;0.10;33.29;0.00;0.000;0.00;0.00;0.00;2339.73;21.408;792.88;0.57;38.97;1509.29;14.180;489.99;0.39;37.33;5007.17;45.890;1123.75;0.86;25.81;2102.24;19.363;410.62;0.29;22.46;337.54;2.848;104.59;0.10;35.63;0.00;0.000;0.00;0.00;0.00;0.00;0.000;0.00;0.00;0.00;220.40;1.837;85.11;0.05;44.41;252.62;2.105;97.58;0.09;44.42;263.20;2.193;101.68;0.11;44.43;1600.42;17.152;396.85;0.40;28.52
34170;BEEF SHORTRIB;2;62215.32;586.454;16834.07;0.35;31.12;4955.65;52.739;1057.55;1.62;24.54;4826.78;48.654;1181.14;1.64;28.14;3049.77;30.552;758.06;1.21;28.58;2870.54;28.740;714.53;1.18;28.63;2687.89;26.882;670.88;0.87;28.70;0.00;0.000;0.00;0.00;0.00;1174.94;11.232;273.64;0.33;26.78;4047.27;35.633;954.15;1.29;27.11;2997.61;25.635;761.15;1.03;29.20;2689.88;23.208;668.28;0.54;28.57;2830.17;24.400;704.46;1.13;28.62;790.57;7.210;198.31;0.31;28.85;1243.19;13.010;293.20;0.35;27.12;196.58;1.966;46.69;0.06;27.31;228.57;2.286;54.28;0.07;27.31;1815.39;18.294;422.42;0.55;26.76;507.33;5.074;120.48;0.14;27.31;0.00;0.000;0.00;0.00;0.00;243.58;2.436;57.85;0.06;27.31;0.00;0.000;0.00;0.00;0.00;47.60;0.476;12.83;0.01;31.00;1229.56;12.340;328.78;0.25;30.75;458.54;4.586;123.57;0.16;30.99;760.58;7.843;190.79;0.24;28.85;348.32;3.484;93.85;0.09;30.98;158.78;1.588;42.79;0.05;30.99;1753.75;17.540;472.60;0.47;30.99;1958.79;19.624;525.86;0.55;30.87;918.30;9.184;247.48;0.27;30.99;2472.56;26.792;542.53;0.51;25.23;444.13;4.442;119.68;0.12;30.99;0.00;0.000;0.00;0.00;0.00;354.59;3.224;114.90;0.09;37.26;642.72;5.548;226.01;0.14;40.44;1173.23;9.808;431.72;0.43;42.32;4374.20;36.455;1616.35;1.44;42.49;3111.67;25.933;1149.82;0.92;42.49;2988.15;24.976;1099.83;0.88;42.33;819.73;6.832;302.89;0.22;42.49;1044.41;7.828;254.74;0.20;28.05;0.00;0.000;0.00;0.00;0.00;0.00;0.000;0.00;0.00;0.00;0.00;0.000;0.00;0.00;0.00;0.00;0.000;0.00;0.00;0.00;0.00;0.000;0.00;0.00;0.00;0.00;0.000;0.00;0.00;0.00;0.00;0.000;0.00;0.00;0.00;0.00;0.000;0.00;0.00;0.00;0.00;0.000;0.00;0.00;0.00
34172;BULK BEEF SIRLOIN;2;537309.56;3 226.101;86601.09;1.80;18.54;2800.63;17.939;602.29;0.92;24.73;7766.34;54.568;915.65;1.27;13.56;3700.91;21.899;875.43;1.40;27.20;3025.51;18.201;683.74;1.12;25.99;9335.33;59.452;1757.50;2.27;21.65;8427.04;54.074;1519.81;2.05;20.74;6561.62;38.600;1213.13;1.46;21.26;6061.33;33.920;1064.64;1.44;20.20;6320.80;35.262;1123.86;1.51;20.45;9188.29;52.263;1723.31;1.40;21.57;7234.03;42.556;1439.50;2.32;22.88;6468.50;42.751;1633.24;2.51;29.04;10021.05;69.979;2207.31;2.65;25.33;8319.57;56.223;1530.98;1.83;21.16;6946.98;40.097;1793.81;2.42;29.69;6376.91;37.146;1830.91;2.36;33.02;7151.23;52.426;976.39;1.11;15.70;8415.36;59.952;1323.10;1.62;18.08;11032.59;76.526;1941.72;2.04;20.24;9955.15;59.471;2200.52;2.51;25.42;9950.24;60.476;2000.63;2.21;23.12;12167.73;73.162;2533.55;1.94;23.95;11057.34;65.048;2460.45;3.17;25.59;7165.36;46.959;1363.27;1.73;21.88;11298.72;73.489;1522.19;1.47;15.49;9509.74;59.021;1601.15;1.86;19.36;5786.63;30.458;1590.71;1.59;31.61;5955.13;37.222;973.03;1.01;18.79;9101.25;59.031;1053.82;1.15;13.32;11658.87;77.710;1588.07;1.49;15.66;16891.94;125.915;462.77;0.45;3.15;26740.20;190.347;2206.49;2.22;9.49;25383.70;166.983;3074.69;2.53;13.93;20092.37;111.654;4074.26;2.56;23.32;11066.17;62.914;2073.71;2.09;21.55;15127.75;91.317;2197.44;1.96;16.70;13031.74;73.882;2466.85;1.97;21.77;15483.61;90.663;2585.36;2.06;19.20;14553.76;74.308;3739.23;2.71;29.55;12220.57;60.750;3337.19;2.65;31.40;11477.22;57.002;3140.52;2.40;31.47;8583.80;45.086;1862.99;1.34;24.96;10659.14;51.464;1779.63;1.63;19.20;13676.05;64.202;1635.95;1.34;13.76;16221.22;76.630;1863.77;1.62;13.21;14151.04;61.267;2137.51;1.33;17.37;13214.33;67.985;451.44;0.44;3.93;20697.36;132.182;624.80;0.67;3.47;19277.41;115.669;1842.82;1.85;10.99
34177;BEEF POTJIE PACK;2;70646.07;865.613;15627.53;0.32;25.44;839.16;9.324;178.56;0.27;24.47;2995.73;31.767;727.24;1.01;27.92;1631.13;17.030;411.73;0.66;29.03;1894.62;19.738;480.78;0.79;29.18;942.05;9.814;239.07;0.31;29.18;924.96;9.636;234.73;0.32;29.18;374.74;3.904;95.10;0.11;29.18;268.58;2.798;68.16;0.09;29.18;221.92;2.336;54.89;0.07;28.45;360.74;3.758;91.55;0.07;29.19;506.17;5.308;126.39;0.20;28.72;2118.19;24.173;489.54;0.75;26.58;1876.52;20.360;472.40;0.57;28.95;2117.37;21.176;486.14;0.58;26.40;2073.32;20.736;475.99;0.64;26.40;707.44;7.104;160.58;0.21;26.10;0.00;0.000;0.00;0.00;0.00;0.00;0.000;0.00;0.00;0.00;504.54;5.046;115.84;0.12;26.40;257.98;2.580;59.24;0.07;26.41;255.97;2.560;58.77;0.06;26.40;0.00;0.000;0.00;0.00;0.00;230.57;2.306;52.93;0.07;26.40;265.17;2.652;60.88;0.08;26.40;5330.52;66.552;1302.71;1.26;28.10;8501.95;106.710;2111.92;2.46;28.57;5355.70;66.954;1297.94;1.30;27.87;5426.92;68.776;1218.36;1.27;25.82;12900.14;174.870;2350.68;2.56;20.96;7973.25;107.889;1441.71;1.35;20.79;1461.60;19.754;265.48;0.26;20.89;0.00;0.000;0.00;0.00;0.00;2329.12;30.002;498.22;0.41;24.60;0.00;0.000;0.00;0.00;0.00;0.00;0.000;0.00;0.00;0.00;0.00;0.000;0.00;0.00;0.00;0.00;0.000;0.00;0.00;0.00;0.00;0.000;0.00;0.00;0.00;0.00;0.000;0.00;0.00;0.00;0.00;0.000;0.00;0.00;0.00;0.00;0.000;0.00;0.00;0.00;0.00;0.000;0.00;0.00;0.00;0.00;0.000;0.00;0.00;0.00;0.00;0.000;0.00;0.00;0.00;0.00;0.000;0.00;0.00;0.00;0.00;0.000;0.00;0.00;0.00;0.00;0.000;0.00;0.00;0.00;0.00;0.000;0.00;0.00;0.00;0.00;0.000;0.00;0.00;0.00
34179;SPAR YB BEEF TOPSIDE;2;32158.30;267.649;6250.34;0.13;22.35;203.44;1.478;46.86;0.07;26.49;201.04;1.436;48.46;0.07;27.72;45.08;0.322;10.87;0.02;27.72;797.34;5.712;190.74;0.31;27.51;329.00;2.398;75.09;0.10;26.25;573.74;4.120;137.30;0.19;27.52;719.38;5.404;158.51;0.19;25.34;1098.71;7.888;263.48;0.36;27.58;363.44;2.596;92.80;0.12;29.37;738.65;5.318;185.01;0.15;28.80;492.94;4.407;87.10;0.14;20.32;1044.17;9.194;232.45;0.36;25.60;528.76;4.377;93.72;0.11;20.38;660.63;4.807;143.73;0.17;25.02;716.80;5.120;157.49;0.21;25.27;891.11;7.240;116.18;0.15;14.99;1196.61;10.192;123.03;0.14;11.82;1360.69;15.201;332.71;0.41;28.12;484.79;4.848;150.31;0.16;35.66;1046.72;10.486;323.50;0.37;35.54;971.10;9.006;276.98;0.31;32.80;729.82;5.614;177.87;0.14;28.03;3000.97;23.326;605.37;0.78;23.20;3091.23;25.762;474.56;0.60;17.65;4302.13;35.868;659.20;0.64;17.62;2372.50;19.772;364.23;0.42;17.66;1506.42;12.554;231.29;0.23;17.66;1439.49;11.996;221.03;0.23;17.66;823.92;7.643;158.67;0.17;22.15;427.68;3.564;111.79;0.10;30.06;0.00;0.000;0.00;0.00;0.00;0.00;0.000;0.00;0.00;0.00;0.00;0.000;0.00;0.00;0.00;0.00;0.000;0.00;0.00;0.00;0.00;0.000;0.00;0.00;0.00;0.00;0.000;0.00;0.00;0.00;0.00;0.000;0.00;0.00;0.00;0.00;0.000;0.00;0.00;0.00;0.00;0.000;0.00;0.00;0.00;0.00;0.000;0.00;0.00;0.00;0.00;0.000;0.00;0.00;0.00;0.00;0.000;0.00;0.00;0.00;0.00;0.000;0.00;0.00;0.00;0.00;0.000;0.00;0.00;0.00;0.00;0.000;0.00;0.00;0.00;0.00;0.000;0.00;0.00;0.00;0.00;0.000;0.00;0.00;0.00;0.00;0.000;0.00;0.00;0.00;0.00;0.000;0.00;0.00;0.00
34182;BEEF TENDERISED STEAK;2;44214.78;376.093;8154.93;0.17;21.21;478.87;3.514;156.41;0.24;37.56;112.56;0.804;38.39;0.05;39.22;0.00;0.000;0.00;0.00;0.00;838.87;6.830;224.10;0.37;30.72;1624.08;13.534;410.86;0.53;29.09;2225.23;18.588;559.66;0.75;28.92;1431.66;10.742;450.12;0.54;36.16;2308.53;16.517;785.32;1.06;39.12;778.73;5.580;264.29;0.36;39.03;850.89;6.078;290.19;0.24;39.22;1604.66;14.601;315.03;0.51;22.58;1462.22;13.004;309.33;0.48;24.33;2226.46;18.840;542.08;0.65;28.00;1106.97;7.982;371.99;0.45;38.65;1109.51;7.942;377.16;0.51;39.09;1100.48;8.850;302.13;0.39;31.57;1905.58;17.129;389.65;0.44;23.52;1906.70;19.148;241.24;0.30;14.55;2164.00;21.611;282.74;0.30;15.03;3270.84;32.726;422.81;0.48;14.87;2076.94;20.084;326.96;0.36;18.10;1865.58;14.386;351.04;0.27;21.64;2292.86;17.795;286.89;0.37;14.39;1814.38;15.120;127.41;0.16;8.08;1751.74;14.598;123.01;0.12;8.08;1813.63;15.114;127.33;0.15;8.07;1631.21;13.594;114.51;0.11;8.07;998.64;8.322;70.14;0.07;8.08;1462.96;13.060;-105.88;-0.12;-8.32;0.00;0.000;0.00;0.00;0.00;0.00;0.000;0.00;0.00;0.00;0.00;0.000;0.00;0.00;0.00;0.00;0.000;0.00;0.00;0.00;0.00;0.000;0.00;0.00;0.00;0.00;0.000;0.00;0.00;0.00;0.00;0.000;0.00;0.00;0.00;0.00;0.000;0.00;0.00;0.00;0.00;0.000;0.00;0.00;0.00;0.00;0.000;0.00;0.00;0.00;0.00;0.000;0.00;0.00;0.00;0.00;0.000;0.00;0.00;0.00;0.00;0.000;0.00;0.00;0.00;0.00;0.000;0.00;0.00;0.00;0.00;0.000;0.00;0.00;0.00;0.00;0.000;0.00;0.00;0.00;0.00;0.000;0.00;0.00;0.00;0.00;0.000;0.00;0.00;0.00;0.00;0.000;0.00;0.00;0.00;0.00;0.000;0.00;0.00;0.00
34184;BEEF TEXAN STEAK;2;88979.65;700.567;17742.20;0.37;22.93;1472.01;12.268;355.74;0.55;27.79;1566.30;12.238;248.59;0.34;18.25;1031.42;8.187;152.03;0.24;16.95;2341.15;17.111;386.24;0.64;18.97;2489.93;17.786;422.31;0.55;19.50;1867.43;13.746;322.37;0.43;19.85;6221.87;47.864;1103.04;1.33;20.39;3818.25;27.388;881.37;1.19;26.55;2037.68;14.556;476.56;0.64;26.90;6335.95;45.260;1481.83;1.20;26.90;2567.72;22.137;572.97;0.92;25.66;2018.85;17.310;438.89;0.68;25.00;3729.50;30.525;831.87;1.00;25.65;3968.33;32.732;865.22;1.04;25.07;459.32;3.534;120.26;0.16;30.11;1841.94;14.169;482.48;0.62;30.12;1474.09;11.724;355.74;0.41;27.75;1452.26;16.137;-11.83;-0.01;-0.94;3313.02;33.133;263.71;0.28;9.15;3960.21;39.764;302.70;0.35;8.79;1294.17;12.628;179.19;0.20;15.92;3613.73;27.800;813.88;0.62;25.90;1850.81;14.753;341.82;0.44;21.24;1843.04;15.360;282.91;0.36;17.65;4089.59;38.870;216.45;0.21;6.09;2807.92;24.722;285.74;0.33;11.70;1440.02;11.078;255.39;0.25;20.40;0.00;0.000;0.00;0.00;0.00;0.00;0.000;0.00;0.00;0.00;0.00;0.000;0.00;0.00;0.00;2222.92;18.526;266.00;0.26;13.76;1660.63;13.560;223.90;0.22;15.51;0.00;0.000;0.00;0.00;0.00;0.00;0.000;0.00;0.00;0.00;0.00;0.000;0.00;0.00;0.00;0.00;0.000;0.00;0.00;0.00;0.00;0.000;0.00;0.00;0.00;0.00;0.000;0.00;0.00;0.00;0.00;0.000;0.00;0.00;0.00;0.00;0.000;0.00;0.00;0.00;795.16;4.970;366.44;0.28;53.00;3990.49;24.942;2074.49;1.49;59.78;2632.15;16.452;1079.49;0.99;47.16;487.06;2.706;191.03;0.16;45.10;2005.95;10.827;489.16;0.42;28.04;1075.77;5.784;241.37;0.15;25.80;2411.07;15.070;288.18;0.28;13.75;791.94;4.950;94.64;0.10;13.74;0.00;0.000;0.00;0.00;0.00
34189;GRABOUW BOEREWORS;2;460479.43;4 008.053;107357.01;2.23;26.81;6077.71;54.817;1519.97;2.33;28.76;7375.43;67.050;1885.53;2.62;29.40;6705.53;60.960;1714.27;2.75;29.40;5662.93;51.527;1444.67;2.38;29.34;7905.47;71.869;2021.01;2.62;29.40;5978.65;54.353;1528.37;2.06;29.40;7365.91;66.966;1882.93;2.26;29.40;9263.75;81.288;2096.45;2.84;26.03;7138.78;61.416;1518.51;2.04;24.46;10824.72;92.104;2324.48;1.88;24.69;9811.61;86.402;2293.61;3.69;26.88;6957.40;59.911;2019.10;3.11;33.37;8390.11;72.553;2398.95;2.88;32.88;10417.66;94.706;2633.03;3.15;29.07;7686.12;64.742;2290.84;3.09;34.28;5347.44;44.562;1626.42;2.10;34.98;7288.35;68.275;1705.24;1.95;26.91;7513.17;71.554;1678.25;2.06;25.69;10665.48;101.576;2382.40;2.50;25.69;8373.12;79.744;1870.34;2.14;25.69;8797.95;83.510;2282.14;2.52;29.83;14359.19;131.736;3854.08;2.96;30.87;9811.82;88.194;2679.73;3.45;31.41;8527.32;76.815;1884.38;2.38;25.41;11992.70;109.605;2536.87;2.45;24.33;8666.12;79.641;1801.60;2.10;23.91;9119.25;83.663;1906.05;1.90;24.04;9306.65;87.822;1769.56;1.84;21.87;8487.75;79.448;1660.40;1.81;22.50;8981.86;82.402;1877.37;1.76;24.04;9564.61;94.897;1670.26;1.64;20.08;9662.80;88.650;2374.23;2.38;28.26;10937.63;98.288;2497.22;2.06;26.26;13101.24;124.176;2212.05;1.39;19.42;7864.31;65.538;1993.31;2.01;29.15;9050.73;75.429;2293.73;2.04;29.14;12695.21;115.091;2530.64;2.02;22.92;10689.89;90.737;2890.18;2.30;31.09;12860.78;115.222;3326.38;2.41;29.74;11626.83;100.481;2106.49;1.67;20.84;10423.48;80.759;3039.64;2.32;33.54;8896.57;66.109;2456.69;1.76;31.76;11179.48;85.997;2669.53;2.44;27.46;10338.98;79.532;2468.79;2.02;27.46;10264.94;77.160;2598.91;2.25;29.12;12995.20;91.477;3023.99;1.88;26.76;10992.42;76.736;2399.12;2.32;25.10;8459.92;64.292;1441.59;1.55;19.60;14074.46;108.271;2277.73;2.29;18.61
34191;BEEF ROAST;2;13218.60;120.006;1986.76;0.04;17.28;0.00;0.000;0.00;0.00;0.00;0.00;0.000;0.00;0.00;0.00;0.00;0.000;0.00;0.00;0.00;156.86;1.162;32.99;0.05;24.19;477.05;3.534;100.34;0.13;24.19;371.49;2.752;78.13;0.11;24.19;0.00;0.000;0.00;0.00;0.00;221.38;1.640;46.56;0.06;24.19;0.00;0.000;0.00;0.00;0.00;0.00;0.000;0.00;0.00;0.00;633.89;5.657;126.99;0.20;23.04;0.00;0.000;0.00;0.00;0.00;299.49;2.582;66.80;0.08;25.65;0.00;0.000;0.00;0.00;0.00;0.00;0.000;0.00;0.00;0.00;0.00;0.000;0.00;0.00;0.00;253.90;2.116;62.10;0.07;28.13;253.98;2.823;9.16;0.01;4.15;1987.01;20.022;226.39;0.24;13.10;1426.16;14.263;170.56;0.19;13.75;1923.98;19.372;320.95;0.35;19.18;596.42;4.630;120.82;0.09;23.30;129.39;1.348;-3.31;-0.00;-2.94;1085.57;9.328;142.51;0.18;15.10;256.78;2.140;39.42;0.04;17.65;116.87;0.974;17.94;0.02;17.65;2163.55;18.238;314.34;0.31;16.71;538.69;4.707;64.00;0.07;13.66;0.00;0.000;0.00;0.00;0.00;326.14;2.718;50.07;0.05;17.65;0.00;0.000;0.00;0.00;0.00;0.00;0.000;0.00;0.00;0.00;0.00;0.000;0.00;0.00;0.00;0.00;0.000;0.00;0.00;0.00;0.00;0.000;0.00;0.00;0.00;0.00;0.000;0.00;0.00;0.00;0.00;0.000;0.00;0.00;0.00;0.00;0.000;0.00;0.00;0.00;0.00;0.000;0.00;0.00;0.00;0.00;0.000;0.00;0.00;0.00;0.00;0.000;0.00;0.00;0.00;0.00;0.000;0.00;0.00;0.00;0.00;0.000;0.00;0.00;0.00;0.00;0.000;0.00;0.00;0.00;0.00;0.000;0.00;0.00;0.00;0.00;0.000;0.00;0.00;0.00;0.00;0.000;0.00;0.00;0.00;0.00;0.000;0.00;0.00;0.00;0.00;0.000;0.00;0.00;0.00
34196;BULK OUKRANS BOEREWORS;2;98525.35;944.175;22180.56;0.46;25.89;0.00;0.000;0.00;0.00;0.00;0.00;0.000;0.00;0.00;0.00;0.00;0.000;0.00;0.00;0.00;442.02;4.912;82.03;0.13;21.34;430.14;4.780;79.83;0.10;21.34;4305.24;46.252;896.88;1.21;23.96;3825.26;42.508;709.95;0.85;21.34;530.15;4.820;164.33;0.22;35.65;3800.65;36.090;1083.57;1.46;32.79;1323.84;13.240;336.24;0.27;29.21;284.97;2.850;72.38;0.12;29.21;4220.20;40.606;1170.44;1.80;31.89;0.00;0.000;0.00;0.00;0.00;1439.63;14.398;365.66;0.44;29.21;2927.24;27.726;838.89;1.13;32.96;0.00;0.000;0.00;0.00;0.00;0.00;0.000;0.00;0.00;0.00;1170.46;10.642;362.78;0.44;35.64;4048.93;39.495;1089.89;1.14;30.96;0.00;0.000;0.00;0.00;0.00;2089.77;20.900;530.80;0.59;29.21;2823.69;26.575;819.69;0.63;33.38;0.00;0.000;0.00;0.00;0.00;0.00;0.000;0.00;0.00;0.00;2322.78;25.812;431.08;0.42;21.34;2491.25;24.916;632.72;0.74;29.21;0.00;0.000;0.00;0.00;0.00;0.00;0.000;0.00;0.00;0.00;0.00;0.000;0.00;0.00;0.00;2581.64;25.614;403.51;0.38;17.97;4053.64;40.542;723.08;0.71;20.51;0.00;0.000;0.00;0.00;0.00;4902.21;46.457;1060.05;0.87;24.87;5964.09;57.670;1210.40;0.76;23.34;3635.26;36.357;654.64;0.66;20.71;1723.58;17.238;136.96;0.12;9.14;7583.36;75.802;928.89;0.74;14.09;4725.56;46.386;911.33;0.73;22.18;0.00;0.000;0.00;0.00;0.00;0.00;0.000;0.00;0.00;0.00;0.00;0.000;0.00;0.00;0.00;7150.20;59.025;2148.38;1.54;34.55;7557.52;63.537;1628.26;1.49;24.78;2473.08;19.026;838.85;0.69;39.01;4974.65;45.229;1207.70;1.05;27.92;2724.34;24.770;661.35;0.41;27.92;0.00;0.000;0.00;0.00;0.00;0.00;0.000;0.00;0.00;0.00;0.00;0.000;0.00;0.00;0.00
34197;BULK OPPIE-KOPPIE B/WORS;2;157684.44;1 500.421;27224.67;0.57;19.86;1659.33;16.546;327.60;0.50;22.70;5056.28;53.224;921.24;1.28;20.95;3065.27;32.266;558.48;0.89;20.95;92.34;0.972;16.82;0.03;20.95;3786.51;39.858;689.89;0.89;20.95;4685.21;49.318;853.63;1.15;20.95;5169.33;54.414;941.84;1.13;20.95;5500.27;53.150;982.43;1.33;20.54;5627.91;52.230;979.76;1.32;20.02;8845.27;83.454;1531.80;1.24;19.92;5189.27;50.110;974.68;1.57;21.60;2946.18;27.326;599.76;0.92;23.41;6486.62;61.992;1009.55;1.21;17.90;8050.68;81.320;715.37;0.86;10.22;4933.33;45.245;792.87;1.07;18.48;1462.78;13.298;244.18;0.32;19.20;0.00;0.000;0.00;0.00;0.00;3273.79;32.742;316.14;0.39;11.11;0.00;0.000;0.00;0.00;0.00;5137.44;51.380;496.18;0.57;11.11;6890.00;68.908;665.41;0.73;11.11;12251.06;122.524;1972.99;1.51;18.52;5670.09;55.123;1297.92;1.67;26.32;5898.63;59.582;898.92;1.14;17.53;6438.72;65.038;981.19;0.95;17.52;2023.37;20.438;308.35;0.36;17.53;1423.21;14.376;216.88;0.22;17.52;0.00;0.000;0.00;0.00;0.00;0.00;0.000;0.00;0.00;0.00;0.00;0.000;0.00;0.00;0.00;0.00;0.000;0.00;0.00;0.00;0.00;0.000;0.00;0.00;0.00;0.00;0.000;0.00;0.00;0.00;0.00;0.000;0.00;0.00;0.00;0.00;0.000;0.00;0.00;0.00;0.00;0.000;0.00;0.00;0.00;3396.07;34.304;517.52;0.41;17.52;0.00;0.000;0.00;0.00;0.00;58.95;0.536;13.20;0.01;25.76;0.00;0.000;0.00;0.00;0.00;5853.25;45.240;1929.13;1.47;37.90;5449.32;43.703;1491.50;1.07;31.48;6861.40;57.186;1417.65;1.30;23.76;1742.90;14.526;346.08;0.28;22.83;0.00;0.000;0.00;0.00;0.00;1946.09;14.415;380.49;0.24;22.48;3788.64;28.064;740.65;0.72;22.48;5837.34;47.715;918.47;0.99;18.09;1187.59;9.898;176.11;0.18;17.05
34198;BULK B/VALE SPAR BOEREWORS;2;321107.04;3 041.786;63488.23;1.32;22.74;4899.53;49.724;1026.08;1.57;24.08;5770.68;60.744;1039.25;1.44;20.71;5817.77;61.288;1044.57;1.67;20.65;5851.62;61.596;1053.83;1.73;20.71;7567.51;79.658;1362.84;1.76;20.71;6125.79;64.482;1103.20;1.49;20.71;7021.45;73.910;1264.50;1.52;20.71;4081.38;39.656;726.11;0.98;20.46;6670.66;63.451;1204.07;1.62;20.76;10139.48;101.406;1909.16;1.55;21.65;6705.48;67.062;1262.59;2.03;21.65;4985.82;46.924;977.90;1.50;22.56;4913.94;46.786;963.43;1.16;22.55;6612.21;66.790;1260.79;1.51;21.93;4358.15;40.115;1093.57;1.48;28.86;4808.76;43.716;1243.38;1.61;29.74;8894.71;87.766;1835.78;2.09;23.73;6168.28;61.690;1217.54;1.49;22.70;6879.23;68.800;1357.89;1.42;22.70;6127.34;61.280;1209.49;1.38;22.70;6739.85;67.406;1330.38;1.47;22.70;15415.41;154.172;3040.48;2.33;22.68;6159.23;60.147;1393.70;1.80;26.02;4921.05;49.708;998.45;1.26;23.33;6766.45;68.348;1372.90;1.33;23.33;5073.94;51.252;1029.49;1.20;23.33;7754.24;78.326;1573.30;1.57;23.33;8659.72;87.472;1757.04;1.83;23.33;6575.96;66.424;1334.24;1.45;23.33;7986.73;80.674;1620.50;1.52;23.33;7456.23;75.316;1435.30;1.41;22.14;6070.26;61.316;1109.00;1.11;21.01;2271.45;22.944;414.98;0.34;21.01;8661.53;81.720;1725.56;1.08;22.91;6907.58;65.172;1376.12;1.39;22.91;7670.69;72.372;1528.13;1.36;22.91;401.93;3.792;80.08;0.06;22.91;0.00;0.000;0.00;0.00;0.00;757.36;6.886;149.01;0.11;22.63;4396.97;37.236;947.38;0.75;24.78;6171.16;47.476;1473.19;1.13;27.45;9437.16;75.513;2139.61;1.54;26.07;6047.68;50.404;1277.35;1.17;24.29;9124.95;76.049;1811.27;1.48;22.83;8340.29;67.909;1784.39;1.55;24.60;13473.48;101.669;2651.54;1.65;22.63;9172.25;69.082;1681.65;1.63;21.08;7953.14;63.313;1328.22;1.43;19.21;6340.56;52.844;968.95;0.97;17.57
34199;BULK LEAN BEEF MINCE;2;1131522.01;11 728.907;176077.35;3.66;17.90;18156.54;184.978;4240.68;6.50;26.86;18065.26;178.517;4956.84;6.88;31.55;22012.52;220.587;5855.37;9.38;30.59;15716.51;163.925;3793.33;6.24;27.76;21443.05;229.451;4826.30;6.25;25.88;21756.30;235.079;4013.80;5.41;21.22;21848.33;224.974;2739.40;3.29;14.42;20528.16;189.268;3280.72;4.45;18.38;24013.92;236.139;2643.03;3.56;12.66;20810.33;196.840;2348.74;1.90;12.98;17456.03;169.687;1757.44;2.83;11.58;20343.36;207.939;1680.65;2.58;9.50;27406.98;284.880;3139.06;3.77;13.17;19670.49;217.003;2784.75;3.33;16.28;27051.02;294.340;4099.13;5.53;17.43;21104.21;254.562;1552.94;2.01;8.46;19021.76;221.690;1911.34;2.18;11.56;22362.00;263.064;2085.62;2.56;10.73;23299.79;268.289;2556.30;2.68;12.62;22718.23;247.487;3829.02;4.38;19.38;25424.67;283.444;3967.99;4.38;17.95;22588.12;240.684;3808.58;2.92;19.39;23142.07;238.853;4444.60;5.73;22.09;24202.14;269.484;4094.80;5.18;19.46;25083.21;279.422;4235.84;4.09;19.42;28876.77;328.411;4453.18;5.18;17.73;28464.67;313.704;5019.91;5.01;20.28;26931.26;301.476;4455.65;4.64;19.03;33182.17;377.828;5088.68;5.55;17.64;28256.27;298.079;5821.50;5.46;23.69;29993.23;332.796;5148.20;5.05;19.74;24568.46;274.993;4066.82;4.09;19.04;19336.28;198.067;3562.75;2.93;21.19;23445.86;234.488;4231.48;2.66;20.76;21156.46;218.707;3328.01;3.35;18.09;22956.35;242.066;3283.70;2.92;16.45;31660.63;362.857;2530.14;2.02;9.19;32638.79;351.350;4177.26;3.32;14.72;22681.76;206.076;5534.28;4.01;28.06;16824.94;138.435;5139.06;4.08;35.13;24041.36;199.518;5366.06;4.10;25.67;25176.10;229.730;4184.83;3.00;19.12;18574.10;169.026;2862.70;2.62;17.72;23124.97;210.774;3564.10;2.92;17.72;18779.19;165.724;3361.15;2.91;20.58;17389.66;142.367;3138.38;1.95;20.75;20149.00;171.053;2342.10;2.26;13.37;21584.50;197.196;1242.98;1.34;6.62;26504.23;263.600;-471.82;-0.47;-2.05
34200;BULK GRABOUW BOEREWORS;2;466394.14;4 360.167;83231.05;1.73;20.52;4011.73;39.772;774.43;1.19;22.20;6320.21;63.364;1216.86;1.69;22.14;5590.54;56.106;1072.50;1.72;22.06;4798.44;47.990;931.79;1.53;22.33;7862.64;78.636;1526.79;1.98;22.33;7285.75;72.866;1414.79;1.91;22.33;6636.28;66.370;1288.71;1.55;22.33;6331.79;59.851;1161.02;1.57;21.09;5930.74;54.294;1007.39;1.36;19.53;10171.07;94.514;1570.61;1.27;17.76;8012.44;77.063;1287.41;2.07;18.48;6437.55;61.176;1239.99;1.91;22.15;9976.20;94.797;1874.59;2.25;21.61;9421.76;95.170;1735.55;2.08;21.18;7634.39;70.357;1864.88;2.52;28.09;6094.66;55.406;1540.41;1.99;29.07;7098.31;70.441;1393.02;1.59;22.57;7050.14;70.510;1346.45;1.65;21.96;10485.03;104.862;2002.53;2.10;21.96;8043.16;80.440;1536.20;1.76;21.96;8463.27;84.642;1616.41;1.78;21.96;15815.40;158.171;3070.91;2.35;22.33;9696.68;93.026;2331.80;3.01;27.65;7865.55;77.871;1232.90;1.56;18.03;10105.10;97.924;1736.52;1.68;19.76;9818.64;95.159;1686.50;1.96;19.75;9544.81;96.412;1358.17;1.36;16.36;11772.49;118.914;1675.14;1.74;16.36;9351.90;94.464;1330.68;1.45;16.36;9747.28;98.458;1386.92;1.30;16.36;11612.03;124.945;1298.10;1.27;12.86;10180.38;102.832;1859.93;1.87;21.01;13363.76;131.910;2155.52;1.78;18.55;15865.73;154.379;2383.05;1.50;17.27;9701.59;88.208;1914.95;1.93;22.70;8024.69;72.960;1584.06;1.41;22.70;14180.08;134.022;2422.26;1.93;19.64;10082.34;91.670;1990.09;1.58;22.70;14424.34;129.375;2978.21;2.16;23.74;12165.58;106.962;2133.15;1.69;20.16;11438.50;93.539;2089.25;1.60;21.00;10233.37;81.158;2135.17;1.53;23.99;9002.64;75.032;1675.76;1.53;21.41;9379.96;78.176;1746.05;1.43;21.41;10859.80;88.199;2210.99;1.92;23.41;17056.43;128.651;3112.33;1.93;20.98;10968.68;82.508;1849.99;1.79;19.40;10104.37;80.138;1413.71;1.52;16.09;10375.92;86.477;1066.66;1.07;11.82
34201;BULK KALAHARI BOEREWORS;2;47252.11;453.261;8715.25;0.18;21.21;111.93;1.056;13.21;0.02;13.57;2238.73;21.122;264.14;0.37;13.57;1300.70;12.272;153.46;0.25;13.57;4209.61;43.856;472.35;0.78;12.90;1485.34;14.014;310.62;0.40;24.05;0.00;0.000;0.00;0.00;0.00;0.00;0.000;0.00;0.00;0.00;0.00;0.000;0.00;0.00;0.00;0.00;0.000;0.00;0.00;0.00;0.00;0.000;0.00;0.00;0.00;478.74;4.788;81.14;0.13;19.49;856.01;7.936;188.84;0.29;25.37;101.85;0.926;23.75;0.03;26.81;0.00;0.000;0.00;0.00;0.00;0.00;0.000;0.00;0.00;0.00;4271.88;42.496;739.96;0.96;19.92;4310.84;39.193;1005.05;1.15;26.81;1513.02;15.132;256.43;0.31;19.49;0.00;0.000;0.00;0.00;0.00;0.00;0.000;0.00;0.00;0.00;1387.26;13.706;246.89;0.27;20.47;1507.67;15.078;255.56;0.20;19.49;2040.77;19.961;377.31;0.49;21.26;1694.56;15.876;362.21;0.46;24.58;446.11;4.056;104.00;0.10;26.81;0.00;0.000;0.00;0.00;0.00;0.00;0.000;0.00;0.00;0.00;2609.87;26.102;296.14;0.31;13.05;0.00;0.000;0.00;0.00;0.00;0.00;0.000;0.00;0.00;0.00;0.00;0.000;0.00;0.00;0.00;3120.33;30.870;379.56;0.38;13.99;0.00;0.000;0.00;0.00;0.00;0.00;0.000;0.00;0.00;0.00;0.00;0.000;0.00;0.00;0.00;0.00;0.000;0.00;0.00;0.00;0.00;0.000;0.00;0.00;0.00;0.00;0.000;0.00;0.00;0.00;0.00;0.000;0.00;0.00;0.00;7434.38;68.713;1723.48;1.37;26.66;0.00;0.000;0.00;0.00;0.00;0.00;0.000;0.00;0.00;0.00;0.00;0.000;0.00;0.00;0.00;6132.51;56.108;1461.17;1.20;27.40;0.00;0.000;0.00;0.00;0.00;0.00;0.000;0.00;0.00;0.00;0.00;0.000;0.00;0.00;0.00;0.00;0.000;0.00;0.00;0.00;0.00;0.000;0.00;0.00;0.00
34202;1/4 MUTTON;2;396285.25;3 589.126;64809.66;1.35;18.81;11563.52;109.100;1731.13;2.65;17.22;24347.32;243.709;3870.68;5.37;18.28;5872.24;51.248;1131.62;1.81;22.16;2601.31;22.546;323.50;0.53;14.30;15499.27;136.865;1709.97;2.21;12.69;7814.32;69.448;900.69;1.21;13.26;3805.29;35.058;346.55;0.42;10.47;9112.41;86.793;589.83;0.80;7.44;8397.47;77.332;1069.18;1.44;14.64;37662.64;337.642;6414.05;5.19;19.58;8193.87;70.643;1614.95;2.60;22.67;3253.75;28.389;673.89;1.04;23.82;5653.92;51.404;1372.15;1.65;27.91;4214.17;41.191;824.38;0.99;22.50;11053.21;119.182;1393.89;1.88;14.50;7051.09;70.518;1195.12;1.54;19.49;12798.23;117.250;2921.40;3.33;26.25;5621.55;46.688;1620.14;1.99;33.14;2520.57;20.006;791.38;0.83;36.11;1950.33;15.480;612.34;0.70;36.11;4655.83;36.954;1199.36;1.32;29.62;15296.36;135.560;4207.48;3.23;31.63;979.91;8.990;240.78;0.31;28.26;6386.87;64.700;1819.28;2.30;32.76;8054.67;73.896;2130.62;2.06;30.42;2127.67;19.520;562.80;0.66;30.42;3876.92;35.568;1025.53;1.02;30.42;4184.29;38.388;1106.82;1.15;30.42;0.00;0.000;0.00;0.00;0.00;812.81;6.774;208.90;0.20;29.56;4179.72;34.834;1074.24;1.05;29.56;7379.87;63.068;1781.78;1.79;27.77;1803.62;16.398;355.08;0.29;22.64;26155.49;222.578;4751.06;2.98;20.89;0.00;0.000;0.00;0.00;0.00;3770.38;31.814;638.35;0.57;19.47;30844.43;330.533;-609.69;-0.49;-2.27;16444.72;166.534;479.10;0.38;3.35;5824.17;46.662;1192.02;0.86;23.54;8037.26;64.383;1645.78;1.31;23.55;3660.67;30.694;635.90;0.49;19.98;4732.44;36.406;1093.83;0.79;26.58;0.00;0.000;0.00;0.00;0.00;6778.02;53.798;1429.23;1.17;24.25;9654.62;76.630;2035.80;1.77;24.25;22768.91;180.049;3224.09;2.00;16.28;5469.73;39.477;919.25;0.89;19.33;3419.39;24.426;555.45;0.60;18.68;0.00;0.000;0.00;0.00;0.00
34203;BULK PORK BRAAI CHOPS;2;730148.93;11 015.344;167093.73;3.47;26.32;32465.82;617.450;4969.90;7.62;17.60;35860.20;639.684;5018.59;6.96;16.09;30762.62;516.588;4547.15;7.28;17.00;28925.22;489.704;4104.89;6.75;16.32;34448.21;608.119;5298.18;6.86;17.69;36834.59;642.530;8986.64;12.11;28.06;37328.83;611.509;10323.23;12.40;31.80;23651.57;438.052;4709.10;6.38;22.90;26326.23;376.248;9272.20;12.49;40.50;58966.02;737.597;24573.79;19.90;47.93;34954.00;427.879;9867.98;15.89;32.47;35684.53;475.920;6994.96;10.76;22.54;36546.83;524.069;7505.16;9.02;23.62;42682.08;671.470;8462.45;10.13;22.80;34118.92;577.920;5399.42;7.28;18.20;32477.67;491.711;7594.51;9.81;26.89;40400.35;634.598;8483.97;9.68;24.15;24359.38;338.979;6140.99;7.53;28.99;33166.65;395.195;11056.79;11.60;38.34;30933.66;363.668;5831.44;6.66;21.68;26892.36;299.029;5445.91;6.01;23.29;12363.19;137.425;2506.47;1.92;23.31;0.00;0.000;0.00;0.00;0.00;0.00;0.000;0.00;0.00;0.00;0.00;0.000;0.00;0.00;0.00;0.00;0.000;0.00;0.00;0.00;0.00;0.000;0.00;0.00;0.00;0.00;0.000;0.00;0.00;0.00;0.00;0.000;0.00;0.00;0.00;0.00;0.000;0.00;0.00;0.00;0.00;0.000;0.00;0.00;0.00;0.00;0.000;0.00;0.00;0.00;0.00;0.000;0.00;0.00;0.00;0.00;0.000;0.00;0.00;0.00;0.00;0.000;0.00;0.00;0.00;0.00;0.000;0.00;0.00;0.00;0.00;0.000;0.00;0.00;0.00;0.00;0.000;0.00;0.00;0.00;0.00;0.000;0.00;0.00;0.00;0.00;0.000;0.00;0.00;0.00;0.00;0.000;0.00;0.00;0.00;0.00;0.000;0.00;0.00;0.00;0.00;0.000;0.00;0.00;0.00;0.00;0.000;0.00;0.00;0.00;0.00;0.000;0.00;0.00;0.00;0.00;0.000;0.00;0.00;0.00;0.00;0.000;0.00;0.00;0.00;0.00;0.000;0.00;0.00;0.00;0.00;0.000;0.00;0.00;0.00
34204;BULK PORK LOIN CHOPS;2;935187.42;12 351.930;171975.08;3.58;21.15;18474.52;285.660;4039.13;6.19;25.14;25405.34;341.801;6091.77;8.45;27.58;31193.42;461.336;3357.36;5.38;12.38;25133.93;362.955;5163.29;8.49;23.62;25082.08;391.305;4201.08;5.44;19.26;47359.90;800.821;5954.41;8.02;14.46;76138.52;1 164.748;14970.14;17.99;22.61;77177.82;1 182.581;15089.41;20.46;22.48;64674.77;840.566;11100.07;14.95;19.74;59986.61;670.989;9207.83;7.46;17.65;39069.59;434.244;3580.82;5.77;10.54;53014.85;639.215;6448.06;9.92;13.99;56052.73;689.386;10597.24;12.74;21.74;62367.69;793.004;9615.93;11.51;17.73;43731.34;576.193;6302.05;8.50;16.57;32834.60;402.268;5224.30;6.75;18.30;35650.74;401.610;7711.28;8.80;24.87;49388.30;684.843;8580.91;10.52;19.98;40279.84;455.488;13162.52;13.81;37.58;31052.67;334.853;10929.38;12.49;40.48;28834.70;301.925;8813.14;9.72;35.15;12283.46;136.139;1834.96;1.41;17.18;0.00;0.000;0.00;0.00;0.00;0.00;0.000;0.00;0.00;0.00;0.00;0.000;0.00;0.00;0.00;0.00;0.000;0.00;0.00;0.00;0.00;0.000;0.00;0.00;0.00;0.00;0.000;0.00;0.00;0.00;0.00;0.000;0.00;0.00;0.00;0.00;0.000;0.00;0.00;0.00;0.00;0.000;0.00;0.00;0.00;0.00;0.000;0.00;0.00;0.00;0.00;0.000;0.00;0.00;0.00;0.00;0.000;0.00;0.00;0.00;0.00;0.000;0.00;0.00;0.00;0.00;0.000;0.00;0.00;0.00;0.00;0.000;0.00;0.00;0.00;0.00;0.000;0.00;0.00;0.00;0.00;0.000;0.00;0.00;0.00;0.00;0.000;0.00;0.00;0.00;0.00;0.000;0.00;0.00;0.00;0.00;0.000;0.00;0.00;0.00;0.00;0.000;0.00;0.00;0.00;0.00;0.000;0.00;0.00;0.00;0.00;0.000;0.00;0.00;0.00;0.00;0.000;0.00;0.00;0.00;0.00;0.000;0.00;0.00;0.00;0.00;0.000;0.00;0.00;0.00;0.00;0.000;0.00;0.00;0.00
34205;BULK RUMP MATURED;2;305969.69;1 963.109;56601.10;1.18;21.27;6118.72;42.232;1841.31;2.82;34.61;10450.16;77.703;1853.35;2.57;20.40;6487.47;40.691;1735.35;2.78;30.76;10265.79;65.742;2616.20;4.30;29.31;8105.76;50.664;2185.25;2.83;31.00;5341.08;33.384;1439.89;1.94;31.00;5617.56;35.112;1514.43;1.82;31.00;5113.91;30.998;1471.38;1.99;33.09;8749.76;56.242;2209.82;2.98;29.04;7656.70;47.702;1875.27;1.52;28.17;5091.37;32.970;800.58;1.29;18.08;7990.48;59.658;385.86;0.59;5.55;6335.97;45.260;642.07;0.77;11.65;6286.14;44.410;762.31;0.91;13.95;5589.65;35.487;906.81;1.22;18.66;7484.52;47.766;1302.74;1.68;20.02;10583.25;75.273;999.57;1.14;10.86;5340.47;38.835;411.65;0.50;8.86;7783.76;56.341;628.44;0.66;9.28;3824.80;24.314;759.97;0.87;22.85;5713.10;37.969;981.93;1.08;19.77;6997.96;47.106;1139.99;0.87;18.73;8378.15;55.817;1425.68;1.84;19.57;4261.98;30.326;522.45;0.66;14.10;4246.57;28.312;720.48;0.70;19.51;5190.61;36.299;673.78;0.78;14.93;7596.15;44.698;1823.56;1.82;27.61;6592.85;42.133;1225.52;1.28;21.38;7045.39;52.234;-679.11;-0.74;-11.08;10012.67;67.089;2227.56;2.09;25.58;8502.01;64.351;1087.30;1.07;14.71;6485.32;47.112;1049.61;1.05;18.61;6322.53;42.501;1286.16;1.06;23.39;4562.20;27.015;1103.81;0.69;27.82;6247.93;37.685;1438.75;1.45;26.48;3028.50;18.554;666.94;0.59;25.33;3928.47;23.110;966.63;0.77;28.30;4950.60;29.852;1140.86;0.91;26.50;3525.91;19.061;1112.30;0.81;36.28;4400.96;22.553;1417.88;1.12;37.05;1058.03;5.400;347.68;0.27;37.79;6008.71;31.316;1905.78;1.37;36.47;6705.63;31.423;2500.46;2.29;42.88;6187.83;29.625;1304.71;1.07;24.25;4033.73;19.106;789.38;0.68;22.50;3836.98;17.350;868.12;0.54;26.02;6143.66;31.230;1043.49;1.01;19.53;7396.39;45.800;-84.32;-0.09;-1.31;6391.55;37.298;251.48;0.25;4.52
34206;BULK SIRLOIN MATURED;2;336331.58;2 249.243;58521.42;1.22;20.01;19145.27;136.762;3111.36;4.77;18.69;20959.11;154.996;2883.81;4.00;15.82;11450.83;71.572;2873.05;4.60;28.85;10459.01;65.446;2616.95;4.30;28.77;15938.72;107.383;3230.99;4.18;23.31;11825.71;79.450;2419.27;3.26;23.53;20247.69;137.818;3965.46;4.76;22.52;8963.82;54.956;2355.08;3.19;30.21;9013.14;53.518;2540.30;3.42;32.41;20036.69;121.848;5362.69;4.34;30.78;12039.09;82.877;2265.61;3.65;21.64;10996.89;82.453;1896.03;2.92;19.83;13214.19;94.394;1870.70;2.25;16.28;9073.03;62.081;1098.60;1.32;13.92;10403.26;63.267;2040.06;2.75;22.55;9826.15;61.555;1836.21;2.37;21.49;7034.64;52.330;414.15;0.47;6.77;12137.65;87.444;1024.83;1.26;9.71;4893.55;34.528;492.40;0.52;11.57;8378.82;53.180;1444.25;1.65;19.82;12550.42;79.876;2127.85;2.35;19.50;21574.39;142.698;3064.99;2.35;16.34;9171.51;60.924;1274.20;1.64;15.98;11115.35;76.187;1274.36;1.61;13.18;8286.86;56.521;820.22;0.79;11.38;4021.52;24.908;682.87;0.79;19.53;7115.79;42.821;1349.73;1.35;21.81;9126.59;55.874;1623.52;1.69;20.46;7331.89;51.576;561.88;0.61;8.81;0.00;0.000;0.00;0.00;0.00;0.00;0.000;0.00;0.00;0.00;0.00;0.000;0.00;0.00;0.00;0.00;0.000;0.00;0.00;0.00;0.00;0.000;0.00;0.00;0.00;0.00;0.000;0.00;0.00;0.00;0.00;0.000;0.00;0.00;0.00;0.00;0.000;0.00;0.00;0.00;0.00;0.000;0.00;0.00;0.00;0.00;0.000;0.00;0.00;0.00;0.00;0.000;0.00;0.00;0.00;0.00;0.000;0.00;0.00;0.00;0.00;0.000;0.00;0.00;0.00;0.00;0.000;0.00;0.00;0.00;0.00;0.000;0.00;0.00;0.00;0.00;0.000;0.00;0.00;0.00;0.00;0.000;0.00;0.00;0.00;0.00;0.000;0.00;0.00;0.00;0.00;0.000;0.00;0.00;0.00;0.00;0.000;0.00;0.00;0.00
34207;BULK STEWING BEEF;2;59544.00;600.788;13302.59;0.28;25.69;0.00;0.000;0.00;0.00;0.00;0.00;0.000;0.00;0.00;0.00;0.00;0.000;0.00;0.00;0.00;0.00;0.000;0.00;0.00;0.00;0.00;0.000;0.00;0.00;0.00;0.00;0.000;0.00;0.00;0.00;0.00;0.000;0.00;0.00;0.00;0.00;0.000;0.00;0.00;0.00;0.00;0.000;0.00;0.00;0.00;0.00;0.000;0.00;0.00;0.00;0.00;0.000;0.00;0.00;0.00;0.00;0.000;0.00;0.00;0.00;0.00;0.000;0.00;0.00;0.00;537.05;5.968;109.52;0.13;23.45;1867.44;20.718;382.85;0.52;23.58;3285.27;37.513;609.73;0.79;21.34;3129.15;33.762;698.66;0.80;25.68;1899.23;20.438;427.27;0.52;25.87;1013.60;10.696;240.70;0.25;27.31;1509.32;16.152;344.95;0.39;26.28;1400.18;14.692;337.50;0.37;27.72;2140.01;22.294;525.47;0.40;28.24;1276.11;13.294;313.35;0.40;28.24;607.28;6.426;143.15;0.18;27.11;1304.04;14.590;260.01;0.25;22.93;2105.82;24.736;349.46;0.41;19.08;1378.91;17.320;161.58;0.16;13.48;2815.89;32.852;480.77;0.50;19.63;1290.78;14.390;260.46;0.28;23.20;1684.49;18.719;343.51;0.32;23.45;301.60;3.398;58.72;0.06;22.39;1095.44;11.412;268.98;0.27;28.24;1379.24;14.800;312.82;0.26;26.08;731.12;7.312;197.77;0.12;31.11;893.97;8.804;250.01;0.25;32.16;1492.94;13.574;485.13;0.43;37.37;2696.23;24.558;873.52;0.70;37.26;4784.46;44.096;1519.05;1.21;36.51;6406.04;62.514;1825.88;1.32;32.78;1235.04;11.552;332.95;0.26;31.00;851.14;6.169;154.38;0.12;20.86;1888.55;18.888;-38.81;-0.03;-2.36;229.28;1.686;49.32;0.05;24.74;1094.63;7.982;238.87;0.20;25.10;859.10;5.937;195.20;0.17;26.13;399.32;3.072;54.01;0.03;15.56;406.11;3.124;54.95;0.05;15.56;1503.46;11.566;203.38;0.22;15.56;2051.76;15.784;277.56;0.28;15.56
34208;BULK TENDERISED STEAK;2;101351.57;938.972;14193.07;0.30;16.10;0.00;0.000;0.00;0.00;0.00;0.00;0.000;0.00;0.00;0.00;2588.25;22.772;246.94;0.40;10.97;3540.06;28.400;579.40;0.95;18.82;3894.77;31.053;654.40;0.85;19.32;4075.06;36.822;530.15;0.71;14.96;1975.42;16.160;425.12;0.51;24.75;2190.98;17.434;510.65;0.69;26.80;3422.32;28.988;657.18;0.89;22.08;3469.16;29.160;684.15;0.55;22.68;6142.06;65.513;309.49;0.50;5.79;3363.38;35.018;298.68;0.46;10.21;4206.86;37.753;827.04;0.99;22.61;1207.21;9.378;346.49;0.41;33.01;805.94;6.200;235.88;0.32;33.66;2693.39;24.936;472.13;0.61;20.16;1177.34;11.125;189.51;0.22;18.51;3077.01;32.166;263.53;0.32;9.85;2409.91;24.790;236.57;0.25;11.29;4480.45;46.676;395.81;0.45;10.16;4302.82;43.186;584.06;0.64;15.61;4653.18;38.245;850.84;0.65;21.03;5800.31;54.013;402.95;0.52;7.99;6540.78;56.226;856.70;1.08;15.06;3985.57;36.434;697.09;0.67;20.11;4032.18;38.866;552.82;0.64;15.77;9508.75;93.170;1188.49;1.19;14.37;4045.36;38.238;612.00;0.64;17.40;3763.05;36.250;584.99;0.64;17.88;0.00;0.000;0.00;0.00;0.00;0.00;0.000;0.00;0.00;0.00;0.00;0.000;0.00;0.00;0.00;0.00;0.000;0.00;0.00;0.00;0.00;0.000;0.00;0.00;0.00;0.00;0.000;0.00;0.00;0.00;0.00;0.000;0.00;0.00;0.00;0.00;0.000;0.00;0.00;0.00;0.00;0.000;0.00;0.00;0.00;0.00;0.000;0.00;0.00;0.00;0.00;0.000;0.00;0.00;0.00;0.00;0.000;0.00;0.00;0.00;0.00;0.000;0.00;0.00;0.00;0.00;0.000;0.00;0.00;0.00;0.00;0.000;0.00;0.00;0.00;0.00;0.000;0.00;0.00;0.00;0.00;0.000;0.00;0.00;0.00;0.00;0.000;0.00;0.00;0.00;0.00;0.000;0.00;0.00;0.00;0.00;0.000;0.00;0.00;0.00
34211;FARMHOUSE WORS;2;229126.82;2 416.263;45187.31;0.94;22.68;7274.93;90.822;571.54;0.88;9.03;1668.58;17.564;338.08;0.47;23.30;314.83;3.314;63.79;0.10;23.30;5522.73;60.817;949.01;1.56;19.76;13511.03;150.135;2236.17;2.89;19.03;0.00;0.000;0.00;0.00;0.00;2635.66;29.288;436.19;0.52;19.03;7377.10;81.975;1220.93;1.66;19.03;1996.26;22.183;330.36;0.44;19.03;6425.01;66.616;1204.12;0.98;21.55;8552.86;89.671;1535.74;2.47;20.65;7024.03;73.174;1471.55;2.26;24.09;10677.14;113.516;2086.65;2.51;22.47;8945.11;90.579;2016.63;2.41;25.93;4803.51;48.094;1117.71;1.51;26.76;4402.39;44.273;1011.96;1.31;26.43;5828.98;60.860;1197.37;1.37;23.62;5840.77;66.530;846.96;1.04;16.68;5792.99;61.779;1107.62;1.16;21.99;7466.78;84.098;1143.38;1.31;17.61;6067.27;63.765;1219.80;1.35;23.12;9768.32;98.670;1949.69;1.49;22.95;5035.19;50.860;1061.91;1.37;24.25;7532.80;80.344;1488.59;1.88;22.73;5087.44;55.415;932.72;0.90;21.08;5467.72;59.405;1012.02;1.18;21.29;8051.16;88.130;1448.82;1.45;20.69;7743.49;82.536;1533.70;1.60;22.78;5541.92;58.336;1143.89;1.25;23.74;9332.80;98.240;1926.36;1.81;23.74;6616.94;69.652;1414.61;1.39;24.59;4709.34;49.572;1066.23;1.07;26.04;5374.92;54.458;1237.49;1.02;26.48;7145.92;67.420;1823.45;1.15;29.35;4957.17;46.770;1264.92;1.27;29.34;7184.14;67.782;1833.11;1.63;29.34;4592.99;43.334;1171.99;0.93;29.34;2856.60;26.286;772.26;0.61;31.09;0.00;0.000;0.00;0.00;0.00;0.00;0.000;0.00;0.00;0.00;0.00;0.000;0.00;0.00;0.00;0.00;0.000;0.00;0.00;0.00;0.00;0.000;0.00;0.00;0.00;0.00;0.000;0.00;0.00;0.00;0.00;0.000;0.00;0.00;0.00;0.00;0.000;0.00;0.00;0.00;0.00;0.000;0.00;0.00;0.00;0.00;0.000;0.00;0.00;0.00;0.00;0.000;0.00;0.00;0.00
34232;SHOULDER GAMMON BONE IN;2;26236.98;294.873;4353.06;0.09;19.08;0.00;0.000;0.00;0.00;0.00;0.00;0.000;0.00;0.00;0.00;0.00;0.000;0.00;0.00;0.00;0.00;0.000;0.00;0.00;0.00;0.00;0.000;0.00;0.00;0.00;0.00;0.000;0.00;0.00;0.00;0.00;0.000;0.00;0.00;0.00;0.00;0.000;0.00;0.00;0.00;613.95;8.772;270.80;0.36;50.72;3683.58;51.447;1660.22;1.34;51.83;0.00;0.000;0.00;0.00;0.00;0.00;0.000;0.00;0.00;0.00;0.00;0.000;0.00;0.00;0.00;0.00;0.000;0.00;0.00;0.00;0.00;0.000;0.00;0.00;0.00;0.00;0.000;0.00;0.00;0.00;0.00;0.000;0.00;0.00;0.00;0.00;0.000;0.00;0.00;0.00;0.00;0.000;0.00;0.00;0.00;0.00;0.000;0.00;0.00;0.00;632.95;6.526;87.18;0.10;15.84;6856.80;70.696;944.43;0.72;15.84;445.76;4.596;61.39;0.08;15.84;384.74;4.290;30.05;0.04;8.98;873.66;9.007;120.39;0.12;15.85;0.00;0.000;0.00;0.00;0.00;0.00;0.000;0.00;0.00;0.00;0.00;0.000;0.00;0.00;0.00;0.00;0.000;0.00;0.00;0.00;0.00;0.000;0.00;0.00;0.00;0.00;0.000;0.00;0.00;0.00;0.00;0.000;0.00;0.00;0.00;1802.36;20.732;95.71;0.08;6.11;5074.06;58.430;264.86;0.17;6.00;170.15;1.891;13.73;0.01;9.28;360.49;4.006;29.12;0.03;9.29;0.00;0.000;0.00;0.00;0.00;0.00;0.000;0.00;0.00;0.00;0.00;0.000;0.00;0.00;0.00;0.00;0.000;0.00;0.00;0.00;0.00;0.000;0.00;0.00;0.00;0.00;0.000;0.00;0.00;0.00;0.00;0.000;0.00;0.00;0.00;0.00;0.000;0.00;0.00;0.00;615.57;6.282;89.38;0.08;16.70;4722.91;48.198;685.78;0.43;16.70;0.00;0.000;0.00;0.00;0.00;0.00;0.000;0.00;0.00;0.00;0.00;0.000;0.00;0.00;0.00
34235;GROUND BEEF;2;196389.11;2 182.066;42415.90;0.88;24.84;0.00;0.000;0.00;0.00;0.00;0.00;0.000;0.00;0.00;0.00;0.00;0.000;0.00;0.00;0.00;0.00;0.000;0.00;0.00;0.00;0.00;0.000;0.00;0.00;0.00;0.00;0.000;0.00;0.00;0.00;793.10;9.541;118.15;0.14;17.13;5034.34;62.955;606.68;0.82;13.86;5238.79;63.888;728.58;0.98;15.99;5310.40;59.170;1073.46;0.87;23.25;5391.85;59.911;1099.90;1.77;23.46;3625.05;40.317;737.23;1.13;23.39;2448.68;25.510;601.24;0.72;28.24;3364.68;40.870;477.70;0.57;16.33;1840.08;21.648;303.35;0.41;18.96;1631.32;19.192;268.94;0.35;18.96;3606.31;46.061;376.87;0.43;12.02;1564.92;19.563;188.98;0.23;13.89;1437.83;17.975;173.58;0.18;13.88;6247.40;80.254;625.31;0.71;11.51;5706.46;71.469;665.15;0.73;13.40;946.01;11.917;61.22;0.05;7.44;2072.81;25.592;114.43;0.15;6.35;892.02;11.036;81.51;0.10;10.51;1953.03;24.722;342.81;0.33;20.19;1896.66;25.590;344.18;0.40;20.87;1078.22;13.648;241.53;0.24;25.76;1807.20;22.876;404.80;0.42;25.76;295.46;3.740;66.18;0.07;25.76;2125.75;26.908;476.17;0.45;25.76;2213.73;28.022;495.86;0.49;25.76;5229.85;68.023;1078.52;1.08;23.72;6722.16;86.848;1327.97;1.09;22.72;4585.74;57.326;943.02;0.59;23.65;8339.81;104.256;1714.97;1.73;23.65;3999.84;50.002;822.52;0.73;23.65;5590.87;69.895;1149.50;0.92;23.64;3896.04;41.220;1198.67;0.95;35.38;9896.79;98.975;3349.34;2.43;38.92;8649.21;77.351;3412.94;2.71;45.38;6496.04;54.586;2441.20;1.86;43.22;8909.55;92.401;2203.37;1.58;28.44;6220.31;64.802;1364.10;1.25;25.22;11074.94;114.191;2283.33;1.87;23.71;9044.14;91.234;1994.47;1.73;25.36;8181.04;77.437;1759.43;1.09;24.73;7050.15;64.680;1473.61;1.42;24.04;6956.13;66.218;1542.45;1.66;25.50;7024.40;70.246;1682.68;1.69;27.55
34237;KALAHARI BOEREWORS;2;43144.91;409.015;7074.41;0.15;18.86;328.03;2.828;69.24;0.11;24.27;1921.27;16.564;405.51;0.56;24.27;996.84;8.594;210.41;0.34;24.27;6413.76;64.709;634.71;1.04;11.38;1263.11;10.890;266.58;0.35;24.27;0.00;0.000;0.00;0.00;0.00;0.00;0.000;0.00;0.00;0.00;0.00;0.000;0.00;0.00;0.00;0.00;0.000;0.00;0.00;0.00;0.00;0.000;0.00;0.00;0.00;359.70;3.270;63.02;0.10;20.15;1184.54;10.200;250.96;0.39;24.36;103.53;0.870;23.58;0.03;26.19;0.00;0.000;0.00;0.00;0.00;0.00;0.000;0.00;0.00;0.00;291.56;2.916;30.81;0.04;12.15;3152.65;30.374;421.47;0.48;15.37;1998.52;19.945;214.44;0.26;12.34;0.00;0.000;0.00;0.00;0.00;0.00;0.000;0.00;0.00;0.00;1103.05;10.916;125.41;0.14;13.07;1148.13;11.482;121.38;0.09;12.16;2690.17;26.718;298.56;0.38;12.76;2455.53;23.829;315.18;0.40;14.76;950.46;9.052;135.10;0.13;16.35;0.00;0.000;0.00;0.00;0.00;0.00;0.000;0.00;0.00;0.00;2237.43;22.376;253.97;0.26;13.05;0.00;0.000;0.00;0.00;0.00;0.00;0.000;0.00;0.00;0.00;0.00;0.000;0.00;0.00;0.00;3112.38;31.043;359.57;0.36;13.29;0.00;0.000;0.00;0.00;0.00;0.00;0.000;0.00;0.00;0.00;0.00;0.000;0.00;0.00;0.00;0.00;0.000;0.00;0.00;0.00;0.00;0.000;0.00;0.00;0.00;0.00;0.000;0.00;0.00;0.00;0.00;0.000;0.00;0.00;0.00;6691.11;59.612;1705.13;1.35;29.31;0.00;0.000;0.00;0.00;0.00;0.00;0.000;0.00;0.00;0.00;0.00;0.000;0.00;0.00;0.00;4743.14;42.827;1169.41;0.96;28.35;0.00;0.000;0.00;0.00;0.00;0.00;0.000;0.00;0.00;0.00;0.00;0.000;0.00;0.00;0.00;0.00;0.000;0.00;0.00;0.00;0.00;0.000;0.00;0.00;0.00
34238; LAMB NIERTJIES;2;22505.51;482.518;6104.08;0.13;31.19;138.02;2.010;31.07;0.05;25.89;0.00;0.000;0.00;0.00;0.00;0.00;0.000;0.00;0.00;0.00;0.00;0.000;0.00;0.00;0.00;0.00;0.000;0.00;0.00;0.00;0.00;0.000;0.00;0.00;0.00;0.00;0.000;0.00;0.00;0.00;56.41;0.806;13.39;0.02;27.29;69.29;0.990;16.44;0.02;27.29;0.00;0.000;0.00;0.00;0.00;744.52;18.618;182.14;0.29;28.13;845.98;21.225;205.22;0.32;27.90;1188.90;29.831;336.78;0.40;32.58;1911.88;47.847;562.50;0.67;33.83;694.18;17.359;175.67;0.24;29.10;465.48;11.747;111.21;0.14;27.47;2302.58;57.744;733.03;0.84;36.61;659.39;16.511;204.35;0.25;35.64;2016.19;44.816;544.07;0.57;31.03;1074.59;23.886;272.62;0.31;29.17;1555.35;34.794;378.94;0.42;28.02;1774.09;39.435;439.08;0.34;28.46;1158.75;25.870;283.77;0.37;28.16;35.00;0.778;8.67;0.01;28.48;0.00;0.000;0.00;0.00;0.00;203.58;3.394;82.06;0.10;46.36;491.02;8.186;238.78;0.24;55.92;647.35;9.904;166.85;0.17;29.64;687.89;10.424;181.31;0.20;30.31;40.25;0.610;10.61;0.01;30.30;43.16;0.654;11.38;0.01;30.31;408.19;6.210;106.61;0.11;30.04;175.67;2.662;46.30;0.04;30.31;170.65;2.586;44.98;0.03;30.31;474.33;7.188;125.01;0.13;30.31;200.47;3.038;52.83;0.05;30.31;156.26;2.368;41.18;0.03;30.31;331.40;5.022;87.34;0.07;30.31;201.12;3.138;49.40;0.04;28.25;0.00;0.000;0.00;0.00;0.00;0.00;0.000;0.00;0.00;0.00;78.79;1.194;20.76;0.01;30.31;54.77;0.830;14.43;0.01;30.31;0.00;0.000;0.00;0.00;0.00;371.20;5.709;68.07;0.06;21.09;111.00;1.682;20.85;0.01;21.60;0.00;0.000;0.00;0.00;0.00;620.09;8.484;157.51;0.17;29.21;347.72;4.968;78.85;0.08;26.08
34239;LAMB BEST END;2;157643.67;869.276;46881.73;0.97;34.20;0.00;0.000;0.00;0.00;0.00;0.00;0.000;0.00;0.00;0.00;70.20;0.390;15.96;0.03;26.14;0.00;0.000;0.00;0.00;0.00;903.21;4.754;235.84;0.31;30.03;600.33;3.268;144.25;0.19;27.63;3248.43;20.324;475.27;0.57;16.83;4481.94;28.235;633.37;0.86;16.25;579.54;3.586;89.41;0.12;17.74;1755.36;9.752;399.07;0.32;26.14;2251.33;12.524;509.90;0.82;26.05;3122.87;17.350;709.88;1.09;26.14;443.34;2.494;166.17;0.20;43.10;1564.08;8.964;578.49;0.69;42.53;1337.04;7.530;488.71;0.66;42.03;200.14;1.112;71.17;0.09;40.90;593.25;3.296;210.99;0.24;40.90;764.60;4.248;271.93;0.33;40.90;1127.83;6.266;401.12;0.42;40.90;916.53;5.092;325.97;0.37;40.90;70.92;0.394;27.81;0.03;45.09;1853.40;11.410;591.27;0.45;36.69;1903.23;11.896;588.61;0.76;35.57;3089.03;19.840;1010.87;1.28;37.63;2887.77;18.050;923.61;0.89;36.78;660.11;4.126;211.13;0.25;36.78;2655.17;16.596;849.23;0.85;36.78;3289.04;20.104;1091.89;1.14;38.18;5302.24;32.343;1766.08;1.93;38.30;6796.96;39.100;2471.56;2.32;41.82;4546.38;25.408;1718.74;1.69;43.48;3438.44;19.104;1281.44;1.29;42.86;6461.82;35.928;2385.81;1.97;42.46;5352.66;28.243;2112.90;1.33;45.39;4705.99;23.548;1939.01;1.95;47.38;4203.82;21.630;1341.30;1.19;36.69;6792.67;37.852;1856.88;1.48;31.44;5880.42;31.346;1693.81;1.35;33.12;5819.41;27.095;1944.70;1.41;38.43;5001.33;23.538;1642.35;1.30;37.76;4348.12;23.298;1386.93;1.06;36.68;4377.45;23.410;2072.75;1.49;54.45;4603.83;24.500;1814.13;1.66;45.32;4655.81;24.806;1060.90;0.87;26.20;4705.04;25.162;1060.83;0.92;25.93;6426.25;34.004;1406.10;0.87;25.16;6847.01;37.168;1330.97;1.29;22.35;8672.89;46.226;1792.05;1.93;23.76;8336.44;43.966;1780.59;1.79;24.56
34240;LAMB BRAAI RIB;2;40824.53;278.969;9067.66;0.19;25.54;380.68;2.538;73.04;0.11;22.06;27.90;0.186;5.35;0.01;22.07;2728.03;23.599;364.74;0.58;15.38;2564.83;19.116;673.49;1.11;30.20;572.54;3.508;110.23;0.14;22.14;1773.58;12.385;173.70;0.23;11.26;0.00;0.000;0.00;0.00;0.00;0.00;0.000;0.00;0.00;0.00;0.00;0.000;0.00;0.00;0.00;0.00;0.000;0.00;0.00;0.00;0.00;0.000;0.00;0.00;0.00;325.77;2.172;43.27;0.07;15.28;943.99;6.502;277.07;0.33;33.75;919.35;6.502;228.91;0.27;28.63;959.76;6.756;241.79;0.33;28.97;346.46;2.310;87.59;0.11;29.08;623.42;3.934;178.21;0.20;32.87;638.93;4.260;161.54;0.20;29.08;1822.22;12.182;457.70;0.48;28.89;564.86;3.766;142.83;0.16;29.08;157.49;1.050;39.82;0.04;29.08;990.25;7.618;180.41;0.14;20.95;922.93;7.100;165.64;0.21;20.64;715.20;5.502;137.06;0.17;22.04;305.75;2.352;59.01;0.06;22.20;715.17;5.532;135.35;0.16;21.76;642.46;4.964;122.08;0.12;21.85;1005.17;7.401;209.08;0.22;23.92;1053.63;7.198;253.98;0.28;27.72;914.12;6.530;194.13;0.18;24.42;1925.98;13.852;400.38;0.39;23.91;1710.94;12.222;368.19;0.37;24.75;1487.71;10.654;334.91;0.28;25.89;1417.68;9.510;376.96;0.24;30.58;326.06;2.038;100.13;0.10;35.32;611.94;3.796;125.99;0.11;23.68;1182.43;6.956;283.98;0.23;27.62;1433.98;8.658;320.62;0.26;25.71;922.19;5.600;202.76;0.15;25.28;734.96;4.300;179.04;0.14;28.01;632.87;3.596;186.39;0.14;33.87;693.75;3.942;238.63;0.17;39.56;928.87;5.278;299.10;0.27;37.03;1070.02;6.080;241.22;0.20;25.93;743.04;4.222;167.52;0.15;25.93;929.34;5.200;205.69;0.13;25.45;445.66;2.476;97.84;0.09;25.25;0.00;0.000;0.00;0.00;0.00;1012.62;5.626;222.30;0.22;25.25
34241;LAMB BRAAI CHOPS;2;187361.64;1 139.631;46721.38;0.97;28.68;15780.38;92.918;2980.75;4.57;21.72;9691.98;55.684;1990.74;2.76;23.62;11692.90;69.065;2183.83;3.50;21.48;5972.97;32.064;1487.29;2.45;28.64;7222.43;36.114;2105.60;2.73;33.53;2283.89;11.420;665.84;0.90;33.53;5358.57;29.421;1258.56;1.51;27.01;4726.24;31.587;458.32;0.62;11.15;731.04;5.222;32.02;0.04;5.04;11763.66;69.364;2210.79;1.79;21.61;3526.30;20.744;668.34;1.08;21.80;2479.12;14.584;469.85;0.72;21.79;3933.37;23.475;1406.60;1.69;41.12;7454.92;46.596;2384.42;2.85;36.78;3594.97;22.470;1149.82;1.55;36.78;4232.06;26.452;1353.60;1.75;36.78;2478.91;15.494;792.88;0.90;36.78;6147.85;38.484;1961.29;2.41;36.69;6162.50;38.518;1971.04;2.07;36.78;7528.52;47.056;2407.96;2.75;36.78;9235.13;57.802;2946.86;3.25;36.70;9430.75;58.946;3016.35;2.31;36.78;1472.53;9.204;470.97;0.61;36.78;2185.00;14.057;693.94;0.88;36.52;863.94;5.400;276.32;0.27;36.78;6984.58;43.706;2229.61;2.60;36.71;3376.73;21.106;1080.01;1.08;36.78;8885.01;84.067;24.27;0.03;0.31;719.43;7.195;-36.35;-0.04;-5.81;586.81;3.452;192.69;0.18;37.76;268.58;1.580;88.19;0.09;37.76;469.51;2.762;155.64;0.16;38.12;597.32;3.514;203.18;0.17;39.12;1182.43;6.956;402.23;0.25;39.12;136.68;0.804;46.50;0.05;39.12;188.68;1.110;45.31;0.04;27.62;249.21;1.466;59.86;0.05;27.62;924.78;5.372;216.69;0.17;26.95;90.72;0.432;19.77;0.01;25.06;73.92;0.352;16.11;0.01;25.06;1096.33;5.482;467.95;0.36;49.09;1954.38;9.794;1020.08;0.73;60.02;1764.67;8.978;621.05;0.57;40.47;2002.33;10.032;448.83;0.37;25.78;1930.30;9.652;435.15;0.38;25.92;2041.49;10.208;440.30;0.27;24.80;1742.27;8.712;356.32;0.34;23.52;2172.36;10.892;440.37;0.47;23.31;1973.19;9.866;403.64;0.41;23.52
34242;LAM RIB & LOIN;2;233388.89;1 226.308;73144.14;1.52;36.04;4975.63;27.644;973.97;1.49;22.51;2128.47;11.506;455.40;0.63;24.60;4862.85;26.524;1011.73;1.62;23.93;1378.37;7.044;344.29;0.57;28.72;0.00;0.000;0.00;0.00;0.00;674.18;3.966;105.25;0.14;17.95;0.00;0.000;0.00;0.00;0.00;0.00;0.000;0.00;0.00;0.00;358.34;2.108;55.94;0.08;17.95;3025.27;16.808;592.20;0.48;22.51;0.00;0.000;0.00;0.00;0.00;424.78;2.360;83.15;0.13;22.51;2694.31;15.552;1027.80;1.24;43.87;2649.35;16.122;896.00;1.07;38.89;1502.31;8.653;546.12;0.74;41.80;2893.56;16.479;991.83;1.28;39.42;2442.00;13.574;867.88;0.99;40.87;2556.06;14.524;879.19;1.08;39.56;3219.90;18.296;1107.53;1.16;39.56;3217.81;18.284;1106.83;1.26;39.56;3123.40;17.360;1154.36;1.27;42.50;6292.37;38.612;2021.46;1.55;36.94;1438.44;9.024;439.96;0.57;35.17;2967.13;18.546;1044.12;1.32;40.47;4442.96;27.802;1418.26;1.37;36.71;4660.73;29.226;1482.38;1.73;36.58;4225.57;26.412;1351.47;1.35;36.78;4228.40;25.844;1365.96;1.42;37.15;4620.18;27.826;1457.56;1.59;36.28;6962.59;39.978;2291.74;2.15;37.85;6059.75;33.668;2071.22;2.03;39.31;4977.74;27.656;1769.40;1.78;40.88;8737.69;48.570;3227.18;2.66;42.47;7628.11;40.490;2989.44;1.88;45.07;5040.82;25.246;2104.36;2.12;48.01;7494.75;36.158;2648.63;2.36;40.64;9532.94;47.698;3186.30;2.54;38.44;7880.60;37.738;2815.11;2.24;41.08;9407.38;39.962;3904.80;2.83;47.73;5946.36;25.000;2496.00;1.98;48.27;7312.60;31.796;3204.82;2.45;50.40;6977.16;30.392;3528.45;2.53;58.16;9618.47;42.118;2991.62;2.74;35.77;8239.65;55.660;-647.68;-0.53;-9.04;7550.96;50.970;2692.33;2.33;41.00;16979.07;79.694;4216.68;2.62;28.56;9307.45;39.440;2059.51;1.99;25.45;5972.93;25.310;1321.68;1.42;25.45;6759.50;28.668;1491.91;1.50;25.38
34245;LAMB LEG CHOPS;2;53465.80;314.537;17259.53;0.36;37.12;179.16;1.018;38.11;0.06;24.46;0.00;0.000;0.00;0.00;0.00;186.66;1.098;35.38;0.06;21.80;0.00;0.000;0.00;0.00;0.00;0.00;0.000;0.00;0.00;0.00;0.00;0.000;0.00;0.00;0.00;0.00;0.000;0.00;0.00;0.00;480.08;2.824;91.01;0.12;21.80;2280.67;13.186;458.89;0.62;23.14;1147.28;6.374;260.80;0.21;26.14;216.36;1.202;49.19;0.08;26.14;0.00;0.000;0.00;0.00;0.00;116.99;0.650;44.56;0.05;43.80;0.00;0.000;0.00;0.00;0.00;1488.93;8.380;531.20;0.72;41.03;503.27;2.796;179.00;0.23;40.90;0.00;0.000;0.00;0.00;0.00;258.12;1.434;91.81;0.11;40.90;354.59;1.970;126.11;0.13;40.90;211.30;1.174;75.14;0.09;40.90;188.26;1.046;70.24;0.08;42.91;393.89;2.462;123.99;0.10;36.20;3546.94;22.170;1104.42;1.42;35.81;2711.81;16.950;844.37;1.07;35.81;2754.01;17.214;880.82;0.85;36.78;2099.68;13.124;671.55;0.78;36.78;652.75;4.080;208.77;0.21;36.78;3102.75;19.472;985.48;1.03;36.53;5515.47;34.512;1760.73;1.92;36.71;4104.12;24.853;1344.33;1.26;37.67;0.00;0.000;0.00;0.00;0.00;740.10;4.112;257.08;0.26;39.95;964.38;5.358;334.99;0.28;39.95;2881.26;16.008;1000.85;0.63;39.95;1434.53;7.970;498.32;0.50;39.95;323.98;1.800;112.54;0.10;39.95;1759.54;9.776;611.19;0.49;39.95;3853.86;21.412;1338.67;1.07;39.95;3674.25;20.414;1276.29;0.92;39.95;2541.28;14.144;880.41;0.70;39.84;2699.82;15.000;937.82;0.72;39.95;0.00;0.000;0.00;0.00;0.00;0.00;0.000;0.00;0.00;0.00;0.00;0.000;0.00;0.00;0.00;0.00;0.000;0.00;0.00;0.00;0.00;0.000;0.00;0.00;0.00;99.71;0.554;35.46;0.03;40.90;0.00;0.000;0.00;0.00;0.00;0.00;0.000;0.00;0.00;0.00
34247;LAMB NECK;2;40653.60;268.196;9291.03;0.19;26.28;370.88;2.556;80.32;0.12;24.91;414.21;2.778;96.97;0.13;26.92;474.18;3.242;105.15;0.17;25.50;309.91;2.002;79.80;0.13;29.61;595.73;3.624;174.65;0.23;33.71;188.98;1.260;44.95;0.06;27.35;0.00;0.000;0.00;0.00;0.00;78.39;0.560;15.11;0.02;22.16;460.59;3.255;92.10;0.12;23.00;417.29;2.782;99.27;0.08;27.36;86.09;0.574;20.47;0.03;27.35;156.90;1.046;37.33;0.06;27.36;584.20;4.017;163.40;0.20;32.17;614.16;4.350;152.63;0.18;28.58;401.09;2.828;99.64;0.13;28.57;527.08;3.514;133.29;0.17;29.08;368.17;2.380;100.00;0.11;31.23;704.51;4.720;176.02;0.22;28.73;660.33;4.454;162.21;0.17;28.25;489.57;3.264;123.79;0.14;29.08;577.64;3.868;154.05;0.17;30.67;1196.19;9.202;217.61;0.17;20.92;585.99;4.508;105.29;0.14;20.66;390.34;3.068;83.56;0.11;24.62;834.05;6.436;159.21;0.15;21.95;700.91;5.392;135.26;0.16;22.19;1089.70;7.868;255.57;0.26;26.97;776.94;5.550;179.44;0.19;26.56;692.38;4.946;147.04;0.16;24.42;1404.90;10.036;298.34;0.28;24.42;1369.31;9.818;287.45;0.28;24.14;572.89;4.118;122.69;0.12;24.63;1337.72;9.556;303.29;0.25;26.07;1420.93;9.712;361.61;0.23;29.27;996.72;6.230;306.08;0.31;35.31;1174.00;7.242;246.05;0.22;24.10;1630.49;9.636;386.86;0.31;27.29;1790.06;10.974;382.47;0.30;24.57;1271.83;8.260;222.20;0.16;20.09;1228.77;7.580;257.51;0.20;24.10;765.20;4.348;230.60;0.18;34.66;921.67;5.276;372.83;0.27;46.52;660.77;3.780;313.38;0.29;54.54;1453.79;8.322;320.78;0.26;25.38;2501.85;15.736;391.69;0.34;18.00;1997.10;13.112;518.68;0.32;29.87;1229.82;6.988;251.32;0.24;23.50;672.64;3.822;137.46;0.15;23.50;1506.74;9.606;185.63;0.19;14.17
34249;LAMB RIBLETS;2;42545.64;258.576;10837.42;0.23;29.29;682.68;4.146;137.95;0.21;23.24;281.77;1.657;62.90;0.09;25.67;821.19;4.869;178.93;0.29;25.06;265.50;1.404;76.56;0.13;33.16;1155.44;6.168;326.81;0.42;32.53;400.16;2.452;78.47;0.11;22.55;186.00;1.240;25.45;0.03;15.74;730.77;4.769;111.29;0.15;17.51;1237.67;7.451;257.30;0.35;23.91;1082.11;6.251;259.07;0.21;27.53;557.26;3.278;129.89;0.21;26.81;443.70;2.610;103.42;0.16;26.81;538.03;3.181;190.51;0.23;40.72;53.44;0.334;17.09;0.02;36.79;249.80;1.528;77.87;0.11;35.85;269.42;1.602;86.09;0.11;36.75;436.43;2.486;149.55;0.17;39.41;369.56;2.174;120.26;0.15;37.42;274.72;1.616;89.41;0.09;37.43;199.91;1.176;65.05;0.07;37.42;0.00;0.000;0.00;0.00;0.00;733.89;5.614;135.00;0.10;21.15;238.67;1.836;42.86;0.06;20.65;285.48;2.196;65.31;0.08;26.31;1400.85;10.776;270.38;0.26;22.20;378.82;2.914;73.12;0.09;22.20;517.72;3.713;123.63;0.12;27.46;459.72;3.284;108.42;0.11;27.12;451.87;3.228;95.95;0.10;24.42;1359.01;9.742;285.48;0.27;24.16;1008.57;7.234;211.49;0.21;24.11;960.60;6.862;208.06;0.21;24.91;1123.56;8.026;254.75;0.21;26.07;1009.99;7.008;247.60;0.16;28.19;1299.72;8.198;385.99;0.39;34.15;1172.29;6.942;276.66;0.25;27.14;1281.91;7.122;352.72;0.28;31.64;2052.03;11.216;584.37;0.46;32.75;1393.20;7.178;443.50;0.32;36.61;1585.68;8.471;472.54;0.37;34.27;1773.73;10.242;533.64;0.41;34.60;1381.51;7.850;635.89;0.46;52.93;1105.94;6.284;418.15;0.38;43.48;1519.49;8.634;342.55;0.28;25.92;703.60;3.998;158.61;0.14;25.92;2597.60;14.510;578.49;0.36;25.61;1362.54;7.570;299.13;0.29;25.25;1672.59;9.316;364.45;0.39;25.06;1479.50;8.220;324.78;0.33;25.24
34250;LAMB SHANK;2;97330.06;619.579;24149.39;0.50;28.53;1378.26;9.756;291.86;0.45;24.35;1293.83;9.112;278.29;0.39;24.74;725.27;5.132;153.75;0.25;24.38;352.37;2.536;70.74;0.12;23.09;1000.18;5.800;330.73;0.43;38.03;0.00;0.000;0.00;0.00;0.00;0.00;0.000;0.00;0.00;0.00;0.00;0.000;0.00;0.00;0.00;0.00;0.000;0.00;0.00;0.00;0.00;0.000;0.00;0.00;0.00;75.20;0.470;21.71;0.03;33.21;796.74;4.980;230.03;0.35;33.20;897.84;5.669;290.44;0.35;37.20;1985.05;13.314;555.16;0.66;32.16;1190.60;8.111;308.05;0.42;29.75;915.77;6.150;227.45;0.29;28.56;1213.68;7.836;330.54;0.38;31.32;1751.70;11.670;443.74;0.54;29.13;1764.15;11.842;438.66;0.46;28.59;1373.08;9.216;341.50;0.39;28.60;990.31;6.464;280.81;0.31;32.61;2484.06;19.110;450.05;0.35;20.84;1345.16;10.402;235.63;0.30;20.14;1674.00;13.048;342.85;0.43;23.55;1868.15;14.396;358.35;0.35;22.06;2333.71;18.008;445.51;0.52;21.95;2507.40;17.938;602.70;0.60;27.64;2676.62;19.172;628.88;0.65;27.02;2824.86;20.298;588.98;0.64;23.98;3321.33;23.794;699.07;0.66;24.20;2901.76;20.768;612.61;0.60;24.28;2063.96;14.744;451.35;0.45;25.15;3477.16;24.880;784.67;0.65;25.95;2360.89;16.113;602.94;0.38;29.37;2361.40;14.802;721.36;0.73;35.13;2355.75;13.993;551.37;0.49;26.92;2771.87;15.436;758.82;0.60;31.48;4307.89;24.442;1130.94;0.90;30.19;3837.58;22.020;981.11;0.71;29.40;2616.33;14.572;716.01;0.57;31.47;3269.13;18.515;1009.76;0.77;35.52;2845.93;15.812;1303.21;0.94;52.66;2797.33;15.542;1019.87;0.93;41.93;3061.90;17.140;738.04;0.61;27.72;1535.66;8.532;377.38;0.33;28.26;4683.41;27.058;881.16;0.55;21.64;3596.31;19.336;812.71;0.79;25.99;3464.98;18.630;783.02;0.84;25.99;4281.50;23.020;967.55;0.97;25.99
34251;LAMB STEW DELI-CO;2;56353.08;396.573;13500.05;0.28;27.55;2308.15;15.876;502.84;0.77;25.05;1940.23;13.290;427.93;0.59;25.36;1933.12;13.513;400.62;0.64;23.83;824.78;5.104;233.60;0.38;32.57;828.00;5.400;208.35;0.27;28.94;808.86;6.090;126.33;0.17;17.96;1078.18;8.294;151.69;0.18;16.18;873.03;6.716;122.82;0.17;16.18;421.09;2.915;89.97;0.12;24.57;2527.35;16.850;601.16;0.49;27.35;368.94;2.306;102.32;0.16;31.89;608.60;3.804;168.79;0.26;31.89;1316.67;8.370;417.70;0.50;36.48;2397.51;15.902;689.28;0.83;33.06;1380.64;10.155;307.59;0.41;25.62;1598.94;10.660;404.33;0.52;29.08;1432.73;9.264;388.93;0.44;31.22;1003.53;6.654;257.14;0.32;29.47;2148.64;14.350;541.01;0.57;28.96;1057.72;7.052;267.45;0.31;29.08;954.35;6.169;273.88;0.30;33.00;2220.03;17.078;402.58;0.31;20.85;1356.86;10.438;241.31;0.31;20.45;1027.42;7.972;209.20;0.26;23.42;1055.37;8.139;286.94;0.28;31.27;1003.23;7.774;269.89;0.31;30.94;928.42;6.658;291.33;0.29;36.09;793.73;5.670;250.78;0.26;36.33;2028.15;14.488;640.79;0.70;36.33;1504.11;10.774;472.94;0.44;36.16;1492.84;10.664;471.66;0.46;36.33;1113.74;7.956;310.24;0.31;32.03;1232.16;8.802;261.66;0.22;24.42;1067.81;7.628;226.75;0.14;24.42;910.50;6.504;193.37;0.19;24.42;1674.82;11.964;355.68;0.32;24.42;1647.64;11.770;349.89;0.28;24.42;2464.16;17.636;520.24;0.41;24.28;2385.37;17.072;503.61;0.36;24.28;2019.44;14.450;426.63;0.34;24.30;616.22;4.402;130.86;0.10;24.42;0.00;0.000;0.00;0.00;0.00;0.00;0.000;0.00;0.00;0.00;0.00;0.000;0.00;0.00;0.00;0.00;0.000;0.00;0.00;0.00;0.00;0.000;0.00;0.00;0.00;0.00;0.000;0.00;0.00;0.00;0.00;0.000;0.00;0.00;0.00;0.00;0.000;0.00;0.00;0.00
34254; MEATY  BONES;2;273426.75;7 485.124;64687.67;1.35;27.21;847.63;21.196;207.17;0.32;28.11;205.44;5.137;50.22;0.07;28.11;0.00;0.000;0.00;0.00;0.00;2107.31;52.697;515.02;0.85;28.11;12829.43;320.989;3131.30;4.05;28.07;15491.41;427.194;3930.99;5.30;29.18;12382.92;382.653;2891.31;3.47;26.85;8467.03;282.397;1717.52;2.33;23.33;4256.51;130.182;955.38;1.29;25.81;3294.79;94.167;794.30;0.64;27.72;1721.62;47.404;423.49;0.68;28.29;4314.55;174.197;1277.14;1.96;34.04;10920.61;496.688;3083.97;3.71;32.48;8299.76;279.568;2238.37;2.68;31.01;4895.64;163.339;1318.61;1.78;30.97;4271.06;116.254;1150.15;1.49;30.97;3438.15;86.098;924.20;1.05;30.91;2115.42;52.900;570.42;0.70;31.01;1462.54;36.574;394.36;0.41;31.01;1009.70;25.250;272.25;0.31;31.01;1120.41;36.039;302.17;0.33;31.01;1102.99;36.779;297.47;0.23;31.01;1077.61;36.030;288.87;0.37;30.83;752.42;25.142;201.97;0.26;30.87;6053.69;152.133;1508.65;1.46;28.66;10344.40;259.582;2505.58;2.92;27.85;15999.84;400.609;3897.68;3.89;28.01;12424.48;310.930;3030.65;3.15;28.05;11553.68;289.114;2818.83;3.07;28.06;12022.61;300.955;2930.57;2.75;28.03;2457.92;61.466;600.67;0.59;28.10;2521.88;63.239;611.96;0.61;27.91;4140.10;103.916;1002.19;0.83;27.84;1196.15;29.913;292.31;0.18;28.10;1164.11;29.260;280.77;0.28;27.74;2000.91;50.067;488.25;0.43;28.06;6357.63;179.227;1047.70;0.83;18.95;10257.68;297.567;1480.55;1.18;16.60;11508.80;288.946;2784.00;2.02;27.82;12566.68;304.433;3114.88;2.47;28.50;9929.64;216.798;2564.13;1.96;29.70;8277.25;180.226;2151.28;1.54;29.89;2206.87;48.094;528.80;0.48;27.56;3225.70;70.140;561.88;0.46;20.03;5673.13;140.297;989.71;0.86;20.06;1490.30;37.267;252.44;0.16;19.48;5048.86;126.371;851.93;0.82;19.40;5413.24;135.419;915.43;0.99;19.45;3206.25;80.281;540.18;0.54;19.37
34255;MUTTON BEST END CHOPS;2;73828.43;530.319;21135.89;0.44;32.92;174.40;1.090;33.07;0.05;21.81;114.24;0.714;21.66;0.03;21.81;0.00;0.000;0.00;0.00;0.00;0.00;0.000;0.00;0.00;0.00;42.50;0.250;9.76;0.01;26.41;221.68;1.304;50.90;0.07;26.41;0.00;0.000;0.00;0.00;0.00;1476.97;9.902;207.08;0.28;16.12;961.02;6.364;163.22;0.22;19.53;519.04;3.244;198.31;0.16;43.94;242.24;1.514;92.55;0.15;43.94;468.67;3.019;172.06;0.26;42.22;989.95;6.600;346.03;0.42;40.20;563.64;3.784;194.97;0.23;39.78;956.60;7.122;276.31;0.37;33.22;0.00;0.000;0.00;0.00;0.00;0.00;0.000;0.00;0.00;0.00;488.08;3.154;203.64;0.25;47.98;202.22;1.264;87.36;0.09;49.68;438.33;2.790;185.86;0.21;48.76;356.14;2.226;136.08;0.15;43.94;352.28;2.710;116.91;0.09;38.16;0.00;0.000;0.00;0.00;0.00;1207.06;10.608;453.33;0.57;43.19;1211.16;10.094;387.48;0.37;36.79;784.71;6.540;251.04;0.29;36.79;1318.91;10.992;421.96;0.42;36.79;1533.93;12.784;490.75;0.51;36.79;2651.23;22.130;845.94;0.92;36.69;1843.35;14.634;637.80;0.60;39.79;3051.16;21.796;1215.74;1.19;45.82;2658.62;18.992;992.57;1.00;42.93;963.39;6.882;328.53;0.27;39.22;3431.62;23.334;1104.57;0.69;37.02;217.19;1.448;68.69;0.07;36.37;2096.34;14.330;633.66;0.56;34.76;4117.30;29.412;1139.36;0.91;31.82;3021.54;21.618;833.35;0.66;31.72;3711.31;24.607;1185.09;0.86;36.72;3530.38;23.490;1120.46;0.89;36.50;2599.31;19.114;824.84;0.63;36.49;2596.22;19.122;761.19;0.55;33.72;3499.80;25.736;724.89;0.66;23.82;4266.99;31.414;825.36;0.68;22.24;3820.00;28.192;732.59;0.64;22.05;2361.04;17.003;522.54;0.32;25.45;2317.43;16.626;530.45;0.51;26.32;2452.54;17.226;570.20;0.61;26.74;3997.90;25.144;1037.72;1.04;29.85
34256;MUTTON BRAAI RIB;2;16226.11;123.660;4393.12;0.09;31.14;237.82;1.982;54.29;0.08;26.25;188.15;1.568;42.95;0.06;26.25;0.00;0.000;0.00;0.00;0.00;290.62;2.422;66.34;0.11;26.25;0.00;0.000;0.00;0.00;0.00;208.86;1.554;62.04;0.08;34.16;139.19;1.160;31.77;0.04;26.25;0.00;0.000;0.00;0.00;0.00;85.91;0.716;13.99;0.02;18.72;683.48;5.696;111.31;0.09;18.73;220.98;1.700;48.00;0.08;24.98;0.00;0.000;0.00;0.00;0.00;503.83;3.876;109.43;0.13;24.98;314.57;2.420;68.32;0.08;24.98;250.12;1.874;58.58;0.08;26.93;283.48;2.250;55.70;0.07;22.60;473.53;3.262;135.15;0.15;32.82;172.79;1.080;58.67;0.07;39.05;360.61;2.254;122.43;0.13;39.04;425.89;2.662;144.60;0.17;39.05;0.00;0.000;0.00;0.00;0.00;780.71;6.786;222.48;0.17;32.77;284.61;2.372;86.19;0.11;34.83;361.50;3.299;118.08;0.15;37.56;0.00;0.000;0.00;0.00;0.00;195.34;1.628;62.49;0.07;36.79;92.63;0.772;29.63;0.03;36.79;701.46;5.846;224.42;0.23;36.79;582.42;4.854;186.33;0.20;36.79;86.39;0.720;27.64;0.03;36.79;418.04;3.484;107.30;0.11;29.52;545.71;4.548;138.46;0.14;29.18;184.30;1.536;46.61;0.04;29.09;897.21;7.012;211.11;0.13;27.06;57.46;0.442;13.28;0.01;26.59;185.88;1.430;42.96;0.04;26.58;814.20;5.830;224.17;0.18;31.66;632.20;4.516;174.96;0.14;31.83;436.38;3.970;49.99;0.04;13.17;947.26;6.704;267.34;0.21;32.46;658.23;4.605;184.81;0.14;32.29;513.87;3.426;156.32;0.11;34.98;275.99;1.840;83.96;0.08;34.98;989.33;6.596;365.65;0.30;42.50;170.69;1.138;63.09;0.05;42.50;227.69;1.518;48.47;0.03;24.48;0.00;0.000;0.00;0.00;0.00;188.99;1.260;40.23;0.04;24.48;157.79;1.052;33.59;0.03;24.48
34257;MUTTON BRAAI CHOPS;2;149887.32;1 058.813;37316.60;0.78;28.63;7991.50;54.740;1360.18;2.09;19.57;6394.93;43.804;1088.42;1.51;19.57;7527.53;51.562;1281.20;2.05;19.57;8852.11;57.844;1791.61;2.95;23.28;8192.08;51.320;1883.78;2.44;26.44;4265.25;25.091;1147.12;1.55;30.93;4211.07;24.832;1126.45;1.35;30.76;1796.57;11.978;339.28;0.46;21.72;1269.62;8.760;203.60;0.27;18.44;9802.44;70.022;1279.38;1.04;15.01;6332.75;45.288;821.24;1.32;14.91;2418.76;17.278;315.69;0.49;15.01;4766.10;34.046;622.04;0.75;15.01;5687.14;41.505;651.23;0.78;13.17;3756.31;30.760;126.69;0.17;3.88;7422.05;57.097;2457.17;3.17;38.07;6788.42;47.755;2560.12;2.92;43.37;4739.98;30.646;1976.50;2.42;47.95;4587.57;28.674;1982.01;2.08;49.68;4268.57;26.680;1844.20;2.11;49.68;6291.49;39.324;2538.09;2.80;46.39;5633.25;43.336;2636.23;2.02;53.82;1499.84;12.355;464.07;0.60;35.58;2703.27;26.710;757.22;0.96;32.21;2522.47;22.934;680.95;0.66;31.04;2950.91;26.866;794.20;0.92;30.95;3145.69;28.600;849.21;0.85;31.05;2870.10;26.178;769.30;0.80;30.82;0.00;0.000;0.00;0.00;0.00;122.97;0.946;44.54;0.04;41.65;668.13;5.140;242.00;0.24;41.65;430.52;3.312;136.79;0.14;36.54;0.00;0.000;0.00;0.00;0.00;206.08;1.482;63.50;0.04;35.43;83.99;0.560;26.56;0.03;36.37;137.10;0.914;43.36;0.04;36.37;496.16;3.308;156.91;0.13;36.37;359.08;2.394;113.57;0.09;36.37;153.29;1.022;48.48;0.04;36.37;229.74;1.436;80.60;0.06;40.35;787.47;4.922;315.30;0.24;46.05;1101.70;6.886;351.96;0.25;36.74;1002.80;6.268;232.42;0.21;26.65;1406.29;8.790;273.10;0.22;22.33;939.78;5.874;182.51;0.16;22.33;1237.37;7.734;257.72;0.16;23.95;810.50;5.066;172.85;0.17;24.53;168.31;1.052;35.90;0.04;24.53;858.27;5.722;191.34;0.19;25.64
34258;MUTTON RIB & LOIN;2;142017.74;937.536;38857.12;0.81;31.46;3295.27;20.632;655.35;1.01;22.87;1450.77;9.068;290.17;0.40;23.00;2392.81;14.956;478.62;0.77;23.00;3681.11;21.997;844.65;1.39;26.39;1062.78;6.252;254.44;0.33;27.53;1631.26;9.322;419.91;0.57;29.60;2298.52;13.762;524.53;0.63;26.24;457.72;3.100;65.95;0.09;16.57;512.66;3.418;79.66;0.11;17.87;3448.20;24.147;377.52;0.31;12.59;4104.04;27.362;598.86;0.96;16.78;885.25;6.251;91.30;0.14;11.86;1840.60;13.148;173.44;0.21;10.84;2847.83;20.990;198.12;0.24;8.00;2389.17;19.171;-3.28;-0.00;-0.16;3040.32;21.718;1123.50;1.45;42.50;2114.57;14.204;844.48;0.96;45.93;3067.66;19.612;1294.69;1.59;48.54;1441.20;9.008;622.66;0.65;49.68;1975.57;12.348;853.53;0.98;49.68;2085.32;13.034;840.16;0.93;46.33;1744.21;13.418;627.70;0.48;41.39;0.00;0.000;0.00;0.00;0.00;2340.55;20.350;826.45;1.05;40.61;2392.80;19.978;763.15;0.74;36.68;1586.73;13.224;507.64;0.59;36.79;1860.30;15.504;595.16;0.59;36.79;3077.20;25.712;980.12;1.02;36.63;3698.33;30.848;1181.51;1.29;36.74;1701.93;13.244;563.67;0.53;38.09;3121.78;22.370;1069.50;1.05;39.40;3817.07;27.294;1307.20;1.31;39.38;867.63;6.198;295.87;0.24;39.22;5035.47;34.318;1628.47;1.02;37.19;213.58;1.424;67.54;0.07;36.37;2956.00;19.762;930.39;0.83;36.20;3730.45;24.944;1173.77;0.94;36.18;4246.69;28.332;1341.50;1.07;36.33;4406.29;26.830;1604.93;1.16;41.89;5294.84;29.810;2130.28;1.69;46.27;3973.28;23.374;1617.11;1.23;46.80;4480.13;26.356;1479.33;1.06;37.97;4089.53;24.058;874.46;0.80;24.59;5755.06;33.884;1114.18;0.91;22.26;4090.62;24.124;787.38;0.68;22.14;10258.07;60.454;2126.38;1.32;23.84;3310.77;19.476;697.62;0.67;24.23;3590.82;21.430;800.40;0.86;25.63;4354.98;27.320;1137.17;1.14;30.03
34261;MUTTON LEG CHOP;2;108937.17;749.819;32568.97;0.68;34.38;106.50;0.710;20.12;0.03;21.72;0.00;0.000;0.00;0.00;0.00;0.00;0.000;0.00;0.00;0.00;0.00;0.000;0.00;0.00;0.00;0.00;0.000;0.00;0.00;0.00;69.70;0.410;18.75;0.03;30.93;240.18;1.516;54.07;0.06;25.89;1732.69;11.552;327.23;0.44;21.72;1789.42;11.930;334.52;0.45;21.50;1583.33;10.556;284.68;0.23;20.68;483.82;3.024;107.85;0.17;25.64;0.00;0.000;0.00;0.00;0.00;176.08;1.174;31.65;0.04;20.67;82.19;0.548;14.77;0.02;20.67;848.53;6.455;70.02;0.09;9.49;101.35;0.724;37.45;0.05;42.49;141.60;0.944;57.05;0.07;46.33;319.99;2.000;138.25;0.17;49.69;0.00;0.000;0.00;0.00;0.00;0.00;0.000;0.00;0.00;0.00;111.03;0.694;42.49;0.05;44.00;0.00;0.000;0.00;0.00;0.00;453.40;3.488;157.08;0.20;39.84;2299.33;20.161;856.18;1.08;42.82;2801.74;23.350;896.36;0.87;36.79;1924.13;16.036;615.58;0.72;36.79;2178.67;18.190;694.87;0.69;36.68;3897.71;32.484;1246.99;1.30;36.79;4774.19;39.832;1524.55;1.66;36.72;3083.05;24.238;1014.67;0.95;37.85;3640.49;26.006;1253.16;1.23;39.59;2727.72;19.526;932.72;0.94;39.32;1587.16;11.370;538.87;0.44;39.04;5042.24;34.842;1642.47;1.03;37.46;527.64;3.518;166.86;0.17;36.37;3174.68;21.198;1001.37;0.89;36.27;5941.90;39.616;1879.14;1.50;36.37;4134.03;27.586;1305.45;1.04;36.31;4877.91;33.780;1438.26;1.04;33.91;5828.78;38.141;1903.18;1.51;37.55;5800.18;36.254;2259.98;1.73;44.81;5183.25;32.398;1629.51;1.17;36.15;5705.57;35.692;1625.42;1.49;32.76;6561.99;41.016;1943.27;1.59;34.06;4797.69;29.988;1420.81;1.23;34.06;3917.51;24.524;892.21;0.55;26.19;2902.46;18.142;618.97;0.60;24.52;3058.42;19.148;648.96;0.70;24.40;4328.92;27.058;923.19;0.93;24.52
34264;MUTTON NECK;2;27239.66;214.310;6658.01;0.14;28.11;330.11;2.684;62.43;0.10;21.75;276.73;2.250;52.33;0.07;21.75;177.59;1.444;33.58;0.05;21.74;745.29;5.761;165.94;0.27;25.60;289.67;2.110;75.30;0.10;29.89;498.46;3.584;133.50;0.18;30.80;413.80;3.012;107.75;0.13;29.95;191.28;1.594;32.93;0.04;19.80;376.06;3.134;63.04;0.08;19.28;213.84;1.750;37.55;0.03;20.19;374.90;2.884;81.44;0.13;24.98;258.18;1.986;56.09;0.09;24.98;526.50;4.388;85.72;0.10;18.72;505.34;4.246;79.37;0.10;18.06;599.41;5.898;21.08;0.03;4.04;703.86;5.866;201.43;0.26;32.91;452.78;3.612;140.88;0.16;35.78;275.44;2.042;96.57;0.12;40.32;249.47;1.782;92.19;0.10;42.50;0.00;0.000;0.00;0.00;0.00;132.16;0.944;45.05;0.05;39.20;548.71;5.141;131.61;0.10;27.58;256.30;2.136;77.62;0.10;34.83;526.94;4.532;182.07;0.23;39.73;934.10;7.830;295.87;0.29;36.43;181.92;1.516;58.21;0.07;36.80;721.65;6.052;228.39;0.23;36.40;439.88;3.666;140.73;0.15;36.79;406.28;3.386;129.98;0.14;36.79;501.52;3.982;155.47;0.15;35.65;769.52;5.920;233.79;0.23;34.94;603.41;4.642;182.19;0.18;34.72;193.42;1.488;58.09;0.05;34.54;922.68;6.902;268.68;0.17;33.49;79.79;0.570;22.08;0.02;31.82;688.40;4.870;194.45;0.17;32.48;929.65;6.198;294.02;0.23;36.37;713.34;4.756;225.60;0.18;36.37;906.77;8.152;111.96;0.08;14.20;1154.19;9.418;222.04;0.18;22.12;850.90;6.546;240.77;0.18;32.54;691.78;5.322;198.51;0.14;33.00;836.34;6.434;171.88;0.16;23.63;1199.51;9.228;232.93;0.19;22.33;1037.50;8.006;199.33;0.17;22.09;1369.82;10.798;262.56;0.16;22.04;811.12;6.240;173.05;0.17;24.53;581.11;4.326;125.34;0.14;24.80;792.24;5.282;176.60;0.18;25.64
34266;MUTTON RIBLETS;2;29680.66;212.019;7800.55;0.16;30.22;468.44;3.276;89.31;0.14;21.92;204.19;1.428;38.93;0.05;21.92;216.78;1.516;41.33;0.07;21.93;927.94;6.170;207.92;0.34;25.77;1132.54;7.350;271.28;0.35;27.55;87.40;0.546;22.99;0.03;30.26;427.20;2.670;112.27;0.13;30.22;408.52;2.918;71.96;0.10;20.26;305.84;2.116;59.29;0.08;22.29;1099.46;7.330;235.00;0.19;24.58;743.10;4.954;158.85;0.26;24.58;300.30;2.053;59.18;0.09;22.66;597.48;4.268;99.70;0.12;19.19;172.19;1.230;28.74;0.03;19.19;661.09;5.096;73.57;0.10;12.80;437.07;3.214;155.08;0.20;40.80;467.19;3.286;176.23;0.20;43.38;431.02;2.694;186.22;0.23;49.69;222.71;1.392;96.22;0.10;49.69;170.56;1.066;73.69;0.08;49.69;0.00;0.000;0.00;0.00;0.00;561.42;4.760;167.43;0.13;34.30;77.03;0.642;23.33;0.03;34.82;466.00;4.112;172.46;0.22;42.56;1236.23;10.302;395.57;0.38;36.80;249.33;2.078;79.76;0.09;36.79;732.64;6.106;234.39;0.23;36.79;289.42;2.412;92.60;0.10;36.79;901.10;7.510;288.28;0.31;36.79;655.10;5.280;203.60;0.19;35.74;370.47;2.850;112.56;0.11;34.94;653.83;5.030;198.06;0.20;34.84;292.99;2.254;88.00;0.07;34.54;556.73;4.194;163.39;0.10;33.75;192.63;1.376;53.31;0.05;31.83;760.70;5.434;210.51;0.19;31.82;1170.87;8.364;324.02;0.26;31.82;1111.65;7.970;305.22;0.24;31.58;792.94;5.868;202.53;0.15;29.37;788.68;5.258;249.45;0.20;36.37;697.76;4.652;259.34;0.20;42.74;963.84;6.426;334.82;0.24;39.95;1311.83;8.746;291.46;0.27;25.55;1382.12;9.258;264.01;0.22;21.97;906.84;6.046;176.10;0.15;22.33;862.16;5.748;181.10;0.11;24.16;432.88;2.886;92.15;0.09;24.48;707.04;4.714;150.49;0.16;24.48;1075.41;7.170;228.89;0.23;24.48
34267;MUTTON SHANK;2;63128.32;477.696;16749.52;0.35;30.51;358.81;2.848;81.89;0.13;26.25;476.50;3.782;108.76;0.15;26.25;514.04;4.080;117.33;0.19;26.25;1175.30;8.678;320.82;0.53;31.39;1112.96;7.950;325.43;0.42;33.63;270.84;1.894;82.48;0.11;35.02;191.40;1.320;59.78;0.07;35.92;453.23;3.626;101.13;0.14;25.66;836.27;6.534;166.96;0.22;22.96;783.96;5.370;203.56;0.16;29.86;878.75;6.032;227.04;0.37;29.71;330.53;2.337;79.33;0.12;27.60;785.39;6.042;144.97;0.17;21.23;1084.49;8.713;247.85;0.30;26.28;967.51;9.108;244.74;0.33;29.09;1289.13;10.232;404.74;0.52;36.11;1317.55;9.896;452.98;0.52;39.54;805.15;5.549;311.70;0.38;44.52;877.07;6.050;339.17;0.36;44.47;605.57;4.148;236.22;0.27;44.86;1196.53;8.196;422.94;0.47;40.65;1295.42;12.780;259.50;0.20;23.04;650.83;5.424;197.11;0.25;34.83;1345.11;11.704;373.79;0.47;31.96;1451.91;12.228;456.09;0.44;36.13;475.88;3.966;152.25;0.18;36.79;1066.37;8.912;339.53;0.34;36.62;1291.48;10.796;411.03;0.43;36.60;1893.17;15.802;604.09;0.66;36.70;1491.25;11.886;463.45;0.43;35.74;1998.67;15.376;607.22;0.60;34.94;2049.65;15.768;619.28;0.62;34.75;510.33;3.926;153.28;0.13;34.54;1888.59;13.984;538.80;0.34;32.81;0.00;0.000;0.00;0.00;0.00;1315.62;9.468;358.27;0.32;31.32;2926.08;20.976;803.62;0.64;31.58;1446.62;10.334;400.31;0.32;31.82;2102.42;17.357;387.73;0.28;21.21;2290.75;17.314;555.07;0.44;27.87;1699.88;12.224;545.63;0.42;36.91;2317.78;16.590;691.79;0.50;34.32;2358.50;16.848;492.03;0.45;23.99;2466.83;17.622;478.91;0.39;22.33;1480.49;10.576;287.42;0.25;22.33;2569.10;18.740;499.25;0.31;22.35;2012.73;14.378;427.42;0.41;24.42;2028.71;14.376;433.38;0.47;24.57;2393.17;15.956;533.44;0.54;25.63
34268;MUTTON STEW;2;38613.48;321.428;9253.43;0.19;27.56;1684.23;13.694;318.50;0.49;21.75;1506.13;12.246;284.81;0.40;21.75;1345.03;10.936;254.36;0.41;21.75;1835.00;14.895;349.09;0.57;21.88;2046.84;15.746;462.08;0.60;25.96;932.62;6.662;253.43;0.34;31.25;926.32;6.674;246.95;0.30;30.66;694.30;5.786;119.51;0.16;19.79;715.14;5.960;119.15;0.16;19.16;1081.36;8.905;185.17;0.15;19.69;1166.28;8.972;253.33;0.41;24.98;796.33;6.342;154.66;0.24;22.33;750.26;6.253;122.15;0.15;18.72;1006.73;8.747;216.37;0.26;24.72;1485.02;14.316;353.62;0.48;27.38;2067.21;17.228;591.61;0.76;32.91;428.73;3.298;141.95;0.16;38.08;1393.13;10.397;483.63;0.59;39.92;2074.13;14.816;766.47;0.80;42.50;924.79;6.606;341.75;0.39;42.50;622.71;4.448;216.32;0.24;39.95;1925.96;16.341;526.38;0.40;31.43;392.68;3.328;115.16;0.15;33.72;516.81;5.122;101.10;0.13;22.50;1169.50;10.632;315.78;0.30;31.05;653.79;5.944;176.51;0.21;31.05;369.77;3.362;99.82;0.10;31.04;344.72;3.134;93.07;0.10;31.05;512.55;4.660;138.37;0.15;31.05;58.29;0.530;15.73;0.01;31.04;0.00;0.000;0.00;0.00;0.00;0.00;0.000;0.00;0.00;0.00;0.00;0.000;0.00;0.00;0.00;395.94;3.600;79.55;0.05;23.11;0.00;0.000;0.00;0.00;0.00;491.63;4.502;96.43;0.09;22.56;1065.78;9.690;214.16;0.17;23.11;940.56;8.622;183.82;0.15;22.47;1915.96;17.420;384.99;0.28;23.11;1842.50;16.752;370.23;0.29;23.11;534.75;4.862;107.45;0.08;23.11;0.00;0.000;0.00;0.00;0.00;0.00;0.000;0.00;0.00;0.00;0.00;0.000;0.00;0.00;0.00;0.00;0.000;0.00;0.00;0.00;0.00;0.000;0.00;0.00;0.00;0.00;0.000;0.00;0.00;0.00;0.00;0.000;0.00;0.00;0.00;0.00;0.000;0.00;0.00;0.00
34269;OOM SE PLAASWORS;2;43359.32;470.964;11965.99;0.25;31.74;7758.37;82.786;2048.37;3.14;30.36;9389.31;104.452;2626.57;3.64;32.17;8992.79;100.024;2516.54;4.03;32.18;4147.60;46.158;1159.31;1.91;32.14;1093.86;12.154;306.78;0.40;32.25;4607.39;51.196;1292.01;1.74;32.25;4078.04;45.316;1143.47;1.37;32.25;846.11;7.692;265.15;0.36;36.04;211.42;1.922;66.26;0.09;36.04;2173.65;18.740;526.80;0.43;27.87;60.78;0.524;14.73;0.02;27.87;0.00;0.000;0.00;0.00;0.00;0.00;0.000;0.00;0.00;0.00;0.00;0.000;0.00;0.00;0.00;0.00;0.000;0.00;0.00;0.00;0.00;0.000;0.00;0.00;0.00;0.00;0.000;0.00;0.00;0.00;0.00;0.000;0.00;0.00;0.00;0.00;0.000;0.00;0.00;0.00;0.00;0.000;0.00;0.00;0.00;0.00;0.000;0.00;0.00;0.00;0.00;0.000;0.00;0.00;0.00;0.00;0.000;0.00;0.00;0.00;0.00;0.000;0.00;0.00;0.00;0.00;0.000;0.00;0.00;0.00;0.00;0.000;0.00;0.00;0.00;0.00;0.000;0.00;0.00;0.00;0.00;0.000;0.00;0.00;0.00;0.00;0.000;0.00;0.00;0.00;0.00;0.000;0.00;0.00;0.00;0.00;0.000;0.00;0.00;0.00;0.00;0.000;0.00;0.00;0.00;0.00;0.000;0.00;0.00;0.00;0.00;0.000;0.00;0.00;0.00;0.00;0.000;0.00;0.00;0.00;0.00;0.000;0.00;0.00;0.00;0.00;0.000;0.00;0.00;0.00;0.00;0.000;0.00;0.00;0.00;0.00;0.000;0.00;0.00;0.00;0.00;0.000;0.00;0.00;0.00;0.00;0.000;0.00;0.00;0.00;0.00;0.000;0.00;0.00;0.00;0.00;0.000;0.00;0.00;0.00;0.00;0.000;0.00;0.00;0.00;0.00;0.000;0.00;0.00;0.00;0.00;0.000;0.00;0.00;0.00;0.00;0.000;0.00;0.00;0.00;0.00;0.000;0.00;0.00;0.00;0.00;0.000;0.00;0.00;0.00
34271;PETS MINCE;2;46826.31;2 345.448;19492.23;0.41;47.87;1211.10;60.584;504.85;0.77;47.94;1637.25;82.000;681.60;0.95;47.88;1728.80;86.506;720.43;1.15;47.92;938.91;47.006;391.04;0.64;47.90;902.32;45.186;375.69;0.49;47.88;610.89;30.658;253.75;0.34;47.77;446.93;22.396;185.95;0.22;47.85;185.53;9.280;77.35;0.10;47.94;299.74;14.994;124.95;0.17;47.94;134.99;6.752;56.28;0.05;47.94;253.51;12.682;105.67;0.17;47.94;324.84;16.320;134.77;0.21;47.71;421.06;21.106;175.13;0.21;47.83;931.41;46.598;388.21;0.46;47.93;2260.09;113.120;941.56;1.27;47.91;1738.76;86.980;724.80;0.94;47.94;1168.97;58.534;486.76;0.56;47.89;2298.34;114.980;957.99;1.17;47.93;873.31;43.814;362.88;0.38;47.79;1269.01;63.528;528.56;0.60;47.90;1304.36;65.356;542.75;0.60;47.85;755.50;37.794;314.92;0.24;47.94;965.04;48.436;400.82;0.52;47.76;267.93;13.402;111.69;0.14;47.94;429.08;21.464;178.86;0.17;47.94;904.99;45.324;376.77;0.44;47.88;174.29;8.718;72.66;0.07;47.94;1463.34;73.204;609.97;0.63;47.94;988.08;49.472;411.48;0.45;47.89;798.47;40.046;331.91;0.31;47.80;670.31;33.578;279.00;0.27;47.87;342.57;17.138;142.79;0.14;47.93;1146.17;57.486;476.42;0.39;47.80;409.95;20.544;170.56;0.11;47.84;674.70;33.778;281.00;0.28;47.90;460.43;23.282;189.67;0.17;47.37;265.51;13.350;110.06;0.09;47.67;996.00;50.004;413.55;0.33;47.75;1279.32;63.998;533.27;0.39;47.94;1186.65;59.400;494.30;0.39;47.90;1289.26;64.732;535.27;0.41;47.75;1472.38;73.656;613.74;0.44;47.94;1083.12;54.256;450.83;0.41;47.87;1414.48;70.972;587.69;0.48;47.78;1604.64;80.318;668.46;0.58;47.91;953.88;47.840;396.51;0.25;47.80;1451.45;72.736;603.87;0.58;47.85;1117.20;55.940;465.22;0.50;47.89;1321.45;66.200;549.98;0.55;47.86
34272;PORK BELLY SPARE RIB;2;46353.29;479.901;8591.72;0.18;21.32;2848.83;31.489;179.18;0.27;7.23;3079.92;33.447;525.50;0.73;19.62;3177.36;37.089;481.92;0.77;17.44;4943.00;58.797;712.23;1.17;16.57;1237.03;14.758;175.59;0.23;16.32;1210.28;13.327;239.60;0.32;22.77;1047.92;10.510;270.23;0.32;29.66;778.07;9.268;111.33;0.15;16.45;1955.86;17.684;622.20;0.84;36.58;4529.58;42.744;1291.34;1.05;32.79;1911.49;17.531;434.98;0.70;26.17;1765.09;22.066;-207.91;-0.32;-13.55;2943.35;36.050;303.43;0.36;11.86;1702.12;13.510;634.65;0.76;42.88;1510.36;11.988;563.15;0.76;42.88;0.00;0.000;0.00;0.00;0.00;1329.17;10.550;495.58;0.57;42.88;1048.23;8.320;390.84;0.48;42.88;1624.44;11.604;686.38;0.72;48.59;239.10;1.708;101.03;0.12;48.59;0.00;0.000;0.00;0.00;0.00;191.78;1.370;81.03;0.06;48.59;0.00;0.000;0.00;0.00;0.00;0.00;0.000;0.00;0.00;0.00;2366.32;23.666;576.65;0.56;28.02;0.00;0.000;0.00;0.00;0.00;0.00;0.000;0.00;0.00;0.00;0.00;0.000;0.00;0.00;0.00;0.00;0.000;0.00;0.00;0.00;0.00;0.000;0.00;0.00;0.00;0.00;0.000;0.00;0.00;0.00;305.42;3.394;-16.05;-0.02;-6.04;647.39;6.063;59.84;0.05;10.63;846.98;9.468;-49.15;-0.03;-6.67;2147.49;23.447;-78.25;-0.08;-4.19;0.00;0.000;0.00;0.00;0.00;966.71;10.053;6.42;0.01;0.76;0.00;0.000;0.00;0.00;0.00;0.00;0.000;0.00;0.00;0.00;0.00;0.000;0.00;0.00;0.00;0.00;0.000;0.00;0.00;0.00;0.00;0.000;0.00;0.00;0.00;0.00;0.000;0.00;0.00;0.00;0.00;0.000;0.00;0.00;0.00;0.00;0.000;0.00;0.00;0.00;0.00;0.000;0.00;0.00;0.00;0.00;0.000;0.00;0.00;0.00;0.00;0.000;0.00;0.00;0.00;0.00;0.000;0.00;0.00;0.00
34283;BULK PORK BRAAI CHOPS;2;217392.17;2 976.970;38020.92;0.79;20.11;613.48;12.272;44.18;0.07;8.28;0.00;0.000;0.00;0.00;0.00;1986.19;39.732;143.01;0.23;8.28;2167.87;41.791;218.90;0.36;11.61;3082.87;53.632;542.45;0.70;20.23;2622.32;49.388;311.18;0.42;13.65;0.00;0.000;0.00;0.00;0.00;2263.80;37.736;463.99;0.63;23.57;1546.92;23.294;416.42;0.56;30.96;0.00;0.000;0.00;0.00;0.00;1231.74;17.378;132.84;0.21;12.40;3246.22;43.039;611.10;0.94;21.65;0.00;0.000;0.00;0.00;0.00;0.00;0.000;0.00;0.00;0.00;4311.63;86.250;127.61;0.17;3.40;1362.13;27.362;35.53;0.05;3.00;3573.72;71.490;105.72;0.12;3.40;3573.36;59.566;248.70;0.31;8.00;113.26;1.888;7.88;0.01;8.00;343.96;4.300;41.14;0.05;13.75;11900.18;132.239;2414.96;2.66;23.34;2274.37;25.274;461.53;0.35;23.34;0.00;0.000;0.00;0.00;0.00;0.00;0.000;0.00;0.00;0.00;1111.02;20.204;-245.93;-0.24;-25.46;0.00;0.000;0.00;0.00;0.00;0.00;0.000;0.00;0.00;0.00;0.00;0.000;0.00;0.00;0.00;0.00;0.000;0.00;0.00;0.00;0.00;0.000;0.00;0.00;0.00;0.00;0.000;0.00;0.00;0.00;0.00;0.000;0.00;0.00;0.00;0.00;0.000;0.00;0.00;0.00;33135.03;414.240;7276.73;4.57;25.25;25780.05;322.337;5659.13;5.70;25.24;29473.14;368.536;6468.63;5.76;25.24;34879.85;476.196;5572.87;4.44;18.37;46799.06;648.826;6962.37;5.54;17.11;0.00;0.000;0.00;0.00;0.00;0.00;0.000;0.00;0.00;0.00;0.00;0.000;0.00;0.00;0.00;0.00;0.000;0.00;0.00;0.00;0.00;0.000;0.00;0.00;0.00;0.00;0.000;0.00;0.00;0.00;0.00;0.000;0.00;0.00;0.00;0.00;0.000;0.00;0.00;0.00;0.00;0.000;0.00;0.00;0.00;0.00;0.000;0.00;0.00;0.00;0.00;0.000;0.00;0.00;0.00
34285;PORK RASHER;2;31261.92;335.047;5093.02;0.11;18.74;1017.33;13.988;255.23;0.39;28.85;2477.30;29.485;619.04;0.86;28.74;799.85;9.302;174.70;0.28;25.12;697.69;7.986;159.55;0.26;26.30;804.07;10.247;223.90;0.29;32.02;159.74;2.282;36.26;0.05;26.10;0.00;0.000;0.00;0.00;0.00;0.00;0.000;0.00;0.00;0.00;0.00;0.000;0.00;0.00;0.00;2190.27;22.202;295.71;0.24;15.53;2478.32;24.362;319.85;0.51;14.84;1933.14;21.124;118.03;0.18;7.02;2002.72;18.677;388.00;0.47;22.28;1975.44;18.638;413.30;0.49;24.06;2235.73;23.712;284.51;0.38;14.63;1569.05;19.432;4.35;0.01;0.32;301.16;3.584;11.03;0.01;4.21;1661.01;18.084;178.66;0.22;12.37;1048.04;9.888;219.28;0.23;24.06;497.60;4.524;93.49;0.11;21.61;0.00;0.000;0.00;0.00;0.00;1116.84;10.154;209.82;0.16;21.60;0.00;0.000;0.00;0.00;0.00;591.62;6.880;-1.41;-0.00;-0.27;0.00;0.000;0.00;0.00;0.00;0.00;0.000;0.00;0.00;0.00;995.80;10.374;202.08;0.20;23.34;133.23;1.388;27.03;0.03;23.33;2590.71;28.052;457.74;0.50;20.32;1166.28;12.150;236.68;0.22;23.34;654.65;6.820;132.85;0.13;23.34;0.00;0.000;0.00;0.00;0.00;120.37;1.254;24.43;0.02;23.34;0.00;0.000;0.00;0.00;0.00;0.00;0.000;0.00;0.00;0.00;0.00;0.000;0.00;0.00;0.00;0.00;0.000;0.00;0.00;0.00;0.00;0.000;0.00;0.00;0.00;0.00;0.000;0.00;0.00;0.00;0.00;0.000;0.00;0.00;0.00;0.00;0.000;0.00;0.00;0.00;43.96;0.458;8.92;0.01;23.33;0.00;0.000;0.00;0.00;0.00;0.00;0.000;0.00;0.00;0.00;0.00;0.000;0.00;0.00;0.00;0.00;0.000;0.00;0.00;0.00;0.00;0.000;0.00;0.00;0.00;0.00;0.000;0.00;0.00;0.00;0.00;0.000;0.00;0.00;0.00
34288;PORK  KEBAB;2;35951.43;263.445;8989.25;0.19;28.75;152.81;1.698;49.18;0.08;37.01;655.14;7.280;210.86;0.29;37.01;0.00;0.000;0.00;0.00;0.00;228.96;2.544;73.70;0.12;37.02;572.33;6.360;184.19;0.24;37.01;703.92;7.822;226.56;0.31;37.01;0.00;0.000;0.00;0.00;0.00;135.52;1.506;43.61;0.06;37.01;36.18;0.402;11.65;0.02;37.02;0.00;0.000;0.00;0.00;0.00;0.00;0.000;0.00;0.00;0.00;0.00;0.000;0.00;0.00;0.00;0.00;0.000;0.00;0.00;0.00;0.00;0.000;0.00;0.00;0.00;215.80;2.398;69.45;0.09;37.01;826.49;9.184;266.01;0.34;37.01;0.00;0.000;0.00;0.00;0.00;0.00;0.000;0.00;0.00;0.00;0.00;0.000;0.00;0.00;0.00;304.34;2.556;86.64;0.10;32.74;76.55;0.638;22.13;0.02;33.25;0.00;0.000;0.00;0.00;0.00;0.00;0.000;0.00;0.00;0.00;0.00;0.000;0.00;0.00;0.00;0.00;0.000;0.00;0.00;0.00;0.00;0.000;0.00;0.00;0.00;0.00;0.000;0.00;0.00;0.00;2682.12;19.200;604.47;0.63;25.92;921.68;6.408;224.80;0.25;28.05;654.71;4.712;145.28;0.14;25.52;2682.44;19.162;608.17;0.60;26.07;3034.80;22.587;606.35;0.61;22.98;2901.76;20.662;663.90;0.55;26.31;3462.11;23.083;933.29;0.59;31.00;3009.93;20.366;784.59;0.79;29.98;2739.79;18.864;684.85;0.61;28.75;1642.42;10.266;504.35;0.40;35.31;1382.30;8.640;424.49;0.34;35.32;1700.53;11.728;376.41;0.27;25.45;1390.39;9.480;318.01;0.25;26.30;1894.58;12.670;418.60;0.32;25.41;474.86;3.166;105.85;0.08;25.63;262.77;2.021;81.00;0.07;35.45;504.86;3.366;109.17;0.09;24.87;701.34;4.676;151.66;0.13;24.87;0.00;0.000;0.00;0.00;0.00;0.00;0.000;0.00;0.00;0.00;0.00;0.000;0.00;0.00;0.00;0.00;0.000;0.00;0.00;0.00
34289;PORK STEWING;2;293253.03;4 695.103;82342.42;1.71;32.29;10621.76;189.796;5070.29;7.78;54.90;13335.52;224.934;6658.80;9.24;57.42;12574.86;203.944;6458.09;10.34;59.06;10654.46;193.883;5009.02;8.24;54.07;12277.08;223.408;5771.92;7.47;54.07;11656.52;212.048;5481.65;7.39;54.08;9081.48;165.241;4269.90;5.13;54.07;8601.18;156.607;4041.76;5.48;54.04;7256.95;122.675;3617.68;4.87;57.33;5972.75;78.210;1879.66;1.52;36.19;6164.36;77.060;1199.84;1.93;22.38;5347.69;66.898;1038.34;1.60;22.33;6858.77;86.357;1346.42;1.62;22.58;8365.10;119.602;2133.51;2.55;29.33;4060.27;58.009;1037.44;1.40;29.38;3524.53;48.406;984.32;1.27;32.12;5512.82;75.479;1549.67;1.77;32.33;5427.23;76.243;1289.40;1.58;27.32;4665.77;66.690;856.74;0.90;21.12;3910.34;55.888;718.23;0.82;21.12;5544.53;79.214;1019.85;1.12;21.15;5605.93;80.136;1029.00;0.79;21.11;5325.39;76.178;974.99;1.26;21.05;4604.17;65.781;846.80;1.07;21.15;5664.17;80.977;1039.28;1.00;21.10;7011.11;100.173;1289.32;1.50;21.15;6865.63;98.182;1258.36;1.26;21.08;6114.65;87.363;1124.54;1.17;21.15;5998.89;85.873;1095.38;1.19;21.00;6367.48;91.069;1166.54;1.09;21.07;7030.48;100.622;1284.61;1.26;21.01;7099.01;101.602;1297.17;1.30;21.01;7579.28;108.378;1389.62;1.14;21.08;5935.27;84.888;1087.33;0.68;21.07;6878.15;98.383;1259.60;1.27;21.06;10998.26;202.291;-144.24;-0.13;-1.51;9925.29;196.653;552.46;0.44;6.40;9007.36;150.368;2721.48;2.17;34.75;11195.01;239.657;1588.85;1.15;16.32;2633.53;65.937;48.83;0.04;2.13;0.00;0.000;0.00;0.00;0.00;0.00;0.000;0.00;0.00;0.00;0.00;0.000;0.00;0.00;0.00;0.00;0.000;0.00;0.00;0.00;0.00;0.000;0.00;0.00;0.00;0.00;0.000;0.00;0.00;0.00;0.00;0.000;0.00;0.00;0.00;0.00;0.000;0.00;0.00;0.00;0.00;0.000;0.00;0.00;0.00
34297;SAAGSELS;2;41683.94;4 273.206;19581.40;0.41;54.02;934.71;156.155;203.79;0.31;25.07;1297.06;159.697;505.06;0.70;44.78;967.95;97.017;463.33;0.74;55.05;1022.80;102.540;489.49;0.81;55.04;876.34;87.721;419.92;0.54;55.11;1185.52;118.717;567.89;0.77;55.09;1056.24;105.753;506.03;0.61;55.10;1098.55;109.994;526.28;0.71;55.09;824.15;82.497;394.91;0.53;55.11;1457.07;145.931;697.89;0.57;55.08;1228.53;123.058;588.36;0.95;55.08;969.24;97.195;463.76;0.71;55.02;1161.39;116.255;556.51;0.67;55.11;1212.41;121.362;580.96;0.70;55.11;994.28;100.047;474.41;0.64;54.87;724.22;72.495;347.03;0.45;55.10;956.58;95.754;458.37;0.52;55.10;935.05;93.613;448.00;0.55;55.10;667.35;66.845;319.61;0.34;55.08;697.89;69.891;334.29;0.38;55.08;759.56;76.033;363.96;0.40;55.10;929.06;92.998;445.19;0.34;55.11;583.65;58.871;277.92;0.36;54.76;717.27;71.893;343.33;0.43;55.05;1204.49;120.570;577.16;0.56;55.10;719.79;72.254;344.11;0.40;54.98;796.94;80.146;380.42;0.38;54.90;718.03;71.875;344.06;0.36;55.11;724.52;73.015;345.26;0.38;54.80;756.54;76.065;361.21;0.34;54.91;808.56;80.935;387.45;0.38;55.11;641.64;64.398;306.80;0.31;54.99;699.75;70.075;335.19;0.28;55.09;766.35;76.804;366.86;0.23;55.05;748.24;74.996;358.16;0.36;55.05;550.03;55.058;263.56;0.23;55.11;898.66;90.109;430.02;0.34;55.03;805.80;80.871;385.30;0.31;54.99;1063.75;106.805;508.46;0.37;54.97;613.61;62.119;291.31;0.23;54.60;749.56;75.975;355.49;0.27;54.54;885.53;88.741;423.94;0.30;55.05;682.25;68.395;326.52;0.30;55.04;655.77;65.638;314.25;0.26;55.11;618.04;62.115;295.18;0.26;54.92;835.94;84.667;396.70;0.25;54.57;512.92;51.738;244.24;0.24;54.76;480.59;48.107;230.29;0.25;55.11;489.77;49.403;233.22;0.23;54.76
34304;SPICED BONES;2;41103.32;2 057.459;11916.64;0.25;33.34;1642.77;82.182;476.83;0.73;33.38;1488.36;74.457;432.01;0.60;33.38;2324.71;116.365;673.98;1.08;33.34;999.00;49.999;289.71;0.48;33.35;1273.00;63.682;369.52;0.48;33.38;1566.80;78.470;453.75;0.61;33.30;1257.05;62.958;364.03;0.44;33.30;634.53;31.803;183.49;0.25;33.25;443.37;22.199;128.47;0.17;33.32;732.03;36.620;212.49;0.17;33.38;1618.09;80.947;469.67;0.76;33.38;632.90;31.690;183.38;0.28;33.32;860.55;43.049;249.80;0.30;33.38;463.30;23.178;134.47;0.16;33.38;531.74;26.601;154.34;0.21;33.38;485.85;24.305;141.03;0.18;33.38;559.24;27.976;162.33;0.19;33.38;1033.11;51.682;299.88;0.37;33.38;1445.26;72.299;419.53;0.44;33.38;1486.07;74.480;429.76;0.49;33.26;887.37;44.392;257.57;0.28;33.38;736.17;36.825;213.71;0.16;33.39;519.05;25.991;150.37;0.19;33.32;1648.15;82.590;476.78;0.60;33.27;1104.04;55.309;319.56;0.31;33.29;1179.36;58.999;342.32;0.40;33.38;771.80;38.611;224.02;0.22;33.38;506.53;25.340;147.02;0.15;33.38;1013.64;50.781;293.38;0.32;33.28;590.55;29.542;171.43;0.16;33.38;807.81;40.413;234.46;0.23;33.38;812.46;40.644;235.83;0.24;33.38;792.37;39.638;230.01;0.19;33.38;695.47;34.792;201.87;0.13;33.38;1131.20;56.877;325.02;0.33;33.04;335.33;16.776;97.33;0.09;33.38;466.22;23.323;135.33;0.11;33.38;438.12;21.917;127.18;0.10;33.38;639.15;31.974;185.52;0.13;33.38;425.24;21.273;123.43;0.10;33.38;142.71;7.140;41.41;0.03;33.37;101.02;5.054;29.32;0.02;33.38;454.30;22.726;131.88;0.12;33.38;389.68;19.492;113.13;0.09;33.39;408.62;20.511;117.80;0.10;33.15;473.05;23.724;136.62;0.08;33.21;526.32;26.329;152.78;0.15;33.38;549.08;27.469;159.37;0.17;33.38;1080.78;54.065;313.74;0.32;33.38
34383;BBQ 6 GUN GRILL;2;63914.98;2 277.000;17097.30;0.36;30.76;1198.27;48.000;321.88;0.49;30.89;1299.48;52.000;349.88;0.49;30.96;1899.24;76.000;511.36;0.82;30.96;3048.78;122.000;820.87;1.35;30.96;1799.28;72.000;484.45;0.63;30.96;1874.25;75.000;504.63;0.68;30.96;1928.31;69.000;501.31;0.60;29.90;2015.28;72.000;525.83;0.71;30.01;951.66;34.000;248.31;0.33;30.01;1399.50;50.000;365.16;0.30;30.01;1371.51;49.000;357.85;0.58;30.01;1707.39;61.000;445.49;0.69;30.01;867.69;31.000;226.40;0.27;30.01;1424.50;50.000;371.80;0.45;30.02;1246.57;43.000;325.45;0.44;30.02;927.68;32.000;242.20;0.31;30.02;1362.53;47.000;355.73;0.41;30.02;753.74;26.000;196.79;0.24;30.02;1304.55;45.000;340.59;0.36;30.02;1333.54;46.000;348.16;0.40;30.02;1420.51;49.000;370.87;0.41;30.02;2174.25;75.000;567.65;0.44;30.02;1333.54;46.000;348.16;0.45;30.02;782.73;27.000;204.35;0.26;30.02;1942.33;67.000;507.10;0.49;30.02;1478.49;51.000;386.00;0.45;30.02;1652.43;57.000;431.42;0.43;30.02;724.75;25.000;189.22;0.20;30.02;724.75;25.000;189.49;0.21;30.07;898.69;31.000;234.96;0.22;30.07;1362.53;47.000;359.80;0.35;30.37;1275.56;44.000;343.58;0.35;30.98;1130.61;39.000;295.60;0.24;30.07;1072.63;37.000;280.44;0.18;30.07;550.81;19.000;144.01;0.15;30.07;1188.59;41.000;335.08;0.30;32.42;985.66;34.000;277.87;0.22;32.42;1362.53;47.000;384.12;0.31;32.42;956.67;33.000;250.12;0.18;30.07;1246.57;43.000;325.92;0.26;30.07;753.74;26.000;192.25;0.15;29.33;1159.60;40.000;295.47;0.21;29.30;898.69;31.000;228.99;0.21;29.30;840.71;29.000;213.96;0.18;29.27;1101.62;38.000;278.26;0.24;29.05;985.66;34.000;248.97;0.15;29.05;1391.52;48.000;611.62;0.59;50.55;1485.50;50.000;397.44;0.43;30.77;1319.56;44.000;360.46;0.36;31.41
34385;SIX GUN SPICE SHAKER;2;7879.41;265.000;1974.52;0.04;28.82;149.94;6.000;48.05;0.07;36.85;149.94;6.000;48.05;0.07;36.85;174.93;7.000;56.06;0.09;36.85;53.98;2.000;15.69;0.03;33.42;86.97;3.000;23.04;0.03;30.47;86.97;3.000;23.04;0.03;30.47;115.96;4.000;30.72;0.04;30.47;124.96;4.000;32.89;0.04;30.27;255.92;8.000;67.23;0.09;30.21;31.99;1.000;8.40;0.01;30.21;0.00;0.000;0.00;0.00;0.00;31.99;1.000;8.40;0.01;30.21;95.97;3.000;25.21;0.03;30.21;95.97;3.000;25.21;0.03;30.21;232.96;7.000;69.18;0.09;34.15;134.99;4.000;43.06;0.06;36.68;149.95;5.000;37.49;0.04;28.75;329.89;11.000;82.47;0.10;28.75;179.94;6.000;44.98;0.05;28.75;329.89;11.000;71.41;0.08;24.89;329.89;11.000;70.31;0.08;24.51;509.83;17.000;108.66;0.08;24.51;299.90;10.000;63.92;0.08;24.51;419.86;14.000;89.48;0.11;24.51;299.90;10.000;63.92;0.06;24.51;299.90;10.000;63.92;0.07;24.51;269.91;9.000;57.52;0.06;24.51;209.93;7.000;44.74;0.05;24.51;89.97;3.000;19.17;0.02;24.51;479.84;16.000;125.98;0.12;30.19;269.91;9.000;93.09;0.09;39.66;119.96;4.000;41.37;0.04;39.66;179.94;6.000;62.06;0.05;39.66;329.90;10.000;90.17;0.06;31.43;296.91;9.000;81.15;0.08;31.43;164.95;5.000;45.08;0.04;31.43;0.00;0.000;0.00;0.00;0.00;0.00;0.000;0.00;0.00;0.00;0.00;0.000;0.00;0.00;0.00;0.00;0.000;0.00;0.00;0.00;0.00;0.000;0.00;0.00;0.00;0.00;0.000;0.00;0.00;0.00;0.00;0.000;0.00;0.00;0.00;0.00;0.000;0.00;0.00;0.00;0.00;0.000;0.00;0.00;0.00;0.00;0.000;0.00;0.00;0.00;101.94;6.000;29.54;0.03;33.33;183.93;7.000;32.34;0.03;20.22;209.93;7.000;31.49;0.03;17.25
34949;B/VALE SPAR BOEREWORS;2;289430.54;2 531.888;71487.02;1.49;28.40;6183.29;56.544;1635.81;2.51;30.42;5308.92;50.088;1335.69;1.85;28.93;4059.02;38.336;1018.57;1.63;28.86;5265.75;49.702;1323.43;2.18;28.90;5963.73;56.268;1500.30;1.94;28.93;5464.83;51.560;1374.85;1.85;28.93;4548.69;42.916;1144.38;1.37;28.93;6118.95;53.973;1356.99;1.84;25.50;7368.03;65.104;1562.40;2.10;24.39;13469.64;127.084;3055.77;2.47;26.09;7620.19;71.304;1798.42;2.90;27.14;4162.00;35.564;1073.95;1.65;29.67;5021.71;42.860;1286.51;1.55;29.46;5530.14;50.274;1429.90;1.71;29.74;4235.94;35.671;1285.98;1.73;34.91;5946.72;49.556;1840.40;2.38;35.59;7325.88;68.895;1739.90;1.98;27.31;5711.79;54.398;1310.68;1.61;26.39;6384.00;60.800;1464.94;1.54;26.39;8427.72;80.264;1933.91;2.21;26.39;7330.68;69.695;1957.20;2.16;30.70;9498.98;87.146;2591.05;1.99;31.37;4489.86;40.192;1281.28;1.65;32.82;5795.78;53.172;1264.60;1.60;25.09;7803.54;71.592;1702.65;1.64;25.09;5050.37;46.334;1101.91;1.28;25.09;7500.30;68.810;1636.49;1.63;25.09;6554.98;60.138;1430.18;1.49;25.09;6613.49;60.674;1443.01;1.57;25.09;5705.23;52.342;1244.79;1.17;25.09;5673.25;52.048;1306.89;1.28;26.49;4780.76;43.860;1174.70;1.18;28.26;1987.72;18.236;488.40;0.40;28.26;5810.20;50.092;1493.31;0.94;29.56;7280.92;62.772;1871.28;1.89;29.56;7902.17;68.128;2030.96;1.81;29.56;420.35;3.624;108.04;0.09;29.56;0.00;0.000;0.00;0.00;0.00;870.24;7.252;212.83;0.15;28.13;2288.95;18.272;586.27;0.47;29.45;4807.27;34.338;1684.25;1.29;40.29;8976.00;66.459;2773.65;1.99;35.54;3793.65;29.182;996.80;0.91;30.22;6775.03;52.117;1694.87;1.39;28.77;9195.78;69.151;2428.29;2.11;30.37;10732.39;75.349;2622.24;1.63;28.10;5931.97;41.383;1378.44;1.33;26.72;7272.78;53.977;1579.78;1.70;24.98;4470.96;34.392;930.08;0.93;23.92
35003;BRITOS BUDGET PATTIES;2;74365.19;1 511.000;22662.24;0.47;35.05;1187.67;33.000;254.96;0.39;24.69;611.83;17.000;131.34;0.18;24.69;0.00;0.000;0.00;0.00;0.00;0.00;0.000;0.00;0.00;0.00;1359.66;34.000;380.95;0.49;32.22;2679.33;67.000;706.67;0.95;30.33;3039.24;76.000;787.19;0.95;29.79;3407.16;84.000;881.52;1.20;29.75;3075.32;68.000;789.75;1.06;29.53;2049.59;41.000;507.66;0.41;28.48;1099.78;22.000;272.41;0.44;28.48;1299.74;26.000;321.93;0.50;28.48;2549.49;51.000;631.49;0.76;28.48;2084.69;31.000;849.06;1.02;46.84;1259.79;21.000;442.63;0.60;40.41;2039.66;34.000;716.64;0.93;40.41;2159.64;36.000;758.80;0.87;40.41;2057.64;36.000;722.29;0.89;40.37;861.14;16.000;300.53;0.32;40.13;1349.75;25.000;473.25;0.54;40.32;1133.79;21.000;397.53;0.44;40.32;539.90;10.000;189.30;0.15;40.32;809.85;15.000;283.95;0.37;40.32;647.88;12.000;227.16;0.29;40.32;539.90;10.000;189.30;0.18;40.32;917.83;17.000;321.81;0.37;40.32;0.00;0.000;0.00;0.00;0.00;0.00;0.000;0.00;0.00;0.00;107.98;2.000;37.86;0.04;40.32;1241.77;23.000;435.39;0.41;40.32;971.82;18.000;340.74;0.33;40.32;539.90;10.000;189.30;0.19;40.32;1099.78;22.000;339.94;0.28;35.55;349.93;7.000;108.16;0.07;35.55;1149.77;23.000;355.39;0.36;35.55;1699.66;34.000;525.36;0.47;35.55;2699.46;54.000;834.39;0.66;35.55;1899.62;38.000;587.16;0.47;35.55;2049.59;41.000;633.52;0.46;35.55;1699.66;34.000;525.36;0.42;35.55;1699.66;34.000;525.36;0.40;35.55;1849.63;37.000;571.71;0.41;35.55;2699.46;54.000;834.39;0.76;35.55;2399.52;48.000;741.68;0.61;35.55;2099.58;42.000;648.97;0.56;35.55;1699.66;34.000;525.36;0.33;35.55;2299.54;46.000;710.78;0.69;35.55;3099.38;62.000;958.00;1.03;35.55;2249.55;45.000;695.32;0.70;35.55
35005;BRITOS BUDGET PATTIES;2;48837.03;497.000;12985.80;0.27;30.58;639.92;8.000;143.02;0.22;25.70;79.99;1.000;17.88;0.02;25.70;0.00;0.000;0.00;0.00;0.00;0.00;0.000;0.00;0.00;0.00;0.00;0.000;0.00;0.00;0.00;0.00;0.000;0.00;0.00;0.00;179.98;2.000;53.15;0.06;33.96;1279.86;14.000;359.16;0.49;32.27;1413.86;14.000;395.88;0.53;32.20;2675.72;28.000;592.00;0.48;25.44;179.98;2.000;32.60;0.05;20.83;0.00;0.000;0.00;0.00;0.00;899.90;10.000;162.98;0.20;20.83;1115.90;10.000;350.81;0.42;36.15;1325.87;13.000;347.53;0.47;30.14;999.90;10.000;249.94;0.32;28.75;899.91;9.000;224.94;0.26;28.75;1299.87;13.000;347.55;0.43;30.75;699.93;7.000;194.76;0.20;32.00;1099.89;11.000;306.05;0.35;32.00;0.00;0.000;0.00;0.00;0.00;0.00;0.000;0.00;0.00;0.00;0.00;0.000;0.00;0.00;0.00;899.91;9.000;250.41;0.32;32.00;2199.78;22.000;612.10;0.59;32.00;1599.84;16.000;445.17;0.52;32.00;1499.85;15.000;417.34;0.42;32.00;1299.87;13.000;361.70;0.38;32.00;999.90;10.000;278.23;0.30;32.00;1299.87;13.000;361.70;0.34;32.00;2399.76;24.000;667.75;0.66;32.00;2599.74;26.000;723.39;0.73;32.00;1699.83;17.000;472.99;0.39;32.00;1399.86;14.000;389.52;0.24;32.00;2399.76;24.000;667.75;0.67;32.00;1299.87;13.000;361.70;0.32;32.00;3499.65;35.000;973.80;0.78;32.00;1899.81;19.000;528.63;0.42;32.00;1699.83;17.000;472.99;0.34;32.00;1199.88;12.000;333.87;0.26;32.00;909.90;10.000;199.97;0.15;25.27;179.98;2.000;38.25;0.03;24.44;0.00;0.000;0.00;0.00;0.00;989.89;11.000;210.40;0.17;24.44;89.99;1.000;19.13;0.02;24.44;0.00;0.000;0.00;0.00;0.00;0.00;0.000;0.00;0.00;0.00;539.94;6.000;114.76;0.12;24.44;1439.84;16.000;306.03;0.31;24.44
38927;T&T BACON DICED;2;24250.31;289.000;5011.63;0.10;23.77;0.00;0.000;0.00;0.00;0.00;0.00;0.000;0.00;0.00;0.00;0.00;0.000;0.00;0.00;0.00;0.00;0.000;0.00;0.00;0.00;0.00;0.000;0.00;0.00;0.00;0.00;0.000;0.00;0.00;0.00;0.00;0.000;0.00;0.00;0.00;0.00;0.000;0.00;0.00;0.00;0.00;0.000;0.00;0.00;0.00;0.00;0.000;0.00;0.00;0.00;0.00;0.000;0.00;0.00;0.00;0.00;0.000;0.00;0.00;0.00;0.00;0.000;0.00;0.00;0.00;0.00;0.000;0.00;0.00;0.00;0.00;0.000;0.00;0.00;0.00;0.00;0.000;0.00;0.00;0.00;0.00;0.000;0.00;0.00;0.00;0.00;0.000;0.00;0.00;0.00;0.00;0.000;0.00;0.00;0.00;0.00;0.000;0.00;0.00;0.00;0.00;0.000;0.00;0.00;0.00;0.00;0.000;0.00;0.00;0.00;0.00;0.000;0.00;0.00;0.00;0.00;0.000;0.00;0.00;0.00;0.00;0.000;0.00;0.00;0.00;0.00;0.000;0.00;0.00;0.00;343.61;4.000;74.68;0.07;24.99;1126.52;13.000;251.22;0.26;25.65;1470.13;17.000;325.90;0.36;25.49;3096.24;41.000;516.42;0.48;19.18;2309.21;29.000;446.13;0.44;22.22;1165.37;13.000;285.09;0.29;28.13;1684.31;19.000;400.16;0.33;27.32;1465.78;17.000;322.12;0.20;25.27;1039.53;12.000;231.61;0.23;25.62;1304.85;15.000;294.24;0.26;25.93;1387.49;16.000;310.07;0.25;25.70;943.84;11.000;204.42;0.16;24.91;521.94;6.000;117.69;0.09;25.93;260.97;3.000;58.85;0.05;25.93;782.91;9.000;176.54;0.13;25.93;405.94;6.000;27.79;0.02;7.87;470.94;6.000;78.83;0.07;19.25;715.42;8.000;160.92;0.13;25.87;359.96;4.000;82.42;0.07;26.33;2549.70;30.000;487.68;0.30;22.00;760.66;9.000;142.61;0.14;21.56;84.99;1.000;16.26;0.02;22.00;0.00;0.000;0.00;0.00;0.00
38928;T&T PORK BELLY ROAST;2;15517.85;104.436;3416.29;0.07;25.32;0.00;0.000;0.00;0.00;0.00;1203.71;13.376;-42.46;-0.06;-4.06;0.00;0.000;0.00;0.00;0.00;0.00;0.000;0.00;0.00;0.00;0.00;0.000;0.00;0.00;0.00;0.00;0.000;0.00;0.00;0.00;0.00;0.000;0.00;0.00;0.00;0.00;0.000;0.00;0.00;0.00;0.00;0.000;0.00;0.00;0.00;0.00;0.000;0.00;0.00;0.00;0.00;0.000;0.00;0.00;0.00;0.00;0.000;0.00;0.00;0.00;0.00;0.000;0.00;0.00;0.00;0.00;0.000;0.00;0.00;0.00;0.00;0.000;0.00;0.00;0.00;0.00;0.000;0.00;0.00;0.00;0.00;0.000;0.00;0.00;0.00;0.00;0.000;0.00;0.00;0.00;0.00;0.000;0.00;0.00;0.00;799.64;4.998;331.98;0.38;47.74;1355.77;8.474;562.87;0.62;47.74;1580.08;9.876;656.00;0.50;47.74;179.96;1.184;70.41;0.09;44.99;590.69;3.692;245.24;0.31;47.74;0.00;0.000;0.00;0.00;0.00;1533.13;8.728;285.91;0.33;21.45;1070.27;6.296;175.23;0.17;18.83;0.00;0.000;0.00;0.00;0.00;0.00;0.000;0.00;0.00;0.00;0.00;0.000;0.00;0.00;0.00;0.00;0.000;0.00;0.00;0.00;0.00;0.000;0.00;0.00;0.00;0.00;0.000;0.00;0.00;0.00;3495.25;26.984;424.30;0.27;13.96;0.00;0.000;0.00;0.00;0.00;0.00;0.000;0.00;0.00;0.00;1121.15;6.028;254.74;0.20;26.13;0.00;0.000;0.00;0.00;0.00;0.00;0.000;0.00;0.00;0.00;0.00;0.000;0.00;0.00;0.00;0.00;0.000;0.00;0.00;0.00;0.00;0.000;0.00;0.00;0.00;0.00;0.000;0.00;0.00;0.00;465.10;2.448;111.97;0.09;27.69;698.41;3.676;168.14;0.15;27.69;1424.69;8.676;171.96;0.11;13.88;0.00;0.000;0.00;0.00;0.00;0.00;0.000;0.00;0.00;0.00;0.00;0.000;0.00;0.00;0.00
39216;CHARGRILL BURGER;2;78025.41;782.049;10394.52;0.22;15.32;0.00;0.000;0.00;0.00;0.00;1237.20;12.372;177.11;0.25;16.46;1100.47;11.032;155.55;0.25;16.26;1799.60;17.996;257.61;0.42;16.46;0.00;0.000;0.00;0.00;0.00;0.00;0.000;0.00;0.00;0.00;0.00;0.000;0.00;0.00;0.00;0.00;0.000;0.00;0.00;0.00;0.00;0.000;0.00;0.00;0.00;0.00;0.000;0.00;0.00;0.00;0.00;0.000;0.00;0.00;0.00;0.00;0.000;0.00;0.00;0.00;0.00;0.000;0.00;0.00;0.00;1059.95;11.778;66.13;0.08;7.17;2373.43;26.376;147.86;0.20;7.16;3156.25;36.346;104.34;0.13;3.80;1956.26;21.811;116.71;0.13;6.86;2515.54;28.029;151.36;0.19;6.92;905.05;10.058;56.37;0.06;7.16;4728.36;52.651;286.98;0.33;6.98;1662.47;17.870;147.52;0.16;10.20;2292.90;22.932;328.01;0.25;16.45;3031.15;30.313;433.80;0.56;16.46;2003.20;20.033;286.69;0.36;16.46;2370.43;23.708;339.06;0.33;16.45;950.76;10.564;59.36;0.07;7.18;2437.10;24.373;348.73;0.35;16.46;1451.10;14.512;207.65;0.22;16.46;0.00;0.000;0.00;0.00;0.00;0.00;0.000;0.00;0.00;0.00;1989.60;19.896;284.81;0.28;16.46;432.35;4.324;61.86;0.06;16.45;0.00;0.000;0.00;0.00;0.00;485.78;4.858;69.53;0.04;16.46;0.00;0.000;0.00;0.00;0.00;4571.85;45.722;654.21;0.58;16.46;1550.26;15.504;221.82;0.18;16.45;4993.11;49.936;1013.41;0.81;23.34;1762.16;16.223;468.96;0.34;30.60;0.00;0.000;0.00;0.00;0.00;0.00;0.000;0.00;0.00;0.00;0.00;0.000;0.00;0.00;0.00;2266.15;18.886;555.95;0.51;28.21;352.99;2.942;86.58;0.07;28.21;5162.42;43.024;1266.45;1.10;28.21;2102.43;21.028;233.48;0.14;12.77;3569.30;35.698;305.37;0.30;9.84;6031.90;56.218;838.20;0.90;15.98;5723.89;55.036;663.02;0.67;13.32
39397;T&T GAMMON B/LESS MINI;2;88863.07;1 031.652;12172.20;0.25;15.75;0.00;0.000;0.00;0.00;0.00;0.00;0.000;0.00;0.00;0.00;0.00;0.000;0.00;0.00;0.00;0.00;0.000;0.00;0.00;0.00;0.00;0.000;0.00;0.00;0.00;0.00;0.000;0.00;0.00;0.00;0.00;0.000;0.00;0.00;0.00;0.00;0.000;0.00;0.00;0.00;3186.38;45.526;207.65;0.28;7.49;17253.37;241.880;1848.23;1.50;12.32;475.24;6.790;51.35;0.08;12.42;0.00;0.000;0.00;0.00;0.00;0.00;0.000;0.00;0.00;0.00;0.00;0.000;0.00;0.00;0.00;0.00;0.000;0.00;0.00;0.00;0.00;0.000;0.00;0.00;0.00;0.00;0.000;0.00;0.00;0.00;0.00;0.000;0.00;0.00;0.00;0.00;0.000;0.00;0.00;0.00;974.90;9.750;328.06;0.37;38.70;4197.02;42.044;1408.64;1.55;38.60;15984.77;176.508;4491.92;3.44;32.32;0.00;0.000;0.00;0.00;0.00;1262.73;14.032;350.12;0.44;31.89;1044.62;8.773;321.04;0.31;35.34;0.00;0.000;0.00;0.00;0.00;0.00;0.000;0.00;0.00;0.00;0.00;0.000;0.00;0.00;0.00;0.00;0.000;0.00;0.00;0.00;2008.57;25.110;208.53;0.20;11.94;900.22;7.503;292.58;0.29;37.38;992.91;9.930;108.52;0.11;12.57;3163.62;34.310;142.71;0.12;5.19;11637.36;129.686;839.77;0.53;8.30;603.12;5.025;137.61;0.14;26.24;0.00;0.000;0.00;0.00;0.00;42.66;0.474;3.98;0.00;10.73;0.00;0.000;0.00;0.00;0.00;392.60;3.569;92.05;0.07;26.96;0.00;0.000;0.00;0.00;0.00;521.58;5.899;40.69;0.03;8.97;210.48;2.462;11.06;0.01;6.04;203.74;1.698;46.45;0.04;26.22;0.00;0.000;0.00;0.00;0.00;1187.69;11.878;110.96;0.10;10.74;21545.56;237.918;1007.63;0.63;5.38;448.13;4.535;51.77;0.05;13.29;0.00;0.000;0.00;0.00;0.00;625.80;6.352;70.88;0.07;13.03
39771;PET'S DROEWORS;2;71263.83;793.152;46113.44;0.96;74.41;2991.02;33.312;1934.98;2.97;74.40;2396.44;26.656;1551.01;2.15;74.43;677.70;7.530;438.78;0.70;74.46;1517.34;16.906;981.48;1.61;74.39;1661.82;18.492;1075.41;1.39;74.42;1567.93;17.440;1014.79;1.37;74.43;2419.39;26.930;1565.49;1.88;74.41;1811.29;20.154;1172.16;1.59;74.42;1744.97;19.406;1129.44;1.52;74.43;2179.56;24.236;1410.79;1.14;74.44;1531.08;17.012;991.30;1.60;74.46;1715.90;19.102;1110.24;1.71;74.41;1192.51;13.272;771.66;0.93;74.42;993.68;11.072;642.74;0.77;74.39;2024.14;22.546;1309.43;1.77;74.39;1988.64;22.166;1286.15;1.66;74.38;1766.83;19.650;1143.57;1.30;74.43;472.53;5.264;305.67;0.37;74.39;440.78;4.922;284.90;0.30;74.33;2362.27;26.256;1529.29;1.75;74.45;1904.24;21.186;1232.35;1.36;74.42;1712.34;19.060;1107.98;0.85;74.41;1657.28;18.452;1072.26;1.38;74.40;1586.55;17.692;1025.95;1.30;74.36;2351.77;26.166;1521.96;1.47;74.42;1266.41;14.082;819.73;0.95;74.44;116.09;1.290;75.16;0.08;74.46;10.62;0.118;6.88;0.01;74.46;1751.47;19.516;1132.89;1.23;74.38;611.89;6.818;395.79;0.37;74.39;467.93;5.232;302.31;0.30;74.30;656.26;7.336;424.01;0.43;74.30;1465.82;16.318;948.43;0.78;74.41;1787.68;19.878;1157.14;0.73;74.44;1420.92;15.788;919.98;0.93;74.46;713.34;7.946;461.46;0.41;74.39;685.43;7.638;443.34;0.35;74.38;1657.88;18.464;1072.54;0.85;74.40;1356.55;15.082;878.12;0.64;74.44;1474.13;16.422;953.58;0.76;74.39;2162.54;24.084;1399.03;1.07;74.40;1944.53;21.680;1257.51;0.90;74.37;1467.33;16.324;949.62;0.87;74.43;1614.89;17.966;1045.11;0.86;74.42;1052.95;11.700;681.73;0.59;74.46;0.00;0.000;0.00;0.00;0.00;1301.07;14.458;842.35;0.81;74.45;1969.41;21.900;1274.75;1.37;74.44;1640.69;18.232;1062.23;1.07;74.45
39811;LAMB LEG CHOPS;2;174033.86;913.681;55037.30;1.14;36.37;0.00;0.000;0.00;0.00;0.00;0.00;0.000;0.00;0.00;0.00;0.00;0.000;0.00;0.00;0.00;0.00;0.000;0.00;0.00;0.00;488.38;2.442;142.38;0.18;33.53;0.00;0.000;0.00;0.00;0.00;0.00;0.000;0.00;0.00;0.00;0.00;0.000;0.00;0.00;0.00;487.33;2.915;86.79;0.12;20.48;2134.74;12.558;404.59;0.33;21.80;0.00;0.000;0.00;0.00;0.00;1093.39;6.432;207.23;0.32;21.80;3377.61;20.449;1227.30;1.47;41.79;560.93;3.506;179.41;0.21;36.78;561.57;3.510;184.71;0.25;37.82;1431.51;8.421;516.37;0.67;41.48;802.41;4.442;313.51;0.36;44.93;0.00;0.000;0.00;0.00;0.00;191.83;1.090;72.52;0.08;43.48;0.00;0.000;0.00;0.00;0.00;481.51;2.736;183.55;0.20;43.84;4118.72;27.460;1114.94;0.85;31.13;1137.82;7.586;312.46;0.40;31.58;2356.03;15.708;798.48;1.01;38.97;2947.27;19.692;830.93;0.80;32.42;1383.81;9.226;391.89;0.46;32.57;4712.46;31.492;1328.07;1.33;32.41;3786.09;24.900;1076.84;1.12;32.71;1312.85;8.206;386.66;0.42;33.87;2930.91;16.284;1001.80;0.94;39.31;8269.43;46.006;2820.70;2.77;39.23;4384.12;24.358;1570.15;1.58;41.19;10840.95;60.232;4006.64;3.30;42.50;6196.88;33.044;2414.96;1.52;44.82;4946.07;24.792;2010.16;2.03;46.74;8249.40;42.346;2642.79;2.35;36.84;8914.43;49.646;2440.05;1.94;31.48;7209.14;39.738;2017.25;1.61;32.18;6300.13;30.562;2208.55;1.60;40.31;6409.52;30.284;2333.41;1.85;41.87;6156.98;28.506;2740.31;2.09;51.18;9853.05;45.618;5045.75;3.62;58.89;6788.64;31.468;2513.04;2.30;42.57;8277.61;38.350;1862.67;1.53;25.88;6783.40;31.406;1529.41;1.33;25.93;6310.08;28.912;1391.57;0.86;25.36;8422.00;38.284;1825.90;1.76;24.93;6771.68;30.782;1468.12;1.58;24.93;6653.18;30.292;1435.44;1.44;24.81
39912;WHOLE MUTTON;2;16200.18;152.396;1845.56;0.04;13.10;1514.35;15.145;121.13;0.19;9.20;4203.47;42.039;336.21;0.47;9.20;1695.19;14.615;305.02;0.49;20.69;3438.17;31.259;410.85;0.68;13.74;2057.80;19.415;187.65;0.24;10.49;0.00;0.000;0.00;0.00;0.00;0.00;0.000;0.00;0.00;0.00;0.00;0.000;0.00;0.00;0.00;0.00;0.000;0.00;0.00;0.00;0.00;0.000;0.00;0.00;0.00;0.00;0.000;0.00;0.00;0.00;0.00;0.000;0.00;0.00;0.00;0.00;0.000;0.00;0.00;0.00;0.00;0.000;0.00;0.00;0.00;0.00;0.000;0.00;0.00;0.00;0.00;0.000;0.00;0.00;0.00;0.00;0.000;0.00;0.00;0.00;0.00;0.000;0.00;0.00;0.00;0.00;0.000;0.00;0.00;0.00;0.00;0.000;0.00;0.00;0.00;0.00;0.000;0.00;0.00;0.00;2292.49;20.843;369.80;0.28;18.55;0.00;0.000;0.00;0.00;0.00;0.00;0.000;0.00;0.00;0.00;0.00;0.000;0.00;0.00;0.00;0.00;0.000;0.00;0.00;0.00;0.00;0.000;0.00;0.00;0.00;0.00;0.000;0.00;0.00;0.00;0.00;0.000;0.00;0.00;0.00;0.00;0.000;0.00;0.00;0.00;0.00;0.000;0.00;0.00;0.00;0.00;0.000;0.00;0.00;0.00;0.00;0.000;0.00;0.00;0.00;0.00;0.000;0.00;0.00;0.00;0.00;0.000;0.00;0.00;0.00;0.00;0.000;0.00;0.00;0.00;0.00;0.000;0.00;0.00;0.00;0.00;0.000;0.00;0.00;0.00;998.71;9.080;114.89;0.08;13.23;0.00;0.000;0.00;0.00;0.00;0.00;0.000;0.00;0.00;0.00;0.00;0.000;0.00;0.00;0.00;0.00;0.000;0.00;0.00;0.00;0.00;0.000;0.00;0.00;0.00;0.00;0.000;0.00;0.00;0.00;0.00;0.000;0.00;0.00;0.00;0.00;0.000;0.00;0.00;0.00;0.00;0.000;0.00;0.00;0.00;0.00;0.000;0.00;0.00;0.00
40510;1/2 MUTTON;2;15517.21;159.402;2790.98;0.06;20.68;3689.83;36.902;295.13;0.45;9.20;0.00;0.000;0.00;0.00;0.00;0.00;0.000;0.00;0.00;0.00;0.00;0.000;0.00;0.00;0.00;0.00;0.000;0.00;0.00;0.00;0.00;0.000;0.00;0.00;0.00;0.00;0.000;0.00;0.00;0.00;0.00;0.000;0.00;0.00;0.00;0.00;0.000;0.00;0.00;0.00;305.25;2.880;49.43;0.04;18.62;0.00;0.000;0.00;0.00;0.00;0.00;0.000;0.00;0.00;0.00;934.91;9.350;280.48;0.34;34.50;2128.88;21.291;638.68;0.76;34.50;3399.41;42.498;535.75;0.72;18.12;758.10;7.980;100.62;0.13;15.26;0.00;0.000;0.00;0.00;0.00;0.00;0.000;0.00;0.00;0.00;0.00;0.000;0.00;0.00;0.00;0.00;0.000;0.00;0.00;0.00;173.29;1.494;34.17;0.04;22.68;1417.57;11.814;382.65;0.29;31.04;0.00;0.000;0.00;0.00;0.00;0.00;0.000;0.00;0.00;0.00;0.00;0.000;0.00;0.00;0.00;0.00;0.000;0.00;0.00;0.00;1283.73;12.226;309.98;0.31;27.77;0.00;0.000;0.00;0.00;0.00;0.00;0.000;0.00;0.00;0.00;0.00;0.000;0.00;0.00;0.00;0.00;0.000;0.00;0.00;0.00;0.00;0.000;0.00;0.00;0.00;0.00;0.000;0.00;0.00;0.00;0.00;0.000;0.00;0.00;0.00;0.00;0.000;0.00;0.00;0.00;0.00;0.000;0.00;0.00;0.00;0.00;0.000;0.00;0.00;0.00;1426.24;12.967;164.08;0.13;13.23;0.00;0.000;0.00;0.00;0.00;0.00;0.000;0.00;0.00;0.00;0.00;0.000;0.00;0.00;0.00;0.00;0.000;0.00;0.00;0.00;0.00;0.000;0.00;0.00;0.00;0.00;0.000;0.00;0.00;0.00;0.00;0.000;0.00;0.00;0.00;0.00;0.000;0.00;0.00;0.00;0.00;0.000;0.00;0.00;0.00;0.00;0.000;0.00;0.00;0.00;0.00;0.000;0.00;0.00;0.00
41008;SKAAPSTERTJIES;2;8508.14;77.979;1845.65;0.04;24.95;1027.32;11.462;308.87;0.47;34.58;359.09;3.990;108.80;0.15;34.84;309.78;3.442;93.87;0.15;34.85;45.35;0.504;13.74;0.02;34.83;163.79;1.820;49.62;0.06;34.84;201.00;2.620;41.19;0.06;23.57;1814.03;12.511;301.30;0.36;19.10;223.10;1.566;34.27;0.05;17.66;289.71;1.998;48.13;0.06;19.10;1175.08;8.104;195.20;0.16;19.10;589.57;4.066;97.94;0.16;19.10;0.00;0.000;0.00;0.00;0.00;353.83;2.466;56.15;0.07;18.25;288.55;1.990;47.93;0.06;19.10;146.45;1.010;24.33;0.03;19.10;0.00;0.000;0.00;0.00;0.00;0.00;0.000;0.00;0.00;0.00;0.00;0.000;0.00;0.00;0.00;0.00;0.000;0.00;0.00;0.00;0.00;0.000;0.00;0.00;0.00;0.00;0.000;0.00;0.00;0.00;0.00;0.000;0.00;0.00;0.00;0.00;0.000;0.00;0.00;0.00;0.00;0.000;0.00;0.00;0.00;0.00;0.000;0.00;0.00;0.00;0.00;0.000;0.00;0.00;0.00;720.75;10.399;169.29;0.17;27.01;704.11;8.802;225.07;0.23;36.76;96.63;1.229;29.96;0.03;35.66;0.00;0.000;0.00;0.00;0.00;0.00;0.000;0.00;0.00;0.00;0.00;0.000;0.00;0.00;0.00;0.00;0.000;0.00;0.00;0.00;0.00;0.000;0.00;0.00;0.00;0.00;0.000;0.00;0.00;0.00;0.00;0.000;0.00;0.00;0.00;0.00;0.000;0.00;0.00;0.00;0.00;0.000;0.00;0.00;0.00;0.00;0.000;0.00;0.00;0.00;0.00;0.000;0.00;0.00;0.00;0.00;0.000;0.00;0.00;0.00;0.00;0.000;0.00;0.00;0.00;0.00;0.000;0.00;0.00;0.00;0.00;0.000;0.00;0.00;0.00;0.00;0.000;0.00;0.00;0.00;0.00;0.000;0.00;0.00;0.00;0.00;0.000;0.00;0.00;0.00;0.00;0.000;0.00;0.00;0.00;0.00;0.000;0.00;0.00;0.00
41260;BULK PORK BRAAI CHOPS;2;159860.70;2 223.420;36085.59;0.75;25.96;0.00;0.000;0.00;0.00;0.00;0.00;0.000;0.00;0.00;0.00;0.00;0.000;0.00;0.00;0.00;0.00;0.000;0.00;0.00;0.00;0.00;0.000;0.00;0.00;0.00;0.00;0.000;0.00;0.00;0.00;0.00;0.000;0.00;0.00;0.00;0.00;0.000;0.00;0.00;0.00;0.00;0.000;0.00;0.00;0.00;0.00;0.000;0.00;0.00;0.00;0.00;0.000;0.00;0.00;0.00;0.00;0.000;0.00;0.00;0.00;0.00;0.000;0.00;0.00;0.00;0.00;0.000;0.00;0.00;0.00;0.00;0.000;0.00;0.00;0.00;0.00;0.000;0.00;0.00;0.00;0.00;0.000;0.00;0.00;0.00;0.00;0.000;0.00;0.00;0.00;0.00;0.000;0.00;0.00;0.00;0.00;0.000;0.00;0.00;0.00;0.00;0.000;0.00;0.00;0.00;0.00;0.000;0.00;0.00;0.00;0.00;0.000;0.00;0.00;0.00;0.00;0.000;0.00;0.00;0.00;0.00;0.000;0.00;0.00;0.00;0.00;0.000;0.00;0.00;0.00;0.00;0.000;0.00;0.00;0.00;0.00;0.000;0.00;0.00;0.00;11963.30;170.928;3055.72;3.33;29.37;19147.11;272.733;4926.53;4.62;29.59;29506.50;451.578;5550.91;5.45;21.63;40439.83;572.911;8308.75;8.35;23.63;38593.45;502.215;9206.14;7.58;27.43;20210.51;253.055;5037.55;3.16;28.66;0.00;0.000;0.00;0.00;0.00;0.00;0.000;0.00;0.00;0.00;0.00;0.000;0.00;0.00;0.00;0.00;0.000;0.00;0.00;0.00;0.00;0.000;0.00;0.00;0.00;0.00;0.000;0.00;0.00;0.00;0.00;0.000;0.00;0.00;0.00;0.00;0.000;0.00;0.00;0.00;0.00;0.000;0.00;0.00;0.00;0.00;0.000;0.00;0.00;0.00;0.00;0.000;0.00;0.00;0.00;0.00;0.000;0.00;0.00;0.00;0.00;0.000;0.00;0.00;0.00;0.00;0.000;0.00;0.00;0.00;0.00;0.000;0.00;0.00;0.00
42417;SPRINKLE WORCESTER SAUCE;2;9022.28;347.000;2486.13;0.05;31.69;0.00;0.000;0.00;0.00;0.00;0.00;0.000;0.00;0.00;0.00;99.96;4.000;25.24;0.04;29.04;224.91;9.000;56.79;0.09;29.04;298.63;12.000;74.64;0.10;28.74;24.99;1.000;6.31;0.01;29.04;349.86;14.000;88.35;0.11;29.04;499.80;20.000;126.21;0.17;29.04;624.75;25.000;236.96;0.32;43.62;949.62;38.000;427.90;0.35;51.82;874.65;35.000;220.87;0.36;29.04;783.70;30.000;200.86;0.31;29.47;620.77;23.000;160.76;0.19;29.78;647.76;24.000;167.75;0.20;29.78;134.95;5.000;34.95;0.05;29.78;269.90;10.000;69.90;0.09;29.78;107.96;4.000;27.96;0.03;29.78;377.86;14.000;97.85;0.12;29.78;431.84;16.000;111.83;0.12;29.78;188.93;7.000;39.00;0.04;23.74;566.79;21.000;117.00;0.13;23.74;404.85;15.000;83.57;0.06;23.74;107.96;4.000;22.29;0.03;23.74;0.00;0.000;0.00;0.00;0.00;0.00;0.000;0.00;0.00;0.00;296.89;11.000;61.29;0.07;23.74;134.95;5.000;27.86;0.03;23.74;0.00;0.000;0.00;0.00;0.00;0.00;0.000;0.00;0.00;0.00;0.00;0.000;0.00;0.00;0.00;0.00;0.000;0.00;0.00;0.00;0.00;0.000;0.00;0.00;0.00;0.00;0.000;0.00;0.00;0.00;0.00;0.000;0.00;0.00;0.00;0.00;0.000;0.00;0.00;0.00;0.00;0.000;0.00;0.00;0.00;0.00;0.000;0.00;0.00;0.00;0.00;0.000;0.00;0.00;0.00;0.00;0.000;0.00;0.00;0.00;0.00;0.000;0.00;0.00;0.00;0.00;0.000;0.00;0.00;0.00;0.00;0.000;0.00;0.00;0.00;0.00;0.000;0.00;0.00;0.00;0.00;0.000;0.00;0.00;0.00;0.00;0.000;0.00;0.00;0.00;0.00;0.000;0.00;0.00;0.00;0.00;0.000;0.00;0.00;0.00;0.00;0.000;0.00;0.00;0.00;0.00;0.000;0.00;0.00;0.00
43008;DELGADO OFF CUTS SNOEK 400G;2;18486.87;578.000;5067.67;0.11;31.52;215.92;8.000;48.64;0.07;25.90;215.92;8.000;48.64;0.07;25.90;269.90;10.000;60.80;0.10;25.90;106.61;4.000;23.14;0.04;24.97;179.94;6.000;52.13;0.07;33.32;419.86;14.000;121.64;0.16;33.32;479.84;16.000;139.01;0.17;33.32;449.85;15.000;130.32;0.18;33.32;539.82;18.000;156.39;0.21;33.32;749.75;25.000;217.21;0.18;33.32;689.77;23.000;199.83;0.32;33.32;929.69;31.000;269.34;0.41;33.32;1139.62;38.000;330.15;0.40;33.32;1199.60;40.000;347.53;0.42;33.32;1829.39;61.000;529.98;0.71;33.32;1919.36;64.000;556.05;0.72;33.32;1589.47;53.000;460.48;0.53;33.32;2219.26;74.000;642.93;0.79;33.32;1499.64;36.000;312.80;0.33;23.99;765.85;15.000;144.26;0.16;21.66;439.92;8.000;104.30;0.12;27.26;405.93;7.000;109.52;0.08;31.03;231.96;4.000;62.58;0.08;31.03;0.00;0.000;0.00;0.00;0.00;0.00;0.000;0.00;0.00;0.00;0.00;0.000;0.00;0.00;0.00;0.00;0.000;0.00;0.00;0.00;0.00;0.000;0.00;0.00;0.00;0.00;0.000;0.00;0.00;0.00;0.00;0.000;0.00;0.00;0.00;0.00;0.000;0.00;0.00;0.00;0.00;0.000;0.00;0.00;0.00;0.00;0.000;0.00;0.00;0.00;0.00;0.000;0.00;0.00;0.00;0.00;0.000;0.00;0.00;0.00;0.00;0.000;0.00;0.00;0.00;0.00;0.000;0.00;0.00;0.00;0.00;0.000;0.00;0.00;0.00;0.00;0.000;0.00;0.00;0.00;0.00;0.000;0.00;0.00;0.00;0.00;0.000;0.00;0.00;0.00;0.00;0.000;0.00;0.00;0.00;0.00;0.000;0.00;0.00;0.00;0.00;0.000;0.00;0.00;0.00;0.00;0.000;0.00;0.00;0.00;0.00;0.000;0.00;0.00;0.00;0.00;0.000;0.00;0.00;0.00;0.00;0.000;0.00;0.00;0.00;0.00;0.000;0.00;0.00;0.00
43941;GEVLEKTE  SNOEK;2;116536.22;1 232.189;29797.91;0.62;29.41;1055.10;12.100;229.34;0.35;25.00;11003.50;115.838;2718.76;3.77;28.41;1697.37;17.918;416.48;0.67;28.22;1303.27;13.720;322.01;0.53;28.41;2065.82;20.660;484.87;0.63;26.99;2654.55;26.548;605.46;0.82;26.23;2127.80;21.280;444.93;0.53;24.05;1310.26;13.104;273.97;0.37;24.05;1264.47;12.646;284.00;0.38;25.83;2457.76;24.580;785.28;0.64;36.74;1515.84;17.628;348.58;0.56;26.45;3110.99;34.029;532.57;0.82;19.69;3375.19;33.757;720.08;0.87;24.53;5553.27;55.538;1303.38;1.56;26.99;1531.25;15.314;359.39;0.48;26.99;2070.74;23.372;316.99;0.41;17.60;2795.54;32.510;367.17;0.42;15.10;2250.83;25.426;336.03;0.41;17.17;1954.37;17.930;515.35;0.54;30.32;2517.67;23.098;663.89;0.76;30.32;2798.38;31.137;768.13;0.85;31.57;1701.19;21.268;479.91;0.37;32.44;1582.18;19.780;446.35;0.58;32.44;1236.94;15.464;348.95;0.44;32.44;8350.31;104.393;2355.71;2.27;32.44;1830.42;22.884;516.35;0.60;32.44;2327.16;29.094;656.49;0.66;32.44;2314.24;28.932;652.87;0.68;32.44;792.68;9.910;223.62;0.24;32.44;2446.53;28.836;646.43;0.61;30.39;2234.59;24.832;552.78;0.54;28.45;2416.23;26.431;621.20;0.62;29.57;593.22;5.933;183.65;0.15;35.60;0.00;0.000;0.00;0.00;0.00;0.00;0.000;0.00;0.00;0.00;415.96;3.794;149.28;0.13;41.27;3730.19;31.087;1503.08;1.20;46.34;9093.85;80.063;3392.86;2.70;42.91;1127.69;9.398;294.64;0.21;30.05;1192.21;10.104;299.21;0.24;28.86;1117.56;10.161;230.14;0.18;23.68;814.13;7.402;167.67;0.12;23.68;92.17;0.838;18.98;0.02;23.68;1492.42;14.926;282.94;0.23;21.80;3208.89;33.062;542.45;0.47;19.44;1537.79;15.380;291.52;0.18;21.80;2513.37;25.136;702.77;0.68;32.16;2396.71;25.348;588.82;0.63;28.25;3563.62;39.600;852.59;0.86;27.51
44221;SPAR SLT OSTRICH BURGER;2;5216.80;90.000;1118.22;0.02;24.65;0.00;0.000;0.00;0.00;0.00;0.00;0.000;0.00;0.00;0.00;0.00;0.000;0.00;0.00;0.00;0.00;0.000;0.00;0.00;0.00;0.00;0.000;0.00;0.00;0.00;0.00;0.000;0.00;0.00;0.00;0.00;0.000;0.00;0.00;0.00;219.96;4.000;50.35;0.07;26.32;989.83;17.000;261.81;0.35;30.42;517.61;9.000;133.03;0.11;29.55;0.00;0.000;0.00;0.00;0.00;121.98;2.000;35.61;0.05;33.57;0.00;0.000;0.00;0.00;0.00;0.00;0.000;0.00;0.00;0.00;0.00;0.000;0.00;0.00;0.00;0.00;0.000;0.00;0.00;0.00;0.00;0.000;0.00;0.00;0.00;0.00;0.000;0.00;0.00;0.00;0.00;0.000;0.00;0.00;0.00;0.00;0.000;0.00;0.00;0.00;0.00;0.000;0.00;0.00;0.00;0.00;0.000;0.00;0.00;0.00;0.00;0.000;0.00;0.00;0.00;0.00;0.000;0.00;0.00;0.00;377.94;6.000;117.26;0.11;35.68;314.95;5.000;97.72;0.11;35.68;0.00;0.000;0.00;0.00;0.00;164.97;3.000;21.97;0.02;15.31;329.94;6.000;43.94;0.05;15.31;0.00;0.000;0.00;0.00;0.00;219.96;4.000;29.29;0.03;15.31;219.96;4.000;29.29;0.03;15.31;0.00;0.000;0.00;0.00;0.00;659.88;12.000;87.87;0.06;15.31;0.00;0.000;0.00;0.00;0.00;0.00;0.000;0.00;0.00;0.00;0.00;0.000;0.00;0.00;0.00;0.00;0.000;0.00;0.00;0.00;0.00;0.000;0.00;0.00;0.00;0.00;0.000;0.00;0.00;0.00;0.00;0.000;0.00;0.00;0.00;0.00;0.000;0.00;0.00;0.00;359.94;6.000;70.02;0.06;22.37;719.88;12.000;140.05;0.11;22.37;0.00;0.000;0.00;0.00;0.00;0.00;0.000;0.00;0.00;0.00;0.00;0.000;0.00;0.00;0.00;0.00;0.000;0.00;0.00;0.00;0.00;0.000;0.00;0.00;0.00
44450;BULK WILTSHIRE PORK SAUSAGE;2;296171.71;4 218.004;64503.64;1.34;25.05;0.00;0.000;0.00;0.00;0.00;0.00;0.000;0.00;0.00;0.00;127.06;2.118;22.99;0.04;20.81;1203.73;20.066;217.80;0.36;20.81;2758.98;46.056;496.54;0.64;20.70;5077.73;84.728;915.30;1.23;20.73;5253.38;82.438;1162.64;1.40;25.45;4046.57;61.702;969.85;1.31;27.56;5684.78;79.697;1651.00;2.22;33.40;6889.28;98.434;1924.37;1.56;32.12;5366.42;68.398;2468.32;3.97;52.90;3528.30;46.346;833.30;1.28;27.16;6126.17;81.694;1439.29;1.73;27.02;5087.59;67.845;1195.25;1.43;27.02;6081.72;80.408;1461.84;1.97;27.64;6611.94;90.268;1453.66;1.88;25.28;7246.45;95.361;1763.03;2.01;27.98;7449.95;98.039;1812.54;2.22;27.98;6843.34;80.837;2103.70;2.21;35.35;4160.05;48.378;1315.13;1.50;36.36;4522.82;53.827;1371.26;1.51;34.87;8606.49;101.820;2638.29;2.02;35.25;3817.67;49.934;943.35;1.22;28.42;4910.21;70.158;930.93;1.18;21.80;4351.35;62.172;825.02;0.80;21.80;3791.11;54.168;718.76;0.84;21.80;6968.08;99.560;1321.14;1.32;21.80;5965.13;85.232;1130.88;1.18;21.80;6796.43;97.108;1288.57;1.40;21.80;7278.83;104.002;1379.96;1.29;21.80;8708.47;131.578;1790.73;1.76;23.65;6567.37;109.480;1550.52;1.56;27.15;8358.39;139.334;1848.78;1.52;25.44;9364.32;156.100;1976.94;1.24;24.28;7849.90;130.859;1657.07;1.67;24.28;9048.58;150.838;1910.23;1.70;24.28;7000.72;116.701;1477.89;1.18;24.28;7338.75;122.334;1549.33;1.23;24.28;7918.37;131.999;1671.58;1.21;24.28;7736.32;120.944;1949.95;1.55;28.99;7096.94;101.402;1928.22;1.47;31.25;7900.75;112.883;1763.46;1.27;25.67;4892.05;69.898;-47.93;-0.04;-1.13;9730.48;139.030;648.86;0.53;7.67;6656.82;95.112;1413.39;1.23;24.42;13136.24;155.227;2470.10;1.53;21.62;8515.92;92.360;1452.70;1.40;19.62;6056.09;67.301;891.60;0.96;16.93;5743.67;63.830;845.55;0.85;16.93
44670; BULK YSTERHOUT BRAAIWORS;2;92590.59;1 875.582;20565.96;0.43;25.54;0.00;0.000;0.00;0.00;0.00;0.00;0.000;0.00;0.00;0.00;0.00;0.000;0.00;0.00;0.00;0.00;0.000;0.00;0.00;0.00;0.00;0.000;0.00;0.00;0.00;0.00;0.000;0.00;0.00;0.00;0.00;0.000;0.00;0.00;0.00;0.00;0.000;0.00;0.00;0.00;0.00;0.000;0.00;0.00;0.00;0.00;0.000;0.00;0.00;0.00;0.00;0.000;0.00;0.00;0.00;0.00;0.000;0.00;0.00;0.00;5250.96;94.639;1176.55;1.41;25.77;6418.33;118.880;1471.47;1.76;26.37;3915.23;61.828;1267.15;1.71;37.22;4069.26;62.604;1374.27;1.77;38.84;4647.08;79.064;1307.70;1.49;32.36;5345.69;95.476;1347.82;1.65;29.00;4455.12;79.570;1123.28;1.18;29.00;3188.99;56.956;804.07;0.92;29.00;4559.62;79.631;1212.04;1.34;30.57;5263.56;76.284;620.62;0.48;13.56;0.00;0.000;0.00;0.00;0.00;0.00;0.000;0.00;0.00;0.00;1088.91;30.255;212.29;0.20;22.42;6445.03;179.078;1256.36;1.46;22.42;4155.09;115.453;809.92;0.81;22.42;3532.27;98.145;688.58;0.72;22.42;2629.44;73.060;512.57;0.56;22.42;3215.68;89.349;626.85;0.59;22.42;3079.65;85.570;600.32;0.59;22.42;1954.32;48.454;522.95;0.53;30.77;3167.26;57.968;896.49;0.74;32.55;3300.65;60.026;545.32;0.34;19.00;4792.76;87.159;791.95;0.80;19.00;2558.56;46.529;422.77;0.38;19.00;3954.92;71.922;653.52;0.52;19.00;1602.21;27.682;321.10;0.26;23.05;0.00;0.000;0.00;0.00;0.00;0.00;0.000;0.00;0.00;0.00;0.00;0.000;0.00;0.00;0.00;0.00;0.000;0.00;0.00;0.00;0.00;0.000;0.00;0.00;0.00;0.00;0.000;0.00;0.00;0.00;0.00;0.000;0.00;0.00;0.00;0.00;0.000;0.00;0.00;0.00;0.00;0.000;0.00;0.00;0.00;0.00;0.000;0.00;0.00;0.00;0.00;0.000;0.00;0.00;0.00
44671;YSTERHOUT BRAAIWORS;2;88817.97;1 585.561;24226.01;0.50;31.37;0.00;0.000;0.00;0.00;0.00;0.00;0.000;0.00;0.00;0.00;0.00;0.000;0.00;0.00;0.00;0.00;0.000;0.00;0.00;0.00;0.00;0.000;0.00;0.00;0.00;0.00;0.000;0.00;0.00;0.00;0.00;0.000;0.00;0.00;0.00;0.00;0.000;0.00;0.00;0.00;0.00;0.000;0.00;0.00;0.00;0.00;0.000;0.00;0.00;0.00;0.00;0.000;0.00;0.00;0.00;0.00;0.000;0.00;0.00;0.00;5938.85;98.442;1260.01;1.51;24.40;6120.27;102.019;1275.90;1.53;23.97;3650.71;50.853;1157.70;1.56;36.47;4432.46;62.760;1365.25;1.76;35.42;5633.28;89.493;1349.21;1.54;27.54;5404.85;90.096;1126.66;1.38;23.97;5164.79;86.095;1076.59;1.13;23.97;3814.70;63.591;795.11;0.91;23.97;5890.36;96.743;1285.22;1.42;25.09;5872.31;78.297;1171.34;0.90;22.94;0.00;0.000;0.00;0.00;0.00;0.00;0.000;0.00;0.00;0.00;1216.28;30.108;326.61;0.32;30.88;3377.84;84.467;886.39;1.03;30.18;4039.80;101.021;1800.56;1.80;51.26;3032.58;75.833;1351.66;1.41;51.26;1989.01;49.737;886.53;0.97;51.26;2681.69;67.059;1195.25;1.12;51.26;1714.12;42.863;764.01;0.75;51.26;1415.57;31.232;701.55;0.70;56.99;2279.56;35.839;921.71;0.76;46.50;2837.40;47.297;635.49;0.40;25.76;3994.54;66.588;894.56;0.90;25.75;1396.85;23.284;312.86;0.28;25.76;4705.83;78.445;1053.85;0.84;25.75;2214.32;33.399;631.95;0.50;32.82;0.00;0.000;0.00;0.00;0.00;0.00;0.000;0.00;0.00;0.00;0.00;0.000;0.00;0.00;0.00;0.00;0.000;0.00;0.00;0.00;0.00;0.000;0.00;0.00;0.00;0.00;0.000;0.00;0.00;0.00;0.00;0.000;0.00;0.00;0.00;0.00;0.000;0.00;0.00;0.00;0.00;0.000;0.00;0.00;0.00;0.00;0.000;0.00;0.00;0.00;0.00;0.000;0.00;0.00;0.00
44898;MUTTON BRAAI CHOP;2;22893.24;163.508;7462.43;0.16;37.49;221.82;1.422;47.70;0.07;24.73;57.72;0.370;12.41;0.02;24.73;455.18;2.918;97.88;0.16;24.73;0.00;0.000;0.00;0.00;0.00;536.81;3.234;136.60;0.18;29.26;1665.88;10.036;423.92;0.57;29.26;85.65;0.516;21.79;0.03;29.26;105.00;0.700;19.83;0.03;21.72;186.59;1.244;33.55;0.05;20.68;134.99;0.900;24.27;0.02;20.67;344.63;2.154;76.83;0.12;25.64;0.00;0.000;0.00;0.00;0.00;226.79;1.512;40.78;0.05;20.68;0.00;0.000;0.00;0.00;0.00;495.85;4.008;16.51;0.02;3.83;2677.90;19.692;950.17;1.23;40.80;971.14;6.786;369.45;0.42;43.75;370.55;2.438;151.56;0.19;47.04;1038.01;6.488;448.46;0.47;49.68;523.49;3.272;226.17;0.26;49.68;769.23;4.808;293.92;0.32;43.94;1530.74;11.776;555.58;0.43;41.74;121.67;1.014;36.85;0.05;34.83;454.76;3.790;137.72;0.17;34.83;873.76;7.282;279.54;0.27;36.79;98.87;0.824;31.63;0.04;36.79;1066.89;8.914;339.85;0.34;36.63;316.76;2.640;101.34;0.11;36.79;509.70;4.248;163.06;0.18;36.79;198.74;1.524;66.31;0.06;38.37;493.04;3.522;169.86;0.17;39.62;1191.86;8.514;410.62;0.41;39.62;516.85;3.692;178.07;0.15;39.62;901.24;6.438;310.49;0.20;39.62;0.00;0.000;0.00;0.00;0.00;1063.37;7.596;366.36;0.33;39.62;501.14;3.580;172.64;0.14;39.62;687.36;4.910;236.82;0.19;39.62;445.45;3.182;153.47;0.11;39.62;916.62;6.584;313.14;0.25;39.29;137.19;0.980;47.27;0.04;39.62;0.00;0.000;0.00;0.00;0.00;0.00;0.000;0.00;0.00;0.00;0.00;0.000;0.00;0.00;0.00;0.00;0.000;0.00;0.00;0.00;0.00;0.000;0.00;0.00;0.00;0.00;0.000;0.00;0.00;0.00;0.00;0.000;0.00;0.00;0.00;0.00;0.000;0.00;0.00;0.00
44899;LAMB BRAAI CHOP;2;52761.22;306.182;16557.97;0.34;36.09;105.94;0.602;22.53;0.03;24.46;131.76;0.732;29.95;0.04;26.14;162.80;0.932;33.83;0.05;23.89;74.88;0.416;17.02;0.03;26.14;3407.62;18.932;774.61;1.00;26.14;2544.71;14.138;578.44;0.78;26.14;1085.41;6.516;190.59;0.23;20.19;898.09;5.547;139.71;0.19;17.89;275.20;1.884;21.51;0.03;8.99;793.08;4.406;180.30;0.15;26.14;775.77;4.310;176.35;0.28;26.14;1119.59;6.220;254.52;0.39;26.14;434.22;2.506;146.45;0.18;38.79;504.89;2.844;192.01;0.23;43.73;462.00;2.614;165.04;0.22;41.08;697.72;3.894;246.52;0.32;40.63;6294.15;33.278;2394.96;2.73;43.76;2626.56;14.545;938.55;1.15;41.09;823.97;4.578;293.03;0.31;40.90;1159.16;6.440;412.27;0.47;40.90;190.43;1.058;67.73;0.07;40.90;1125.77;7.000;355.93;0.27;36.36;2703.17;16.896;846.84;1.09;36.03;986.28;6.270;318.97;0.40;37.19;1306.38;8.202;414.62;0.40;36.50;2072.16;12.952;662.75;0.77;36.78;1084.71;6.780;346.93;0.35;36.78;1866.47;11.214;606.10;0.63;37.34;680.29;4.002;223.37;0.24;37.76;1285.63;7.586;420.03;0.39;37.57;1554.95;9.184;507.20;0.50;37.51;1314.00;7.730;435.85;0.44;38.15;1543.13;9.078;524.92;0.43;39.12;797.93;4.694;271.44;0.17;39.12;1038.96;6.112;353.42;0.36;39.12;1477.01;8.714;500.18;0.45;38.94;2553.76;15.054;865.95;0.69;39.00;1309.00;7.738;441.92;0.35;38.82;1794.77;10.590;607.68;0.44;38.94;1410.26;8.296;479.76;0.38;39.12;288.64;1.698;98.19;0.07;39.12;0.00;0.000;0.00;0.00;0.00;0.00;0.000;0.00;0.00;0.00;0.00;0.000;0.00;0.00;0.00;0.00;0.000;0.00;0.00;0.00;0.00;0.000;0.00;0.00;0.00;0.00;0.000;0.00;0.00;0.00;0.00;0.000;0.00;0.00;0.00;0.00;0.000;0.00;0.00;0.00
45416; KASEGRILLER M/CLUB;2;192058.51;1 985.527;51563.03;1.07;30.87;3436.50;38.187;891.83;1.37;29.84;1413.26;15.704;372.58;0.52;30.32;0.00;0.000;0.00;0.00;0.00;0.00;0.000;0.00;0.00;0.00;0.00;0.000;0.00;0.00;0.00;0.00;0.000;0.00;0.00;0.00;0.00;0.000;0.00;0.00;0.00;0.00;0.000;0.00;0.00;0.00;0.00;0.000;0.00;0.00;0.00;0.00;0.000;0.00;0.00;0.00;0.00;0.000;0.00;0.00;0.00;0.00;0.000;0.00;0.00;0.00;1475.34;16.394;388.94;0.47;30.32;4940.90;54.902;1302.63;1.56;30.32;4993.01;50.612;1581.88;2.13;36.43;5386.39;54.408;1716.95;2.22;36.66;6241.42;69.796;1621.35;1.85;29.87;6236.22;70.070;1601.88;1.96;29.54;5567.33;62.554;1430.09;1.50;29.54;5738.55;64.478;1474.06;1.68;29.54;6938.24;77.506;1590.93;1.75;26.37;6966.99;70.374;1476.96;1.13;24.38;6135.67;64.347;1137.28;1.47;21.32;5340.12;61.934;1237.21;1.57;26.64;5943.63;66.782;1495.36;1.44;28.93;5624.65;63.198;1415.11;1.65;28.93;5379.18;60.440;1353.35;1.35;28.93;4433.95;46.577;1293.87;1.35;33.56;5215.69;52.160;1666.58;1.82;36.75;3823.76;38.240;1221.81;1.15;36.75;5366.99;56.522;1558.24;1.53;33.39;5358.81;59.546;1384.80;1.39;29.72;7031.64;71.222;1854.49;1.53;30.33;5856.95;57.412;1418.63;0.89;27.85;4935.08;44.866;1419.95;1.43;33.09;5378.66;48.902;1547.37;1.38;33.08;4949.10;44.996;1423.82;1.13;33.08;4195.86;43.982;1345.15;1.07;36.87;3924.38;43.606;1363.02;0.99;39.94;3728.17;39.740;1207.08;0.96;37.23;4144.44;41.447;1274.11;0.97;35.35;4513.39;45.134;1364.19;0.98;34.76;3974.78;39.748;932.55;0.85;26.98;4574.83;45.752;1130.85;0.93;28.43;4281.00;42.113;1280.05;1.11;34.39;5422.63;47.691;1525.18;0.95;32.35;2794.27;24.298;728.94;0.70;30.00;6448.90;55.851;1604.40;1.73;28.61;3947.83;34.036;929.55;0.93;27.08
45494;1/2 LAMB;2;66351.90;572.172;7739.80;0.16;13.41;5461.87;49.658;411.83;0.63;8.67;0.00;0.000;0.00;0.00;0.00;0.00;0.000;0.00;0.00;0.00;0.00;0.000;0.00;0.00;0.00;800.18;5.716;64.19;0.08;9.23;0.00;0.000;0.00;0.00;0.00;0.00;0.000;0.00;0.00;0.00;6539.48;56.865;682.38;0.93;12.00;2385.65;21.349;195.77;0.26;9.44;1427.72;11.332;170.62;0.14;13.74;1143.97;9.614;111.23;0.18;11.18;0.00;0.000;0.00;0.00;0.00;7121.14;69.445;807.25;0.97;13.04;6694.53;63.162;1810.54;2.17;31.10;2399.90;20.457;227.46;0.31;10.90;1216.69;9.733;157.69;0.20;14.90;0.00;0.000;0.00;0.00;0.00;0.00;0.000;0.00;0.00;0.00;426.00;3.408;55.19;0.06;14.90;0.00;0.000;0.00;0.00;0.00;1577.41;11.268;374.44;0.41;27.30;1432.51;11.370;222.36;0.17;17.85;0.00;0.000;0.00;0.00;0.00;0.00;0.000;0.00;0.00;0.00;1253.04;10.442;171.23;0.17;15.71;0.00;0.000;0.00;0.00;0.00;0.00;0.000;0.00;0.00;0.00;0.00;0.000;0.00;0.00;0.00;0.00;0.000;0.00;0.00;0.00;0.00;0.000;0.00;0.00;0.00;0.00;0.000;0.00;0.00;0.00;4167.50;32.851;503.40;0.51;13.89;0.00;0.000;0.00;0.00;0.00;1364.58;10.108;226.43;0.14;19.08;0.00;0.000;0.00;0.00;0.00;0.00;0.000;0.00;0.00;0.00;768.51;5.186;175.65;0.14;26.28;0.00;0.000;0.00;0.00;0.00;1428.39;8.928;394.01;0.29;31.72;0.00;0.000;0.00;0.00;0.00;0.00;0.000;0.00;0.00;0.00;0.00;0.000;0.00;0.00;0.00;0.00;0.000;0.00;0.00;0.00;0.00;0.000;0.00;0.00;0.00;18742.83;161.280;978.13;0.85;6.00;0.00;0.000;0.00;0.00;0.00;0.00;0.000;0.00;0.00;0.00;0.00;0.000;0.00;0.00;0.00;0.00;0.000;0.00;0.00;0.00
45495;WHOLE LAMB;2;61522.99;551.978;-6407.97;-0.13;-11.98;0.00;0.000;0.00;0.00;0.00;0.00;0.000;0.00;0.00;0.00;0.00;0.000;0.00;0.00;0.00;1118.69;8.606;172.50;0.28;17.73;0.00;0.000;0.00;0.00;0.00;0.00;0.000;0.00;0.00;0.00;0.00;0.000;0.00;0.00;0.00;0.00;0.000;0.00;0.00;0.00;685.40;5.712;56.22;0.08;9.43;0.00;0.000;0.00;0.00;0.00;0.00;0.000;0.00;0.00;0.00;0.00;0.000;0.00;0.00;0.00;8640.10;81.903;759.65;0.91;10.11;1821.42;17.185;244.27;0.29;15.42;0.00;0.000;0.00;0.00;0.00;0.00;0.000;0.00;0.00;0.00;3477.63;27.821;478.40;0.55;15.82;0.00;0.000;0.00;0.00;0.00;0.00;0.000;0.00;0.00;0.00;0.00;0.000;0.00;0.00;0.00;0.00;0.000;0.00;0.00;0.00;0.00;0.000;0.00;0.00;0.00;0.00;0.000;0.00;0.00;0.00;0.00;0.000;0.00;0.00;0.00;0.00;0.000;0.00;0.00;0.00;0.00;0.000;0.00;0.00;0.00;0.00;0.000;0.00;0.00;0.00;0.00;0.000;0.00;0.00;0.00;0.00;0.000;0.00;0.00;0.00;0.00;0.000;0.00;0.00;0.00;0.00;0.000;0.00;0.00;0.00;0.00;0.000;0.00;0.00;0.00;2557.13;20.457;280.38;0.23;12.61;0.00;0.000;0.00;0.00;0.00;0.00;0.000;0.00;0.00;0.00;0.00;0.000;0.00;0.00;0.00;0.00;0.000;0.00;0.00;0.00;0.00;0.000;0.00;0.00;0.00;997.56;6.395;183.24;0.13;21.12;0.00;0.000;0.00;0.00;0.00;0.00;0.000;0.00;0.00;0.00;0.00;0.000;0.00;0.00;0.00;0.00;0.000;0.00;0.00;0.00;0.00;0.000;0.00;0.00;0.00;42225.06;383.899;-8582.64;-7.44;-23.37;0.00;0.000;0.00;0.00;0.00;0.00;0.000;0.00;0.00;0.00;0.00;0.000;0.00;0.00;0.00;0.00;0.000;0.00;0.00;0.00
45713;ELIM SALAMI STICKS;2;31240.36;121.325;9071.67;0.19;33.39;1392.60;6.330;362.74;0.56;29.95;2204.84;10.022;574.30;0.80;29.95;2985.84;13.572;777.73;1.25;29.95;2703.80;12.290;704.27;1.16;29.95;955.24;4.342;248.82;0.32;29.95;2373.36;10.788;618.20;0.83;29.95;1697.52;7.716;442.16;0.53;29.95;827.64;3.762;215.58;0.29;29.95;1286.12;5.846;335.00;0.45;29.95;1373.24;6.242;357.69;0.29;29.95;1480.56;6.740;384.28;0.62;29.85;1445.84;6.572;376.60;0.58;29.95;1873.76;5.503;397.82;0.48;24.42;1145.60;2.864;228.05;0.27;22.89;367.20;0.918;72.88;0.10;22.82;211.20;0.528;41.92;0.05;22.82;683.20;1.708;240.64;0.27;40.51;1028.00;2.570;444.16;0.54;49.69;776.80;1.942;335.63;0.35;49.69;1059.20;2.648;457.64;0.52;49.69;1025.60;2.564;443.13;0.49;49.69;748.80;1.872;323.53;0.25;49.69;673.60;1.684;291.04;0.38;49.69;404.80;1.012;174.90;0.22;49.69;130.40;0.326;56.34;0.05;49.69;385.60;0.964;166.60;0.19;49.69;0.00;0.000;0.00;0.00;0.00;0.00;0.000;0.00;0.00;0.00;0.00;0.000;0.00;0.00;0.00;0.00;0.000;0.00;0.00;0.00;0.00;0.000;0.00;0.00;0.00;0.00;0.000;0.00;0.00;0.00;0.00;0.000;0.00;0.00;0.00;0.00;0.000;0.00;0.00;0.00;0.00;0.000;0.00;0.00;0.00;0.00;0.000;0.00;0.00;0.00;0.00;0.000;0.00;0.00;0.00;0.00;0.000;0.00;0.00;0.00;0.00;0.000;0.00;0.00;0.00;0.00;0.000;0.00;0.00;0.00;0.00;0.000;0.00;0.00;0.00;0.00;0.000;0.00;0.00;0.00;0.00;0.000;0.00;0.00;0.00;0.00;0.000;0.00;0.00;0.00;0.00;0.000;0.00;0.00;0.00;0.00;0.000;0.00;0.00;0.00;0.00;0.000;0.00;0.00;0.00;0.00;0.000;0.00;0.00;0.00;0.00;0.000;0.00;0.00;0.00
45832;CHEESE BURGER;2;124938.05;1 212.201;12949.50;0.27;11.92;48.02;0.414;9.02;0.01;21.60;0.00;0.000;0.00;0.00;0.00;0.00;0.000;0.00;0.00;0.00;0.00;0.000;0.00;0.00;0.00;0.00;0.000;0.00;0.00;0.00;0.00;0.000;0.00;0.00;0.00;0.00;0.000;0.00;0.00;0.00;0.00;0.000;0.00;0.00;0.00;0.00;0.000;0.00;0.00;0.00;0.00;0.000;0.00;0.00;0.00;0.00;0.000;0.00;0.00;0.00;3581.38;35.602;41.26;0.06;1.32;1868.50;18.688;15.93;0.02;0.98;887.92;9.900;-80.19;-0.10;-10.39;3305.95;36.738;-288.04;-0.39;-10.02;2404.67;27.916;-312.27;-0.40;-14.93;6111.90;62.926;-102.60;-0.12;-1.93;2902.36;29.052;22.70;0.03;0.90;2130.61;21.394;10.89;0.01;0.59;2744.30;27.526;16.63;0.02;0.70;3702.17;37.053;29.39;0.03;0.91;1628.71;16.290;13.86;0.01;0.98;1039.58;10.396;8.99;0.01;0.99;3354.35;33.547;28.76;0.04;0.99;927.53;10.306;185.63;0.18;23.01;0.00;0.000;0.00;0.00;0.00;0.00;0.000;0.00;0.00;0.00;1007.06;10.072;268.88;0.28;30.70;3288.87;32.893;878.13;0.96;30.71;5290.15;48.198;696.70;0.65;15.15;1318.03;12.664;319.53;0.31;27.88;4019.47;40.198;1073.32;1.08;30.71;4026.09;40.034;914.99;0.75;26.14;5164.21;48.614;736.04;0.46;16.39;6853.60;70.039;1322.24;1.33;22.19;5358.91;53.594;1204.18;1.07;25.84;7323.81;73.247;876.97;0.70;13.77;2984.00;29.841;-4.24;-0.00;-0.16;7741.06;74.671;865.66;0.63;12.86;1624.39;13.830;84.28;0.07;5.97;6116.02;50.972;86.01;0.07;1.62;3730.19;31.087;881.03;0.63;27.16;3181.91;29.960;450.83;0.41;16.29;5705.66;52.369;785.54;0.64;15.83;772.30;6.436;158.36;0.14;23.58;6397.38;63.980;380.56;0.24;6.84;6396.99;51.754;1370.53;1.32;24.64;0.00;0.000;0.00;0.00;0.00;0.00;0.000;0.00;0.00;0.00
45848;LAMB STEW;2;34052.80;206.720;8433.66;0.18;28.48;0.00;0.000;0.00;0.00;0.00;0.00;0.000;0.00;0.00;0.00;0.00;0.000;0.00;0.00;0.00;0.00;0.000;0.00;0.00;0.00;239.95;1.846;33.74;0.04;16.17;0.00;0.000;0.00;0.00;0.00;0.00;0.000;0.00;0.00;0.00;0.00;0.000;0.00;0.00;0.00;0.00;0.000;0.00;0.00;0.00;0.00;0.000;0.00;0.00;0.00;0.00;0.000;0.00;0.00;0.00;0.00;0.000;0.00;0.00;0.00;0.00;0.000;0.00;0.00;0.00;0.00;0.000;0.00;0.00;0.00;0.00;0.000;0.00;0.00;0.00;0.00;0.000;0.00;0.00;0.00;0.00;0.000;0.00;0.00;0.00;0.00;0.000;0.00;0.00;0.00;0.00;0.000;0.00;0.00;0.00;0.00;0.000;0.00;0.00;0.00;0.00;0.000;0.00;0.00;0.00;0.00;0.000;0.00;0.00;0.00;0.00;0.000;0.00;0.00;0.00;0.00;0.000;0.00;0.00;0.00;0.00;0.000;0.00;0.00;0.00;0.00;0.000;0.00;0.00;0.00;251.42;1.796;60.67;0.06;27.75;251.98;1.800;60.80;0.06;27.75;0.00;0.000;0.00;0.00;0.00;780.88;6.106;101.70;0.10;14.98;1201.08;9.240;166.71;0.16;15.96;343.42;2.642;60.87;0.06;20.38;1099.21;8.147;214.63;0.18;22.45;618.26;3.952;174.07;0.11;32.38;1144.85;7.156;337.24;0.34;33.88;679.70;4.198;141.90;0.13;24.01;1081.79;6.364;259.80;0.21;27.62;347.79;2.046;83.52;0.07;27.62;323.49;2.022;64.96;0.05;23.09;594.03;3.664;124.54;0.10;24.11;1593.11;9.372;382.04;0.29;27.58;2653.12;15.608;1022.89;0.73;44.34;2669.11;15.736;1029.85;0.94;44.37;4223.74;24.880;948.71;0.78;25.83;2598.01;15.318;581.97;0.50;25.76;4015.90;23.109;912.85;0.57;26.14;2775.71;15.772;631.42;0.61;26.16;2291.40;13.020;521.26;0.56;26.16;2274.85;12.926;517.49;0.52;26.16
46061;BULK FARMHOUSE WORS;2;278791.54;3 081.847;38160.11;0.79;15.74;0.00;0.000;0.00;0.00;0.00;0.00;0.000;0.00;0.00;0.00;0.00;0.000;0.00;0.00;0.00;0.00;0.000;0.00;0.00;0.00;0.00;0.000;0.00;0.00;0.00;0.00;0.000;0.00;0.00;0.00;1439.56;16.936;261.71;0.31;20.91;1846.54;21.724;335.70;0.46;20.91;196.01;2.306;35.63;0.05;20.91;10744.91;119.402;957.80;0.78;10.25;9357.51;103.984;834.17;1.34;10.25;7067.97;78.542;630.06;0.97;10.25;10206.05;113.414;909.76;1.09;10.25;10691.78;118.813;952.96;1.14;10.25;6395.48;67.709;806.08;1.09;14.49;6328.48;67.803;741.22;0.96;13.47;8103.32;90.604;683.25;0.78;9.70;10883.28;127.784;489.45;0.60;5.17;10412.21;116.622;863.73;0.91;9.54;7580.61;87.646;436.46;0.50;6.62;9024.26;101.396;726.14;0.80;9.25;17631.56;198.108;1862.24;1.43;12.15;5014.79;56.346;674.66;0.87;15.47;11566.24;132.764;1706.74;2.16;16.97;7766.84;89.486;1125.10;1.09;16.66;8796.79;98.840;1432.35;1.67;18.72;12499.08;140.439;2035.15;2.03;18.72;10599.63;119.097;1725.87;1.80;18.72;11059.90;124.268;1800.85;1.96;18.73;14421.58;162.040;2348.19;2.20;18.72;12988.58;145.939;2202.72;2.16;19.50;7836.65;88.052;1434.50;1.44;21.05;8666.89;95.081;1489.50;1.23;19.76;15883.79;158.858;3467.16;2.18;25.10;6609.10;66.100;1442.61;1.45;25.10;6549.63;65.504;1429.71;1.27;25.10;5639.04;56.398;1230.88;0.98;25.10;4917.29;49.180;1073.30;0.85;25.10;66.19;0.662;14.45;0.01;25.10;0.00;0.000;0.00;0.00;0.00;0.00;0.000;0.00;0.00;0.00;0.00;0.000;0.00;0.00;0.00;0.00;0.000;0.00;0.00;0.00;0.00;0.000;0.00;0.00;0.00;0.00;0.000;0.00;0.00;0.00;0.00;0.000;0.00;0.00;0.00;0.00;0.000;0.00;0.00;0.00;0.00;0.000;0.00;0.00;0.00;0.00;0.000;0.00;0.00;0.00
46386;SIX GUN GRILL BURGER;2;153728.68;1 766.596;37515.66;0.78;28.06;3437.14;86.000;625.54;0.96;20.93;1279.68;32.000;233.41;0.32;20.98;2077.48;52.000;377.54;0.60;20.90;1635.59;41.000;295.57;0.49;20.78;3079.23;77.000;561.63;0.73;20.98;5156.71;129.000;939.18;1.27;20.94;3633.09;84.000;688.37;0.83;21.79;2868.88;26.150;713.60;0.97;28.60;3033.12;27.576;759.29;1.02;28.79;4778.45;43.496;1192.66;0.97;28.70;2045.76;18.600;512.08;0.82;28.79;2573.30;23.540;634.34;0.98;28.35;1007.38;9.657;249.50;0.30;28.48;0.00;0.000;0.00;0.00;0.00;1663.75;16.640;408.40;0.55;28.23;684.29;6.844;167.97;0.22;28.23;1119.39;11.325;266.70;0.30;27.40;4577.91;50.873;806.32;0.99;20.26;5430.26;60.345;956.44;1.00;20.26;5278.22;58.654;929.75;1.06;20.26;5140.47;57.194;901.07;0.99;20.16;6140.25;61.439;1380.15;1.06;25.85;3970.96;39.712;839.69;1.08;24.32;2838.81;28.390;682.80;0.86;27.66;2744.80;27.451;660.11;0.64;27.66;2801.95;28.020;674.02;0.78;27.66;0.00;0.000;0.00;0.00;0.00;0.00;0.000;0.00;0.00;0.00;2849.75;28.502;685.27;0.75;27.65;1813.91;18.142;436.18;0.41;27.65;1414.77;14.149;340.26;0.33;27.66;2559.20;25.594;615.53;0.62;27.66;5664.08;56.649;1447.77;1.19;29.39;5559.89;55.608;1537.69;0.97;31.81;4797.67;47.983;1326.97;1.34;31.81;1507.16;15.074;416.84;0.37;31.81;4524.18;45.248;1251.32;1.00;31.81;2763.33;27.638;764.24;0.61;31.80;1474.39;14.745;407.85;0.30;31.81;8970.70;77.963;3178.18;2.52;40.74;3309.69;26.908;1282.62;0.98;44.57;5855.94;48.803;1708.79;1.23;33.56;3858.11;29.680;1049.70;0.96;31.29;7899.24;60.770;2088.13;1.71;30.40;363.17;2.794;96.00;0.08;30.40;357.75;2.752;90.93;0.06;29.23;1605.70;12.352;408.10;0.39;29.23;3748.30;28.834;952.67;1.03;29.23;3834.88;29.502;974.52;0.98;29.22
46387;SIX GUN GRILL BURGER 8'S;2;27974.17;293.809;4542.59;0.09;18.67;4218.76;44.000;645.69;0.99;17.60;959.90;10.000;147.70;0.20;17.69;1727.82;18.000;265.85;0.43;17.69;671.93;7.000;103.39;0.17;17.69;2010.99;21.000;305.99;0.40;17.50;2586.93;27.000;394.60;0.53;17.54;2874.90;29.760;458.80;0.55;18.35;1993.43;19.936;375.58;0.51;21.67;1343.03;13.488;249.18;0.34;21.34;2285.20;22.854;430.54;0.35;21.67;1137.10;11.372;214.24;0.34;21.67;0.00;0.000;0.00;0.00;0.00;0.00;0.000;0.00;0.00;0.00;0.00;0.000;0.00;0.00;0.00;589.27;6.548;103.81;0.14;20.26;706.98;7.856;124.55;0.16;20.26;119.15;1.324;20.99;0.02;20.26;699.95;8.816;58.53;0.07;9.62;1232.69;15.410;110.32;0.12;10.29;0.00;0.000;0.00;0.00;0.00;830.63;9.575;124.81;0.14;17.28;1129.61;11.768;247.95;0.19;25.24;241.71;2.518;39.21;0.05;18.66;0.00;0.000;0.00;0.00;0.00;0.00;0.000;0.00;0.00;0.00;0.00;0.000;0.00;0.00;0.00;0.00;0.000;0.00;0.00;0.00;0.00;0.000;0.00;0.00;0.00;0.00;0.000;0.00;0.00;0.00;0.00;0.000;0.00;0.00;0.00;0.00;0.000;0.00;0.00;0.00;0.00;0.000;0.00;0.00;0.00;0.00;0.000;0.00;0.00;0.00;0.00;0.000;0.00;0.00;0.00;0.00;0.000;0.00;0.00;0.00;0.00;0.000;0.00;0.00;0.00;0.00;0.000;0.00;0.00;0.00;0.00;0.000;0.00;0.00;0.00;0.00;0.000;0.00;0.00;0.00;614.19;5.584;120.86;0.10;22.63;0.00;0.000;0.00;0.00;0.00;0.00;0.000;0.00;0.00;0.00;0.00;0.000;0.00;0.00;0.00;0.00;0.000;0.00;0.00;0.00;0.00;0.000;0.00;0.00;0.00;0.00;0.000;0.00;0.00;0.00;0.00;0.000;0.00;0.00;0.00;0.00;0.000;0.00;0.00;0.00;0.00;0.000;0.00;0.00;0.00
46391;BULK PORK PACK WITH STEW;2;13493.52;220.803;1197.84;0.02;10.21;0.00;0.000;0.00;0.00;0.00;0.00;0.000;0.00;0.00;0.00;0.00;0.000;0.00;0.00;0.00;0.00;0.000;0.00;0.00;0.00;428.66;7.656;95.98;0.12;25.75;1693.14;30.240;379.12;0.51;25.75;0.00;0.000;0.00;0.00;0.00;0.00;0.000;0.00;0.00;0.00;125.99;1.800;17.77;0.02;16.22;0.00;0.000;0.00;0.00;0.00;0.00;0.000;0.00;0.00;0.00;842.27;12.034;118.80;0.18;16.22;170.50;2.842;14.86;0.02;10.02;0.00;0.000;0.00;0.00;0.00;0.00;0.000;0.00;0.00;0.00;0.00;0.000;0.00;0.00;0.00;0.00;0.000;0.00;0.00;0.00;314.82;5.247;6.21;0.01;2.27;0.00;0.000;0.00;0.00;0.00;0.00;0.000;0.00;0.00;0.00;0.00;0.000;0.00;0.00;0.00;0.00;0.000;0.00;0.00;0.00;0.00;0.000;0.00;0.00;0.00;0.00;0.000;0.00;0.00;0.00;0.00;0.000;0.00;0.00;0.00;0.00;0.000;0.00;0.00;0.00;0.00;0.000;0.00;0.00;0.00;0.00;0.000;0.00;0.00;0.00;0.00;0.000;0.00;0.00;0.00;706.81;11.782;13.85;0.01;2.25;0.00;0.000;0.00;0.00;0.00;0.00;0.000;0.00;0.00;0.00;0.00;0.000;0.00;0.00;0.00;0.00;0.000;0.00;0.00;0.00;0.00;0.000;0.00;0.00;0.00;969.33;16.158;35.16;0.03;4.17;0.00;0.000;0.00;0.00;0.00;0.00;0.000;0.00;0.00;0.00;0.00;0.000;0.00;0.00;0.00;2852.93;47.786;91.99;0.07;3.71;3375.02;56.482;111.26;0.08;3.79;1383.02;19.760;214.82;0.15;17.86;631.03;9.016;98.01;0.09;17.86;0.00;0.000;0.00;0.00;0.00;0.00;0.000;0.00;0.00;0.00;0.00;0.000;0.00;0.00;0.00;0.00;0.000;0.00;0.00;0.00;0.00;0.000;0.00;0.00;0.00;0.00;0.000;0.00;0.00;0.00
46490;FLANK  BEEF STEW CUBES;2;9969.14;135.426;2088.49;0.04;24.09;0.00;0.000;0.00;0.00;0.00;0.00;0.000;0.00;0.00;0.00;1430.94;18.065;413.49;0.66;33.23;0.00;0.000;0.00;0.00;0.00;1796.09;23.636;403.89;0.52;25.86;0.00;0.000;0.00;0.00;0.00;0.00;0.000;0.00;0.00;0.00;1702.42;19.759;512.37;0.69;34.61;0.00;0.000;0.00;0.00;0.00;0.00;0.000;0.00;0.00;0.00;0.00;0.000;0.00;0.00;0.00;0.00;0.000;0.00;0.00;0.00;0.00;0.000;0.00;0.00;0.00;0.00;0.000;0.00;0.00;0.00;0.00;0.000;0.00;0.00;0.00;0.00;0.000;0.00;0.00;0.00;0.00;0.000;0.00;0.00;0.00;0.00;0.000;0.00;0.00;0.00;0.00;0.000;0.00;0.00;0.00;0.00;0.000;0.00;0.00;0.00;0.00;0.000;0.00;0.00;0.00;0.00;0.000;0.00;0.00;0.00;0.00;0.000;0.00;0.00;0.00;0.00;0.000;0.00;0.00;0.00;0.00;0.000;0.00;0.00;0.00;0.00;0.000;0.00;0.00;0.00;0.00;0.000;0.00;0.00;0.00;0.00;0.000;0.00;0.00;0.00;2506.60;35.848;423.46;0.46;19.43;692.18;7.692;225.06;0.21;37.39;1840.91;30.426;110.22;0.11;6.89;0.00;0.000;0.00;0.00;0.00;0.00;0.000;0.00;0.00;0.00;0.00;0.000;0.00;0.00;0.00;0.00;0.000;0.00;0.00;0.00;0.00;0.000;0.00;0.00;0.00;0.00;0.000;0.00;0.00;0.00;0.00;0.000;0.00;0.00;0.00;0.00;0.000;0.00;0.00;0.00;0.00;0.000;0.00;0.00;0.00;0.00;0.000;0.00;0.00;0.00;0.00;0.000;0.00;0.00;0.00;0.00;0.000;0.00;0.00;0.00;0.00;0.000;0.00;0.00;0.00;0.00;0.000;0.00;0.00;0.00;0.00;0.000;0.00;0.00;0.00;0.00;0.000;0.00;0.00;0.00;0.00;0.000;0.00;0.00;0.00;0.00;0.000;0.00;0.00;0.00
47251;BULK  KASEGRILLER M/CLUB;2;167676.84;1 888.897;35195.31;0.73;24.14;0.00;0.000;0.00;0.00;0.00;0.00;0.000;0.00;0.00;0.00;0.00;0.000;0.00;0.00;0.00;0.00;0.000;0.00;0.00;0.00;0.00;0.000;0.00;0.00;0.00;0.00;0.000;0.00;0.00;0.00;0.00;0.000;0.00;0.00;0.00;0.00;0.000;0.00;0.00;0.00;0.00;0.000;0.00;0.00;0.00;0.00;0.000;0.00;0.00;0.00;0.00;0.000;0.00;0.00;0.00;0.00;0.000;0.00;0.00;0.00;0.00;0.000;0.00;0.00;0.00;2038.73;25.488;382.95;0.46;21.60;4078.96;43.984;1148.47;1.55;32.38;2961.69;31.846;838.82;1.08;32.57;5327.56;62.174;1242.31;1.42;26.82;6201.26;72.956;1414.11;1.73;26.22;5329.84;62.704;1215.39;1.28;26.22;4556.00;53.600;1038.93;1.19;26.22;5751.44;67.421;1324.79;1.46;26.49;6593.60;74.085;1014.63;0.78;17.70;5153.87;58.689;632.27;0.81;14.11;5870.62;74.311;1017.78;1.29;19.94;5132.94;64.974;889.86;0.86;19.94;4906.86;62.112;850.67;0.99;19.94;6269.40;79.360;1086.85;1.08;19.94;6045.50;69.851;1415.15;1.47;26.92;5194.93;57.730;1342.18;1.46;29.71;4910.95;54.574;1268.82;1.19;29.71;4167.36;49.052;925.93;0.91;25.55;6509.11;81.376;1184.42;1.19;20.93;6343.44;71.267;1344.36;1.11;24.37;5365.47;49.760;1480.99;0.93;31.74;4724.71;47.254;1084.19;1.09;26.39;5132.78;51.334;1177.91;1.05;26.39;4518.83;45.194;1037.00;0.83;26.39;3498.44;40.670;635.07;0.51;20.88;3965.58;49.578;572.81;0.41;16.61;3714.25;44.495;649.07;0.51;20.10;3504.22;38.942;788.51;0.60;25.88;3525.24;39.176;793.22;0.57;25.88;2699.52;29.999;432.63;0.40;18.43;3481.55;38.690;660.25;0.54;21.81;3240.33;35.746;744.41;0.65;26.42;5596.03;53.999;1262.80;0.78;25.95;3242.19;30.878;657.84;0.64;23.33;5709.28;53.676;1155.05;1.24;23.27;2414.36;21.952;484.87;0.49;23.10
47669;SUPER BRAAI WORS;2;94102.89;1 555.752;22237.06;0.46;27.18;167.63;2.794;29.51;0.05;20.24;4213.94;70.273;740.24;1.03;20.20;3836.85;63.960;675.02;1.08;20.23;4602.43;76.720;809.79;1.33;20.23;6424.20;107.086;1130.41;1.46;20.24;6612.47;110.226;1163.47;1.57;20.23;7288.56;121.497;1282.39;1.54;20.23;8774.92;134.173;1806.44;2.45;23.67;5011.78;71.606;1162.18;1.57;26.67;8388.56;119.855;2039.96;1.65;27.97;5882.88;84.055;1430.58;2.30;27.97;6764.95;96.655;1645.21;2.53;27.97;1330.64;19.011;323.64;0.39;27.97;0.00;0.000;0.00;0.00;0.00;0.00;0.000;0.00;0.00;0.00;0.00;0.000;0.00;0.00;0.00;0.00;0.000;0.00;0.00;0.00;0.00;0.000;0.00;0.00;0.00;0.00;0.000;0.00;0.00;0.00;0.00;0.000;0.00;0.00;0.00;0.00;0.000;0.00;0.00;0.00;0.00;0.000;0.00;0.00;0.00;4116.52;68.339;1447.95;1.87;40.45;3163.54;71.916;1531.93;1.94;55.69;2952.91;66.861;1434.45;1.38;55.86;0.00;0.000;0.00;0.00;0.00;0.00;0.000;0.00;0.00;0.00;0.00;0.000;0.00;0.00;0.00;0.00;0.000;0.00;0.00;0.00;0.00;0.000;0.00;0.00;0.00;0.00;0.000;0.00;0.00;0.00;0.00;0.000;0.00;0.00;0.00;0.00;0.000;0.00;0.00;0.00;0.00;0.000;0.00;0.00;0.00;0.00;0.000;0.00;0.00;0.00;0.00;0.000;0.00;0.00;0.00;0.00;0.000;0.00;0.00;0.00;0.00;0.000;0.00;0.00;0.00;0.00;0.000;0.00;0.00;0.00;0.00;0.000;0.00;0.00;0.00;175.90;3.519;63.22;0.05;41.33;2312.78;46.265;831.36;0.60;41.34;863.60;16.297;229.45;0.21;30.55;1324.90;26.498;251.15;0.21;21.80;2571.70;52.318;457.45;0.40;20.46;414.85;8.466;72.90;0.05;20.21;4315.30;72.656;1064.16;1.03;28.36;1645.79;27.823;405.57;0.44;28.34;945.29;16.883;208.63;0.21;25.38
47745;BULK SUPER BRAAI WORS;2;75499.80;1 431.244;14929.69;0.31;22.74;0.00;0.000;0.00;0.00;0.00;1827.62;34.490;315.17;0.44;19.83;2826.56;53.388;485.73;0.78;19.76;3638.50;68.664;627.46;1.03;19.83;5032.53;94.970;867.92;1.12;19.83;5403.31;101.968;931.83;1.26;19.83;5526.68;104.296;953.11;1.15;19.83;5482.83;93.658;961.76;1.30;20.17;3393.12;53.435;566.14;0.76;19.19;6659.44;111.010;924.14;0.75;15.96;4180.79;68.605;662.03;1.07;18.21;4667.69;72.944;1014.18;1.56;24.99;1589.77;24.844;345.42;0.42;24.99;0.00;0.000;0.00;0.00;0.00;0.00;0.000;0.00;0.00;0.00;0.00;0.000;0.00;0.00;0.00;0.00;0.000;0.00;0.00;0.00;0.00;0.000;0.00;0.00;0.00;0.00;0.000;0.00;0.00;0.00;0.00;0.000;0.00;0.00;0.00;0.00;0.000;0.00;0.00;0.00;0.00;0.000;0.00;0.00;0.00;2657.77;50.581;935.69;1.21;40.49;3657.81;91.468;1630.32;2.06;51.26;1796.98;44.936;800.93;0.77;51.26;0.00;0.000;0.00;0.00;0.00;0.00;0.000;0.00;0.00;0.00;0.00;0.000;0.00;0.00;0.00;0.00;0.000;0.00;0.00;0.00;0.00;0.000;0.00;0.00;0.00;0.00;0.000;0.00;0.00;0.00;0.00;0.000;0.00;0.00;0.00;0.00;0.000;0.00;0.00;0.00;0.00;0.000;0.00;0.00;0.00;0.00;0.000;0.00;0.00;0.00;0.00;0.000;0.00;0.00;0.00;0.00;0.000;0.00;0.00;0.00;0.00;0.000;0.00;0.00;0.00;0.00;0.000;0.00;0.00;0.00;0.00;0.000;0.00;0.00;0.00;563.94;14.102;130.78;0.10;26.67;2578.13;64.349;597.81;0.43;26.67;1161.40;23.233;266.46;0.24;26.38;1349.19;29.982;153.82;0.13;13.11;3728.14;76.952;625.49;0.54;19.29;735.00;15.000;129.13;0.08;20.20;3390.65;65.311;531.88;0.51;18.04;2249.38;44.999;291.02;0.31;14.88;1402.57;28.059;181.44;0.18;14.88
48771;PORK BELLY ROAST;2;53218.90;522.508;11540.75;0.24;24.94;0.00;0.000;0.00;0.00;0.00;0.00;0.000;0.00;0.00;0.00;0.00;0.000;0.00;0.00;0.00;752.40;7.848;102.23;0.17;15.63;1816.51;19.854;337.26;0.44;21.35;1977.43;21.974;499.00;0.67;29.02;1187.15;13.192;280.49;0.34;27.17;622.33;6.224;186.45;0.25;34.45;1086.69;10.962;281.49;0.38;29.79;1810.54;15.067;526.92;0.43;33.47;0.00;0.000;0.00;0.00;0.00;241.53;2.684;32.91;0.05;15.67;668.08;5.807;197.74;0.24;34.04;0.00;0.000;0.00;0.00;0.00;3056.70;35.810;294.90;0.40;11.09;2749.15;31.186;332.60;0.43;13.91;3074.06;37.774;180.39;0.21;6.75;2144.72;23.730;299.03;0.37;16.03;2525.21;20.126;867.72;0.91;39.52;2804.63;27.554;620.52;0.71;25.44;381.30;4.014;66.68;0.07;20.11;2051.12;17.712;614.77;0.47;34.47;1870.83;16.792;518.70;0.67;31.88;1027.36;11.050;164.17;0.21;18.38;1486.07;15.132;293.67;0.28;22.73;851.33;8.514;178.45;0.21;24.11;425.99;4.216;87.97;0.09;23.75;585.37;5.322;134.67;0.14;26.46;202.16;1.838;46.51;0.05;26.46;0.00;0.000;0.00;0.00;0.00;334.81;3.044;77.02;0.08;26.46;440.41;4.004;101.32;0.10;26.46;477.80;4.344;109.92;0.09;26.46;1411.01;11.038;450.55;0.28;36.72;-111.75;-0.860;-36.68;-0.04;37.75;479.39;4.398;107.51;0.10;25.79;340.73;3.126;76.40;0.06;25.79;2163.09;20.977;405.43;0.32;21.55;2063.21;21.166;305.28;0.22;17.02;1317.66;12.316;279.48;0.22;24.39;1196.26;11.068;261.70;0.20;25.16;2575.72;21.626;726.15;0.52;32.42;541.96;4.336;167.79;0.15;35.60;1324.94;11.171;370.26;0.30;32.14;941.39;7.242;311.73;0.27;38.08;232.16;1.786;76.88;0.05;38.08;0.00;0.000;0.00;0.00;0.00;0.00;0.000;0.00;0.00;0.00;2091.45;17.344;604.75;0.61;33.25
49111;BULSS I-GRILL;2;2662.56;162.000;769.23;0.02;33.22;0.00;0.000;0.00;0.00;0.00;0.00;0.000;0.00;0.00;0.00;0.00;0.000;0.00;0.00;0.00;0.00;0.000;0.00;0.00;0.00;495.69;31.000;146.53;0.19;33.99;351.78;22.000;103.99;0.14;33.99;447.72;28.000;132.35;0.16;33.99;207.87;13.000;61.45;0.08;33.99;63.96;4.000;18.91;0.03;33.99;47.97;3.000;14.18;0.01;33.99;63.96;4.000;18.91;0.03;33.99;47.97;3.000;14.18;0.02;33.99;79.95;5.000;23.63;0.03;33.99;127.92;8.000;37.81;0.05;33.99;63.96;4.000;18.91;0.03;33.99;95.94;6.000;28.36;0.04;33.99;127.92;8.000;37.81;0.04;33.99;79.95;5.000;23.63;0.03;33.99;0.00;0.000;0.00;0.00;0.00;0.00;0.000;0.00;0.00;0.00;0.00;0.000;0.00;0.00;0.00;0.00;0.000;0.00;0.00;0.00;0.00;0.000;0.00;0.00;0.00;0.00;0.000;0.00;0.00;0.00;0.00;0.000;0.00;0.00;0.00;0.00;0.000;0.00;0.00;0.00;0.00;0.000;0.00;0.00;0.00;0.00;0.000;0.00;0.00;0.00;0.00;0.000;0.00;0.00;0.00;0.00;0.000;0.00;0.00;0.00;0.00;0.000;0.00;0.00;0.00;0.00;0.000;0.00;0.00;0.00;0.00;0.000;0.00;0.00;0.00;0.00;0.000;0.00;0.00;0.00;0.00;0.000;0.00;0.00;0.00;0.00;0.000;0.00;0.00;0.00;0.00;0.000;0.00;0.00;0.00;0.00;0.000;0.00;0.00;0.00;60.00;3.000;14.76;0.01;28.30;100.00;5.000;24.60;0.02;28.30;140.00;7.000;34.45;0.03;28.30;60.00;3.000;14.76;0.01;28.30;0.00;0.000;0.00;0.00;0.00;0.00;0.000;0.00;0.00;0.00;0.00;0.000;0.00;0.00;0.00;0.00;0.000;0.00;0.00;0.00;0.00;0.000;0.00;0.00;0.00;0.00;0.000;0.00;0.00;0.00;0.00;0.000;0.00;0.00;0.00
49605;SPAR T&T B/BUST CHS/ONION;2;7867.05;170.000;1340.78;0.03;19.60;0.00;0.000;0.00;0.00;0.00;0.00;0.000;0.00;0.00;0.00;0.00;0.000;0.00;0.00;0.00;0.00;0.000;0.00;0.00;0.00;0.00;0.000;0.00;0.00;0.00;0.00;0.000;0.00;0.00;0.00;0.00;0.000;0.00;0.00;0.00;0.00;0.000;0.00;0.00;0.00;0.00;0.000;0.00;0.00;0.00;581.87;13.000;102.52;0.08;20.26;629.86;14.000;111.76;0.18;20.40;1214.73;27.000;215.53;0.33;20.40;224.95;5.000;39.91;0.05;20.40;1214.73;27.000;215.53;0.26;20.40;0.00;0.000;0.00;0.00;0.00;629.86;14.000;111.76;0.14;20.40;314.93;7.000;56.96;0.06;20.80;0.00;0.000;0.00;0.00;0.00;349.93;7.000;65.01;0.07;21.36;197.46;4.000;34.97;0.04;20.37;0.00;0.000;0.00;0.00;0.00;0.00;0.000;0.00;0.00;0.00;499.90;10.000;92.87;0.12;21.36;347.43;7.000;62.84;0.08;20.80;107.98;2.000;20.75;0.02;22.10;0.00;0.000;0.00;0.00;0.00;0.00;0.000;0.00;0.00;0.00;179.96;4.000;17.98;0.02;11.49;325.93;7.000;40.27;0.04;14.21;0.00;0.000;0.00;0.00;0.00;89.98;2.000;12.34;0.01;15.77;357.67;8.000;47.39;0.05;15.24;0.00;0.000;0.00;0.00;0.00;0.00;0.000;0.00;0.00;0.00;0.00;0.000;0.00;0.00;0.00;0.00;0.000;0.00;0.00;0.00;0.00;0.000;0.00;0.00;0.00;0.00;0.000;0.00;0.00;0.00;0.00;0.000;0.00;0.00;0.00;249.95;5.000;38.50;0.03;17.71;349.93;7.000;53.90;0.04;17.71;0.00;0.000;0.00;0.00;0.00;0.00;0.000;0.00;0.00;0.00;0.00;0.000;0.00;0.00;0.00;0.00;0.000;0.00;0.00;0.00;0.00;0.000;0.00;0.00;0.00;0.00;0.000;0.00;0.00;0.00;0.00;0.000;0.00;0.00;0.00;0.00;0.000;0.00;0.00;0.00
50339;LAMB  LIVER;2;16171.72;270.766;3915.14;0.08;27.84;0.00;0.000;0.00;0.00;0.00;0.00;0.000;0.00;0.00;0.00;0.00;0.000;0.00;0.00;0.00;0.00;0.000;0.00;0.00;0.00;0.00;0.000;0.00;0.00;0.00;0.00;0.000;0.00;0.00;0.00;0.00;0.000;0.00;0.00;0.00;988.49;27.628;252.03;0.34;29.32;721.74;20.078;186.10;0.25;29.65;220.31;6.168;55.94;0.05;29.20;893.91;17.898;258.45;0.42;33.25;1025.90;19.104;268.98;0.41;30.15;454.78;8.454;117.32;0.14;29.67;633.88;11.772;181.62;0.22;32.95;945.10;16.758;253.28;0.34;30.82;726.97;12.756;192.07;0.25;30.38;96.66;1.696;25.54;0.03;30.39;0.00;0.000;0.00;0.00;0.00;0.00;0.000;0.00;0.00;0.00;0.00;0.000;0.00;0.00;0.00;0.00;0.000;0.00;0.00;0.00;0.00;0.000;0.00;0.00;0.00;0.00;0.000;0.00;0.00;0.00;0.00;0.000;0.00;0.00;0.00;0.00;0.000;0.00;0.00;0.00;0.00;0.000;0.00;0.00;0.00;0.00;0.000;0.00;0.00;0.00;726.20;10.408;152.81;0.16;24.20;173.42;2.478;36.84;0.04;24.43;476.43;6.838;99.81;0.09;24.09;100.50;1.436;21.35;0.02;24.43;850.08;12.240;176.28;0.18;23.85;374.56;5.352;79.57;0.07;24.43;295.22;4.244;61.53;0.04;23.97;261.73;3.740;55.59;0.06;24.42;151.58;2.166;32.19;0.03;24.43;768.05;11.002;161.89;0.13;24.24;626.19;8.948;132.99;0.11;24.42;261.59;3.738;55.56;0.04;24.42;530.50;7.424;115.49;0.09;25.04;732.47;9.158;179.12;0.14;28.12;728.16;9.158;175.37;0.13;27.70;264.10;3.302;64.59;0.06;28.12;466.93;5.838;114.18;0.09;28.12;292.41;3.656;71.51;0.06;28.12;83.18;1.040;20.34;0.01;28.12;335.44;4.194;82.03;0.08;28.12;547.58;6.872;132.63;0.14;27.85;417.66;5.222;102.13;0.10;28.12
51065;RIBBON SNOEK;2;3398.06;194.000;914.18;0.02;30.94;0.00;0.000;0.00;0.00;0.00;0.00;0.000;0.00;0.00;0.00;0.00;0.000;0.00;0.00;0.00;0.00;0.000;0.00;0.00;0.00;0.00;0.000;0.00;0.00;0.00;0.00;0.000;0.00;0.00;0.00;0.00;0.000;0.00;0.00;0.00;0.00;0.000;0.00;0.00;0.00;0.00;0.000;0.00;0.00;0.00;0.00;0.000;0.00;0.00;0.00;0.00;0.000;0.00;0.00;0.00;159.90;10.000;43.44;0.07;31.24;383.76;24.000;104.26;0.13;31.24;287.82;18.000;78.20;0.09;31.24;399.75;25.000;108.61;0.15;31.24;255.84;16.000;69.51;0.09;31.24;479.70;30.000;130.33;0.15;31.24;255.84;16.000;69.49;0.09;31.24;295.84;16.000;84.86;0.09;32.99;179.91;9.000;52.94;0.06;33.84;259.87;13.000;76.47;0.08;33.84;139.93;7.000;41.18;0.03;33.84;0.00;0.000;0.00;0.00;0.00;0.00;0.000;0.00;0.00;0.00;0.00;0.000;0.00;0.00;0.00;0.00;0.000;0.00;0.00;0.00;0.00;0.000;0.00;0.00;0.00;0.00;0.000;0.00;0.00;0.00;0.00;0.000;0.00;0.00;0.00;0.00;0.000;0.00;0.00;0.00;0.00;0.000;0.00;0.00;0.00;0.00;0.000;0.00;0.00;0.00;239.92;8.000;54.71;0.05;26.22;59.98;2.000;0.18;0.00;0.34;0.00;0.000;0.00;0.00;0.00;0.00;0.000;0.00;0.00;0.00;0.00;0.000;0.00;0.00;0.00;0.00;0.000;0.00;0.00;0.00;0.00;0.000;0.00;0.00;0.00;0.00;0.000;0.00;0.00;0.00;0.00;0.000;0.00;0.00;0.00;0.00;0.000;0.00;0.00;0.00;0.00;0.000;0.00;0.00;0.00;0.00;0.000;0.00;0.00;0.00;0.00;0.000;0.00;0.00;0.00;0.00;0.000;0.00;0.00;0.00;0.00;0.000;0.00;0.00;0.00;0.00;0.000;0.00;0.00;0.00;0.00;0.000;0.00;0.00;0.00
51078;BULK ROOIBERG B/WORS;2;95241.92;868.210;15570.68;0.32;18.80;0.00;0.000;0.00;0.00;0.00;0.00;0.000;0.00;0.00;0.00;0.00;0.000;0.00;0.00;0.00;0.00;0.000;0.00;0.00;0.00;0.00;0.000;0.00;0.00;0.00;0.00;0.000;0.00;0.00;0.00;0.00;0.000;0.00;0.00;0.00;0.00;0.000;0.00;0.00;0.00;1063.70;10.036;190.88;0.26;20.64;3730.86;35.200;669.56;0.54;20.64;0.00;0.000;0.00;0.00;0.00;0.00;0.000;0.00;0.00;0.00;0.00;0.000;0.00;0.00;0.00;0.00;0.000;0.00;0.00;0.00;0.00;0.000;0.00;0.00;0.00;4469.00;47.048;444.81;0.57;11.45;2321.89;22.854;347.40;0.40;17.21;0.00;0.000;0.00;0.00;0.00;2948.92;29.790;385.32;0.40;15.03;108.89;1.100;14.23;0.02;15.03;0.00;0.000;0.00;0.00;0.00;0.00;0.000;0.00;0.00;0.00;0.00;0.000;0.00;0.00;0.00;0.00;0.000;0.00;0.00;0.00;3114.01;31.144;550.03;0.53;20.31;3086.46;29.774;621.00;0.72;23.14;3541.28;35.166;642.96;0.64;20.88;3442.81;34.395;610.70;0.64;20.40;2116.90;20.820;398.28;0.43;21.64;0.00;0.000;0.00;0.00;0.00;4288.15;42.886;798.00;0.78;21.40;1949.50;19.498;365.49;0.37;21.56;3439.33;32.097;776.64;0.64;25.97;0.00;0.000;0.00;0.00;0.00;0.00;0.000;0.00;0.00;0.00;0.00;0.000;0.00;0.00;0.00;0.00;0.000;0.00;0.00;0.00;3281.72;29.838;766.75;0.61;26.87;3329.71;30.274;826.47;0.60;28.54;0.00;0.000;0.00;0.00;0.00;0.00;0.000;0.00;0.00;0.00;0.00;0.000;0.00;0.00;0.00;0.00;0.000;0.00;0.00;0.00;3725.67;33.874;497.61;0.41;15.36;10188.40;88.362;2362.21;2.05;26.66;14998.02;113.122;2896.95;1.80;22.21;8305.17;73.723;439.37;0.42;6.08;3393.28;30.851;112.39;0.12;3.81;8398.25;76.358;853.63;0.86;11.69
51712;SHEEP/LAMB TRIPE-TROT;2;8635.93;90.411;2013.97;0.04;26.82;0.00;0.000;0.00;0.00;0.00;0.00;0.000;0.00;0.00;0.00;0.00;0.000;0.00;0.00;0.00;0.00;0.000;0.00;0.00;0.00;0.00;0.000;0.00;0.00;0.00;0.00;0.000;0.00;0.00;0.00;0.00;0.000;0.00;0.00;0.00;0.00;0.000;0.00;0.00;0.00;0.00;0.000;0.00;0.00;0.00;0.00;0.000;0.00;0.00;0.00;0.00;0.000;0.00;0.00;0.00;1526.75;21.814;408.29;0.63;30.75;148.80;2.126;35.87;0.04;27.72;0.00;0.000;0.00;0.00;0.00;316.21;3.576;81.90;0.11;29.78;109.79;1.220;29.60;0.04;31.01;320.37;3.560;86.38;0.10;31.01;759.05;8.494;201.45;0.25;30.52;197.26;2.192;53.18;0.06;31.01;0.00;0.000;0.00;0.00;0.00;309.03;3.434;83.32;0.09;31.01;610.18;7.088;147.91;0.11;27.88;162.10;1.801;43.72;0.06;31.02;416.48;4.628;112.29;0.14;31.01;308.85;3.432;83.27;0.08;31.01;321.81;3.576;86.77;0.10;31.01;106.91;1.188;28.83;0.03;31.01;0.00;0.000;0.00;0.00;0.00;366.11;3.902;27.70;0.03;8.70;123.06;1.367;5.18;0.00;4.84;0.00;0.000;0.00;0.00;0.00;0.00;0.000;0.00;0.00;0.00;0.00;0.000;0.00;0.00;0.00;0.00;0.000;0.00;0.00;0.00;0.00;0.000;0.00;0.00;0.00;0.00;0.000;0.00;0.00;0.00;0.00;0.000;0.00;0.00;0.00;0.00;0.000;0.00;0.00;0.00;0.00;0.000;0.00;0.00;0.00;0.00;0.000;0.00;0.00;0.00;333.97;2.351;52.02;0.04;17.91;833.98;5.560;169.26;0.12;23.34;365.98;2.440;74.27;0.07;23.34;185.39;1.236;37.62;0.03;23.34;813.85;5.426;165.15;0.14;23.34;0.00;0.000;0.00;0.00;0.00;0.00;0.000;0.00;0.00;0.00;0.00;0.000;0.00;0.00;0.00;0.00;0.000;0.00;0.00;0.00
52186;BULK GROUND BEEF;2;230133.40;2 757.122;41803.63;0.87;20.89;0.00;0.000;0.00;0.00;0.00;0.00;0.000;0.00;0.00;0.00;0.00;0.000;0.00;0.00;0.00;0.00;0.000;0.00;0.00;0.00;0.00;0.000;0.00;0.00;0.00;0.00;0.000;0.00;0.00;0.00;0.00;0.000;0.00;0.00;0.00;0.00;0.000;0.00;0.00;0.00;0.00;0.000;0.00;0.00;0.00;0.00;0.000;0.00;0.00;0.00;0.00;0.000;0.00;0.00;0.00;0.00;0.000;0.00;0.00;0.00;445.44;4.950;86.78;0.10;22.40;918.41;11.548;141.84;0.17;17.76;422.10;5.628;48.44;0.07;13.20;1332.75;17.770;152.95;0.20;13.20;3211.87;43.260;343.98;0.39;12.32;4373.69;57.556;544.96;0.67;14.33;2345.08;29.824;350.86;0.37;17.21;4444.46;59.803;479.30;0.55;12.40;3446.42;45.526;335.32;0.37;11.19;3506.16;46.140;73.61;0.06;2.41;405.47;4.956;30.50;0.04;8.65;2418.82;34.283;-53.08;-0.07;-2.52;1132.97;16.420;105.98;0.10;10.76;615.21;8.916;80.25;0.09;15.00;5579.71;80.865;727.81;0.73;15.00;2193.10;31.784;286.06;0.30;15.00;3487.61;50.545;454.91;0.50;15.00;6652.33;96.410;867.72;0.81;15.00;2751.31;39.874;358.87;0.35;15.00;11682.84;169.316;1523.88;1.53;15.00;9953.04;137.346;1506.46;1.24;17.41;5699.13;74.998;972.62;0.61;19.63;10004.60;131.656;1707.40;1.72;19.63;7092.59;93.336;1210.39;1.08;19.63;7123.61;93.744;1215.70;0.97;19.63;6390.28;74.870;1580.42;1.26;28.44;14090.93;156.586;3936.70;2.85;32.13;12072.29;116.350;4318.29;3.43;41.14;9408.86;85.763;3045.13;2.33;37.22;12545.85;139.416;2544.47;1.83;23.32;9071.86;100.810;1754.77;1.61;22.24;12794.78;142.182;2307.77;1.89;20.74;11150.73;120.872;2199.81;1.91;22.69;12430.01;128.074;2084.10;1.29;19.28;9836.25;99.356;1399.63;1.35;16.36;11108.00;117.545;1724.15;1.86;17.85;7994.84;88.844;1354.86;1.36;19.49
52680;SPAR ST  BAVETTE PLANKIE;2;37848.47;222.131;5496.71;0.11;16.70;0.00;0.000;0.00;0.00;0.00;0.00;0.000;0.00;0.00;0.00;0.00;0.000;0.00;0.00;0.00;0.00;0.000;0.00;0.00;0.00;0.00;0.000;0.00;0.00;0.00;0.00;0.000;0.00;0.00;0.00;0.00;0.000;0.00;0.00;0.00;0.00;0.000;0.00;0.00;0.00;0.00;0.000;0.00;0.00;0.00;0.00;0.000;0.00;0.00;0.00;0.00;0.000;0.00;0.00;0.00;0.00;0.000;0.00;0.00;0.00;0.00;0.000;0.00;0.00;0.00;0.00;0.000;0.00;0.00;0.00;0.00;0.000;0.00;0.00;0.00;0.00;0.000;0.00;0.00;0.00;634.85;5.079;89.61;0.10;16.23;246.39;1.922;24.71;0.03;11.54;0.00;0.000;0.00;0.00;0.00;0.00;0.000;0.00;0.00;0.00;0.00;0.000;0.00;0.00;0.00;0.00;0.000;0.00;0.00;0.00;0.00;0.000;0.00;0.00;0.00;0.00;0.000;0.00;0.00;0.00;940.89;7.238;86.21;0.08;10.54;1550.64;10.917;198.93;0.23;14.75;1109.39;7.053;190.67;0.19;19.76;0.00;0.000;0.00;0.00;0.00;0.00;0.000;0.00;0.00;0.00;405.58;2.704;68.59;0.06;19.45;1447.76;9.652;244.86;0.24;19.45;652.37;4.380;107.11;0.11;18.88;0.00;0.000;0.00;0.00;0.00;3670.68;23.579;456.24;0.29;14.29;2580.78;15.566;455.29;0.46;20.29;2401.48;15.031;403.81;0.36;19.34;770.64;4.744;119.37;0.10;17.81;2154.47;13.486;267.64;0.21;14.29;1671.11;10.045;257.06;0.19;17.69;2600.11;14.548;436.76;0.35;19.32;1171.76;6.386;193.01;0.15;18.94;0.00;0.000;0.00;0.00;0.00;0.00;0.000;0.00;0.00;0.00;2037.55;10.188;344.62;0.28;19.45;1399.77;6.832;236.77;0.21;19.45;6463.33;34.538;686.76;0.43;12.22;774.04;3.651;113.43;0.11;16.85;615.12;2.796;104.00;0.11;19.44;2549.76;11.796;411.25;0.41;18.55
52683;SPAR T&T LAMB SKPDJIES FR P/KG;2;13774.50;132.737;2516.15;0.05;21.01;0.00;0.000;0.00;0.00;0.00;0.00;0.000;0.00;0.00;0.00;0.00;0.000;0.00;0.00;0.00;0.00;0.000;0.00;0.00;0.00;0.00;0.000;0.00;0.00;0.00;0.00;0.000;0.00;0.00;0.00;0.00;0.000;0.00;0.00;0.00;0.00;0.000;0.00;0.00;0.00;0.00;0.000;0.00;0.00;0.00;0.00;0.000;0.00;0.00;0.00;0.00;0.000;0.00;0.00;0.00;0.00;0.000;0.00;0.00;0.00;0.00;0.000;0.00;0.00;0.00;0.00;0.000;0.00;0.00;0.00;557.91;5.636;99.10;0.13;20.43;836.26;8.403;151.61;0.20;20.85;99.19;0.992;18.64;0.02;21.61;0.00;0.000;0.00;0.00;0.00;0.00;0.000;0.00;0.00;0.00;0.00;0.000;0.00;0.00;0.00;0.00;0.000;0.00;0.00;0.00;0.00;0.000;0.00;0.00;0.00;0.00;0.000;0.00;0.00;0.00;0.00;0.000;0.00;0.00;0.00;0.00;0.000;0.00;0.00;0.00;0.00;0.000;0.00;0.00;0.00;395.56;3.956;70.39;0.07;20.46;56.59;0.566;10.07;0.01;20.46;431.98;4.320;76.89;0.08;20.47;510.15;5.102;90.78;0.09;20.46;1910.53;19.136;337.98;0.33;20.34;1924.62;19.248;342.49;0.34;20.46;540.96;5.410;96.27;0.08;20.47;1431.99;14.322;254.77;0.16;20.46;749.69;7.498;133.38;0.13;20.46;1100.47;11.347;179.91;0.16;18.80;686.47;7.471;87.73;0.07;14.70;848.03;7.229;184.65;0.15;25.04;713.60;5.097;160.71;0.12;25.90;188.73;1.348;42.51;0.03;25.90;468.69;3.348;105.53;0.08;25.89;323.08;2.308;72.73;0.05;25.89;0.00;0.000;0.00;0.00;0.00;0.00;0.000;0.00;0.00;0.00;0.00;0.000;0.00;0.00;0.00;0.00;0.000;0.00;0.00;0.00;0.00;0.000;0.00;0.00;0.00;0.00;0.000;0.00;0.00;0.00;0.00;0.000;0.00;0.00;0.00
52933;BW KUDU DROEWORS;2;55625.68;148.277;14486.45;0.30;29.95;0.00;0.000;0.00;0.00;0.00;0.00;0.000;0.00;0.00;0.00;0.00;0.000;0.00;0.00;0.00;0.00;0.000;0.00;0.00;0.00;0.00;0.000;0.00;0.00;0.00;0.00;0.000;0.00;0.00;0.00;0.00;0.000;0.00;0.00;0.00;0.00;0.000;0.00;0.00;0.00;0.00;0.000;0.00;0.00;0.00;0.00;0.000;0.00;0.00;0.00;0.00;0.000;0.00;0.00;0.00;0.00;0.000;0.00;0.00;0.00;0.00;0.000;0.00;0.00;0.00;0.00;0.000;0.00;0.00;0.00;423.12;0.984;111.44;0.15;30.29;435.16;1.012;114.61;0.15;30.29;529.76;1.232;139.53;0.16;30.29;580.50;1.350;152.89;0.19;30.29;1117.14;2.598;294.23;0.31;30.29;202.96;0.472;53.45;0.06;30.29;599.42;1.394;157.87;0.17;30.29;0.00;0.000;0.00;0.00;0.00;0.00;0.000;0.00;0.00;0.00;0.00;0.000;0.00;0.00;0.00;0.00;0.000;0.00;0.00;0.00;0.00;0.000;0.00;0.00;0.00;0.00;0.000;0.00;0.00;0.00;0.00;0.000;0.00;0.00;0.00;0.00;0.000;0.00;0.00;0.00;0.00;0.000;0.00;0.00;0.00;1448.39;4.260;392.60;0.39;31.17;3661.12;10.768;992.40;1.00;31.17;3174.30;9.302;867.40;0.71;31.42;2790.18;7.972;774.95;0.49;31.94;3484.57;9.956;846.11;0.85;27.92;3584.50;10.126;895.72;0.80;28.74;2473.51;6.890;639.49;0.51;29.73;2729.82;7.604;691.48;0.55;29.13;1282.34;3.572;292.34;0.21;26.22;1216.38;3.201;295.79;0.23;27.97;2376.59;6.338;533.75;0.41;25.83;2885.54;7.670;654.18;0.47;26.07;1786.40;4.466;473.29;0.43;30.47;2727.99;6.820;722.75;0.59;30.47;2856.79;7.142;756.87;0.66;30.47;3688.00;9.220;977.10;0.61;30.47;2501.60;6.254;662.77;0.64;30.47;2924.80;7.312;824.33;0.89;32.41;4144.80;10.362;1169.10;1.17;32.44
52936;BW BEEF BITES PLAIN;2;65485.07;116.764;16856.55;0.35;29.60;0.00;0.000;0.00;0.00;0.00;0.00;0.000;0.00;0.00;0.00;0.00;0.000;0.00;0.00;0.00;0.00;0.000;0.00;0.00;0.00;0.00;0.000;0.00;0.00;0.00;0.00;0.000;0.00;0.00;0.00;0.00;0.000;0.00;0.00;0.00;0.00;0.000;0.00;0.00;0.00;0.00;0.000;0.00;0.00;0.00;0.00;0.000;0.00;0.00;0.00;0.00;0.000;0.00;0.00;0.00;0.00;0.000;0.00;0.00;0.00;0.00;0.000;0.00;0.00;0.00;0.00;0.000;0.00;0.00;0.00;346.50;0.660;91.16;0.12;30.26;725.55;1.382;190.88;0.25;30.26;843.15;1.606;221.82;0.25;30.26;1181.25;2.250;310.77;0.38;30.26;1643.25;3.130;432.32;0.45;30.26;1040.55;1.982;273.76;0.31;30.26;927.15;1.766;243.92;0.27;30.26;1098.30;2.092;288.95;0.22;30.26;2140.95;4.078;563.26;0.73;30.26;2117.85;4.034;557.18;0.71;30.26;2460.15;4.686;647.24;0.62;30.26;3417.75;6.510;899.17;1.05;30.26;2615.55;4.982;688.12;0.69;30.26;2491.65;4.746;655.53;0.68;30.26;2723.70;5.188;716.58;0.78;30.26;2494.80;4.752;656.35;0.62;30.26;1984.50;3.780;522.10;0.51;30.26;2927.40;5.576;770.17;0.77;30.26;1887.61;3.566;505.99;0.42;30.83;2957.17;5.426;765.54;0.48;29.77;2164.74;3.972;522.85;0.53;27.78;2974.61;5.458;718.45;0.64;27.78;1319.99;2.422;318.82;0.25;27.78;1469.58;2.638;338.60;0.27;26.50;1706.68;2.925;373.70;0.27;25.18;2799.64;4.540;634.25;0.50;26.05;2585.26;3.692;624.33;0.48;27.77;2163.00;3.090;564.89;0.41;30.03;2529.53;3.711;739.35;0.68;33.61;2518.97;3.942;656.97;0.54;29.99;2801.37;4.384;730.60;0.63;29.99;912.51;1.428;237.99;0.15;29.99;889.47;1.392;231.96;0.22;29.99;624.94;0.978;162.98;0.18;29.99;0.00;0.000;0.00;0.00;0.00
52937;BW BEEF BITES CHILLI;2;116357.24;206.883;29669.65;0.62;29.32;0.00;0.000;0.00;0.00;0.00;0.00;0.000;0.00;0.00;0.00;0.00;0.000;0.00;0.00;0.00;0.00;0.000;0.00;0.00;0.00;0.00;0.000;0.00;0.00;0.00;0.00;0.000;0.00;0.00;0.00;0.00;0.000;0.00;0.00;0.00;0.00;0.000;0.00;0.00;0.00;0.00;0.000;0.00;0.00;0.00;0.00;0.000;0.00;0.00;0.00;0.00;0.000;0.00;0.00;0.00;0.00;0.000;0.00;0.00;0.00;0.00;0.000;0.00;0.00;0.00;0.00;0.000;0.00;0.00;0.00;2626.05;5.002;690.88;0.93;30.26;1586.55;3.022;417.40;0.54;30.26;1664.25;3.170;437.85;0.50;30.26;2401.35;4.574;631.77;0.77;30.26;3122.70;5.948;821.55;0.86;30.26;2840.25;5.410;747.24;0.85;30.26;3689.70;7.028;970.72;1.07;30.26;4680.90;8.916;1231.49;0.94;30.26;3513.30;6.692;924.31;1.19;30.26;2886.45;5.498;759.39;0.96;30.26;1538.25;2.930;404.70;0.39;30.26;0.00;0.000;0.00;0.00;0.00;1821.75;3.470;479.28;0.48;30.26;5136.60;9.784;1351.38;1.41;30.26;3247.65;6.186;854.42;0.93;30.26;3681.30;7.012;968.51;0.91;30.26;4397.40;8.376;1156.91;1.14;30.26;3367.35;6.414;885.91;0.89;30.26;3361.96;6.358;899.06;0.74;30.75;4132.19;7.582;1079.04;0.68;30.03;2322.79;4.262;561.02;0.57;27.78;2038.30;3.740;492.31;0.44;27.78;2903.76;5.328;701.34;0.56;27.78;4450.59;8.010;995.21;0.79;25.72;5564.38;9.447;1217.08;0.88;25.15;4500.56;7.019;1055.27;0.84;26.96;4069.47;5.744;992.14;0.76;28.04;4859.40;6.942;1304.71;0.94;30.88;3446.18;5.020;1043.90;0.96;34.84;4714.57;7.378;1229.58;1.01;29.99;4023.14;6.296;1049.24;0.91;29.99;4980.37;7.794;1298.89;0.81;29.99;2224.04;3.575;543.27;0.53;28.09;2691.74;5.212;620.38;0.67;26.50;3872.00;7.744;853.49;0.86;25.35
52938;BW BEEF BITES CHUTNEY;2;50385.07;91.853;12953.72;0.27;29.57;0.00;0.000;0.00;0.00;0.00;0.00;0.000;0.00;0.00;0.00;0.00;0.000;0.00;0.00;0.00;0.00;0.000;0.00;0.00;0.00;0.00;0.000;0.00;0.00;0.00;0.00;0.000;0.00;0.00;0.00;0.00;0.000;0.00;0.00;0.00;0.00;0.000;0.00;0.00;0.00;0.00;0.000;0.00;0.00;0.00;0.00;0.000;0.00;0.00;0.00;0.00;0.000;0.00;0.00;0.00;0.00;0.000;0.00;0.00;0.00;0.00;0.000;0.00;0.00;0.00;0.00;0.000;0.00;0.00;0.00;89.25;0.170;23.48;0.03;30.26;575.40;1.096;151.38;0.20;30.26;1740.90;3.316;458.01;0.52;30.26;974.40;1.856;256.35;0.31;30.26;1234.80;2.352;324.86;0.34;30.26;1481.55;2.822;389.78;0.45;30.26;1462.65;2.786;384.81;0.42;30.26;1381.80;2.632;363.54;0.28;30.26;1880.55;3.582;494.75;0.64;30.26;2313.15;4.406;608.56;0.77;30.26;2431.80;4.632;639.78;0.62;30.26;2434.95;4.638;640.61;0.75;30.26;2543.10;4.844;669.06;0.67;30.26;2108.40;4.016;554.70;0.58;30.26;2012.85;3.834;529.56;0.58;30.26;2517.90;4.796;662.43;0.62;30.26;1696.80;3.232;446.41;0.44;30.26;1669.50;3.180;439.23;0.44;30.26;2345.54;4.424;631.00;0.52;30.94;2360.94;4.332;625.87;0.39;30.49;2029.58;3.724;490.20;0.49;27.78;1419.18;2.604;342.77;0.31;27.78;906.88;1.664;219.04;0.17;27.78;1565.20;2.798;357.40;0.28;26.26;1757.36;3.021;385.04;0.28;25.20;958.60;1.578;218.66;0.17;26.23;2138.94;3.060;493.57;0.38;26.54;1363.06;1.950;338.33;0.24;28.54;1328.66;1.908;381.26;0.35;33.00;1118.24;1.750;291.63;0.24;29.99;0.00;0.000;0.00;0.00;0.00;152.08;0.238;39.66;0.02;29.99;391.06;0.612;101.98;0.10;29.99;0.00;0.000;0.00;0.00;0.00;0.00;0.000;0.00;0.00;0.00
52941;BW BABBELAS MIX BILTONG;2;30388.80;75.972;8428.95;0.18;31.90;0.00;0.000;0.00;0.00;0.00;0.00;0.000;0.00;0.00;0.00;0.00;0.000;0.00;0.00;0.00;0.00;0.000;0.00;0.00;0.00;0.00;0.000;0.00;0.00;0.00;0.00;0.000;0.00;0.00;0.00;0.00;0.000;0.00;0.00;0.00;0.00;0.000;0.00;0.00;0.00;0.00;0.000;0.00;0.00;0.00;0.00;0.000;0.00;0.00;0.00;0.00;0.000;0.00;0.00;0.00;0.00;0.000;0.00;0.00;0.00;0.00;0.000;0.00;0.00;0.00;0.00;0.000;0.00;0.00;0.00;564.80;1.412;156.66;0.21;31.90;1901.60;4.754;527.45;0.68;31.90;2913.60;7.284;808.15;0.92;31.90;1980.00;4.950;549.19;0.67;31.90;2238.40;5.596;620.87;0.65;31.90;1870.40;4.676;518.79;0.59;31.90;1792.80;4.482;497.27;0.55;31.90;2837.60;7.094;787.07;0.60;31.90;1098.40;2.746;304.66;0.39;31.90;545.60;1.364;151.33;0.19;31.90;1084.80;2.712;300.89;0.29;31.90;804.00;2.010;223.01;0.26;31.90;364.80;0.912;101.18;0.10;31.90;2605.60;6.514;722.72;0.75;31.90;1104.00;2.760;306.22;0.33;31.90;1121.60;2.804;311.10;0.29;31.90;1223.20;3.058;339.28;0.33;31.90;1035.20;2.588;287.13;0.29;31.90;1114.40;2.786;309.10;0.25;31.90;921.60;2.304;255.62;0.16;31.90;375.20;0.938;104.07;0.10;31.90;369.60;0.924;102.52;0.09;31.90;52.00;0.130;14.42;0.01;31.90;0.00;0.000;0.00;0.00;0.00;0.00;0.000;0.00;0.00;0.00;0.00;0.000;0.00;0.00;0.00;469.60;1.174;130.25;0.10;31.90;0.00;0.000;0.00;0.00;0.00;0.00;0.000;0.00;0.00;0.00;0.00;0.000;0.00;0.00;0.00;0.00;0.000;0.00;0.00;0.00;0.00;0.000;0.00;0.00;0.00;0.00;0.000;0.00;0.00;0.00;0.00;0.000;0.00;0.00;0.00;0.00;0.000;0.00;0.00;0.00
53487;STEAK PACK;2;494564.02;4 603.551;100495.78;2.09;23.37;0.00;0.000;0.00;0.00;0.00;0.00;0.000;0.00;0.00;0.00;0.00;0.000;0.00;0.00;0.00;0.00;0.000;0.00;0.00;0.00;0.00;0.000;0.00;0.00;0.00;0.00;0.000;0.00;0.00;0.00;0.00;0.000;0.00;0.00;0.00;0.00;0.000;0.00;0.00;0.00;0.00;0.000;0.00;0.00;0.00;0.00;0.000;0.00;0.00;0.00;0.00;0.000;0.00;0.00;0.00;0.00;0.000;0.00;0.00;0.00;0.00;0.000;0.00;0.00;0.00;0.00;0.000;0.00;0.00;0.00;0.00;0.000;0.00;0.00;0.00;6003.21;60.038;1680.94;2.17;32.20;14080.12;141.036;3354.91;3.83;27.40;12983.68;129.916;2987.57;3.66;26.46;15642.82;156.444;3773.62;3.96;27.74;17331.88;173.928;3464.00;3.96;22.98;13157.90;131.592;2766.18;3.05;24.18;25478.07;254.806;4331.16;3.32;19.55;12005.29;126.916;1703.50;2.20;16.32;12817.01;134.315;1944.65;2.46;17.45;13374.42;135.949;2684.36;2.59;23.08;12254.30;123.904;3068.04;3.57;28.79;17750.56;177.522;4517.67;4.51;29.27;15359.07;154.762;3837.85;3.99;28.74;10947.89;111.956;2564.73;2.80;26.94;18774.09;200.396;3800.55;3.57;23.28;13923.54;140.756;2976.29;2.92;24.58;18081.04;183.818;3135.54;3.15;19.94;16859.13;171.667;3072.59;2.53;20.96;20672.30;195.252;4567.69;2.87;25.41;9170.36;83.374;1725.34;1.74;21.64;14433.79;136.811;2604.21;2.32;20.75;25801.98;260.518;4213.27;3.36;18.78;19824.81;179.642;4673.01;3.72;27.11;15860.33;146.603;3536.71;2.56;25.64;10359.45;84.226;2309.61;1.83;25.64;6813.56;50.952;1086.94;0.83;18.35;8218.04;58.704;1670.74;1.20;23.38;7952.25;56.806;1346.18;1.23;19.47;15220.33;108.724;2730.37;2.24;20.63;7927.95;56.632;1629.93;1.41;23.64;18837.36;134.562;3872.78;2.40;23.64;16086.10;114.908;3307.21;3.20;23.64;13841.19;103.800;2387.61;2.57;19.84;16720.20;122.316;3170.03;3.19;21.80
53854;BW KAROO BEEF  BILTONG;2;254894.35;606.451;67906.79;1.41;30.64;0.00;0.000;0.00;0.00;0.00;0.00;0.000;0.00;0.00;0.00;0.00;0.000;0.00;0.00;0.00;0.00;0.000;0.00;0.00;0.00;0.00;0.000;0.00;0.00;0.00;0.00;0.000;0.00;0.00;0.00;0.00;0.000;0.00;0.00;0.00;0.00;0.000;0.00;0.00;0.00;0.00;0.000;0.00;0.00;0.00;0.00;0.000;0.00;0.00;0.00;0.00;0.000;0.00;0.00;0.00;0.00;0.000;0.00;0.00;0.00;0.00;0.000;0.00;0.00;0.00;0.00;0.000;0.00;0.00;0.00;0.00;0.000;0.00;0.00;0.00;0.00;0.000;0.00;0.00;0.00;0.00;0.000;0.00;0.00;0.00;2526.40;6.316;700.75;0.86;31.90;5606.40;14.016;1555.03;1.63;31.90;6991.20;17.478;1939.12;2.22;31.90;3817.08;9.096;1164.54;1.28;35.08;5671.70;13.190;1807.47;1.39;36.65;4575.20;10.640;1458.03;1.88;36.65;6747.78;16.003;2076.84;2.63;35.39;7511.99;18.780;2083.56;2.01;31.90;4759.19;11.898;1320.03;1.54;31.90;6043.99;15.110;1676.39;1.67;31.90;4926.40;12.316;1366.41;1.42;31.90;7302.39;18.256;2025.42;2.21;31.90;8524.78;21.312;2364.47;2.22;31.90;8729.58;21.824;2421.27;2.38;31.90;8180.80;20.452;2269.07;2.28;31.90;9052.78;22.632;2510.91;2.07;31.90;9856.00;24.640;2581.71;1.62;30.12;7299.99;18.250;1864.70;1.88;29.38;8307.20;20.768;2121.99;1.89;29.38;10980.80;27.452;2804.94;2.23;29.38;10947.88;27.060;2500.38;1.99;26.26;10365.05;24.161;2365.67;1.71;26.25;11755.10;25.415;2891.41;2.29;28.29;9836.24;19.330;2358.57;1.80;27.58;10263.00;20.526;2841.91;2.04;31.84;8315.26;17.271;2619.30;2.40;36.22;10995.17;25.046;2873.74;2.36;30.06;8519.23;19.406;2226.62;1.93;30.06;11420.94;26.016;2984.98;1.85;30.06;8017.90;19.067;1914.59;1.85;27.46;7521.19;18.850;1782.84;1.92;27.26;9525.74;23.874;2434.12;2.45;29.39
54107;DELI-CO PORK ESPETADA;2;18175.16;126.623;4509.46;0.09;28.53;0.00;0.000;0.00;0.00;0.00;0.00;0.000;0.00;0.00;0.00;0.00;0.000;0.00;0.00;0.00;0.00;0.000;0.00;0.00;0.00;0.00;0.000;0.00;0.00;0.00;0.00;0.000;0.00;0.00;0.00;0.00;0.000;0.00;0.00;0.00;0.00;0.000;0.00;0.00;0.00;0.00;0.000;0.00;0.00;0.00;0.00;0.000;0.00;0.00;0.00;0.00;0.000;0.00;0.00;0.00;0.00;0.000;0.00;0.00;0.00;0.00;0.000;0.00;0.00;0.00;0.00;0.000;0.00;0.00;0.00;0.00;0.000;0.00;0.00;0.00;0.00;0.000;0.00;0.00;0.00;0.00;0.000;0.00;0.00;0.00;572.58;6.362;154.35;0.19;31.00;968.74;10.765;261.07;0.27;30.99;0.00;0.000;0.00;0.00;0.00;0.00;0.000;0.00;0.00;0.00;0.00;0.000;0.00;0.00;0.00;0.00;0.000;0.00;0.00;0.00;0.00;0.000;0.00;0.00;0.00;0.00;0.000;0.00;0.00;0.00;0.00;0.000;0.00;0.00;0.00;0.00;0.000;0.00;0.00;0.00;1098.92;7.882;246.28;0.26;25.77;2359.29;16.623;555.65;0.61;27.08;1436.55;9.636;382.03;0.36;30.58;614.67;4.098;165.72;0.16;31.00;1209.06;8.146;318.30;0.32;30.27;1373.27;9.706;320.70;0.26;26.86;1670.39;11.165;447.77;0.28;30.83;1330.09;9.061;341.20;0.34;29.50;524.79;3.541;127.38;0.11;27.91;1525.93;9.538;411.34;0.33;31.00;835.09;5.258;221.45;0.18;30.50;94.07;0.588;25.36;0.02;31.00;1477.22;7.238;307.48;0.24;23.94;0.00;0.000;0.00;0.00;0.00;569.65;3.798;123.18;0.09;24.87;0.00;0.000;0.00;0.00;0.00;0.00;0.000;0.00;0.00;0.00;514.85;3.218;100.18;0.09;22.38;0.00;0.000;0.00;0.00;0.00;0.00;0.000;0.00;0.00;0.00;0.00;0.000;0.00;0.00;0.00;0.00;0.000;0.00;0.00;0.00
54124;BRAAI PACK;2;7226.41;85.016;2068.38;0.04;32.92;0.00;0.000;0.00;0.00;0.00;0.00;0.000;0.00;0.00;0.00;0.00;0.000;0.00;0.00;0.00;0.00;0.000;0.00;0.00;0.00;0.00;0.000;0.00;0.00;0.00;0.00;0.000;0.00;0.00;0.00;0.00;0.000;0.00;0.00;0.00;0.00;0.000;0.00;0.00;0.00;0.00;0.000;0.00;0.00;0.00;0.00;0.000;0.00;0.00;0.00;0.00;0.000;0.00;0.00;0.00;0.00;0.000;0.00;0.00;0.00;0.00;0.000;0.00;0.00;0.00;0.00;0.000;0.00;0.00;0.00;0.00;0.000;0.00;0.00;0.00;0.00;0.000;0.00;0.00;0.00;0.00;0.000;0.00;0.00;0.00;1695.28;14.128;539.87;0.66;36.62;3017.69;25.150;960.91;1.01;36.62;456.43;3.804;145.34;0.17;36.62;0.00;0.000;0.00;0.00;0.00;670.03;5.584;213.36;0.16;36.62;0.00;0.000;0.00;0.00;0.00;0.00;0.000;0.00;0.00;0.00;161.98;1.350;51.58;0.05;36.62;0.00;0.000;0.00;0.00;0.00;0.00;0.000;0.00;0.00;0.00;0.00;0.000;0.00;0.00;0.00;0.00;0.000;0.00;0.00;0.00;0.00;0.000;0.00;0.00;0.00;0.00;0.000;0.00;0.00;0.00;0.00;0.000;0.00;0.00;0.00;0.00;0.000;0.00;0.00;0.00;0.00;0.000;0.00;0.00;0.00;0.00;0.000;0.00;0.00;0.00;0.00;0.000;0.00;0.00;0.00;0.00;0.000;0.00;0.00;0.00;0.00;0.000;0.00;0.00;0.00;0.00;0.000;0.00;0.00;0.00;0.00;0.000;0.00;0.00;0.00;0.00;0.000;0.00;0.00;0.00;0.00;0.000;0.00;0.00;0.00;0.00;0.000;0.00;0.00;0.00;0.00;0.000;0.00;0.00;0.00;0.00;0.000;0.00;0.00;0.00;1225.00;35.000;157.32;0.10;14.77;0.00;0.000;0.00;0.00;0.00;0.00;0.000;0.00;0.00;0.00;0.00;0.000;0.00;0.00;0.00
54125;BULK BRAAI PACK;2;12107.44;109.880;3261.84;0.07;30.98;0.00;0.000;0.00;0.00;0.00;0.00;0.000;0.00;0.00;0.00;0.00;0.000;0.00;0.00;0.00;0.00;0.000;0.00;0.00;0.00;0.00;0.000;0.00;0.00;0.00;0.00;0.000;0.00;0.00;0.00;0.00;0.000;0.00;0.00;0.00;0.00;0.000;0.00;0.00;0.00;0.00;0.000;0.00;0.00;0.00;0.00;0.000;0.00;0.00;0.00;0.00;0.000;0.00;0.00;0.00;0.00;0.000;0.00;0.00;0.00;0.00;0.000;0.00;0.00;0.00;0.00;0.000;0.00;0.00;0.00;0.00;0.000;0.00;0.00;0.00;0.00;0.000;0.00;0.00;0.00;0.00;0.000;0.00;0.00;0.00;1649.66;14.801;455.70;0.56;31.77;8413.50;76.493;2257.60;2.37;30.86;0.00;0.000;0.00;0.00;0.00;670.94;6.100;180.03;0.20;30.86;0.00;0.000;0.00;0.00;0.00;0.00;0.000;0.00;0.00;0.00;0.00;0.000;0.00;0.00;0.00;0.00;0.000;0.00;0.00;0.00;0.00;0.000;0.00;0.00;0.00;0.00;0.000;0.00;0.00;0.00;0.00;0.000;0.00;0.00;0.00;0.00;0.000;0.00;0.00;0.00;0.00;0.000;0.00;0.00;0.00;0.00;0.000;0.00;0.00;0.00;0.00;0.000;0.00;0.00;0.00;0.00;0.000;0.00;0.00;0.00;1373.34;12.486;368.51;0.23;30.86;0.00;0.000;0.00;0.00;0.00;0.00;0.000;0.00;0.00;0.00;0.00;0.000;0.00;0.00;0.00;0.00;0.000;0.00;0.00;0.00;0.00;0.000;0.00;0.00;0.00;0.00;0.000;0.00;0.00;0.00;0.00;0.000;0.00;0.00;0.00;0.00;0.000;0.00;0.00;0.00;0.00;0.000;0.00;0.00;0.00;0.00;0.000;0.00;0.00;0.00;0.00;0.000;0.00;0.00;0.00;0.00;0.000;0.00;0.00;0.00;0.00;0.000;0.00;0.00;0.00;0.00;0.000;0.00;0.00;0.00;0.00;0.000;0.00;0.00;0.00
54428;OOM FREDDIE SPRINKLE;2;20839.00;1 603.000;5041.70;0.10;27.82;0.00;0.000;0.00;0.00;0.00;0.00;0.000;0.00;0.00;0.00;0.00;0.000;0.00;0.00;0.00;0.00;0.000;0.00;0.00;0.00;0.00;0.000;0.00;0.00;0.00;0.00;0.000;0.00;0.00;0.00;0.00;0.000;0.00;0.00;0.00;0.00;0.000;0.00;0.00;0.00;0.00;0.000;0.00;0.00;0.00;0.00;0.000;0.00;0.00;0.00;0.00;0.000;0.00;0.00;0.00;0.00;0.000;0.00;0.00;0.00;0.00;0.000;0.00;0.00;0.00;0.00;0.000;0.00;0.00;0.00;0.00;0.000;0.00;0.00;0.00;0.00;0.000;0.00;0.00;0.00;0.00;0.000;0.00;0.00;0.00;0.00;0.000;0.00;0.00;0.00;247.00;19.000;-518.25;-0.54;-99.99;364.00;28.000;-22.99;-0.03;-7.26;624.00;48.000;172.22;0.19;31.74;702.00;54.000;193.75;0.15;31.74;234.00;18.000;64.58;0.08;31.74;611.00;47.000;168.64;0.21;31.74;299.00;23.000;82.52;0.08;31.74;260.00;20.000;71.76;0.08;31.74;637.00;49.000;175.81;0.18;31.74;338.00;26.000;93.29;0.10;31.74;312.00;24.000;86.11;0.09;31.74;1053.00;81.000;290.63;0.27;31.74;494.00;38.000;136.34;0.13;31.74;962.00;74.000;265.51;0.27;31.74;910.00;70.000;251.16;0.21;31.74;611.00;47.000;168.64;0.11;31.74;741.00;57.000;204.52;0.21;31.74;897.00;69.000;247.57;0.22;31.74;806.00;62.000;222.46;0.18;31.74;1001.00;77.000;276.28;0.22;31.74;1053.00;81.000;290.63;0.21;31.74;845.00;65.000;233.22;0.18;31.74;845.00;65.000;233.22;0.18;31.74;910.00;70.000;251.16;0.18;31.74;585.00;45.000;161.46;0.15;31.74;936.00;72.000;258.34;0.21;31.74;780.00;60.000;215.28;0.19;31.74;884.00;68.000;243.98;0.15;31.74;754.00;58.000;208.11;0.20;31.74;520.00;40.000;143.52;0.15;31.74;624.00;48.000;172.22;0.17;31.74
54562;SPAR T&T P/BELLY RIB 1KG S&STK;2;255069.88;1 879.000;32649.97;0.68;14.72;0.00;0.000;0.00;0.00;0.00;0.00;0.000;0.00;0.00;0.00;0.00;0.000;0.00;0.00;0.00;0.00;0.000;0.00;0.00;0.00;0.00;0.000;0.00;0.00;0.00;0.00;0.000;0.00;0.00;0.00;0.00;0.000;0.00;0.00;0.00;0.00;0.000;0.00;0.00;0.00;0.00;0.000;0.00;0.00;0.00;0.00;0.000;0.00;0.00;0.00;0.00;0.000;0.00;0.00;0.00;0.00;0.000;0.00;0.00;0.00;0.00;0.000;0.00;0.00;0.00;0.00;0.000;0.00;0.00;0.00;0.00;0.000;0.00;0.00;0.00;0.00;0.000;0.00;0.00;0.00;0.00;0.000;0.00;0.00;0.00;0.00;0.000;0.00;0.00;0.00;3987.18;32.000;442.31;0.46;12.76;3092.28;22.000;480.28;0.55;17.86;6524.49;51.000;693.92;0.77;12.23;15697.28;122.000;1818.97;1.39;13.33;6594.53;47.000;954.61;1.23;16.65;2380.84;16.000;435.43;0.55;21.03;5667.63;37.000;1042.56;1.01;21.15;5059.68;32.000;1078.06;1.25;24.50;5423.11;39.000;724.29;0.72;15.36;4839.67;33.000;949.53;0.99;22.56;3749.75;25.000;801.14;0.87;24.57;6329.50;50.000;786.83;0.74;14.30;2029.85;15.000;307.10;0.30;17.40;2599.80;20.000;335.25;0.34;14.83;7029.48;52.000;1089.91;0.90;17.83;13236.91;109.000;1284.30;0.81;11.16;10809.62;88.000;1068.23;1.08;11.36;13498.90;110.000;1470.23;1.31;12.53;11907.04;96.000;1292.80;1.03;12.49;9446.30;70.000;1148.29;0.91;13.98;9656.29;71.000;1099.90;0.80;13.10;6549.52;48.000;807.31;0.64;14.18;13482.99;101.000;1665.48;1.27;14.21;10229.29;71.000;1597.06;1.15;17.95;10369.25;75.000;1366.66;1.25;15.16;8866.35;65.000;1075.79;0.88;13.95;9199.45;55.000;2023.82;1.75;25.30;18564.71;129.000;2056.27;1.28;12.74;9965.29;71.000;956.70;0.92;11.04;7890.11;52.000;947.58;1.02;13.81;10392.79;75.000;849.35;0.85;9.40
54629;SPAR T&T P/BELLY RIB 1KG BBQ;2;184447.62;1 370.000;22543.12;0.47;14.06;0.00;0.000;0.00;0.00;0.00;0.00;0.000;0.00;0.00;0.00;0.00;0.000;0.00;0.00;0.00;0.00;0.000;0.00;0.00;0.00;0.00;0.000;0.00;0.00;0.00;0.00;0.000;0.00;0.00;0.00;0.00;0.000;0.00;0.00;0.00;0.00;0.000;0.00;0.00;0.00;0.00;0.000;0.00;0.00;0.00;0.00;0.000;0.00;0.00;0.00;0.00;0.000;0.00;0.00;0.00;0.00;0.000;0.00;0.00;0.00;0.00;0.000;0.00;0.00;0.00;0.00;0.000;0.00;0.00;0.00;0.00;0.000;0.00;0.00;0.00;0.00;0.000;0.00;0.00;0.00;0.00;0.000;0.00;0.00;0.00;0.00;0.000;0.00;0.00;0.00;0.00;0.000;0.00;0.00;0.00;1274.91;9.000;202.56;0.23;18.27;5660.81;44.000;608.19;0.67;12.36;11374.09;91.000;1065.92;0.82;10.78;3869.70;30.000;417.14;0.54;12.40;2115.86;14.000;425.86;0.54;23.15;6057.61;39.000;1155.16;1.11;21.93;5225.64;36.000;848.61;0.99;18.68;5535.59;41.000;640.37;0.64;13.30;4496.17;33.000;687.96;0.72;17.60;1649.89;11.000;352.50;0.38;24.57;3617.71;29.000;417.07;0.39;13.26;4293.68;32.000;629.62;0.62;16.86;3639.72;28.000;469.35;0.47;14.83;5353.10;40.000;792.96;0.65;17.04;10141.17;83.000;1027.37;0.65;11.65;9359.22;78.000;860.27;0.87;10.57;6269.49;51.000;691.14;0.62;12.68;4579.63;37.000;519.00;0.41;13.03;7484.43;57.000;755.79;0.60;11.61;4919.64;36.000;564.88;0.41;13.20;5689.58;42.000;588.70;0.47;11.90;10022.75;75.000;1270.17;0.97;14.57;6699.53;47.000;1002.70;0.72;17.21;8289.40;60.000;1090.96;1.00;15.13;6033.04;46.000;622.54;0.51;11.87;7639.50;50.000;1320.62;1.15;19.88;13272.06;94.000;1291.40;0.80;11.19;8839.37;63.000;846.23;0.82;11.01;3564.46;23.000;471.67;0.51;15.22;7479.87;51.000;906.42;0.91;13.94
54630;SPAR T&T P/LOIN RIB 1KG BBQ;2;22510.47;143.000;4699.80;0.10;24.01;0.00;0.000;0.00;0.00;0.00;0.00;0.000;0.00;0.00;0.00;0.00;0.000;0.00;0.00;0.00;0.00;0.000;0.00;0.00;0.00;0.00;0.000;0.00;0.00;0.00;0.00;0.000;0.00;0.00;0.00;0.00;0.000;0.00;0.00;0.00;0.00;0.000;0.00;0.00;0.00;0.00;0.000;0.00;0.00;0.00;0.00;0.000;0.00;0.00;0.00;0.00;0.000;0.00;0.00;0.00;0.00;0.000;0.00;0.00;0.00;0.00;0.000;0.00;0.00;0.00;0.00;0.000;0.00;0.00;0.00;0.00;0.000;0.00;0.00;0.00;0.00;0.000;0.00;0.00;0.00;0.00;0.000;0.00;0.00;0.00;0.00;0.000;0.00;0.00;0.00;0.00;0.000;0.00;0.00;0.00;0.00;0.000;0.00;0.00;0.00;0.00;0.000;0.00;0.00;0.00;0.00;0.000;0.00;0.00;0.00;0.00;0.000;0.00;0.00;0.00;2392.25;15.000;242.93;0.31;11.68;569.97;3.000;103.38;0.10;20.86;2339.82;18.000;219.00;0.25;10.76;2264.84;16.000;290.96;0.29;14.77;4412.21;29.000;623.43;0.65;16.25;3009.81;19.000;1460.90;1.59;55.82;2271.87;13.000;961.92;0.90;48.69;1799.90;10.000;307.29;0.30;19.63;1919.89;11.000;318.43;0.32;19.07;0.00;0.000;0.00;0.00;0.00;0.00;0.000;0.00;0.00;0.00;0.00;0.000;0.00;0.00;0.00;0.00;0.000;0.00;0.00;0.00;0.00;0.000;0.00;0.00;0.00;0.00;0.000;0.00;0.00;0.00;0.00;0.000;0.00;0.00;0.00;0.00;0.000;0.00;0.00;0.00;0.00;0.000;0.00;0.00;0.00;0.00;0.000;0.00;0.00;0.00;0.00;0.000;0.00;0.00;0.00;0.00;0.000;0.00;0.00;0.00;0.00;0.000;0.00;0.00;0.00;0.00;0.000;0.00;0.00;0.00;0.00;0.000;0.00;0.00;0.00;0.00;0.000;0.00;0.00;0.00;1529.91;9.000;171.56;0.17;12.90
54631;SPAR T&T P/LOIN RIB 1KG S&STKY;2;23014.02;148.000;2862.23;0.06;14.30;0.00;0.000;0.00;0.00;0.00;0.00;0.000;0.00;0.00;0.00;0.00;0.000;0.00;0.00;0.00;0.00;0.000;0.00;0.00;0.00;0.00;0.000;0.00;0.00;0.00;0.00;0.000;0.00;0.00;0.00;0.00;0.000;0.00;0.00;0.00;0.00;0.000;0.00;0.00;0.00;0.00;0.000;0.00;0.00;0.00;0.00;0.000;0.00;0.00;0.00;0.00;0.000;0.00;0.00;0.00;0.00;0.000;0.00;0.00;0.00;0.00;0.000;0.00;0.00;0.00;0.00;0.000;0.00;0.00;0.00;0.00;0.000;0.00;0.00;0.00;0.00;0.000;0.00;0.00;0.00;0.00;0.000;0.00;0.00;0.00;0.00;0.000;0.00;0.00;0.00;0.00;0.000;0.00;0.00;0.00;0.00;0.000;0.00;0.00;0.00;0.00;0.000;0.00;0.00;0.00;0.00;0.000;0.00;0.00;0.00;0.00;0.000;0.00;0.00;0.00;2841.82;18.000;279.76;0.35;11.32;1139.94;6.000;206.76;0.20;20.86;1559.88;12.000;146.00;0.17;10.76;2174.85;15.000;317.61;0.32;16.79;4169.73;27.000;592.98;0.62;16.35;3949.75;25.000;477.70;0.52;13.91;2675.84;16.000;378.55;0.36;16.27;1749.89;11.000;204.72;0.20;13.45;892.44;6.000;75.60;0.08;9.74;0.00;0.000;0.00;0.00;0.00;0.00;0.000;0.00;0.00;0.00;0.00;0.000;0.00;0.00;0.00;0.00;0.000;0.00;0.00;0.00;0.00;0.000;0.00;0.00;0.00;0.00;0.000;0.00;0.00;0.00;0.00;0.000;0.00;0.00;0.00;0.00;0.000;0.00;0.00;0.00;0.00;0.000;0.00;0.00;0.00;0.00;0.000;0.00;0.00;0.00;0.00;0.000;0.00;0.00;0.00;0.00;0.000;0.00;0.00;0.00;0.00;0.000;0.00;0.00;0.00;0.00;0.000;0.00;0.00;0.00;0.00;0.000;0.00;0.00;0.00;0.00;0.000;0.00;0.00;0.00;1859.88;12.000;182.55;0.18;11.29
55100;LAMB FQ PACK;2;29508.68;222.454;5625.63;0.12;21.92;0.00;0.000;0.00;0.00;0.00;0.00;0.000;0.00;0.00;0.00;0.00;0.000;0.00;0.00;0.00;0.00;0.000;0.00;0.00;0.00;0.00;0.000;0.00;0.00;0.00;0.00;0.000;0.00;0.00;0.00;0.00;0.000;0.00;0.00;0.00;0.00;0.000;0.00;0.00;0.00;0.00;0.000;0.00;0.00;0.00;0.00;0.000;0.00;0.00;0.00;0.00;0.000;0.00;0.00;0.00;0.00;0.000;0.00;0.00;0.00;0.00;0.000;0.00;0.00;0.00;0.00;0.000;0.00;0.00;0.00;0.00;0.000;0.00;0.00;0.00;0.00;0.000;0.00;0.00;0.00;0.00;0.000;0.00;0.00;0.00;0.00;0.000;0.00;0.00;0.00;0.00;0.000;0.00;0.00;0.00;278.09;1.854;70.32;0.08;29.08;719.10;4.812;180.19;0.20;28.82;468.30;3.598;80.34;0.06;19.73;0.00;0.000;0.00;0.00;0.00;0.00;0.000;0.00;0.00;0.00;0.00;0.000;0.00;0.00;0.00;0.00;0.000;0.00;0.00;0.00;0.00;0.000;0.00;0.00;0.00;0.00;0.000;0.00;0.00;0.00;13291.52;108.088;2749.77;3.00;23.79;1137.42;8.750;245.31;0.23;24.80;0.00;0.000;0.00;0.00;0.00;783.32;6.026;168.94;0.17;24.80;0.00;0.000;0.00;0.00;0.00;0.00;0.000;0.00;0.00;0.00;0.00;0.000;0.00;0.00;0.00;0.00;0.000;0.00;0.00;0.00;0.00;0.000;0.00;0.00;0.00;0.00;0.000;0.00;0.00;0.00;0.00;0.000;0.00;0.00;0.00;0.00;0.000;0.00;0.00;0.00;0.00;0.000;0.00;0.00;0.00;0.00;0.000;0.00;0.00;0.00;0.00;0.000;0.00;0.00;0.00;0.00;0.000;0.00;0.00;0.00;0.00;0.000;0.00;0.00;0.00;0.00;0.000;0.00;0.00;0.00;0.00;0.000;0.00;0.00;0.00;8128.94;55.738;1429.29;1.54;20.22;4701.99;33.588;701.46;0.70;17.16
55974;B/PACK VAN LOVEREN;2;10875.00;75.000;2204.77;0.05;23.31;0.00;0.000;0.00;0.00;0.00;0.00;0.000;0.00;0.00;0.00;0.00;0.000;0.00;0.00;0.00;0.00;0.000;0.00;0.00;0.00;0.00;0.000;0.00;0.00;0.00;0.00;0.000;0.00;0.00;0.00;0.00;0.000;0.00;0.00;0.00;0.00;0.000;0.00;0.00;0.00;0.00;0.000;0.00;0.00;0.00;0.00;0.000;0.00;0.00;0.00;0.00;0.000;0.00;0.00;0.00;0.00;0.000;0.00;0.00;0.00;0.00;0.000;0.00;0.00;0.00;0.00;0.000;0.00;0.00;0.00;0.00;0.000;0.00;0.00;0.00;0.00;0.000;0.00;0.00;0.00;0.00;0.000;0.00;0.00;0.00;0.00;0.000;0.00;0.00;0.00;0.00;0.000;0.00;0.00;0.00;0.00;0.000;0.00;0.00;0.00;0.00;0.000;0.00;0.00;0.00;10875.00;75.000;2204.77;1.69;23.31;0.00;0.000;0.00;0.00;0.00;0.00;0.000;0.00;0.00;0.00;0.00;0.000;0.00;0.00;0.00;0.00;0.000;0.00;0.00;0.00;0.00;0.000;0.00;0.00;0.00;0.00;0.000;0.00;0.00;0.00;0.00;0.000;0.00;0.00;0.00;0.00;0.000;0.00;0.00;0.00;0.00;0.000;0.00;0.00;0.00;0.00;0.000;0.00;0.00;0.00;0.00;0.000;0.00;0.00;0.00;0.00;0.000;0.00;0.00;0.00;0.00;0.000;0.00;0.00;0.00;0.00;0.000;0.00;0.00;0.00;0.00;0.000;0.00;0.00;0.00;0.00;0.000;0.00;0.00;0.00;0.00;0.000;0.00;0.00;0.00;0.00;0.000;0.00;0.00;0.00;0.00;0.000;0.00;0.00;0.00;0.00;0.000;0.00;0.00;0.00;0.00;0.000;0.00;0.00;0.00;0.00;0.000;0.00;0.00;0.00;0.00;0.000;0.00;0.00;0.00;0.00;0.000;0.00;0.00;0.00;0.00;0.000;0.00;0.00;0.00;0.00;0.000;0.00;0.00;0.00;0.00;0.000;0.00;0.00;0.00
56247;B/WORS ROLL BUTCH;2;254574.50;20 249.000;133080.50;2.77;52.28;0.00;0.000;0.00;0.00;0.00;0.00;0.000;0.00;0.00;0.00;0.00;0.000;0.00;0.00;0.00;0.00;0.000;0.00;0.00;0.00;0.00;0.000;0.00;0.00;0.00;0.00;0.000;0.00;0.00;0.00;0.00;0.000;0.00;0.00;0.00;0.00;0.000;0.00;0.00;0.00;0.00;0.000;0.00;0.00;0.00;0.00;0.000;0.00;0.00;0.00;0.00;0.000;0.00;0.00;0.00;0.00;0.000;0.00;0.00;0.00;0.00;0.000;0.00;0.00;0.00;0.00;0.000;0.00;0.00;0.00;0.00;0.000;0.00;0.00;0.00;0.00;0.000;0.00;0.00;0.00;0.00;0.000;0.00;0.00;0.00;0.00;0.000;0.00;0.00;0.00;0.00;0.000;0.00;0.00;0.00;0.00;0.000;0.00;0.00;0.00;0.00;0.000;0.00;0.00;0.00;0.00;0.000;0.00;0.00;0.00;0.00;0.000;0.00;0.00;0.00;8840.00;1 105.000;2210.00;2.80;25.00;16512.00;2 064.000;4128.00;3.98;25.00;7968.00;996.000;1992.00;2.32;25.00;8576.00;1 072.000;2144.00;2.14;25.00;8880.00;1 110.000;2220.00;2.31;25.00;8440.00;1 055.000;2110.00;2.30;25.00;6256.00;782.000;1564.00;1.47;25.00;3800.00;475.000;950.00;0.93;25.00;8328.00;1 124.000;1584.00;1.59;19.02;22551.20;1 483.000;13653.20;11.25;60.54;30143.60;1 684.000;20039.60;12.59;66.48;8699.40;486.000;5783.40;5.83;66.48;12440.50;759.000;7886.50;7.02;63.39;14302.10;799.000;9508.10;7.58;66.48;11080.10;619.000;7366.10;5.86;66.48;14534.80;812.000;9662.80;7.00;66.48;9343.80;572.000;5911.80;4.69;63.27;15429.80;966.000;9633.80;7.36;62.44;8251.90;461.000;5485.90;3.94;66.48;8735.20;626.000;4979.20;4.56;57.00;4618.20;258.000;3070.20;2.52;66.48;4009.60;224.000;2665.60;2.31;66.48;7213.70;403.000;4795.70;2.98;66.48;2523.90;141.000;1677.90;1.62;66.48;2506.00;140.000;1666.00;1.79;66.48;590.70;33.000;392.70;0.39;66.48
56666;FO SHO SUPER BBQ SPICE;2;1701.82;79.000;446.94;0.01;30.20;0.00;0.000;0.00;0.00;0.00;0.00;0.000;0.00;0.00;0.00;0.00;0.000;0.00;0.00;0.00;0.00;0.000;0.00;0.00;0.00;0.00;0.000;0.00;0.00;0.00;0.00;0.000;0.00;0.00;0.00;0.00;0.000;0.00;0.00;0.00;0.00;0.000;0.00;0.00;0.00;0.00;0.000;0.00;0.00;0.00;0.00;0.000;0.00;0.00;0.00;0.00;0.000;0.00;0.00;0.00;0.00;0.000;0.00;0.00;0.00;0.00;0.000;0.00;0.00;0.00;0.00;0.000;0.00;0.00;0.00;0.00;0.000;0.00;0.00;0.00;0.00;0.000;0.00;0.00;0.00;0.00;0.000;0.00;0.00;0.00;0.00;0.000;0.00;0.00;0.00;0.00;0.000;0.00;0.00;0.00;0.00;0.000;0.00;0.00;0.00;0.00;0.000;0.00;0.00;0.00;0.00;0.000;0.00;0.00;0.00;0.00;0.000;0.00;0.00;0.00;0.00;0.000;0.00;0.00;0.00;286.00;13.000;78.72;0.08;31.65;198.00;9.000;54.50;0.06;31.65;286.00;13.000;78.72;0.08;31.65;330.00;15.000;90.84;0.09;31.65;176.00;8.000;48.45;0.05;31.65;205.93;10.000;48.32;0.05;26.99;159.92;8.000;34.46;0.03;24.78;59.97;3.000;12.92;0.01;24.78;0.00;0.000;0.00;0.00;0.00;0.00;0.000;0.00;0.00;0.00;0.00;0.000;0.00;0.00;0.00;0.00;0.000;0.00;0.00;0.00;0.00;0.000;0.00;0.00;0.00;0.00;0.000;0.00;0.00;0.00;0.00;0.000;0.00;0.00;0.00;0.00;0.000;0.00;0.00;0.00;0.00;0.000;0.00;0.00;0.00;0.00;0.000;0.00;0.00;0.00;0.00;0.000;0.00;0.00;0.00;0.00;0.000;0.00;0.00;0.00;0.00;0.000;0.00;0.00;0.00;0.00;0.000;0.00;0.00;0.00;0.00;0.000;0.00;0.00;0.00;0.00;0.000;0.00;0.00;0.00;0.00;0.000;0.00;0.00;0.00
56816;MUTTON STEW;2;49762.59;493.859;11021.77;0.23;25.47;0.00;0.000;0.00;0.00;0.00;0.00;0.000;0.00;0.00;0.00;0.00;0.000;0.00;0.00;0.00;0.00;0.000;0.00;0.00;0.00;0.00;0.000;0.00;0.00;0.00;0.00;0.000;0.00;0.00;0.00;0.00;0.000;0.00;0.00;0.00;0.00;0.000;0.00;0.00;0.00;0.00;0.000;0.00;0.00;0.00;0.00;0.000;0.00;0.00;0.00;0.00;0.000;0.00;0.00;0.00;0.00;0.000;0.00;0.00;0.00;0.00;0.000;0.00;0.00;0.00;0.00;0.000;0.00;0.00;0.00;0.00;0.000;0.00;0.00;0.00;0.00;0.000;0.00;0.00;0.00;0.00;0.000;0.00;0.00;0.00;0.00;0.000;0.00;0.00;0.00;0.00;0.000;0.00;0.00;0.00;0.00;0.000;0.00;0.00;0.00;0.00;0.000;0.00;0.00;0.00;0.00;0.000;0.00;0.00;0.00;0.00;0.000;0.00;0.00;0.00;0.00;0.000;0.00;0.00;0.00;1374.97;17.228;353.18;0.34;29.54;2361.59;29.648;378.44;0.44;18.43;8658.90;109.626;1615.41;1.61;21.45;7881.97;89.203;1861.56;1.94;27.16;3829.91;38.354;1182.53;1.29;35.51;2554.30;25.546;727.34;0.68;32.75;1455.20;14.554;195.09;0.19;15.42;901.70;9.018;118.63;0.12;15.13;336.95;3.370;43.65;0.04;14.90;281.76;2.818;36.50;0.02;14.90;231.11;1.778;53.41;0.05;26.58;296.07;2.160;78.19;0.07;30.37;87.91;0.628;24.33;0.02;31.82;1581.84;11.300;437.73;0.35;31.82;388.47;3.532;86.71;0.06;25.67;394.12;3.032;108.07;0.09;31.53;1464.42;11.266;401.53;0.31;31.53;1504.41;11.604;404.80;0.29;30.94;2066.77;15.900;444.82;0.41;24.75;3504.83;26.996;677.70;0.56;22.24;1699.99;13.174;321.71;0.28;21.76;2128.13;16.372;440.21;0.27;23.79;1201.86;9.246;259.19;0.25;24.80;1252.56;9.636;270.12;0.29;24.80;2322.85;17.870;500.92;0.50;24.80
58339;YOH FLAVA BBQ;2;40519.68;4 056.000;10888.51;0.23;30.90;0.00;0.000;0.00;0.00;0.00;0.00;0.000;0.00;0.00;0.00;0.00;0.000;0.00;0.00;0.00;0.00;0.000;0.00;0.00;0.00;0.00;0.000;0.00;0.00;0.00;0.00;0.000;0.00;0.00;0.00;0.00;0.000;0.00;0.00;0.00;0.00;0.000;0.00;0.00;0.00;0.00;0.000;0.00;0.00;0.00;0.00;0.000;0.00;0.00;0.00;0.00;0.000;0.00;0.00;0.00;0.00;0.000;0.00;0.00;0.00;0.00;0.000;0.00;0.00;0.00;0.00;0.000;0.00;0.00;0.00;0.00;0.000;0.00;0.00;0.00;0.00;0.000;0.00;0.00;0.00;0.00;0.000;0.00;0.00;0.00;0.00;0.000;0.00;0.00;0.00;0.00;0.000;0.00;0.00;0.00;0.00;0.000;0.00;0.00;0.00;0.00;0.000;0.00;0.00;0.00;0.00;0.000;0.00;0.00;0.00;0.00;0.000;0.00;0.00;0.00;0.00;0.000;0.00;0.00;0.00;0.00;0.000;0.00;0.00;0.00;0.00;0.000;0.00;0.00;0.00;0.00;0.000;0.00;0.00;0.00;0.00;0.000;0.00;0.00;0.00;569.67;57.000;145.77;0.16;29.43;1278.72;128.000;341.53;0.32;30.72;1218.78;122.000;327.81;0.32;30.93;1748.25;175.000;470.22;0.47;30.93;2627.37;263.000;706.67;0.58;30.93;1198.80;120.000;322.43;0.20;30.93;1378.62;138.000;370.80;0.37;30.93;759.24;76.000;204.21;0.18;30.93;1038.96;104.000;279.44;0.22;30.93;629.37;63.000;169.28;0.13;30.93;2987.01;299.000;803.40;0.58;30.93;2737.26;274.000;736.23;0.58;30.93;2207.79;221.000;593.82;0.45;30.93;3186.81;319.000;857.14;0.62;30.93;3186.81;319.000;857.14;0.78;30.93;2877.12;288.000;773.84;0.63;30.93;2317.68;232.000;623.37;0.54;30.93;2227.77;223.000;599.19;0.37;30.93;2037.96;204.000;548.14;0.53;30.93;2097.90;210.000;564.26;0.61;30.93;2207.79;221.000;593.82;0.60;30.93
58340;YOH FLAVA CHICKEN;2;22617.47;2 264.000;5624.70;0.12;28.60;0.00;0.000;0.00;0.00;0.00;0.00;0.000;0.00;0.00;0.00;0.00;0.000;0.00;0.00;0.00;0.00;0.000;0.00;0.00;0.00;0.00;0.000;0.00;0.00;0.00;0.00;0.000;0.00;0.00;0.00;0.00;0.000;0.00;0.00;0.00;0.00;0.000;0.00;0.00;0.00;0.00;0.000;0.00;0.00;0.00;0.00;0.000;0.00;0.00;0.00;0.00;0.000;0.00;0.00;0.00;0.00;0.000;0.00;0.00;0.00;0.00;0.000;0.00;0.00;0.00;0.00;0.000;0.00;0.00;0.00;0.00;0.000;0.00;0.00;0.00;0.00;0.000;0.00;0.00;0.00;0.00;0.000;0.00;0.00;0.00;0.00;0.000;0.00;0.00;0.00;0.00;0.000;0.00;0.00;0.00;0.00;0.000;0.00;0.00;0.00;0.00;0.000;0.00;0.00;0.00;0.00;0.000;0.00;0.00;0.00;0.00;0.000;0.00;0.00;0.00;0.00;0.000;0.00;0.00;0.00;0.00;0.000;0.00;0.00;0.00;0.00;0.000;0.00;0.00;0.00;0.00;0.000;0.00;0.00;0.00;0.00;0.000;0.00;0.00;0.00;309.80;31.000;75.12;0.08;27.89;479.52;48.000;117.91;0.11;28.28;639.36;64.000;159.17;0.16;28.63;849.15;85.000;211.39;0.21;28.63;1228.77;123.000;305.90;0.25;28.63;879.12;88.000;218.85;0.14;28.63;839.16;84.000;208.90;0.21;28.63;779.22;78.000;193.98;0.17;28.63;849.15;85.000;211.39;0.17;28.63;669.33;67.000;166.63;0.13;28.63;1358.64;136.000;338.23;0.25;28.63;1688.31;169.000;420.30;0.33;28.63;1148.85;115.000;283.67;0.22;28.39;1448.55;145.000;360.61;0.26;28.63;1638.36;164.000;407.86;0.37;28.63;1388.61;139.000;345.69;0.28;28.63;1728.27;173.000;430.24;0.37;28.63;1028.97;103.000;256.16;0.16;28.63;1448.55;145.000;360.61;0.35;28.63;1128.87;113.000;281.03;0.30;28.63;1088.91;109.000;271.08;0.27;28.63
58405;DELI-CO PORK RASHER;2;51677.91;303.312;12614.11;0.26;28.07;0.00;0.000;0.00;0.00;0.00;0.00;0.000;0.00;0.00;0.00;0.00;0.000;0.00;0.00;0.00;0.00;0.000;0.00;0.00;0.00;0.00;0.000;0.00;0.00;0.00;0.00;0.000;0.00;0.00;0.00;0.00;0.000;0.00;0.00;0.00;0.00;0.000;0.00;0.00;0.00;0.00;0.000;0.00;0.00;0.00;0.00;0.000;0.00;0.00;0.00;0.00;0.000;0.00;0.00;0.00;0.00;0.000;0.00;0.00;0.00;0.00;0.000;0.00;0.00;0.00;0.00;0.000;0.00;0.00;0.00;0.00;0.000;0.00;0.00;0.00;0.00;0.000;0.00;0.00;0.00;0.00;0.000;0.00;0.00;0.00;0.00;0.000;0.00;0.00;0.00;0.00;0.000;0.00;0.00;0.00;0.00;0.000;0.00;0.00;0.00;0.00;0.000;0.00;0.00;0.00;0.00;0.000;0.00;0.00;0.00;0.00;0.000;0.00;0.00;0.00;0.00;0.000;0.00;0.00;0.00;0.00;0.000;0.00;0.00;0.00;0.00;0.000;0.00;0.00;0.00;0.00;0.000;0.00;0.00;0.00;0.00;0.000;0.00;0.00;0.00;1960.11;12.468;457.77;0.50;26.86;4424.74;29.500;897.90;0.84;23.34;4577.35;29.877;992.90;0.97;24.95;6970.69;42.435;1722.01;1.73;28.41;6186.87;38.481;1378.25;1.14;25.62;6786.35;38.395;1908.48;1.20;32.34;6472.29;35.986;1885.89;1.90;33.51;5013.80;27.108;1325.19;1.18;30.40;4918.51;25.888;1170.66;0.93;27.37;3015.38;16.414;564.78;0.45;21.54;1351.82;6.760;310.28;0.22;26.40;0.00;0.000;0.00;0.00;0.00;0.00;0.000;0.00;0.00;0.00;0.00;0.000;0.00;0.00;0.00;0.00;0.000;0.00;0.00;0.00;0.00;0.000;0.00;0.00;0.00;0.00;0.000;0.00;0.00;0.00;0.00;0.000;0.00;0.00;0.00;0.00;0.000;0.00;0.00;0.00;0.00;0.000;0.00;0.00;0.00;0.00;0.000;0.00;0.00;0.00
58817; BEEF GOULASH;2;32315.71;218.562;7662.64;0.16;27.27;0.00;0.000;0.00;0.00;0.00;0.00;0.000;0.00;0.00;0.00;0.00;0.000;0.00;0.00;0.00;0.00;0.000;0.00;0.00;0.00;0.00;0.000;0.00;0.00;0.00;0.00;0.000;0.00;0.00;0.00;0.00;0.000;0.00;0.00;0.00;0.00;0.000;0.00;0.00;0.00;0.00;0.000;0.00;0.00;0.00;0.00;0.000;0.00;0.00;0.00;0.00;0.000;0.00;0.00;0.00;0.00;0.000;0.00;0.00;0.00;0.00;0.000;0.00;0.00;0.00;0.00;0.000;0.00;0.00;0.00;0.00;0.000;0.00;0.00;0.00;0.00;0.000;0.00;0.00;0.00;0.00;0.000;0.00;0.00;0.00;0.00;0.000;0.00;0.00;0.00;0.00;0.000;0.00;0.00;0.00;0.00;0.000;0.00;0.00;0.00;0.00;0.000;0.00;0.00;0.00;0.00;0.000;0.00;0.00;0.00;0.00;0.000;0.00;0.00;0.00;0.00;0.000;0.00;0.00;0.00;0.00;0.000;0.00;0.00;0.00;0.00;0.000;0.00;0.00;0.00;0.00;0.000;0.00;0.00;0.00;0.00;0.000;0.00;0.00;0.00;0.00;0.000;0.00;0.00;0.00;688.03;5.594;173.21;0.16;28.95;1424.62;11.831;339.78;0.33;27.43;1475.26;12.297;346.54;0.35;27.01;1517.76;12.106;322.26;0.27;24.42;1182.87;9.258;265.72;0.17;25.83;1423.08;10.966;333.86;0.34;26.98;1925.27;14.810;453.80;0.40;27.11;2777.84;21.400;652.15;0.52;27.00;1678.98;11.138;383.34;0.31;26.26;2005.99;11.800;463.69;0.34;26.58;1256.37;7.108;261.18;0.21;23.91;1549.52;9.416;196.40;0.15;14.58;2203.11;13.716;347.81;0.25;18.16;1327.10;7.390;436.90;0.40;37.86;2611.08;14.506;1081.01;0.89;47.61;1884.59;10.244;505.94;0.44;30.87;778.62;4.361;153.74;0.10;22.71;1913.44;11.974;418.68;0.40;25.16;1405.04;9.399;297.01;0.32;24.31;1287.14;9.248;229.59;0.23;20.51
59020;BW OUBAAS DROEWORS;2;12039.29;81.000;3468.45;0.07;33.13;0.00;0.000;0.00;0.00;0.00;0.00;0.000;0.00;0.00;0.00;0.00;0.000;0.00;0.00;0.00;0.00;0.000;0.00;0.00;0.00;0.00;0.000;0.00;0.00;0.00;0.00;0.000;0.00;0.00;0.00;0.00;0.000;0.00;0.00;0.00;0.00;0.000;0.00;0.00;0.00;0.00;0.000;0.00;0.00;0.00;0.00;0.000;0.00;0.00;0.00;0.00;0.000;0.00;0.00;0.00;0.00;0.000;0.00;0.00;0.00;0.00;0.000;0.00;0.00;0.00;0.00;0.000;0.00;0.00;0.00;0.00;0.000;0.00;0.00;0.00;0.00;0.000;0.00;0.00;0.00;0.00;0.000;0.00;0.00;0.00;0.00;0.000;0.00;0.00;0.00;0.00;0.000;0.00;0.00;0.00;0.00;0.000;0.00;0.00;0.00;0.00;0.000;0.00;0.00;0.00;0.00;0.000;0.00;0.00;0.00;0.00;0.000;0.00;0.00;0.00;0.00;0.000;0.00;0.00;0.00;0.00;0.000;0.00;0.00;0.00;0.00;0.000;0.00;0.00;0.00;0.00;0.000;0.00;0.00;0.00;0.00;0.000;0.00;0.00;0.00;0.00;0.000;0.00;0.00;0.00;0.00;0.000;0.00;0.00;0.00;834.00;6.000;248.22;0.24;34.23;278.00;2.000;82.74;0.08;34.23;0.00;0.000;0.00;0.00;0.00;0.00;0.000;0.00;0.00;0.00;0.00;0.000;0.00;0.00;0.00;877.96;6.000;286.44;0.25;37.52;1949.87;13.000;662.04;0.53;39.05;1049.93;7.000;356.48;0.28;39.05;1199.92;8.000;365.17;0.26;35.00;749.95;5.000;228.23;0.18;35.00;749.95;5.000;228.23;0.17;35.00;1049.93;7.000;319.52;0.23;35.00;0.00;0.000;0.00;0.00;0.00;0.00;0.000;0.00;0.00;0.00;0.00;0.000;0.00;0.00;0.00;0.00;0.000;0.00;0.00;0.00;599.96;4.000;125.70;0.12;24.09;1199.92;8.000;251.41;0.27;24.09;1499.90;10.000;314.26;0.32;24.09
59021;BW OUBAAS SALAMI STICKS;2;48874.51;332.000;13424.95;0.28;31.59;0.00;0.000;0.00;0.00;0.00;0.00;0.000;0.00;0.00;0.00;0.00;0.000;0.00;0.00;0.00;0.00;0.000;0.00;0.00;0.00;0.00;0.000;0.00;0.00;0.00;0.00;0.000;0.00;0.00;0.00;0.00;0.000;0.00;0.00;0.00;0.00;0.000;0.00;0.00;0.00;0.00;0.000;0.00;0.00;0.00;0.00;0.000;0.00;0.00;0.00;0.00;0.000;0.00;0.00;0.00;0.00;0.000;0.00;0.00;0.00;0.00;0.000;0.00;0.00;0.00;0.00;0.000;0.00;0.00;0.00;0.00;0.000;0.00;0.00;0.00;0.00;0.000;0.00;0.00;0.00;0.00;0.000;0.00;0.00;0.00;0.00;0.000;0.00;0.00;0.00;0.00;0.000;0.00;0.00;0.00;0.00;0.000;0.00;0.00;0.00;0.00;0.000;0.00;0.00;0.00;0.00;0.000;0.00;0.00;0.00;0.00;0.000;0.00;0.00;0.00;0.00;0.000;0.00;0.00;0.00;0.00;0.000;0.00;0.00;0.00;0.00;0.000;0.00;0.00;0.00;0.00;0.000;0.00;0.00;0.00;0.00;0.000;0.00;0.00;0.00;0.00;0.000;0.00;0.00;0.00;139.00;1.000;41.37;0.04;34.23;2919.00;21.000;868.76;0.85;34.23;1946.00;14.000;579.17;0.58;34.23;2085.00;15.000;620.54;0.51;34.23;5699.00;41.000;1548.31;0.97;31.24;1807.00;13.000;469.16;0.47;29.86;2128.96;15.000;579.57;0.52;31.31;1499.90;10.000;456.46;0.36;35.00;1949.87;13.000;593.40;0.47;35.00;2549.83;17.000;775.98;0.56;35.00;1199.92;8.000;365.17;0.29;35.00;1799.88;12.000;547.75;0.42;35.00;3149.79;21.000;958.57;0.69;35.00;2183.91;15.000;627.35;0.57;33.04;1946.00;14.000;505.25;0.41;29.86;2295.97;16.000;597.36;0.52;29.92;6030.63;37.000;1581.03;0.98;30.15;3194.85;20.000;798.13;0.77;28.73;1950.00;13.000;408.65;0.44;24.10;2400.00;16.000;502.96;0.51;24.10
59688;NYAMA CHOMA BRAAIWORS;2;9963.57;205.550;2758.38;0.06;31.84;0.00;0.000;0.00;0.00;0.00;0.00;0.000;0.00;0.00;0.00;0.00;0.000;0.00;0.00;0.00;0.00;0.000;0.00;0.00;0.00;0.00;0.000;0.00;0.00;0.00;0.00;0.000;0.00;0.00;0.00;0.00;0.000;0.00;0.00;0.00;0.00;0.000;0.00;0.00;0.00;0.00;0.000;0.00;0.00;0.00;0.00;0.000;0.00;0.00;0.00;0.00;0.000;0.00;0.00;0.00;0.00;0.000;0.00;0.00;0.00;0.00;0.000;0.00;0.00;0.00;0.00;0.000;0.00;0.00;0.00;0.00;0.000;0.00;0.00;0.00;0.00;0.000;0.00;0.00;0.00;0.00;0.000;0.00;0.00;0.00;0.00;0.000;0.00;0.00;0.00;0.00;0.000;0.00;0.00;0.00;0.00;0.000;0.00;0.00;0.00;0.00;0.000;0.00;0.00;0.00;0.00;0.000;0.00;0.00;0.00;0.00;0.000;0.00;0.00;0.00;0.00;0.000;0.00;0.00;0.00;0.00;0.000;0.00;0.00;0.00;0.00;0.000;0.00;0.00;0.00;0.00;0.000;0.00;0.00;0.00;0.00;0.000;0.00;0.00;0.00;0.00;0.000;0.00;0.00;0.00;0.00;0.000;0.00;0.00;0.00;0.00;0.000;0.00;0.00;0.00;1248.74;30.174;273.23;0.27;25.16;2317.52;57.938;666.95;0.55;33.10;2570.31;64.260;812.19;0.51;36.34;0.00;0.000;0.00;0.00;0.00;0.00;0.000;0.00;0.00;0.00;0.00;0.000;0.00;0.00;0.00;0.00;0.000;0.00;0.00;0.00;0.00;0.000;0.00;0.00;0.00;1183.10;14.790;307.77;0.24;29.92;2643.90;38.388;698.24;0.53;30.37;0.00;0.000;0.00;0.00;0.00;0.00;0.000;0.00;0.00;0.00;0.00;0.000;0.00;0.00;0.00;0.00;0.000;0.00;0.00;0.00;0.00;0.000;0.00;0.00;0.00;0.00;0.000;0.00;0.00;0.00;0.00;0.000;0.00;0.00;0.00;0.00;0.000;0.00;0.00;0.00
59689;NYAMA CHOMA BRAAIWORS BULK;2;10204.68;250.012;1933.57;0.04;21.79;0.00;0.000;0.00;0.00;0.00;0.00;0.000;0.00;0.00;0.00;0.00;0.000;0.00;0.00;0.00;0.00;0.000;0.00;0.00;0.00;0.00;0.000;0.00;0.00;0.00;0.00;0.000;0.00;0.00;0.00;0.00;0.000;0.00;0.00;0.00;0.00;0.000;0.00;0.00;0.00;0.00;0.000;0.00;0.00;0.00;0.00;0.000;0.00;0.00;0.00;0.00;0.000;0.00;0.00;0.00;0.00;0.000;0.00;0.00;0.00;0.00;0.000;0.00;0.00;0.00;0.00;0.000;0.00;0.00;0.00;0.00;0.000;0.00;0.00;0.00;0.00;0.000;0.00;0.00;0.00;0.00;0.000;0.00;0.00;0.00;0.00;0.000;0.00;0.00;0.00;0.00;0.000;0.00;0.00;0.00;0.00;0.000;0.00;0.00;0.00;0.00;0.000;0.00;0.00;0.00;0.00;0.000;0.00;0.00;0.00;0.00;0.000;0.00;0.00;0.00;0.00;0.000;0.00;0.00;0.00;0.00;0.000;0.00;0.00;0.00;0.00;0.000;0.00;0.00;0.00;0.00;0.000;0.00;0.00;0.00;0.00;0.000;0.00;0.00;0.00;0.00;0.000;0.00;0.00;0.00;0.00;0.000;0.00;0.00;0.00;0.00;0.000;0.00;0.00;0.00;1864.88;52.082;238.48;0.24;14.71;3571.61;102.046;740.03;0.61;23.83;1757.35;50.210;416.37;0.26;27.25;0.00;0.000;0.00;0.00;0.00;0.00;0.000;0.00;0.00;0.00;0.00;0.000;0.00;0.00;0.00;0.00;0.000;0.00;0.00;0.00;0.00;0.000;0.00;0.00;0.00;926.91;13.244;160.36;0.13;19.90;2083.93;32.430;378.33;0.29;20.88;0.00;0.000;0.00;0.00;0.00;0.00;0.000;0.00;0.00;0.00;0.00;0.000;0.00;0.00;0.00;0.00;0.000;0.00;0.00;0.00;0.00;0.000;0.00;0.00;0.00;0.00;0.000;0.00;0.00;0.00;0.00;0.000;0.00;0.00;0.00;0.00;0.000;0.00;0.00;0.00
60147;SEAS WORCESTER SAUCE;2;2616.46;154.000;617.18;0.01;27.13;0.00;0.000;0.00;0.00;0.00;0.00;0.000;0.00;0.00;0.00;0.00;0.000;0.00;0.00;0.00;0.00;0.000;0.00;0.00;0.00;0.00;0.000;0.00;0.00;0.00;0.00;0.000;0.00;0.00;0.00;0.00;0.000;0.00;0.00;0.00;0.00;0.000;0.00;0.00;0.00;0.00;0.000;0.00;0.00;0.00;0.00;0.000;0.00;0.00;0.00;0.00;0.000;0.00;0.00;0.00;0.00;0.000;0.00;0.00;0.00;0.00;0.000;0.00;0.00;0.00;0.00;0.000;0.00;0.00;0.00;0.00;0.000;0.00;0.00;0.00;0.00;0.000;0.00;0.00;0.00;0.00;0.000;0.00;0.00;0.00;0.00;0.000;0.00;0.00;0.00;0.00;0.000;0.00;0.00;0.00;0.00;0.000;0.00;0.00;0.00;0.00;0.000;0.00;0.00;0.00;0.00;0.000;0.00;0.00;0.00;0.00;0.000;0.00;0.00;0.00;0.00;0.000;0.00;0.00;0.00;0.00;0.000;0.00;0.00;0.00;0.00;0.000;0.00;0.00;0.00;0.00;0.000;0.00;0.00;0.00;0.00;0.000;0.00;0.00;0.00;0.00;0.000;0.00;0.00;0.00;0.00;0.000;0.00;0.00;0.00;0.00;0.000;0.00;0.00;0.00;0.00;0.000;0.00;0.00;0.00;305.82;18.000;76.93;0.06;28.93;492.71;29.000;123.94;0.08;28.93;390.77;23.000;98.30;0.10;28.93;203.88;12.000;51.29;0.05;28.93;186.89;11.000;47.01;0.04;28.93;84.95;5.000;21.37;0.02;28.93;152.91;9.000;38.47;0.03;28.93;33.98;2.000;8.55;0.01;28.93;67.96;4.000;17.10;0.01;28.93;203.88;12.000;39.29;0.03;22.16;101.94;6.000;19.64;0.02;22.16;101.94;6.000;19.64;0.02;22.16;186.89;11.000;36.01;0.03;22.16;101.94;6.000;19.64;0.01;22.16;0.00;0.000;0.00;0.00;0.00;0.00;0.000;0.00;0.00;0.00;0.00;0.000;0.00;0.00;0.00
60726;BW WAGYU DROEWORS;2;43037.10;104.155;10828.04;0.23;28.93;0.00;0.000;0.00;0.00;0.00;0.00;0.000;0.00;0.00;0.00;0.00;0.000;0.00;0.00;0.00;0.00;0.000;0.00;0.00;0.00;0.00;0.000;0.00;0.00;0.00;0.00;0.000;0.00;0.00;0.00;0.00;0.000;0.00;0.00;0.00;0.00;0.000;0.00;0.00;0.00;0.00;0.000;0.00;0.00;0.00;0.00;0.000;0.00;0.00;0.00;0.00;0.000;0.00;0.00;0.00;0.00;0.000;0.00;0.00;0.00;0.00;0.000;0.00;0.00;0.00;0.00;0.000;0.00;0.00;0.00;0.00;0.000;0.00;0.00;0.00;0.00;0.000;0.00;0.00;0.00;0.00;0.000;0.00;0.00;0.00;0.00;0.000;0.00;0.00;0.00;0.00;0.000;0.00;0.00;0.00;0.00;0.000;0.00;0.00;0.00;0.00;0.000;0.00;0.00;0.00;0.00;0.000;0.00;0.00;0.00;0.00;0.000;0.00;0.00;0.00;0.00;0.000;0.00;0.00;0.00;0.00;0.000;0.00;0.00;0.00;0.00;0.000;0.00;0.00;0.00;0.00;0.000;0.00;0.00;0.00;0.00;0.000;0.00;0.00;0.00;0.00;0.000;0.00;0.00;0.00;0.00;0.000;0.00;0.00;0.00;0.00;0.000;0.00;0.00;0.00;0.00;0.000;0.00;0.00;0.00;0.00;0.000;0.00;0.00;0.00;0.00;0.000;0.00;0.00;0.00;908.80;2.272;241.91;0.24;30.61;1938.50;4.890;505.45;0.45;29.99;3409.59;8.524;907.59;0.72;30.61;3143.18;7.858;836.67;0.67;30.61;3790.40;9.476;1008.97;0.73;30.61;3110.26;7.530;819.87;0.65;30.31;3681.02;8.974;813.00;0.62;25.40;2591.20;6.478;529.49;0.38;23.50;2875.43;6.573;751.36;0.69;30.05;3450.48;7.842;913.74;0.75;30.45;2830.95;6.434;749.67;0.65;30.45;2881.12;6.548;762.96;0.47;30.45;2019.06;4.698;534.02;0.52;30.42;2779.44;6.966;653.66;0.70;27.05;3627.67;9.092;799.67;0.80;25.35
60886;BB/NAMIB BOEREWORS;2;127687.76;998.904;32020.93;0.67;28.84;0.00;0.000;0.00;0.00;0.00;0.00;0.000;0.00;0.00;0.00;0.00;0.000;0.00;0.00;0.00;0.00;0.000;0.00;0.00;0.00;0.00;0.000;0.00;0.00;0.00;0.00;0.000;0.00;0.00;0.00;0.00;0.000;0.00;0.00;0.00;0.00;0.000;0.00;0.00;0.00;0.00;0.000;0.00;0.00;0.00;0.00;0.000;0.00;0.00;0.00;0.00;0.000;0.00;0.00;0.00;0.00;0.000;0.00;0.00;0.00;0.00;0.000;0.00;0.00;0.00;0.00;0.000;0.00;0.00;0.00;0.00;0.000;0.00;0.00;0.00;0.00;0.000;0.00;0.00;0.00;0.00;0.000;0.00;0.00;0.00;0.00;0.000;0.00;0.00;0.00;0.00;0.000;0.00;0.00;0.00;0.00;0.000;0.00;0.00;0.00;0.00;0.000;0.00;0.00;0.00;0.00;0.000;0.00;0.00;0.00;0.00;0.000;0.00;0.00;0.00;0.00;0.000;0.00;0.00;0.00;0.00;0.000;0.00;0.00;0.00;0.00;0.000;0.00;0.00;0.00;0.00;0.000;0.00;0.00;0.00;0.00;0.000;0.00;0.00;0.00;0.00;0.000;0.00;0.00;0.00;0.00;0.000;0.00;0.00;0.00;0.00;0.000;0.00;0.00;0.00;0.00;0.000;0.00;0.00;0.00;0.00;0.000;0.00;0.00;0.00;0.00;0.000;0.00;0.00;0.00;2140.00;18.450;532.47;0.54;28.61;10766.36;92.822;2678.87;2.38;28.61;8677.01;74.808;2159.05;1.72;28.61;8326.95;71.790;2071.95;1.65;28.61;12082.50;103.729;3025.28;2.19;28.79;6450.10;50.086;1691.24;1.34;30.15;8116.24;57.974;2361.71;1.80;33.46;9341.49;69.906;2553.24;1.83;31.43;8836.34;67.972;2313.99;2.12;30.12;8357.86;64.292;2188.64;1.79;30.11;10023.59;75.157;2507.46;2.17;28.77;10606.70;74.719;2525.90;1.57;27.39;6769.40;47.273;1588.47;1.54;26.99;7204.80;53.092;1639.55;1.77;26.17;9988.42;76.834;2183.12;2.19;25.14
60887;BULK BB/NAMIB BOEREWORS;2;152890.01;1 292.865;30412.47;0.63;22.88;0.00;0.000;0.00;0.00;0.00;0.00;0.000;0.00;0.00;0.00;0.00;0.000;0.00;0.00;0.00;0.00;0.000;0.00;0.00;0.00;0.00;0.000;0.00;0.00;0.00;0.00;0.000;0.00;0.00;0.00;0.00;0.000;0.00;0.00;0.00;0.00;0.000;0.00;0.00;0.00;0.00;0.000;0.00;0.00;0.00;0.00;0.000;0.00;0.00;0.00;0.00;0.000;0.00;0.00;0.00;0.00;0.000;0.00;0.00;0.00;0.00;0.000;0.00;0.00;0.00;0.00;0.000;0.00;0.00;0.00;0.00;0.000;0.00;0.00;0.00;0.00;0.000;0.00;0.00;0.00;0.00;0.000;0.00;0.00;0.00;0.00;0.000;0.00;0.00;0.00;0.00;0.000;0.00;0.00;0.00;0.00;0.000;0.00;0.00;0.00;0.00;0.000;0.00;0.00;0.00;0.00;0.000;0.00;0.00;0.00;0.00;0.000;0.00;0.00;0.00;0.00;0.000;0.00;0.00;0.00;0.00;0.000;0.00;0.00;0.00;0.00;0.000;0.00;0.00;0.00;0.00;0.000;0.00;0.00;0.00;0.00;0.000;0.00;0.00;0.00;0.00;0.000;0.00;0.00;0.00;0.00;0.000;0.00;0.00;0.00;0.00;0.000;0.00;0.00;0.00;0.00;0.000;0.00;0.00;0.00;0.00;0.000;0.00;0.00;0.00;0.00;0.000;0.00;0.00;0.00;1183.27;11.164;225.12;0.23;21.88;14079.91;132.842;2678.78;2.38;21.88;10353.26;97.682;1969.73;1.57;21.88;9133.34;86.172;1737.65;1.38;21.88;14117.76;132.405;2722.11;1.97;22.17;10227.71;86.282;2161.47;1.71;24.30;9499.36;73.080;2181.40;1.67;26.41;14613.46;118.481;3115.15;2.24;24.51;9629.60;80.258;2033.18;1.86;24.28;10238.50;85.332;2161.82;1.77;24.28;11155.99;88.950;2365.52;2.05;24.38;14282.65;106.729;2776.36;1.72;22.35;8340.50;62.614;1559.36;1.51;21.50;7391.25;58.836;1305.35;1.41;20.31;8643.45;72.038;1419.47;1.43;18.89
61010;SHISANYAMA BBQ SPICE;2;2107.89;211.000;899.43;0.02;49.07;0.00;0.000;0.00;0.00;0.00;0.00;0.000;0.00;0.00;0.00;0.00;0.000;0.00;0.00;0.00;0.00;0.000;0.00;0.00;0.00;0.00;0.000;0.00;0.00;0.00;0.00;0.000;0.00;0.00;0.00;0.00;0.000;0.00;0.00;0.00;0.00;0.000;0.00;0.00;0.00;0.00;0.000;0.00;0.00;0.00;0.00;0.000;0.00;0.00;0.00;0.00;0.000;0.00;0.00;0.00;0.00;0.000;0.00;0.00;0.00;0.00;0.000;0.00;0.00;0.00;0.00;0.000;0.00;0.00;0.00;0.00;0.000;0.00;0.00;0.00;0.00;0.000;0.00;0.00;0.00;0.00;0.000;0.00;0.00;0.00;0.00;0.000;0.00;0.00;0.00;0.00;0.000;0.00;0.00;0.00;0.00;0.000;0.00;0.00;0.00;0.00;0.000;0.00;0.00;0.00;0.00;0.000;0.00;0.00;0.00;0.00;0.000;0.00;0.00;0.00;0.00;0.000;0.00;0.00;0.00;0.00;0.000;0.00;0.00;0.00;0.00;0.000;0.00;0.00;0.00;0.00;0.000;0.00;0.00;0.00;0.00;0.000;0.00;0.00;0.00;0.00;0.000;0.00;0.00;0.00;0.00;0.000;0.00;0.00;0.00;0.00;0.000;0.00;0.00;0.00;0.00;0.000;0.00;0.00;0.00;0.00;0.000;0.00;0.00;0.00;0.00;0.000;0.00;0.00;0.00;0.00;0.000;0.00;0.00;0.00;219.78;22.000;94.72;0.08;49.56;579.42;58.000;249.71;0.20;49.56;339.66;34.000;146.38;0.12;49.56;209.79;21.000;90.41;0.07;49.56;79.92;8.000;34.44;0.03;49.56;149.85;15.000;64.58;0.05;49.56;199.80;20.000;84.35;0.06;48.55;269.73;27.000;110.32;0.10;47.04;59.94;6.000;24.52;0.02;47.04;0.00;0.000;0.00;0.00;0.00;0.00;0.000;0.00;0.00;0.00;0.00;0.000;0.00;0.00;0.00;0.00;0.000;0.00;0.00;0.00;0.00;0.000;0.00;0.00;0.00
61155;DELICO SALAMI STICKS 2'S;2;80523.03;3 097.000;17843.18;0.37;25.48;0.00;0.000;0.00;0.00;0.00;0.00;0.000;0.00;0.00;0.00;0.00;0.000;0.00;0.00;0.00;0.00;0.000;0.00;0.00;0.00;0.00;0.000;0.00;0.00;0.00;0.00;0.000;0.00;0.00;0.00;0.00;0.000;0.00;0.00;0.00;0.00;0.000;0.00;0.00;0.00;0.00;0.000;0.00;0.00;0.00;0.00;0.000;0.00;0.00;0.00;0.00;0.000;0.00;0.00;0.00;0.00;0.000;0.00;0.00;0.00;0.00;0.000;0.00;0.00;0.00;0.00;0.000;0.00;0.00;0.00;0.00;0.000;0.00;0.00;0.00;0.00;0.000;0.00;0.00;0.00;0.00;0.000;0.00;0.00;0.00;0.00;0.000;0.00;0.00;0.00;0.00;0.000;0.00;0.00;0.00;0.00;0.000;0.00;0.00;0.00;0.00;0.000;0.00;0.00;0.00;0.00;0.000;0.00;0.00;0.00;0.00;0.000;0.00;0.00;0.00;0.00;0.000;0.00;0.00;0.00;0.00;0.000;0.00;0.00;0.00;0.00;0.000;0.00;0.00;0.00;0.00;0.000;0.00;0.00;0.00;0.00;0.000;0.00;0.00;0.00;0.00;0.000;0.00;0.00;0.00;0.00;0.000;0.00;0.00;0.00;0.00;0.000;0.00;0.00;0.00;0.00;0.000;0.00;0.00;0.00;0.00;0.000;0.00;0.00;0.00;0.00;0.000;0.00;0.00;0.00;0.00;0.000;0.00;0.00;0.00;482.77;23.000;112.54;0.10;26.81;7136.60;340.000;1663.58;1.33;26.81;5520.37;263.000;1416.43;1.13;29.51;1574.25;75.000;438.97;0.32;32.07;3118.80;120.000;826.00;0.66;30.46;3150.83;117.000;691.33;0.53;25.23;6693.52;248.000;1478.29;1.06;25.40;7179.34;266.000;1585.59;1.45;25.40;7908.07;293.000;1746.53;1.43;25.40;7449.24;276.000;1507.04;1.31;23.27;7935.06;294.000;1402.34;0.87;20.32;7422.25;275.000;1455.21;1.41;22.55;7334.47;253.000;1663.58;1.79;26.08;7617.46;254.000;1855.76;1.87;28.02
61369;SPAR T&T PORK STEAK TEXAN P/KG;2;31473.97;357.786;5033.30;0.10;18.39;0.00;0.000;0.00;0.00;0.00;0.00;0.000;0.00;0.00;0.00;0.00;0.000;0.00;0.00;0.00;0.00;0.000;0.00;0.00;0.00;0.00;0.000;0.00;0.00;0.00;0.00;0.000;0.00;0.00;0.00;0.00;0.000;0.00;0.00;0.00;0.00;0.000;0.00;0.00;0.00;0.00;0.000;0.00;0.00;0.00;0.00;0.000;0.00;0.00;0.00;0.00;0.000;0.00;0.00;0.00;0.00;0.000;0.00;0.00;0.00;0.00;0.000;0.00;0.00;0.00;0.00;0.000;0.00;0.00;0.00;0.00;0.000;0.00;0.00;0.00;0.00;0.000;0.00;0.00;0.00;0.00;0.000;0.00;0.00;0.00;0.00;0.000;0.00;0.00;0.00;0.00;0.000;0.00;0.00;0.00;0.00;0.000;0.00;0.00;0.00;0.00;0.000;0.00;0.00;0.00;0.00;0.000;0.00;0.00;0.00;0.00;0.000;0.00;0.00;0.00;0.00;0.000;0.00;0.00;0.00;0.00;0.000;0.00;0.00;0.00;0.00;0.000;0.00;0.00;0.00;0.00;0.000;0.00;0.00;0.00;0.00;0.000;0.00;0.00;0.00;0.00;0.000;0.00;0.00;0.00;0.00;0.000;0.00;0.00;0.00;0.00;0.000;0.00;0.00;0.00;0.00;0.000;0.00;0.00;0.00;0.00;0.000;0.00;0.00;0.00;0.00;0.000;0.00;0.00;0.00;0.00;0.000;0.00;0.00;0.00;0.00;0.000;0.00;0.00;0.00;0.00;0.000;0.00;0.00;0.00;6563.88;82.060;599.12;0.48;10.50;7456.39;85.318;1181.94;0.86;18.23;5790.46;63.821;1069.18;0.85;21.23;6986.29;79.725;1096.32;0.84;18.05;4676.95;46.862;1086.75;0.78;26.72;0.00;0.000;0.00;0.00;0.00;0.00;0.000;0.00;0.00;0.00;0.00;0.000;0.00;0.00;0.00;0.00;0.000;0.00;0.00;0.00;0.00;0.000;0.00;0.00;0.00;0.00;0.000;0.00;0.00;0.00;0.00;0.000;0.00;0.00;0.00
62009;BILTONG & KAASWORS;2;65013.60;514.974;15975.70;0.33;28.26;0.00;0.000;0.00;0.00;0.00;0.00;0.000;0.00;0.00;0.00;0.00;0.000;0.00;0.00;0.00;0.00;0.000;0.00;0.00;0.00;0.00;0.000;0.00;0.00;0.00;0.00;0.000;0.00;0.00;0.00;0.00;0.000;0.00;0.00;0.00;0.00;0.000;0.00;0.00;0.00;0.00;0.000;0.00;0.00;0.00;0.00;0.000;0.00;0.00;0.00;0.00;0.000;0.00;0.00;0.00;0.00;0.000;0.00;0.00;0.00;0.00;0.000;0.00;0.00;0.00;0.00;0.000;0.00;0.00;0.00;0.00;0.000;0.00;0.00;0.00;0.00;0.000;0.00;0.00;0.00;0.00;0.000;0.00;0.00;0.00;0.00;0.000;0.00;0.00;0.00;0.00;0.000;0.00;0.00;0.00;0.00;0.000;0.00;0.00;0.00;0.00;0.000;0.00;0.00;0.00;0.00;0.000;0.00;0.00;0.00;0.00;0.000;0.00;0.00;0.00;0.00;0.000;0.00;0.00;0.00;0.00;0.000;0.00;0.00;0.00;0.00;0.000;0.00;0.00;0.00;0.00;0.000;0.00;0.00;0.00;0.00;0.000;0.00;0.00;0.00;0.00;0.000;0.00;0.00;0.00;0.00;0.000;0.00;0.00;0.00;0.00;0.000;0.00;0.00;0.00;0.00;0.000;0.00;0.00;0.00;0.00;0.000;0.00;0.00;0.00;0.00;0.000;0.00;0.00;0.00;0.00;0.000;0.00;0.00;0.00;0.00;0.000;0.00;0.00;0.00;0.00;0.000;0.00;0.00;0.00;3848.28;38.485;1114.20;0.89;33.30;9654.56;86.571;2639.83;1.91;31.44;6838.39;54.092;1789.14;1.42;30.09;6033.67;46.414;1579.96;1.21;30.11;6421.48;49.397;1745.45;1.25;31.26;6307.07;48.517;1230.43;1.13;22.44;6050.16;46.540;981.58;0.80;18.66;7758.14;58.941;1871.79;1.62;27.75;6899.37;48.923;1781.25;1.11;29.69;5140.74;36.640;1228.34;1.19;27.48;61.74;0.454;13.73;0.01;25.58;0.00;0.000;0.00;0.00;0.00
62010;BULK BILTONG & KAASWORS;2;60162.21;506.728;11434.34;0.24;21.86;0.00;0.000;0.00;0.00;0.00;0.00;0.000;0.00;0.00;0.00;0.00;0.000;0.00;0.00;0.00;0.00;0.000;0.00;0.00;0.00;0.00;0.000;0.00;0.00;0.00;0.00;0.000;0.00;0.00;0.00;0.00;0.000;0.00;0.00;0.00;0.00;0.000;0.00;0.00;0.00;0.00;0.000;0.00;0.00;0.00;0.00;0.000;0.00;0.00;0.00;0.00;0.000;0.00;0.00;0.00;0.00;0.000;0.00;0.00;0.00;0.00;0.000;0.00;0.00;0.00;0.00;0.000;0.00;0.00;0.00;0.00;0.000;0.00;0.00;0.00;0.00;0.000;0.00;0.00;0.00;0.00;0.000;0.00;0.00;0.00;0.00;0.000;0.00;0.00;0.00;0.00;0.000;0.00;0.00;0.00;0.00;0.000;0.00;0.00;0.00;0.00;0.000;0.00;0.00;0.00;0.00;0.000;0.00;0.00;0.00;0.00;0.000;0.00;0.00;0.00;0.00;0.000;0.00;0.00;0.00;0.00;0.000;0.00;0.00;0.00;0.00;0.000;0.00;0.00;0.00;0.00;0.000;0.00;0.00;0.00;0.00;0.000;0.00;0.00;0.00;0.00;0.000;0.00;0.00;0.00;0.00;0.000;0.00;0.00;0.00;0.00;0.000;0.00;0.00;0.00;0.00;0.000;0.00;0.00;0.00;0.00;0.000;0.00;0.00;0.00;0.00;0.000;0.00;0.00;0.00;0.00;0.000;0.00;0.00;0.00;0.00;0.000;0.00;0.00;0.00;0.00;0.000;0.00;0.00;0.00;3558.29;35.588;1030.06;0.82;33.29;8255.09;76.002;1805.85;1.31;25.16;5837.21;50.240;1221.40;0.97;24.06;6202.75;51.696;1309.71;1.00;24.28;4964.42;41.376;1097.41;0.79;25.42;6830.64;56.928;628.76;0.58;10.59;5628.26;46.908;604.62;0.50;12.35;6575.15;54.416;1217.32;1.06;21.29;8164.07;61.820;1724.22;1.07;24.29;4146.33;31.754;794.99;0.77;22.05;0.00;0.000;0.00;0.00;0.00;0.00;0.000;0.00;0.00;0.00
62040;BW OUBAAS SALAMI SINGLE STICKS;2;1668.00;139.000;389.41;0.01;26.85;0.00;0.000;0.00;0.00;0.00;0.00;0.000;0.00;0.00;0.00;0.00;0.000;0.00;0.00;0.00;0.00;0.000;0.00;0.00;0.00;0.00;0.000;0.00;0.00;0.00;0.00;0.000;0.00;0.00;0.00;0.00;0.000;0.00;0.00;0.00;0.00;0.000;0.00;0.00;0.00;0.00;0.000;0.00;0.00;0.00;0.00;0.000;0.00;0.00;0.00;0.00;0.000;0.00;0.00;0.00;0.00;0.000;0.00;0.00;0.00;0.00;0.000;0.00;0.00;0.00;0.00;0.000;0.00;0.00;0.00;0.00;0.000;0.00;0.00;0.00;0.00;0.000;0.00;0.00;0.00;0.00;0.000;0.00;0.00;0.00;0.00;0.000;0.00;0.00;0.00;0.00;0.000;0.00;0.00;0.00;0.00;0.000;0.00;0.00;0.00;0.00;0.000;0.00;0.00;0.00;0.00;0.000;0.00;0.00;0.00;0.00;0.000;0.00;0.00;0.00;0.00;0.000;0.00;0.00;0.00;0.00;0.000;0.00;0.00;0.00;0.00;0.000;0.00;0.00;0.00;0.00;0.000;0.00;0.00;0.00;0.00;0.000;0.00;0.00;0.00;0.00;0.000;0.00;0.00;0.00;0.00;0.000;0.00;0.00;0.00;0.00;0.000;0.00;0.00;0.00;0.00;0.000;0.00;0.00;0.00;0.00;0.000;0.00;0.00;0.00;0.00;0.000;0.00;0.00;0.00;0.00;0.000;0.00;0.00;0.00;0.00;0.000;0.00;0.00;0.00;0.00;0.000;0.00;0.00;0.00;216.00;18.000;50.43;0.04;26.85;828.00;69.000;193.30;0.14;26.85;588.00;49.000;137.27;0.11;26.85;24.00;2.000;5.60;0.00;26.85;12.00;1.000;2.80;0.00;26.85;0.00;0.000;0.00;0.00;0.00;0.00;0.000;0.00;0.00;0.00;0.00;0.000;0.00;0.00;0.00;0.00;0.000;0.00;0.00;0.00;0.00;0.000;0.00;0.00;0.00;0.00;0.000;0.00;0.00;0.00;0.00;0.000;0.00;0.00;0.00
62046;KAROO BRAAI WORS;2;10121.27;111.027;2539.46;0.05;28.85;0.00;0.000;0.00;0.00;0.00;0.00;0.000;0.00;0.00;0.00;0.00;0.000;0.00;0.00;0.00;0.00;0.000;0.00;0.00;0.00;0.00;0.000;0.00;0.00;0.00;0.00;0.000;0.00;0.00;0.00;0.00;0.000;0.00;0.00;0.00;0.00;0.000;0.00;0.00;0.00;0.00;0.000;0.00;0.00;0.00;0.00;0.000;0.00;0.00;0.00;0.00;0.000;0.00;0.00;0.00;0.00;0.000;0.00;0.00;0.00;0.00;0.000;0.00;0.00;0.00;0.00;0.000;0.00;0.00;0.00;0.00;0.000;0.00;0.00;0.00;0.00;0.000;0.00;0.00;0.00;0.00;0.000;0.00;0.00;0.00;0.00;0.000;0.00;0.00;0.00;0.00;0.000;0.00;0.00;0.00;0.00;0.000;0.00;0.00;0.00;0.00;0.000;0.00;0.00;0.00;0.00;0.000;0.00;0.00;0.00;0.00;0.000;0.00;0.00;0.00;0.00;0.000;0.00;0.00;0.00;0.00;0.000;0.00;0.00;0.00;0.00;0.000;0.00;0.00;0.00;0.00;0.000;0.00;0.00;0.00;0.00;0.000;0.00;0.00;0.00;0.00;0.000;0.00;0.00;0.00;0.00;0.000;0.00;0.00;0.00;0.00;0.000;0.00;0.00;0.00;0.00;0.000;0.00;0.00;0.00;0.00;0.000;0.00;0.00;0.00;0.00;0.000;0.00;0.00;0.00;0.00;0.000;0.00;0.00;0.00;0.00;0.000;0.00;0.00;0.00;0.00;0.000;0.00;0.00;0.00;970.52;10.784;261.59;0.21;31.00;5946.88;66.081;1503.84;1.09;29.08;3203.87;34.162;774.03;0.61;27.78;0.00;0.000;0.00;0.00;0.00;0.00;0.000;0.00;0.00;0.00;0.00;0.000;0.00;0.00;0.00;0.00;0.000;0.00;0.00;0.00;0.00;0.000;0.00;0.00;0.00;0.00;0.000;0.00;0.00;0.00;0.00;0.000;0.00;0.00;0.00;0.00;0.000;0.00;0.00;0.00;0.00;0.000;0.00;0.00;0.00
62047;BULK KAROO BRAAI WORS;2;10775.16;128.478;2162.58;0.04;23.08;0.00;0.000;0.00;0.00;0.00;0.00;0.000;0.00;0.00;0.00;0.00;0.000;0.00;0.00;0.00;0.00;0.000;0.00;0.00;0.00;0.00;0.000;0.00;0.00;0.00;0.00;0.000;0.00;0.00;0.00;0.00;0.000;0.00;0.00;0.00;0.00;0.000;0.00;0.00;0.00;0.00;0.000;0.00;0.00;0.00;0.00;0.000;0.00;0.00;0.00;0.00;0.000;0.00;0.00;0.00;0.00;0.000;0.00;0.00;0.00;0.00;0.000;0.00;0.00;0.00;0.00;0.000;0.00;0.00;0.00;0.00;0.000;0.00;0.00;0.00;0.00;0.000;0.00;0.00;0.00;0.00;0.000;0.00;0.00;0.00;0.00;0.000;0.00;0.00;0.00;0.00;0.000;0.00;0.00;0.00;0.00;0.000;0.00;0.00;0.00;0.00;0.000;0.00;0.00;0.00;0.00;0.000;0.00;0.00;0.00;0.00;0.000;0.00;0.00;0.00;0.00;0.000;0.00;0.00;0.00;0.00;0.000;0.00;0.00;0.00;0.00;0.000;0.00;0.00;0.00;0.00;0.000;0.00;0.00;0.00;0.00;0.000;0.00;0.00;0.00;0.00;0.000;0.00;0.00;0.00;0.00;0.000;0.00;0.00;0.00;0.00;0.000;0.00;0.00;0.00;0.00;0.000;0.00;0.00;0.00;0.00;0.000;0.00;0.00;0.00;0.00;0.000;0.00;0.00;0.00;0.00;0.000;0.00;0.00;0.00;0.00;0.000;0.00;0.00;0.00;0.00;0.000;0.00;0.00;0.00;2572.36;32.160;500.19;0.40;22.36;5264.68;62.705;1083.10;0.78;23.66;2938.12;33.613;579.28;0.46;22.67;0.00;0.000;0.00;0.00;0.00;0.00;0.000;0.00;0.00;0.00;0.00;0.000;0.00;0.00;0.00;0.00;0.000;0.00;0.00;0.00;0.00;0.000;0.00;0.00;0.00;0.00;0.000;0.00;0.00;0.00;0.00;0.000;0.00;0.00;0.00;0.00;0.000;0.00;0.00;0.00;0.00;0.000;0.00;0.00;0.00
62213;BACON BITS;2;9044.19;386.000;2126.37;0.04;27.04;0.00;0.000;0.00;0.00;0.00;0.00;0.000;0.00;0.00;0.00;0.00;0.000;0.00;0.00;0.00;0.00;0.000;0.00;0.00;0.00;0.00;0.000;0.00;0.00;0.00;0.00;0.000;0.00;0.00;0.00;0.00;0.000;0.00;0.00;0.00;0.00;0.000;0.00;0.00;0.00;0.00;0.000;0.00;0.00;0.00;0.00;0.000;0.00;0.00;0.00;0.00;0.000;0.00;0.00;0.00;0.00;0.000;0.00;0.00;0.00;0.00;0.000;0.00;0.00;0.00;0.00;0.000;0.00;0.00;0.00;0.00;0.000;0.00;0.00;0.00;0.00;0.000;0.00;0.00;0.00;0.00;0.000;0.00;0.00;0.00;0.00;0.000;0.00;0.00;0.00;0.00;0.000;0.00;0.00;0.00;0.00;0.000;0.00;0.00;0.00;0.00;0.000;0.00;0.00;0.00;0.00;0.000;0.00;0.00;0.00;0.00;0.000;0.00;0.00;0.00;0.00;0.000;0.00;0.00;0.00;0.00;0.000;0.00;0.00;0.00;0.00;0.000;0.00;0.00;0.00;0.00;0.000;0.00;0.00;0.00;0.00;0.000;0.00;0.00;0.00;0.00;0.000;0.00;0.00;0.00;0.00;0.000;0.00;0.00;0.00;0.00;0.000;0.00;0.00;0.00;0.00;0.000;0.00;0.00;0.00;0.00;0.000;0.00;0.00;0.00;0.00;0.000;0.00;0.00;0.00;0.00;0.000;0.00;0.00;0.00;0.00;0.000;0.00;0.00;0.00;0.00;0.000;0.00;0.00;0.00;0.00;0.000;0.00;0.00;0.00;1647.05;75.000;382.97;0.28;26.74;1780.09;81.000;414.71;0.33;26.79;1026.40;45.000;262.97;0.20;29.46;1618.09;66.000;383.69;0.28;27.27;873.40;35.000;199.83;0.18;26.31;1074.57;43.000;246.84;0.20;26.42;349.86;14.000;80.37;0.07;26.42;674.73;27.000;154.99;0.10;26.42;0.00;0.000;0.00;0.00;0.00;0.00;0.000;0.00;0.00;0.00;0.00;0.000;0.00;0.00;0.00
62607;RODEO BURGER PATTIES;2;15625.11;189.000;5126.35;0.11;37.73;0.00;0.000;0.00;0.00;0.00;0.00;0.000;0.00;0.00;0.00;0.00;0.000;0.00;0.00;0.00;0.00;0.000;0.00;0.00;0.00;0.00;0.000;0.00;0.00;0.00;0.00;0.000;0.00;0.00;0.00;0.00;0.000;0.00;0.00;0.00;0.00;0.000;0.00;0.00;0.00;0.00;0.000;0.00;0.00;0.00;0.00;0.000;0.00;0.00;0.00;0.00;0.000;0.00;0.00;0.00;0.00;0.000;0.00;0.00;0.00;0.00;0.000;0.00;0.00;0.00;0.00;0.000;0.00;0.00;0.00;0.00;0.000;0.00;0.00;0.00;0.00;0.000;0.00;0.00;0.00;0.00;0.000;0.00;0.00;0.00;0.00;0.000;0.00;0.00;0.00;0.00;0.000;0.00;0.00;0.00;0.00;0.000;0.00;0.00;0.00;0.00;0.000;0.00;0.00;0.00;0.00;0.000;0.00;0.00;0.00;0.00;0.000;0.00;0.00;0.00;0.00;0.000;0.00;0.00;0.00;0.00;0.000;0.00;0.00;0.00;0.00;0.000;0.00;0.00;0.00;0.00;0.000;0.00;0.00;0.00;0.00;0.000;0.00;0.00;0.00;0.00;0.000;0.00;0.00;0.00;0.00;0.000;0.00;0.00;0.00;0.00;0.000;0.00;0.00;0.00;0.00;0.000;0.00;0.00;0.00;0.00;0.000;0.00;0.00;0.00;0.00;0.000;0.00;0.00;0.00;0.00;0.000;0.00;0.00;0.00;0.00;0.000;0.00;0.00;0.00;0.00;0.000;0.00;0.00;0.00;0.00;0.000;0.00;0.00;0.00;0.00;0.000;0.00;0.00;0.00;959.88;12.000;385.13;0.31;46.14;2074.75;25.000;625.38;0.48;34.66;2323.72;28.000;762.03;0.55;37.71;1908.77;23.000;625.95;0.57;37.71;1659.80;20.000;544.30;0.45;37.71;1991.76;24.000;653.17;0.57;37.71;2240.73;27.000;734.81;0.46;37.71;1825.78;22.000;598.73;0.58;37.71;0.00;0.000;0.00;0.00;0.00;639.92;8.000;196.85;0.20;35.38
62613;DELICO DROEWORS 2'S;2;4712.29;171.000;1418.71;0.03;34.62;0.00;0.000;0.00;0.00;0.00;0.00;0.000;0.00;0.00;0.00;0.00;0.000;0.00;0.00;0.00;0.00;0.000;0.00;0.00;0.00;0.00;0.000;0.00;0.00;0.00;0.00;0.000;0.00;0.00;0.00;0.00;0.000;0.00;0.00;0.00;0.00;0.000;0.00;0.00;0.00;0.00;0.000;0.00;0.00;0.00;0.00;0.000;0.00;0.00;0.00;0.00;0.000;0.00;0.00;0.00;0.00;0.000;0.00;0.00;0.00;0.00;0.000;0.00;0.00;0.00;0.00;0.000;0.00;0.00;0.00;0.00;0.000;0.00;0.00;0.00;0.00;0.000;0.00;0.00;0.00;0.00;0.000;0.00;0.00;0.00;0.00;0.000;0.00;0.00;0.00;0.00;0.000;0.00;0.00;0.00;0.00;0.000;0.00;0.00;0.00;0.00;0.000;0.00;0.00;0.00;0.00;0.000;0.00;0.00;0.00;0.00;0.000;0.00;0.00;0.00;0.00;0.000;0.00;0.00;0.00;0.00;0.000;0.00;0.00;0.00;0.00;0.000;0.00;0.00;0.00;0.00;0.000;0.00;0.00;0.00;0.00;0.000;0.00;0.00;0.00;0.00;0.000;0.00;0.00;0.00;0.00;0.000;0.00;0.00;0.00;0.00;0.000;0.00;0.00;0.00;0.00;0.000;0.00;0.00;0.00;0.00;0.000;0.00;0.00;0.00;0.00;0.000;0.00;0.00;0.00;0.00;0.000;0.00;0.00;0.00;0.00;0.000;0.00;0.00;0.00;0.00;0.000;0.00;0.00;0.00;0.00;0.000;0.00;0.00;0.00;0.00;0.000;0.00;0.00;0.00;2001.23;77.000;533.89;0.42;30.68;2621.09;91.000;853.58;0.65;37.45;89.97;3.000;31.24;0.02;39.93;0.00;0.000;0.00;0.00;0.00;0.00;0.000;0.00;0.00;0.00;0.00;0.000;0.00;0.00;0.00;0.00;0.000;0.00;0.00;0.00;0.00;0.000;0.00;0.00;0.00;0.00;0.000;0.00;0.00;0.00;0.00;0.000;0.00;0.00;0.00
62790;BEEF RASHER;2;21459.19;154.696;4080.76;0.08;21.87;0.00;0.000;0.00;0.00;0.00;0.00;0.000;0.00;0.00;0.00;0.00;0.000;0.00;0.00;0.00;0.00;0.000;0.00;0.00;0.00;0.00;0.000;0.00;0.00;0.00;0.00;0.000;0.00;0.00;0.00;0.00;0.000;0.00;0.00;0.00;0.00;0.000;0.00;0.00;0.00;0.00;0.000;0.00;0.00;0.00;0.00;0.000;0.00;0.00;0.00;0.00;0.000;0.00;0.00;0.00;0.00;0.000;0.00;0.00;0.00;0.00;0.000;0.00;0.00;0.00;0.00;0.000;0.00;0.00;0.00;0.00;0.000;0.00;0.00;0.00;0.00;0.000;0.00;0.00;0.00;0.00;0.000;0.00;0.00;0.00;0.00;0.000;0.00;0.00;0.00;0.00;0.000;0.00;0.00;0.00;0.00;0.000;0.00;0.00;0.00;0.00;0.000;0.00;0.00;0.00;0.00;0.000;0.00;0.00;0.00;0.00;0.000;0.00;0.00;0.00;0.00;0.000;0.00;0.00;0.00;0.00;0.000;0.00;0.00;0.00;0.00;0.000;0.00;0.00;0.00;0.00;0.000;0.00;0.00;0.00;0.00;0.000;0.00;0.00;0.00;0.00;0.000;0.00;0.00;0.00;0.00;0.000;0.00;0.00;0.00;0.00;0.000;0.00;0.00;0.00;0.00;0.000;0.00;0.00;0.00;0.00;0.000;0.00;0.00;0.00;0.00;0.000;0.00;0.00;0.00;0.00;0.000;0.00;0.00;0.00;0.00;0.000;0.00;0.00;0.00;0.00;0.000;0.00;0.00;0.00;0.00;0.000;0.00;0.00;0.00;0.00;0.000;0.00;0.00;0.00;869.23;6.392;186.96;0.15;24.74;1858.29;14.109;360.20;0.28;22.29;2699.80;19.873;578.96;0.42;24.66;1365.62;10.042;293.76;0.27;24.74;2503.12;17.260;596.51;0.49;27.41;2127.17;14.182;531.50;0.46;28.73;2968.54;19.792;691.35;0.43;26.78;2479.48;16.794;476.84;0.46;22.12;2094.34;16.566;164.73;0.18;9.05;2493.60;19.686;199.94;0.20;9.22
63222;B/FLY  MINCE;2;9803.19;98.042;1437.06;0.03;16.86;0.00;0.000;0.00;0.00;0.00;0.00;0.000;0.00;0.00;0.00;0.00;0.000;0.00;0.00;0.00;0.00;0.000;0.00;0.00;0.00;0.00;0.000;0.00;0.00;0.00;0.00;0.000;0.00;0.00;0.00;0.00;0.000;0.00;0.00;0.00;0.00;0.000;0.00;0.00;0.00;0.00;0.000;0.00;0.00;0.00;0.00;0.000;0.00;0.00;0.00;0.00;0.000;0.00;0.00;0.00;0.00;0.000;0.00;0.00;0.00;0.00;0.000;0.00;0.00;0.00;0.00;0.000;0.00;0.00;0.00;0.00;0.000;0.00;0.00;0.00;0.00;0.000;0.00;0.00;0.00;0.00;0.000;0.00;0.00;0.00;0.00;0.000;0.00;0.00;0.00;0.00;0.000;0.00;0.00;0.00;0.00;0.000;0.00;0.00;0.00;0.00;0.000;0.00;0.00;0.00;0.00;0.000;0.00;0.00;0.00;0.00;0.000;0.00;0.00;0.00;0.00;0.000;0.00;0.00;0.00;0.00;0.000;0.00;0.00;0.00;0.00;0.000;0.00;0.00;0.00;0.00;0.000;0.00;0.00;0.00;0.00;0.000;0.00;0.00;0.00;0.00;0.000;0.00;0.00;0.00;0.00;0.000;0.00;0.00;0.00;0.00;0.000;0.00;0.00;0.00;0.00;0.000;0.00;0.00;0.00;0.00;0.000;0.00;0.00;0.00;0.00;0.000;0.00;0.00;0.00;0.00;0.000;0.00;0.00;0.00;0.00;0.000;0.00;0.00;0.00;0.00;0.000;0.00;0.00;0.00;0.00;0.000;0.00;0.00;0.00;0.00;0.000;0.00;0.00;0.00;0.00;0.000;0.00;0.00;0.00;0.00;0.000;0.00;0.00;0.00;2135.99;21.362;313.12;0.22;16.86;3662.82;36.632;536.93;0.49;16.86;2670.51;26.708;391.46;0.32;16.86;1333.87;13.340;195.54;0.17;16.86;0.00;0.000;0.00;0.00;0.00;0.00;0.000;0.00;0.00;0.00;0.00;0.000;0.00;0.00;0.00;0.00;0.000;0.00;0.00;0.00
63414;BULK PORK SIRLION;2;13654.57;115.166;2865.80;0.06;24.14;0.00;0.000;0.00;0.00;0.00;0.00;0.000;0.00;0.00;0.00;0.00;0.000;0.00;0.00;0.00;0.00;0.000;0.00;0.00;0.00;0.00;0.000;0.00;0.00;0.00;0.00;0.000;0.00;0.00;0.00;0.00;0.000;0.00;0.00;0.00;0.00;0.000;0.00;0.00;0.00;0.00;0.000;0.00;0.00;0.00;0.00;0.000;0.00;0.00;0.00;0.00;0.000;0.00;0.00;0.00;0.00;0.000;0.00;0.00;0.00;0.00;0.000;0.00;0.00;0.00;0.00;0.000;0.00;0.00;0.00;0.00;0.000;0.00;0.00;0.00;0.00;0.000;0.00;0.00;0.00;0.00;0.000;0.00;0.00;0.00;0.00;0.000;0.00;0.00;0.00;0.00;0.000;0.00;0.00;0.00;0.00;0.000;0.00;0.00;0.00;0.00;0.000;0.00;0.00;0.00;0.00;0.000;0.00;0.00;0.00;0.00;0.000;0.00;0.00;0.00;0.00;0.000;0.00;0.00;0.00;0.00;0.000;0.00;0.00;0.00;0.00;0.000;0.00;0.00;0.00;0.00;0.000;0.00;0.00;0.00;0.00;0.000;0.00;0.00;0.00;0.00;0.000;0.00;0.00;0.00;0.00;0.000;0.00;0.00;0.00;0.00;0.000;0.00;0.00;0.00;0.00;0.000;0.00;0.00;0.00;0.00;0.000;0.00;0.00;0.00;0.00;0.000;0.00;0.00;0.00;0.00;0.000;0.00;0.00;0.00;0.00;0.000;0.00;0.00;0.00;0.00;0.000;0.00;0.00;0.00;0.00;0.000;0.00;0.00;0.00;0.00;0.000;0.00;0.00;0.00;0.00;0.000;0.00;0.00;0.00;0.00;0.000;0.00;0.00;0.00;3785.66;34.108;759.02;0.54;23.06;4135.96;34.586;838.90;0.77;23.33;3158.11;25.908;673.80;0.55;24.54;380.48;3.062;85.92;0.07;25.97;0.00;0.000;0.00;0.00;0.00;1799.51;14.368;415.49;0.40;26.55;394.85;3.134;92.66;0.10;26.99;0.00;0.000;0.00;0.00;0.00
63470; PORK SHOULDER BRAAI CHOPS;2;290604.62;3 302.951;68120.59;1.42;26.96;0.00;0.000;0.00;0.00;0.00;0.00;0.000;0.00;0.00;0.00;0.00;0.000;0.00;0.00;0.00;0.00;0.000;0.00;0.00;0.00;0.00;0.000;0.00;0.00;0.00;0.00;0.000;0.00;0.00;0.00;0.00;0.000;0.00;0.00;0.00;0.00;0.000;0.00;0.00;0.00;0.00;0.000;0.00;0.00;0.00;0.00;0.000;0.00;0.00;0.00;0.00;0.000;0.00;0.00;0.00;0.00;0.000;0.00;0.00;0.00;0.00;0.000;0.00;0.00;0.00;0.00;0.000;0.00;0.00;0.00;0.00;0.000;0.00;0.00;0.00;0.00;0.000;0.00;0.00;0.00;0.00;0.000;0.00;0.00;0.00;0.00;0.000;0.00;0.00;0.00;0.00;0.000;0.00;0.00;0.00;0.00;0.000;0.00;0.00;0.00;0.00;0.000;0.00;0.00;0.00;0.00;0.000;0.00;0.00;0.00;0.00;0.000;0.00;0.00;0.00;0.00;0.000;0.00;0.00;0.00;0.00;0.000;0.00;0.00;0.00;0.00;0.000;0.00;0.00;0.00;0.00;0.000;0.00;0.00;0.00;0.00;0.000;0.00;0.00;0.00;0.00;0.000;0.00;0.00;0.00;0.00;0.000;0.00;0.00;0.00;0.00;0.000;0.00;0.00;0.00;0.00;0.000;0.00;0.00;0.00;0.00;0.000;0.00;0.00;0.00;0.00;0.000;0.00;0.00;0.00;0.00;0.000;0.00;0.00;0.00;0.00;0.000;0.00;0.00;0.00;0.00;0.000;0.00;0.00;0.00;0.00;0.000;0.00;0.00;0.00;0.00;0.000;0.00;0.00;0.00;0.00;0.000;0.00;0.00;0.00;0.00;0.000;0.00;0.00;0.00;19617.86;262.092;2908.66;2.09;17.05;45832.78;621.651;6291.65;5.76;15.79;28223.60;314.018;7588.43;6.22;30.92;39085.79;434.515;10528.18;9.13;30.98;55552.63;617.486;14968.57;9.29;30.99;27710.67;274.798;9259.89;8.95;38.43;35036.87;373.590;7525.25;8.11;24.70;39544.42;404.801;9049.96;9.10;26.32
63471;PORK RIB/LOIN CHOPS;2;246967.98;2 603.506;48156.42;1.00;22.42;0.00;0.000;0.00;0.00;0.00;0.00;0.000;0.00;0.00;0.00;0.00;0.000;0.00;0.00;0.00;0.00;0.000;0.00;0.00;0.00;0.00;0.000;0.00;0.00;0.00;0.00;0.000;0.00;0.00;0.00;0.00;0.000;0.00;0.00;0.00;0.00;0.000;0.00;0.00;0.00;0.00;0.000;0.00;0.00;0.00;0.00;0.000;0.00;0.00;0.00;0.00;0.000;0.00;0.00;0.00;0.00;0.000;0.00;0.00;0.00;0.00;0.000;0.00;0.00;0.00;0.00;0.000;0.00;0.00;0.00;0.00;0.000;0.00;0.00;0.00;0.00;0.000;0.00;0.00;0.00;0.00;0.000;0.00;0.00;0.00;0.00;0.000;0.00;0.00;0.00;0.00;0.000;0.00;0.00;0.00;0.00;0.000;0.00;0.00;0.00;0.00;0.000;0.00;0.00;0.00;0.00;0.000;0.00;0.00;0.00;0.00;0.000;0.00;0.00;0.00;0.00;0.000;0.00;0.00;0.00;0.00;0.000;0.00;0.00;0.00;0.00;0.000;0.00;0.00;0.00;0.00;0.000;0.00;0.00;0.00;0.00;0.000;0.00;0.00;0.00;0.00;0.000;0.00;0.00;0.00;0.00;0.000;0.00;0.00;0.00;0.00;0.000;0.00;0.00;0.00;0.00;0.000;0.00;0.00;0.00;0.00;0.000;0.00;0.00;0.00;0.00;0.000;0.00;0.00;0.00;0.00;0.000;0.00;0.00;0.00;0.00;0.000;0.00;0.00;0.00;0.00;0.000;0.00;0.00;0.00;0.00;0.000;0.00;0.00;0.00;0.00;0.000;0.00;0.00;0.00;0.00;0.000;0.00;0.00;0.00;0.00;0.000;0.00;0.00;0.00;13891.98;158.784;1919.39;1.38;15.89;32218.95;334.749;6595.89;6.04;23.54;32192.64;340.182;6225.35;5.10;22.24;39002.53;454.464;4834.09;4.19;14.25;44265.89;452.597;9530.40;5.92;24.76;33387.39;368.864;5428.91;5.25;18.70;23376.73;223.421;6030.88;6.50;29.67;28631.87;270.445;7591.50;7.63;30.49
63472;SPAR T&T PORK STEAK TEXAN P/KG;2;76227.64;780.948;15507.28;0.32;23.39;0.00;0.000;0.00;0.00;0.00;0.00;0.000;0.00;0.00;0.00;0.00;0.000;0.00;0.00;0.00;0.00;0.000;0.00;0.00;0.00;0.00;0.000;0.00;0.00;0.00;0.00;0.000;0.00;0.00;0.00;0.00;0.000;0.00;0.00;0.00;0.00;0.000;0.00;0.00;0.00;0.00;0.000;0.00;0.00;0.00;0.00;0.000;0.00;0.00;0.00;0.00;0.000;0.00;0.00;0.00;0.00;0.000;0.00;0.00;0.00;0.00;0.000;0.00;0.00;0.00;0.00;0.000;0.00;0.00;0.00;0.00;0.000;0.00;0.00;0.00;0.00;0.000;0.00;0.00;0.00;0.00;0.000;0.00;0.00;0.00;0.00;0.000;0.00;0.00;0.00;0.00;0.000;0.00;0.00;0.00;0.00;0.000;0.00;0.00;0.00;0.00;0.000;0.00;0.00;0.00;0.00;0.000;0.00;0.00;0.00;0.00;0.000;0.00;0.00;0.00;0.00;0.000;0.00;0.00;0.00;0.00;0.000;0.00;0.00;0.00;0.00;0.000;0.00;0.00;0.00;0.00;0.000;0.00;0.00;0.00;0.00;0.000;0.00;0.00;0.00;0.00;0.000;0.00;0.00;0.00;0.00;0.000;0.00;0.00;0.00;0.00;0.000;0.00;0.00;0.00;0.00;0.000;0.00;0.00;0.00;0.00;0.000;0.00;0.00;0.00;0.00;0.000;0.00;0.00;0.00;0.00;0.000;0.00;0.00;0.00;0.00;0.000;0.00;0.00;0.00;0.00;0.000;0.00;0.00;0.00;0.00;0.000;0.00;0.00;0.00;0.00;0.000;0.00;0.00;0.00;0.00;0.000;0.00;0.00;0.00;0.00;0.000;0.00;0.00;0.00;6723.89;77.047;959.00;0.69;16.40;8734.97;98.442;1350.47;1.24;17.78;9862.94;101.608;2130.46;1.75;24.84;9766.54;100.150;2139.13;1.85;25.19;16419.18;164.494;3842.05;2.39;26.91;8141.13;81.420;1913.96;1.85;27.04;7556.69;75.678;1770.02;1.91;26.94;9022.30;82.109;1402.20;1.41;17.87
63474;BULK PORK NECK STEAK;2;134757.92;1 156.319;28405.78;0.59;24.24;0.00;0.000;0.00;0.00;0.00;0.00;0.000;0.00;0.00;0.00;0.00;0.000;0.00;0.00;0.00;0.00;0.000;0.00;0.00;0.00;0.00;0.000;0.00;0.00;0.00;0.00;0.000;0.00;0.00;0.00;0.00;0.000;0.00;0.00;0.00;0.00;0.000;0.00;0.00;0.00;0.00;0.000;0.00;0.00;0.00;0.00;0.000;0.00;0.00;0.00;0.00;0.000;0.00;0.00;0.00;0.00;0.000;0.00;0.00;0.00;0.00;0.000;0.00;0.00;0.00;0.00;0.000;0.00;0.00;0.00;0.00;0.000;0.00;0.00;0.00;0.00;0.000;0.00;0.00;0.00;0.00;0.000;0.00;0.00;0.00;0.00;0.000;0.00;0.00;0.00;0.00;0.000;0.00;0.00;0.00;0.00;0.000;0.00;0.00;0.00;0.00;0.000;0.00;0.00;0.00;0.00;0.000;0.00;0.00;0.00;0.00;0.000;0.00;0.00;0.00;0.00;0.000;0.00;0.00;0.00;0.00;0.000;0.00;0.00;0.00;0.00;0.000;0.00;0.00;0.00;0.00;0.000;0.00;0.00;0.00;0.00;0.000;0.00;0.00;0.00;0.00;0.000;0.00;0.00;0.00;0.00;0.000;0.00;0.00;0.00;0.00;0.000;0.00;0.00;0.00;0.00;0.000;0.00;0.00;0.00;0.00;0.000;0.00;0.00;0.00;0.00;0.000;0.00;0.00;0.00;0.00;0.000;0.00;0.00;0.00;0.00;0.000;0.00;0.00;0.00;0.00;0.000;0.00;0.00;0.00;0.00;0.000;0.00;0.00;0.00;0.00;0.000;0.00;0.00;0.00;0.00;0.000;0.00;0.00;0.00;0.00;0.000;0.00;0.00;0.00;7537.45;77.788;877.34;0.63;13.39;14156.43;140.865;2029.61;1.86;16.49;19207.71;171.882;4158.41;3.41;24.90;20421.96;176.771;4857.48;4.21;27.35;24048.73;206.389;5657.17;3.51;27.05;14910.62;117.182;3141.97;3.04;24.23;16698.08;128.596;3719.29;4.01;25.61;17776.94;136.846;3964.51;3.98;25.65
63482;TENDERISE STEAK;2;43373.26;271.812;8900.76;0.19;23.60;0.00;0.000;0.00;0.00;0.00;0.00;0.000;0.00;0.00;0.00;0.00;0.000;0.00;0.00;0.00;0.00;0.000;0.00;0.00;0.00;0.00;0.000;0.00;0.00;0.00;0.00;0.000;0.00;0.00;0.00;0.00;0.000;0.00;0.00;0.00;0.00;0.000;0.00;0.00;0.00;0.00;0.000;0.00;0.00;0.00;0.00;0.000;0.00;0.00;0.00;0.00;0.000;0.00;0.00;0.00;0.00;0.000;0.00;0.00;0.00;0.00;0.000;0.00;0.00;0.00;0.00;0.000;0.00;0.00;0.00;0.00;0.000;0.00;0.00;0.00;0.00;0.000;0.00;0.00;0.00;0.00;0.000;0.00;0.00;0.00;0.00;0.000;0.00;0.00;0.00;0.00;0.000;0.00;0.00;0.00;0.00;0.000;0.00;0.00;0.00;0.00;0.000;0.00;0.00;0.00;0.00;0.000;0.00;0.00;0.00;0.00;0.000;0.00;0.00;0.00;0.00;0.000;0.00;0.00;0.00;0.00;0.000;0.00;0.00;0.00;0.00;0.000;0.00;0.00;0.00;0.00;0.000;0.00;0.00;0.00;0.00;0.000;0.00;0.00;0.00;0.00;0.000;0.00;0.00;0.00;0.00;0.000;0.00;0.00;0.00;0.00;0.000;0.00;0.00;0.00;0.00;0.000;0.00;0.00;0.00;0.00;0.000;0.00;0.00;0.00;0.00;0.000;0.00;0.00;0.00;0.00;0.000;0.00;0.00;0.00;0.00;0.000;0.00;0.00;0.00;0.00;0.000;0.00;0.00;0.00;0.00;0.000;0.00;0.00;0.00;0.00;0.000;0.00;0.00;0.00;0.00;0.000;0.00;0.00;0.00;0.00;0.000;0.00;0.00;0.00;1659.48;9.994;383.76;0.28;26.59;5254.35;29.192;1474.94;1.35;32.28;7301.50;44.073;1677.83;1.38;26.43;5240.22;29.585;1093.94;0.95;24.01;5959.03;33.825;1122.77;0.70;21.67;7638.23;48.481;1558.26;1.51;23.46;4458.07;32.362;753.20;0.81;19.43;5862.38;44.300;836.06;0.84;16.40
63497;PORK RASHERS;2;31617.01;239.783;8312.81;0.17;30.24;0.00;0.000;0.00;0.00;0.00;0.00;0.000;0.00;0.00;0.00;0.00;0.000;0.00;0.00;0.00;0.00;0.000;0.00;0.00;0.00;0.00;0.000;0.00;0.00;0.00;0.00;0.000;0.00;0.00;0.00;0.00;0.000;0.00;0.00;0.00;0.00;0.000;0.00;0.00;0.00;0.00;0.000;0.00;0.00;0.00;0.00;0.000;0.00;0.00;0.00;0.00;0.000;0.00;0.00;0.00;0.00;0.000;0.00;0.00;0.00;0.00;0.000;0.00;0.00;0.00;0.00;0.000;0.00;0.00;0.00;0.00;0.000;0.00;0.00;0.00;0.00;0.000;0.00;0.00;0.00;0.00;0.000;0.00;0.00;0.00;0.00;0.000;0.00;0.00;0.00;0.00;0.000;0.00;0.00;0.00;0.00;0.000;0.00;0.00;0.00;0.00;0.000;0.00;0.00;0.00;0.00;0.000;0.00;0.00;0.00;0.00;0.000;0.00;0.00;0.00;0.00;0.000;0.00;0.00;0.00;0.00;0.000;0.00;0.00;0.00;0.00;0.000;0.00;0.00;0.00;0.00;0.000;0.00;0.00;0.00;0.00;0.000;0.00;0.00;0.00;0.00;0.000;0.00;0.00;0.00;0.00;0.000;0.00;0.00;0.00;0.00;0.000;0.00;0.00;0.00;0.00;0.000;0.00;0.00;0.00;0.00;0.000;0.00;0.00;0.00;0.00;0.000;0.00;0.00;0.00;0.00;0.000;0.00;0.00;0.00;0.00;0.000;0.00;0.00;0.00;0.00;0.000;0.00;0.00;0.00;0.00;0.000;0.00;0.00;0.00;0.00;0.000;0.00;0.00;0.00;0.00;0.000;0.00;0.00;0.00;0.00;0.000;0.00;0.00;0.00;1341.40;10.732;307.98;0.22;26.40;4119.26;33.092;934.94;0.86;26.10;4582.83;37.063;1020.40;0.84;25.61;5223.92;40.202;1326.78;1.15;29.21;2196.57;15.690;655.02;0.41;34.29;5952.48;42.518;1775.05;1.72;34.29;2592.51;18.518;773.10;0.83;34.29;5608.04;41.968;1519.54;1.53;31.16
63498;Y B PORK SIRLION;2;29056.86;224.470;7346.70;0.15;29.08;0.00;0.000;0.00;0.00;0.00;0.00;0.000;0.00;0.00;0.00;0.00;0.000;0.00;0.00;0.00;0.00;0.000;0.00;0.00;0.00;0.00;0.000;0.00;0.00;0.00;0.00;0.000;0.00;0.00;0.00;0.00;0.000;0.00;0.00;0.00;0.00;0.000;0.00;0.00;0.00;0.00;0.000;0.00;0.00;0.00;0.00;0.000;0.00;0.00;0.00;0.00;0.000;0.00;0.00;0.00;0.00;0.000;0.00;0.00;0.00;0.00;0.000;0.00;0.00;0.00;0.00;0.000;0.00;0.00;0.00;0.00;0.000;0.00;0.00;0.00;0.00;0.000;0.00;0.00;0.00;0.00;0.000;0.00;0.00;0.00;0.00;0.000;0.00;0.00;0.00;0.00;0.000;0.00;0.00;0.00;0.00;0.000;0.00;0.00;0.00;0.00;0.000;0.00;0.00;0.00;0.00;0.000;0.00;0.00;0.00;0.00;0.000;0.00;0.00;0.00;0.00;0.000;0.00;0.00;0.00;0.00;0.000;0.00;0.00;0.00;0.00;0.000;0.00;0.00;0.00;0.00;0.000;0.00;0.00;0.00;0.00;0.000;0.00;0.00;0.00;0.00;0.000;0.00;0.00;0.00;0.00;0.000;0.00;0.00;0.00;0.00;0.000;0.00;0.00;0.00;0.00;0.000;0.00;0.00;0.00;0.00;0.000;0.00;0.00;0.00;0.00;0.000;0.00;0.00;0.00;0.00;0.000;0.00;0.00;0.00;0.00;0.000;0.00;0.00;0.00;0.00;0.000;0.00;0.00;0.00;0.00;0.000;0.00;0.00;0.00;0.00;0.000;0.00;0.00;0.00;0.00;0.000;0.00;0.00;0.00;0.00;0.000;0.00;0.00;0.00;737.44;6.146;184.85;0.13;28.83;3590.93;27.738;903.79;0.83;28.94;5995.73;46.198;1518.30;1.24;29.12;4541.09;35.012;1148.16;1.00;29.08;209.28;1.610;53.20;0.03;29.23;4656.76;35.898;1177.88;1.14;29.09;3918.25;30.224;989.56;1.07;29.04;5407.38;41.644;1370.97;1.38;29.16
63499;BEEF SHORT RIB;2;9682.91;70.981;1974.36;0.04;23.45;0.00;0.000;0.00;0.00;0.00;0.00;0.000;0.00;0.00;0.00;0.00;0.000;0.00;0.00;0.00;0.00;0.000;0.00;0.00;0.00;0.00;0.000;0.00;0.00;0.00;0.00;0.000;0.00;0.00;0.00;0.00;0.000;0.00;0.00;0.00;0.00;0.000;0.00;0.00;0.00;0.00;0.000;0.00;0.00;0.00;0.00;0.000;0.00;0.00;0.00;0.00;0.000;0.00;0.00;0.00;0.00;0.000;0.00;0.00;0.00;0.00;0.000;0.00;0.00;0.00;0.00;0.000;0.00;0.00;0.00;0.00;0.000;0.00;0.00;0.00;0.00;0.000;0.00;0.00;0.00;0.00;0.000;0.00;0.00;0.00;0.00;0.000;0.00;0.00;0.00;0.00;0.000;0.00;0.00;0.00;0.00;0.000;0.00;0.00;0.00;0.00;0.000;0.00;0.00;0.00;0.00;0.000;0.00;0.00;0.00;0.00;0.000;0.00;0.00;0.00;0.00;0.000;0.00;0.00;0.00;0.00;0.000;0.00;0.00;0.00;0.00;0.000;0.00;0.00;0.00;0.00;0.000;0.00;0.00;0.00;0.00;0.000;0.00;0.00;0.00;0.00;0.000;0.00;0.00;0.00;0.00;0.000;0.00;0.00;0.00;0.00;0.000;0.00;0.00;0.00;0.00;0.000;0.00;0.00;0.00;0.00;0.000;0.00;0.00;0.00;0.00;0.000;0.00;0.00;0.00;0.00;0.000;0.00;0.00;0.00;0.00;0.000;0.00;0.00;0.00;0.00;0.000;0.00;0.00;0.00;0.00;0.000;0.00;0.00;0.00;0.00;0.000;0.00;0.00;0.00;0.00;0.000;0.00;0.00;0.00;0.00;0.000;0.00;0.00;0.00;2853.08;20.980;654.42;0.47;26.38;4002.46;29.432;918.05;0.84;26.38;0.00;0.000;0.00;0.00;0.00;0.00;0.000;0.00;0.00;0.00;945.68;6.954;127.00;0.08;15.44;868.44;6.343;120.93;0.12;16.01;0.00;0.000;0.00;0.00;0.00;1013.25;7.272;153.96;0.15;17.47
63523;PORK HOCKS STEW;2;79022.27;1 254.827;26063.45;0.54;37.93;0.00;0.000;0.00;0.00;0.00;0.00;0.000;0.00;0.00;0.00;0.00;0.000;0.00;0.00;0.00;0.00;0.000;0.00;0.00;0.00;0.00;0.000;0.00;0.00;0.00;0.00;0.000;0.00;0.00;0.00;0.00;0.000;0.00;0.00;0.00;0.00;0.000;0.00;0.00;0.00;0.00;0.000;0.00;0.00;0.00;0.00;0.000;0.00;0.00;0.00;0.00;0.000;0.00;0.00;0.00;0.00;0.000;0.00;0.00;0.00;0.00;0.000;0.00;0.00;0.00;0.00;0.000;0.00;0.00;0.00;0.00;0.000;0.00;0.00;0.00;0.00;0.000;0.00;0.00;0.00;0.00;0.000;0.00;0.00;0.00;0.00;0.000;0.00;0.00;0.00;0.00;0.000;0.00;0.00;0.00;0.00;0.000;0.00;0.00;0.00;0.00;0.000;0.00;0.00;0.00;0.00;0.000;0.00;0.00;0.00;0.00;0.000;0.00;0.00;0.00;0.00;0.000;0.00;0.00;0.00;0.00;0.000;0.00;0.00;0.00;0.00;0.000;0.00;0.00;0.00;0.00;0.000;0.00;0.00;0.00;0.00;0.000;0.00;0.00;0.00;0.00;0.000;0.00;0.00;0.00;0.00;0.000;0.00;0.00;0.00;0.00;0.000;0.00;0.00;0.00;0.00;0.000;0.00;0.00;0.00;0.00;0.000;0.00;0.00;0.00;0.00;0.000;0.00;0.00;0.00;0.00;0.000;0.00;0.00;0.00;0.00;0.000;0.00;0.00;0.00;0.00;0.000;0.00;0.00;0.00;0.00;0.000;0.00;0.00;0.00;0.00;0.000;0.00;0.00;0.00;0.00;0.000;0.00;0.00;0.00;0.00;0.000;0.00;0.00;0.00;3390.02;73.784;439.93;0.32;14.92;10987.18;220.936;2044.45;1.87;21.40;12438.17;207.433;3765.15;3.09;34.81;12037.65;197.517;3753.92;3.25;35.86;11564.44;175.348;4095.96;2.54;40.73;8850.18;128.676;3322.11;3.21;43.17;10449.45;134.580;4512.10;4.86;49.66;9305.18;116.553;4129.82;4.15;51.04
63526;BEEF OXTAIL;2;63236.20;625.228;8063.58;0.17;14.66;0.00;0.000;0.00;0.00;0.00;0.00;0.000;0.00;0.00;0.00;0.00;0.000;0.00;0.00;0.00;0.00;0.000;0.00;0.00;0.00;0.00;0.000;0.00;0.00;0.00;0.00;0.000;0.00;0.00;0.00;0.00;0.000;0.00;0.00;0.00;0.00;0.000;0.00;0.00;0.00;0.00;0.000;0.00;0.00;0.00;0.00;0.000;0.00;0.00;0.00;0.00;0.000;0.00;0.00;0.00;0.00;0.000;0.00;0.00;0.00;0.00;0.000;0.00;0.00;0.00;0.00;0.000;0.00;0.00;0.00;0.00;0.000;0.00;0.00;0.00;0.00;0.000;0.00;0.00;0.00;0.00;0.000;0.00;0.00;0.00;0.00;0.000;0.00;0.00;0.00;0.00;0.000;0.00;0.00;0.00;0.00;0.000;0.00;0.00;0.00;0.00;0.000;0.00;0.00;0.00;0.00;0.000;0.00;0.00;0.00;0.00;0.000;0.00;0.00;0.00;0.00;0.000;0.00;0.00;0.00;0.00;0.000;0.00;0.00;0.00;0.00;0.000;0.00;0.00;0.00;0.00;0.000;0.00;0.00;0.00;0.00;0.000;0.00;0.00;0.00;0.00;0.000;0.00;0.00;0.00;0.00;0.000;0.00;0.00;0.00;0.00;0.000;0.00;0.00;0.00;0.00;0.000;0.00;0.00;0.00;0.00;0.000;0.00;0.00;0.00;0.00;0.000;0.00;0.00;0.00;0.00;0.000;0.00;0.00;0.00;0.00;0.000;0.00;0.00;0.00;0.00;0.000;0.00;0.00;0.00;0.00;0.000;0.00;0.00;0.00;0.00;0.000;0.00;0.00;0.00;0.00;0.000;0.00;0.00;0.00;0.00;0.000;0.00;0.00;0.00;320.93;2.488;80.05;0.06;28.69;743.76;5.766;185.53;0.17;28.69;3638.78;28.210;907.64;0.74;28.69;15200.63;160.309;394.82;0.34;2.99;13010.48;106.774;2772.61;1.72;24.51;9812.36;94.014;1137.93;1.10;13.34;11699.26;128.909;1538.94;1.66;15.13;8810.00;98.758;1046.06;1.05;13.65
63735;PIERE SE BOBAAS BOEREWORS P/KG;2;13742.72;95.503;1487.69;0.03;12.45;0.00;0.000;0.00;0.00;0.00;0.00;0.000;0.00;0.00;0.00;0.00;0.000;0.00;0.00;0.00;0.00;0.000;0.00;0.00;0.00;0.00;0.000;0.00;0.00;0.00;0.00;0.000;0.00;0.00;0.00;0.00;0.000;0.00;0.00;0.00;0.00;0.000;0.00;0.00;0.00;0.00;0.000;0.00;0.00;0.00;0.00;0.000;0.00;0.00;0.00;0.00;0.000;0.00;0.00;0.00;0.00;0.000;0.00;0.00;0.00;0.00;0.000;0.00;0.00;0.00;0.00;0.000;0.00;0.00;0.00;0.00;0.000;0.00;0.00;0.00;0.00;0.000;0.00;0.00;0.00;0.00;0.000;0.00;0.00;0.00;0.00;0.000;0.00;0.00;0.00;0.00;0.000;0.00;0.00;0.00;0.00;0.000;0.00;0.00;0.00;0.00;0.000;0.00;0.00;0.00;0.00;0.000;0.00;0.00;0.00;0.00;0.000;0.00;0.00;0.00;0.00;0.000;0.00;0.00;0.00;0.00;0.000;0.00;0.00;0.00;0.00;0.000;0.00;0.00;0.00;0.00;0.000;0.00;0.00;0.00;0.00;0.000;0.00;0.00;0.00;0.00;0.000;0.00;0.00;0.00;0.00;0.000;0.00;0.00;0.00;0.00;0.000;0.00;0.00;0.00;0.00;0.000;0.00;0.00;0.00;0.00;0.000;0.00;0.00;0.00;0.00;0.000;0.00;0.00;0.00;0.00;0.000;0.00;0.00;0.00;0.00;0.000;0.00;0.00;0.00;0.00;0.000;0.00;0.00;0.00;0.00;0.000;0.00;0.00;0.00;0.00;0.000;0.00;0.00;0.00;0.00;0.000;0.00;0.00;0.00;0.00;0.000;0.00;0.00;0.00;0.00;0.000;0.00;0.00;0.00;1179.82;6.751;260.92;0.24;25.43;0.00;0.000;0.00;0.00;0.00;0.00;0.000;0.00;0.00;0.00;3791.85;26.094;425.37;0.26;12.90;2577.63;18.414;235.68;0.23;10.51;4048.89;28.924;369.84;0.40;10.50;2144.53;15.320;195.87;0.20;10.50
64053;PAR COOKED MARINATED LOIN  RIBS;2;24675.94;206.000;5840.74;0.12;27.22;0.00;0.000;0.00;0.00;0.00;0.00;0.000;0.00;0.00;0.00;0.00;0.000;0.00;0.00;0.00;0.00;0.000;0.00;0.00;0.00;0.00;0.000;0.00;0.00;0.00;0.00;0.000;0.00;0.00;0.00;0.00;0.000;0.00;0.00;0.00;0.00;0.000;0.00;0.00;0.00;0.00;0.000;0.00;0.00;0.00;0.00;0.000;0.00;0.00;0.00;0.00;0.000;0.00;0.00;0.00;0.00;0.000;0.00;0.00;0.00;0.00;0.000;0.00;0.00;0.00;0.00;0.000;0.00;0.00;0.00;0.00;0.000;0.00;0.00;0.00;0.00;0.000;0.00;0.00;0.00;0.00;0.000;0.00;0.00;0.00;0.00;0.000;0.00;0.00;0.00;0.00;0.000;0.00;0.00;0.00;0.00;0.000;0.00;0.00;0.00;0.00;0.000;0.00;0.00;0.00;0.00;0.000;0.00;0.00;0.00;0.00;0.000;0.00;0.00;0.00;0.00;0.000;0.00;0.00;0.00;0.00;0.000;0.00;0.00;0.00;0.00;0.000;0.00;0.00;0.00;0.00;0.000;0.00;0.00;0.00;0.00;0.000;0.00;0.00;0.00;0.00;0.000;0.00;0.00;0.00;0.00;0.000;0.00;0.00;0.00;0.00;0.000;0.00;0.00;0.00;0.00;0.000;0.00;0.00;0.00;0.00;0.000;0.00;0.00;0.00;0.00;0.000;0.00;0.00;0.00;0.00;0.000;0.00;0.00;0.00;0.00;0.000;0.00;0.00;0.00;0.00;0.000;0.00;0.00;0.00;0.00;0.000;0.00;0.00;0.00;0.00;0.000;0.00;0.00;0.00;0.00;0.000;0.00;0.00;0.00;0.00;0.000;0.00;0.00;0.00;0.00;0.000;0.00;0.00;0.00;839.93;7.000;203.97;0.19;27.93;4547.62;38.000;1096.85;0.90;27.74;3947.67;33.000;951.16;0.82;27.71;6101.49;51.000;1470.44;0.91;27.71;2399.80;20.000;582.78;0.56;27.93;3599.70;30.000;808.17;0.87;25.82;3239.73;27.000;727.36;0.73;25.82
99990201;BUTCHERY 15%;2;233302.10;4 675.000;59448.81;1.24;29.30;15696.84;31.000;4011.57;6.15;29.39;2496.27;28.000;637.96;0.88;29.39;1719.30;11.000;439.39;0.70;29.39;1058.56;3.000;270.53;0.44;29.39;7329.56;829.000;1870.42;2.42;29.35;1835.40;223.000;469.06;0.63;29.39;8206.00;45.000;2097.17;2.52;29.39;3161.84;18.000;808.06;1.10;29.39;4585.04;6.000;1171.78;1.58;29.39;21335.75;175.000;5452.68;4.42;29.39;-397.57;18.000;-101.61;-0.16;29.39;13918.98;489.000;3557.21;5.47;29.39;13208.12;136.000;3375.54;4.06;29.39;3721.99;18.000;950.43;1.14;29.37;3616.56;197.000;924.27;1.25;29.39;1633.50;22.000;417.47;0.54;29.39;-554.44;-1.000;-149.37;-0.17;30.98;2322.28;22.000;593.49;0.73;29.39;-286.32;1.000;-76.75;-0.08;30.83;5150.07;226.000;1316.18;1.50;29.39;1344.38;24.000;338.12;0.37;28.92;2226.06;31.000;568.90;0.44;29.39;3851.36;386.000;984.27;1.27;29.39;2447.01;212.000;625.37;0.79;29.39;3739.98;32.000;954.48;0.92;29.35;6752.82;47.000;1664.39;1.94;28.34;6031.02;44.000;1531.62;1.53;29.21;2085.99;23.000;533.11;0.55;29.39;1699.44;29.000;434.32;0.47;29.39;153.77;4.000;38.00;0.04;28.42;1640.33;27.000;414.57;0.41;29.06;3403.88;21.000;869.17;0.87;29.36;2649.31;16.000;677.07;0.56;29.39;15673.81;113.000;4005.68;2.52;29.39;642.10;2.000;164.10;0.17;29.39;10767.44;615.000;2744.70;2.44;29.31;5078.49;38.000;1294.32;1.03;29.31;4586.77;17.000;1124.12;0.89;28.18;3257.91;23.000;828.32;0.60;29.24;2826.98;11.000;722.48;0.57;29.39;5143.52;20.000;1312.39;1.00;29.34;2606.65;40.000;666.17;0.48;29.39;2625.41;16.000;664.71;0.61;29.12;2350.27;18.000;600.65;0.49;29.39;2181.08;16.000;557.41;0.48;29.39;21461.73;273.000;5481.67;3.40;29.37;813.84;35.000;207.99;0.20;29.39;4092.56;25.000;1044.77;1.13;29.36;1410.46;20.000;360.46;0.36;29.39
;Total (Overall);;22410771.67;272 647.232;4808605.00;100.00;24.63;319212.02;3 751.464;65206.44;100.00;23.49;338323.89;4 115.025;72096.75;100.00;24.51;293615.25;3 692.775;62448.14;100.00;24.46;286667.65;3 670.787;60793.70;100.00;24.39;365365.70;5 482.589;77267.01;100.00;24.32;354549.35;5 289.136;74205.54;100.00;24.07;390820.58;5 273.193;83230.47;100.00;24.49;379628.25;5 042.474;73761.85;100.00;22.34;360656.47;4 279.136;74256.05;100.00;23.68;557396.56;5 861.905;123466.49;100.00;25.47;318958.04;3 554.286;62108.80;100.00;22.39;345255.49;4 444.068;65015.90;100.00;21.66;404653.60;5 050.720;83209.85;100.00;23.65;413310.82;5 144.815;83533.61;100.00;23.24;364815.28;4 616.813;74127.38;100.00;23.37;353682.49;4 135.009;77448.52;100.00;25.18;412836.88;4 788.350;87661.88;100.00;24.42;407100.91;4 732.096;81534.83;100.00;23.03;410012.27;4 441.067;95304.53;100.00;26.73;384224.73;4 325.122;87501.06;100.00;26.19;406118.63;4 376.632;90686.56;100.00;25.68;607006.63;6 134.976;130422.89;100.00;24.71;360551.33;4 189.107;77592.38;100.00;24.75;398066.71;5 774.664;79018.04;100.00;22.75;489214.72;7 558.208;103615.28;100.00;24.23;413745.24;5 883.950;85907.98;100.00;23.81;460703.22;6 292.146;100203.66;100.00;24.94;456548.07;6 296.552;96087.33;100.00;24.13;437348.65;6 060.771;91736.20;100.00;24.05;491312.61;6 535.918;106560.95;100.00;24.89;484706.20;6 007.461;101854.91;100.00;24.14;471020.22;6 359.252;99549.15;100.00;24.24;516388.04;7 083.792;121401.65;100.00;26.86;666513.52;8 096.440;159212.76;100.00;27.29;427779.48;4 957.257;99246.40;100.00;26.60;501640.47;6 437.210;112348.18;100.00;25.66;630655.53;7 887.247;125511.85;100.00;22.81;570093.37;6 741.063;125673.37;100.00;25.28;555154.06;6 945.058;138031.09;100.00;28.48;496033.29;6 046.584;126076.24;100.00;29.15;517838.15;6 332.246;130945.59;100.00;28.95;566256.59;6 661.862;139335.81;100.00;28.24;499336.59;5 961.656;109245.60;100.00;25.09;572195.62;6 054.337;121973.20;100.00;24.48;628460.01;6 692.779;115330.47;100.00;21.08;766330.44;7 640.598;161053.20;100.00;24.13;516478.93;5 329.287;103461.67;100.00;23.02;505940.46;5 213.887;92841.86;100.00;21.09;536248.66;5 405.462;99501.95;100.00;21.33
