;;;Totals; ; ; ; ;01/03/22; ; ; ; ;01/04/22; ; ; ; ;01/05/22; ; ; ; ;01/06/22; ; ; ; ;01/07/22; ; ; ; ;01/08/22; ; ; ; ;01/09/22; ; ; ; ;01/10/22; ; ; ; ;01/11/22; ; ; ; ;01/12/22; ; ; ; ;01/01/23; ; ; ; ;01/02/23; ; ; ; ;01/03/23; ; ; ; ;01/04/23; ; ; ; ;01/05/23; ; ; ; ;01/06/23; ; ; ; ;01/07/23; ; ; ; ;01/08/23; ; ; ; ;01/09/23; ; ; ; ;01/10/23; ; ; ; ;01/11/23; ; ; ; ;01/12/23; ; ; ; ;01/01/24; ; ; ; ;01/02/24; ; ; ; ;01/03/24; ; ; ; ;01/04/24; ; ; ; ;01/05/24; ; ; ; ;01/06/24; ; ; ; ;01/07/24; ; ; ; ;01/08/24; ; ; ; ;01/09/24; ; ; ; ;01/10/24; ; ; ; ;01/11/24; ; ; ; ;01/12/24; ; ; ; ;01/01/25; ; ; ; ;01/02/25; ; ; ; ;01/03/25; ; ; ; ;01/04/25; ; ; ; ;01/05/25; ; ; ; ;01/06/25; ; ; ; ;01/07/25; ; ; ; ;01/08/25; ; ; ; ;01/09/25; ; ; ; ;01/10/25; ; ; ; ;01/11/25; ; ; ; ;01/12/25; ; ; ; ;01/01/26; ; ; ; ;01/02/26; ; ; ; ;01/03/26; ; ; ; 
Product Code;Product Description;Department;Sales incl. VAT;Sales Quantity;Gross Profit;GP Ratio (%);GP %;Sales incl. VAT;Sales Quantity;Gross Profit;GP Ratio (%);GP %;Sales incl. VAT;Sales Quantity;Gross Profit;GP Ratio (%);GP %;Sales incl. VAT;Sales Quantity;Gross Profit;GP Ratio (%);GP %;Sales incl. VAT;Sales Quantity;Gross Profit;GP Ratio (%);GP %;Sales incl. VAT;Sales Quantity;Gross Profit;GP Ratio (%);GP %;Sales incl. VAT;Sales Quantity;Gross Profit;GP Ratio (%);GP %;Sales incl. VAT;Sales Quantity;Gross Profit;GP Ratio (%);GP %;Sales incl. VAT;Sales Quantity;Gross Profit;GP Ratio (%);GP %;Sales incl. VAT;Sales Quantity;Gross Profit;GP Ratio (%);GP %;Sales incl. VAT;Sales Quantity;Gross Profit;GP Ratio (%);GP %;Sales incl. VAT;Sales Quantity;Gross Profit;GP Ratio (%);GP %;Sales incl. VAT;Sales Quantity;Gross Profit;GP Ratio (%);GP %;Sales incl. VAT;Sales Quantity;Gross Profit;GP Ratio (%);GP %;Sales incl. VAT;Sales Quantity;Gross Profit;GP Ratio (%);GP %;Sales incl. VAT;Sales Quantity;Gross Profit;GP Ratio (%);GP %;Sales incl. VAT;Sales Quantity;Gross Profit;GP Ratio (%);GP %;Sales incl. VAT;Sales Quantity;Gross Profit;GP Ratio (%);GP %;Sales incl. VAT;Sales Quantity;Gross Profit;GP Ratio (%);GP %;Sales incl. VAT;Sales Quantity;Gross Profit;GP Ratio (%);GP %;Sales incl. VAT;Sales Quantity;Gross Profit;GP Ratio (%);GP %;Sales incl. VAT;Sales Quantity;Gross Profit;GP Ratio (%);GP %;Sales incl. VAT;Sales Quantity;Gross Profit;GP Ratio (%);GP %;Sales incl. VAT;Sales Quantity;Gross Profit;GP Ratio (%);GP %;Sales incl. VAT;Sales Quantity;Gross Profit;GP Ratio (%);GP %;Sales incl. VAT;Sales Quantity;Gross Profit;GP Ratio (%);GP %;Sales incl. VAT;Sales Quantity;Gross Profit;GP Ratio (%);GP %;Sales incl. VAT;Sales Quantity;Gross Profit;GP Ratio (%);GP %;Sales incl. VAT;Sales Quantity;Gross Profit;GP Ratio (%);GP %;Sales incl. VAT;Sales Quantity;Gross Profit;GP Ratio (%);GP %;Sales incl. VAT;Sales Quantity;Gross Profit;GP Ratio (%);GP %;Sales incl. VAT;Sales Quantity;Gross Profit;GP Ratio (%);GP %;Sales incl. VAT;Sales Quantity;Gross Profit;GP Ratio (%);GP %;Sales incl. VAT;Sales Quantity;Gross Profit;GP Ratio (%);GP %;Sales incl. VAT;Sales Quantity;Gross Profit;GP Ratio (%);GP %;Sales incl. VAT;Sales Quantity;Gross Profit;GP Ratio (%);GP %;Sales incl. VAT;Sales Quantity;Gross Profit;GP Ratio (%);GP %;Sales incl. VAT;Sales Quantity;Gross Profit;GP Ratio (%);GP %;Sales incl. VAT;Sales Quantity;Gross Profit;GP Ratio (%);GP %;Sales incl. VAT;Sales Quantity;Gross Profit;GP Ratio (%);GP %;Sales incl. VAT;Sales Quantity;Gross Profit;GP Ratio (%);GP %;Sales incl. VAT;Sales Quantity;Gross Profit;GP Ratio (%);GP %;Sales incl. VAT;Sales Quantity;Gross Profit;GP Ratio (%);GP %;Sales incl. VAT;Sales Quantity;Gross Profit;GP Ratio (%);GP %;Sales incl. VAT;Sales Quantity;Gross Profit;GP Ratio (%);GP %;Sales incl. VAT;Sales Quantity;Gross Profit;GP Ratio (%);GP %;Sales incl. VAT;Sales Quantity;Gross Profit;GP Ratio (%);GP %;Sales incl. VAT;Sales Quantity;Gross Profit;GP Ratio (%);GP %;Sales incl. VAT;Sales Quantity;Gross Profit;GP Ratio (%);GP %;Sales incl. VAT;Sales Quantity;Gross Profit;GP Ratio (%);GP %
8913;TINKIES H&H  CHO&VAN;1;9464.67;994.000;2742.05;0.04;33.32;265.62;38.000;54.59;0.07;23.63;0.00;0.000;0.00;0.00;0.00;87.89;11.000;24.31;0.02;31.81;199.75;25.000;44.49;0.04;25.61;0.00;0.000;0.00;0.00;0.00;95.88;12.000;21.23;0.02;25.46;0.00;0.000;0.00;0.00;0.00;0.00;0.000;0.00;0.00;0.00;0.00;0.000;0.00;0.00;0.00;0.00;0.000;0.00;0.00;0.00;0.00;0.000;0.00;0.00;0.00;0.00;0.000;0.00;0.00;0.00;0.00;0.000;0.00;0.00;0.00;95.48;12.000;16.80;0.01;20.24;0.00;0.000;0.00;0.00;0.00;0.00;0.000;0.00;0.00;0.00;0.00;0.000;0.00;0.00;0.00;8.99;1.000;2.30;0.00;29.41;125.86;14.000;32.18;0.03;29.41;170.81;19.000;43.68;0.04;29.41;224.75;25.000;58.73;0.05;30.05;224.75;25.000;58.73;0.05;30.05;170.81;19.000;44.64;0.04;30.05;215.76;24.000;56.38;0.05;30.05;197.78;22.000;51.68;0.04;30.05;206.77;23.000;54.03;0.05;30.05;323.64;36.000;84.57;0.07;30.05;193.79;21.000;48.59;0.04;28.84;119.88;12.000;36.33;0.03;34.85;269.73;27.000;73.55;0.05;31.36;239.76;24.000;74.19;0.05;35.58;219.78;22.000;68.01;0.04;35.58;239.76;24.000;74.19;0.04;35.58;249.75;25.000;77.28;0.04;35.58;219.78;22.000;68.01;0.04;35.58;219.78;22.000;68.01;0.04;35.58;149.85;15.000;46.37;0.02;35.58;169.83;17.000;52.55;0.03;35.58;289.71;29.000;89.65;0.05;35.58;139.86;14.000;43.28;0.03;35.58;239.26;24.000;73.75;0.04;35.45;259.74;26.000;80.37;0.05;35.58;219.78;22.000;68.01;0.04;35.58;359.64;36.000;111.28;0.07;35.58;609.39;61.000;188.57;0.12;35.58;688.81;69.000;212.86;0.13;35.54;613.39;62.000;186.45;0.12;34.96;629.37;63.000;194.75;0.13;35.58;509.49;51.000;157.65;0.10;35.58
8915;TINKIES H&H STR&VAN;1;10865.91;1 194.000;2989.29;0.05;31.64;76.89;11.000;15.80;0.02;23.63;377.46;54.000;77.57;0.07;23.63;310.19;41.000;67.03;0.07;24.85;359.55;45.000;80.21;0.08;25.65;415.48;52.000;92.41;0.08;25.58;223.72;28.000;49.53;0.05;25.46;87.89;11.000;19.46;0.02;25.46;351.56;44.000;77.83;0.07;25.46;439.05;55.000;96.94;0.08;25.39;199.75;25.000;44.22;0.03;25.46;107.88;12.000;27.69;0.02;29.51;0.00;0.000;0.00;0.00;0.00;0.00;0.000;0.00;0.00;0.00;0.00;0.000;0.00;0.00;0.00;8.99;1.000;2.35;0.00;30.05;224.75;25.000;58.73;0.05;30.05;96.90;10.000;29.18;0.03;34.63;0.00;0.000;0.00;0.00;0.00;143.84;16.000;36.78;0.03;29.41;179.80;20.000;46.58;0.04;29.79;62.93;7.000;16.45;0.01;30.05;233.74;26.000;61.08;0.05;30.05;251.72;28.000;65.78;0.06;30.05;214.86;24.000;55.60;0.05;29.76;125.86;14.000;32.89;0.02;30.05;215.76;24.000;56.38;0.05;30.05;278.24;31.000;79.65;0.06;32.92;147.84;16.000;41.11;0.03;31.98;79.92;8.000;19.39;0.01;27.90;249.75;25.000;68.89;0.05;31.72;159.84;16.000;49.46;0.03;35.58;139.86;14.000;43.28;0.03;35.58;199.30;20.000;61.39;0.04;35.42;219.78;22.000;68.01;0.04;35.58;129.87;13.000;40.19;0.02;35.58;129.87;13.000;40.19;0.02;35.58;129.87;13.000;40.19;0.02;35.58;269.73;27.000;83.46;0.05;35.58;299.70;30.000;92.74;0.05;35.58;159.84;16.000;49.46;0.03;35.58;179.32;18.000;55.21;0.03;35.41;149.85;15.000;46.37;0.03;35.58;159.84;16.000;49.46;0.03;35.58;129.87;13.000;40.19;0.02;35.58;569.43;57.000;176.20;0.11;35.58;649.35;65.000;200.93;0.12;35.58;509.49;51.000;157.65;0.10;35.58;599.40;60.000;185.47;0.13;35.58;617.38;62.000;189.92;0.12;35.38
14712;F/L BREAD GARLIC MINI;1;73858.16;1 624.000;17331.59;0.26;26.99;1405.63;37.000;323.75;0.43;26.49;1249.87;33.000;285.45;0.26;26.26;1175.79;31.000;269.60;0.27;26.37;1061.82;28.000;243.35;0.24;26.36;1779.83;47.000;406.30;0.36;26.25;1177.69;31.000;271.25;0.25;26.49;1251.77;33.000;287.10;0.25;26.38;1063.72;28.000;245.00;0.21;26.49;907.96;24.000;206.70;0.17;26.18;1823.52;48.000;420.00;0.33;26.49;1225.80;30.000;277.91;0.24;26.07;1425.69;31.000;333.29;0.34;26.88;1195.74;26.000;279.53;0.24;26.88;1655.64;36.000;387.05;0.34;26.88;643.86;14.000;150.52;0.14;26.88;919.80;20.000;215.03;0.20;26.88;827.82;18.000;196.10;0.17;27.24;781.83;17.000;185.21;0.17;27.24;2069.55;45.000;490.26;0.42;27.24;1333.71;29.000;315.94;0.26;27.24;2023.56;44.000;479.36;0.39;27.24;2805.39;61.000;659.24;0.51;27.02;2137.50;50.000;478.46;0.43;25.74;1103.76;24.000;255.67;0.23;26.64;1239.43;27.000;285.63;0.21;26.50;1149.75;25.000;266.33;0.22;26.64;1655.64;36.000;383.51;0.31;26.64;1979.55;45.000;445.13;0.37;25.86;917.50;20.000;211.06;0.15;26.45;1103.76;24.000;255.67;0.18;26.64;1423.39;31.000;328.24;0.22;26.52;1515.37;33.000;349.55;0.21;26.53;1471.68;32.000;343.34;0.20;26.83;2299.50;50.000;553.04;0.32;27.66;1425.69;31.000;342.88;0.21;27.66;919.80;20.000;221.22;0.12;27.66;2069.55;45.000;497.74;0.26;27.66;1055.47;23.000;252.40;0.15;27.50;1223.76;24.000;294.46;0.17;27.67;1299.75;25.000;312.76;0.19;27.67;1663.68;32.000;400.34;0.23;27.67;1754.66;34.000;414.06;0.25;27.14;1817.05;35.000;435.61;0.27;27.57;1767.66;34.000;425.36;0.26;27.67;1869.04;36.000;448.12;0.28;27.57;2802.26;54.000;671.05;0.40;27.54;2334.35;45.000;558.46;0.36;27.51;1401.13;27.000;335.53;0.23;27.54;2651.49;51.000;638.04;0.41;27.67
14713;F/L BRD GARLIC LARGE;1;246335.92;7 153.000;56269.78;0.85;26.27;4075.64;136.000;959.12;1.29;27.06;5183.15;185.000;1133.43;1.02;25.15;4017.16;134.000;961.27;0.95;27.52;3447.35;115.000;824.78;0.81;27.51;4272.05;145.000;1020.70;0.91;27.48;3407.44;116.000;797.33;0.73;26.91;3853.62;138.000;809.61;0.70;24.16;3843.70;130.000;900.81;0.75;26.95;4344.05;145.000;1037.67;0.87;27.47;7493.00;250.000;1791.93;1.40;27.50;4150.68;132.000;989.46;0.86;27.41;2951.18;82.000;704.52;0.71;27.45;4786.54;146.000;1045.17;0.91;25.11;5391.28;152.000;1264.31;1.12;26.97;2373.54;66.000;565.48;0.53;27.40;3599.00;100.000;846.27;0.77;27.04;3239.10;90.000;771.23;0.67;27.38;3489.23;97.000;829.65;0.77;27.34;3676.89;111.000;814.02;0.69;25.46;3161.72;88.000;749.40;0.63;27.26;3451.44;96.000;819.52;0.67;27.31;7957.30;230.000;1784.05;1.37;25.78;5114.65;155.000;1079.69;0.98;24.28;3881.52;108.000;906.17;0.83;26.85;5924.38;182.000;1240.26;0.93;24.08;4516.37;133.000;990.49;0.83;25.22;4961.22;138.000;1159.19;0.92;26.87;4498.75;125.000;1054.24;0.87;26.95;3681.41;109.000;798.46;0.58;24.94;4789.30;140.000;1050.85;0.73;25.23;4882.54;146.000;1044.72;0.70;24.61;3388.99;101.000;729.93;0.44;24.77;5430.89;151.000;1284.72;0.74;27.20;9065.88;252.000;2222.52;1.29;28.19;5756.44;176.000;1341.76;0.81;26.81;5158.42;158.000;1165.63;0.61;25.99;5182.56;144.000;1212.63;0.62;26.91;7139.25;225.000;1431.74;0.84;23.06;5746.53;147.000;1358.19;0.77;27.18;3783.02;98.000;839.00;0.51;25.50;5356.66;134.000;1289.77;0.75;27.69;4750.81;119.000;1139.98;0.69;27.59;7578.29;206.000;1625.51;1.02;24.67;6681.25;175.000;1482.34;0.91;25.51;9037.74;226.000;2123.61;1.32;27.02;12110.87;313.000;2737.02;1.62;25.99;6494.32;168.000;1464.62;0.93;25.94;3989.17;103.000;881.41;0.60;25.41;5269.63;137.000;1195.60;0.77;26.09
14714;F/L BRAAIBRD CHSE&ONION;1;51609.23;1 317.000;12162.04;0.18;27.10;1367.62;38.000;315.38;0.42;26.52;1151.68;32.000;265.59;0.24;26.52;611.83;17.000;141.09;0.14;26.52;719.80;20.000;165.99;0.16;26.52;1043.71;29.000;240.69;0.21;26.52;611.83;17.000;141.09;0.13;26.52;1256.05;35.000;287.35;0.25;26.31;1043.71;29.000;240.69;0.20;26.52;899.75;25.000;207.49;0.17;26.52;1619.55;45.000;373.48;0.29;26.52;947.74;26.000;219.14;0.19;26.59;1130.71;29.000;264.95;0.27;26.95;1052.73;27.000;246.68;0.21;26.95;1598.59;41.000;374.59;0.33;26.95;935.76;24.000;219.27;0.21;26.95;896.77;23.000;208.12;0.19;26.69;1323.71;34.000;310.10;0.27;26.94;894.82;23.000;209.22;0.19;26.89;1208.69;31.000;284.28;0.24;27.05;1401.69;36.000;328.44;0.28;26.95;1442.63;37.000;339.31;0.28;27.05;1754.55;45.000;412.67;0.32;27.05;1284.72;33.000;300.93;0.27;26.94;1130.71;29.000;265.94;0.24;27.05;1128.76;29.000;264.25;0.20;26.92;545.86;14.000;127.57;0.11;26.88;896.77;23.000;209.57;0.17;26.88;857.78;22.000;200.46;0.17;26.88;855.83;22.000;198.77;0.14;26.71;974.75;25.000;227.80;0.16;26.88;779.80;20.000;182.24;0.12;26.88;1284.72;33.000;299.00;0.18;26.76;1089.77;28.000;252.85;0.15;26.68;1598.59;41.000;385.34;0.22;27.72;818.79;21.000;197.37;0.12;27.72;1247.68;32.000;300.75;0.16;27.72;428.89;11.000;103.38;0.05;27.72;779.80;20.000;187.97;0.11;27.72;1186.72;28.000;287.26;0.16;27.84;923.79;21.000;224.01;0.14;27.89;439.90;10.000;106.67;0.06;27.89;1143.74;26.000;277.35;0.17;27.89;1231.72;28.000;298.68;0.19;27.89;1011.77;23.000;245.35;0.15;27.89;263.94;6.000;64.00;0.04;27.89;2065.33;47.000;499.45;0.30;27.81;175.96;4.000;42.67;0.03;27.89;1187.73;27.000;288.02;0.19;27.89;1361.49;31.000;328.77;0.21;27.77
14716;F/L BRAAIBRD GARLIC;1;66075.93;1 757.000;18078.25;0.27;31.46;1247.61;39.000;291.54;0.39;26.87;2236.10;70.000;523.58;0.47;26.93;1180.43;37.000;277.88;0.27;27.07;1343.58;42.000;318.59;0.31;27.27;1246.01;39.000;294.44;0.26;27.18;1023.68;32.000;242.73;0.22;27.27;1150.04;36.000;271.68;0.23;27.17;1759.45;55.000;370.03;0.31;24.19;1503.53;47.000;312.29;0.26;23.89;2431.24;76.000;576.49;0.45;27.27;1218.09;36.000;330.86;0.29;31.24;1869.57;48.000;654.58;0.66;40.26;1442.63;37.000;505.88;0.44;40.33;2300.41;59.000;806.67;0.72;40.33;1052.73;27.000;369.15;0.35;40.33;662.83;17.000;232.43;0.21;40.33;1208.69;31.000;423.84;0.37;40.33;1091.72;28.000;382.83;0.35;40.33;2924.25;75.000;1025.43;0.87;40.33;1247.68;32.000;437.52;0.37;40.33;1208.69;31.000;423.84;0.35;40.33;1713.61;44.000;599.89;0.46;40.26;1559.60;40.000;546.89;0.49;40.33;1752.60;45.000;613.56;0.56;40.26;1325.66;34.000;464.86;0.35;40.33;779.80;20.000;273.45;0.23;40.33;974.75;25.000;287.08;0.23;33.87;857.78;22.000;200.46;0.17;26.88;1052.73;27.000;246.02;0.18;26.88;1130.71;29.000;264.25;0.18;26.88;1638.56;44.000;354.85;0.24;24.90;1138.69;31.000;247.71;0.15;25.02;1169.70;30.000;272.59;0.16;26.80;1481.62;38.000;357.14;0.21;27.72;1169.70;30.000;281.95;0.17;27.72;1208.69;31.000;291.35;0.15;27.72;875.74;26.000;161.99;0.08;21.27;1321.76;34.000;311.14;0.18;27.07;1323.69;31.000;319.35;0.18;27.74;1011.77;23.000;245.35;0.15;27.89;1317.50;30.000;318.11;0.19;27.77;1231.72;28.000;298.68;0.18;27.89;1187.73;27.000;288.02;0.18;27.89;1451.67;33.000;352.02;0.22;27.89;1583.64;36.000;384.02;0.24;27.89;1759.60;40.000;426.69;0.25;27.89;1392.65;35.000;282.36;0.18;23.32;879.80;20.000;213.35;0.14;27.89;435.50;10.000;102.85;0.07;27.16
14721;F/L CHILLI GARLIC BREAD;1;48876.42;1 368.000;10910.90;0.16;25.67;927.71;29.000;221.10;0.30;27.41;1484.42;58.000;275.18;0.25;21.32;624.75;25.000;107.80;0.11;19.84;597.80;20.000;132.61;0.13;25.51;795.74;26.000;182.78;0.16;26.42;806.33;27.000;180.61;0.16;25.76;1924.30;70.000;387.43;0.33;23.15;1657.46;54.000;379.21;0.32;26.31;831.74;26.000;198.23;0.17;27.41;1535.52;48.000;365.97;0.29;27.41;1104.67;33.000;256.79;0.22;26.73;1286.67;33.000;298.09;0.30;26.64;1154.66;34.000;230.47;0.20;22.95;1587.61;44.000;333.27;0.30;24.14;740.81;19.000;171.63;0.16;26.64;740.81;19.000;171.63;0.16;26.64;857.78;22.000;201.41;0.18;27.00;775.90;20.000;179.71;0.17;26.64;899.73;27.000;168.96;0.14;21.60;1091.72;28.000;256.34;0.21;27.00;1013.74;26.000;238.03;0.20;27.00;1481.62;38.000;347.89;0.27;27.00;662.83;17.000;155.64;0.14;27.00;896.77;23.000;210.57;0.19;27.00;893.29;26.000;171.98;0.13;22.14;758.78;22.000;150.79;0.13;22.85;857.78;22.000;201.41;0.16;27.00;779.80;20.000;183.10;0.15;27.00;752.77;23.000;136.94;0.10;20.92;902.75;25.000;185.14;0.13;23.58;1451.57;43.000;271.50;0.18;21.51;908.73;27.000;171.95;0.10;21.76;779.80;20.000;180.17;0.10;26.57;1520.61;39.000;362.27;0.21;27.40;896.77;23.000;213.82;0.13;27.42;933.81;24.000;221.42;0.12;27.27;623.84;16.000;148.74;0.08;27.42;972.80;25.000;230.71;0.14;27.27;374.91;9.000;89.83;0.05;27.56;472.89;11.000;113.56;0.07;27.62;859.80;20.000;206.48;0.12;27.62;943.63;22.000;225.26;0.14;27.45;607.84;16.000;127.32;0.08;24.09;1344.65;35.000;285.61;0.17;24.43;945.78;22.000;227.13;0.14;27.62;1977.54;46.000;474.90;0.28;27.62;1203.72;28.000;289.07;0.18;27.62;773.82;18.000;185.83;0.13;27.62;857.65;20.000;204.61;0.13;27.44
14723;F/L SWEET CHIL CHSE BREAD;1;65512.54;1 306.000;15339.72;0.23;26.93;1934.55;45.000;447.10;0.60;26.58;1996.41;59.000;439.22;0.40;25.30;1633.62;38.000;377.55;0.37;26.58;1203.72;28.000;278.19;0.27;26.58;1719.60;40.000;397.42;0.35;26.58;1349.23;37.000;238.80;0.22;20.35;0.00;0.000;0.00;0.00;0.00;0.00;0.000;0.00;0.00;0.00;644.85;15.000;149.03;0.12;26.58;2536.41;59.000;586.20;0.46;26.58;1834.59;41.000;420.70;0.37;26.37;1403.73;27.000;331.77;0.33;27.18;1611.69;31.000;380.92;0.33;27.18;2391.54;46.000;565.24;0.50;27.18;1559.70;30.000;368.64;0.35;27.18;985.21;19.000;231.21;0.21;26.99;1195.77;23.000;286.33;0.25;27.54;933.22;18.000;221.83;0.20;27.34;1559.70;30.000;373.48;0.32;27.54;1455.72;28.000;348.58;0.29;27.54;1351.74;26.000;323.68;0.27;27.54;1715.67;33.000;409.27;0.31;27.43;1297.15;25.000;301.19;0.27;26.70;1039.80;20.000;242.76;0.22;26.85;883.83;17.000;206.35;0.15;26.85;623.88;12.000;145.66;0.12;26.85;1455.72;28.000;339.87;0.27;26.85;1143.78;22.000;267.04;0.22;26.85;829.24;16.000;191.95;0.14;26.62;1195.77;23.000;279.18;0.19;26.85;935.82;18.000;218.49;0.15;26.85;1143.78;22.000;267.04;0.16;26.85;1039.80;20.000;242.76;0.14;26.85;1869.04;36.000;452.15;0.26;27.82;1403.73;27.000;341.18;0.20;27.95;1143.78;22.000;278.00;0.15;27.95;1247.76;24.000;303.27;0.16;27.95;1453.12;28.000;351.56;0.21;27.82;903.84;16.000;215.63;0.12;27.44;1101.81;19.000;261.39;0.16;27.28;1385.96;24.000;325.13;0.19;26.98;1507.74;26.000;357.69;0.22;27.28;1214.89;21.000;286.38;0.18;27.11;1043.82;18.000;247.63;0.15;27.28;1449.75;25.000;343.93;0.21;27.28;2658.84;46.000;625.27;0.37;27.04;1971.66;34.000;467.75;0.30;27.28;1217.79;21.000;288.90;0.20;27.28;1333.77;23.000;316.42;0.20;27.28
14847;F/L RUSK;1;74503.87;803.000;18527.64;0.28;28.60;346.45;5.000;76.04;0.10;25.24;419.94;6.000;94.90;0.09;25.99;579.91;9.000;79.72;0.08;15.81;279.96;4.000;52.32;0.05;21.49;419.94;6.000;78.49;0.07;21.49;1683.78;22.000;413.00;0.38;28.21;1101.91;14.000;289.26;0.25;30.19;0.00;0.000;0.00;0.00;0.00;552.93;7.000;146.35;0.12;30.44;1812.82;23.000;477.43;0.37;30.29;785.95;10.000;205.63;0.18;30.09;1263.84;16.000;334.51;0.34;30.44;1184.85;15.000;313.60;0.27;30.44;473.94;6.000;125.44;0.11;30.44;1195.85;15.000;323.17;0.30;31.08;1747.78;22.000;468.65;0.43;30.84;2235.72;28.000;606.26;0.53;31.18;555.93;7.000;148.96;0.14;30.81;0.00;0.000;0.00;0.00;0.00;0.00;0.000;0.00;0.00;0.00;2223.72;28.000;595.83;0.49;30.81;1679.79;21.000;457.31;0.35;31.31;2155.73;27.000;584.49;0.53;31.18;2387.70;30.000;642.86;0.59;30.96;2234.76;24.000;796.55;0.60;40.99;1989.80;20.000;774.66;0.65;44.77;1894.81;19.000;511.24;0.41;31.03;2094.79;21.000;475.28;0.39;26.09;1894.81;19.000;429.60;0.31;26.07;1794.82;18.000;406.76;0.28;26.06;1784.82;18.000;398.07;0.27;25.65;1574.84;16.000;343.69;0.21;25.10;2289.77;23.000;516.61;0.30;25.95;1589.84;16.000;356.74;0.21;25.80;2284.77;23.000;512.26;0.31;25.78;2384.76;24.000;535.10;0.28;25.80;2779.72;28.000;622.11;0.32;25.74;2994.72;28.000;718.49;0.42;27.59;2078.81;19.000;503.55;0.29;27.86;2544.26;24.000;578.83;0.35;26.16;2279.52;23.000;444.72;0.26;22.44;2293.29;21.000;552.78;0.34;27.72;978.91;9.000;233.49;0.15;27.43;2078.81;19.000;503.55;0.31;27.86;1858.83;17.000;449.54;0.28;27.81;1963.32;18.000;471.76;0.28;27.63;984.41;9.000;238.27;0.15;27.84;1314.38;12.000;319.29;0.22;27.94;1453.86;14.000;320.46;0.21;25.35
14934;F/L ROLLS WHTE PANINI;1;66137.52;1 863.000;16660.85;0.25;28.97;1005.00;30.000;242.01;0.32;27.69;1356.20;40.000;323.60;0.29;27.44;1288.22;38.000;307.27;0.30;27.43;2306.22;68.000;550.71;0.54;27.46;2479.57;73.000;594.49;0.53;27.57;2002.01;59.000;478.71;0.44;27.50;1425.88;42.000;341.41;0.29;27.54;1255.93;37.000;300.59;0.25;27.52;1626.42;48.000;387.43;0.32;27.39;1495.54;46.000;620.67;0.49;47.73;1315.89;41.000;589.31;0.51;51.50;475.86;14.000;114.29;0.11;27.62;780.07;23.000;186.29;0.16;27.46;1221.94;36.000;292.42;0.26;27.52;1125.93;37.000;228.17;0.21;23.30;1152.26;34.000;274.62;0.25;27.41;1085.98;32.000;262.36;0.23;27.78;932.14;26.000;237.09;0.22;29.25;0.00;0.000;0.00;0.00;0.00;0.00;0.000;0.00;0.00;0.00;215.93;7.000;44.33;0.04;23.61;1726.89;51.000;398.93;0.31;26.57;1178.67;33.000;292.74;0.26;28.56;1002.32;28.000;250.33;0.23;28.72;788.18;22.000;197.25;0.15;28.78;1218.26;34.000;304.98;0.26;28.79;1362.22;38.000;341.41;0.27;28.82;1547.57;43.000;391.65;0.32;29.10;1328.03;37.000;333.87;0.24;28.91;1595.72;48.000;345.74;0.24;24.92;1254.45;35.000;307.74;0.21;28.21;1032.02;28.000;263.73;0.16;29.39;848.92;23.000;217.67;0.13;29.49;1179.98;32.000;301.87;0.18;29.42;1072.71;29.000;276.48;0.17;29.64;1326.09;36.000;338.39;0.18;29.35;1474.05;40.000;376.53;0.19;29.38;1585.02;43.000;405.13;0.24;29.39;1477.75;40.000;379.75;0.21;29.55;1553.58;42.000;400.42;0.24;29.64;1956.77;53.000;502.08;0.29;29.51;2049.41;59.000;473.31;0.29;26.56;2009.45;55.000;464.18;0.29;26.56;2298.46;59.000;567.67;0.35;28.40;2339.40;60.000;579.02;0.36;28.46;1904.66;49.000;467.78;0.28;28.24;1052.73;27.000;260.56;0.17;28.46;1869.57;48.000;461.52;0.31;28.39;1557.65;40.000;384.32;0.25;28.37
14936;F/L CROISSNTS BUTTER;1;52235.01;1 304.000;12436.73;0.19;27.38;0.00;0.000;0.00;0.00;0.00;0.00;0.000;0.00;0.00;0.00;0.00;0.000;0.00;0.00;0.00;0.00;0.000;0.00;0.00;0.00;394.23;12.000;70.50;0.06;20.56;1435.62;38.000;325.40;0.30;26.07;919.77;23.000;224.22;0.19;28.03;919.77;23.000;224.22;0.19;28.03;955.76;24.000;230.49;0.19;27.73;0.00;0.000;0.00;0.00;0.00;0.00;0.000;0.00;0.00;0.00;0.00;0.000;0.00;0.00;0.00;758.77;23.000;132.74;0.12;20.12;1089.72;28.000;255.17;0.23;26.93;1117.72;28.000;271.23;0.25;27.91;1157.71;29.000;275.72;0.25;27.39;1197.70;30.000;286.97;0.25;27.55;793.61;19.000;207.49;0.19;30.07;1255.50;30.000;329.73;0.28;30.20;1133.73;27.000;300.04;0.25;30.43;1217.71;29.000;322.27;0.27;30.43;1175.72;28.000;311.15;0.24;30.43;587.86;14.000;155.58;0.14;30.43;1375.13;37.000;291.27;0.27;24.36;1553.63;37.000;411.17;0.31;30.43;1091.74;26.000;288.93;0.24;30.43;1901.41;49.000;439.86;0.35;26.60;1399.66;34.000;359.70;0.30;29.55;1115.43;27.000;285.38;0.21;29.42;1159.71;29.000;277.88;0.19;27.56;1199.70;30.000;287.46;0.19;27.56;1316.24;36.000;279.54;0.17;24.42;1159.71;29.000;286.58;0.16;28.42;1195.70;30.000;292.98;0.17;28.18;1611.06;44.000;374.53;0.22;26.73;799.80;20.000;204.82;0.11;29.45;1315.67;33.000;329.49;0.17;28.80;1511.09;41.000;319.08;0.19;24.28;1829.26;49.000;397.62;0.23;25.00;1444.62;38.000;325.50;0.20;25.91;1199.70;30.000;293.66;0.17;28.15;1427.40;35.000;348.52;0.21;28.08;1662.38;37.000;408.74;0.26;28.28;2150.48;52.000;469.83;0.29;25.12;1619.64;36.000;399.60;0.25;28.37;989.78;22.000;244.20;0.14;28.37;1631.60;40.000;339.49;0.22;23.93;1079.76;24.000;266.40;0.18;28.37;1383.81;34.000;291.61;0.19;24.23
14937;F/L BUNS HAMBURGER;1;234728.31;11 075.000;53891.92;0.81;26.40;2881.61;154.000;670.37;0.90;26.75;2798.77;158.000;660.90;0.60;27.16;2487.69;131.000;579.12;0.57;26.77;2776.05;155.000;604.21;0.59;25.03;3325.39;181.000;743.01;0.66;25.70;2542.76;134.000;590.73;0.54;26.72;3007.45;175.000;602.65;0.52;23.04;2802.48;152.000;618.84;0.52;25.39;3410.60;180.000;789.13;0.66;26.61;4401.88;232.000;1022.31;0.80;26.71;3018.37;168.000;648.58;0.56;24.71;3165.35;175.000;690.39;0.69;25.08;3246.34;171.000;759.99;0.66;26.92;4939.18;287.000;993.07;0.88;23.12;3124.80;165.000;726.69;0.68;26.74;3873.93;222.000;792.69;0.72;23.53;3560.13;202.000;737.63;0.65;23.83;3988.52;198.000;935.17;0.86;26.96;4757.41;239.000;1067.45;0.91;25.80;4938.25;225.000;1263.01;1.06;29.41;4716.85;215.000;1204.03;0.99;29.36;5338.07;243.000;1366.86;1.05;29.45;5133.24;246.000;1188.68;1.07;26.63;4910.56;234.000;1123.19;1.03;26.30;5865.83;267.000;1459.54;1.09;28.61;4507.58;207.000;1153.09;0.97;29.42;5474.42;250.000;1440.86;1.15;30.27;4702.75;224.000;1095.34;0.90;26.79;4625.04;219.000;1085.81;0.79;27.00;4884.03;217.000;1174.51;0.82;27.66;6098.52;274.000;1373.35;0.92;25.90;6088.33;277.000;1327.78;0.80;25.08;5688.35;265.000;1186.93;0.68;24.00;6483.18;282.000;1533.01;0.89;27.19;6337.60;295.000;1363.43;0.82;24.74;6004.12;279.000;1299.32;0.69;24.89;6754.46;294.000;1650.78;0.85;28.11;6963.66;304.000;1689.07;0.99;27.89;5642.89;247.000;1359.25;0.77;27.70;5195.73;228.000;1243.31;0.76;27.52;5545.86;255.000;1230.36;0.72;25.51;5727.96;256.000;1275.53;0.77;25.61;5755.26;249.000;1224.09;0.77;24.46;5890.52;238.000;1378.46;0.84;26.91;6547.72;284.000;1349.58;0.84;23.70;5841.41;234.000;1391.11;0.82;27.39;6769.15;287.000;1459.37;0.93;24.79;6174.41;259.000;1354.39;0.92;25.23;6013.85;242.000;1414.96;0.91;27.06
14942;F/LINE BRD CIABATTA WHITE;1;46846.25;1 725.000;11588.57;0.17;28.45;926.64;36.000;224.78;0.30;27.90;389.85;15.000;95.28;0.09;28.10;0.00;0.000;0.00;0.00;0.00;377.35;15.000;84.61;0.08;25.79;1060.28;42.000;246.71;0.22;26.76;855.76;34.000;200.04;0.18;26.88;805.69;31.000;196.90;0.17;28.10;259.90;10.000;63.52;0.05;28.10;491.21;19.000;118.42;0.10;27.72;1243.62;48.000;301.49;0.24;27.88;667.94;26.000;158.36;0.14;27.27;807.76;34.000;169.45;0.17;24.12;841.66;34.000;186.85;0.16;25.53;957.73;37.000;231.62;0.21;27.81;933.04;36.000;226.40;0.21;27.90;1208.20;50.000;275.79;0.25;26.25;691.43;27.000;168.43;0.15;28.01;562.74;21.000;138.90;0.13;28.38;998.63;37.000;250.93;0.21;28.90;1047.21;39.000;259.79;0.22;28.53;916.31;34.000;229.41;0.19;28.79;1052.61;39.000;264.49;0.20;28.90;755.72;28.000;189.89;0.17;28.90;780.01;29.000;194.32;0.18;28.65;591.08;22.000;146.85;0.11;28.57;886.74;36.000;178.34;0.15;23.13;1170.99;46.000;257.63;0.21;25.30;836.69;31.000;210.23;0.17;28.90;753.02;28.000;187.54;0.14;28.64;928.67;33.000;246.60;0.17;30.54;811.72;28.000;223.50;0.15;31.66;1013.20;35.000;278.11;0.17;31.57;923.33;32.000;251.64;0.14;31.34;1100.17;38.000;302.06;0.18;31.57;1062.48;37.000;286.51;0.17;31.01;1243.67;43.000;340.71;0.18;31.50;781.28;27.000;214.26;0.11;31.54;1198.95;45.000;296.41;0.17;28.43;1071.18;37.000;299.29;0.17;32.13;1253.38;47.000;309.20;0.19;28.37;1421.15;55.000;326.17;0.19;26.39;1514.58;52.000;418.59;0.25;31.78;1618.68;57.000;375.43;0.24;26.67;1530.21;54.000;353.84;0.22;26.59;1315.06;44.000;331.93;0.21;29.03;1551.98;52.000;390.39;0.23;28.93;1139.62;38.000;290.05;0.19;29.27;898.20;30.000;227.68;0.15;29.15;1598.93;57.000;369.24;0.24;26.56
14959;F/L ROLLS PORTUGUESE;1;38512.67;1 738.000;9298.76;0.14;27.77;958.52;48.000;225.03;0.30;27.00;732.65;35.000;172.46;0.16;27.07;986.53;47.000;232.22;0.23;27.07;1025.36;49.000;239.36;0.23;26.85;1068.39;51.000;264.41;0.24;28.46;753.54;36.000;194.68;0.18;29.71;963.44;46.000;225.45;0.19;26.91;939.30;45.000;217.77;0.18;26.66;1153.40;55.000;270.84;0.23;27.00;1866.01;89.000;437.91;0.34;26.99;1132.41;54.000;265.89;0.23;27.00;754.59;36.000;176.96;0.18;26.97;797.62;38.000;187.75;0.16;27.07;712.61;34.000;167.08;0.15;26.96;1154.45;55.000;271.75;0.26;27.07;1362.25;65.000;319.33;0.29;26.96;1278.29;61.000;303.54;0.27;27.31;940.29;41.000;231.11;0.21;28.27;1055.24;46.000;259.54;0.22;28.28;1144.90;50.000;280.28;0.23;28.15;1308.13;57.000;322.08;0.26;28.31;1769.08;77.000;436.79;0.34;28.39;987.42;43.000;242.62;0.22;28.26;1144.90;50.000;277.75;0.25;27.90;1028.80;45.000;248.57;0.19;27.79;779.36;34.000;189.59;0.16;27.97;1010.41;44.000;246.94;0.20;28.11;965.58;42.000;236.67;0.20;28.19;618.43;27.000;150.14;0.11;27.92;91.96;4.000;22.54;0.02;28.19;0.00;0.000;0.00;0.00;0.00;0.00;0.000;0.00;0.00;0.00;0.00;0.000;0.00;0.00;0.00;0.00;0.000;0.00;0.00;0.00;0.00;0.000;0.00;0.00;0.00;666.71;29.000;163.41;0.09;28.19;367.84;16.000;90.16;0.05;28.19;1147.20;50.000;279.75;0.16;28.04;963.28;42.000;234.67;0.13;28.02;321.86;14.000;78.89;0.05;28.19;0.00;0.000;0.00;0.00;0.00;49.98;2.000;12.51;0.01;28.78;124.95;5.000;31.27;0.02;28.78;548.53;22.000;136.52;0.08;28.62;549.78;22.000;137.60;0.09;28.78;1149.54;46.000;287.72;0.17;28.78;647.24;26.000;160.45;0.10;28.51;894.64;36.000;220.82;0.15;28.39;597.26;24.000;147.94;0.10;28.49
14961;C/VALUE LOAVES MINI;1;14271.89;1 021.000;3538.05;0.05;28.51;0.00;0.000;0.00;0.00;0.00;0.00;0.000;0.00;0.00;0.00;0.00;0.000;0.00;0.00;0.00;0.00;0.000;0.00;0.00;0.00;0.00;0.000;0.00;0.00;0.00;0.00;0.000;0.00;0.00;0.00;0.00;0.000;0.00;0.00;0.00;0.00;0.000;0.00;0.00;0.00;0.00;0.000;0.00;0.00;0.00;0.00;0.000;0.00;0.00;0.00;0.00;0.000;0.00;0.00;0.00;0.00;0.000;0.00;0.00;0.00;0.00;0.000;0.00;0.00;0.00;0.00;0.000;0.00;0.00;0.00;0.00;0.000;0.00;0.00;0.00;0.00;0.000;0.00;0.00;0.00;0.00;0.000;0.00;0.00;0.00;0.00;0.000;0.00;0.00;0.00;0.00;0.000;0.00;0.00;0.00;0.00;0.000;0.00;0.00;0.00;0.00;0.000;0.00;0.00;0.00;0.00;0.000;0.00;0.00;0.00;0.00;0.000;0.00;0.00;0.00;0.00;0.000;0.00;0.00;0.00;0.00;0.000;0.00;0.00;0.00;142.89;11.000;33.44;0.03;26.92;763.82;63.000;157.66;0.13;23.74;805.38;62.000;186.71;0.15;26.66;495.39;41.000;101.03;0.07;23.45;850.35;65.000;195.54;0.14;26.44;587.58;42.000;149.71;0.10;29.30;811.37;63.000;178.98;0.11;25.37;727.48;52.000;185.35;0.11;29.30;615.56;44.000;156.84;0.09;29.30;684.81;49.000;174.05;0.10;29.23;684.81;49.000;174.05;0.09;29.23;770.72;58.000;187.51;0.10;27.98;507.41;34.000;147.71;0.09;33.48;793.72;53.000;232.66;0.13;33.71;418.97;28.000;122.61;0.07;33.65;586.57;43.000;146.85;0.09;28.79;892.68;62.000;229.14;0.14;29.52;335.79;21.000;87.38;0.05;29.93;599.80;40.000;140.99;0.09;27.03;393.75;25.000;100.22;0.06;29.27;511.68;32.000;133.15;0.08;29.93;276.81;19.000;61.92;0.04;25.73;390.94;26.000;92.26;0.06;27.14;623.61;39.000;162.28;0.10;29.93
14962;F/L ROLLS FOOTLONG;1;16250.59;945.000;4072.16;0.06;28.82;584.61;39.000;143.78;0.19;28.28;508.90;33.000;119.32;0.11;26.96;480.19;31.000;112.56;0.11;26.96;464.70;30.000;108.93;0.11;26.96;712.54;46.000;167.02;0.15;26.96;650.58;42.000;152.50;0.14;26.96;991.36;64.000;232.38;0.20;26.96;447.66;29.000;103.95;0.09;26.70;618.06;40.000;143.90;0.12;26.77;1084.30;70.000;254.16;0.20;26.96;573.13;37.000;134.34;0.12;26.96;0.00;0.000;0.00;0.00;0.00;0.00;0.000;0.00;0.00;0.00;0.00;0.000;0.00;0.00;0.00;0.00;0.000;0.00;0.00;0.00;0.00;0.000;0.00;0.00;0.00;0.00;0.000;0.00;0.00;0.00;0.00;0.000;0.00;0.00;0.00;0.00;0.000;0.00;0.00;0.00;0.00;0.000;0.00;0.00;0.00;0.00;0.000;0.00;0.00;0.00;0.00;0.000;0.00;0.00;0.00;0.00;0.000;0.00;0.00;0.00;0.00;0.000;0.00;0.00;0.00;0.00;0.000;0.00;0.00;0.00;0.00;0.000;0.00;0.00;0.00;0.00;0.000;0.00;0.00;0.00;0.00;0.000;0.00;0.00;0.00;0.00;0.000;0.00;0.00;0.00;0.00;0.000;0.00;0.00;0.00;143.92;8.000;37.46;0.03;29.93;0.00;0.000;0.00;0.00;0.00;0.00;0.000;0.00;0.00;0.00;0.00;0.000;0.00;0.00;0.00;0.00;0.000;0.00;0.00;0.00;449.75;25.000;117.07;0.06;29.93;611.66;34.000;159.21;0.08;29.93;610.76;34.000;158.43;0.09;29.83;969.66;54.000;251.30;0.14;29.80;827.54;46.000;215.41;0.13;29.93;682.72;38.000;177.16;0.10;29.84;743.60;40.000;194.98;0.12;30.15;1177.41;59.000;312.24;0.20;30.50;0.00;0.000;0.00;0.00;0.00;0.00;0.000;0.00;0.00;0.00;838.58;42.000;222.64;0.13;30.53;599.70;30.000;159.65;0.10;30.61;559.72;28.000;149.01;0.10;30.61;919.54;46.000;244.79;0.16;30.61
14963;F/L BROWN HAMBURGER ROLLS 6'S;1;24868.29;1 131.000;7076.43;0.11;32.72;0.00;0.000;0.00;0.00;0.00;0.00;0.000;0.00;0.00;0.00;0.00;0.000;0.00;0.00;0.00;0.00;0.000;0.00;0.00;0.00;0.00;0.000;0.00;0.00;0.00;0.00;0.000;0.00;0.00;0.00;0.00;0.000;0.00;0.00;0.00;0.00;0.000;0.00;0.00;0.00;0.00;0.000;0.00;0.00;0.00;0.00;0.000;0.00;0.00;0.00;0.00;0.000;0.00;0.00;0.00;0.00;0.000;0.00;0.00;0.00;0.00;0.000;0.00;0.00;0.00;0.00;0.000;0.00;0.00;0.00;0.00;0.000;0.00;0.00;0.00;303.01;19.000;52.06;0.05;19.76;887.49;51.000;182.59;0.16;23.66;759.22;38.000;190.05;0.18;28.79;1174.11;59.000;294.02;0.25;28.80;947.16;44.000;259.93;0.22;31.56;894.99;41.000;248.63;0.20;31.95;1186.36;54.000;334.06;0.26;32.38;1036.31;49.000;275.16;0.25;30.54;945.35;45.000;244.96;0.22;29.80;677.29;31.000;183.68;0.14;31.19;679.49;31.000;185.59;0.16;31.41;611.32;28.000;165.53;0.13;31.14;461.83;22.000;113.98;0.09;28.38;502.36;24.000;123.08;0.09;28.17;469.79;21.000;133.97;0.09;32.80;417.66;19.000;114.79;0.08;31.61;533.61;24.000;150.25;0.09;32.38;794.63;37.000;207.27;0.12;30.00;779.36;34.000;233.21;0.14;34.41;757.50;35.000;201.13;0.12;30.53;716.38;32.000;204.59;0.11;32.84;801.20;35.000;239.13;0.12;34.32;526.47;23.000;157.11;0.09;34.32;780.51;34.000;234.21;0.13;34.51;614.98;27.000;181.79;0.11;33.99;501.18;22.000;148.20;0.09;34.00;796.56;34.000;248.17;0.15;35.83;694.72;28.000;238.05;0.15;39.41;719.71;29.000;246.71;0.15;39.42;820.92;33.000;282.42;0.18;39.56;870.90;35.000;299.74;0.18;39.58;669.77;28.000;216.36;0.14;37.15;765.21;34.000;220.91;0.15;33.20;770.94;31.000;265.11;0.17;39.55
14964;F/L BROWN HOTDOG ROLLS;1;24120.28;1 097.000;6864.42;0.10;32.73;0.00;0.000;0.00;0.00;0.00;0.00;0.000;0.00;0.00;0.00;0.00;0.000;0.00;0.00;0.00;0.00;0.000;0.00;0.00;0.00;0.00;0.000;0.00;0.00;0.00;0.00;0.000;0.00;0.00;0.00;0.00;0.000;0.00;0.00;0.00;0.00;0.000;0.00;0.00;0.00;0.00;0.000;0.00;0.00;0.00;0.00;0.000;0.00;0.00;0.00;0.00;0.000;0.00;0.00;0.00;0.00;0.000;0.00;0.00;0.00;0.00;0.000;0.00;0.00;0.00;0.00;0.000;0.00;0.00;0.00;0.00;0.000;0.00;0.00;0.00;367.77;23.000;63.85;0.06;19.96;790.60;45.000;166.84;0.15;24.27;875.36;44.000;211.81;0.20;27.83;1143.42;58.000;283.77;0.24;28.54;865.00;40.000;237.81;0.20;31.62;857.61;39.000;241.96;0.20;32.44;1205.05;55.000;337.40;0.26;32.20;906.57;43.000;239.85;0.22;30.43;1097.38;52.000;283.24;0.26;29.68;833.42;38.000;227.93;0.17;31.45;680.59;31.000;186.55;0.16;31.52;546.45;25.000;148.34;0.12;31.22;531.75;25.000;135.56;0.11;29.32;389.56;19.000;90.36;0.07;26.67;472.39;21.000;136.23;0.10;33.17;417.66;19.000;114.79;0.08;31.61;509.77;23.000;142.59;0.09;32.17;670.54;31.000;177.81;0.10;30.49;735.68;32.000;221.38;0.13;34.61;689.38;32.000;181.12;0.11;30.21;661.55;30.000;183.06;0.10;31.82;850.63;37.000;255.97;0.13;34.61;548.31;24.000;163.03;0.10;34.19;710.39;31.000;212.46;0.12;34.39;482.79;21.000;145.28;0.09;34.61;436.81;19.000;131.44;0.08;34.61;867.08;37.000;270.27;0.16;35.85;772.19;31.000;266.20;0.17;39.64;874.65;35.000;303.00;0.19;39.84;672.23;27.000;231.57;0.14;39.62;772.19;31.000;266.20;0.16;39.64;508.54;21.000;167.67;0.11;37.92;678.50;30.000;197.80;0.13;33.53;698.47;28.000;241.31;0.16;39.73
14965;F/L W/W SANDWICH ROLLS;1;17360.73;817.000;5337.55;0.08;30.74;0.00;0.000;0.00;0.00;0.00;0.00;0.000;0.00;0.00;0.00;0.00;0.000;0.00;0.00;0.00;0.00;0.000;0.00;0.00;0.00;0.00;0.000;0.00;0.00;0.00;0.00;0.000;0.00;0.00;0.00;0.00;0.000;0.00;0.00;0.00;0.00;0.000;0.00;0.00;0.00;0.00;0.000;0.00;0.00;0.00;0.00;0.000;0.00;0.00;0.00;0.00;0.000;0.00;0.00;0.00;0.00;0.000;0.00;0.00;0.00;0.00;0.000;0.00;0.00;0.00;0.00;0.000;0.00;0.00;0.00;0.00;0.000;0.00;0.00;0.00;0.00;0.000;0.00;0.00;0.00;0.00;0.000;0.00;0.00;0.00;0.00;0.000;0.00;0.00;0.00;0.00;0.000;0.00;0.00;0.00;0.00;0.000;0.00;0.00;0.00;0.00;0.000;0.00;0.00;0.00;0.00;0.000;0.00;0.00;0.00;0.00;0.000;0.00;0.00;0.00;0.00;0.000;0.00;0.00;0.00;99.95;5.000;29.03;0.02;29.05;359.82;18.000;104.51;0.09;29.05;0.00;0.000;0.00;0.00;0.00;0.00;0.000;0.00;0.00;0.00;259.87;13.000;75.48;0.05;29.05;717.55;35.000;214.86;0.15;29.94;606.61;29.000;187.03;0.13;30.83;832.25;40.000;253.52;0.15;30.46;503.76;24.000;156.52;0.09;31.07;650.69;31.000;202.18;0.12;31.07;732.55;35.000;226.16;0.14;30.87;813.36;39.000;249.10;0.13;30.63;965.54;46.000;300.00;0.15;31.07;710.51;34.000;218.59;0.13;30.77;816.51;39.000;252.25;0.14;30.89;626.55;30.000;192.50;0.12;30.72;851.14;41.000;257.94;0.15;30.31;824.56;39.000;255.65;0.15;31.00;922.48;42.000;286.91;0.18;31.10;876.30;40.000;271.00;0.17;30.93;1097.30;50.000;340.67;0.21;31.05;1004.94;46.000;308.84;0.18;30.73;1119.29;51.000;347.53;0.22;31.05;873.00;40.000;267.70;0.18;30.66;1096.20;50.000;339.57;0.22;30.98
14967;F/L JUMBO SEEDED H/B ROLL;1;67854.22;3 308.000;16615.28;0.25;28.16;671.62;38.000;161.94;0.22;27.73;628.75;35.000;152.71;0.14;27.93;592.77;33.000;143.93;0.14;27.92;628.75;35.000;152.71;0.15;27.93;841.93;47.000;202.98;0.18;27.73;845.53;47.000;206.11;0.19;28.03;825.74;46.000;200.16;0.17;27.88;1241.31;69.000;302.59;0.25;28.03;953.47;53.000;232.43;0.19;28.03;1222.42;68.000;297.42;0.23;27.98;1093.79;61.000;264.38;0.23;27.80;1038.02;58.000;249.66;0.25;27.66;1275.49;71.000;309.80;0.27;27.93;1164.85;65.000;281.14;0.25;27.76;1420.31;79.000;345.66;0.32;27.99;1457.19;81.000;350.85;0.32;27.69;1128.87;63.000;270.17;0.24;27.52;1157.42;58.000;287.28;0.27;28.54;1438.28;72.000;357.91;0.30;28.62;1658.17;83.000;412.72;0.35;28.62;1436.28;72.000;356.17;0.29;28.52;817.59;41.000;202.56;0.16;28.49;1397.30;70.000;344.50;0.31;28.35;1497.25;75.000;366.48;0.34;28.15;1538.23;77.000;377.17;0.28;28.20;717.64;36.000;175.01;0.15;28.04;1517.24;76.000;371.39;0.30;28.15;1277.36;64.000;312.48;0.26;28.13;1198.40;60.000;293.71;0.21;28.18;1613.94;76.000;395.96;0.28;28.21;1733.91;79.000;426.43;0.29;28.28;1209.45;55.000;298.88;0.18;28.42;1781.19;81.000;440.17;0.25;28.42;1449.14;66.000;356.74;0.21;28.31;1252.33;57.000;308.79;0.19;28.36;1426.05;65.000;350.35;0.18;28.25;1780.09;81.000;439.21;0.23;28.37;1800.98;82.000;443.69;0.26;28.33;1799.88;82.000;442.73;0.25;28.29;1164.37;53.000;287.05;0.18;28.35;1708.62;78.000;418.12;0.24;28.14;1870.91;84.000;459.77;0.28;28.26;2218.53;97.000;539.12;0.34;27.95;2155.31;94.000;527.13;0.32;28.13;2294.40;100.000;562.10;0.35;28.17;2911.68;127.000;711.95;0.42;28.12;1812.76;79.000;444.22;0.28;28.18;1744.94;76.000;428.24;0.29;28.22;1443.77;63.000;352.64;0.23;28.09
14970;C/VALUE CHELSEA BUN;1;25613.24;1 631.000;5556.12;0.08;24.95;336.05;25.000;73.96;0.10;25.31;0.00;0.000;0.00;0.00;0.00;0.00;0.000;0.00;0.00;0.00;0.00;0.000;0.00;0.00;0.00;179.85;15.000;29.98;0.03;19.17;622.88;52.000;103.42;0.09;19.09;573.57;43.000;124.82;0.11;25.03;698.10;50.000;148.57;0.12;24.47;712.79;51.000;152.18;0.13;24.55;720.07;53.000;147.62;0.12;23.58;493.63;37.000;98.92;0.09;23.05;474.96;34.000;101.25;0.10;24.52;599.55;45.000;117.07;0.10;22.45;643.53;47.000;132.52;0.12;23.68;472.86;34.000;99.42;0.09;24.18;1048.47;83.000;180.69;0.16;19.82;1170.96;84.000;251.78;0.22;24.73;0.00;0.000;0.00;0.00;0.00;0.00;0.000;0.00;0.00;0.00;0.00;0.000;0.00;0.00;0.00;0.00;0.000;0.00;0.00;0.00;0.00;0.000;0.00;0.00;0.00;0.00;0.000;0.00;0.00;0.00;0.00;0.000;0.00;0.00;0.00;726.58;47.000;155.02;0.12;24.54;851.20;55.000;173.24;0.15;23.41;1166.36;69.000;279.98;0.22;27.60;561.39;36.000;119.48;0.10;24.47;558.97;33.000;132.77;0.10;27.32;495.99;31.000;97.30;0.07;22.56;846.10;50.000;193.40;0.13;26.29;722.99;46.000;147.60;0.09;23.48;542.96;34.000;117.29;0.07;24.84;219.17;13.000;51.61;0.03;27.08;254.00;15.000;60.51;0.04;27.40;416.73;27.000;85.76;0.05;23.67;474.02;28.000;110.02;0.06;26.69;169.90;10.000;39.82;0.02;26.95;292.81;19.000;59.39;0.03;23.33;949.74;56.000;221.51;0.14;26.82;747.56;44.000;175.21;0.10;26.95;1225.20;80.000;232.73;0.14;21.84;1154.42;58.000;278.19;0.17;27.71;1338.33;67.000;325.51;0.20;27.97;868.56;44.000;206.16;0.13;27.30;368.95;20.000;75.27;0.04;23.46;357.82;18.000;84.60;0.05;27.19;776.61;39.000;184.47;0.12;27.32;779.61;39.000;187.08;0.12;27.60
14971;C/VALUE LUNCH BUNS;1;41796.40;3 140.000;9283.00;0.14;25.54;636.31;59.000;132.96;0.18;24.03;731.39;61.000;156.95;0.14;24.68;875.27;73.000;187.83;0.19;24.68;874.67;73.000;187.31;0.18;24.63;1017.07;88.000;207.09;0.18;23.42;935.20;80.000;193.19;0.18;23.76;803.29;71.000;156.22;0.13;22.36;851.28;72.000;177.45;0.15;23.97;838.70;70.000;179.59;0.15;24.62;993.37;83.000;211.99;0.17;24.54;875.27;73.000;187.83;0.16;24.68;1127.21;99.000;215.46;0.22;21.98;910.64;76.000;195.03;0.17;24.63;838.70;70.000;179.59;0.16;24.62;1024.51;89.000;203.42;0.19;22.83;1198.38;102.000;247.61;0.23;23.76;932.66;84.000;178.10;0.16;21.96;1077.23;77.000;253.21;0.23;27.03;1332.38;102.000;291.49;0.25;25.16;1439.57;103.000;337.49;0.28;26.96;1048.55;75.000;246.02;0.20;26.98;1046.45;75.000;244.20;0.19;26.84;743.43;57.000;152.69;0.14;23.62;1273.05;95.000;277.45;0.25;25.06;882.65;65.000;195.92;0.15;25.53;565.19;41.000;128.33;0.11;26.11;755.75;55.000;170.89;0.14;26.00;713.49;51.000;166.65;0.14;26.86;657.53;47.000;159.01;0.12;27.81;749.49;51.000;180.38;0.13;27.68;614.54;46.000;124.20;0.08;23.24;883.66;59.000;216.12;0.13;28.13;505.15;35.000;117.72;0.07;26.80;690.77;48.000;163.76;0.10;27.26;613.56;44.000;132.89;0.08;24.91;739.74;51.000;172.83;0.09;26.87;941.37;63.000;233.77;0.12;28.56;666.55;45.000;164.57;0.10;28.39;651.80;45.000;150.24;0.09;26.51;564.59;41.000;117.33;0.07;23.90;593.60;40.000;144.86;0.08;28.06;689.80;45.000;171.54;0.10;28.60;660.59;41.000;149.35;0.09;26.00;898.77;53.000;219.61;0.13;28.10;949.74;56.000;232.12;0.14;28.11;676.20;40.000;163.90;0.10;27.87;1002.41;59.000;246.11;0.16;28.23;237.86;14.000;58.40;0.04;28.23;1467.02;98.000;302.36;0.20;23.70
15080;F/L TRAD MILK TART;1;218135.94;2 416.000;50807.47;0.77;26.79;5119.36;64.000;1174.87;1.57;26.39;3991.51;49.000;912.95;0.82;26.30;4311.33;52.000;980.10;0.97;26.14;3236.61;39.000;737.78;0.72;26.21;5141.23;62.000;1169.27;1.04;26.15;4149.50;50.000;945.87;0.86;26.21;3485.58;42.000;794.53;0.68;26.21;3734.55;45.000;851.28;0.71;26.21;5926.94;81.000;1231.35;1.03;23.89;7464.95;90.000;1726.98;1.35;26.60;4145.35;50.000;957.83;0.83;26.57;2323.72;28.000;538.41;0.54;26.65;4066.51;49.000;942.21;0.82;26.65;6040.18;82.000;1233.46;1.09;23.48;4643.29;56.000;1073.21;1.01;26.58;4477.31;54.000;1034.75;0.94;26.58;3929.54;46.000;921.06;0.81;26.96;4290.97;53.000;865.20;0.80;23.19;4424.49;51.000;992.15;0.85;25.79;3509.61;39.000;820.01;0.69;26.87;3059.66;34.000;714.88;0.59;26.87;4319.52;48.000;1009.24;0.77;26.87;4049.55;45.000;946.16;0.86;26.87;2515.22;28.000;584.81;0.54;26.74;3779.58;42.000;883.09;0.66;26.87;4271.49;51.000;888.51;0.75;23.92;3672.59;41.000;785.93;0.63;24.61;3125.88;32.000;710.30;0.59;26.13;3233.67;33.000;741.29;0.54;26.36;2939.70;30.000;673.90;0.47;26.36;6689.22;78.000;1255.13;0.84;21.58;4017.59;41.000;920.99;0.56;26.36;3429.65;35.000;786.21;0.45;26.36;6957.29;71.000;1594.89;0.93;26.36;2155.78;22.000;494.19;0.30;26.36;3615.83;37.000;822.62;0.43;26.16;5371.40;60.000;906.05;0.46;19.40;2449.75;25.000;561.58;0.33;26.36;5698.75;60.000;1205.62;0.68;24.33;5764.39;61.000;1217.60;0.74;24.29;6038.45;55.000;1444.98;0.84;27.52;5279.52;48.000;1269.42;0.77;27.65;6389.33;67.000;3483.36;2.18;62.70;4509.59;41.000;1067.31;0.65;27.22;3728.66;34.000;875.52;0.54;27.00;6472.91;59.000;1521.54;0.90;27.03;4504.09;41.000;1062.53;0.68;27.13;4809.53;47.000;1031.04;0.70;24.65;6874.82;68.000;1445.50;0.93;24.18
15205;C/MUNCH BISC CRUNCHIE;1;11290.32;848.000;2687.88;0.04;27.38;0.00;0.000;0.00;0.00;0.00;0.00;0.000;0.00;0.00;0.00;0.00;0.000;0.00;0.00;0.00;0.00;0.000;0.00;0.00;0.00;0.00;0.000;0.00;0.00;0.00;0.00;0.000;0.00;0.00;0.00;297.47;23.000;73.65;0.06;28.47;51.96;4.000;13.00;0.01;28.78;417.62;38.000;74.09;0.06;20.40;359.07;28.000;88.00;0.07;28.18;272.79;21.000;68.27;0.06;28.78;505.96;39.000;126.23;0.13;28.69;875.26;74.000;189.21;0.16;24.86;194.20;15.000;48.20;0.04;28.54;505.96;39.000;126.23;0.12;28.69;337.74;26.000;84.53;0.08;28.78;467.64;36.000;118.46;0.10;29.13;876.57;73.000;178.50;0.16;23.42;349.05;25.000;87.26;0.07;28.75;279.80;20.000;70.29;0.06;28.89;195.16;14.000;48.60;0.04;28.64;223.84;16.000;56.23;0.04;28.89;139.90;10.000;35.15;0.03;28.89;251.82;18.000;70.77;0.06;32.32;237.83;17.000;59.75;0.04;28.89;195.86;14.000;49.20;0.04;28.89;657.53;47.000;163.95;0.13;28.67;251.82;18.000;61.41;0.05;28.04;147.89;11.000;34.09;0.02;26.51;349.75;25.000;85.21;0.06;28.02;181.87;13.000;44.31;0.03;28.02;181.87;13.000;44.31;0.03;28.02;195.86;14.000;47.72;0.03;28.02;41.97;3.000;10.23;0.01;28.02;51.26;4.000;10.54;0.01;23.64;321.77;23.000;80.79;0.04;28.88;277.70;20.000;68.43;0.04;28.34;0.00;0.000;0.00;0.00;0.00;74.95;5.000;17.47;0.01;26.81;119.92;8.000;27.95;0.02;26.81;224.85;15.000;52.41;0.03;26.81;74.20;5.000;17.50;0.01;27.13;164.89;11.000;41.17;0.03;28.71;282.56;19.000;64.43;0.04;26.22;85.29;6.000;18.24;0.01;24.59;149.15;10.000;34.29;0.02;26.44;119.92;8.000;27.95;0.02;26.81;104.93;7.000;24.46;0.02;26.81;194.87;13.000;45.42;0.03;26.81
15208;C/MUNCH BISC ASST;1;13876.78;1 017.000;3483.71;0.05;28.87;0.00;0.000;0.00;0.00;0.00;0.00;0.000;0.00;0.00;0.00;0.00;0.000;0.00;0.00;0.00;0.00;0.000;0.00;0.00;0.00;0.00;0.000;0.00;0.00;0.00;0.00;0.000;0.00;0.00;0.00;0.00;0.000;0.00;0.00;0.00;0.00;0.000;0.00;0.00;0.00;0.00;0.000;0.00;0.00;0.00;0.00;0.000;0.00;0.00;0.00;0.00;0.000;0.00;0.00;0.00;0.00;0.000;0.00;0.00;0.00;164.85;15.000;31.45;0.03;21.94;308.10;25.000;81.41;0.07;30.39;961.26;74.000;283.84;0.27;33.96;998.93;77.000;294.21;0.27;33.87;1310.04;101.000;385.71;0.34;33.86;1056.52;83.000;231.94;0.21;25.25;905.15;65.000;224.80;0.19;28.56;811.42;58.000;203.85;0.17;28.89;223.84;16.000;56.23;0.05;28.89;83.94;6.000;21.09;0.02;28.89;320.37;23.000;79.62;0.07;28.58;419.70;30.000;111.21;0.10;30.47;251.82;18.000;63.26;0.05;28.89;363.74;26.000;91.38;0.08;28.89;405.71;29.000;101.10;0.08;28.66;251.12;18.000;60.80;0.05;27.84;347.13;27.000;74.46;0.05;24.67;349.75;25.000;85.21;0.06;28.02;293.79;21.000;71.58;0.05;28.02;69.95;5.000;17.04;0.01;28.02;13.29;1.000;2.80;0.00;24.23;83.94;6.000;20.45;0.01;28.02;271.79;21.000;58.72;0.04;24.85;125.91;9.000;31.61;0.02;28.88;55.96;4.000;14.05;0.01;28.88;361.97;28.000;74.41;0.04;23.64;448.95;30.000;104.17;0.06;26.68;344.77;23.000;80.36;0.05;26.81;239.84;16.000;55.90;0.03;26.81;239.84;16.000;57.96;0.04;27.79;502.91;34.000;117.03;0.07;26.76;389.74;26.000;90.84;0.06;26.81;199.21;14.000;43.60;0.03;25.17;118.42;8.000;26.65;0.02;25.88;119.92;8.000;27.95;0.02;26.81;239.84;16.000;55.90;0.04;26.81;223.35;15.000;51.11;0.03;26.31
15212;C/MUNCH BISC ASST;1;24536.40;781.000;5432.68;0.08;25.46;909.65;35.000;211.99;0.28;26.80;871.68;32.000;193.16;0.17;25.48;845.70;30.000;183.96;0.18;25.02;29.99;1.000;7.22;0.01;27.67;24.99;1.000;4.64;0.00;21.36;0.00;0.000;0.00;0.00;0.00;554.79;21.000;73.71;0.06;15.28;719.76;24.000;158.78;0.13;25.37;359.88;12.000;79.39;0.07;25.37;1076.64;36.000;235.56;0.18;25.16;629.79;21.000;138.93;0.12;25.37;635.32;22.000;128.56;0.13;23.27;518.36;18.000;104.98;0.09;23.29;148.45;5.000;31.89;0.03;24.70;0.00;0.000;0.00;0.00;0.00;0.00;0.000;0.00;0.00;0.00;0.00;0.000;0.00;0.00;0.00;329.90;10.000;77.06;0.07;26.86;944.85;33.000;187.81;0.16;22.86;593.82;18.000;142.82;0.12;27.66;557.53;17.000;128.13;0.11;26.43;736.76;24.000;159.77;0.12;24.94;791.74;26.000;196.50;0.18;28.54;414.27;13.000;114.25;0.10;31.72;606.21;19.000;167.62;0.13;31.80;603.80;20.000;141.50;0.12;26.95;370.88;12.000;76.88;0.06;23.84;757.12;23.000;171.51;0.14;26.05;395.88;12.000;90.23;0.07;26.21;395.88;12.000;90.23;0.06;26.21;359.88;12.000;70.54;0.05;22.54;526.19;16.000;121.79;0.07;26.62;230.93;7.000;53.91;0.03;26.85;230.93;7.000;53.91;0.03;26.85;230.93;7.000;53.91;0.03;26.85;394.23;12.000;90.99;0.05;26.54;27.99;1.000;4.67;0.00;19.20;0.00;0.000;0.00;0.00;0.00;392.29;11.000;88.97;0.05;26.08;1163.67;33.000;266.17;0.16;26.30;1172.65;35.000;238.86;0.14;23.43;752.19;21.000;172.71;0.10;26.40;1002.32;28.000;229.75;0.14;26.36;779.46;24.000;147.70;0.09;21.79;246.53;7.000;53.92;0.03;25.15;647.82;18.000;150.72;0.09;26.76;390.49;11.000;87.41;0.06;25.74;448.06;14.000;85.32;0.06;21.90;716.20;20.000;164.33;0.11;26.39
15213;GINGER BISCUIT;1;22563.50;720.000;5156.35;0.08;26.28;1061.69;41.000;244.94;0.33;26.53;1075.61;39.000;240.35;0.22;25.70;674.77;23.000;154.77;0.15;26.38;904.67;33.000;194.36;0.19;24.71;713.76;24.000;195.07;0.17;31.43;950.68;32.000;230.33;0.21;27.86;652.27;23.000;124.51;0.11;21.95;419.86;14.000;92.62;0.08;25.37;59.98;2.000;13.23;0.01;25.37;0.00;0.000;0.00;0.00;0.00;0.00;0.000;0.00;0.00;0.00;0.00;0.000;0.00;0.00;0.00;0.00;0.000;0.00;0.00;0.00;0.00;0.000;0.00;0.00;0.00;1049.65;35.000;232.35;0.22;25.46;566.81;19.000;123.52;0.11;25.06;718.26;24.000;157.03;0.14;25.14;955.06;29.000;222.04;0.20;26.74;1055.68;32.000;277.48;0.24;30.23;394.23;12.000;93.09;0.08;27.16;296.91;9.000;69.35;0.06;26.86;628.40;20.000;139.17;0.11;25.47;203.93;7.000;44.88;0.04;25.31;223.93;7.000;62.27;0.06;31.98;287.91;9.000;80.06;0.06;31.98;402.27;13.000;102.11;0.09;29.19;578.82;18.000;127.34;0.10;25.30;460.21;14.000;103.83;0.09;25.95;527.84;16.000;120.31;0.09;26.21;362.89;11.000;82.71;0.06;26.21;210.93;7.000;41.88;0.03;22.83;263.92;8.000;61.61;0.04;26.85;461.86;14.000;107.82;0.06;26.85;428.87;13.000;100.12;0.06;26.85;326.60;10.000;74.15;0.04;26.11;159.95;5.000;35.48;0.02;25.51;0.00;0.000;0.00;0.00;0.00;205.29;6.000;46.79;0.03;26.21;179.95;5.000;41.87;0.02;26.76;494.26;14.000;112.45;0.07;26.16;576.73;17.000;118.97;0.07;23.72;646.02;18.000;149.15;0.09;26.55;885.35;25.000;196.81;0.12;25.56;707.18;22.000;130.69;0.08;21.25;498.46;14.000;112.53;0.07;25.96;575.84;16.000;133.97;0.08;26.76;107.97;3.000;25.12;0.02;26.76;143.96;4.000;33.49;0.02;26.76;464.27;13.000;105.72;0.07;26.19
15780;FRESH LINE WRAPS LARGE;1;83768.26;1 574.000;19544.15;0.29;26.83;1131.77;23.000;261.26;0.35;26.55;699.86;14.000;161.20;0.15;26.49;1149.77;23.000;264.83;0.26;26.49;982.78;22.000;188.43;0.18;22.05;931.31;19.000;207.95;0.19;25.68;999.80;20.000;230.28;0.21;26.49;997.30;20.000;228.11;0.20;26.30;1899.62;38.000;437.54;0.37;26.49;1199.76;24.000;276.34;0.23;26.49;1579.15;35.000;292.86;0.23;21.33;1249.75;25.000;287.85;0.25;26.49;1149.77;23.000;264.83;0.27;26.49;849.83;17.000;195.74;0.17;26.49;1299.74;26.000;299.37;0.27;26.49;314.93;7.000;48.34;0.05;17.65;899.80;20.000;146.54;0.13;18.73;2067.06;44.000;406.21;0.36;22.60;1792.13;37.000;380.33;0.35;24.41;1799.64;36.000;410.52;0.35;26.23;2049.59;41.000;467.54;0.39;26.23;1749.65;35.000;399.12;0.33;26.23;1869.62;38.000;412.84;0.32;25.39;1814.63;37.000;426.03;0.39;27.00;1603.69;31.000;393.91;0.36;28.25;2437.54;46.000;596.80;0.45;28.16;1801.66;34.000;441.11;0.37;28.16;1383.74;26.000;339.55;0.27;28.22;1484.70;30.000;319.32;0.26;24.73;1519.71;29.000;349.89;0.25;26.48;1676.90;30.000;411.49;0.29;28.22;1788.88;32.000;439.08;0.29;28.23;2519.55;45.000;620.88;0.38;28.34;2295.59;41.000;565.69;0.33;28.34;2575.54;46.000;634.68;0.37;28.34;2735.49;51.000;620.25;0.37;26.08;2081.61;39.000;467.20;0.25;25.81;1903.66;34.000;469.11;0.24;28.34;1676.90;30.000;411.49;0.24;28.22;1508.93;27.000;370.09;0.21;28.21;1737.68;32.000;415.49;0.25;27.50;1943.67;33.000;472.10;0.28;27.93;1859.70;30.000;465.49;0.28;28.79;1983.68;32.000;492.52;0.31;28.55;3217.28;52.000;786.60;0.48;28.12;1983.68;32.000;487.82;0.30;28.28;2541.55;45.000;623.51;0.37;28.21;2861.47;53.000;662.51;0.42;26.63;2280.52;38.000;546.51;0.37;27.56;1887.68;32.000;446.99;0.29;27.23
15821;F/L B PEPPER & BASIL WRAP;1;37809.09;721.000;8724.79;0.13;26.54;787.84;16.000;181.85;0.24;26.54;449.91;9.000;103.63;0.09;26.49;699.86;14.000;161.20;0.16;26.49;509.89;11.000;105.04;0.10;23.69;693.85;15.000;139.81;0.12;23.17;299.94;6.000;69.08;0.06;26.49;449.91;9.000;103.63;0.09;26.49;899.82;18.000;207.25;0.17;26.49;997.30;20.000;228.11;0.19;26.30;669.85;15.000;114.13;0.09;19.59;399.92;8.000;97.20;0.08;27.95;649.87;13.000;157.94;0.16;27.95;849.83;17.000;206.54;0.18;27.95;547.39;11.000;131.47;0.12;27.62;89.98;2.000;13.81;0.01;17.65;719.84;16.000;115.55;0.11;18.46;469.90;10.000;93.18;0.08;22.80;1334.73;27.000;297.65;0.27;25.65;1194.76;24.000;269.33;0.23;25.92;999.80;20.000;228.07;0.19;26.23;949.81;19.000;216.66;0.18;26.23;1029.79;21.000;225.81;0.17;25.22;974.80;20.000;225.00;0.20;26.54;1444.72;28.000;358.93;0.33;28.57;741.86;14.000;181.64;0.14;28.16;582.89;11.000;142.71;0.12;28.16;806.85;15.000;199.06;0.16;28.37;632.88;12.000;149.32;0.12;27.13;537.89;11.000;114.09;0.08;24.39;951.83;17.000;234.56;0.16;28.34;783.86;14.000;193.16;0.13;28.34;1119.80;20.000;275.95;0.17;28.34;1508.93;27.000;370.09;0.21;28.21;671.88;12.000;165.57;0.10;28.34;985.81;19.000;207.93;0.12;24.26;1301.76;24.000;301.94;0.16;26.67;839.85;15.000;206.96;0.11;28.34;559.90;10.000;137.97;0.08;28.34;503.91;9.000;124.18;0.07;28.34;597.89;11.000;129.19;0.08;24.85;545.91;9.000;126.96;0.07;26.75;309.95;5.000;76.15;0.05;28.25;433.93;7.000;107.19;0.07;28.41;495.92;8.000;121.85;0.07;28.25;1109.62;18.000;268.76;0.17;27.85;701.87;13.000;171.54;0.10;28.11;699.17;13.000;141.57;0.09;23.29;1315.78;22.000;296.66;0.20;25.93;955.84;16.000;228.90;0.15;27.54
15824;F/L ROOSTERKOEK;1;34070.32;1 103.000;7864.84;0.12;26.55;1051.36;44.000;216.15;0.29;23.64;238.66;9.000;55.98;0.05;26.97;571.02;23.000;125.72;0.12;25.32;375.61;14.000;87.43;0.09;26.77;671.76;24.000;161.27;0.14;27.61;474.43;17.000;113.02;0.10;27.40;502.42;18.000;119.74;0.10;27.41;503.82;18.000;120.96;0.10;27.61;586.39;21.000;139.90;0.12;27.44;811.71;29.000;194.87;0.15;27.61;867.69;31.000;208.31;0.18;27.61;755.73;27.000;181.43;0.18;27.61;726.34;26.000;173.50;0.15;27.47;860.21;29.000;203.06;0.18;27.15;923.69;31.000;214.87;0.20;26.75;778.24;26.000;180.93;0.16;26.74;1046.65;35.000;245.22;0.21;26.94;446.85;15.000;103.60;0.10;26.66;895.20;30.000;208.51;0.18;26.79;808.23;27.000;189.88;0.16;27.02;779.74;26.000;184.10;0.15;27.15;569.81;19.000;134.53;0.10;27.15;568.31;19.000;133.23;0.12;26.96;689.77;23.000;162.86;0.15;27.15;539.82;18.000;127.45;0.10;27.15;422.87;13.000;103.42;0.09;28.13;295.26;9.000;71.60;0.06;27.89;692.79;21.000;170.41;0.14;28.29;592.17;18.000;144.63;0.10;28.09;427.22;13.000;104.06;0.07;28.01;494.85;15.000;121.72;0.08;28.29;296.91;9.000;73.03;0.04;28.29;296.91;9.000;73.03;0.04;28.29;362.89;11.000;90.62;0.05;28.72;1214.61;39.000;258.67;0.16;24.49;1021.17;33.000;210.20;0.11;23.67;555.88;17.000;131.55;0.07;27.22;1034.71;29.000;240.18;0.14;26.69;827.77;23.000;196.69;0.11;27.33;827.77;23.000;196.69;0.12;27.33;824.17;23.000;193.56;0.11;27.01;1354.05;45.000;218.95;0.13;18.60;971.73;27.000;230.90;0.14;27.33;966.33;27.000;226.21;0.14;26.92;1074.30;30.000;251.86;0.16;26.96;966.92;28.000;214.59;0.13;25.52;605.83;17.000;141.93;0.09;26.94;395.89;11.000;94.07;0.06;27.33;503.86;14.000;119.73;0.08;27.33
15827;F/L ROOSTERKOEK;1;33503.53;1 572.000;7786.78;0.12;26.73;505.73;27.000;122.26;0.16;27.80;909.62;48.000;220.25;0.20;27.85;398.79;21.000;97.08;0.10;28.00;529.82;28.000;127.79;0.12;27.74;340.87;18.000;82.39;0.07;27.80;531.72;28.000;129.44;0.12;28.00;752.53;47.000;146.17;0.13;22.34;1288.29;71.000;281.71;0.24;25.15;455.76;24.000;104.07;0.09;26.26;835.56;44.000;190.80;0.15;26.26;737.76;39.000;170.65;0.15;26.60;831.76;44.000;200.11;0.20;27.67;1214.41;64.000;298.56;0.26;28.27;807.63;37.000;222.23;0.20;31.64;592.63;27.000;163.34;0.15;31.70;394.72;18.000;104.81;0.10;30.53;683.47;33.000;173.10;0.15;29.13;834.52;38.000;229.77;0.21;31.66;1121.49;51.000;223.26;0.19;22.89;791.64;36.000;149.46;0.13;21.71;592.63;27.000;111.14;0.09;21.57;747.66;34.000;141.16;0.11;21.71;571.74;26.000;107.95;0.10;21.71;725.67;33.000;137.01;0.13;21.71;616.79;31.000;130.18;0.10;24.27;659.71;29.000;169.18;0.14;29.49;732.23;32.000;184.50;0.15;28.98;551.76;24.000;140.62;0.12;29.31;643.72;28.000;164.06;0.12;29.31;1217.32;53.000;309.54;0.22;29.24;528.77;23.000;134.76;0.09;29.31;321.86;14.000;82.03;0.05;29.31;509.80;25.000;104.50;0.06;23.57;847.72;38.000;205.58;0.12;27.89;389.68;17.000;98.61;0.06;29.10;436.81;19.000;111.33;0.06;29.31;298.87;13.000;76.17;0.04;29.31;659.94;31.000;124.66;0.07;21.72;893.37;38.000;202.99;0.11;26.13;697.22;28.000;171.66;0.10;28.31;548.53;22.000;135.49;0.08;28.41;422.33;17.000;103.37;0.06;28.15;909.37;38.000;211.78;0.13;26.78;825.10;35.000;185.07;0.11;25.79;774.43;32.000;184.32;0.11;27.37;819.66;34.000;194.51;0.12;27.29;649.74;26.000;161.41;0.10;28.57;737.67;33.000;149.58;0.10;23.32;614.71;29.000;116.38;0.08;21.77
16045;H/B CAKE CUSTARD 7INCH;1;53266.31;729.000;12175.26;0.18;26.29;365.94;6.000;82.76;0.11;26.01;853.86;14.000;193.10;0.17;26.01;911.80;15.000;204.24;0.20;25.76;451.68;7.000;104.59;0.10;26.63;779.88;12.000;184.14;0.16;27.15;909.86;14.000;214.83;0.20;27.15;974.85;15.000;230.17;0.20;27.15;454.93;7.000;107.41;0.09;27.15;1299.80;20.000;306.89;0.26;27.15;909.86;14.000;214.83;0.17;27.15;909.86;14.000;214.83;0.19;27.15;1234.81;19.000;291.55;0.29;27.15;1234.81;19.000;291.55;0.25;27.15;814.88;12.000;192.16;0.17;27.12;1469.79;21.000;346.31;0.33;27.10;1119.84;16.000;263.85;0.24;27.10;839.88;12.000;200.50;0.18;27.45;629.91;9.000;150.38;0.14;27.45;1119.84;16.000;267.33;0.23;27.45;645.91;9.000;152.82;0.13;27.21;221.97;3.000;51.95;0.04;26.92;1035.86;14.000;242.46;0.19;26.92;517.93;7.000;121.23;0.11;26.92;736.20;10.000;169.97;0.16;26.55;1405.81;19.000;329.05;0.25;26.92;884.18;12.000;204.60;0.17;26.61;1257.83;17.000;292.32;0.23;26.73;1028.46;14.000;230.16;0.19;25.74;1183.84;16.000;270.40;0.20;26.27;1081.25;15.000;228.63;0.16;24.32;1701.77;23.000;388.69;0.26;26.27;1772.06;24.000;402.38;0.24;26.11;1223.84;16.000;277.26;0.16;26.05;1737.78;22.000;390.68;0.23;25.85;947.88;12.000;213.10;0.13;25.85;1184.85;15.000;266.37;0.14;25.85;1974.75;25.000;443.95;0.23;25.85;1105.86;14.000;248.61;0.15;25.85;789.90;10.000;177.58;0.10;25.85;947.88;12.000;213.10;0.13;25.85;1579.80;20.000;355.16;0.21;25.85;1816.77;23.000;408.44;0.25;25.85;1816.77;23.000;408.44;0.26;25.85;1263.84;16.000;284.13;0.17;25.85;1276.83;17.000;244.50;0.15;22.02;1421.82;18.000;319.65;0.19;25.85;1038.87;13.000;234.20;0.15;25.93;849.90;10.000;194.31;0.13;26.29;1529.82;18.000;349.75;0.23;26.29
16046;H/B CAKE CHOC/CARAMEL 7IN;1;58170.74;801.000;13382.47;0.20;26.46;1463.76;24.000;331.03;0.44;26.01;853.86;14.000;193.10;0.17;26.01;1044.83;17.000;237.58;0.23;26.15;974.85;15.000;230.17;0.23;27.15;1039.84;16.000;245.51;0.22;27.15;1039.84;16.000;245.51;0.22;27.15;1559.76;24.000;368.27;0.32;27.15;1104.83;17.000;260.86;0.22;27.15;1364.79;21.000;322.24;0.27;27.15;1104.83;17.000;260.86;0.20;27.15;1039.84;16.000;245.51;0.21;27.15;974.85;15.000;230.17;0.23;27.15;1169.82;18.000;276.20;0.24;27.15;1009.85;15.000;238.19;0.21;27.13;839.88;12.000;197.89;0.19;27.10;1329.81;19.000;313.33;0.29;27.10;1119.84;16.000;267.33;0.23;27.45;699.90;10.000;167.08;0.15;27.45;1189.83;17.000;284.04;0.24;27.45;859.88;12.000;203.55;0.17;27.22;958.17;13.000;221.92;0.18;26.64;961.87;13.000;225.14;0.17;26.92;591.92;8.000;138.55;0.13;26.92;739.90;10.000;173.18;0.16;26.92;1405.81;19.000;329.05;0.25;26.92;961.87;13.000;225.14;0.19;26.92;1035.86;14.000;240.36;0.19;26.68;1553.79;21.000;354.89;0.29;26.27;1479.80;20.000;337.99;0.25;26.27;1109.85;15.000;253.50;0.18;26.27;1479.80;20.000;337.99;0.23;26.27;1328.12;18.000;300.98;0.18;26.06;1569.80;20.000;353.44;0.20;25.89;1500.81;19.000;337.40;0.20;25.85;1263.84;16.000;284.13;0.17;25.85;1184.85;15.000;266.37;0.14;25.85;943.93;12.000;209.66;0.11;25.54;1180.90;15.000;262.94;0.15;25.61;1579.80;20.000;355.16;0.20;25.85;1184.85;15.000;266.37;0.16;25.85;1342.83;17.000;301.89;0.18;25.85;2132.73;27.000;479.47;0.29;25.85;1180.90;15.000;262.94;0.16;25.61;1500.81;19.000;337.40;0.21;25.85;1342.83;17.000;301.89;0.19;25.85;1105.86;14.000;248.61;0.15;25.85;1214.85;15.000;274.73;0.18;26.01;1189.86;14.000;272.03;0.18;26.29;1359.84;16.000;310.89;0.20;26.29
16047;H/B CAKE VAN/CARAMEL 7INC;1;56384.00;773.000;12917.20;0.19;26.35;972.79;16.000;218.04;0.29;25.78;853.86;14.000;193.10;0.17;26.01;609.90;10.000;137.93;0.14;26.01;909.86;14.000;214.83;0.21;27.15;974.85;15.000;230.17;0.20;27.15;974.85;15.000;230.17;0.21;27.15;1039.84;16.000;245.51;0.21;27.15;1039.84;16.000;245.51;0.21;27.15;1234.81;19.000;291.55;0.24;27.15;1234.81;19.000;291.55;0.23;27.15;844.87;13.000;199.48;0.17;27.15;974.85;15.000;230.17;0.23;27.15;844.87;13.000;199.48;0.17;27.15;1009.85;15.000;238.19;0.21;27.13;909.87;13.000;214.38;0.20;27.10;1399.80;20.000;329.82;0.30;27.10;1469.79;21.000;350.88;0.31;27.45;1049.85;15.000;250.63;0.23;27.45;699.90;10.000;167.08;0.14;27.45;637.91;9.000;151.60;0.13;27.33;961.87;13.000;225.14;0.19;26.92;958.17;13.000;221.92;0.17;26.64;887.88;12.000;207.82;0.19;26.92;1035.86;14.000;242.46;0.22;26.92;1109.85;15.000;259.77;0.19;26.92;665.91;9.000;155.86;0.13;26.92;1183.84;16.000;274.58;0.22;26.67;1183.84;16.000;270.40;0.22;26.27;1183.84;16.000;270.40;0.20;26.27;1101.22;16.000;198.55;0.14;20.73;1627.78;22.000;371.79;0.25;26.27;1553.79;21.000;354.89;0.21;26.27;1233.84;16.000;278.98;0.16;26.00;1342.83;17.000;301.89;0.18;25.85;1575.85;20.000;351.73;0.21;25.67;1421.82;18.000;319.65;0.17;25.85;1500.81;19.000;337.40;0.17;25.85;947.88;12.000;213.10;0.13;25.85;1342.83;17.000;301.89;0.17;25.85;1263.84;16.000;284.13;0.17;25.85;1895.76;24.000;426.19;0.25;25.85;1895.76;24.000;426.19;0.26;25.85;1026.87;13.000;230.85;0.14;25.85;1733.83;22.000;387.24;0.24;25.68;1026.87;13.000;230.85;0.14;25.85;1658.79;21.000;372.92;0.22;25.85;485.94;6.000;109.89;0.07;26.01;1359.84;16.000;310.89;0.21;26.29;1529.82;18.000;349.75;0.23;26.29
16078;F/L ROTI;1;34126.80;1 143.000;8078.32;0.12;27.22;923.56;44.000;229.98;0.31;28.64;629.70;30.000;151.30;0.14;27.63;431.80;20.000;105.74;0.10;28.16;637.71;29.000;158.03;0.15;28.50;681.69;31.000;168.93;0.15;28.50;495.76;24.000;113.45;0.10;26.32;847.60;40.000;203.26;0.17;27.58;527.76;24.000;130.78;0.11;28.50;879.60;40.000;217.97;0.18;28.50;703.68;32.000;174.38;0.14;28.50;527.76;24.000;130.78;0.11;28.50;923.58;42.000;228.87;0.23;28.50;918.63;37.000;235.56;0.20;29.49;0.00;0.000;0.00;0.00;0.00;0.00;0.000;0.00;0.00;0.00;0.00;0.000;0.00;0.00;0.00;175.92;8.000;31.45;0.03;20.56;0.00;0.000;0.00;0.00;0.00;0.00;0.000;0.00;0.00;0.00;0.00;0.000;0.00;0.00;0.00;0.00;0.000;0.00;0.00;0.00;0.00;0.000;0.00;0.00;0.00;279.92;8.000;68.88;0.06;28.30;559.84;16.000;137.75;0.13;28.30;804.77;23.000;198.02;0.15;28.30;1218.59;41.000;229.87;0.19;21.69;721.78;22.000;147.67;0.12;23.53;1356.84;44.000;278.84;0.23;23.63;769.78;22.000;188.27;0.14;28.13;1049.70;30.000;256.73;0.18;28.13;1224.65;35.000;299.52;0.20;28.13;1399.60;40.000;342.30;0.21;28.13;769.78;22.000;188.27;0.11;28.13;1396.10;40.000;339.26;0.20;27.95;839.76;24.000;205.38;0.12;28.13;979.72;28.000;239.61;0.13;28.13;1089.65;35.000;230.65;0.12;24.34;1014.71;29.000;248.17;0.15;28.13;663.06;19.000;161.07;0.09;27.94;664.81;19.000;157.16;0.10;27.19;997.72;28.000;204.56;0.12;23.58;815.78;22.000;198.10;0.12;27.93;608.42;18.000;146.37;0.09;27.67;1407.80;40.000;327.62;0.20;26.76;835.78;22.000;205.82;0.13;28.32;835.78;22.000;205.82;0.12;28.32;721.81;19.000;177.75;0.11;28.32;873.77;23.000;215.18;0.15;28.32;922.13;27.000;199.19;0.13;24.84
16079;F/L ROTI  BROWN;1;19076.31;704.000;4485.67;0.07;27.04;671.68;32.000;166.05;0.22;28.43;461.78;22.000;110.95;0.10;27.63;585.73;27.000;143.88;0.14;28.25;637.71;29.000;158.03;0.15;28.50;901.59;41.000;223.42;0.20;28.50;619.70;30.000;143.12;0.13;26.56;653.67;33.000;140.82;0.12;24.77;505.77;23.000;125.33;0.10;28.50;745.46;34.000;183.36;0.15;28.29;615.72;28.000;152.58;0.12;28.50;769.65;35.000;190.72;0.17;28.50;681.69;31.000;168.93;0.17;28.50;498.55;20.000;127.29;0.11;29.36;498.55;20.000;127.29;0.11;29.36;0.00;0.000;0.00;0.00;0.00;0.00;0.000;0.00;0.00;0.00;0.00;0.000;0.00;0.00;0.00;0.00;0.000;0.00;0.00;0.00;0.00;0.000;0.00;0.00;0.00;0.00;0.000;0.00;0.00;0.00;0.00;0.000;0.00;0.00;0.00;0.00;0.000;0.00;0.00;0.00;174.95;5.000;43.05;0.04;28.30;384.89;11.000;94.71;0.09;28.30;279.92;8.000;68.88;0.05;28.30;945.24;31.000;187.68;0.16;22.83;768.77;23.000;166.72;0.13;24.94;1033.17;33.000;224.25;0.18;24.96;384.89;11.000;94.13;0.07;28.13;0.00;0.000;0.00;0.00;0.00;0.00;0.000;0.00;0.00;0.00;0.00;0.000;0.00;0.00;0.00;0.00;0.000;0.00;0.00;0.00;0.00;0.000;0.00;0.00;0.00;0.00;0.000;0.00;0.00;0.00;0.00;0.000;0.00;0.00;0.00;583.31;19.000;120.48;0.06;23.75;804.77;23.000;196.82;0.12;28.13;139.96;4.000;34.23;0.02;28.13;0.00;0.000;0.00;0.00;0.00;0.00;0.000;0.00;0.00;0.00;237.93;7.000;58.07;0.04;28.07;271.92;8.000;66.37;0.04;28.07;634.32;18.000;143.88;0.09;26.09;455.88;12.000;112.27;0.07;28.32;569.85;15.000;140.33;0.08;28.32;835.78;22.000;205.82;0.13;28.32;531.86;14.000;130.98;0.09;28.32;1191.65;35.000;235.22;0.15;22.70
16519;C/VALUE QUEENIES;1;49938.34;2 161.000;11687.48;0.18;26.91;1538.56;104.000;286.91;0.38;21.45;1474.44;86.000;353.87;0.32;27.60;1683.86;94.000;411.09;0.40;28.08;1363.64;76.000;331.40;0.32;27.95;949.87;53.000;225.20;0.20;27.26;1202.63;67.000;286.29;0.26;27.38;1425.20;80.000;335.18;0.29;27.05;1356.36;84.000;256.64;0.21;21.76;1293.48;72.000;308.62;0.26;27.44;1451.75;85.000;316.80;0.25;25.10;799.93;47.000;175.09;0.15;25.17;935.48;52.000;224.02;0.23;27.54;819.78;42.000;199.36;0.17;27.97;1654.01;79.000;408.46;0.36;28.40;1129.26;54.000;278.04;0.26;28.31;1616.21;74.000;394.16;0.36;28.05;1718.50;75.000;412.78;0.36;27.62;1355.26;59.000;327.65;0.30;27.80;1489.75;65.000;358.08;0.31;27.64;1539.18;67.000;372.22;0.31;27.81;1254.19;51.000;310.71;0.26;28.49;1541.01;64.000;324.96;0.25;24.25;998.63;37.000;256.54;0.23;29.54;726.03;27.000;184.86;0.17;29.28;1187.56;44.000;305.07;0.23;29.54;941.95;35.000;240.32;0.20;29.34;1388.53;47.000;330.41;0.26;27.37;718.26;24.000;167.82;0.14;26.87;716.79;21.000;159.72;0.12;25.62;857.75;25.000;171.92;0.12;23.05;359.90;10.000;82.40;0.06;26.33;0.00;0.000;0.00;0.00;0.00;0.00;0.000;0.00;0.00;0.00;0.00;0.000;0.00;0.00;0.00;431.88;12.000;126.91;0.08;33.79;1221.86;34.000;358.01;0.19;33.70;359.90;10.000;105.76;0.05;33.79;323.91;9.000;76.58;0.04;27.19;737.77;23.000;134.51;0.08;20.97;1739.49;51.000;380.82;0.23;25.18;1691.53;47.000;399.92;0.23;27.19;1661.48;52.000;325.81;0.20;22.55;1037.71;29.000;238.42;0.15;26.42;857.74;26.000;185.11;0.11;24.82;1325.63;37.000;328.03;0.20;28.46;845.75;25.000;180.62;0.11;24.56;143.96;4.000;33.61;0.02;26.84;71.98;2.000;16.80;0.01;26.84;0.00;0.000;0.00;0.00;0.00
24081;SPAR  BRN TOASTER;1;434419.95;26 879.000;88178.24;1.33;20.30;7034.80;520.000;1418.53;1.90;20.16;8196.69;631.000;1509.10;1.36;18.41;7814.46;534.000;1756.71;1.73;22.48;7753.57;518.000;1840.91;1.80;23.74;8135.22;528.000;1799.62;1.60;22.12;9348.54;586.000;2245.51;2.04;24.02;10128.89;671.000;1926.75;1.66;19.02;10795.75;685.000;2417.93;2.02;22.40;10685.30;670.000;2490.93;2.09;23.31;9880.21;619.000;2404.50;1.88;24.34;10059.30;630.000;2422.35;2.11;24.08;10262.68;658.000;2424.47;2.44;23.62;12701.49;837.000;2357.18;2.05;18.56;9074.00;520.000;2005.01;1.78;22.10;7882.31;439.000;1796.72;1.69;22.79;6632.07;403.000;1523.24;1.39;22.97;6602.55;375.000;1732.99;1.52;26.25;8591.12;478.000;1964.89;1.81;22.87;4829.41;269.000;1100.42;0.94;22.79;6969.32;388.000;1590.71;1.33;22.82;8403.38;481.000;1990.18;1.64;23.68;6038.34;336.000;1380.57;1.06;22.86;7528.64;426.000;1797.77;1.63;23.88;8072.80;489.000;1817.51;1.67;22.51;14308.27;1 024.000;2619.92;1.97;18.31;11344.68;729.000;2458.09;2.07;21.67;8545.69;485.000;1822.43;1.45;21.33;5613.11;308.000;1544.23;1.27;27.51;7432.76;451.000;1602.39;1.16;21.56;7746.52;458.000;1546.72;1.08;19.97;6185.73;347.000;1427.49;0.96;23.08;6797.48;392.000;1205.36;0.73;17.73;14750.94;976.000;2040.82;1.17;13.84;6569.04;366.000;1347.83;0.78;20.52;10022.64;636.000;1721.52;1.03;17.18;9323.55;585.000;1570.40;0.83;16.84;6462.00;360.000;1326.38;0.68;20.53;9641.45;610.000;1556.66;0.91;16.15;7447.61;429.000;1327.67;0.75;17.83;11147.08;712.000;1180.41;0.72;10.59;11797.62;768.000;1823.07;1.06;15.45;10863.71;661.000;1997.58;1.21;18.39;10616.55;633.000;1841.65;1.15;17.35;13834.53;809.000;2696.72;1.65;19.49;8609.14;518.000;1785.62;1.11;20.74;5759.49;321.000;1309.66;0.77;22.74;10165.27;663.000;1462.83;0.93;14.39;8381.12;519.000;1548.26;1.05;18.47;7633.13;428.000;1700.02;1.10;22.27
24083;SPAR WHT TOASTER;1;1890445.16;112 025.000;312716.97;4.71;19.02;49525.70;3 390.000;8617.49;11.55;20.01;52070.78;3 722.000;8332.88;7.53;18.40;55112.65;3 515.000;10768.46;10.61;22.47;56842.84;3 556.000;11638.23;11.38;23.55;58225.59;3 651.000;10582.56;9.42;20.90;61649.46;3 759.000;11309.22;10.30;21.10;66447.54;4 146.000;10814.91;9.31;18.72;65929.28;3 927.000;12825.03;10.74;22.37;68236.05;4 022.000;13697.26;11.48;23.08;79154.57;4 928.000;13321.23;10.43;19.35;76526.44;4 691.000;13599.41;11.84;20.44;46080.57;2 818.000;6823.40;6.86;17.03;67177.62;3 989.000;10642.38;9.26;18.22;50686.26;2 739.000;8839.25;7.85;20.06;37849.91;1 994.000;6764.45;6.35;20.55;36465.21;2 109.000;7207.62;6.56;22.73;38289.01;2 195.000;6766.94;5.92;20.32;31548.45;1 765.000;4397.37;4.06;16.03;21992.31;1 159.000;3925.09;3.34;20.52;22150.88;1 167.000;3958.06;3.31;20.55;26222.19;1 462.000;4797.52;3.95;21.04;44733.15;2 800.000;6014.17;4.61;15.46;43079.06;2 456.000;5677.90;5.13;15.16;40360.13;2 255.000;5606.36;5.14;15.97;33218.50;1 778.000;6310.48;4.73;21.85;27280.57;1 562.000;5779.71;4.87;24.36;31562.25;1 822.000;4437.02;3.54;16.17;27658.86;1 642.000;4347.05;3.58;18.07;43049.34;2 782.000;4472.80;3.24;11.95;43391.22;2 713.000;4433.17;3.09;11.75;18995.09;1 021.000;3344.54;2.24;20.25;26602.93;1 477.000;4149.42;2.51;17.94;31561.32;1 783.000;5674.38;3.27;20.68;26175.03;1 412.000;4397.45;2.55;19.32;31554.62;1 819.000;4611.97;2.77;16.81;30595.55;1 791.000;4224.68;2.23;15.88;25872.10;1 496.000;3545.81;1.82;15.76;33859.44;2 100.000;3855.52;2.26;13.09;30251.61;1 641.000;4786.33;2.71;18.19;23769.10;1 372.000;2774.61;1.69;13.42;29358.39;1 732.000;3999.33;2.33;15.67;30324.59;1 733.000;4609.78;2.79;17.48;19873.08;1 075.000;3565.66;2.24;20.63;37806.98;2 226.000;4714.96;2.89;14.34;25525.41;1 347.000;5010.44;3.11;22.57;18232.63;977.000;3389.50;2.01;21.38;18806.74;991.000;3710.11;2.37;22.69;14245.36;753.000;2780.19;1.88;22.44;14518.80;765.000;2864.87;1.85;22.69
24084;S/O W/W DU LOW GI;1;199845.88;8 457.000;42089.92;0.63;21.06;3323.24;176.000;744.84;1.00;22.41;3008.96;159.000;679.61;0.61;22.59;2985.22;158.000;670.52;0.66;22.46;2947.76;149.000;575.97;0.56;19.54;2800.59;141.000;546.00;0.49;19.50;2672.10;130.000;558.60;0.51;20.90;2626.70;120.000;527.90;0.45;20.10;2633.30;120.000;534.50;0.45;20.30;2688.27;123.000;537.00;0.45;19.98;2778.43;127.000;557.20;0.44;20.05;3984.58;182.000;801.40;0.70;20.11;4094.53;187.000;823.90;0.83;20.12;4735.54;216.000;957.70;0.83;20.22;3833.95;175.000;773.20;0.69;20.17;4239.66;194.000;846.60;0.79;19.97;4361.71;199.000;881.20;0.80;20.20;4372.70;200.000;874.70;0.77;20.00;3168.75;145.000;632.70;0.58;19.97;3957.09;181.000;791.40;0.67;20.00;4197.88;192.000;839.80;0.70;20.01;4130.81;189.000;825.20;0.68;19.98;3219.33;147.000;665.10;0.51;20.66;3828.45;175.000;820.62;0.74;21.43;4111.02;188.000;822.90;0.75;20.02;3537.08;162.000;703.70;0.53;19.89;3472.21;159.000;691.30;0.58;19.91;3973.47;173.000;777.70;0.62;19.57;3858.45;155.000;760.00;0.63;19.70;4300.77;173.000;842.50;0.61;19.59;4451.96;179.000;873.75;0.61;19.63;4830.55;195.000;932.50;0.62;19.30;4824.31;194.000;946.25;0.57;19.61;4733.10;190.000;935.00;0.54;19.75;3508.59;141.000;690.00;0.40;19.67;3839.71;154.000;1164.92;0.70;30.34;4227.05;170.000;1668.21;0.88;39.47;5030.48;202.000;1442.96;0.74;28.68;4690.61;189.000;1162.26;0.68;24.78;4749.34;191.000;1270.21;0.72;26.74;4911.77;198.000;1395.29;0.85;28.41;5987.09;216.000;1096.58;0.64;18.32;5486.03;197.000;1012.16;0.61;18.45;6521.66;234.000;1207.52;0.76;18.52;7021.28;252.000;1298.36;0.79;18.49;5659.57;203.000;1049.44;0.65;18.54;4073.94;146.000;758.28;0.45;18.61;3871.01;139.000;714.32;0.46;18.45;3788.44;136.000;699.88;0.47;18.47;3796.84;136.000;708.28;0.46;18.65
24086;S/O SQ/SWCH BRN PREM;1;162887.15;9 271.000;32376.69;0.49;19.88;2763.87;193.000;386.77;0.52;13.99;1912.40;120.000;444.00;0.40;23.22;2233.74;141.000;485.34;0.48;21.73;1963.68;117.000;387.93;0.38;19.76;1981.03;117.000;365.10;0.32;18.43;908.61;49.000;168.61;0.15;18.56;1383.28;77.000;262.12;0.23;18.95;1289.32;73.000;261.19;0.22;20.26;849.62;43.000;195.59;0.16;23.02;873.56;44.000;204.32;0.16;23.39;1435.28;72.000;340.16;0.30;23.70;1470.26;74.000;344.72;0.35;23.45;3168.02;202.000;441.32;0.38;13.93;4197.61;255.000;757.66;0.67;18.05;5515.71;344.000;875.15;0.82;15.87;5148.78;322.000;805.00;0.73;15.63;5121.41;321.000;791.12;0.69;15.45;4269.48;267.000;667.65;0.62;15.64;5601.23;352.000;852.75;0.73;15.22;5691.99;350.000;970.49;0.81;17.05;4876.97;288.000;991.85;0.82;20.34;4534.57;263.000;939.20;0.72;20.71;3495.45;195.000;767.40;0.69;21.95;2484.83;147.000;428.30;0.39;17.24;2745.58;162.000;479.20;0.36;17.45;3218.75;190.000;560.65;0.47;17.42;3990.39;231.000;682.70;0.54;17.11;5237.78;292.000;860.70;0.71;16.43;5362.69;295.000;940.64;0.68;17.54;4080.31;219.000;797.50;0.56;19.55;5223.19;276.000;1085.95;0.73;20.79;4834.84;256.000;997.40;0.60;20.63;3824.58;202.000;796.60;0.46;20.83;2042.37;108.000;423.45;0.25;20.73;3055.48;162.000;644.07;0.39;21.08;2980.47;158.000;1055.56;0.56;35.42;3594.80;190.000;1155.20;0.59;32.14;3196.01;169.000;854.05;0.50;26.72;4015.43;212.000;1203.05;0.68;29.96;4108.95;231.000;1081.93;0.66;26.33;3336.53;177.000;795.10;0.46;23.83;3010.86;159.000;627.45;0.38;20.84;3421.99;181.000;708.80;0.44;20.71;3346.98;177.000;645.80;0.40;19.30;3124.80;165.000;593.70;0.37;19.00;2782.98;147.000;528.00;0.31;18.97;3063.08;162.000;578.00;0.37;18.87;3114.35;165.000;583.25;0.39;18.73;3003.26;159.000;564.20;0.36;18.79
24088;S/O BR STD S/W;1;316186.37;19 294.000;69733.76;1.05;22.05;3608.97;253.000;746.67;1.00;20.69;3202.61;214.000;792.61;0.72;24.75;3608.84;241.000;837.34;0.82;23.20;3568.35;225.000;711.77;0.70;19.95;5045.75;310.000;1002.75;0.89;19.87;5067.02;288.000;1018.04;0.93;20.09;6112.42;378.000;1076.91;0.93;17.62;5649.86;354.000;1342.56;1.12;23.76;4572.91;279.000;1243.91;1.04;27.20;3662.76;204.000;980.46;0.77;26.77;3123.96;174.000;618.36;0.54;19.79;3015.12;168.000;595.92;0.60;19.76;6251.88;412.000;940.07;0.82;15.04;6252.04;416.000;1014.60;0.90;16.23;7704.20;510.000;1283.30;1.20;16.66;7671.90;510.000;1251.00;1.14;16.31;9017.94;571.000;1829.05;1.60;20.28;9867.43;657.000;1595.80;1.47;16.17;10740.87;713.000;1764.20;1.50;16.43;9969.97;640.000;1912.37;1.60;19.18;9372.53;587.000;1982.20;1.63;21.15;8312.40;520.000;1679.60;1.29;20.21;4951.09;301.000;1041.10;0.94;21.03;4278.92;268.000;797.60;0.73;18.64;4650.69;291.000;870.60;0.65;18.72;4600.32;288.000;859.20;0.72;18.68;6922.29;427.000;1295.56;1.03;18.72;6040.36;360.000;1183.96;0.98;19.60;6327.07;373.000;1295.30;0.94;20.47;5619.65;336.000;1087.01;0.76;19.34;8301.31;489.000;1704.70;1.14;20.54;8143.30;480.000;1668.10;1.01;20.48;7588.58;447.000;1558.55;0.90;20.54;7003.27;413.000;1431.90;0.83;20.45;7584.33;447.000;1892.82;1.14;24.96;7529.05;443.000;3850.05;2.03;51.14;7960.66;469.000;2940.16;1.51;36.93;4996.29;309.000;1270.74;0.75;25.43;6857.16;404.000;2256.72;1.28;32.91;6365.30;375.000;2351.04;1.43;36.94;5972.83;352.000;1491.74;0.87;24.98;7539.30;445.000;1536.25;0.93;20.38;7422.07;438.000;1513.45;0.95;20.39;7777.82;438.000;1752.05;1.07;22.53;7402.87;413.000;1695.21;1.05;22.90;6734.55;375.000;1552.05;0.92;23.05;6661.69;371.000;1534.47;0.98;23.03;6658.09;371.000;1530.87;1.04;22.99;8897.78;547.000;1553.08;1.00;17.45
24089;S/O S/W  BROWN L/GI;1;96086.84;4 779.000;20943.29;0.32;21.80;1883.55;105.000;387.30;0.52;20.56;2673.31;149.000;550.06;0.50;20.58;2278.43;127.000;468.68;0.46;20.57;2127.06;114.000;433.17;0.42;20.36;2304.43;122.000;491.51;0.44;21.33;1851.11;94.000;349.15;0.32;18.86;1636.18;82.000;299.58;0.26;18.31;1568.21;79.000;280.51;0.23;17.89;889.27;43.000;188.37;0.16;21.18;858.49;41.000;190.19;0.15;22.15;1510.23;72.000;336.63;0.29;22.29;1548.01;74.000;341.81;0.34;22.08;2138.70;105.000;483.85;0.42;22.62;1849.75;90.000;432.25;0.38;23.37;1818.05;95.000;321.80;0.30;17.70;1633.14;86.000;278.64;0.25;17.06;2278.80;120.000;388.80;0.34;17.06;1880.01;99.000;320.76;0.30;17.06;2433.73;127.000;433.48;0.37;17.81;2468.26;119.000;594.01;0.50;24.07;1629.87;78.000;401.37;0.33;24.63;1458.80;70.000;356.30;0.27;24.42;1669.18;82.000;377.68;0.34;22.63;1852.44;97.000;324.69;0.30;17.53;1872.99;98.000;329.49;0.25;17.59;1645.47;87.000;275.22;0.23;16.73;2029.08;107.000;343.83;0.27;16.95;1611.30;85.000;272.55;0.22;16.91;1517.30;80.000;257.30;0.19;16.96;1373.87;71.000;255.62;0.18;18.61;1037.48;52.000;218.48;0.15;21.06;1134.43;57.000;236.68;0.14;20.86;1256.37;63.000;264.12;0.15;21.02;1596.20;80.000;336.20;0.20;21.06;1773.11;89.000;464.99;0.28;26.22;1589.23;80.000;559.11;0.29;35.18;1794.10;90.000;553.78;0.28;30.87;1690.15;85.000;453.77;0.27;26.85;2113.94;106.000;617.69;0.35;29.22;2191.90;110.000;675.96;0.41;30.84;2685.37;123.000;634.45;0.37;23.63;3289.70;150.000;735.20;0.45;22.35;3528.29;161.000;827.76;0.52;23.46;3485.41;159.000;777.64;0.48;22.31;3333.68;152.000;745.12;0.46;22.35;2391.41;109.000;535.14;0.32;22.38;2235.28;102.000;498.22;0.32;22.29;2236.38;102.000;499.32;0.34;22.33;2435.39;111.000;545.06;0.35;22.38
24090;S/O WHT SQ/SWCH PREM;1;224182.50;12 036.000;39650.55;0.60;20.34;3206.01;189.000;660.94;0.89;23.71;3208.56;189.000;663.80;0.60;23.79;3229.71;203.000;529.44;0.52;18.85;3221.29;181.000;543.56;0.53;19.41;3432.49;191.000;585.81;0.52;19.63;3224.34;166.000;558.91;0.51;19.93;2086.88;112.000;366.69;0.32;20.21;4078.25;225.000;505.90;0.42;14.27;2213.89;111.000;407.75;0.34;21.18;1178.41;59.000;218.17;0.17;21.29;1561.21;79.000;277.87;0.24;20.47;2615.69;131.000;484.68;0.49;21.31;4670.23;277.000;240.40;0.21;5.92;5945.34;366.000;85.48;0.08;1.65;6466.42;378.000;894.19;0.84;15.90;6662.08;392.000;889.19;0.81;15.35;8325.10;490.000;1109.32;0.97;15.32;6931.92;408.000;923.68;0.85;15.32;8551.00;500.000;1180.50;1.01;15.88;6584.77;348.000;1372.41;1.15;23.97;4998.16;264.000;1043.59;0.86;24.01;4828.20;255.000;962.18;0.74;22.92;3697.97;198.000;651.53;0.59;20.26;3380.58;187.000;517.98;0.48;17.62;4029.84;228.000;551.61;0.41;15.74;4061.34;232.000;527.20;0.44;14.93;4738.76;259.000;680.48;0.54;16.51;5555.51;294.000;767.80;0.63;15.89;6389.17;338.000;884.64;0.64;15.92;5392.88;280.000;819.86;0.57;17.48;5082.45;255.000;895.42;0.60;20.26;4655.66;234.000;814.52;0.49;20.12;5004.49;251.000;882.91;0.51;20.29;4186.90;210.000;738.58;0.43;20.29;4867.56;244.000;1481.31;0.89;35.00;4146.44;209.000;2011.78;1.06;55.80;3828.08;192.000;1233.32;0.63;37.05;3980.00;200.000;1022.36;0.60;29.54;5965.01;301.000;1779.85;1.01;34.31;5236.37;263.000;1683.04;1.03;36.96;5096.44;256.000;1129.17;0.66;25.48;5538.22;278.000;973.88;0.59;20.22;5049.47;253.000;894.38;0.56;20.37;4799.59;241.000;765.24;0.47;18.34;4902.54;246.000;760.04;0.47;17.83;4904.54;246.000;761.78;0.45;17.86;5196.39;261.000;801.96;0.51;17.75;3478.25;175.000;532.57;0.36;17.61;3798.10;191.000;582.86;0.38;17.65
24092;S/O WHITE STD/SWCH;1;1778350.66;104 472.000;338886.55;5.11;21.91;8375.56;524.000;1768.82;2.37;24.29;7258.66;454.000;1594.82;1.44;25.27;7056.92;449.000;1272.04;1.25;20.73;10617.90;670.000;1514.60;1.48;16.40;11913.38;702.000;2086.98;1.86;20.15;15450.75;840.000;2738.33;2.49;20.38;15861.90;930.000;2536.12;2.18;18.39;20220.09;1 216.000;3453.89;2.89;19.64;15373.41;929.000;3487.40;2.92;26.09;8159.05;430.000;2018.29;1.58;28.45;7674.24;405.000;1464.95;1.28;21.95;31435.80;2 030.000;4309.08;4.33;15.76;16424.73;1 012.000;981.82;0.85;6.87;30915.03;1 947.000;1091.76;0.97;4.06;49325.85;3 075.000;6822.29;6.40;15.91;45347.64;2 836.000;6166.45;5.61;15.64;56252.82;3 518.000;7649.36;6.69;15.64;64103.91;4 009.000;8716.96;8.05;15.64;62076.99;3 916.000;8020.84;6.83;14.86;58502.17;3 459.000;10296.41;8.62;20.24;52538.97;3 212.000;8009.30;6.59;17.53;42824.38;2 432.000;8321.39;6.38;22.35;25235.50;1 405.000;4845.06;4.38;22.08;37481.87;2 299.000;4614.10;4.23;14.16;44757.09;2 658.000;6571.35;4.93;16.88;45613.05;2 709.000;6694.99;5.64;16.88;44677.19;2 596.000;6818.24;5.44;17.55;44250.51;2 478.000;7404.68;6.10;19.24;35675.95;1 985.000;6203.35;4.50;20.00;27569.17;1 550.000;4767.41;3.32;19.89;44392.10;2 470.000;8007.54;5.36;20.74;52404.25;3 095.000;6676.40;4.03;14.65;46022.00;2 560.000;7763.13;4.47;19.40;59809.51;3 549.000;8254.95;4.79;15.87;42378.12;2 358.000;13926.48;8.36;37.79;51839.65;3 124.000;31258.05;16.48;69.34;43167.88;2 402.000;20357.88;10.43;54.23;32285.67;2 006.000;7191.90;4.22;25.62;45499.44;2 711.000;12176.63;6.89;30.78;50344.72;2 897.000;16071.40;9.81;36.71;31377.24;1 746.000;7152.16;4.17;26.21;61678.96;3 572.000;11504.90;6.97;21.45;53768.20;3 096.000;11188.29;7.01;23.93;26227.23;1 399.000;4775.25;2.92;20.94;44872.57;2 541.000;6838.27;4.25;17.53;35424.35;1 886.000;6248.06;3.70;20.28;39052.70;2 062.000;7476.66;4.77;22.02;39520.98;2 238.000;5227.31;3.54;15.21;35314.61;2 085.000;4550.19;2.94;14.82
24093;S/O WHITE DU L/GI H/OATS;1;164473.40;7 035.000;32425.22;0.49;22.67;2746.90;145.000;460.11;0.62;19.26;2534.21;134.000;421.46;0.38;19.13;2634.86;139.000;442.48;0.44;19.31;2960.70;150.000;494.92;0.48;19.22;2510.74;126.000;431.85;0.38;19.78;2720.37;133.000;511.14;0.47;21.61;3133.57;143.000;551.24;0.47;20.23;2899.38;132.000;514.80;0.43;20.42;3221.53;147.000;566.93;0.47;20.24;2962.05;135.000;523.70;0.41;20.33;3285.30;150.000;576.78;0.50;20.19;2756.44;126.000;481.70;0.48;20.10;3745.99;171.000;658.18;0.57;20.21;3134.67;143.000;552.20;0.49;20.26;3191.84;146.000;556.31;0.52;20.04;4340.82;198.000;765.03;0.70;20.27;4362.81;199.000;768.95;0.67;20.27;3019.22;138.000;527.81;0.49;20.10;3951.60;180.000;700.17;0.60;20.38;4122.02;188.000;726.77;0.61;20.28;4429.88;202.000;781.67;0.64;20.29;3741.99;171.000;675.58;0.52;20.76;3549.18;162.000;653.36;0.59;21.17;3476.81;159.000;606.51;0.56;20.06;3466.72;158.000;612.94;0.46;20.33;3264.41;149.000;573.82;0.48;20.21;3557.40;155.000;619.67;0.49;20.03;3359.90;135.000;575.35;0.47;19.69;3845.95;155.000;650.40;0.47;19.45;3809.72;153.000;652.79;0.46;19.71;3658.53;147.000;626.47;0.42;19.69;3579.81;144.000;610.16;0.37;19.60;3910.93;157.000;672.15;0.39;19.76;2217.86;89.000;381.75;0.22;19.79;2632.69;106.000;901.35;0.54;39.37;2362.80;95.000;1077.17;0.57;52.43;2865.10;115.000;947.50;0.49;38.03;2635.19;106.000;706.26;0.41;30.82;2815.12;113.000;827.34;0.47;33.80;2730.15;110.000;896.44;0.55;37.76;3712.81;134.000;875.62;0.51;27.12;3939.59;141.000;796.08;0.48;23.24;3634.50;130.000;841.24;0.53;26.62;4227.88;152.000;841.62;0.52;22.89;4213.89;151.000;848.10;0.53;23.15;3494.55;125.000;707.49;0.42;23.28;3543.53;127.000;712.78;0.45;23.13;3652.69;131.000;733.10;0.50;23.08;3908.80;140.000;787.96;0.51;23.18
24094;S/O REG L/GI SESAME BUN;1;41064.30;1 916.000;8446.89;0.13;23.66;2060.41;109.000;473.85;0.63;26.45;1970.21;104.000;455.87;0.41;26.61;1662.57;88.000;381.79;0.38;26.41;1705.24;86.000;323.74;0.32;21.83;1676.16;84.000;332.77;0.30;22.83;1498.80;70.000;295.26;0.27;22.66;1492.02;68.000;297.81;0.26;22.95;1794.39;82.000;354.94;0.30;22.75;2058.26;94.000;407.99;0.34;22.80;1467.83;67.000;291.47;0.23;22.84;1647.05;75.000;329.72;0.29;23.02;1552.49;71.000;306.29;0.31;22.69;1731.71;79.000;344.53;0.30;22.88;1163.27;53.000;232.44;0.21;22.98;1095.10;50.000;217.26;0.20;22.82;725.67;33.000;145.92;0.13;23.12;745.46;34.000;148.43;0.13;22.90;501.37;23.000;97.87;0.09;22.45;549.75;25.000;110.54;0.09;23.12;811.43;37.000;161.69;0.14;22.92;1029.13;47.000;204.00;0.17;22.80;746.56;34.000;149.38;0.11;23.01;941.17;43.000;186.31;0.17;22.76;856.51;39.000;171.49;0.16;23.03;634.41;29.000;125.36;0.09;22.72;592.63;27.000;118.43;0.10;22.98;501.79;21.000;103.64;0.08;23.75;466.52;18.000;136.27;0.11;33.59;439.23;17.000;132.04;0.10;34.57;331.65;15.000;67.89;0.05;23.54;414.51;19.000;66.74;0.04;18.52;564.04;26.000;108.27;0.07;22.07;548.65;25.000;109.59;0.06;22.97;459.59;21.000;90.94;0.05;22.76;108.85;5.000;21.15;0.01;22.35;65.97;3.000;22.57;0.01;39.34;109.95;5.000;32.42;0.02;33.91;0.00;0.000;0.00;0.00;0.00;0.00;0.000;0.00;0.00;0.00;0.00;0.000;0.00;0.00;0.00;298.87;13.000;80.52;0.05;30.98;480.49;21.000;106.20;0.06;25.42;641.42;28.000;127.68;0.08;22.89;685.10;30.000;134.94;0.08;22.65;706.94;31.000;138.57;0.09;22.54;755.22;33.000;149.83;0.09;22.82;685.10;30.000;134.94;0.09;22.65;90.81;4.000;17.53;0.01;22.19;0.00;0.000;0.00;0.00;0.00
24095;SASKO ROLL REGULAR PLAIN;1;18433.26;864.000;4122.71;0.06;25.72;0.00;0.000;0.00;0.00;0.00;0.00;0.000;0.00;0.00;0.00;0.00;0.000;0.00;0.00;0.00;0.00;0.000;0.00;0.00;0.00;87.96;4.000;20.49;0.02;26.78;945.57;43.000;204.54;0.19;24.88;857.61;39.000;172.45;0.15;23.12;131.94;6.000;26.53;0.02;23.12;43.98;2.000;8.84;0.01;23.12;0.00;0.000;0.00;0.00;0.00;503.57;23.000;99.79;0.09;22.79;615.72;28.000;123.81;0.12;23.12;1231.44;56.000;247.62;0.22;23.12;899.39;41.000;179.38;0.16;22.94;767.45;35.000;152.85;0.14;22.90;681.69;31.000;137.07;0.12;23.12;857.61;39.000;172.45;0.15;23.12;1065.20;50.000;253.28;0.23;27.34;1039.48;52.000;225.82;0.19;24.98;1183.46;54.000;296.72;0.25;28.83;923.58;42.000;255.43;0.21;31.81;1427.15;65.000;393.40;0.30;31.70;925.57;43.000;244.12;0.22;30.33;799.60;40.000;173.70;0.16;24.98;835.58;42.000;178.91;0.13;24.62;619.69;31.000;134.62;0.11;24.98;519.74;26.000;91.33;0.07;20.21;599.70;30.000;123.64;0.10;23.71;439.78;22.000;95.54;0.07;24.98;137.93;7.000;28.66;0.02;23.89;0.00;0.000;0.00;0.00;0.00;0.00;0.000;0.00;0.00;0.00;0.00;0.000;0.00;0.00;0.00;0.00;0.000;0.00;0.00;0.00;0.00;0.000;0.00;0.00;0.00;83.96;4.000;25.68;0.01;35.17;0.00;0.000;0.00;0.00;0.00;47.98;2.000;18.06;0.01;43.28;0.00;0.000;0.00;0.00;0.00;0.00;0.000;0.00;0.00;0.00;160.93;7.000;37.99;0.02;27.15;0.00;0.000;0.00;0.00;0.00;0.00;0.000;0.00;0.00;0.00;0.00;0.000;0.00;0.00;0.00;0.00;0.000;0.00;0.00;0.00;0.00;0.000;0.00;0.00;0.00;0.00;0.000;0.00;0.00;0.00;0.00;0.000;0.00;0.00;0.00;0.00;0.000;0.00;0.00;0.00
24096;SASKO BUN REGULAR PLAIN;1;23781.00;1 110.000;5200.54;0.08;25.15;0.00;0.000;0.00;0.00;0.00;0.00;0.000;0.00;0.00;0.00;0.00;0.000;0.00;0.00;0.00;0.00;0.000;0.00;0.00;0.00;87.96;4.000;20.49;0.02;26.78;877.40;40.000;193.30;0.18;25.34;1010.44;46.000;202.44;0.17;23.04;922.48;42.000;184.76;0.15;23.03;1186.36;54.000;237.82;0.20;23.05;1538.20;70.000;308.57;0.24;23.07;966.46;44.000;193.60;0.17;23.04;789.44;36.000;157.27;0.16;22.91;1032.43;47.000;206.87;0.18;23.04;1099.50;50.000;221.09;0.20;23.12;856.51;39.000;171.49;0.16;23.03;922.48;42.000;184.76;0.17;23.03;1052.22;48.000;209.37;0.18;22.88;1129.47;53.000;271.54;0.25;27.65;978.51;49.000;211.92;0.18;24.91;1309.40;60.000;321.35;0.27;28.22;1384.27;63.000;382.19;0.31;31.75;1228.14;56.000;337.71;0.26;31.62;769.64;36.000;199.81;0.18;29.86;859.57;43.000;186.73;0.17;24.98;918.54;46.000;198.89;0.15;24.90;639.68;32.000;138.96;0.12;24.98;517.74;26.000;92.91;0.07;20.64;639.68;32.000;130.66;0.11;23.49;639.68;32.000;138.96;0.10;24.98;137.93;7.000;28.66;0.02;23.89;0.00;0.000;0.00;0.00;0.00;0.00;0.000;0.00;0.00;0.00;0.00;0.000;0.00;0.00;0.00;0.00;0.000;0.00;0.00;0.00;0.00;0.000;0.00;0.00;0.00;56.97;3.000;14.69;0.01;29.65;0.00;0.000;0.00;0.00;0.00;0.00;0.000;0.00;0.00;0.00;0.00;0.000;0.00;0.00;0.00;0.00;0.000;0.00;0.00;0.00;229.90;10.000;53.74;0.03;26.88;0.00;0.000;0.00;0.00;0.00;0.00;0.000;0.00;0.00;0.00;0.00;0.000;0.00;0.00;0.00;0.00;0.000;0.00;0.00;0.00;0.00;0.000;0.00;0.00;0.00;0.00;0.000;0.00;0.00;0.00;0.00;0.000;0.00;0.00;0.00;0.00;0.000;0.00;0.00;0.00
24105;S/O BROWN DU LGI CR/BERRY;1;66456.05;2 815.000;13914.67;0.21;20.94;944.75;50.000;212.25;0.28;22.47;904.87;48.000;201.67;0.18;22.29;1170.73;62.000;262.43;0.26;22.42;1069.51;54.000;215.43;0.21;20.14;1037.48;52.000;206.00;0.18;19.86;1167.42;58.000;243.10;0.22;20.82;1274.32;58.000;259.90;0.22;20.40;1360.08;62.000;275.70;0.23;20.27;981.85;45.000;194.80;0.16;19.84;1032.43;47.000;210.40;0.16;20.38;1227.04;56.000;247.60;0.22;20.18;1428.25;65.000;291.40;0.29;20.40;1233.81;59.000;201.90;0.18;16.36;1140.42;58.000;126.00;0.11;11.05;1358.98;62.000;274.60;0.26;20.21;1203.95;55.000;242.00;0.22;20.10;1178.66;54.000;234.20;0.20;19.87;896.09;41.000;179.00;0.17;19.98;1200.65;55.000;238.70;0.20;19.88;1424.95;65.000;288.10;0.24;20.22;1821.87;83.000;370.20;0.30;20.32;1273.22;58.000;263.00;0.20;20.66;1578.88;72.000;338.08;0.31;21.41;1464.53;67.000;292.70;0.27;19.99;1290.81;59.000;258.90;0.19;20.06;1092.90;50.000;218.40;0.18;19.98;1284.74;56.000;257.80;0.21;20.07;1114.55;45.000;215.00;0.18;19.29;1491.90;60.000;292.50;0.21;19.61;1294.48;52.000;255.00;0.18;19.70;1394.44;56.000;275.00;0.18;19.72;1619.35;65.000;320.00;0.19;19.76;1614.35;65.000;315.00;0.18;19.51;1345.71;54.000;266.25;0.15;19.79;1716.81;69.000;477.27;0.29;27.80;1419.43;57.000;539.25;0.28;37.99;1540.63;62.000;463.45;0.24;30.08;1560.62;63.000;413.74;0.24;26.51;1419.43;57.000;405.57;0.23;28.57;1544.38;62.000;467.20;0.29;30.25;1489.88;52.000;273.63;0.16;18.37;1417.61;49.000;259.74;0.16;18.32;1320.49;46.000;233.51;0.15;17.68;1524.87;53.000;272.48;0.17;17.87;1616.19;56.000;292.91;0.18;18.12;1649.53;57.000;302.62;0.18;18.35;1737.95;60.000;320.15;0.20;18.42;1819.12;63.000;330.43;0.22;18.16;1761.14;61.000;319.71;0.21;18.15
24108;S/O BUN PLAIN 1X8;1;38330.37;1 803.000;8987.00;0.14;26.96;0.00;0.000;0.00;0.00;0.00;0.00;0.000;0.00;0.00;0.00;0.00;0.000;0.00;0.00;0.00;0.00;0.000;0.00;0.00;0.00;0.00;0.000;0.00;0.00;0.00;0.00;0.000;0.00;0.00;0.00;0.00;0.000;0.00;0.00;0.00;0.00;0.000;0.00;0.00;0.00;0.00;0.000;0.00;0.00;0.00;0.00;0.000;0.00;0.00;0.00;0.00;0.000;0.00;0.00;0.00;0.00;0.000;0.00;0.00;0.00;0.00;0.000;0.00;0.00;0.00;0.00;0.000;0.00;0.00;0.00;0.00;0.000;0.00;0.00;0.00;0.00;0.000;0.00;0.00;0.00;0.00;0.000;0.00;0.00;0.00;0.00;0.000;0.00;0.00;0.00;0.00;0.000;0.00;0.00;0.00;0.00;0.000;0.00;0.00;0.00;0.00;0.000;0.00;0.00;0.00;0.00;0.000;0.00;0.00;0.00;0.00;0.000;0.00;0.00;0.00;0.00;0.000;0.00;0.00;0.00;0.00;0.000;0.00;0.00;0.00;0.00;0.000;0.00;0.00;0.00;0.00;0.000;0.00;0.00;0.00;0.00;0.000;0.00;0.00;0.00;0.00;0.000;0.00;0.00;0.00;712.64;36.000;150.25;0.10;24.25;1967.10;100.000;294.58;0.20;17.22;1637.18;82.000;354.35;0.21;24.89;1916.04;96.000;414.28;0.24;24.87;2359.95;120.000;487.33;0.28;23.75;1637.18;82.000;540.93;0.32;38.00;1430.30;70.000;416.81;0.22;33.51;1839.08;92.000;664.60;0.34;41.56;1639.18;82.000;472.25;0.28;33.13;1408.29;71.000;510.23;0.29;41.66;2216.89;111.000;810.89;0.49;42.06;1428.36;64.000;306.50;0.18;24.68;1444.92;63.000;288.77;0.18;22.98;1341.46;59.000;260.25;0.16;22.31;1659.81;74.000;306.67;0.19;21.25;2011.62;88.000;397.55;0.25;22.73;3308.26;144.000;664.91;0.39;23.11;2939.27;128.000;589.81;0.38;23.08;2454.60;110.000;461.63;0.31;21.63;2978.24;131.000;594.41;0.38;22.95
24109;S/O ROLL REG PLAIN 1X8;1;41367.50;1 941.000;9168.31;0.14;25.49;0.00;0.000;0.00;0.00;0.00;0.00;0.000;0.00;0.00;0.00;0.00;0.000;0.00;0.00;0.00;0.00;0.000;0.00;0.00;0.00;0.00;0.000;0.00;0.00;0.00;0.00;0.000;0.00;0.00;0.00;0.00;0.000;0.00;0.00;0.00;0.00;0.000;0.00;0.00;0.00;0.00;0.000;0.00;0.00;0.00;0.00;0.000;0.00;0.00;0.00;0.00;0.000;0.00;0.00;0.00;0.00;0.000;0.00;0.00;0.00;0.00;0.000;0.00;0.00;0.00;0.00;0.000;0.00;0.00;0.00;0.00;0.000;0.00;0.00;0.00;0.00;0.000;0.00;0.00;0.00;0.00;0.000;0.00;0.00;0.00;0.00;0.000;0.00;0.00;0.00;0.00;0.000;0.00;0.00;0.00;0.00;0.000;0.00;0.00;0.00;0.00;0.000;0.00;0.00;0.00;0.00;0.000;0.00;0.00;0.00;0.00;0.000;0.00;0.00;0.00;0.00;0.000;0.00;0.00;0.00;0.00;0.000;0.00;0.00;0.00;0.00;0.000;0.00;0.00;0.00;0.00;0.000;0.00;0.00;0.00;0.00;0.000;0.00;0.00;0.00;18.99;1.000;3.47;0.00;21.03;713.64;36.000;151.12;0.11;24.35;1926.07;98.000;305.42;0.20;18.24;1377.31;69.000;297.90;0.18;24.87;2076.96;104.000;449.89;0.26;24.91;2507.87;128.000;511.64;0.30;23.46;1456.27;73.000;491.88;0.30;38.84;1472.29;71.000;431.90;0.23;33.74;2286.84;116.000;475.92;0.24;23.93;1693.15;85.000;363.90;0.21;24.72;1959.02;98.000;625.63;0.35;36.73;2033.99;102.000;730.11;0.45;41.28;1716.23;77.000;364.39;0.21;24.42;1833.45;80.000;365.50;0.22;22.93;1400.09;61.000;280.51;0.18;23.04;2027.95;90.000;381.03;0.23;21.61;2589.82;113.000;516.34;0.32;22.93;3745.07;163.000;752.90;0.45;23.12;2734.66;119.000;550.13;0.35;23.13;2558.54;116.000;461.54;0.31;20.75;3239.29;141.000;657.18;0.42;23.33
24286;B/R CLASSIC WHITE;1;277960.43;13 889.000;52291.55;0.79;21.63;8127.15;480.000;1251.79;1.68;17.71;8771.07;518.000;1385.27;1.25;18.16;10487.40;570.000;2061.06;2.03;22.60;9385.79;496.000;1795.30;1.76;22.00;7935.70;410.000;1362.88;1.21;19.75;8462.75;425.000;1581.63;1.44;21.49;8786.59;441.000;2168.01;1.87;28.38;8985.49;451.000;1825.02;1.53;23.36;9655.15;485.000;2021.15;1.69;24.07;10199.89;511.000;1923.14;1.51;21.68;8914.53;447.000;1698.34;1.48;21.91;8791.59;441.000;1696.65;1.71;22.19;9468.27;453.000;1810.10;1.57;21.99;7035.84;336.000;1353.91;1.20;22.13;5712.42;273.000;1096.40;1.03;22.07;6003.26;289.000;1167.37;1.06;22.36;5597.52;273.000;1055.14;0.92;21.68;5352.44;256.000;1024.42;0.95;22.01;4609.40;220.000;888.75;0.76;22.17;5949.61;284.000;1146.68;0.96;22.16;5340.90;255.000;1028.56;0.85;22.15;3707.88;177.000;714.53;0.55;22.16;4760.53;227.000;920.91;0.83;22.25;5076.46;254.000;1045.59;0.96;23.69;4949.52;248.000;823.17;0.62;19.13;4955.52;248.000;792.71;0.67;18.40;4751.62;238.000;757.19;0.60;18.33;4272.86;214.000;680.42;0.56;18.31;4158.69;206.000;693.36;0.50;19.17;4726.64;236.000;761.56;0.53;18.53;5512.07;296.000;784.26;0.53;16.36;5610.11;274.000;990.63;0.60;20.31;4691.26;224.000;901.07;0.52;22.09;4329.18;207.000;827.42;0.48;21.98;4778.37;228.000;920.06;0.55;22.14;3909.38;187.000;746.16;0.39;21.95;4268.31;204.000;817.06;0.42;22.01;3810.73;182.000;731.32;0.43;22.07;4194.85;200.000;809.94;0.46;22.20;2705.61;129.000;522.35;0.32;22.20;2978.48;142.000;685.99;0.40;26.49;3203.07;153.000;614.39;0.37;22.06;2889.27;138.000;554.35;0.35;22.06;3140.10;150.000;602.20;0.37;22.05;3164.24;151.000;609.00;0.38;22.13;4046.87;193.000;780.58;0.46;22.18;3395.13;162.000;653.70;0.42;22.14;3081.33;147.000;593.66;0.40;22.16;3319.59;160.000;616.39;0.40;21.35
24291;B/R CLASSIC BROWN;1;115369.61;6 171.000;24572.49;0.37;21.30;2344.93;147.000;533.06;0.71;22.73;2664.34;166.000;485.89;0.44;18.24;3423.30;195.000;758.91;0.75;22.17;3211.21;179.000;771.01;0.75;24.01;2862.69;160.000;585.19;0.52;20.44;3463.97;193.000;708.86;0.65;20.46;3619.58;202.000;735.99;0.63;20.33;3515.24;196.000;717.30;0.60;20.41;3706.83;207.000;751.86;0.63;20.28;3496.35;195.000;712.69;0.56;20.38;3898.43;217.000;800.71;0.70;20.54;3478.36;194.000;708.97;0.71;20.38;2948.74;156.000;596.01;0.52;20.21;2517.12;133.000;511.27;0.45;20.31;2158.21;114.000;438.91;0.41;20.34;1894.25;100.000;386.09;0.35;20.38;2006.29;106.000;407.64;0.36;20.32;1911.34;101.000;388.10;0.36;20.31;1606.55;85.000;324.61;0.28;20.21;3165.63;167.000;647.00;0.54;20.44;2325.32;123.000;470.28;0.39;20.22;1442.29;76.000;296.09;0.23;20.53;2199.04;116.000;449.57;0.41;20.44;1696.19;91.000;323.76;0.30;19.09;1483.52;81.000;261.91;0.20;17.65;1715.89;93.000;313.30;0.26;18.26;2053.06;112.000;363.92;0.29;17.73;1737.58;92.000;332.74;0.27;19.15;2219.24;116.000;421.89;0.31;19.01;2607.47;138.000;469.24;0.33;18.00;2654.79;141.000;470.08;0.31;17.71;3321.94;171.000;672.40;0.41;20.24;3545.22;178.000;787.22;0.45;22.21;2190.90;110.000;530.91;0.31;24.23;2409.79;121.000;534.97;0.32;22.20;2163.91;109.000;475.02;0.25;21.95;1912.04;96.000;424.58;0.22;22.21;1746.12;88.000;382.61;0.22;21.91;1674.16;84.000;372.63;0.21;22.26;1751.12;88.000;396.59;0.24;22.65;1872.06;94.000;492.29;0.29;26.30;1513.24;76.000;397.68;0.24;26.28;1617.19;81.000;428.24;0.27;26.48;1692.15;85.000;444.49;0.27;26.27;1553.22;78.000;408.30;0.25;26.29;1617.19;81.000;428.24;0.25;26.48;1671.16;84.000;438.17;0.28;26.22;1456.27;73.000;384.75;0.26;26.42;1634.18;82.000;430.55;0.28;26.35
24297;B/R TOASTER BROWN;1;60719.96;3 723.000;10990.76;0.17;18.10;2964.27;198.000;607.28;0.81;20.49;2915.55;195.000;594.27;0.54;20.38;3652.45;231.000;753.06;0.74;20.62;2792.65;175.000;581.77;0.57;20.83;2563.31;152.000;466.94;0.42;18.22;2427.02;143.000;440.58;0.40;18.15;2308.94;136.000;419.74;0.36;18.18;2153.48;127.000;389.30;0.33;18.08;2491.06;139.000;560.18;0.47;22.49;2371.08;132.000;537.44;0.42;22.67;2712.89;151.000;615.32;0.54;22.68;2713.79;151.000;616.22;0.62;22.71;1861.06;104.000;393.41;0.34;21.14;1870.06;104.000;402.41;0.36;21.52;933.68;52.000;199.86;0.19;21.41;966.96;54.000;204.91;0.19;21.19;521.71;29.000;112.46;0.10;21.56;499.22;28.000;104.08;0.10;20.85;555.89;31.000;118.42;0.10;21.30;520.81;29.000;111.56;0.09;21.42;614.65;35.000;120.73;0.10;19.64;2305.53;147.000;241.43;0.19;10.47;1249.91;69.000;276.18;0.25;22.10;1153.64;61.000;292.81;0.27;25.38;302.43;17.000;62.53;0.05;20.67;34.58;2.000;6.36;0.01;18.38;0.00;0.000;0.00;0.00;0.00;2514.70;180.000;275.11;0.23;10.94;0.00;0.000;0.00;0.00;0.00;3330.81;219.000;458.01;0.32;13.75;0.00;0.000;0.00;0.00;0.00;0.00;0.000;0.00;0.00;0.00;0.00;0.000;0.00;0.00;0.00;0.00;0.000;0.00;0.00;0.00;0.00;0.000;0.00;0.00;0.00;201.89;11.000;40.32;0.02;19.97;94.95;5.000;21.51;0.01;22.65;0.00;0.000;0.00;0.00;0.00;3194.89;211.000;431.97;0.24;13.52;0.00;0.000;0.00;0.00;0.00;0.00;0.000;0.00;0.00;0.00;0.00;0.000;0.00;0.00;0.00;0.00;0.000;0.00;0.00;0.00;0.00;0.000;0.00;0.00;0.00;2584.20;180.000;172.58;0.11;6.68;3341.90;225.000;362.01;0.21;10.83;0.00;0.000;0.00;0.00;0.00;0.00;0.000;0.00;0.00;0.00;0.00;0.000;0.00;0.00;0.00
24298;B/R TOASTER WHITE;1;719934.99;40 338.000;104905.93;1.58;16.76;21075.04;1 356.000;3029.87;4.06;16.53;17325.16;1 084.000;2894.40;2.62;19.21;17518.71;999.000;3214.44;3.17;21.10;13774.04;766.000;2697.18;2.64;22.52;11768.04;644.000;2038.56;1.81;19.92;11881.09;626.000;2338.61;2.13;22.64;9334.53;492.000;1835.13;1.58;22.61;8884.61;474.000;1768.37;1.48;22.89;9746.40;520.000;1928.79;1.62;22.76;11413.94;602.000;2238.83;1.75;22.56;14771.41;829.000;2515.87;2.19;19.59;13360.41;704.000;2629.08;2.64;22.63;10071.96;504.000;1974.79;1.72;22.55;8131.93;407.000;1593.35;1.41;22.53;6092.95;305.000;1198.97;1.13;22.63;5531.91;309.000;1244.34;1.13;25.87;5605.14;296.000;1206.85;1.06;24.76;4705.72;248.000;754.05;0.70;18.43;3892.00;205.000;766.87;0.65;22.66;7486.19;425.000;1360.58;1.14;20.90;10454.54;593.000;1467.79;1.21;16.15;6741.45;355.000;1084.11;0.83;18.49;21974.51;1 283.000;2880.53;2.60;15.07;6682.58;352.000;1284.02;1.18;22.10;6339.81;334.000;1132.01;0.85;20.53;5316.25;280.000;1127.45;0.95;24.39;4782.63;252.000;927.68;0.74;22.31;5503.78;314.000;559.71;0.46;11.69;6847.78;377.000;1059.88;0.77;17.80;21695.98;1 257.000;2366.85;1.65;12.55;17310.04;1 015.000;2146.83;1.44;14.26;5698.38;292.000;1071.67;0.65;21.63;5886.05;295.000;1274.69;0.73;24.90;4427.77;223.000;949.73;0.55;24.67;6335.89;325.000;1213.48;0.73;22.03;11976.87;663.000;1647.57;0.87;15.82;33768.50;1 968.000;3697.29;1.89;12.59;29022.96;1 685.000;2929.75;1.72;11.61;21364.26;1 174.000;3039.78;1.72;16.36;20287.15;1 132.000;2054.84;1.25;11.65;34403.79;1 987.000;3897.92;2.27;13.03;11640.17;583.000;2336.22;1.42;23.08;19770.12;1 108.000;2313.07;1.45;13.45;36563.83;2 051.000;4527.56;2.77;14.24;25309.15;1 396.000;3527.47;2.19;16.03;37642.47;2 188.000;3923.59;2.32;11.99;30159.13;1 656.000;4371.23;2.79;16.67;29604.21;1 706.000;3302.11;2.23;12.83;30053.76;1 699.000;3562.17;2.30;13.63
24303;B/R WW BROWN;1;48858.38;2 512.000;9942.95;0.15;20.35;951.43;57.000;185.09;0.25;19.45;937.84;56.000;185.20;0.17;19.75;1007.53;57.000;203.05;0.20;20.15;785.26;44.000;160.11;0.16;20.39;765.19;41.000;156.45;0.14;20.45;960.89;51.000;202.01;0.18;21.02;957.09;51.000;198.21;0.17;20.71;846.00;45.000;176.40;0.15;20.85;862.14;46.000;177.66;0.15;20.61;978.93;52.000;205.17;0.16;20.96;1414.75;75.000;298.75;0.26;21.12;1372.02;73.000;285.78;0.29;20.83;948.52;48.000;205.71;0.18;21.69;690.65;35.000;149.02;0.13;21.58;731.63;37.000;159.05;0.15;21.74;734.63;37.000;162.05;0.15;22.06;772.61;39.000;169.08;0.15;21.88;995.50;50.000;221.74;0.20;22.27;616.69;31.000;136.96;0.12;22.21;716.64;36.000;159.53;0.13;22.26;617.69;31.000;137.96;0.11;22.33;654.67;33.000;143.99;0.11;21.99;616.69;31.000;136.96;0.12;22.21;1144.06;58.000;246.50;0.23;21.55;1023.14;52.000;218.43;0.16;21.35;768.84;39.000;165.31;0.14;21.50;869.77;44.000;188.86;0.15;21.71;830.59;42.000;171.33;0.14;20.63;555.72;28.000;107.09;0.08;19.27;735.63;37.000;142.80;0.10;19.41;757.62;38.000;148.77;0.10;19.64;915.54;46.000;178.51;0.11;19.50;1268.36;64.000;242.93;0.14;19.15;1453.27;73.000;283.63;0.16;19.52;1285.54;66.000;241.02;0.14;18.75;1151.42;58.000;222.12;0.12;19.29;1432.28;72.000;278.67;0.14;19.46;1473.26;74.000;287.60;0.17;19.52;1773.11;89.000;347.12;0.20;19.58;1336.33;67.000;262.83;0.16;19.67;1117.44;56.000;220.19;0.13;19.70;1115.44;56.000;218.19;0.13;19.56;1119.44;56.000;222.19;0.14;19.85;1078.46;54.000;213.25;0.13;19.77;1096.45;55.000;215.22;0.13;19.63;1335.33;67.000;261.83;0.15;19.61;996.50;50.000;195.38;0.12;19.61;1115.44;56.000;218.19;0.15;19.56;1174.41;59.000;229.09;0.15;19.51
24304;B/R S/W SQUARE WHITE;1;19740.60;1 536.000;3853.69;0.06;22.45;419.65;35.000;100.48;0.13;27.54;455.62;38.000;109.09;0.10;27.54;407.66;34.000;82.25;0.08;23.20;311.14;26.000;61.64;0.06;22.78;335.61;27.000;66.15;0.06;22.67;312.25;25.000;62.24;0.06;22.92;349.72;28.000;69.71;0.06;22.92;149.88;12.000;29.88;0.03;22.92;174.86;14.000;34.86;0.03;22.92;237.31;19.000;47.30;0.04;22.92;309.96;24.000;68.62;0.06;25.46;363.72;28.000;81.88;0.08;25.89;436.95;33.000;87.73;0.08;23.09;425.28;32.000;85.96;0.08;23.24;411.33;31.000;82.70;0.08;23.12;239.22;18.000;48.35;0.04;23.24;212.64;16.000;42.98;0.04;23.24;305.67;23.000;61.78;0.06;23.24;211.98;16.000;42.40;0.04;23.00;424.62;32.000;85.38;0.07;23.12;491.73;37.000;99.39;0.08;23.24;398.04;30.000;80.01;0.06;23.12;358.17;27.000;71.95;0.07;23.10;331.59;25.000;66.58;0.06;23.09;212.64;16.000;42.98;0.03;23.24;265.14;20.000;53.15;0.04;23.05;251.18;19.000;49.88;0.04;22.84;184.26;14.000;36.04;0.03;22.49;219.53;17.000;40.10;0.03;21.01;285.13;22.000;52.79;0.04;21.29;246.81;19.000;46.08;0.03;21.47;220.18;17.000;40.66;0.02;21.24;439.71;34.000;80.76;0.05;21.12;570.91;44.000;120.83;0.07;24.34;610.53;47.000;155.63;0.09;29.31;491.61;39.000;101.82;0.05;23.82;611.49;51.000;79.34;0.04;14.92;383.08;32.000;49.26;0.03;14.79;410.68;32.000;73.26;0.04;20.51;311.11;24.000;57.64;0.04;21.31;246.81;19.000;46.08;0.03;21.47;453.35;35.000;83.75;0.05;21.25;506.61;39.000;94.58;0.06;21.47;659.89;51.000;121.43;0.07;21.16;571.56;44.000;106.71;0.07;21.47;661.19;51.000;122.56;0.07;21.32;895.01;69.000;166.21;0.11;21.36;778.10;60.000;144.38;0.10;21.34;1179.49;91.000;218.44;0.14;21.30
24305;B/R  S/WICH SQ BROWN;1;18799.14;1 468.000;3718.71;0.06;22.75;215.82;18.000;51.68;0.07;27.54;455.02;38.000;108.57;0.10;27.44;523.96;44.000;104.47;0.10;22.93;538.35;45.000;106.55;0.10;22.76;510.34;41.000;100.55;0.09;22.66;449.64;36.000;89.63;0.08;22.92;349.10;28.000;69.17;0.06;22.79;472.76;38.000;92.99;0.08;22.62;297.89;24.000;58.13;0.05;22.44;298.51;24.000;58.67;0.05;22.60;245.01;19.000;54.00;0.05;25.35;285.78;22.000;64.34;0.06;25.89;423.30;32.000;84.23;0.07;22.88;421.98;32.000;83.09;0.07;22.64;422.64;32.000;83.66;0.08;22.76;331.59;25.000;66.58;0.06;23.09;277.77;21.000;55.26;0.05;22.88;278.43;21.000;55.83;0.05;23.06;304.35;23.000;60.63;0.05;22.91;449.22;34.000;89.03;0.07;22.79;424.62;32.000;85.38;0.07;23.12;331.59;25.000;66.58;0.05;23.09;263.82;20.000;52.00;0.05;22.67;279.09;21.000;56.41;0.05;23.24;236.57;18.000;46.05;0.03;22.38;251.85;19.000;50.46;0.04;23.04;316.32;24.000;62.17;0.05;22.60;209.88;16.000;40.58;0.03;22.23;219.53;17.000;40.10;0.03;21.01;206.54;16.000;37.67;0.03;20.98;232.52;18.000;42.52;0.03;21.03;220.18;17.000;40.66;0.02;21.24;466.99;36.000;86.74;0.05;21.36;517.00;40.000;105.12;0.06;23.38;492.97;38.000;125.46;0.08;29.27;488.41;39.000;103.64;0.05;24.40;467.61;39.000;96.61;0.05;23.76;286.56;24.000;58.41;0.03;23.44;361.77;28.000;66.21;0.04;21.05;259.15;20.000;47.94;0.03;21.27;246.81;19.000;46.08;0.03;21.47;401.39;31.000;74.05;0.04;21.22;401.39;31.000;74.05;0.05;21.22;530.64;41.000;97.74;0.06;21.18;621.57;48.000;114.72;0.07;21.22;569.61;44.000;105.02;0.06;21.20;686.52;53.000;126.84;0.08;21.25;504.01;39.000;92.32;0.06;21.07;752.77;58.000;140.10;0.09;21.40
24306;B/R SQUARE M/SEED;1;19115.12;1 387.000;3751.45;0.06;22.57;477.38;37.000;111.06;0.15;26.75;441.01;34.000;104.09;0.09;27.14;480.63;37.000;99.01;0.10;23.69;246.81;19.000;49.36;0.05;23.00;164.51;12.000;34.65;0.03;24.22;195.86;14.000;43.84;0.04;25.74;376.33;27.000;83.34;0.07;25.47;418.30;30.000;92.73;0.08;25.49;405.71;29.000;90.82;0.08;25.74;335.76;24.000;75.16;0.06;25.74;363.74;26.000;81.42;0.07;25.74;377.73;27.000;84.55;0.09;25.74;515.53;37.000;94.69;0.08;21.12;405.01;29.000;74.62;0.07;21.19;376.33;27.000;68.82;0.06;21.03;335.06;24.000;61.65;0.06;21.16;222.44;16.000;40.29;0.04;20.83;265.81;19.000;49.29;0.05;21.32;223.84;16.000;41.50;0.04;21.32;307.08;22.000;56.46;0.05;21.14;488.95;35.000;90.18;0.07;21.21;391.02;28.000;72.02;0.06;21.18;363.04;26.000;66.84;0.06;21.17;391.23;27.000;81.78;0.08;24.04;331.10;23.000;67.78;0.05;23.54;376.02;26.000;78.12;0.07;23.89;273.86;19.000;56.29;0.04;23.64;243.33;17.000;48.88;0.04;23.10;125.21;9.000;22.74;0.02;20.88;195.16;14.000;35.71;0.02;21.04;181.17;13.000;33.11;0.02;21.02;167.88;12.000;31.13;0.02;21.32;377.03;27.000;77.55;0.04;23.65;307.08;22.000;76.31;0.04;28.58;485.94;36.000;110.48;0.07;26.15;556.62;43.000;103.14;0.05;21.31;528.04;41.000;103.74;0.05;22.59;296.17;23.000;58.16;0.03;22.58;424.19;31.000;76.67;0.04;20.78;390.32;28.000;71.42;0.04;21.04;307.78;22.000;57.07;0.03;21.32;429.49;31.000;76.76;0.05;20.55;470.06;34.000;83.33;0.05;20.39;654.03;47.000;118.88;0.07;20.90;651.93;47.000;117.05;0.07;20.65;557.50;40.000;101.93;0.06;21.03;653.42;48.000;110.18;0.07;19.39;698.10;50.000;128.48;0.09;21.17;864.58;62.000;158.39;0.10;21.07
24307;B/R SQUARE WW;1;19648.58;1 419.000;3889.36;0.06;22.76;270.84;21.000;62.94;0.08;26.73;389.70;30.000;92.34;0.08;27.25;402.69;31.000;82.94;0.08;23.69;402.69;31.000;80.54;0.08;23.00;288.59;21.000;61.58;0.05;24.54;264.41;19.000;58.28;0.05;25.35;251.12;18.000;55.76;0.05;25.54;208.45;15.000;45.76;0.04;25.24;293.79;21.000;65.76;0.06;25.74;293.79;21.000;65.76;0.05;25.74;335.76;24.000;75.16;0.07;25.74;405.01;29.000;90.21;0.09;25.61;472.86;34.000;86.84;0.08;21.12;377.73;27.000;70.04;0.06;21.32;391.02;28.000;72.02;0.07;21.18;237.83;17.000;44.10;0.04;21.32;234.33;17.000;41.05;0.04;20.15;321.77;23.000;59.66;0.06;21.32;307.78;22.000;57.07;0.05;21.32;460.97;33.000;84.99;0.07;21.20;446.28;32.000;81.79;0.07;21.08;445.58;32.000;81.18;0.06;20.95;349.75;25.000;64.85;0.06;21.32;474.06;33.000;96.38;0.09;23.38;376.02;26.000;78.12;0.06;23.89;490.48;34.000;101.08;0.09;23.70;302.12;21.000;61.72;0.05;23.49;290.05;20.000;60.79;0.05;24.10;235.73;17.000;42.27;0.03;20.62;237.83;17.000;44.10;0.03;21.32;265.11;19.000;48.68;0.03;21.12;265.81;19.000;49.29;0.03;21.32;432.29;31.000;87.32;0.05;23.23;348.35;25.000;86.19;0.05;28.45;572.19;41.000;142.14;0.09;28.57;480.95;35.000;114.81;0.06;27.45;529.99;41.000;105.44;0.05;22.88;387.75;30.000;77.11;0.05;22.87;413.30;30.000;76.77;0.04;21.36;335.76;24.000;62.26;0.04;21.32;251.12;18.000;46.08;0.03;21.10;475.66;34.000;88.20;0.05;21.32;414.80;30.000;73.56;0.05;20.39;624.65;45.000;112.47;0.07;20.71;668.72;48.000;122.08;0.08;20.99;612.76;44.000;111.70;0.07;20.96;568.59;41.000;102.01;0.07;20.63;723.98;52.000;131.85;0.09;20.94;1017.77;73.000;186.32;0.12;21.05
24308;B/R  DUO HIGH  FIBRE;1;30469.72;1 484.000;5314.52;0.08;20.06;644.94;36.000;111.54;0.15;19.89;305.83;17.000;53.78;0.05;20.22;473.80;25.000;78.88;0.08;19.15;265.86;14.000;44.64;0.04;19.31;317.84;16.000;52.82;0.05;19.11;439.78;22.000;74.07;0.07;19.37;397.80;20.000;65.59;0.06;18.96;599.70;30.000;101.00;0.08;19.37;377.81;19.000;62.23;0.05;18.94;379.81;19.000;63.97;0.05;19.37;696.65;35.000;115.22;0.10;19.02;517.74;26.000;85.79;0.09;19.06;150.43;7.000;26.92;0.02;20.58;256.81;12.000;45.21;0.04;20.25;364.26;17.000;70.82;0.07;22.36;236.39;11.000;52.33;0.05;25.46;150.43;7.000;33.30;0.03;25.46;193.41;9.000;42.82;0.04;25.46;169.78;8.000;36.20;0.03;24.52;214.90;10.000;47.57;0.04;25.46;257.88;12.000;51.62;0.04;23.02;193.41;9.000;34.61;0.03;20.58;408.31;19.000;73.06;0.07;20.58;342.77;16.000;60.60;0.06;20.33;665.12;31.000;118.28;0.09;20.45;450.22;21.000;79.82;0.07;20.39;429.80;20.000;76.91;0.06;20.58;411.81;19.000;73.48;0.06;20.52;461.79;21.000;82.02;0.06;20.43;504.67;23.000;88.88;0.06;20.25;768.55;35.000;135.74;0.09;20.31;633.31;29.000;109.44;0.07;19.87;856.51;39.000;151.37;0.09;20.32;920.28;42.000;161.17;0.09;20.14;1083.27;53.000;181.40;0.11;19.26;910.46;44.000;158.49;0.08;20.02;1516.23;77.000;212.15;0.11;16.09;943.37;43.000;166.03;0.10;20.24;989.55;45.000;175.76;0.10;20.43;990.24;46.000;174.87;0.11;20.31;1077.46;54.000;189.39;0.11;20.21;1154.42;58.000;200.94;0.12;20.02;1279.36;64.000;226.52;0.14;20.36;955.52;48.000;166.41;0.10;20.03;1418.29;71.000;250.43;0.16;20.31;1056.47;53.000;184.98;0.11;20.14;779.61;39.000;138.04;0.09;20.36;879.56;44.000;155.73;0.11;20.36;977.51;49.000;171.69;0.11;20.20
24619;ALB WHITE SUP;1;323732.16;15 454.000;58420.28;0.88;20.75;6067.53;325.000;1057.92;1.42;20.05;6634.15;350.000;1230.20;1.11;21.32;7663.34;406.000;1210.79;1.19;18.17;8365.29;426.000;1542.34;1.51;21.20;7684.15;385.000;1220.16;1.09;18.26;8350.81;419.000;1317.54;1.20;18.14;7080.45;355.000;1120.79;0.96;18.20;7765.11;389.000;1233.82;1.03;18.27;8258.99;396.000;1563.98;1.31;21.78;8319.38;397.000;1602.30;1.25;22.15;7732.71;369.000;1343.18;1.17;19.98;7287.72;348.000;1257.83;1.26;19.85;8366.61;399.000;1451.61;1.26;19.95;7148.14;341.000;1238.62;1.10;19.93;8295.24;397.000;1418.74;1.33;19.67;8443.22;403.000;1459.84;1.33;19.88;8673.06;414.000;1499.15;1.31;19.88;9236.64;441.000;1595.14;1.47;19.86;8918.64;426.000;1537.55;1.31;19.83;8743.73;417.000;1510.81;1.27;19.87;8352.96;399.000;1439.74;1.18;19.82;9078.17;433.000;1574.10;1.21;19.94;8279.89;401.000;1347.01;1.22;18.71;5934.02;294.000;868.87;0.80;16.84;7281.16;362.000;1047.78;0.79;16.55;7240.37;363.000;997.72;0.84;15.85;8557.67;414.000;1466.16;1.17;19.70;7649.80;365.000;1322.27;1.09;19.88;7718.96;364.000;1250.23;0.91;18.63;7507.97;328.000;1601.57;1.12;24.53;7401.62;323.000;1660.20;1.11;25.79;7051.03;307.000;1524.72;0.92;24.87;6217.64;271.000;1340.22;0.77;24.79;5127.55;225.000;1235.52;0.72;27.71;5779.68;252.000;1608.12;0.97;32.00;5245.26;234.000;1387.53;0.73;30.42;4965.38;247.000;967.85;0.50;22.42;5426.00;250.000;982.82;0.58;20.83;4650.88;212.000;863.13;0.49;21.34;4040.66;184.000;752.65;0.46;21.42;3596.46;164.000;666.50;0.39;21.31;3577.77;163.000;665.25;0.40;21.38;3069.80;140.000;568.66;0.36;21.30;3554.68;162.000;660.18;0.40;21.36;2723.46;124.000;507.58;0.32;21.43;4579.41;209.000;846.00;0.50;21.25;3509.60;160.000;650.99;0.42;21.33;3435.94;157.000;631.95;0.43;21.15;3143.46;144.000;572.69;0.37;20.95
24620;ALB BROWN SUP;1;276536.08;14 757.000;59094.51;0.89;21.37;6121.63;368.000;1277.83;1.71;20.87;6114.69;361.000;1363.03;1.23;22.29;6870.24;406.000;1334.68;1.31;19.43;6664.31;394.000;1286.21;1.26;19.30;7821.83;437.000;1473.31;1.31;18.84;7538.69;421.000;1422.61;1.30;18.87;7217.57;403.000;1362.99;1.17;18.88;7097.04;396.000;1344.15;1.13;18.94;8046.47;428.000;1828.70;1.53;22.73;6464.19;341.000;1510.31;1.18;23.36;7070.91;374.000;1463.59;1.27;20.70;7274.10;385.000;1493.33;1.50;20.53;7499.13;397.000;1538.18;1.34;20.51;7290.23;386.000;1494.44;1.33;20.50;7492.48;397.000;1531.53;1.44;20.44;6599.01;349.000;1358.78;1.24;20.59;6757.58;357.000;1397.23;1.22;20.68;7656.75;405.000;1575.68;1.45;20.58;6945.58;367.000;1435.08;1.22;20.66;7165.16;379.000;1468.63;1.23;20.50;6895.25;365.000;1414.78;1.16;20.52;6623.70;350.000;1368.45;1.05;20.66;7343.42;388.000;1517.60;1.37;20.67;6565.78;347.000;1355.58;1.24;20.65;5730.22;303.000;1180.68;0.89;20.60;5347.57;283.000;1098.33;0.93;20.54;5696.99;301.000;1303.84;1.04;22.89;5607.74;296.000;1182.80;0.97;21.09;5592.54;296.000;1061.52;0.77;18.98;5671.96;274.000;1359.83;0.95;23.97;5580.18;267.000;1493.08;1.00;26.76;4546.43;217.000;1224.70;0.74;26.94;2834.12;138.000;721.69;0.42;25.46;3968.01;199.000;1062.71;0.62;26.78;4582.70;230.000;1443.20;0.87;31.49;3914.31;199.000;1197.96;0.63;30.60;4043.91;214.000;1122.81;0.58;27.77;4362.94;231.000;1209.79;0.71;27.73;3709.69;196.000;871.86;0.49;23.50;3612.84;191.000;689.11;0.42;19.07;3448.58;182.000;662.62;0.39;19.21;3788.50;200.000;727.00;0.44;19.19;3352.68;177.000;643.25;0.40;19.19;3498.90;185.000;667.01;0.41;19.06;3162.78;167.000;606.43;0.38;19.17;3847.37;203.000;739.95;0.44;19.23;3946.12;208.000;762.16;0.49;19.31;3539.73;187.000;677.23;0.46;19.13;4013.53;212.000;768.34;0.50;19.14
24621;ALB LGI W/W BROWN;1;53905.16;2 509.000;11395.84;0.17;21.14;741.18;42.000;155.60;0.21;20.99;872.51;49.000;189.33;0.17;21.70;959.76;54.000;182.49;0.18;19.01;856.32;48.000;163.68;0.16;19.11;958.89;51.000;179.96;0.16;18.77;1127.05;60.000;208.60;0.19;18.51;959.94;51.000;179.26;0.15;18.67;1132.75;60.000;214.30;0.18;18.92;1047.47;53.000;236.17;0.20;22.55;1224.38;62.000;275.32;0.22;22.49;1352.32;68.000;283.62;0.25;20.97;1036.48;52.000;215.14;0.22;20.76;1133.43;57.000;233.12;0.20;20.57;1177.41;59.000;245.51;0.22;20.85;1570.21;79.000;322.41;0.30;20.53;796.60;40.000;164.80;0.15;20.69;956.52;48.000;198.36;0.17;20.74;1118.44;56.000;233.92;0.22;20.91;853.57;43.000;174.39;0.15;20.43;1157.42;58.000;234.49;0.20;20.26;916.54;46.000;189.97;0.16;20.73;859.57;43.000;180.39;0.14;20.99;855.57;43.000;176.39;0.16;20.62;956.52;48.000;198.36;0.18;20.74;1038.48;52.000;217.14;0.16;20.91;1173.41;59.000;241.51;0.20;20.58;1268.43;57.000;236.49;0.19;18.64;801.20;35.000;146.00;0.12;18.22;1074.78;47.000;194.94;0.14;18.14;870.17;38.000;158.81;0.11;18.25;830.30;35.000;175.10;0.12;21.09;975.19;41.000;207.67;0.13;21.30;1120.33;47.000;240.49;0.14;21.47;1054.36;44.000;230.68;0.13;21.88;1314.65;55.000;285.05;0.17;21.68;1175.51;49.000;258.23;0.14;21.97;1627.72;68.000;354.76;0.18;21.79;1241.48;52.000;268.04;0.16;21.59;1410.61;59.000;306.13;0.17;21.70;1432.20;60.000;309.00;0.19;21.58;1150.32;48.000;251.76;0.15;21.89;1175.51;49.000;258.23;0.16;21.97;1317.05;55.000;287.45;0.18;21.83;1266.67;53.000;274.51;0.17;21.67;1331.31;54.000;278.51;0.17;20.92;1147.04;46.000;244.97;0.14;21.36;1100.41;44.000;273.81;0.17;24.88;1169.55;45.000;323.25;0.22;27.64;1217.63;47.000;337.79;0.22;27.74
24626;ALB BOB;1;180341.09;7 960.000;35044.93;0.53;22.35;2047.45;109.000;357.37;0.48;20.07;2059.46;109.000;367.81;0.33;20.54;2159.16;114.000;336.09;0.33;17.90;1925.17;98.000;346.87;0.34;20.72;2163.31;99.000;468.01;0.42;24.88;2300.15;105.000;501.36;0.46;25.07;2321.04;106.000;505.25;0.43;25.03;2127.53;97.000;465.45;0.39;25.16;2589.32;118.000;567.25;0.48;25.19;3163.26;144.000;695.20;0.54;25.27;3228.13;147.000;650.23;0.57;23.16;3117.08;142.000;625.45;0.63;23.07;3115.98;142.000;624.49;0.54;23.05;4097.83;187.000;817.52;0.73;22.94;4078.04;186.000;814.99;0.76;22.98;2677.28;122.000;536.68;0.49;23.05;3487.61;159.000;698.03;0.61;23.02;3263.31;149.000;649.82;0.60;22.90;3394.15;155.000;675.49;0.58;22.89;3293.90;150.000;658.72;0.55;23.00;3611.85;165.000;717.96;0.59;22.86;3994.48;182.000;801.06;0.61;23.06;3338.46;154.000;641.75;0.58;22.11;3408.77;163.000;570.74;0.52;19.25;2930.20;140.000;492.31;0.37;19.32;3665.90;175.000;618.13;0.52;19.39;4234.90;195.000;614.23;0.49;16.68;3506.30;160.000;498.36;0.41;16.35;3451.29;156.000;514.29;0.37;17.14;3926.55;165.000;758.93;0.53;22.23;3494.14;146.000;710.96;0.48;23.40;3158.28;132.000;642.09;0.39;23.38;4043.51;169.000;822.02;0.47;23.38;4406.96;184.000;898.95;0.52;23.46;5240.61;219.000;1065.92;0.64;23.39;4916.31;209.000;943.33;0.50;22.07;5640.59;246.000;983.31;0.50;20.05;5248.61;229.000;913.46;0.54;20.01;5873.94;256.000;1026.81;0.58;20.10;4727.89;206.000;827.31;0.50;20.12;4419.82;193.000;766.66;0.45;19.95;3947.38;172.000;690.61;0.42;20.12;4540.52;198.000;791.91;0.50;20.06;4585.35;200.000;799.01;0.49;20.04;5219.84;206.000;1108.35;0.69;24.42;4822.44;186.000;1084.15;0.64;25.85;5391.62;208.000;1370.89;0.87;29.24;4045.34;156.000;1006.25;0.68;28.61;3940.08;152.000;1003.09;0.65;29.28
24631;ALB  SUP LGI BRN SEED;1;90510.24;4 142.000;18475.29;0.28;20.41;927.66;49.000;215.81;0.29;23.26;587.74;31.000;137.39;0.12;23.38;757.25;41.000;142.61;0.14;18.83;1025.26;55.000;199.44;0.20;19.45;1212.39;61.000;242.95;0.22;20.04;1591.20;80.000;319.80;0.29;20.10;1274.36;64.000;257.24;0.22;20.19;1771.11;89.000;356.68;0.30;20.14;2224.88;112.000;444.92;0.37;20.00;1996.00;100.000;406.75;0.32;20.38;1582.79;76.000;338.89;0.30;21.41;1338.11;64.000;289.79;0.29;21.66;1419.97;68.000;306.13;0.27;21.56;1488.19;71.000;325.21;0.29;21.85;1504.98;72.000;325.62;0.31;21.64;1384.29;66.000;303.21;0.28;21.90;1566.90;75.000;338.40;0.30;21.60;1816.68;87.000;391.62;0.36;21.56;1445.16;69.000;314.94;0.27;21.79;1382.19;66.000;300.33;0.25;21.73;1589.99;76.000;345.11;0.28;21.71;1592.09;76.000;347.21;0.27;21.81;1405.12;68.000;291.28;0.26;20.73;1226.33;61.000;227.15;0.21;18.52;1371.77;68.000;257.93;0.19;18.80;1576.21;79.000;282.19;0.24;17.90;1700.51;79.000;275.84;0.22;16.22;1164.37;53.000;192.88;0.16;16.57;1350.84;61.000;232.71;0.17;17.23;1538.70;70.000;255.60;0.18;16.61;1502.94;66.000;293.16;0.20;19.51;1697.81;74.000;341.39;0.21;20.11;1834.60;80.000;368.20;0.21;20.07;1880.58;82.000;377.52;0.22;20.07;2520.85;110.000;504.55;0.30;20.02;2290.95;100.000;457.95;0.24;19.99;2661.09;116.000;534.81;0.27;20.10;2293.25;100.000;460.25;0.27;20.07;2471.42;108.000;491.78;0.28;19.90;2451.88;107.000;490.57;0.30;20.01;2536.94;111.000;502.31;0.29;19.80;2476.02;108.000;496.38;0.30;20.05;2774.89;121.000;556.96;0.35;20.07;3068.01;134.000;611.79;0.37;19.94;3178.61;134.000;618.07;0.38;19.44;2600.51;109.000;509.92;0.30;19.61;2802.03;117.000;643.77;0.41;22.98;3544.52;148.000;822.91;0.56;23.22;3110.30;130.000;727.40;0.47;23.39
24633;ALB SUP SUST WHITE;1;54869.98;2 417.000;10063.64;0.15;21.09;1139.43;57.000;232.21;0.31;23.44;1258.37;63.000;255.78;0.23;23.38;1177.41;59.000;209.91;0.21;20.50;856.57;43.000;151.19;0.15;20.30;1042.40;50.000;179.91;0.16;19.85;1318.17;63.000;230.39;0.21;20.10;1361.20;65.000;238.73;0.21;20.17;1406.33;67.000;248.90;0.21;20.35;1541.71;74.000;264.86;0.22;19.76;1504.98;72.000;262.00;0.21;20.02;1383.27;63.000;261.81;0.23;21.77;1273.22;58.000;240.80;0.24;21.75;1639.35;75.000;305.25;0.27;21.41;1468.93;67.000;276.55;0.25;21.65;1885.64;86.000;355.10;0.33;21.66;1572.28;72.000;291.74;0.27;21.34;1245.73;57.000;231.83;0.20;21.40;959.86;44.000;177.43;0.16;21.26;898.29;41.000;168.70;0.14;21.60;1209.95;55.000;229.16;0.19;21.78;1269.92;58.000;237.93;0.20;21.55;1076.41;49.000;204.10;0.16;21.80;1249.03;57.000;234.70;0.21;21.61;967.56;44.000;184.13;0.17;21.88;965.36;44.000;182.22;0.14;21.71;966.46;44.000;183.17;0.15;21.80;1044.46;44.000;163.25;0.13;17.97;717.30;30.000;109.82;0.09;17.61;1054.36;44.000;163.08;0.12;17.79;1198.30;50.000;185.46;0.13;17.80;817.67;33.000;145.70;0.10;20.49;698.47;28.000;127.70;0.08;21.03;748.45;30.000;136.90;0.08;21.04;999.60;40.000;183.99;0.11;21.17;773.44;31.000;141.50;0.08;21.04;1024.59;41.000;188.59;0.10;21.17;723.46;29.000;132.30;0.07;21.03;596.01;24.000;107.13;0.06;20.67;622.25;25.000;112.82;0.06;20.85;824.67;33.000;151.79;0.09;21.17;1073.32;43.000;196.70;0.11;21.08;1199.52;48.000;220.78;0.13;21.17;1124.55;45.000;206.99;0.13;21.17;1143.29;46.000;206.15;0.13;20.74;1053.29;41.000;188.39;0.12;20.57;1216.33;47.000;217.32;0.13;20.55;1037.00;40.000;213.16;0.14;23.64;1295.60;50.000;264.20;0.18;23.45;1246.22;48.000;261.39;0.17;24.12
24636;ALB BUNS SUP WHITE;1;36709.49;1 541.000;7842.14;0.12;24.57;1019.49;51.000;225.17;0.30;25.40;1159.42;58.000;256.08;0.23;25.40;896.61;39.000;204.34;0.20;26.21;1055.24;46.000;239.02;0.23;26.05;1484.98;62.000;345.75;0.31;26.78;1005.18;42.000;229.52;0.21;26.26;814.46;34.000;186.45;0.16;26.33;1051.96;44.000;239.50;0.20;26.18;1343.44;56.000;308.80;0.26;26.43;1341.04;56.000;306.72;0.24;26.30;1030.37;43.000;212.88;0.19;23.76;1007.58;42.000;206.62;0.21;23.58;886.43;37.000;180.98;0.16;23.48;1126.33;47.000;230.18;0.20;23.50;575.76;24.000;118.07;0.11;23.58;646.53;27.000;131.79;0.12;23.44;694.51;29.000;141.63;0.12;23.45;503.79;21.000;103.31;0.10;23.58;670.52;28.000;136.71;0.12;23.45;623.74;26.000;127.91;0.11;23.58;575.76;24.000;118.07;0.10;23.58;838.45;35.000;171.14;0.13;23.47;671.72;28.000;137.75;0.12;23.58;814.46;34.000;166.22;0.15;23.47;599.75;25.000;122.99;0.09;23.58;479.80;20.000;98.39;0.08;23.58;287.88;12.000;59.04;0.05;23.58;239.90;10.000;49.20;0.04;23.58;335.86;14.000;68.87;0.05;23.58;383.84;16.000;78.71;0.05;23.58;383.84;16.000;78.71;0.05;23.58;599.75;25.000;122.99;0.07;23.58;357.45;15.000;71.71;0.04;23.07;431.82;18.000;88.55;0.05;23.58;695.71;29.000;142.67;0.09;23.58;311.87;13.000;63.96;0.03;23.58;479.80;20.000;98.39;0.05;23.58;598.55;25.000;121.95;0.07;23.43;670.52;28.000;136.71;0.08;23.45;599.75;25.000;122.99;0.08;23.58;575.76;24.000;118.07;0.07;23.58;1077.15;45.000;219.30;0.13;23.41;742.49;31.000;126.02;0.08;19.52;791.67;33.000;134.36;0.08;19.52;985.01;39.000;201.74;0.13;23.55;961.63;37.000;219.18;0.13;26.21;830.38;32.000;207.45;0.13;28.73;623.76;24.000;156.22;0.11;28.80;827.78;32.000;209.38;0.14;29.09
24639;ALB SUP WHITE ROLLS;1;37575.76;1 579.000;7996.62;0.12;24.47;1176.41;59.000;257.88;0.35;25.21;999.50;50.000;220.76;0.20;25.40;910.60;40.000;205.32;0.20;25.93;1240.31;54.000;281.94;0.28;26.14;1261.27;53.000;283.39;0.25;25.84;765.28;32.000;174.37;0.16;26.20;958.40;40.000;219.53;0.19;26.34;1151.52;48.000;264.69;0.22;26.43;1319.45;55.000;303.29;0.25;26.43;1606.13;67.000;368.42;0.29;26.38;1051.96;44.000;220.47;0.19;24.10;861.24;36.000;175.02;0.18;23.37;1054.36;44.000;215.42;0.19;23.50;695.71;29.000;142.67;0.13;23.58;574.56;24.000;117.03;0.11;23.42;431.82;18.000;88.55;0.08;23.58;647.73;27.000;132.83;0.12;23.58;671.72;28.000;137.75;0.13;23.58;550.57;23.000;112.11;0.10;23.42;838.45;35.000;171.14;0.14;23.47;719.70;30.000;147.59;0.12;23.58;1007.58;42.000;206.62;0.16;23.58;647.73;27.000;132.83;0.12;23.58;815.66;34.000;167.27;0.15;23.58;692.11;29.000;139.54;0.10;23.19;431.82;18.000;88.55;0.07;23.58;383.84;16.000;78.71;0.06;23.58;382.64;16.000;77.67;0.06;23.34;405.43;17.000;81.55;0.06;23.13;215.91;9.000;44.28;0.03;23.58;311.87;13.000;63.96;0.04;23.58;550.57;23.000;112.11;0.07;23.42;527.78;22.000;108.23;0.06;23.58;741.29;31.000;150.42;0.09;23.34;575.76;24.000;118.07;0.07;23.58;623.74;26.000;127.91;0.07;23.58;550.57;23.000;112.11;0.06;23.42;766.48;32.000;156.38;0.09;23.46;742.49;31.000;151.46;0.09;23.46;575.76;24.000;118.07;0.07;23.58;431.82;18.000;88.55;0.05;23.58;933.21;39.000;189.78;0.12;23.39;1029.17;43.000;174.68;0.11;19.52;790.47;33.000;133.31;0.08;19.39;970.42;38.000;205.84;0.13;24.39;1143.56;44.000;263.21;0.16;26.47;775.80;30.000;193.56;0.12;28.69;415.84;16.000;105.55;0.07;29.19;649.75;25.000;166.23;0.11;29.42
24652;ALB E/DAY WHITE THICK;1;309795.05;15 908.000;54073.64;0.81;20.07;3918.74;231.000;844.54;1.13;24.78;3460.01;204.000;745.22;0.67;24.77;4451.52;278.000;468.14;0.46;12.09;5554.12;338.000;1079.39;1.06;22.35;5470.15;305.000;1347.66;1.20;28.33;3744.64;201.000;800.88;0.73;24.60;3223.55;170.000;775.96;0.67;27.68;4194.89;221.000;1012.47;0.85;27.76;4374.34;231.000;1049.27;0.88;27.59;6046.77;353.000;1048.80;0.82;19.95;5485.12;303.000;971.94;0.85;20.38;4547.80;245.000;849.23;0.85;21.47;8442.83;427.000;1500.07;1.31;20.43;8051.87;413.000;1287.67;1.14;18.39;7799.01;399.000;1261.48;1.18;18.60;5367.31;269.000;945.54;0.86;20.26;4951.52;248.000;874.53;0.77;20.31;5467.26;274.000;963.28;0.89;20.26;4554.72;228.000;806.19;0.69;20.36;4649.68;232.000;818.31;0.69;20.24;4009.99;201.000;706.06;0.58;20.25;4709.64;236.000;830.22;0.64;20.27;5685.29;290.000;931.51;0.84;18.84;4744.82;247.000;708.62;0.65;17.17;5493.39;287.000;1041.67;0.78;21.81;11289.55;595.000;1630.28;1.37;16.61;7180.21;356.000;1108.96;0.88;17.76;5351.23;261.000;974.97;0.80;20.95;6095.30;290.000;1071.39;0.78;20.21;5190.70;240.000;1081.22;0.75;23.95;8154.23;422.000;1126.38;0.75;15.89;8842.88;452.000;1305.36;0.79;16.98;3846.05;175.000;825.25;0.48;24.68;5141.26;234.000;1063.33;0.62;23.78;13200.72;708.000;1876.81;1.13;16.35;5022.00;230.000;1101.90;0.58;25.23;15783.73;860.000;2012.39;1.03;14.66;4916.09;226.000;893.78;0.52;20.91;5796.56;264.000;1207.57;0.68;23.96;5947.19;271.000;1427.40;0.87;27.60;6637.15;315.000;1435.95;0.84;24.88;5446.74;261.000;1155.23;0.70;24.39;3834.73;167.000;1026.04;0.64;30.77;3621.35;185.000;592.79;0.36;18.82;4857.12;238.000;935.43;0.58;22.15;6220.56;299.000;1273.56;0.75;23.54;13923.05;745.000;1475.65;0.94;12.19;5993.49;261.000;1490.05;1.01;28.59;19104.18;1 022.000;2313.27;1.50;13.93
24653;ALB  E/DAY BRN THCK;1;125309.31;7 123.000;26950.98;0.41;21.51;2077.90;130.000;522.54;0.70;25.15;2108.28;132.000;538.14;0.49;25.53;2391.90;150.000;535.99;0.53;22.41;2154.65;135.000;483.01;0.47;22.42;2702.85;160.000;586.52;0.52;21.70;2324.23;137.000;507.61;0.46;21.84;2049.84;121.000;445.38;0.38;21.73;1967.44;116.000;429.28;0.36;21.82;2421.07;143.000;524.89;0.44;21.68;2646.19;156.000;577.63;0.45;21.83;2641.94;156.000;500.74;0.44;18.95;2459.30;145.000;465.91;0.47;18.94;2579.93;152.000;490.31;0.43;19.00;2373.50;140.000;448.85;0.40;18.91;2136.49;126.000;404.31;0.38;18.92;1969.99;116.000;375.28;0.34;19.05;1931.76;114.000;364.55;0.32;18.87;2269.01;134.000;426.85;0.39;18.81;2258.82;133.000;430.40;0.37;19.05;2527.19;141.000;578.26;0.48;22.88;2042.76;114.000;475.55;0.39;23.28;1797.20;100.000;422.45;0.32;23.51;2542.16;144.000;562.52;0.51;22.13;2223.99;131.000;423.07;0.39;19.02;2357.36;139.000;446.46;0.33;18.94;2867.06;169.000;543.73;0.46;18.96;2772.31;149.000;590.75;0.47;21.31;2333.87;123.000;482.54;0.40;20.68;2852.29;151.000;540.86;0.39;18.96;2139.87;103.000;507.43;0.35;23.71;3810.92;208.000;805.97;0.54;21.15;2082.98;107.000;488.17;0.30;23.44;4829.25;285.000;824.63;0.47;17.08;2539.91;134.000;556.66;0.32;21.92;3070.68;162.000;859.38;0.52;27.99;2828.36;147.000;634.51;0.33;22.43;2139.13;117.000;508.93;0.26;23.79;3443.04;195.000;781.29;0.46;22.69;3203.83;204.000;587.91;0.33;18.35;5035.63;322.000;757.43;0.46;15.04;2738.17;148.000;674.68;0.39;24.64;4134.92;243.000;462.58;0.28;11.19;2410.78;127.000;640.08;0.40;26.55;1840.13;97.000;487.71;0.30;26.50;1859.15;95.000;526.23;0.33;28.30;2436.78;122.000;732.29;0.43;30.05;2830.58;142.000;818.38;0.52;28.91;2334.83;117.000;639.79;0.43;27.40;1819.09;91.000;532.58;0.34;29.28
32066;ASSORTED LARGE CUPCAKE;1;63606.16;6 730.000;25024.70;0.38;45.24;2348.26;294.000;718.97;0.96;35.21;2180.87;273.000;667.91;0.60;35.22;2100.97;266.000;629.93;0.62;34.48;1741.42;218.000;533.28;0.52;35.22;1956.75;245.000;599.02;0.53;35.21;1190.11;149.000;364.38;0.33;35.21;2172.88;272.000;665.46;0.57;35.22;1389.86;174.000;425.57;0.36;35.21;862.12;108.000;263.67;0.22;35.17;1038.70;130.000;318.22;0.25;35.23;1733.43;217.000;530.83;0.46;35.22;966.79;121.000;296.19;0.30;35.23;2133.33;267.000;653.57;0.57;35.23;2051.03;257.000;627.00;0.56;35.16;2229.21;279.000;682.94;0.64;35.23;1957.55;245.000;599.72;0.55;35.23;1357.50;170.000;415.43;0.36;35.19;1124.59;141.000;343.40;0.32;35.12;1509.71;189.000;462.29;0.39;35.21;1629.96;204.000;499.36;0.42;35.23;1740.62;218.000;532.58;0.44;35.19;2219.62;278.000;679.10;0.52;35.18;1739.42;218.000;531.54;0.48;35.14;1982.32;168.000;967.76;0.89;56.14;1547.83;97.000;909.44;0.68;67.57;879.45;55.000;517.24;0.44;67.64;463.71;29.000;272.73;0.22;67.64;1295.19;81.000;761.75;0.63;67.64;1870.03;117.000;1099.61;0.80;67.62;799.50;50.000;470.22;0.33;67.64;766.72;48.000;450.71;0.30;67.60;558.05;35.000;327.76;0.20;67.54;47.97;3.000;28.21;0.02;67.64;0.00;0.000;0.00;0.00;0.00;207.87;13.000;122.26;0.07;67.64;2606.37;163.000;1532.91;0.81;67.64;1167.27;73.000;686.52;0.35;67.64;767.52;48.000;451.41;0.26;67.64;207.87;13.000;122.26;0.07;67.64;1215.24;76.000;714.73;0.44;67.64;127.92;8.000;75.23;0.04;67.64;287.82;18.000;169.28;0.10;67.64;415.74;26.000;244.51;0.15;67.64;335.79;21.000;197.49;0.12;67.64;223.86;14.000;131.66;0.08;67.64;5317.92;527.000;2252.78;1.33;48.72;410.00;41.000;172.02;0.11;48.25;639.50;64.000;268.09;0.18;48.21;90.00;9.000;37.76;0.02;48.25
32067;BANANA BREAD;1;124882.05;5 155.000;46543.42;0.70;42.86;777.61;39.000;345.07;0.46;51.03;479.76;24.000;213.42;0.19;51.16;3718.44;256.000;1605.77;1.58;49.66;4110.80;250.000;1844.61;1.80;51.60;4111.92;228.000;1291.90;1.15;36.13;4845.48;252.000;1383.50;1.26;32.84;5211.10;270.000;1499.29;1.29;33.09;2633.30;120.000;942.23;0.79;41.15;3098.39;141.000;1110.82;0.93;41.23;1539.30;70.000;552.42;0.43;41.27;2328.74;106.000;834.61;0.73;41.22;1825.17;83.000;655.01;0.66;41.27;1999.99;91.000;717.19;0.62;41.24;1538.20;70.000;551.47;0.49;41.23;1649.25;75.000;591.88;0.56;41.27;2572.83;117.000;923.33;0.84;41.27;1517.31;69.000;544.53;0.48;41.27;3296.30;150.000;1181.85;1.09;41.23;2308.95;105.000;828.63;0.71;41.27;1891.14;86.000;678.69;0.57;41.27;1868.05;85.000;669.84;0.55;41.24;2318.80;110.000;779.01;0.60;38.63;2644.56;124.000;907.10;0.82;39.45;2371.62;108.000;849.44;0.78;41.19;2020.88;92.000;724.13;0.54;41.21;5651.07;278.000;1792.03;1.51;36.47;3184.15;145.000;1140.48;0.91;41.19;3871.21;159.000;1444.98;1.19;42.93;3460.51;99.000;1434.05;1.04;47.66;2942.39;86.000;1190.34;0.83;46.52;2324.33;67.000;955.19;0.64;47.26;1519.80;45.000;605.62;0.37;45.83;2254.34;66.000;910.24;0.52;46.43;1644.53;47.000;682.26;0.40;47.71;1292.88;37.000;535.57;0.32;47.64;1607.79;46.000;666.22;0.35;47.65;3873.80;120.000;1459.32;0.75;43.32;2339.08;67.000;968.01;0.57;47.59;3778.92;108.000;1567.74;0.89;47.71;2482.54;71.000;1029.12;0.63;47.67;3269.28;97.000;1299.58;0.76;45.71;1674.27;48.000;692.21;0.42;47.55;1676.02;48.000;693.73;0.43;47.60;1676.02;48.000;693.73;0.42;47.60;2272.60;65.000;942.02;0.59;47.67;2779.16;84.000;1080.22;0.64;44.70;2169.38;62.000;900.00;0.57;47.71;1642.78;47.000;680.73;0.46;47.65;2817.31;94.000;954.29;0.62;38.95
32125;C/T AILRING DOUGHNUT;1;20735.26;11 932.000;9136.46;0.14;50.67;1199.55;800.000;555.09;0.74;53.22;700.50;467.000;324.26;0.29;53.23;706.50;471.000;327.04;0.32;53.23;120.00;80.000;55.55;0.05;53.23;503.70;336.000;233.04;0.21;53.21;156.00;104.000;72.21;0.07;53.23;547.50;365.000;253.44;0.22;53.23;945.67;631.000;437.41;0.37;53.19;716.62;478.000;331.57;0.28;53.21;915.00;610.000;423.55;0.33;53.23;309.00;206.000;143.04;0.12;53.23;517.50;345.000;239.55;0.24;53.23;300.00;200.000;138.87;0.12;53.23;172.50;115.000;79.85;0.07;53.23;937.50;625.000;433.97;0.41;53.23;638.10;426.000;295.01;0.27;53.17;799.50;533.000;370.09;0.32;53.23;1017.00;678.000;470.77;0.43;53.23;489.00;326.000;226.36;0.19;53.23;663.00;442.000;306.90;0.26;53.23;589.12;393.000;272.55;0.22;53.20;766.50;516.000;351.76;0.27;52.78;396.00;264.000;183.31;0.17;53.23;861.50;443.000;478.90;0.44;63.93;0.00;0.000;0.00;0.00;0.00;500.00;200.000;108.78;0.09;25.02;897.50;359.000;195.26;0.16;25.02;152.50;61.000;41.34;0.03;31.17;138.00;46.000;60.66;0.04;50.55;1431.00;477.000;629.02;0.44;50.55;336.00;112.000;147.69;0.10;50.55;108.00;36.000;47.47;0.03;50.55;546.00;182.000;240.00;0.14;50.55;1347.00;449.000;592.09;0.34;50.55;0.00;0.000;0.00;0.00;0.00;48.00;16.000;21.10;0.01;50.55;0.00;29.000;-37.41;-0.02;0.00;0.00;0.000;0.00;0.00;0.00;0.00;0.000;0.00;0.00;0.00;120.00;40.000;52.75;0.03;50.55;0.00;0.000;0.00;0.00;0.00;0.00;0.000;0.00;0.00;0.00;0.00;23.000;-29.67;-0.02;0.00;0.00;0.000;0.00;0.00;0.00;0.00;0.000;0.00;0.00;0.00;0.00;0.000;0.00;0.00;0.00;0.00;0.000;0.00;0.00;0.00;144.00;48.000;63.30;0.04;50.55;0.00;0.000;0.00;0.00;0.00
32127;SMALL MALVA PUDDING;1;246896.99;21 182.000;90476.05;1.36;42.14;0.00;0.000;0.00;0.00;0.00;0.00;0.000;0.00;0.00;0.00;0.00;0.000;0.00;0.00;0.00;0.00;0.000;0.00;0.00;0.00;0.00;0.000;0.00;0.00;0.00;376.00;47.000;150.71;0.14;46.09;2312.00;289.000;926.68;0.80;46.09;5068.41;614.000;1991.84;1.67;45.19;4383.61;439.000;1537.81;1.29;40.34;4994.50;500.000;1753.04;1.37;40.36;3175.32;318.000;1113.91;0.97;40.34;3254.87;313.000;1145.31;1.15;40.47;4616.15;385.000;1696.34;1.48;42.26;3930.32;328.000;1443.11;1.28;42.22;4433.90;370.000;1628.17;1.53;42.23;3560.43;297.000;1308.09;1.19;42.25;5823.34;486.000;2138.05;1.87;42.22;6195.83;517.000;2275.34;2.10;42.23;6476.59;541.000;2375.00;2.02;42.17;6098.71;509.000;2239.05;1.87;42.22;5401.69;451.000;1982.10;1.63;42.20;3931.99;341.000;1366.30;1.05;39.96;3486.09;291.000;1279.56;1.16;42.21;3558.64;306.000;1252.35;1.15;40.47;4327.19;361.000;1589.55;1.19;42.24;5257.61;439.000;1929.05;1.62;42.19;6530.95;545.000;2398.19;1.91;42.23;5078.36;424.000;1863.49;1.54;42.20;6805.52;568.000;2498.48;1.81;42.22;7235.36;604.000;2655.54;1.85;42.21;7056.11;589.000;2589.97;1.74;42.21;6862.47;573.000;2517.91;1.52;42.19;8326.45;695.000;3056.49;1.76;42.21;8258.11;689.000;3033.19;1.76;42.24;7222.77;603.000;2650.61;1.59;42.20;8530.88;712.000;3131.92;1.65;42.22;7644.22;638.000;2806.39;1.44;42.22;7535.11;629.000;2765.69;1.62;42.21;7319.29;611.000;2686.38;1.52;42.21;5692.25;475.000;2090.28;1.28;42.23;6935.61;579.000;2545.39;1.48;42.21;4959.66;414.000;1820.47;1.10;42.21;5247.42;438.000;1926.21;1.21;42.21;5559.16;464.000;2040.77;1.25;42.22;6744.97;563.000;2475.93;1.54;42.21;5750.40;480.000;2110.75;1.25;42.21;6125.69;511.000;2250.47;1.44;42.25;6843.29;571.000;2513.27;1.70;42.23;7969.75;665.000;2926.92;1.89;42.23
32128;CAKE SLICE ASSORTED;1;199366.47;11 073.000;73110.75;1.10;42.17;4312.50;270.000;2405.40;3.22;64.14;6006.64;376.000;3350.69;3.03;64.15;5483.77;343.000;3060.36;3.01;64.18;5861.13;367.000;3268.97;3.20;64.14;5447.79;341.000;3039.03;2.70;64.15;6473.55;405.000;3612.27;3.29;64.17;4362.07;273.000;2433.56;2.09;64.16;5543.73;347.000;3092.57;2.59;64.15;3562.57;223.000;1987.35;1.66;64.15;3709.68;232.000;2070.45;1.62;64.18;4027.88;252.000;2247.54;1.96;64.17;1901.21;119.000;1060.61;1.07;64.15;2509.77;138.000;857.05;0.75;39.27;4494.93;237.000;1301.63;1.16;33.30;4283.19;226.000;1238.51;1.16;33.25;3619.49;191.000;1046.38;0.95;33.25;4270.85;225.000;1238.78;1.08;33.36;5385.56;284.000;1559.10;1.44;33.29;7683.35;405.000;2226.17;1.90;33.32;5978.05;315.000;1733.30;1.45;33.34;6541.10;345.000;1892.91;1.56;33.28;4686.73;247.000;1358.42;1.04;33.33;5519.44;291.000;1598.51;1.44;33.31;4214.83;222.000;1223.07;1.12;33.37;1742.33;92.000;503.07;0.38;33.20;3321.35;175.000;963.13;0.81;33.35;2500.03;132.000;721.94;0.58;33.21;4308.83;227.000;1249.81;1.03;33.36;4192.99;221.000;1215.08;0.88;33.33;4612.67;243.000;1338.02;0.93;33.36;4687.68;247.000;1359.24;0.91;33.35;4195.84;221.000;1217.56;0.74;33.37;2463.00;130.000;711.74;0.41;33.23;1879.06;99.000;544.97;0.32;33.35;5201.36;274.000;1508.92;0.91;33.36;1459.38;77.000;422.03;0.22;33.26;1936.98;102.000;562.33;0.29;33.39;5713.14;301.000;1656.95;0.97;33.35;5258.33;277.000;1525.46;0.86;33.36;3549.23;187.000;1029.29;0.63;33.35;1594.21;84.000;462.27;0.27;33.35;2371.85;125.000;687.48;0.42;33.33;3626.14;191.000;1052.17;0.66;33.37;3113.41;164.000;903.31;0.55;33.37;3304.26;174.000;959.27;0.60;33.39;1916.09;101.000;555.17;0.33;33.32;6057.81;319.000;1758.66;1.12;33.39;3398.26;179.000;986.01;0.67;33.37;1082.43;57.000;314.24;0.20;33.39
32131;CARROT CAKE SLICE;1;174318.28;9 175.000;67626.24;1.02;44.61;544.88;27.000;146.98;0.20;31.02;550.57;23.000;186.89;0.17;39.04;167.93;7.000;57.20;0.06;39.17;322.83;17.000;125.51;0.12;44.71;284.85;15.000;110.75;0.10;44.71;721.62;38.000;280.56;0.26;44.71;759.60;40.000;295.32;0.25;44.71;1500.21;79.000;583.26;0.49;44.71;2183.85;115.000;849.05;0.71;44.71;2525.67;133.000;981.94;0.77;44.71;1899.00;100.000;738.30;0.64;44.71;2525.67;133.000;981.94;0.99;44.71;2049.02;108.000;795.72;0.69;44.66;3114.36;164.000;1210.82;1.07;44.71;3037.45;160.000;1180.46;1.11;44.69;3019.41;159.000;1173.90;1.07;44.71;3646.08;192.000;1417.54;1.24;44.71;3190.32;168.000;1240.35;1.15;44.71;2107.89;111.000;819.52;0.70;44.71;3929.03;207.000;1526.64;1.28;44.68;3758.12;198.000;1460.19;1.20;44.68;4082.85;215.000;1587.35;1.22;44.71;3283.37;173.000;1275.61;1.15;44.68;4765.54;251.000;1852.32;1.70;44.70;5334.29;281.000;2072.98;1.55;44.69;5070.33;267.000;1971.27;1.66;44.71;5013.36;264.000;1949.12;1.55;44.71;4063.86;214.000;1579.97;1.30;44.71;4709.52;248.000;1830.99;1.33;44.71;5296.31;279.000;2058.22;1.44;44.69;4252.81;224.000;1652.98;1.11;44.70;4329.72;228.000;1683.33;1.02;44.71;5146.29;271.000;2000.80;1.15;44.71;3759.07;198.000;1461.02;0.85;44.70;4196.79;221.000;1631.65;0.98;44.71;4535.76;239.000;1762.07;0.93;44.68;5525.14;291.000;2147.64;1.10;44.70;4500.63;238.000;1740.65;1.02;44.48;5089.32;268.000;1978.66;1.12;44.71;5221.30;275.000;2029.51;1.24;44.70;4516.77;239.000;1745.56;1.02;44.44;4917.46;259.000;1911.38;1.16;44.70;4576.59;241.000;1779.31;1.12;44.71;5465.32;288.000;2123.01;1.30;44.67;4386.69;231.000;1705.48;1.06;44.71;4327.82;229.000;1672.55;0.99;44.44;5655.22;298.000;2196.84;1.40;44.67;5314.35;280.000;2064.77;1.40;44.68;5143.44;271.000;1998.33;1.29;44.68
32149;DOUGHNUT CINNAMON & SUGAR 4S;1;16596.29;745.000;4746.56;0.07;32.89;0.00;0.000;0.00;0.00;0.00;0.00;0.000;0.00;0.00;0.00;0.00;0.000;0.00;0.00;0.00;0.00;0.000;0.00;0.00;0.00;0.00;0.000;0.00;0.00;0.00;0.00;0.000;0.00;0.00;0.00;0.00;0.000;0.00;0.00;0.00;0.00;0.000;0.00;0.00;0.00;848.33;37.000;256.68;0.22;34.80;206.91;9.000;62.92;0.05;34.97;549.46;24.000;165.79;0.14;34.70;526.47;23.000;158.80;0.16;34.69;477.04;21.000;141.82;0.12;34.19;295.42;13.000;87.89;0.08;34.21;0.00;0.000;0.00;0.00;0.00;0.00;0.000;0.00;0.00;0.00;0.00;0.000;0.00;0.00;0.00;91.96;4.000;27.97;0.03;34.97;712.69;31.000;216.73;0.18;34.97;273.58;12.000;81.90;0.07;34.43;45.98;2.000;13.98;0.01;34.97;68.97;3.000;20.97;0.02;34.97;707.94;25.000;290.60;0.26;47.21;0.00;0.000;0.00;0.00;0.00;298.87;13.000;90.89;0.07;34.97;113.80;5.000;33.96;0.03;34.31;599.99;30.000;131.73;0.11;25.25;621.62;30.000;150.54;0.12;27.85;647.54;31.000;160.08;0.12;28.43;1157.00;58.000;252.09;0.18;25.06;0.00;0.000;0.00;0.00;0.00;512.19;21.000;172.38;0.10;38.70;378.00;19.000;81.70;0.05;24.85;0.00;0.000;0.00;0.00;0.00;0.00;0.000;0.00;0.00;0.00;137.94;6.000;41.95;0.02;34.97;370.70;17.000;101.35;0.05;31.44;0.00;0.000;0.00;0.00;0.00;661.67;33.000;146.37;0.08;25.44;24.99;1.000;8.73;0.01;40.18;797.75;35.000;238.70;0.14;34.41;1523.75;61.000;532.00;0.32;40.15;1142.59;52.000;317.56;0.20;31.96;940.14;41.000;284.51;0.17;34.80;47.48;2.000;15.29;0.01;37.03;702.90;32.000;195.22;0.12;31.94;0.00;0.000;0.00;0.00;0.00;226.62;10.000;67.06;0.05;34.03;886.00;44.000;198.43;0.13;25.76
32150;DOUGHNUT C/TAIL IMMITATION CREAM;1;8264.92;1 018.000;3122.19;0.05;43.44;125.82;18.000;50.19;0.07;45.87;188.73;27.000;75.28;0.07;45.87;328.53;47.000;131.05;0.13;45.87;907.65;130.000;361.56;0.35;45.81;111.84;16.000;44.61;0.04;45.87;503.28;72.000;200.75;0.18;45.87;341.81;49.000;136.02;0.12;45.76;160.77;23.000;64.13;0.05;45.87;34.95;5.000;13.94;0.01;45.87;41.94;6.000;16.73;0.01;45.87;83.88;12.000;33.46;0.03;45.87;251.64;36.000;100.38;0.10;45.87;341.62;38.000;124.92;0.11;42.05;0.00;0.000;0.00;0.00;0.00;0.00;0.000;0.00;0.00;0.00;0.00;0.000;0.00;0.00;0.00;8.99;1.000;3.29;0.00;42.05;125.86;14.000;46.02;0.04;42.05;107.88;12.000;39.45;0.03;42.05;0.00;0.000;0.00;0.00;0.00;53.94;6.000;19.72;0.02;42.05;8.99;1.000;3.29;0.00;42.05;0.00;0.000;0.00;0.00;0.00;0.00;0.000;0.00;0.00;0.00;0.00;0.000;0.00;0.00;0.00;0.00;0.000;0.00;0.00;0.00;0.00;0.000;0.00;0.00;0.00;719.20;80.000;262.99;0.22;42.05;179.80;20.000;65.75;0.05;42.05;0.00;0.000;0.00;0.00;0.00;0.00;0.000;0.00;0.00;0.00;0.00;0.000;0.00;0.00;0.00;0.00;0.000;0.00;0.00;0.00;656.27;73.000;239.98;0.14;42.05;0.00;0.000;0.00;0.00;0.00;0.00;0.000;0.00;0.00;0.00;0.00;0.000;0.00;0.00;0.00;161.82;18.000;59.17;0.03;42.05;215.76;24.000;78.90;0.04;42.05;71.92;8.000;26.30;0.02;42.05;827.08;92.000;302.44;0.18;42.05;0.00;0.000;0.00;0.00;0.00;1237.47;138.000;450.92;0.28;41.90;0.00;0.000;0.00;0.00;0.00;0.00;0.000;0.00;0.00;0.00;0.00;0.000;0.00;0.00;0.00;0.00;0.000;0.00;0.00;0.00;359.60;40.000;131.50;0.09;42.05;107.88;12.000;39.45;0.03;42.05
32151;DOUGHNUT COCONUT;1;16250.79;2 050.000;4803.90;0.07;34.00;1383.09;231.000;361.85;0.48;30.09;1144.09;191.000;299.62;0.27;30.12;904.49;151.000;236.87;0.23;30.12;964.39;161.000;252.56;0.25;30.12;1371.71;230.000;355.59;0.32;29.81;772.11;129.000;201.84;0.18;30.06;748.75;125.000;196.09;0.17;30.12;335.44;56.000;87.85;0.07;30.12;795.77;133.000;207.85;0.17;30.04;1191.52;128.000;353.34;0.28;34.10;442.43;37.000;147.18;0.13;38.26;432.69;34.000;145.53;0.15;38.68;583.25;45.000;197.57;0.17;38.96;558.57;43.000;189.87;0.17;39.09;324.75;25.000;110.39;0.10;39.09;272.79;21.000;92.73;0.08;39.09;129.90;10.000;44.16;0.04;39.09;467.64;36.000;158.96;0.15;39.09;727.44;56.000;247.28;0.21;39.09;492.97;38.000;167.23;0.14;39.01;376.06;29.000;127.49;0.10;38.99;194.85;15.000;66.23;0.05;39.09;220.83;17.000;75.07;0.07;39.09;272.79;21.000;92.73;0.09;39.09;220.18;17.000;74.50;0.06;38.91;311.76;24.000;105.98;0.09;39.09;0.00;0.000;0.00;0.00;0.00;0.00;0.000;0.00;0.00;0.00;0.00;0.000;0.00;0.00;0.00;51.96;4.000;17.66;0.01;39.09;12.99;1.000;4.42;0.00;39.09;38.97;3.000;13.25;0.01;39.09;25.98;2.000;8.83;0.01;39.09;64.95;5.000;22.08;0.01;39.09;129.90;10.000;44.16;0.03;39.09;0.00;0.000;0.00;0.00;0.00;0.00;0.000;0.00;0.00;0.00;0.00;0.000;0.00;0.00;0.00;0.00;0.000;0.00;0.00;0.00;77.94;6.000;26.49;0.02;39.09;0.00;0.000;0.00;0.00;0.00;0.00;0.000;0.00;0.00;0.00;38.97;3.000;13.25;0.01;39.09;64.95;5.000;22.08;0.01;39.09;25.98;2.000;8.83;0.01;39.09;0.00;0.000;0.00;0.00;0.00;51.96;4.000;17.66;0.01;39.09;0.00;0.000;0.00;0.00;0.00;25.98;2.000;8.83;0.01;39.09
32152;DOUGHNUT CUSTARD;1;78024.58;5 697.000;27338.25;0.41;40.29;2159.68;188.000;751.86;1.01;40.04;1987.77;173.000;692.23;0.63;40.05;3355.69;292.000;1168.91;1.15;40.06;2869.90;219.000;1001.60;0.98;40.14;3678.16;184.000;1334.48;1.19;41.72;2138.93;107.000;776.03;0.71;41.72;2472.76;124.000;894.11;0.77;41.58;1838.08;92.000;666.37;0.56;41.69;756.62;38.000;272.99;0.23;41.49;1758.12;88.000;637.36;0.50;41.69;758.62;38.000;274.73;0.24;41.65;1527.11;91.000;527.89;0.53;39.75;1766.64;136.000;615.49;0.54;40.07;1646.48;127.000;571.93;0.51;39.95;1156.11;89.000;402.78;0.38;40.07;596.89;46.000;207.61;0.19;40.00;77.94;6.000;27.15;0.02;40.07;350.08;27.000;121.63;0.11;39.95;389.70;30.000;135.77;0.12;40.07;882.02;68.000;306.61;0.26;39.98;713.80;55.000;248.35;0.20;40.01;805.38;62.000;280.59;0.22;40.07;493.62;38.000;171.97;0.16;40.07;622.22;48.000;216.10;0.20;39.94;1259.38;97.000;438.42;0.33;40.03;597.54;46.000;208.18;0.18;40.07;350.73;27.000;122.19;0.10;40.07;168.87;13.000;58.83;0.05;40.07;259.80;20.000;90.51;0.07;40.07;402.69;31.000;140.30;0.10;40.07;882.67;68.000;307.18;0.21;40.02;727.44;56.000;253.44;0.15;40.07;974.25;75.000;339.42;0.20;40.07;1091.16;84.000;380.15;0.22;40.07;947.62;73.000;329.81;0.20;40.02;1935.51;149.000;674.32;0.36;40.07;1584.13;123.000;544.79;0.28;39.55;2207.00;170.000;768.23;0.45;40.03;2505.12;193.000;871.76;0.49;40.02;2648.66;204.000;922.10;0.56;40.04;3282.57;253.000;1141.60;0.67;39.99;3543.67;274.000;1226.47;0.74;39.80;1974.48;152.000;687.90;0.43;40.07;3311.15;255.000;1152.91;0.71;40.04;2334.95;180.000;811.79;0.50;39.98;2868.84;221.000;998.47;0.59;40.02;2272.60;175.000;791.42;0.51;40.05;2558.38;197.000;890.99;0.60;40.05;2533.05;195.000;882.50;0.57;40.07
32153;DOUGHNUT RING C/TAIL;1;86832.22;10 749.000;31616.43;0.48;41.87;1427.14;286.000;563.17;0.75;45.38;1356.78;272.000;535.17;0.48;45.36;1286.67;258.000;507.38;0.50;45.35;1120.50;225.000;441.10;0.43;45.27;1177.64;236.000;464.71;0.41;45.38;1271.95;255.000;501.69;0.46;45.36;1406.68;282.000;554.86;0.48;45.36;838.32;168.000;330.81;0.28;45.38;558.63;112.000;220.33;0.18;45.36;613.52;123.000;241.99;0.19;45.36;838.19;156.000;328.54;0.29;45.08;1960.95;204.000;734.25;0.74;43.06;1096.78;122.000;397.40;0.35;41.67;1238.82;138.000;447.95;0.40;41.58;1857.33;207.000;671.15;0.63;41.56;1743.61;194.000;631.54;0.57;41.65;1654.16;184.000;599.36;0.52;41.67;2076.69;231.000;752.46;0.69;41.67;1293.21;144.000;467.89;0.40;41.61;2112.65;235.000;765.49;0.64;41.67;1411.43;157.000;511.41;0.42;41.67;1748.06;194.000;635.41;0.49;41.80;2215.58;247.000;800.27;0.72;41.54;1495.03;167.000;538.51;0.49;41.42;2020.94;226.000;726.78;0.55;41.36;1553.47;173.000;561.96;0.47;41.60;1864.97;208.000;673.23;0.54;41.51;1660.00;185.000;599.88;0.49;41.56;2519.44;281.000;909.46;0.66;41.51;2886.23;322.000;1041.45;0.73;41.50;1775.52;198.000;641.05;0.43;41.52;2393.13;267.000;863.46;0.52;41.49;1928.80;215.000;696.82;0.40;41.55;1247.81;178.000;273.37;0.16;25.19;2139.62;238.000;775.26;0.47;41.67;1607.41;180.000;576.95;0.30;41.28;2701.04;301.000;976.17;0.50;41.56;1299.50;146.000;464.24;0.27;41.08;1579.09;176.000;570.56;0.32;41.55;1742.26;194.000;630.37;0.38;41.61;2367.06;264.000;854.47;0.50;41.51;2505.96;279.000;906.86;0.55;41.62;3220.21;359.000;1163.14;0.73;41.54;2695.65;301.000;971.48;0.59;41.44;2217.38;247.000;801.84;0.50;41.59;2588.22;288.000;937.35;0.55;41.65;1766.08;197.000;637.40;0.41;41.51;2031.74;226.000;736.17;0.50;41.67;2720.37;303.000;983.86;0.64;41.59
32855;ECLAIRS CARAMEL;1;53739.70;3 424.000;21057.44;0.32;45.06;1406.17;128.000;701.80;0.94;57.39;1395.73;127.000;696.79;0.63;57.41;1076.47;98.000;537.20;0.53;57.39;1151.75;105.000;574.17;0.56;57.33;1273.19;116.000;635.00;0.57;57.36;889.64;81.000;443.93;0.40;57.38;988.00;92.000;484.69;0.42;56.42;933.60;85.000;465.88;0.39;57.39;900.63;82.000;449.42;0.38;57.39;1424.85;130.000;709.90;0.56;57.30;1210.52;94.000;523.02;0.46;49.69;700.71;39.000;252.85;0.25;41.50;1169.35;65.000;422.73;0.37;41.57;917.49;51.000;331.68;0.29;41.57;988.55;55.000;356.91;0.34;41.52;1187.34;66.000;429.23;0.39;41.57;1079.40;60.000;390.21;0.34;41.57;1294.38;72.000;467.47;0.43;41.53;1097.39;61.000;396.71;0.34;41.57;377.79;21.000;136.57;0.11;41.57;502.82;28.000;181.31;0.15;41.47;1547.14;86.000;559.30;0.43;41.57;1115.38;62.000;403.22;0.36;41.57;1456.29;81.000;526.00;0.48;41.54;1133.37;63.000;409.72;0.31;41.57;431.76;24.000;156.08;0.13;41.57;1815.19;101.000;655.29;0.52;41.52;1601.11;89.000;578.81;0.48;41.57;1691.06;94.000;611.33;0.44;41.57;1564.23;87.000;565.02;0.39;41.54;1475.18;82.000;533.29;0.36;41.57;1294.38;72.000;467.47;0.28;41.53;1691.06;94.000;611.33;0.35;41.57;827.54;46.000;299.16;0.17;41.57;863.52;48.000;312.17;0.19;41.57;394.88;22.000;142.29;0.08;41.44;0.00;0.000;0.00;0.00;0.00;0.00;0.000;0.00;0.00;0.00;0.00;0.000;0.00;0.00;0.00;1150.46;64.000;415.44;0.25;41.53;1043.42;58.000;377.20;0.22;41.57;1473.38;82.000;531.72;0.32;41.50;1672.17;93.000;604.04;0.38;41.54;1565.13;87.000;565.80;0.35;41.57;1384.33;77.000;499.99;0.31;41.54;1259.30;70.000;455.24;0.27;41.57;682.72;38.000;246.35;0.16;41.50;989.45;55.000;357.69;0.24;41.57;1651.48;93.000;586.05;0.38;40.81
32858;HAMBURGER BUNS;1;81414.61;25 274.000;26661.78;0.40;37.66;1574.44;582.000;524.75;0.70;38.33;2004.08;771.000;505.40;0.46;29.00;2669.94;1 027.000;796.26;0.78;34.30;1419.08;565.000;351.67;0.34;28.50;2271.62;874.000;559.35;0.50;28.32;1959.88;738.000;508.61;0.46;29.84;2065.19;691.000;676.33;0.58;37.66;2468.69;826.000;808.48;0.68;37.66;2157.73;722.000;706.57;0.59;37.66;2005.92;672.000;655.57;0.51;37.58;1999.71;669.000;655.03;0.57;37.67;1993.39;629.000;682.20;0.69;39.36;1985.92;621.000;680.56;0.59;39.41;1474.72;461.000;505.63;0.45;39.43;2383.04;768.000;823.54;0.77;39.74;1446.40;452.000;472.04;0.43;37.53;1545.60;483.000;497.64;0.44;37.03;1574.24;492.000;506.77;0.47;37.02;1246.72;390.000;400.71;0.34;36.96;1368.64;428.000;440.14;0.37;36.98;1221.76;382.000;393.02;0.32;36.99;1398.40;437.000;450.24;0.35;37.03;1138.56;357.000;364.48;0.33;36.81;1407.36;440.000;452.78;0.42;37.00;1584.00;495.000;510.00;0.38;37.03;1375.36;430.000;442.48;0.37;37.00;1260.32;394.000;405.52;0.32;37.00;1338.88;419.000;430.03;0.35;36.94;1224.32;383.000;357.97;0.26;33.62;1691.06;478.000;582.65;0.41;39.62;2026.44;563.000;716.41;0.48;40.66;1452.96;404.000;513.05;0.31;40.61;1349.64;404.000;423.21;0.24;36.06;1237.86;344.000;437.45;0.25;40.64;1273.32;355.000;447.86;0.27;40.45;1554.66;432.000;549.48;0.29;40.65;2062.13;563.000;747.44;0.38;41.68;1434.67;388.000;526.87;0.31;42.23;1368.26;371.000;500.70;0.28;42.08;1483.70;401.000;504.47;0.31;39.10;1515.87;405.000;520.78;0.30;39.51;1757.31;501.000;541.73;0.33;35.45;1622.03;427.000;569.78;0.36;40.40;2255.68;596.000;788.06;0.48;40.18;1538.24;405.000;540.24;0.34;40.39;1112.64;293.000;390.65;0.23;40.38;1200.80;316.000;422.03;0.27;40.42;2074.80;546.000;729.21;0.49;40.42;1838.63;484.000;645.91;0.42;40.40
32859;HAMBURGER BUNS 6'S;1;441727.33;23 711.000;142930.16;2.15;37.21;10342.33;647.000;3907.91;5.24;43.45;11308.09;708.000;4268.24;3.86;43.41;9480.40;594.000;3574.99;3.52;43.37;10047.31;629.000;3792.85;3.71;43.41;8948.00;560.000;3379.27;3.01;43.43;9395.48;572.000;3388.62;3.09;41.48;9134.35;509.000;2807.10;2.42;35.34;9852.22;548.000;3037.83;2.54;35.46;11016.51;615.000;3374.22;2.83;35.22;11897.67;663.000;3656.13;2.86;35.34;10624.89;591.000;3275.84;2.85;35.46;9400.37;508.000;2567.77;2.58;31.41;12196.03;679.000;3625.12;3.15;34.18;10003.45;556.000;2982.97;2.65;34.29;9275.64;516.000;2761.29;2.59;34.23;8127.88;452.000;2421.16;2.20;34.26;9746.08;542.000;2903.09;2.54;34.26;7458.65;415.000;2219.58;2.05;34.22;8913.14;496.000;2651.68;2.26;34.21;9832.43;547.000;2926.78;2.45;34.23;9118.23;507.000;2716.94;2.24;34.27;11468.62;638.000;3414.07;2.62;34.23;9078.65;505.000;2703.08;2.44;34.24;9522.56;530.000;2832.09;2.60;34.20;9439.35;525.000;2811.13;2.11;34.25;9006.69;501.000;2681.62;2.26;34.24;8838.48;492.000;2627.87;2.10;34.19;7652.12;433.000;2202.78;1.81;33.10;8185.54;461.000;2378.78;1.72;33.42;8740.70;430.000;2904.69;2.03;38.22;7928.97;378.000;2698.96;1.81;39.15;8453.72;403.000;2877.76;1.74;39.15;8222.83;392.000;2799.09;1.61;39.15;9315.36;444.000;3171.91;1.84;39.16;7925.82;378.000;2696.22;1.62;39.12;8135.72;388.000;2767.74;1.46;39.12;9846.41;470.000;3345.10;1.71;39.07;7616.22;363.000;2593.50;1.52;39.16;6837.49;326.000;2327.04;1.32;39.14;7532.26;359.000;2564.89;1.57;39.16;7300.32;348.000;2485.30;1.45;39.15;7079.93;338.000;2404.66;1.46;39.06;7071.37;343.000;2341.72;1.47;38.08;8557.73;412.000;2868.30;1.76;38.54;6488.58;312.000;2179.04;1.35;38.62;10616.74;506.000;3615.35;2.14;39.16;9373.08;447.000;3188.80;2.03;39.12;7338.10;350.000;2495.96;1.69;39.12;8034.82;385.000;2713.30;1.75;38.83
32860;HOTDOG ROLLS 6'S;1;537762.09;28 624.000;176287.49;2.66;37.70;13232.52;828.000;5329.66;7.14;46.32;12269.11;768.000;4939.51;4.46;46.30;10834.02;678.000;4363.01;4.30;46.31;7781.53;487.000;3133.53;3.06;46.31;9316.57;592.000;3685.05;3.28;45.49;9751.26;594.000;3708.85;3.38;43.74;10955.01;609.000;3381.29;2.91;35.49;11761.86;654.000;3628.84;3.04;35.48;11037.76;614.000;3402.79;2.85;35.45;13620.58;758.000;4195.76;3.28;35.43;13683.19;761.000;4219.94;3.67;35.47;11236.80;610.000;3527.12;3.55;36.10;12351.03;687.000;3677.67;3.20;34.24;9868.41;549.000;2937.51;2.61;34.23;11221.26;624.000;3342.90;3.14;34.26;10534.04;586.000;3135.95;2.85;34.24;10390.12;578.000;3093.05;2.71;34.23;9259.45;515.000;2757.50;2.55;34.25;11597.25;645.000;3453.97;2.94;34.25;11757.36;654.000;3500.67;2.93;34.24;11627.83;647.000;3460.00;2.85;34.22;14345.54;798.000;4270.94;3.28;34.24;11433.54;636.000;3404.13;3.08;34.24;8849.28;492.000;2637.27;2.42;34.27;11378.94;646.000;3253.85;2.44;32.88;9046.27;504.000;2685.20;2.26;34.14;8826.79;491.000;2627.99;2.10;34.24;9156.59;511.000;2709.17;2.23;34.03;10034.21;559.000;2978.88;2.16;34.14;12857.83;632.000;4275.40;2.98;38.24;11746.00;560.000;3997.91;2.68;39.14;10467.71;499.000;3563.46;2.15;39.15;10765.77;513.000;3667.24;2.11;39.17;13134.49;626.000;4472.70;2.60;39.16;9817.02;468.000;3341.74;2.01;39.15;9229.30;440.000;3141.48;1.66;39.14;10504.45;501.000;3573.20;1.83;39.12;8976.37;428.000;3054.74;1.79;39.14;9712.07;463.000;3305.98;1.87;39.15;10492.90;500.000;3574.26;2.18;39.17;9839.06;469.000;3349.80;1.95;39.15;9508.46;454.000;3228.83;1.96;39.05;10320.78;492.000;3513.39;2.20;39.15;13216.35;630.000;4499.48;2.75;39.15;11798.00;575.000;3876.63;2.41;37.79;14474.94;691.000;4916.80;2.91;39.06;13010.65;620.000;4431.61;2.83;39.17;10368.01;494.000;3532.26;2.39;39.18;10363.81;494.000;3528.61;2.28;39.15
32863;KOEKSISTERS MEDIUM;1;88607.81;6 224.000;25468.97;0.38;33.06;1198.80;120.000;322.43;0.43;30.93;1948.05;195.000;523.96;0.47;30.93;1709.89;161.000;452.86;0.45;30.46;2299.23;177.000;583.33;0.57;29.18;2273.25;175.000;576.74;0.51;29.18;2000.46;154.000;507.53;0.46;29.18;2051.77;158.000;520.15;0.45;29.15;1779.63;137.000;451.50;0.38;29.18;1480.86;114.000;375.70;0.31;29.18;2117.37;163.000;537.19;0.42;29.18;1571.79;121.000;398.77;0.35;29.18;1623.75;125.000;411.96;0.41;29.18;1766.64;136.000;448.21;0.39;29.18;2026.44;156.000;514.12;0.46;29.18;2064.11;159.000;522.88;0.49;29.13;2103.73;162.000;533.33;0.49;29.15;2272.60;175.000;576.17;0.50;29.16;1790.67;138.000;453.10;0.42;29.10;1751.05;135.000;442.65;0.38;29.07;1714.68;132.000;435.03;0.36;29.18;1902.94;141.000;497.33;0.41;30.06;2743.17;183.000;793.27;0.61;33.26;2203.53;147.000;637.21;0.58;33.26;1903.73;127.000;550.52;0.51;33.26;2157.81;144.000;623.56;0.47;33.23;2323.45;155.000;671.89;0.57;33.26;2098.60;140.000;606.87;0.48;33.26;2008.66;134.000;580.86;0.48;33.26;1752.33;117.000;505.87;0.37;33.20;2038.64;136.000;589.53;0.41;33.26;1993.67;133.000;576.53;0.39;33.26;1301.88;87.000;375.17;0.23;33.14;1644.40;110.000;472.91;0.27;33.07;1273.20;80.000;388.93;0.23;35.13;1247.22;78.000;382.54;0.23;35.27;1487.07;93.000;456.10;0.24;35.27;2510.43;157.000;769.98;0.39;35.27;1884.42;118.000;576.63;0.34;35.19;2046.72;128.000;627.76;0.36;35.27;2111.88;132.000;648.42;0.40;35.31;2032.87;113.000;750.71;0.44;42.47;1403.22;78.000;518.19;0.31;42.47;0.00;0.000;0.00;0.00;0.00;1277.29;71.000;471.69;0.29;42.47;2031.97;113.000;749.93;0.47;42.44;1510.26;84.000;557.27;0.33;42.43;1439.20;80.000;531.48;0.34;42.47;1079.40;60.000;395.81;0.27;42.17;1655.08;92.000;574.40;0.37;39.91
32864;KOEKSISTERS SMALL;1;94909.58;12 346.000;37876.24;0.57;45.89;1286.16;184.000;597.07;0.80;53.39;1767.77;253.000;820.37;0.74;53.37;1579.74;226.000;715.36;0.70;52.08;1821.94;261.000;779.55;0.76;49.21;1593.72;228.000;682.85;0.61;49.27;1718.49;246.000;735.85;0.67;49.24;2004.03;287.000;857.73;0.74;49.22;1775.46;254.000;760.72;0.64;49.27;1696.82;243.000;726.25;0.61;49.22;1935.53;277.000;829.00;0.65;49.25;1830.68;262.000;784.07;0.68;49.25;1612.37;258.000;606.57;0.61;43.26;1856.30;310.000;658.35;0.57;40.79;2270.63;332.000;855.52;0.76;43.33;2120.41;304.000;804.78;0.76;43.65;2668.08;382.000;1014.93;0.92;43.75;2760.35;395.000;1050.75;0.92;43.78;2564.98;367.000;976.53;0.90;43.78;2385.33;342.000;905.72;0.77;43.67;1921.55;275.000;731.35;0.61;43.77;2381.02;328.000;908.97;0.75;43.90;2739.77;343.000;1067.59;0.82;44.81;2367.83;297.000;920.49;0.83;44.71;2035.85;255.000;792.81;0.73;44.78;2330.68;292.000;907.35;0.68;44.77;2660.67;333.000;1037.14;0.87;44.83;2794.90;350.000;1088.69;0.87;44.80;2259.17;283.000;879.67;0.72;44.78;2124.94;266.000;828.12;0.60;44.82;2092.98;262.000;815.66;0.57;44.82;3291.48;412.000;1282.84;0.86;44.82;2609.93;327.000;1016.02;0.61;44.77;2205.24;276.000;859.61;0.49;44.83;1983.75;225.000;801.74;0.47;46.48;1561.56;177.000;621.56;0.37;45.77;1609.21;179.000;654.67;0.35;46.79;1860.93;207.000;757.08;0.39;46.79;1499.53;167.000;609.22;0.36;46.72;1320.63;147.000;536.73;0.30;46.74;1365.13;153.000;549.58;0.34;46.30;2003.87;223.000;813.34;0.47;46.68;1850.59;206.000;750.89;0.46;46.66;0.00;0.000;0.00;0.00;0.00;1365.58;152.000;554.14;0.34;46.67;1609.21;179.000;653.49;0.41;46.70;1654.16;184.000;671.75;0.40;46.70;1258.60;140.000;511.11;0.33;46.70;1293.64;136.000;499.08;0.34;44.37;1608.39;161.000;593.60;0.38;42.44
32869;LEMINGTON C/TAIL IMMATATION CREAM;1;10605.00;3 083.000;2685.78;0.04;29.12;35.00;10.000;9.23;0.01;30.34;168.00;48.000;44.33;0.04;30.34;105.00;30.000;27.70;0.03;30.34;45.50;13.000;12.01;0.01;30.34;7.00;2.000;1.85;0.00;30.34;0.00;0.000;0.00;0.00;0.00;231.00;66.000;60.95;0.05;30.34;567.00;162.000;149.60;0.13;30.34;105.00;30.000;27.70;0.02;30.34;28.00;8.000;7.39;0.01;30.34;322.00;92.000;84.96;0.07;30.34;1137.50;325.000;300.13;0.30;30.34;35.00;10.000;9.23;0.01;30.34;0.00;0.000;0.00;0.00;0.00;70.00;20.000;18.47;0.02;30.34;1127.00;322.000;297.36;0.27;30.34;31.50;9.000;8.31;0.01;30.34;245.00;70.000;64.64;0.06;30.34;231.00;66.000;60.95;0.05;30.34;280.00;80.000;73.88;0.06;30.34;287.00;82.000;75.73;0.06;30.34;535.50;153.000;141.29;0.11;30.34;0.00;0.000;0.00;0.00;0.00;0.00;0.000;0.00;0.00;0.00;1505.00;450.000;354.70;0.27;27.10;38.50;11.000;10.16;0.01;30.34;0.00;0.000;0.00;0.00;0.00;105.00;30.000;27.70;0.02;30.34;140.00;40.000;36.94;0.03;30.34;210.00;60.000;55.41;0.04;30.34;476.00;136.000;125.59;0.08;30.34;42.00;12.000;11.08;0.01;30.34;140.00;40.000;36.94;0.02;30.34;52.50;15.000;13.85;0.01;30.34;0.00;0.000;0.00;0.00;0.00;87.50;25.000;23.09;0.01;30.34;157.50;45.000;41.56;0.02;30.34;287.00;82.000;75.73;0.04;30.34;196.00;56.000;51.71;0.03;30.34;147.00;42.000;38.79;0.02;30.34;213.50;75.000;26.65;0.02;14.36;105.00;30.000;27.70;0.02;30.34;259.00;74.000;68.34;0.04;30.34;91.00;26.000;24.01;0.01;30.34;175.00;50.000;46.17;0.03;30.34;210.00;79.000;15.13;0.01;8.28;140.00;40.000;36.94;0.02;30.34;140.00;40.000;36.94;0.02;30.34;94.50;27.000;24.93;0.02;30.34
32872;MEDIUM MILKTART;1;145392.89;4 379.000;61087.33;0.92;48.32;1374.63;37.000;546.72;0.73;45.74;639.84;16.000;275.90;0.25;49.59;1621.43;57.000;410.73;0.40;29.13;2419.03;97.000;403.09;0.39;19.16;2260.23;77.000;615.61;0.55;31.32;1164.76;40.000;311.63;0.28;30.77;6846.29;307.000;571.59;0.49;9.60;4586.11;185.000;744.87;0.62;18.68;4435.52;148.000;1262.53;1.06;32.73;2006.33;67.000;570.12;0.45;32.68;4314.50;150.000;1122.24;0.98;29.91;2519.16;84.000;718.05;0.72;32.78;3920.64;136.000;1025.17;0.89;30.07;1287.54;46.000;313.22;0.28;27.98;2369.21;79.000;675.31;0.63;32.78;898.20;30.000;255.14;0.23;32.67;1919.36;64.000;547.09;0.48;32.78;1829.39;61.000;521.44;0.48;32.78;2756.15;85.000;906.60;0.77;37.83;1865.38;62.000;535.21;0.45;33.00;2669.11;89.000;760.80;0.63;32.78;3922.69;131.000;1114.60;0.86;32.68;2393.20;80.000;678.64;0.61;32.61;1644.22;48.000;588.32;0.54;41.15;2311.40;60.000;958.11;0.72;47.67;4505.19;131.000;1621.13;1.37;41.38;2032.45;55.000;992.62;0.79;56.16;4296.31;119.000;2332.91;1.92;62.45;3227.86;84.000;1816.47;1.32;64.72;4115.18;107.000;2316.89;1.62;64.75;4407.11;114.000;2488.21;1.67;64.93;3389.15;85.000;1944.94;1.18;66.00;4223.40;110.000;2375.62;1.37;64.69;4478.88;112.000;2574.20;1.49;66.10;3719.07;93.000;2137.50;1.28;66.10;4630.84;116.000;2659.18;1.40;66.04;3078.94;81.000;1722.35;0.88;64.33;3460.10;90.000;1947.68;1.14;64.73;3548.08;92.000;2000.61;1.13;64.84;3475.13;87.000;1996.12;1.22;66.06;3056.24;81.000;1702.61;0.99;64.07;839.79;21.000;482.66;0.29;66.10;3071.17;83.000;1692.01;1.06;63.36;2457.82;68.000;1335.51;0.82;62.49;3213.02;98.000;1638.51;1.02;58.65;3097.22;78.000;1773.61;1.05;65.85;2715.32;68.000;1559.43;1.00;66.05;3547.01;99.000;1917.15;1.30;62.16;2833.29;71.000;1626.64;1.05;66.02
33011;MINI CUPCAKES;1;9296.66;2 114.000;2113.80;0.03;26.15;323.62;13.000;201.71;0.27;71.68;274.89;11.000;171.60;0.16;71.79;0.00;0.000;0.00;0.00;0.00;49.98;2.000;31.20;0.03;71.79;0.00;0.000;0.00;0.00;0.00;0.00;0.000;0.00;0.00;0.00;273.64;11.000;170.51;0.15;71.66;179.64;36.000;57.39;0.05;36.74;54.89;11.000;17.53;0.01;36.74;399.20;80.000;127.52;0.10;36.74;0.00;0.000;0.00;0.00;0.00;323.22;78.000;66.94;0.07;23.82;117.31;30.000;19.66;0.02;19.27;271.35;68.000;49.29;0.04;20.89;151.62;38.000;27.53;0.03;20.88;299.25;75.000;54.33;0.05;20.88;0.00;0.000;0.00;0.00;0.00;197.52;50.000;34.50;0.03;20.09;267.36;68.000;45.82;0.04;19.71;247.38;62.000;44.92;0.04;20.88;199.50;50.000;34.86;0.03;20.10;478.90;130.000;55.89;0.04;13.42;311.22;78.000;54.30;0.05;20.06;79.80;20.000;13.92;0.01;20.06;87.78;22.000;15.32;0.01;20.06;23.94;6.000;4.18;0.00;20.06;0.00;0.000;0.00;0.00;0.00;99.75;25.000;17.40;0.01;20.06;0.00;0.000;0.00;0.00;0.00;0.00;0.000;0.00;0.00;0.00;135.66;34.000;23.67;0.02;20.06;239.40;60.000;41.77;0.03;20.06;119.70;30.000;20.88;0.01;20.06;159.60;40.000;27.85;0.02;20.06;534.66;134.000;93.29;0.06;20.06;15.96;4.000;2.78;0.00;20.06;170.37;43.000;28.89;0.01;19.50;290.07;73.000;49.78;0.03;19.73;175.56;44.000;30.63;0.02;20.06;307.23;77.000;53.60;0.03;20.06;351.12;88.000;61.26;0.04;20.06;222.24;56.000;37.94;0.02;19.63;0.00;0.000;0.00;0.00;0.00;219.45;55.000;38.29;0.02;20.06;263.34;66.000;45.95;0.03;20.06;518.70;130.000;90.50;0.05;20.06;287.28;72.000;50.12;0.03;20.06;311.22;78.000;54.30;0.04;20.06;263.34;66.000;45.95;0.03;20.06
33013;MINI MUFFIN CAPPUCINO;1;7240.53;1 312.000;2027.03;0.03;32.19;23.94;6.000;5.10;0.01;24.49;151.02;38.000;31.76;0.03;24.19;39.90;10.000;8.50;0.01;24.49;75.81;19.000;16.14;0.02;24.49;0.00;0.000;0.00;0.00;0.00;0.00;0.000;0.00;0.00;0.00;161.82;28.000;-5.45;-0.00;-3.87;35.96;4.000;10.39;0.01;33.23;440.51;49.000;127.27;0.11;33.23;287.68;32.000;83.12;0.07;33.23;224.75;25.000;64.93;0.06;33.23;0.00;0.000;0.00;0.00;0.00;0.00;0.000;0.00;0.00;0.00;0.00;0.000;0.00;0.00;0.00;191.72;28.000;53.85;0.05;32.30;334.33;67.000;89.72;0.08;30.86;219.56;44.000;58.92;0.05;30.86;323.85;65.000;86.61;0.08;30.75;613.77;123.000;164.71;0.14;30.86;732.53;147.000;195.98;0.16;30.77;464.07;93.000;124.54;0.10;30.86;134.73;27.000;36.16;0.03;30.86;0.00;0.000;0.00;0.00;0.00;44.91;9.000;12.05;0.01;30.86;174.65;35.000;46.87;0.04;30.86;129.74;26.000;34.82;0.03;30.86;199.60;40.000;53.57;0.04;30.86;468.56;94.000;125.44;0.10;30.79;104.79;21.000;28.12;0.02;30.86;129.49;26.000;34.60;0.02;30.73;65.89;11.000;23.20;0.02;40.48;41.93;7.000;14.76;0.01;40.48;65.89;11.000;23.20;0.01;40.48;29.95;5.000;10.54;0.01;40.48;47.92;8.000;16.87;0.01;40.48;35.94;6.000;12.65;0.01;40.48;41.93;7.000;14.76;0.01;40.48;239.60;40.000;84.35;0.05;40.48;0.00;0.000;0.00;0.00;0.00;53.91;9.000;18.98;0.01;40.48;17.67;3.000;6.07;0.00;39.47;119.80;20.000;42.17;0.03;40.48;59.90;10.000;21.09;0.01;40.48;149.75;25.000;52.72;0.03;40.48;35.64;6.000;12.39;0.01;39.98;47.92;8.000;16.87;0.01;40.48;59.90;10.000;21.09;0.01;40.48;257.57;43.000;90.67;0.06;40.48;161.73;27.000;56.93;0.04;40.48
33019;POEDING ASSORTED;1;61894.44;4 131.000;31100.75;0.47;57.79;2711.69;181.000;1362.49;1.83;57.78;1528.23;102.000;767.90;0.69;57.78;539.64;36.000;271.25;0.27;57.81;434.71;29.000;218.51;0.21;57.81;493.92;33.000;248.00;0.22;57.74;1648.90;110.000;828.83;0.75;57.81;899.40;60.000;452.09;0.39;57.81;674.55;45.000;339.07;0.28;57.81;2321.95;155.000;1166.59;0.98;57.78;299.80;20.000;150.70;0.12;57.81;2758.16;184.000;1386.40;1.21;57.81;1079.28;72.000;542.50;0.55;57.81;1034.31;69.000;519.90;0.45;57.81;389.74;26.000;195.90;0.17;57.81;1797.30;120.000;902.87;0.85;57.77;1900.73;127.000;954.31;0.87;57.74;1573.95;105.000;791.15;0.69;57.81;734.51;49.000;369.20;0.34;57.81;1258.41;84.000;632.27;0.54;57.78;1873.75;125.000;941.85;0.79;57.81;1959.94;131.000;983.80;0.81;57.72;1226.93;82.000;615.90;0.47;57.73;957.11;64.000;480.27;0.43;57.71;2217.77;148.000;1114.50;1.02;57.79;1570.95;105.000;788.54;0.59;57.72;718.02;48.000;360.37;0.30;57.72;538.89;36.000;270.60;0.22;57.75;1349.10;90.000;678.13;0.56;57.81;1588.94;106.000;798.69;0.58;57.81;1063.54;71.000;534.32;0.37;57.78;1453.28;97.000;730.22;0.49;57.78;1603.93;107.000;806.22;0.49;57.81;869.42;58.000;437.02;0.25;57.81;1034.31;69.000;519.90;0.30;57.81;1768.82;118.000;889.10;0.53;57.81;374.75;25.000;188.37;0.10;57.81;269.82;18.000;135.63;0.07;57.81;1244.17;83.000;625.39;0.37;57.81;2668.22;178.000;1341.19;0.76;57.81;2232.76;149.000;1122.03;0.68;57.79;599.60;40.000;301.39;0.18;57.81;809.46;54.000;406.88;0.25;57.81;344.77;23.000;173.30;0.11;57.81;449.70;30.000;226.04;0.14;57.81;734.51;49.000;369.20;0.23;57.81;2860.84;191.000;1437.19;0.85;57.77;1199.20;80.000;602.78;0.38;57.81;1678.88;112.000;843.90;0.57;57.81;553.88;37.000;278.13;0.18;57.75
33023;SCONES 6'S;1;53357.27;3 133.000;20387.93;0.31;43.94;717.27;48.000;312.67;0.42;50.13;703.03;47.000;306.77;0.28;50.18;867.17;58.000;378.22;0.37;50.16;1348.35;90.000;589.28;0.58;50.26;1777.06;119.000;774.15;0.69;50.10;1300.38;87.000;567.01;0.52;50.14;1916.47;128.000;837.06;0.72;50.23;1238.92;83.000;539.48;0.45;50.08;1657.89;111.000;722.36;0.61;50.11;1782.31;119.000;778.71;0.61;50.25;1253.16;84.000;545.38;0.47;50.05;534.66;34.000;216.88;0.22;46.65;1120.49;66.000;415.98;0.36;42.69;883.48;52.000;328.32;0.29;42.74;1118.79;66.000;414.50;0.39;42.61;1253.86;74.000;464.27;0.42;42.58;1136.63;67.000;421.55;0.37;42.65;1661.62;98.000;615.81;0.57;42.62;948.89;56.000;351.36;0.30;42.58;1186.75;70.000;439.76;0.37;42.61;1337.11;79.000;494.36;0.41;42.52;1035.54;61.000;384.41;0.29;42.69;1191.28;72.000;426.78;0.39;41.20;1117.94;66.000;413.76;0.38;42.56;1034.69;61.000;383.67;0.29;42.64;1950.45;115.000;723.14;0.61;42.64;1088.12;68.000;370.91;0.30;39.20;2168.77;128.000;803.01;0.66;42.58;1444.15;85.000;536.68;0.39;42.74;709.63;37.000;254.49;0.18;41.24;1672.16;84.000;594.73;0.40;40.90;958.52;48.000;342.46;0.21;41.09;437.78;22.000;155.62;0.09;40.88;1123.43;57.000;393.79;0.23;40.31;479.76;24.000;171.66;0.10;41.15;579.71;29.000;207.43;0.11;41.15;579.71;29.000;207.43;0.11;41.15;596.70;30.000;211.97;0.12;40.85;699.65;35.000;250.34;0.14;41.15;1108.41;59.000;360.26;0.22;37.38;1195.40;60.000;425.68;0.25;40.95;915.54;46.000;325.54;0.20;40.89;518.74;26.000;185.10;0.12;41.03;875.56;44.000;311.24;0.19;40.88;579.71;29.000;207.43;0.13;41.15;679.66;34.000;243.19;0.14;41.15;938.94;51.000;294.74;0.19;36.10;635.68;32.000;225.41;0.15;40.78;1297.35;65.000;463.18;0.30;41.06
33025;SCONES GEVUL;1;30664.11;5 530.000;13774.57;0.21;51.66;209.58;42.000;120.08;0.16;65.89;528.94;106.000;303.07;0.27;65.89;1022.95;205.000;586.12;0.58;65.89;763.47;153.000;437.45;0.43;65.89;1611.77;323.000;923.50;0.82;65.89;1511.97;303.000;866.32;0.79;65.89;1462.07;293.000;837.73;0.72;65.89;1407.18;282.000;806.27;0.68;65.89;853.29;171.000;488.91;0.41;65.89;857.78;172.000;491.34;0.38;65.87;1062.87;213.000;608.99;0.53;65.89;413.20;80.000;220.32;0.22;61.32;598.40;100.000;225.35;0.20;43.31;850.58;142.000;320.73;0.28;43.36;520.23;87.000;195.72;0.18;43.27;1239.93;207.000;467.55;0.43;43.36;892.51;149.000;336.55;0.29;43.36;1012.01;169.000;381.46;0.35;43.35;275.54;46.000;103.90;0.09;43.36;413.31;69.000;155.85;0.13;43.36;377.37;63.000;142.30;0.12;43.36;311.48;52.000;117.45;0.09;43.36;149.75;25.000;56.47;0.05;43.36;59.90;10.000;22.59;0.02;43.36;2777.36;484.000;987.30;0.74;40.88;251.58;42.000;94.87;0.08;43.36;185.69;31.000;70.02;0.06;43.36;77.87;13.000;29.36;0.02;43.36;461.23;77.000;173.92;0.13;43.36;251.58;42.000;94.87;0.07;43.36;239.60;40.000;90.35;0.06;43.36;124.89;21.000;46.65;0.03;42.96;329.45;56.000;121.28;0.07;42.33;970.38;162.000;365.91;0.21;43.36;317.47;53.000;119.71;0.07;43.36;233.31;39.000;87.83;0.05;43.29;395.34;66.000;149.07;0.08;43.36;215.34;36.000;81.05;0.05;43.29;83.86;14.000;31.62;0.02;43.36;425.29;71.000;160.37;0.10;43.36;904.49;151.000;341.06;0.20;43.36;113.81;19.000;42.92;0.03;43.36;107.82;18.000;40.66;0.03;43.36;1683.19;281.000;634.69;0.39;43.36;131.78;22.000;49.69;0.03;43.36;431.28;72.000;162.63;0.10;43.36;802.66;134.000;302.67;0.19;43.36;395.34;66.000;149.07;0.10;43.36;347.42;58.000;131.00;0.08;43.36
33031;SLICE MILK TART;1;130936.21;8 009.000;59232.00;0.89;52.02;2286.57;143.000;1344.82;1.80;67.64;3417.86;214.000;2009.05;1.82;67.60;3469.03;217.000;2040.05;2.01;67.63;2457.66;154.000;1444.10;1.41;67.57;1950.78;122.000;1147.33;1.02;67.64;2618.36;164.000;1538.83;1.40;67.59;2684.72;168.000;1578.54;1.36;67.62;3372.29;211.000;1982.93;1.66;67.62;3416.26;214.000;2007.66;1.68;67.58;2502.43;157.000;1469.53;1.15;67.53;2812.64;176.000;1653.77;1.44;67.62;1806.87;113.000;920.24;0.93;58.57;2141.86;134.000;912.43;0.79;48.99;3212.39;201.000;1368.29;1.21;48.98;2492.84;156.000;1061.65;1.00;48.98;2716.70;170.000;1157.05;1.05;48.98;2811.84;176.000;1197.24;1.05;48.97;1947.58;122.000;828.57;0.76;48.92;1820.46;114.000;774.75;0.66;48.94;1694.14;106.000;721.63;0.60;48.98;2125.07;133.000;904.92;0.74;48.97;2123.47;133.000;903.53;0.69;48.93;2301.76;144.000;980.57;0.89;48.99;2718.30;170.000;1158.44;1.06;49.01;1978.76;124.000;841.50;0.63;48.91;2622.36;164.000;1117.55;0.94;49.01;3483.42;218.000;1483.44;1.18;48.97;2939.76;184.000;1251.75;1.03;48.97;2683.12;168.000;1142.03;0.83;48.95;3276.35;205.000;1395.55;0.97;48.98;2219.41;139.000;944.41;0.63;48.94;2444.07;153.000;1040.51;0.63;48.96;2615.16;164.000;1111.29;0.64;48.87;2954.95;185.000;1257.87;0.73;48.95;2476.05;155.000;1054.14;0.63;48.96;2316.95;145.000;986.69;0.52;48.97;3996.70;250.000;1702.89;0.87;49.00;2526.42;158.000;1076.67;0.63;49.01;3228.38;202.000;1375.11;0.78;48.98;2828.32;168.000;1124.16;0.69;45.71;2914.38;162.000;1056.80;0.62;41.70;2734.48;152.000;991.57;0.60;41.70;2966.55;165.000;1074.81;0.67;41.67;2876.60;160.000;1042.19;0.64;41.66;2662.52;148.000;965.47;0.60;41.70;2750.67;153.000;996.53;0.59;41.66;2859.51;159.000;1036.45;0.66;41.68;2875.70;160.000;1041.41;0.70;41.65;2803.74;156.000;1015.31;0.66;41.64
33995;DOUGHNUT IMITATION CREAM;1;311825.70;20 369.000;110693.95;1.67;40.82;7707.78;772.000;2796.10;3.75;41.72;8105.88;812.000;2939.87;2.66;41.71;7050.44;706.000;2558.46;2.52;41.73;8081.45;690.000;2898.12;2.83;41.24;8144.15;480.000;2862.67;2.55;40.42;7266.62;428.000;2556.68;2.33;40.46;7674.38;452.000;2700.29;2.32;40.46;7303.15;430.000;2570.87;2.15;40.48;6778.16;399.000;2386.84;2.00;40.50;8150.10;480.000;2867.84;2.24;40.47;7422.93;437.000;2613.49;2.28;40.49;6653.04;416.000;2331.53;2.34;40.30;6107.38;382.000;2170.73;1.89;40.87;6006.64;376.000;2132.45;1.89;40.83;6535.91;409.000;2321.42;2.18;40.85;6170.54;386.000;2192.77;2.00;40.87;7241.87;453.000;2573.62;2.25;40.87;5496.76;348.000;1919.23;1.77;40.15;2826.23;177.000;1002.65;0.85;40.80;6009.84;376.000;2135.23;1.79;40.86;5819.56;364.000;2068.41;1.70;40.87;6638.25;415.000;2361.09;1.81;40.90;4841.77;303.000;1719.57;1.55;40.84;5895.51;369.000;2093.35;1.92;40.83;6668.23;417.000;2370.72;1.78;40.89;6057.01;379.000;2151.59;1.81;40.85;5817.96;364.000;2067.02;1.65;40.86;4988.88;312.000;1773.52;1.46;40.88;5464.58;342.000;1940.57;1.41;40.84;6299.26;394.000;2238.94;1.56;40.87;6283.27;393.000;2233.25;1.50;40.87;6367.21;399.000;2256.92;1.36;40.76;7178.71;449.000;2551.58;1.47;40.88;5916.30;371.000;2094.99;1.22;40.72;4810.59;301.000;1708.90;1.03;40.85;6265.68;392.000;2226.18;1.17;40.86;5349.45;335.000;1898.00;0.97;40.80;6550.30;412.000;2309.27;1.35;40.54;5511.75;345.000;1956.93;1.11;40.83;5462.98;343.000;1930.96;1.18;40.65;6725.39;421.000;2387.55;1.39;40.83;7496.11;469.000;2663.18;1.61;40.86;5786.78;362.000;2056.34;1.29;40.87;7289.84;456.000;2590.67;1.59;40.87;5211.94;326.000;1852.40;1.15;40.87;6185.73;387.000;2197.76;1.30;40.86;5707.63;357.000;2028.62;1.29;40.87;6026.63;378.000;2133.39;1.44;40.71;6475.15;405.000;2301.47;1.49;40.87
33997;FRENCH LOAF;1;121354.86;9 872.000;98561.66;1.49;93.40;2397.54;186.000;-2214.31;-2.97;-99.99;2920.80;225.000;1891.46;1.71;74.47;1947.20;150.000;1256.19;1.24;74.19;2077.10;160.000;1302.84;1.27;72.13;2234.28;172.000;1400.53;1.25;72.09;2166.08;167.000;1355.75;1.23;71.98;2244.67;173.000;1945.56;1.67;99.68;2571.37;198.000;2235.97;1.87;100.00;2555.13;197.000;2221.85;1.86;100.00;3369.98;282.000;2930.42;2.29;100.00;3532.63;272.000;3071.85;2.67;100.00;2570.93;212.000;2235.59;2.25;100.00;2876.74;262.000;2501.51;2.18;100.00;2207.34;201.000;1919.43;1.70;100.00;1780.38;162.000;1548.16;1.45;100.00;2184.26;199.000;1899.36;1.73;100.00;2240.86;204.000;1948.57;1.70;100.00;2250.75;205.000;1957.17;1.81;100.00;2547.48;232.000;2215.20;1.89;100.00;2349.66;214.000;2043.18;1.71;100.00;2867.29;261.000;2493.30;2.05;100.00;4023.65;380.000;3498.83;2.68;100.00;5370.85;450.000;4670.30;4.22;100.00;5005.20;435.000;4352.35;3.99;100.00;6248.91;569.000;5433.83;4.08;100.00;5005.06;484.000;4352.23;3.67;100.00;3063.30;290.000;2663.74;2.12;100.00;2394.17;218.000;2081.89;1.72;100.00;2549.99;236.000;2217.38;1.61;100.00;2895.11;214.000;2517.49;1.76;100.00;2202.94;156.000;1915.60;1.28;100.00;2186.29;146.000;1901.12;1.15;100.00;1462.55;116.000;1271.78;0.73;100.00;1269.21;93.000;1103.66;0.64;100.00;1382.31;94.000;1202.01;0.72;100.00;2729.67;183.000;2373.63;1.25;100.00;2288.97;153.000;1990.41;1.02;100.00;1515.62;110.000;1317.93;0.77;100.00;1527.48;102.000;1328.24;0.75;100.00;1404.08;97.000;1220.94;0.75;100.00;1524.45;105.000;1325.61;0.77;100.00;1843.77;123.000;1603.28;0.97;100.00;1936.61;134.000;1684.01;1.06;100.00;1872.25;125.000;1628.04;1.00;100.00;1646.65;110.000;1431.87;0.89;100.00;1823.45;125.000;1585.61;0.94;100.00;1521.20;105.000;1322.78;0.84;100.00;1449.53;97.000;1260.46;0.85;100.00;1319.12;88.000;1147.06;0.74;100.00
34003;BOX CAKE WITH ICING;1;73949.82;908.000;27115.13;0.41;42.17;849.83;17.000;409.86;0.55;55.46;2899.42;58.000;1398.35;1.26;55.46;1099.78;22.000;530.41;0.52;55.46;899.82;18.000;433.97;0.42;55.46;1039.79;21.000;497.61;0.44;55.03;729.86;14.000;297.08;0.27;46.81;2159.73;27.000;756.45;0.65;40.28;1119.86;14.000;392.23;0.33;40.28;3279.59;41.000;1148.68;0.96;40.28;1439.82;18.000;504.30;0.39;40.28;719.91;9.000;252.15;0.22;40.28;1094.91;14.000;389.89;0.39;40.95;1500.00;20.000;550.95;0.48;42.24;1987.50;28.000;673.50;0.60;38.97;1275.00;17.000;468.31;0.44;42.24;1125.00;15.000;413.21;0.38;42.24;900.00;12.000;330.57;0.29;42.24;1200.00;17.000;403.09;0.37;38.63;1575.00;21.000;578.50;0.49;42.24;750.00;10.000;275.47;0.23;42.24;1650.00;22.000;606.04;0.50;42.24;2550.00;34.000;936.61;0.72;42.24;675.00;9.000;247.93;0.22;42.24;900.00;12.000;330.57;0.30;42.24;2475.00;33.000;909.06;0.68;42.24;1125.00;15.000;413.21;0.35;42.24;975.00;13.000;358.12;0.29;42.24;375.00;5.000;137.74;0.11;42.24;1800.00;24.000;661.14;0.48;42.24;1425.00;19.000;523.40;0.36;42.24;1875.00;25.000;688.68;0.46;42.24;1350.00;18.000;495.85;0.30;42.24;975.00;13.000;358.12;0.21;42.24;225.00;3.000;82.64;0.05;42.24;900.00;12.000;330.57;0.20;42.24;1350.00;20.000;420.51;0.22;35.82;1200.00;14.000;367.30;0.19;35.20;1920.00;16.000;670.05;0.39;40.13;4320.00;36.000;1507.60;0.85;40.13;2640.00;22.000;921.31;0.56;40.13;1080.00;9.000;376.90;0.22;40.13;2400.00;20.000;837.56;0.51;40.13;1800.00;15.000;628.17;0.39;40.13;1560.00;13.000;544.41;0.33;40.13;1800.00;15.000;628.17;0.39;40.13;2040.00;17.000;711.92;0.42;40.13;1200.00;10.000;418.78;0.27;40.13;2640.00;22.000;921.31;0.62;40.13;1080.00;9.000;376.90;0.24;40.13
34004;BREAD SLICES;1;19976.00;19 993.000;4694.23;0.07;27.02;59.00;64.000;25.70;0.03;50.10;98.00;98.000;46.02;0.04;54.00;101.00;101.000;47.43;0.05;54.00;71.00;71.000;33.34;0.03;54.00;94.00;94.000;44.14;0.04;54.00;36.00;36.000;16.90;0.02;54.00;133.00;133.000;62.45;0.05;54.00;98.00;98.000;46.02;0.04;54.00;141.00;141.000;66.21;0.06;54.00;214.00;214.000;100.49;0.08;54.00;279.00;279.000;118.01;0.10;48.64;245.00;245.000;53.79;0.05;25.25;399.00;399.000;87.61;0.08;25.25;365.00;367.000;78.84;0.07;24.84;533.00;533.000;117.03;0.11;25.25;518.00;518.000;113.73;0.10;25.25;581.00;581.000;127.57;0.11;25.25;578.00;578.000;126.91;0.12;25.25;458.00;458.000;100.56;0.09;25.25;444.00;445.000;96.84;0.08;25.08;340.00;341.000;74.00;0.06;25.03;368.00;368.000;80.80;0.06;25.25;298.00;298.000;65.43;0.06;25.25;404.00;404.000;88.70;0.08;25.25;425.00;425.000;93.32;0.07;25.25;503.00;503.000;110.44;0.09;25.25;494.00;494.000;108.47;0.09;25.25;477.00;477.000;104.73;0.09;25.25;494.00;494.000;108.47;0.08;25.25;550.00;550.000;120.76;0.08;25.25;551.00;551.000;120.98;0.08;25.25;484.00;487.000;104.32;0.06;24.79;529.00;529.000;116.15;0.07;25.25;491.00;492.000;107.16;0.06;25.10;467.00;467.000;102.54;0.06;25.25;576.00;576.000;126.47;0.07;25.25;591.00;591.000;129.76;0.07;25.25;379.00;379.000;83.22;0.05;25.25;582.00;582.000;127.79;0.07;25.25;577.00;577.000;126.69;0.08;25.25;576.00;576.000;126.47;0.07;25.25;606.00;606.000;133.06;0.08;25.25;487.00;487.000;106.93;0.07;25.25;636.00;639.000;137.69;0.08;24.90;507.00;507.000;111.32;0.07;25.25;536.00;536.000;117.69;0.07;25.25;449.00;449.000;98.58;0.06;25.25;554.00;554.000;121.64;0.08;25.25;600.00;601.000;131.09;0.08;25.13
34006;BRUINBROODDEEG;1;6734.31;689.000;2345.36;0.04;39.22;95.88;12.000;26.37;0.04;31.63;119.85;15.000;32.97;0.03;31.63;287.64;36.000;79.12;0.08;31.63;207.74;26.000;57.14;0.06;31.63;211.75;25.000;62.62;0.06;34.01;59.94;6.000;20.86;0.02;40.03;119.88;12.000;41.72;0.04;40.03;189.81;19.000;66.06;0.06;40.03;168.33;17.000;57.80;0.05;39.49;49.95;5.000;17.38;0.01;40.03;79.92;8.000;27.82;0.02;40.03;69.93;7.000;24.34;0.02;40.03;109.89;11.000;38.25;0.03;40.03;49.45;5.000;16.95;0.02;39.42;179.82;18.000;62.59;0.06;40.03;229.27;23.000;79.54;0.07;39.89;119.88;12.000;41.72;0.04;40.03;129.87;13.000;45.20;0.04;40.03;129.87;13.000;45.20;0.04;40.03;218.28;22.000;75.19;0.06;39.61;39.96;4.000;13.91;0.01;40.03;139.36;14.000;48.24;0.04;39.81;59.94;6.000;20.86;0.02;40.03;69.93;7.000;24.34;0.02;40.03;59.94;6.000;20.86;0.02;40.03;99.90;10.000;34.77;0.03;40.03;219.28;22.000;76.06;0.06;39.89;279.22;28.000;96.92;0.08;39.92;294.70;30.000;99.96;0.07;39.01;179.82;18.000;62.59;0.04;40.03;149.85;15.000;52.15;0.03;40.03;188.81;19.000;65.19;0.04;39.71;299.20;30.000;103.87;0.06;39.92;189.81;19.000;66.06;0.04;40.03;129.37;13.000;44.77;0.03;39.79;119.38;12.000;41.29;0.02;39.77;157.84;16.000;53.89;0.03;39.27;169.33;17.000;58.67;0.03;39.85;79.92;8.000;27.82;0.02;40.03;72.93;7.000;28.32;0.02;40.96;141.77;13.000;59.87;0.03;42.23;76.93;7.000;32.83;0.02;42.68;230.24;21.000;97.94;0.06;42.54;186.83;17.000;79.73;0.05;42.68;98.36;9.000;41.66;0.03;42.35;87.37;8.000;36.97;0.02;42.31;43.96;4.000;18.76;0.01;42.68;43.41;4.000;18.21;0.01;41.95;0.00;0.000;0.00;0.00;0.00
34008;C/TAIL ECLAIR;1;63836.61;10 935.000;10002.18;0.15;18.02;111.72;28.000;51.23;0.07;52.73;263.34;66.000;120.75;0.11;52.73;39.90;10.000;18.30;0.02;52.73;134.46;34.000;61.16;0.06;52.31;650.37;163.000;298.22;0.27;52.73;307.23;77.000;140.88;0.13;52.73;1631.78;362.000;573.34;0.49;40.41;569.05;95.000;84.43;0.07;17.06;149.75;25.000;22.22;0.02;17.06;533.11;89.000;79.09;0.06;17.06;604.39;101.000;89.24;0.08;16.98;1024.29;171.000;151.97;0.15;17.06;479.20;80.000;71.10;0.06;17.06;1012.01;169.000;149.93;0.13;17.04;976.37;163.000;144.86;0.14;17.06;1411.84;236.000;208.17;0.19;16.96;1215.97;203.000;180.41;0.16;17.06;1503.49;251.000;223.06;0.21;17.06;1478.33;247.000;218.46;0.19;16.99;1367.81;229.000;200.12;0.17;16.83;1591.54;266.000;234.83;0.19;16.97;1502.89;251.000;222.54;0.17;17.03;963.49;161.000;142.30;0.13;16.98;1232.14;206.000;181.51;0.17;16.94;1521.46;254.000;225.73;0.17;17.06;1633.47;273.000;241.05;0.20;16.97;1203.69;201.000;178.37;0.14;17.04;1395.07;233.000;206.54;0.17;17.03;1820.96;304.000;270.16;0.20;17.06;1926.38;322.000;284.07;0.20;16.96;3968.97;663.000;587.12;0.39;17.01;1567.88;263.000;227.21;0.14;16.67;2473.27;416.000;353.55;0.20;16.44;2389.71;447.000;146.97;0.09;7.07;1713.14;286.000;254.17;0.15;17.06;23.96;4.000;3.55;0.00;17.06;71.88;12.000;10.66;0.01;17.06;23.96;4.000;3.55;0.00;17.06;0.00;0.000;0.00;0.00;0.00;1712.54;286.000;253.65;0.15;17.03;2315.43;388.000;337.26;0.20;16.75;2423.55;405.000;357.83;0.22;16.98;2496.33;417.000;369.28;0.23;17.01;3108.81;520.000;456.91;0.28;16.90;1465.75;245.000;216.17;0.13;16.96;2083.92;350.000;300.10;0.18;16.56;1867.08;312.000;275.71;0.18;16.98;1574.77;263.000;233.21;0.16;17.03;2300.16;384.000;341.26;0.22;17.06
34015;CHOCOLATE ECLAIRS WITH IMM CREAM;1;64968.75;3 639.000;44926.55;0.68;79.52;1627.37;163.000;896.94;1.20;63.38;1198.80;120.000;660.97;0.60;63.41;1476.52;148.000;813.45;0.80;63.36;1188.31;119.000;655.02;0.64;63.39;1517.98;152.000;836.79;0.74;63.39;909.09;91.000;501.23;0.46;63.41;809.19;81.000;446.15;0.38;63.41;889.11;89.000;490.22;0.41;63.41;928.57;93.000;511.81;0.43;63.39;1567.43;157.000;863.90;0.68;63.38;1219.10;90.000;773.99;0.67;73.01;1273.56;53.000;938.96;0.94;84.79;1136.43;57.000;807.00;0.70;81.66;1219.39;61.000;866.43;0.77;81.71;1439.28;72.000;1022.67;0.96;81.71;1399.30;70.000;994.26;0.91;81.71;1239.38;62.000;880.63;0.77;81.71;1517.24;76.000;1077.74;0.99;81.69;1199.40;60.000;852.22;0.73;81.71;1657.17;83.000;1177.17;0.99;81.69;1197.40;60.000;850.48;0.70;81.68;1599.20;80.000;1136.30;0.87;81.71;1255.37;63.000;891.36;0.81;81.65;1519.24;76.000;1079.48;0.99;81.71;1539.23;77.000;1093.69;0.82;81.71;2076.96;104.000;1475.45;1.24;81.69;1578.21;79.000;1121.22;0.89;81.70;2356.82;118.000;1674.30;1.38;81.70;1899.05;95.000;1349.35;0.98;81.71;2078.96;104.000;1477.19;1.03;81.71;1239.38;62.000;880.63;0.59;81.71;1518.24;76.000;1078.61;0.65;81.70;999.50;52.000;703.83;0.41;80.98;1279.36;67.000;899.50;0.52;80.85;839.58;42.000;596.56;0.36;81.71;839.58;42.000;596.56;0.31;81.71;0.00;0.000;0.00;0.00;0.00;0.00;0.000;0.00;0.00;0.00;0.00;0.000;0.00;0.00;0.00;1409.33;67.000;1012.52;0.62;82.62;1829.39;61.000;1396.86;0.81;87.81;1859.38;62.000;1419.76;0.86;87.81;1859.38;62.000;1419.76;0.89;87.81;1469.51;49.000;1122.07;0.69;87.81;1676.44;56.000;1279.76;0.80;87.79;1259.58;42.000;961.77;0.57;87.81;809.73;27.000;618.28;0.39;87.81;1379.54;46.000;1053.37;0.71;87.81;2187.77;73.000;1670.35;1.08;87.80
34022;DUMPIE BROWN BREAD;1;24552.28;4 167.000;10364.05;0.16;48.54;541.91;109.000;282.66;0.38;59.98;462.32;93.000;241.13;0.22;59.98;482.78;97.000;252.00;0.25;60.03;519.59;96.000;243.17;0.24;53.82;580.43;97.000;240.88;0.21;47.73;538.80;90.000;223.72;0.20;47.75;502.56;84.000;208.53;0.18;47.72;572.64;96.000;236.83;0.20;47.56;544.49;91.000;225.95;0.19;47.72;603.79;101.000;250.31;0.20;47.68;543.89;91.000;225.43;0.20;47.66;489.98;82.000;203.03;0.20;47.65;579.53;97.000;240.10;0.21;47.64;502.26;84.000;208.27;0.18;47.69;532.21;89.000;220.71;0.21;47.69;609.78;102.000;252.80;0.23;47.68;610.38;102.000;253.33;0.22;47.73;478.60;80.000;198.57;0.18;47.71;585.82;98.000;242.85;0.21;47.67;526.82;88.000;218.74;0.18;47.75;603.79;101.000;250.31;0.21;47.68;538.20;90.000;223.20;0.17;47.69;555.27;93.000;229.88;0.21;47.61;579.53;97.000;240.10;0.22;47.64;579.83;97.000;240.36;0.18;47.67;483.09;81.000;199.76;0.17;47.55;644.52;108.000;266.69;0.21;47.59;616.07;103.000;255.55;0.21;47.70;616.07;103.000;255.55;0.19;47.70;592.71;99.000;246.12;0.17;47.75;430.38;72.000;178.40;0.12;47.67;598.10;100.000;248.09;0.15;47.70;591.51;99.000;245.08;0.14;47.65;406.72;68.000;168.71;0.10;47.70;489.98;82.000;203.03;0.12;47.65;435.17;73.000;179.85;0.09;47.53;555.87;93.000;230.41;0.12;47.67;412.71;69.000;171.20;0.10;47.70;436.97;73.000;181.41;0.10;47.74;370.78;62.000;153.78;0.09;47.70;489.68;82.000;202.77;0.12;47.62;394.74;66.000;163.73;0.10;47.70;370.78;62.000;153.78;0.10;47.70;388.45;65.000;160.98;0.10;47.66;298.60;50.000;123.65;0.08;47.62;381.56;64.000;157.71;0.09;47.53;327.95;55.000;135.57;0.09;47.54;244.09;41.000;100.73;0.07;47.46;310.58;52.000;128.63;0.08;47.63
34023;DUMPIE WHITE BREAD;1;36401.42;5 268.000;17044.07;0.26;53.85;670.88;112.000;384.01;0.51;65.83;628.35;105.000;359.49;0.32;65.79;622.36;104.000;356.06;0.35;65.79;686.73;107.000;353.20;0.35;59.15;824.12;118.000;380.33;0.34;53.07;767.50;110.000;353.89;0.32;53.03;816.08;117.000;376.18;0.32;53.01;817.13;117.000;377.10;0.32;53.07;795.81;114.000;367.11;0.31;53.05;865.71;124.000;399.39;0.31;53.05;768.20;110.000;354.50;0.31;53.07;788.82;113.000;363.88;0.37;53.05;838.10;120.000;386.78;0.34;53.07;795.81;114.000;367.11;0.33;53.05;810.14;116.000;373.87;0.35;53.07;845.09;121.000;390.01;0.36;53.07;817.48;117.000;377.40;0.33;53.09;753.87;108.000;347.74;0.32;53.05;746.53;107.000;344.21;0.29;53.02;726.26;104.000;335.13;0.28;53.07;809.44;116.000;373.26;0.31;53.03;781.48;112.000;360.35;0.28;53.03;746.18;107.000;343.90;0.31;53.00;592.75;85.000;273.18;0.25;53.00;605.33;87.000;278.42;0.21;52.89;579.12;83.000;267.03;0.22;53.03;684.67;98.000;316.07;0.25;53.09;636.09;91.000;293.77;0.24;53.11;719.27;103.000;331.90;0.24;53.07;796.16;114.000;367.41;0.26;53.07;551.86;79.000;254.73;0.17;53.08;712.28;102.000;328.67;0.20;53.07;789.52;113.000;364.49;0.21;53.09;663.35;95.000;306.08;0.18;53.06;732.55;105.000;337.75;0.20;53.02;698.65;100.000;322.52;0.17;53.09;824.12;118.000;380.33;0.19;53.07;669.64;96.000;308.70;0.18;53.01;803.50;115.000;370.95;0.21;53.09;781.83;112.000;360.65;0.22;53.05;747.93;107.000;345.42;0.20;53.11;789.87;113.000;364.79;0.22;53.11;796.51;114.000;367.72;0.23;53.09;838.80;120.000;387.39;0.24;53.11;845.44;121.000;390.32;0.24;53.09;662.30;95.000;305.16;0.18;52.99;768.20;110.000;354.50;0.23;53.07;677.33;97.000;312.53;0.21;53.06;712.28;102.000;328.67;0.21;53.07
34024;FOCACCIA;1;400908.69;12 713.000;148031.01;2.23;42.46;11441.28;472.000;4004.74;5.37;40.25;8920.22;308.000;2831.79;2.56;36.51;10397.26;359.000;3300.69;3.25;36.51;7937.46;274.000;2520.88;2.47;36.52;10540.76;364.000;3345.52;2.98;36.50;9040.53;312.000;2872.45;2.62;36.54;8314.33;287.000;2640.72;2.27;36.53;7475.07;258.000;2374.64;1.99;36.53;7154.73;247.000;2271.97;1.90;36.52;9911.68;342.000;3150.27;2.47;36.55;7096.76;245.000;2253.55;1.96;36.52;6178.89;221.000;1956.12;1.97;36.41;7085.24;268.000;2062.44;1.79;33.48;5425.26;192.000;1774.26;1.57;37.61;4319.51;149.000;1471.93;1.38;39.19;4894.96;169.000;1665.72;1.52;39.13;7266.35;251.000;2470.74;2.16;39.10;5732.78;198.000;1949.69;1.80;39.11;9237.02;322.000;3095.93;2.64;38.54;10742.25;371.000;3653.66;3.06;39.11;15567.47;548.000;5136.09;4.23;37.94;16254.69;561.000;5534.38;4.25;39.16;13005.89;451.000;4395.64;3.97;38.87;13817.04;488.000;4533.78;4.16;37.73;16144.79;575.000;5224.20;3.92;37.21;14150.73;422.000;5594.70;4.71;45.47;9911.59;261.000;4312.27;3.44;50.03;8192.54;216.000;3559.95;2.93;49.97;7216.20;190.000;3139.96;2.28;50.04;7098.43;187.000;3087.05;2.15;50.01;7292.18;192.000;3173.03;2.13;50.04;7022.45;185.000;3053.98;1.85;50.01;7330.17;193.000;3189.56;1.84;50.04;7294.08;192.000;3174.68;1.84;50.05;7444.14;196.000;3239.17;1.94;50.04;8471.77;223.000;3687.26;1.94;50.05;7634.09;201.000;3321.84;1.70;50.04;6492.49;171.000;2824.14;1.66;50.02;6078.40;160.000;2645.57;1.50;50.05;5468.66;144.000;2379.36;1.45;50.04;5962.53;157.000;2594.31;1.51;50.04;5088.76;134.000;2214.01;1.34;50.03;4822.83;127.000;2098.27;1.32;50.03;4974.79;131.000;2164.40;1.32;50.03;4216.89;111.000;1835.36;1.14;50.05;6031.98;174.000;2374.20;1.40;45.26;6712.94;187.000;2751.84;1.76;47.14;4841.74;136.000;1966.21;1.33;46.70;7256.09;191.000;3158.14;2.04;50.05
34027;GARLIC BUNS 6'S;1;43939.85;1 970.000;14015.40;0.21;36.68;1425.00;110.000;469.13;0.63;37.86;1228.85;95.000;403.57;0.36;37.77;542.33;42.000;177.59;0.17;37.66;684.57;53.000;224.28;0.22;37.68;272.79;21.000;90.21;0.08;38.03;1439.94;111.000;475.12;0.43;37.95;103.92;8.000;34.37;0.03;38.03;489.72;38.000;159.84;0.13;37.54;285.13;22.000;93.94;0.08;37.89;1221.06;94.000;403.79;0.32;38.03;1518.53;117.000;501.46;0.44;37.98;643.62;38.000;159.11;0.16;28.43;1174.18;42.000;373.81;0.33;36.61;335.88;12.000;107.15;0.10;36.69;1623.42;58.000;517.89;0.49;36.69;2435.13;87.000;776.83;0.71;36.69;951.66;34.000;303.59;0.27;36.69;503.82;18.000;160.72;0.15;36.69;335.88;12.000;107.15;0.09;36.69;0.00;0.000;0.00;0.00;0.00;1272.54;46.000;397.70;0.33;35.94;2099.25;75.000;669.68;0.51;36.69;587.79;21.000;187.51;0.17;36.69;475.83;17.000;151.80;0.14;36.69;251.91;9.000;80.36;0.06;36.69;671.76;24.000;214.30;0.18;36.69;531.81;19.000;169.65;0.14;36.69;1230.16;44.000;391.66;0.32;36.61;1228.76;44.000;390.45;0.28;36.54;2291.16;84.000;697.87;0.49;35.03;1755.37;63.000;555.58;0.37;36.40;1314.13;47.000;418.45;0.25;36.62;1987.29;71.000;633.97;0.36;36.69;2463.12;88.000;785.76;0.46;36.69;1761.97;63.000;561.32;0.34;36.64;1511.46;54.000;482.17;0.25;36.69;615.78;22.000;196.44;0.10;36.69;1063.62;38.000;339.31;0.20;36.69;1007.64;36.000;321.45;0.18;36.69;839.70;30.000;267.87;0.16;36.69;307.89;11.000;98.22;0.06;36.69;0.00;0.000;0.00;0.00;0.00;0.00;0.000;0.00;0.00;0.00;0.00;0.000;0.00;0.00;0.00;139.95;5.000;44.65;0.03;36.69;363.87;13.000;116.08;0.07;36.69;111.96;4.000;35.72;0.02;36.69;111.96;4.000;35.72;0.02;36.69;727.74;26.000;232.16;0.15;36.69
34028;GARLIC LOAF;1;30933.97;1 183.000;10482.47;0.16;38.97;1770.23;77.000;770.10;1.03;50.03;480.49;21.000;208.03;0.19;49.79;873.62;38.000;380.05;0.37;50.03;643.72;28.000;280.04;0.27;50.03;436.81;19.000;190.02;0.17;50.03;712.69;31.000;310.04;0.28;50.03;1195.48;52.000;520.07;0.45;50.03;68.97;3.000;30.00;0.03;50.03;367.84;16.000;160.02;0.13;50.03;459.80;20.000;200.03;0.16;50.03;229.90;10.000;100.01;0.09;50.03;74.97;3.000;29.91;0.03;45.88;753.74;26.000;257.63;0.22;39.31;239.92;8.000;86.23;0.08;41.33;479.84;16.000;172.45;0.16;41.33;689.77;23.000;247.90;0.23;41.33;119.96;4.000;43.11;0.04;41.33;149.95;5.000;53.89;0.05;41.33;299.90;10.000;107.78;0.09;41.33;59.98;2.000;21.56;0.02;41.33;239.92;8.000;86.23;0.07;41.33;0.00;0.000;0.00;0.00;0.00;362.87;13.000;116.64;0.11;36.97;458.83;17.000;138.88;0.13;34.81;431.84;16.000;130.71;0.10;34.81;457.48;17.000;137.71;0.12;34.62;404.85;15.000;122.54;0.10;34.81;430.49;16.000;129.54;0.11;34.60;403.50;15.000;121.37;0.09;34.59;431.84;16.000;130.71;0.09;34.81;674.75;25.000;204.24;0.14;34.81;782.71;29.000;236.92;0.14;34.81;701.74;26.000;212.41;0.12;34.81;674.75;25.000;204.24;0.12;34.81;566.79;21.000;171.56;0.10;34.81;750.32;28.000;224.05;0.12;34.34;1592.41;59.000;482.00;0.25;34.81;2452.04;91.000;739.91;0.43;34.70;1427.77;53.000;430.64;0.24;34.69;2537.06;94.000;767.94;0.47;34.81;620.77;23.000;187.90;0.11;34.81;565.44;21.000;170.39;0.10;34.65;782.71;29.000;236.92;0.15;34.81;538.45;20.000;162.22;0.10;34.65;161.94;6.000;49.02;0.03;34.81;134.95;5.000;40.85;0.02;34.81;377.86;14.000;114.37;0.07;34.81;1430.47;53.000;432.99;0.29;34.81;431.84;16.000;130.71;0.08;34.81
34034;HOT CROSS BUNS 6'S;1;126719.10;6 180.000;59637.88;0.90;54.12;2440.10;125.000;1225.58;1.64;57.76;20196.88;1 012.000;10306.46;9.31;58.68;0.00;0.000;0.00;0.00;0.00;0.00;0.000;0.00;0.00;0.00;0.00;0.000;0.00;0.00;0.00;0.00;0.000;0.00;0.00;0.00;0.00;0.000;0.00;0.00;0.00;0.00;0.000;0.00;0.00;0.00;0.00;0.000;0.00;0.00;0.00;295.85;15.000;149.71;0.12;58.19;0.00;0.000;0.00;0.00;0.00;1472.26;74.000;749.65;0.75;58.56;5943.61;299.000;2647.79;2.30;51.23;20839.76;1 044.000;9320.61;8.27;51.43;0.00;0.000;0.00;0.00;0.00;0.00;0.000;0.00;0.00;0.00;0.00;0.000;0.00;0.00;0.00;0.00;0.000;0.00;0.00;0.00;0.00;0.000;0.00;0.00;0.00;0.00;0.000;0.00;0.00;0.00;837.58;42.000;374.27;0.31;51.39;0.00;0.000;0.00;0.00;0.00;338.83;17.000;151.32;0.14;51.36;1992.00;100.000;889.17;0.82;51.33;25473.98;1 177.000;12229.18;9.17;55.21;527.76;24.000;256.60;0.22;55.91;0.00;0.000;0.00;0.00;0.00;0.00;0.000;0.00;0.00;0.00;0.00;0.000;0.00;0.00;0.00;0.00;0.000;0.00;0.00;0.00;0.00;0.000;0.00;0.00;0.00;0.00;0.000;0.00;0.00;0.00;131.94;6.000;64.15;0.04;55.91;0.00;0.000;0.00;0.00;0.00;0.00;0.000;0.00;0.00;0.00;1649.25;75.000;801.88;0.42;55.91;6860.88;312.000;3335.82;1.71;55.91;24711.94;1 206.000;11322.06;6.64;52.69;277.87;13.000;132.04;0.07;54.64;0.00;0.000;0.00;0.00;0.00;0.00;0.000;0.00;0.00;0.00;0.00;0.000;0.00;0.00;0.00;143.93;7.000;66.15;0.04;52.85;571.71;29.000;252.67;0.15;50.82;63.97;3.000;30.34;0.02;54.54;0.00;0.000;0.00;0.00;0.00;425.79;21.000;193.22;0.12;52.19;4560.59;241.000;1934.10;1.31;48.77;6962.62;338.000;3205.11;2.07;52.94
34039;LAMINGTON WITH IMMITATION CREAM;1;33961.77;2 838.000;13582.41;0.20;45.99;311.74;26.000;124.96;0.17;46.10;35.97;3.000;14.42;0.01;46.10;0.00;0.000;0.00;0.00;0.00;0.00;0.000;0.00;0.00;0.00;1317.70;110.000;527.63;0.47;46.05;933.42;78.000;373.31;0.34;45.99;575.52;48.000;230.69;0.20;46.10;1282.33;107.000;513.73;0.43;46.07;1354.27;113.000;542.57;0.45;46.07;431.64;36.000;173.02;0.14;46.10;623.48;52.000;249.92;0.22;46.10;707.41;59.000;283.56;0.29;46.10;1516.24;131.000;582.25;0.51;44.16;563.53;47.000;225.89;0.20;46.10;1522.73;127.000;610.37;0.57;46.10;539.55;45.000;216.27;0.20;46.10;611.49;51.000;245.11;0.21;46.10;2407.59;201.000;963.94;0.89;46.04;874.67;73.000;350.32;0.30;46.06;886.66;74.000;355.13;0.30;46.06;467.61;39.000;187.44;0.15;46.10;551.54;46.000;221.08;0.17;46.10;47.96;4.000;19.22;0.02;46.10;0.00;0.000;0.00;0.00;0.00;239.80;20.000;96.12;0.07;46.10;658.85;55.000;263.81;0.22;46.05;143.88;12.000;57.67;0.05;46.10;119.90;10.000;48.06;0.04;46.10;239.80;20.000;96.12;0.07;46.10;59.95;5.000;24.03;0.02;46.10;119.90;10.000;48.06;0.03;46.10;263.78;22.000;105.73;0.06;46.10;0.00;0.000;0.00;0.00;0.00;383.68;32.000;153.79;0.09;46.10;59.95;5.000;24.03;0.01;46.10;1053.92;88.000;421.89;0.22;46.04;1750.54;146.000;701.69;0.36;46.10;1187.01;99.000;475.80;0.28;46.10;1282.93;107.000;514.25;0.29;46.10;1031.14;86.000;413.32;0.25;46.10;1834.47;153.000;735.33;0.43;46.10;1318.30;110.000;528.15;0.32;46.07;1077.90;90.000;431.50;0.27;46.04;971.19;81.000;389.29;0.24;46.10;131.89;11.000;52.87;0.03;46.10;1043.13;87.000;418.13;0.25;46.10;527.56;44.000;211.47;0.13;46.10;515.57;43.000;206.66;0.14;46.10;383.68;32.000;153.79;0.10;46.10
34041;MINI LOAF;1;79763.43;14 393.000;30648.92;0.46;44.19;660.64;221.000;289.38;0.39;50.37;762.00;255.000;333.66;0.30;50.36;816.12;273.000;357.50;0.35;50.38;1195.55;400.000;523.61;0.51;50.37;1774.01;479.000;702.75;0.63;45.56;2042.28;512.000;797.98;0.73;44.93;1747.02;438.000;682.57;0.59;44.93;1891.06;474.000;739.06;0.62;44.94;1738.84;436.000;679.27;0.57;44.92;1759.39;441.000;687.59;0.54;44.94;1464.13;367.000;572.19;0.50;44.94;1845.69;349.000;633.95;0.64;39.50;2159.10;366.000;750.20;0.65;39.96;1839.01;312.000;638.18;0.57;39.91;1942.53;330.000;672.76;0.63;39.83;2152.82;366.000;744.74;0.68;39.78;2149.30;365.000;744.76;0.65;39.85;1590.31;270.000;551.28;0.51;39.86;2199.50;373.000;763.77;0.65;39.93;2091.85;355.000;725.60;0.61;39.89;2008.62;341.000;696.35;0.57;39.87;1785.61;303.000;619.46;0.48;39.90;1636.04;278.000;566.40;0.51;39.81;1508.61;256.000;523.35;0.48;39.89;1610.91;274.000;556.87;0.42;39.75;1663.21;282.000;577.71;0.49;39.94;1539.90;261.000;535.16;0.43;39.97;1781.50;302.000;618.97;0.51;39.96;2105.41;357.000;731.23;0.53;39.94;2152.73;326.000;852.25;0.59;45.53;2018.36;289.000;844.75;0.57;48.13;1982.01;284.000;828.89;0.50;48.09;1760.08;252.000;736.70;0.42;48.13;1320.76;189.000;553.14;0.32;48.16;1362.00;195.000;570.10;0.34;48.14;1648.94;236.000;690.46;0.36;48.15;1954.40;280.000;817.48;0.42;48.10;1537.45;220.000;643.91;0.38;48.16;1374.93;197.000;575.04;0.33;48.10;1543.39;221.000;645.93;0.39;48.13;1725.48;247.000;722.37;0.42;48.14;1418.27;203.000;593.83;0.36;48.15;1368.29;196.000;572.42;0.36;48.11;1416.87;203.000;592.61;0.36;48.10;1340.68;192.000;561.01;0.35;48.12;900.66;129.000;376.83;0.22;48.12;1117.35;160.000;467.61;0.30;48.13;1194.59;171.000;500.12;0.34;48.15;1165.23;167.000;487.19;0.31;48.08
34042;MINI OUMA BROOD;1;88096.26;9 832.000;35116.54;0.53;45.84;1012.50;145.000;499.08;0.67;56.69;1003.41;144.000;493.81;0.45;56.60;1144.96;164.000;564.30;0.56;56.68;1129.18;142.000;472.64;0.46;48.14;1433.25;160.000;515.10;0.46;41.33;1581.34;176.000;570.76;0.52;41.51;1534.59;171.000;552.96;0.48;41.44;1559.76;174.000;561.13;0.47;41.37;1514.81;169.000;544.90;0.46;41.37;1679.78;187.000;606.09;0.47;41.49;1658.00;185.000;596.29;0.52;41.36;1677.08;187.000;618.32;0.62;42.40;1797.99;201.000;699.17;0.61;44.72;1909.92;213.000;744.90;0.66;44.85;1927.90;215.000;751.93;0.71;44.85;1791.70;200.000;698.00;0.64;44.80;1826.31;204.000;710.90;0.62;44.76;1770.57;198.000;688.23;0.64;44.70;1942.73;217.000;756.23;0.64;44.77;1854.63;207.000;722.62;0.61;44.81;1820.92;203.000;710.51;0.58;44.87;1541.78;172.000;601.08;0.46;44.83;1757.09;196.000;685.10;0.62;44.84;1605.61;179.000;626.48;0.57;44.87;1683.82;188.000;655.79;0.49;44.79;1903.63;212.000;743.73;0.63;44.93;1677.08;187.000;654.23;0.52;44.86;1701.80;190.000;662.83;0.55;44.79;2420.11;270.000;943.44;0.68;44.83;1918.91;214.000;748.42;0.52;44.85;1838.45;205.000;717.15;0.48;44.86;2192.65;245.000;853.15;0.52;44.75;2277.16;254.000;887.94;0.51;44.84;2064.10;230.000;805.87;0.47;44.90;1415.02;158.000;551.05;0.33;44.78;1830.81;204.000;714.81;0.38;44.90;2212.43;247.000;861.75;0.44;44.79;2007.01;224.000;782.03;0.46;44.81;2000.27;223.000;780.47;0.44;44.87;2067.02;229.000;817.96;0.50;45.51;2293.73;242.000;990.25;0.58;49.65;2016.33;213.000;869.38;0.53;49.58;2035.32;215.000;877.59;0.55;49.59;2064.31;218.000;890.35;0.54;49.60;2170.25;229.000;936.82;0.58;49.64;1885.70;199.000;813.89;0.48;49.64;1840.13;194.000;795.01;0.51;49.68;2111.32;223.000;910.48;0.62;49.59;1993.09;210.000;861.62;0.56;49.72
34046;MOSBOLLE;1;23486.88;1 172.000;6124.97;0.09;29.99;119.95;5.000;43.30;0.06;41.52;0.00;0.000;0.00;0.00;0.00;47.98;2.000;17.32;0.02;41.52;0.00;0.000;0.00;0.00;0.00;71.97;3.000;25.98;0.02;41.52;47.98;2.000;17.32;0.02;41.52;71.97;3.000;25.98;0.02;41.52;0.00;0.000;0.00;0.00;0.00;213.51;9.000;75.86;0.06;40.86;0.00;0.000;0.00;0.00;0.00;71.97;3.000;25.98;0.02;41.52;0.00;0.000;0.00;0.00;0.00;0.00;0.000;0.00;0.00;0.00;0.00;0.000;0.00;0.00;0.00;239.90;10.000;86.61;0.08;41.52;155.93;7.000;50.19;0.05;37.02;19.99;1.000;5.18;0.00;29.81;0.00;0.000;0.00;0.00;0.00;0.00;0.000;0.00;0.00;0.00;0.00;0.000;0.00;0.00;0.00;799.60;40.000;207.30;0.17;29.81;258.87;13.000;66.50;0.05;29.54;217.89;11.000;55.27;0.05;29.17;99.95;5.000;25.91;0.02;29.81;39.98;2.000;10.37;0.01;29.81;0.00;0.000;0.00;0.00;0.00;317.84;16.000;81.18;0.06;29.37;119.94;6.000;31.10;0.03;29.81;438.78;22.000;113.15;0.08;29.65;336.83;17.000;85.50;0.06;29.19;299.85;15.000;77.74;0.05;29.81;418.79;21.000;107.97;0.07;29.65;533.73;27.000;134.71;0.08;29.03;359.82;18.000;93.29;0.05;29.81;198.90;10.000;50.96;0.03;29.46;119.94;6.000;31.10;0.02;29.81;517.74;26.000;133.01;0.07;29.54;594.70;30.000;151.13;0.09;29.22;955.52;48.000;245.29;0.14;29.52;1090.45;55.000;277.22;0.17;29.24;1350.32;68.000;344.59;0.20;29.35;813.59;41.000;207.27;0.13;29.30;1377.31;69.000;355.86;0.22;29.71;2229.88;112.000;572.63;0.35;29.53;1893.05;95.000;487.13;0.30;29.59;1157.42;58.000;298.85;0.18;29.69;1891.05;95.000;485.39;0.31;29.52;1925.03;97.000;490.54;0.33;29.30;2068.96;104.000;530.30;0.34;29.48
34059;SUITABLE FOR TOAST;1;27458.35;3 940.000;8904.83;0.13;37.29;404.72;58.000;131.53;0.18;37.37;412.41;59.000;134.42;0.12;37.48;949.59;136.000;308.93;0.30;37.41;1347.67;193.000;438.49;0.43;37.42;1069.47;153.000;348.57;0.31;37.48;1295.94;186.000;420.10;0.38;37.28;1253.30;180.000;405.83;0.35;37.24;613.72;88.000;199.27;0.17;37.34;829.36;119.000;268.98;0.23;37.30;1466.84;211.000;473.71;0.37;37.14;1116.30;160.000;362.70;0.32;37.36;2009.27;288.000;652.79;0.66;37.36;835.30;120.000;270.35;0.24;37.22;1186.55;170.000;385.78;0.34;37.39;760.51;109.000;247.11;0.23;37.37;578.07;83.000;187.27;0.17;37.26;459.59;66.000;148.84;0.13;37.24;963.21;139.000;309.37;0.29;36.94;1060.38;152.000;344.47;0.29;37.36;863.61;124.000;279.77;0.23;37.25;644.47;93.000;207.01;0.17;36.94;1706.95;245.000;553.30;0.42;37.28;1400.79;201.000;454.28;0.41;37.29;835.65;120.000;270.65;0.25;37.25;540.32;78.000;173.44;0.13;36.92;297.42;43.000;95.23;0.08;36.82;97.86;14.000;31.90;0.03;37.48;62.91;9.000;20.50;0.02;37.48;328.53;47.000;107.08;0.08;37.48;83.88;12.000;27.34;0.02;37.48;111.84;16.000;36.45;0.02;37.48;27.96;4.000;9.11;0.01;37.48;104.85;15.000;34.17;0.02;37.48;258.63;37.000;84.30;0.05;37.48;174.75;25.000;56.96;0.03;37.48;6.99;1.000;2.28;0.00;37.48;0.00;0.000;0.00;0.00;0.00;6.99;1.000;2.28;0.00;37.48;363.48;52.000;118.47;0.07;37.48;391.44;56.000;127.58;0.08;37.48;125.12;18.000;40.40;0.02;37.13;13.98;2.000;4.56;0.00;37.48;188.73;27.000;61.51;0.04;37.48;0.00;0.000;0.00;0.00;0.00;0.00;0.000;0.00;0.00;0.00;0.00;0.000;0.00;0.00;0.00;0.00;0.000;0.00;0.00;0.00;0.00;0.000;0.00;0.00;0.00;209.00;30.000;67.74;0.04;37.27
34068;VETKOEK COCKTAIL;1;2831.81;1 777.000;1381.91;0.02;56.12;0.00;0.000;0.00;0.00;0.00;0.00;0.000;0.00;0.00;0.00;0.00;0.000;0.00;0.00;0.00;0.00;0.000;0.00;0.00;0.00;0.00;0.000;0.00;0.00;0.00;199.00;100.000;109.04;0.10;63.02;473.62;238.000;259.52;0.22;63.02;298.50;150.000;163.57;0.14;63.02;139.30;139.000;32.17;0.03;26.56;0.00;0.000;0.00;0.00;0.00;0.00;0.000;0.00;0.00;0.00;28.36;15.000;15.06;0.02;61.07;0.00;0.000;0.00;0.00;0.00;0.00;0.000;0.00;0.00;0.00;45.00;30.000;21.43;0.02;54.77;0.00;0.000;0.00;0.00;0.00;0.00;0.000;0.00;0.00;0.00;79.60;53.000;37.95;0.04;54.82;139.30;93.000;66.26;0.06;54.70;300.76;201.000;142.94;0.12;54.66;0.00;0.000;0.00;0.00;0.00;0.00;0.000;0.00;0.00;0.00;0.00;0.000;0.00;0.00;0.00;0.00;0.000;0.00;0.00;0.00;0.00;0.000;0.00;0.00;0.00;0.00;0.000;0.00;0.00;0.00;30.00;20.000;14.29;0.01;54.77;37.50;25.000;17.86;0.01;54.77;0.00;0.000;0.00;0.00;0.00;30.00;20.000;14.29;0.01;54.77;195.37;135.000;90.24;0.06;53.12;297.00;198.000;141.44;0.09;54.77;201.00;135.000;95.13;0.05;54.43;60.00;40.000;28.57;0.02;54.77;27.00;18.000;12.86;0.01;54.77;75.00;50.000;35.72;0.02;54.77;45.00;30.000;21.43;0.01;54.77;0.00;0.000;0.00;0.00;0.00;0.00;0.000;0.00;0.00;0.00;0.00;0.000;0.00;0.00;0.00;0.00;0.000;0.00;0.00;0.00;15.00;10.000;7.14;0.00;54.77;45.00;30.000;21.43;0.01;54.77;30.00;20.000;14.29;0.01;54.77;0.00;0.000;0.00;0.00;0.00;36.00;24.000;17.14;0.01;54.77;4.50;3.000;2.14;0.00;54.77;0.00;0.000;0.00;0.00;0.00;0.00;0.000;0.00;0.00;0.00
34070;WHITE BREAD DOUGH;1;145710.95;12 756.000;46242.72;0.70;36.50;2091.47;233.000;1024.14;1.37;56.31;1803.63;201.000;882.96;0.80;56.30;2181.69;243.000;1068.49;1.05;56.32;2583.09;288.000;1264.09;1.24;56.28;2278.40;221.000;882.77;0.79;44.56;2546.38;232.000;882.56;0.80;39.86;2437.03;222.000;844.88;0.73;39.87;1921.60;175.000;666.46;0.56;39.88;2218.33;202.000;769.50;0.64;39.89;2350.76;214.000;815.78;0.64;39.91;2117.22;193.000;733.24;0.64;39.83;2129.85;183.000;699.54;0.70;37.77;2602.43;237.000;722.48;0.63;31.93;2816.73;257.000;778.83;0.69;31.80;3248.09;296.000;900.43;0.85;31.88;3569.00;325.000;990.98;0.90;31.93;3258.83;297.000;903.27;0.79;31.88;2843.31;260.000;782.44;0.72;31.65;3894.35;356.000;1072.39;0.91;31.67;2801.00;256.000;771.65;0.65;31.68;2623.60;240.000;721.39;0.59;31.62;2894.07;265.000;794.08;0.61;31.55;2263.36;207.000;622.64;0.56;31.64;2341.65;214.000;645.22;0.59;31.69;3229.15;295.000;890.46;0.67;31.71;2812.50;257.000;775.15;0.65;31.70;3063.80;280.000;844.17;0.67;31.69;3018.35;276.000;830.65;0.68;31.65;4151.65;380.000;1140.13;0.83;31.58;3507.29;300.000;1013.24;0.71;33.22;3414.15;285.000;1010.88;0.68;34.05;2779.28;232.000;822.93;0.50;34.05;2849.42;238.000;842.70;0.49;34.01;2552.07;213.000;755.88;0.44;34.06;2336.25;195.000;691.87;0.42;34.06;2706.74;226.000;801.07;0.42;34.03;5224.04;436.000;1547.32;0.79;34.06;3352.40;280.000;991.53;0.58;34.01;3764.26;314.000;1116.09;0.63;34.10;4370.19;361.000;1324.06;0.81;34.84;5010.89;386.000;1728.64;1.01;39.67;3153.97;243.000;1087.75;0.66;39.66;2675.29;206.000;923.48;0.58;39.70;3919.73;302.000;1351.84;0.83;39.66;2825.32;218.000;972.22;0.60;39.57;3426.76;264.000;1181.95;0.70;39.67;3433.90;265.000;1181.35;0.75;39.56;3139.03;242.000;1081.57;0.73;39.62;3178.65;245.000;1095.59;0.71;39.64
34074;YOGHURT & MUESLI;1;35453.69;2 396.000;13642.92;0.21;44.25;2121.07;193.000;1112.94;1.49;60.34;1197.36;109.000;628.07;0.57;60.32;790.73;72.000;414.71;0.41;60.31;483.56;44.000;253.73;0.25;60.34;2746.95;250.000;1441.15;1.28;60.33;2175.47;198.000;1141.29;1.04;60.33;1120.98;102.000;588.19;0.51;60.34;1944.13;177.000;1019.72;0.85;60.32;2339.77;213.000;1227.31;1.03;60.32;1323.30;105.000;589.95;0.46;51.27;419.79;21.000;130.04;0.11;35.63;327.85;15.000;101.28;0.10;35.52;945.57;43.000;292.04;0.25;35.52;834.52;38.000;257.13;0.23;35.43;1604.23;97.000;198.97;0.19;14.26;958.60;60.000;93.77;0.09;11.25;783.51;49.000;77.14;0.07;11.32;1039.50;50.000;287.41;0.27;31.80;372.73;17.000;114.50;0.10;35.33;21.99;1.000;6.79;0.01;35.52;901.59;41.000;278.46;0.23;35.52;967.56;44.000;298.84;0.23;35.52;1165.47;53.000;359.96;0.33;35.52;766.35;35.000;234.84;0.22;35.24;722.37;33.000;221.26;0.17;35.22;393.62;18.000;120.34;0.10;35.16;680.59;31.000;209.59;0.17;35.41;657.50;30.000;201.84;0.17;35.30;394.72;18.000;121.29;0.09;35.34;373.83;17.000;115.46;0.08;35.52;20.89;1.000;5.84;0.00;32.12;681.69;31.000;210.54;0.13;35.52;1253.43;57.000;387.13;0.22;35.52;636.61;29.000;196.00;0.11;35.41;285.87;13.000;88.29;0.05;35.52;417.81;19.000;129.04;0.07;35.52;87.96;4.000;27.17;0.01;35.52;130.84;6.000;39.79;0.02;34.98;87.96;4.000;27.17;0.02;35.52;571.74;26.000;176.59;0.11;35.52;87.96;4.000;27.17;0.02;35.52;0.00;0.000;0.00;0.00;0.00;0.00;0.000;0.00;0.00;0.00;0.00;0.000;0.00;0.00;0.00;109.95;5.000;33.96;0.02;35.52;153.93;7.000;47.54;0.03;35.52;285.87;13.000;88.29;0.06;35.52;43.98;2.000;13.58;0.01;35.52;21.99;1.000;6.79;0.00;35.52
34080;BISCUIT COCONUT 1KG;1;53226.42;1 083.000;16453.55;0.25;35.55;1462.58;42.000;599.81;0.80;47.16;1460.83;42.000;598.29;0.54;47.10;2267.35;65.000;931.61;0.92;47.25;3145.79;71.000;927.11;0.91;33.89;2696.55;45.000;849.03;0.76;36.21;1676.72;28.000;527.30;0.48;36.17;1859.69;31.000;586.68;0.50;36.28;947.84;16.000;292.37;0.24;35.47;1199.80;20.000;378.50;0.32;36.28;1616.73;27.000;508.37;0.40;36.16;719.88;12.000;227.10;0.20;36.28;1066.82;18.000;333.92;0.34;36.00;1087.28;22.000;314.72;0.27;33.29;299.94;6.000;88.80;0.08;34.05;844.83;17.000;247.24;0.23;33.66;844.83;17.000;247.24;0.23;33.66;597.38;12.000;175.42;0.15;33.77;799.84;16.000;236.79;0.22;34.05;594.88;12.000;173.25;0.15;33.49;794.84;16.000;232.45;0.19;33.63;499.90;10.000;148.00;0.12;34.05;699.86;14.000;207.19;0.16;34.05;547.39;11.000;160.62;0.15;33.74;542.39;11.000;156.27;0.14;33.13;299.94;6.000;88.80;0.07;34.05;737.35;15.000;211.12;0.18;32.93;497.40;10.000;145.82;0.12;33.71;842.33;17.000;245.07;0.20;33.46;1144.77;23.000;336.04;0.24;33.76;849.83;17.000;251.59;0.18;34.05;1247.25;25.000;367.82;0.25;33.91;1192.26;24.000;348.67;0.21;33.63;1037.29;21.000;299.92;0.17;33.25;1094.78;22.000;321.24;0.19;33.74;947.31;19.000;279.02;0.17;33.87;844.83;17.000;247.24;0.13;33.66;1239.75;25.000;361.29;0.19;33.51;1139.77;23.000;331.69;0.19;33.47;842.33;17.000;245.07;0.14;33.46;1189.76;24.000;346.49;0.21;33.49;1982.10;40.000;576.77;0.34;33.46;747.35;15.000;219.82;0.13;33.83;947.31;19.000;279.02;0.17;33.87;1294.74;26.000;380.44;0.23;33.79;647.37;13.000;190.22;0.12;33.79;499.90;10.000;148.00;0.09;34.05;899.82;18.000;266.39;0.17;34.05;2242.05;45.000;659.46;0.45;33.83;544.89;11.000;158.45;0.10;33.44
34081;BISCUIT COCNUT 500G;1;173907.19;6 088.000;66549.64;1.00;44.01;2166.82;132.000;828.19;1.11;43.95;3556.10;216.000;1364.26;1.23;44.12;4491.07;273.000;1721.28;1.70;44.08;3758.53;174.000;1367.71;1.34;41.85;5147.19;161.000;1800.00;1.60;40.22;3578.08;112.000;1249.93;1.14;40.17;3258.18;102.000;1137.96;0.98;40.17;3322.16;104.000;1160.35;0.97;40.17;3053.44;96.000;1059.65;0.89;39.91;2680.76;84.000;935.02;0.73;40.11;3355.75;105.000;1172.94;1.02;40.20;2929.47;93.000;1051.87;1.06;41.29;4598.96;154.000;1790.74;1.56;44.78;3613.79;121.000;1407.29;1.25;44.78;4526.98;152.000;1756.82;1.65;44.63;6521.32;218.000;2544.59;2.32;44.87;4999.33;167.000;1952.46;1.71;44.91;4873.37;163.000;1900.29;1.75;44.84;4120.62;138.000;1604.23;1.37;44.77;4276.57;143.000;1668.14;1.40;44.86;3288.40;110.000;1282.08;1.05;44.84;4365.04;146.000;1702.05;1.31;44.84;2655.61;89.000;1032.97;0.93;44.73;2564.14;86.000;996.45;0.91;44.69;1526.49;51.000;596.04;0.45;44.90;2598.63;87.000;1012.10;0.85;44.79;3442.85;115.000;1344.68;1.07;44.92;4667.94;156.000;1822.04;1.50;44.89;4246.58;142.000;1656.40;1.20;44.86;4762.41;159.000;1861.17;1.30;44.94;4790.90;160.000;1871.60;1.25;44.93;4275.07;143.000;1666.83;1.01;44.84;4156.61;139.000;1621.18;0.93;44.85;4222.59;141.000;1649.88;0.96;44.93;3201.43;107.000;1249.47;0.75;44.88;2111.29;71.000;817.76;0.43;44.54;3291.40;110.000;1284.69;0.66;44.89;3346.88;112.000;1304.25;0.77;44.81;4570.47;153.000;1780.30;1.01;44.80;4678.43;157.000;1816.82;1.11;44.66;4390.53;147.000;1709.87;1.00;44.79;2606.13;87.000;1018.62;0.62;44.95;2900.03;97.000;1130.79;0.71;44.84;2634.62;88.000;1029.05;0.63;44.92;1468.01;49.000;573.87;0.36;44.96;2154.78;72.000;841.24;0.50;44.90;2394.70;80.000;935.15;0.60;44.91;2391.70;80.000;932.54;0.63;44.84;1375.04;46.000;536.05;0.35;44.83
34083;BISCUIT GINGER 1KG;1;64432.74;1 326.000;29340.18;0.44;52.37;1715.57;43.000;417.23;0.56;27.97;1157.71;29.000;281.99;0.25;28.01;1435.64;36.000;348.74;0.34;27.94;2135.51;49.000;588.78;0.58;31.71;3481.80;70.000;1160.75;1.03;38.34;2529.49;51.000;839.39;0.76;38.16;1139.77;23.000;377.69;0.33;38.11;1142.27;23.000;379.87;0.32;38.24;1539.69;31.000;512.09;0.43;38.25;1679.66;34.000;553.79;0.43;37.92;1194.76;24.000;398.84;0.35;38.39;1387.22;28.000;459.52;0.46;38.09;1392.22;28.000;463.87;0.40;38.32;499.90;10.000;168.00;0.15;38.65;1784.64;36.000;591.74;0.56;38.13;797.34;16.000;266.62;0.24;38.45;1242.25;25.000;413.47;0.36;38.28;694.86;14.000;230.85;0.21;38.21;949.81;19.000;319.19;0.27;38.65;1194.76;24.000;398.84;0.33;38.39;749.85;15.000;251.99;0.21;38.65;692.36;14.000;228.67;0.18;37.98;947.31;19.000;317.02;0.29;38.48;642.37;13.000;250.60;0.23;44.86;644.87;13.000;381.88;0.29;68.10;1029.79;21.000;606.51;0.51;67.73;994.80;20.000;589.84;0.47;68.19;789.84;16.000;466.66;0.38;67.94;1637.17;33.000;969.55;0.70;68.10;1134.77;23.000;670.28;0.47;67.93;844.83;17.000;500.71;0.34;68.16;1439.71;29.000;852.88;0.52;68.13;1334.73;27.000;789.11;0.45;67.99;1082.28;22.000;638.39;0.37;67.83;1042.29;21.000;617.38;0.37;68.12;887.32;18.000;523.90;0.28;67.90;1092.28;22.000;647.09;0.33;68.13;884.82;18.000;521.73;0.31;67.81;1722.15;35.000;1015.92;0.57;67.84;1282.24;26.000;757.23;0.46;67.91;2137.07;43.000;1266.64;0.74;68.16;1784.64;36.000;1056.50;0.64;68.08;1589.68;32.000;942.01;0.59;68.15;1442.21;29.000;855.06;0.52;68.18;1199.76;24.000;713.03;0.44;68.35;1834.63;37.000;1086.21;0.64;68.09;1184.76;24.000;699.99;0.45;67.94;1544.69;31.000;916.65;0.62;68.24;1744.65;35.000;1035.49;0.67;68.25
34088;C/TAIL BUNS;1;53384.75;25 977.000;20863.76;0.31;44.94;929.60;601.000;375.55;0.50;46.46;1345.60;841.000;497.29;0.45;42.50;707.20;442.000;261.36;0.26;42.50;1081.60;676.000;399.72;0.39;42.50;730.40;458.000;268.73;0.24;42.31;428.80;268.000;158.47;0.14;42.50;1428.80;893.000;528.03;0.45;42.50;1273.60;796.000;470.68;0.39;42.50;1041.60;651.000;384.94;0.32;42.50;660.10;287.000;232.47;0.18;40.50;358.80;156.000;126.36;0.11;40.50;164.00;82.000;70.45;0.07;49.40;454.00;227.000;195.02;0.17;49.40;116.00;58.000;49.83;0.04;49.40;990.00;495.000;425.27;0.40;49.40;2270.00;1 135.000;975.11;0.89;49.40;805.00;405.000;343.60;0.30;49.09;1355.90;680.000;580.64;0.54;49.25;964.00;482.000;414.10;0.35;49.40;618.00;309.000;265.47;0.22;49.40;1133.60;567.000;486.78;0.40;49.38;1682.00;841.000;722.53;0.55;49.40;180.00;90.000;77.32;0.07;49.40;480.00;240.000;206.19;0.19;49.40;2279.40;1 140.000;978.89;0.73;49.39;258.00;129.000;110.83;0.09;49.40;2400.00;1 200.000;1030.96;0.82;49.40;468.00;234.000;201.04;0.17;49.40;758.00;379.000;325.61;0.24;49.40;1045.00;430.000;326.80;0.23;35.96;1420.00;568.000;422.54;0.28;34.22;1830.00;732.000;544.54;0.33;34.22;2177.50;871.000;647.95;0.37;34.22;1383.75;571.000;386.73;0.22;32.14;1402.50;571.000;403.04;0.24;33.05;955.00;382.000;284.17;0.15;34.22;2217.50;887.000;659.85;0.34;34.22;772.50;309.000;229.87;0.13;34.22;3975.00;1 590.000;1182.82;0.67;34.22;1214.00;489.000;571.63;0.35;54.15;128.00;64.000;67.78;0.04;60.90;1260.00;630.000;667.25;0.40;60.90;888.00;444.000;470.25;0.29;60.90;1360.00;680.000;720.21;0.44;60.90;1178.00;589.000;623.83;0.39;60.90;740.00;370.000;391.88;0.23;60.90;140.00;70.000;74.14;0.05;60.90;792.00;396.000;419.42;0.28;60.90;1144.00;572.000;605.82;0.39;60.90
34090;C/TAIL PEPPERMINT TERT;1;3144.12;788.000;1709.62;0.03;62.53;39.90;10.000;21.70;0.03;62.53;167.58;42.000;91.12;0.08;62.53;155.61;39.000;84.61;0.08;62.53;39.90;10.000;21.70;0.02;62.53;0.00;0.000;0.00;0.00;0.00;79.80;20.000;43.39;0.04;62.53;359.10;90.000;195.26;0.17;62.53;175.56;44.000;95.46;0.08;62.53;0.00;0.000;0.00;0.00;0.00;71.82;18.000;39.05;0.03;62.53;47.88;12.000;26.03;0.02;62.53;287.28;72.000;156.21;0.16;62.53;0.00;0.000;0.00;0.00;0.00;0.00;0.000;0.00;0.00;0.00;0.00;0.000;0.00;0.00;0.00;0.00;0.000;0.00;0.00;0.00;0.00;0.000;0.00;0.00;0.00;0.00;0.000;0.00;0.00;0.00;0.00;0.000;0.00;0.00;0.00;47.88;12.000;26.03;0.02;62.53;0.00;0.000;0.00;0.00;0.00;87.78;22.000;47.73;0.04;62.53;0.00;0.000;0.00;0.00;0.00;0.00;0.000;0.00;0.00;0.00;0.00;0.000;0.00;0.00;0.00;0.00;0.000;0.00;0.00;0.00;0.00;0.000;0.00;0.00;0.00;0.00;0.000;0.00;0.00;0.00;0.00;0.000;0.00;0.00;0.00;279.30;70.000;151.87;0.11;62.53;47.88;12.000;26.03;0.02;62.53;55.86;14.000;30.37;0.02;62.53;0.00;0.000;0.00;0.00;0.00;59.85;15.000;32.54;0.02;62.53;0.00;0.000;0.00;0.00;0.00;0.00;0.000;0.00;0.00;0.00;0.00;0.000;0.00;0.00;0.00;95.76;24.000;52.07;0.03;62.53;0.00;0.000;0.00;0.00;0.00;47.88;12.000;26.03;0.02;62.53;59.85;15.000;32.54;0.02;62.53;458.85;115.000;249.50;0.15;62.53;0.00;0.000;0.00;0.00;0.00;0.00;0.000;0.00;0.00;0.00;79.80;20.000;43.39;0.03;62.53;239.40;60.000;130.17;0.08;62.53;0.00;0.000;0.00;0.00;0.00;159.60;40.000;86.78;0.06;62.53;0.00;0.000;0.00;0.00;0.00
34091;CHEESE & GARLIC ROLLS 6'S;1;171039.46;10 193.000;61110.01;0.92;41.09;4319.76;343.000;2288.27;3.07;60.92;5351.88;412.000;2890.45;2.61;62.11;4362.69;336.000;2355.56;2.32;62.09;5152.48;397.000;2781.26;2.72;62.08;5113.51;394.000;2760.21;2.46;62.08;5386.95;415.000;2908.10;2.65;62.08;6309.24;486.000;3406.22;2.93;62.09;5375.91;414.000;2902.78;2.43;62.10;5425.92;418.000;2929.15;2.45;62.08;6698.94;516.000;3616.69;2.83;62.09;5412.28;417.000;2921.57;2.54;62.08;4623.00;235.000;1451.40;1.46;36.10;5755.12;288.000;1492.29;1.30;29.82;4515.74;226.000;1160.49;1.03;29.55;5153.42;258.000;1323.31;1.24;29.53;4585.70;230.000;1172.37;1.07;29.40;4555.72;228.000;1170.78;1.02;29.55;3233.38;162.000;828.75;0.77;29.48;3355.32;168.000;861.35;0.73;29.52;2733.63;137.000;700.19;0.59;29.46;2916.54;146.000;749.08;0.62;29.54;3495.25;175.000;897.35;0.69;29.52;2915.51;149.000;750.67;0.68;29.61;2333.83;117.000;597.34;0.55;29.43;2417.79;121.000;621.39;0.47;29.56;3012.55;155.000;722.41;0.61;27.58;2835.58;142.000;727.64;0.58;29.51;2612.67;133.000;643.97;0.53;28.35;2574.71;129.000;670.96;0.49;29.97;2595.70;130.000;697.13;0.49;30.89;2155.92;108.000;571.75;0.38;30.50;1659.17;83.000;446.76;0.27;30.97;1579.21;79.000;425.23;0.24;30.97;2194.90;110.000;588.61;0.34;30.84;2198.90;110.000;592.09;0.36;30.97;2928.71;149.000;747.90;0.39;29.37;2776.61;139.000;746.44;0.38;30.92;2722.80;140.000;687.65;0.40;29.04;2397.80;120.000;645.04;0.37;30.94;2397.80;120.000;645.04;0.39;30.94;3032.45;155.000;776.91;0.45;29.46;2700.63;137.000;704.37;0.43;29.99;2855.80;145.000;743.30;0.47;29.93;2294.85;115.000;615.52;0.38;30.85;2580.79;131.000;672.17;0.42;29.95;2393.80;120.000;641.57;0.38;30.82;2454.77;123.000;658.58;0.42;30.85;1858.07;93.000;499.71;0.34;30.93;2725.76;139.000;702.23;0.45;29.63
34092;CHEESE BUNS;1;90682.32;29 244.000;29306.71;0.44;37.17;7632.15;3 117.000;2381.99;3.19;35.89;7375.42;2 839.000;2154.91;1.95;33.60;7327.19;2 821.000;2139.97;2.11;33.59;7514.00;2 896.000;2189.91;2.14;33.52;8348.08;3 219.000;2430.70;2.16;33.48;9868.82;3 800.000;2881.58;2.62;33.58;5123.35;1 878.000;1560.26;1.34;35.02;1280.19;321.000;493.68;0.41;44.35;1113.21;279.000;429.54;0.36;44.37;1234.70;310.000;475.35;0.37;44.27;2184.91;549.000;840.35;0.73;44.23;1143.93;287.000;440.81;0.44;44.32;1187.22;298.000;416.91;0.36;40.38;1196.20;300.000;419.17;0.37;40.30;1319.89;331.000;462.56;0.43;40.30;1258.84;316.000;440.52;0.40;40.24;1182.43;297.000;413.41;0.36;40.21;896.55;225.000;313.86;0.29;40.26;1144.73;287.000;401.33;0.34;40.32;800.59;201.000;280.10;0.23;40.23;756.70;190.000;264.70;0.22;40.23;860.44;216.000;301.09;0.23;40.24;664.53;167.000;232.16;0.21;40.18;653.16;164.000;228.49;0.21;40.23;783.83;197.000;273.80;0.21;40.17;758.10;190.000;265.92;0.22;40.34;866.22;218.000;301.97;0.24;40.09;741.14;186.000;259.45;0.21;40.26;618.45;155.000;216.93;0.16;40.34;613.18;132.000;219.91;0.15;41.24;426.39;86.000;154.05;0.10;41.55;488.27;98.000;177.62;0.11;41.83;464.07;93.000;169.18;0.10;41.92;588.32;118.000;214.22;0.12;41.87;808.38;162.000;294.70;0.18;41.92;538.92;108.000;196.47;0.10;41.92;1141.21;229.000;415.28;0.21;41.85;692.61;139.000;251.99;0.15;41.84;1065.85;215.000;385.03;0.22;41.54;955.08;192.000;346.66;0.21;41.74;961.57;193.000;349.79;0.20;41.83;1086.07;218.000;395.05;0.24;41.83;911.67;183.000;331.60;0.21;41.83;698.60;140.000;254.68;0.16;41.92;786.42;158.000;285.68;0.18;41.78;642.46;129.000;233.58;0.14;41.81;512.97;103.000;186.50;0.12;41.81;642.71;129.000;233.80;0.16;41.83;822.60;165.000;299.50;0.19;41.87
34095;CHOC CHIP BISCUITS 500G;1;41949.21;1 509.000;18270.12;0.28;50.09;1313.27;73.000;427.30;0.57;37.42;1651.48;92.000;535.39;0.48;37.28;752.88;42.000;243.50;0.24;37.19;1029.66;54.000;339.40;0.33;37.91;380.24;16.000;130.32;0.12;39.42;1189.10;40.000;533.20;0.49;51.57;868.21;29.000;391.89;0.34;51.91;748.25;25.000;337.65;0.28;51.89;1348.05;45.000;608.82;0.51;51.94;506.83;17.000;227.88;0.18;51.71;506.83;17.000;227.88;0.20;51.71;1106.63;37.000;499.05;0.50;51.86;862.21;29.000;386.67;0.34;51.57;418.36;14.000;188.51;0.17;51.82;974.67;33.000;434.38;0.41;51.25;1070.64;36.000;480.27;0.44;51.59;778.24;26.000;351.21;0.31;51.90;803.73;27.000;360.86;0.33;51.63;686.77;23.000;309.23;0.26;51.78;658.28;22.000;296.98;0.25;51.88;0.00;0.000;0.00;0.00;0.00;716.76;24.000;322.79;0.25;51.79;715.26;24.000;321.49;0.29;51.69;478.34;16.000;215.63;0.20;51.84;568.31;19.000;256.30;0.19;51.86;599.80;20.000;271.17;0.23;51.99;419.86;14.000;189.82;0.15;51.99;1737.92;58.000;785.07;0.65;51.95;653.78;22.000;293.06;0.21;51.55;1379.54;46.000;623.68;0.43;51.99;1226.59;41.000;553.28;0.37;51.87;1139.62;38.000;515.21;0.31;51.99;1105.13;37.000;497.74;0.29;51.80;535.32;18.000;240.14;0.14;51.59;719.76;24.000;325.40;0.20;51.99;749.75;25.000;338.96;0.18;51.99;299.90;10.000;135.58;0.07;51.99;569.81;19.000;257.61;0.15;51.99;809.73;27.000;366.07;0.21;51.99;1793.40;60.000;808.28;0.49;51.83;779.74;26.000;352.51;0.21;51.99;1078.14;36.000;486.79;0.30;51.92;716.76;24.000;322.79;0.20;51.79;778.24;26.000;351.21;0.21;51.90;1015.16;34.000;457.07;0.28;51.78;1105.13;37.000;497.74;0.29;51.80;385.37;13.000;172.34;0.11;51.43;989.67;33.000;447.42;0.30;51.99;1228.09;41.000;554.58;0.36;51.93
34102;CROISSANT IMMATATION CREAM LARGE;1;12893.09;1 291.000;4769.29;0.07;42.54;149.85;15.000;55.45;0.07;42.56;189.31;19.000;69.81;0.06;42.41;189.81;19.000;70.24;0.07;42.56;149.85;15.000;55.45;0.05;42.56;69.93;7.000;25.88;0.02;42.56;0.00;0.000;0.00;0.00;0.00;339.66;34.000;125.70;0.11;42.56;489.51;49.000;181.15;0.15;42.56;149.85;15.000;55.45;0.05;42.56;369.63;37.000;136.79;0.11;42.56;0.00;0.000;0.00;0.00;0.00;308.19;31.000;113.30;0.11;42.28;339.66;34.000;125.70;0.11;42.56;249.75;25.000;92.42;0.08;42.56;679.32;68.000;251.39;0.24;42.56;399.60;40.000;147.88;0.13;42.56;429.57;43.000;158.97;0.14;42.56;349.15;35.000;128.96;0.12;42.48;159.84;16.000;59.15;0.05;42.56;79.92;8.000;29.58;0.02;42.56;0.00;0.000;0.00;0.00;0.00;209.79;21.000;77.64;0.06;42.56;439.56;44.000;162.67;0.15;42.56;699.30;70.000;258.79;0.24;42.56;119.88;12.000;44.36;0.03;42.56;289.71;29.000;107.21;0.09;42.56;149.85;15.000;55.45;0.04;42.56;239.76;24.000;88.73;0.07;42.56;349.65;35.000;129.39;0.09;42.56;159.84;16.000;59.15;0.04;42.56;159.84;16.000;59.15;0.04;42.56;318.18;32.000;117.00;0.07;42.29;229.77;23.000;85.03;0.05;42.56;249.75;25.000;92.42;0.05;42.56;349.65;35.000;129.39;0.08;42.56;489.51;49.000;181.15;0.10;42.56;469.53;47.000;173.76;0.09;42.56;439.56;44.000;162.67;0.10;42.56;239.76;24.000;88.73;0.05;42.56;69.93;7.000;25.88;0.02;42.56;199.80;20.000;73.94;0.04;42.56;79.92;8.000;29.58;0.02;42.56;119.88;12.000;44.36;0.03;42.56;119.88;12.000;44.36;0.03;42.56;139.86;14.000;51.76;0.03;42.56;369.63;37.000;136.79;0.08;42.56;299.70;30.000;110.91;0.07;42.56;359.64;36.000;133.09;0.09;42.56;439.56;44.000;162.67;0.11;42.56
34105;DESSERT TOPPING VANILLA CAKE;1;247237.64;3 443.000;59087.63;0.89;27.48;4349.13;88.000;2049.13;2.75;54.18;4649.07;93.000;2211.50;2.00;54.70;6048.79;121.000;2877.33;2.83;54.70;5048.99;101.000;2401.74;2.35;54.70;5798.84;117.000;2738.74;2.44;54.31;5448.91;109.000;2591.97;2.36;54.70;7848.43;157.000;3733.39;3.21;54.70;6798.64;136.000;3234.02;2.71;54.70;6075.24;76.000;1130.18;0.95;21.39;7839.02;98.000;1461.82;1.14;21.45;5599.30;70.000;1044.16;0.91;21.45;4159.48;52.000;775.66;0.78;21.45;3279.59;41.000;611.58;0.53;21.45;6075.24;76.000;1130.18;1.00;21.39;3679.54;46.000;686.16;0.64;21.45;4479.44;56.000;835.33;0.76;21.45;4959.38;62.000;924.82;0.81;21.45;4799.40;60.000;894.99;0.83;21.45;7119.11;89.000;1327.57;1.13;21.45;4079.49;51.000;760.74;0.64;21.45;3919.51;50.000;676.27;0.56;19.84;6879.14;86.000;1282.82;0.98;21.45;4639.42;58.000;865.16;0.78;21.45;4559.43;57.000;850.24;0.78;21.45;4719.41;59.000;880.07;0.66;21.45;5839.27;73.000;1088.91;0.92;21.45;5519.31;69.000;1029.24;0.82;21.45;4479.44;56.000;835.33;0.69;21.45;4479.44;56.000;835.33;0.61;21.45;5679.29;71.000;1059.07;0.74;21.45;6159.23;79.000;1039.29;0.70;19.40;4959.38;63.000;870.18;0.53;20.18;3119.61;39.000;581.74;0.33;21.45;4319.46;54.000;805.49;0.47;21.45;2639.67;33.000;492.25;0.30;21.45;6079.24;76.000;1133.66;0.60;21.45;7679.04;96.000;1431.99;0.73;21.45;5759.28;72.000;1073.99;0.63;21.45;5279.34;66.000;984.49;0.56;21.45;4399.45;55.000;820.41;0.50;21.45;7199.10;90.000;1342.49;0.78;21.45;4959.38;62.000;924.82;0.56;21.45;2959.63;37.000;551.91;0.35;21.45;3999.50;50.000;745.83;0.46;21.45;4799.40;60.000;894.99;0.56;21.45;4559.43;58.000;795.60;0.47;20.07;3359.58;42.000;626.49;0.40;21.45;2239.72;28.000;417.66;0.28;21.45;3919.51;49.000;730.91;0.47;21.45
34106;DOUGHNUT C/TAIL C/MEL;1;6790.29;991.000;3137.70;0.05;53.14;264.47;53.000;150.47;0.20;65.43;429.14;86.000;244.17;0.22;65.43;523.95;105.000;298.11;0.29;65.43;299.40;60.000;170.35;0.17;65.43;234.53;47.000;133.44;0.12;65.43;498.00;100.000;283.04;0.26;65.36;733.53;147.000;417.35;0.36;65.43;99.80;20.000;56.78;0.05;65.43;154.69;31.000;88.01;0.07;65.43;0.00;0.000;0.00;0.00;0.00;59.88;12.000;34.07;0.03;65.43;329.34;66.000;187.38;0.19;65.43;0.00;0.000;0.00;0.00;0.00;0.00;0.000;0.00;0.00;0.00;0.00;0.000;0.00;0.00;0.00;0.00;0.000;0.00;0.00;0.00;83.93;7.000;28.53;0.02;39.10;107.91;9.000;36.68;0.03;39.10;0.00;0.000;0.00;0.00;0.00;0.00;0.000;0.00;0.00;0.00;0.00;0.000;0.00;0.00;0.00;71.94;6.000;24.46;0.02;39.10;0.00;0.000;0.00;0.00;0.00;0.00;0.000;0.00;0.00;0.00;0.00;0.000;0.00;0.00;0.00;0.00;0.000;0.00;0.00;0.00;0.00;0.000;0.00;0.00;0.00;0.00;0.000;0.00;0.00;0.00;239.80;20.000;81.52;0.06;39.10;0.00;0.000;0.00;0.00;0.00;0.00;0.000;0.00;0.00;0.00;0.00;0.000;0.00;0.00;0.00;0.00;0.000;0.00;0.00;0.00;0.00;0.000;0.00;0.00;0.00;0.00;0.000;0.00;0.00;0.00;0.00;0.000;0.00;0.00;0.00;0.00;0.000;0.00;0.00;0.00;0.00;0.000;0.00;0.00;0.00;0.00;0.000;0.00;0.00;0.00;143.88;12.000;48.91;0.03;39.10;659.45;55.000;224.18;0.13;39.10;0.00;0.000;0.00;0.00;0.00;1317.10;110.000;446.80;0.28;39.01;47.96;4.000;16.30;0.01;39.10;0.00;0.000;0.00;0.00;0.00;0.00;0.000;0.00;0.00;0.00;0.00;0.000;0.00;0.00;0.00;275.77;23.000;93.75;0.06;39.10;215.82;18.000;73.37;0.05;39.10
34113;CONEY ROLL;1;51388.33;13 576.000;18028.52;0.27;40.35;2770.14;812.000;999.92;1.34;41.51;2679.54;789.000;945.31;0.85;40.57;2549.66;751.000;887.87;0.87;40.05;2104.26;621.000;656.31;0.64;35.87;3079.04;907.000;918.03;0.82;34.29;2863.79;832.000;876.34;0.80;35.19;3158.28;793.000;1208.07;1.04;43.99;2955.38;742.000;1130.56;0.95;43.99;2601.87;653.000;995.81;0.83;44.01;4319.55;1 085.000;1651.45;1.29;43.97;4271.68;1 072.000;1635.04;1.42;44.02;1598.01;389.000;578.39;0.58;41.62;1180.84;296.000;423.95;0.37;41.29;952.81;239.000;341.76;0.30;41.25;864.23;218.000;307.50;0.29;40.92;882.78;222.000;300.81;0.27;39.19;854.65;215.000;283.37;0.25;38.13;601.69;151.000;200.28;0.18;38.28;684.68;172.000;227.53;0.19;38.22;582.54;146.000;194.32;0.16;38.36;557.20;140.000;185.12;0.15;38.21;470.82;118.000;157.05;0.12;38.36;484.38;122.000;160.29;0.14;38.06;315.21;81.000;100.87;0.09;36.80;402.99;101.000;134.43;0.10;38.36;326.38;82.000;108.44;0.09;38.21;279.30;70.000;93.17;0.07;38.36;426.53;107.000;142.07;0.12;38.30;524.48;132.000;173.77;0.13;38.10;749.72;188.000;249.87;0.17;38.33;393.61;99.000;130.55;0.09;38.14;390.62;98.000;130.09;0.08;38.30;270.52;68.000;89.81;0.05;38.18;167.58;42.000;55.90;0.03;38.36;271.32;68.000;90.51;0.05;38.36;115.71;29.000;38.60;0.02;38.36;267.33;67.000;89.17;0.05;38.36;195.31;49.000;65.04;0.04;38.30;179.55;45.000;59.89;0.03;38.36;538.05;135.000;179.16;0.11;38.29;797.20;200.000;265.50;0.15;38.30;322.39;81.000;107.11;0.06;38.21;333.56;84.000;110.41;0.07;38.07;209.47;53.000;68.80;0.04;37.77;159.60;40.000;53.24;0.03;38.36;151.62;38.000;50.58;0.03;38.36;138.25;35.000;45.37;0.03;37.74;303.24;76.000;101.15;0.07;38.36;90.97;23.000;29.92;0.02;37.82
34118;GINGER BISCUITS 500G;1;206693.52;7 188.000;105434.80;1.59;58.66;3267.36;164.000;791.18;1.06;27.85;4469.76;224.000;1086.75;0.98;27.96;4209.89;211.000;1023.27;1.01;27.95;3226.10;140.000;993.98;0.97;35.43;3678.88;142.000;1304.75;1.16;40.79;3557.19;121.000;1479.07;1.35;47.82;4549.48;152.000;1928.39;1.66;48.75;4479.00;150.000;1893.78;1.59;48.62;4092.13;137.000;1730.79;1.45;48.64;3916.69;131.000;1658.28;1.30;48.69;3292.90;110.000;1395.99;1.22;48.75;2960.01;99.000;1253.26;1.26;48.69;4099.63;137.000;1737.32;1.51;48.73;5383.20;180.000;2279.84;2.02;48.70;4535.98;152.000;1916.65;1.80;48.59;5597.63;187.000;2372.92;2.16;48.75;8532.15;285.000;3617.36;3.16;48.76;4206.09;141.000;1776.53;1.64;48.57;4213.59;141.000;1783.05;1.52;48.66;4389.03;147.000;1855.57;1.55;48.62;5081.80;170.000;2151.16;1.77;48.68;3705.26;124.000;1567.81;1.20;48.66;3889.70;130.000;1648.15;1.49;48.73;4132.26;144.000;2026.85;1.86;56.41;3975.17;133.000;2475.13;1.86;71.60;3916.69;131.000;2439.04;2.05;71.61;3609.29;121.000;2245.53;1.79;71.55;4150.61;139.000;2583.41;2.13;71.58;6601.71;229.000;4050.60;2.94;70.56;4954.34;166.000;3083.04;2.15;71.56;4615.45;155.000;2869.53;1.92;71.50;5329.21;179.000;3313.08;2.00;71.49;4083.13;137.000;2539.49;1.46;71.52;4510.49;151.000;2807.79;1.63;71.59;3309.39;111.000;2058.55;1.24;71.53;3039.48;102.000;1890.27;1.00;71.52;4567.46;154.000;2835.18;1.45;71.38;3939.18;132.000;2451.21;1.44;71.56;4485.00;150.000;2793.00;1.58;71.62;4239.08;142.000;2638.20;1.61;71.57;6440.34;216.000;4006.22;2.34;71.54;4428.01;149.000;2750.82;1.67;71.44;4386.03;147.000;2729.08;1.71;71.56;4153.61;139.000;2586.01;1.58;71.60;2264.24;76.000;1408.02;0.87;71.51;4266.07;143.000;2654.29;1.57;71.55;1907.36;64.000;1186.25;0.76;71.52;2901.53;97.000;1807.21;1.22;71.63;3154.94;106.000;1961.15;1.27;71.49
34119;HAMBURGER BUNS BULK;1;72790.44;25 983.000;19017.76;0.29;30.05;1056.00;480.000;265.46;0.36;28.91;660.00;300.000;165.91;0.15;28.91;880.00;400.000;221.22;0.22;28.91;616.00;280.000;154.85;0.15;28.91;198.00;90.000;49.77;0.04;28.91;130.00;50.000;32.04;0.03;28.35;2158.00;830.000;531.92;0.46;28.35;1991.60;1 107.000;-61.51;-0.05;-3.55;663.00;255.000;163.42;0.14;28.35;130.00;50.000;32.04;0.03;28.35;0.00;0.000;0.00;0.00;0.00;540.00;200.000;167.57;0.17;35.69;567.59;211.000;149.63;0.13;30.32;1708.15;635.000;450.30;0.40;30.32;1589.79;676.000;280.55;0.26;20.29;726.30;469.000;-132.90;-0.12;-21.04;788.17;293.000;207.78;0.18;30.32;807.00;399.000;51.37;0.05;7.32;1129.80;420.000;297.83;0.25;30.32;269.00;100.000;70.91;0.06;30.32;597.18;222.000;157.43;0.13;30.32;1412.25;525.000;372.29;0.29;30.32;672.50;250.000;177.28;0.16;30.32;1358.43;505.000;358.09;0.33;30.31;4169.50;1 550.000;1099.15;0.82;30.32;863.49;321.000;227.63;0.19;30.32;1667.80;620.000;439.66;0.35;30.32;2125.10;790.000;560.21;0.46;30.32;7626.15;2 835.000;2010.38;1.46;30.32;2731.38;897.000;770.66;0.54;32.45;1692.80;529.000;493.35;0.33;33.52;2896.00;905.000;844.01;0.51;33.52;2003.20;626.000;583.81;0.34;33.52;320.00;159.000;-15.89;-0.01;-5.71;1146.12;355.000;339.88;0.20;34.10;1774.57;545.000;534.85;0.28;34.66;2781.90;909.000;737.39;0.38;30.48;1683.00;510.000;519.98;0.31;35.53;2185.42;670.000;660.87;0.37;34.78;3015.37;930.000;901.56;0.55;34.38;1050.23;322.000;317.54;0.19;34.77;4841.10;1 467.000;1495.70;0.91;35.53;1386.00;420.000;428.22;0.27;35.53;165.00;50.000;50.98;0.03;35.53;264.00;80.000;81.57;0.05;35.53;1006.50;305.000;310.97;0.18;35.53;2178.00;660.000;672.91;0.43;35.53;1023.00;310.000;316.07;0.21;35.53;1546.05;471.000;473.04;0.31;35.19
34120;HERTZOGGIES;1;12128.67;2 388.000;3408.71;0.05;32.32;60.00;15.000;16.02;0.02;30.71;56.00;14.000;14.96;0.01;30.71;72.00;18.000;19.23;0.02;30.71;56.00;14.000;14.96;0.01;30.71;152.00;38.000;40.59;0.04;30.71;0.00;0.000;0.00;0.00;0.00;16.00;4.000;4.27;0.00;30.71;0.00;0.000;0.00;0.00;0.00;0.00;0.000;0.00;0.00;0.00;0.00;0.000;0.00;0.00;0.00;48.00;12.000;12.82;0.01;30.71;0.00;0.000;0.00;0.00;0.00;204.00;51.000;54.48;0.05;30.71;8.00;2.000;2.14;0.00;30.71;48.00;12.000;12.82;0.01;30.71;72.00;18.000;19.23;0.02;30.71;0.00;0.000;0.00;0.00;0.00;264.00;66.000;70.51;0.07;30.71;524.00;131.000;139.94;0.12;30.71;428.00;107.000;114.30;0.10;30.71;367.20;92.000;97.58;0.08;30.56;204.00;51.000;54.48;0.04;30.71;480.00;120.000;128.19;0.12;30.71;192.00;48.000;51.28;0.05;30.71;207.20;52.000;54.85;0.04;30.44;175.60;44.000;46.66;0.04;30.55;240.00;60.000;64.10;0.05;30.71;555.20;139.000;147.79;0.12;30.61;563.60;141.000;150.28;0.11;30.66;496.00;124.000;132.46;0.09;30.71;820.00;205.000;218.99;0.15;30.71;592.00;148.000;158.10;0.10;30.71;629.94;150.000;124.35;0.07;22.70;544.34;61.000;168.95;0.10;35.69;179.80;20.000;56.55;0.03;36.17;440.51;49.000;138.54;0.07;36.17;439.61;49.000;137.76;0.07;36.04;422.53;47.000;132.89;0.08;36.17;458.49;51.000;144.20;0.08;36.17;197.78;22.000;62.20;0.04;36.17;0.00;0.000;0.00;0.00;0.00;152.83;17.000;48.07;0.03;36.17;215.76;24.000;67.86;0.04;36.17;296.67;33.000;93.30;0.06;36.17;152.83;17.000;48.07;0.03;36.17;422.53;47.000;132.89;0.08;36.17;503.44;56.000;158.33;0.10;36.17;125.86;14.000;39.58;0.03;36.17;44.95;5.000;14.14;0.01;36.17
34121;HOTDOG ROLLS BULK;1;116986.08;40 599.000;31393.51;0.47;30.86;374.00;170.000;94.02;0.13;28.91;638.00;290.000;160.38;0.14;28.91;1856.80;844.000;466.77;0.46;28.91;1056.00;480.000;265.46;0.26;28.91;1188.00;540.000;298.64;0.27;28.91;572.00;260.000;143.79;0.13;28.91;1531.40;589.000;377.47;0.32;28.35;1209.00;519.000;210.52;0.18;20.03;624.00;240.000;153.81;0.13;28.35;455.00;175.000;112.15;0.09;28.35;2678.00;1 030.000;660.10;0.57;28.35;2774.50;1 318.000;381.87;0.38;15.83;2985.90;1 110.000;787.13;0.68;30.32;1197.05;445.000;315.56;0.28;30.32;1640.90;797.000;127.76;0.12;8.95;807.00;300.000;212.74;0.19;30.32;1022.20;380.000;269.47;0.24;30.32;1829.20;680.000;482.21;0.45;30.32;3402.85;1 265.000;897.05;0.76;30.32;887.70;330.000;234.01;0.20;30.32;3120.40;1 160.000;822.59;0.68;30.32;2152.00;800.000;567.30;0.44;30.32;2742.88;1 020.000;722.51;0.65;30.29;2098.20;780.000;553.12;0.51;30.32;2299.95;855.000;606.31;0.45;30.32;1926.04;785.000;395.27;0.33;23.60;807.00;300.000;212.74;0.17;30.32;564.90;210.000;148.92;0.12;30.32;403.50;209.000;10.20;0.01;2.91;1504.00;470.000;438.33;0.31;33.52;1523.20;476.000;443.92;0.30;33.52;934.40;292.000;272.32;0.16;33.52;2352.00;735.000;685.47;0.39;33.52;2284.80;883.000;353.23;0.21;17.78;495.00;199.000;62.28;0.04;14.47;5843.47;1 946.000;1481.18;0.78;29.15;4257.00;1 315.000;1268.99;0.65;34.28;3762.00;1 170.000;1106.80;0.65;33.83;6792.23;2 100.000;2021.29;1.14;34.22;2631.75;820.000;771.48;0.47;33.71;2792.62;870.000;818.87;0.48;33.72;6335.34;1 958.000;1886.69;1.14;34.25;3255.45;1 009.000;964.18;0.60;34.06;5519.25;1 710.000;1635.85;1.00;34.08;6218.85;1 922.000;1852.00;1.15;34.25;3405.60;1 032.000;1052.19;0.62;35.53;3415.50;1 051.000;1025.65;0.65;34.53;4686.00;1 470.000;1355.28;0.92;33.26;4133.25;1 290.000;1207.63;0.78;33.60
34124;KELLOGGS BISCUIT 500G;1;64643.92;2 378.000;28065.86;0.42;49.93;1083.32;68.000;409.58;0.55;43.48;1134.49;71.000;430.58;0.39;43.65;1160.87;73.000;437.86;0.43;43.38;1691.93;87.000;619.03;0.61;42.08;1051.96;44.000;372.23;0.33;40.69;1305.05;55.000;456.68;0.42;40.24;1195.90;50.000;423.41;0.36;40.72;1724.88;72.000;612.14;0.51;40.81;1429.80;60.000;503.50;0.42;40.50;1381.82;58.000;486.44;0.38;40.48;1694.89;71.000;598.39;0.52;40.60;720.91;29.000;269.31;0.27;42.96;2576.14;86.000;1179.74;1.03;52.66;1315.06;44.000;601.01;0.53;52.56;479.84;16.000;219.97;0.21;52.72;1973.34;66.000;902.17;0.82;52.58;2274.74;76.000;1040.95;0.91;52.63;1944.85;65.000;889.72;0.82;52.61;2604.63;87.000;1192.19;1.02;52.64;1731.92;58.000;790.88;0.66;52.51;2489.17;83.000;1141.11;0.94;52.72;595.30;20.000;271.05;0.21;52.36;1135.12;38.000;518.52;0.47;52.53;1168.11;39.000;534.88;0.49;52.66;1402.03;47.000;639.65;0.48;52.47;538.32;18.000;246.16;0.21;52.59;958.18;32.000;438.64;0.35;52.65;1379.54;46.000;632.42;0.52;52.72;2816.06;94.000;1289.73;0.94;52.67;1583.47;53.000;723.44;0.50;52.54;1018.16;34.000;466.14;0.31;52.65;1408.03;47.000;644.86;0.39;52.67;839.72;28.000;384.95;0.22;52.72;1736.42;58.000;794.79;0.46;52.64;1435.02;48.000;656.00;0.39;52.57;1375.04;46.000;628.51;0.33;52.56;1556.48;52.000;712.30;0.36;52.63;1048.15;35.000;479.88;0.28;52.65;1078.14;36.000;493.63;0.28;52.65;1318.06;44.000;603.62;0.37;52.67;1346.55;45.000;616.06;0.36;52.61;503.83;17.000;228.50;0.14;52.16;386.87;13.000;176.12;0.11;52.35;862.21;29.000;392.18;0.24;52.31;1406.53;47.000;643.56;0.40;52.62;779.74;26.000;357.45;0.21;52.72;805.23;27.000;367.29;0.23;52.46;868.21;29.000;397.40;0.27;52.64;329.89;11.000;151.23;0.10;52.72
34132;PORTUGUESE ROLL;1;18652.31;4 703.000;6395.95;0.10;39.43;962.93;273.000;340.45;0.46;40.66;768.13;214.000;279.71;0.25;41.88;191.36;53.000;70.47;0.07;42.35;342.05;96.000;121.29;0.12;40.78;483.18;135.000;172.46;0.15;41.05;459.59;127.000;154.07;0.14;38.55;557.40;140.000;203.42;0.18;41.97;717.01;180.000;261.85;0.22;42.00;537.85;135.000;196.47;0.16;42.01;622.44;156.000;227.83;0.18;42.09;673.51;169.000;246.12;0.21;42.02;626.49;96.000;149.53;0.15;27.45;380.19;81.000;128.07;0.11;38.74;388.02;98.000;130.67;0.12;38.73;111.72;28.000;38.08;0.04;39.20;131.67;33.000;44.88;0.04;39.20;23.94;6.000;8.16;0.01;39.20;420.74;106.000;142.24;0.13;38.88;802.38;202.000;271.58;0.23;38.92;477.60;120.000;162.15;0.14;39.04;239.40;60.000;81.60;0.07;39.20;91.77;23.000;31.28;0.02;39.20;55.86;14.000;19.04;0.02;39.20;75.81;19.000;25.84;0.02;39.20;147.63;37.000;50.32;0.04;39.20;207.48;52.000;70.72;0.06;39.20;71.82;18.000;24.48;0.02;39.20;95.76;24.000;32.64;0.03;39.20;187.53;47.000;63.92;0.05;39.20;772.06;194.000;262.09;0.18;39.04;87.78;22.000;29.92;0.02;39.20;537.45;135.000;182.55;0.11;39.06;295.26;74.000;100.64;0.06;39.20;255.36;64.000;87.04;0.05;39.20;582.54;146.000;198.55;0.12;39.20;438.90;110.000;149.60;0.08;39.20;438.30;110.000;149.07;0.08;39.11;271.32;68.000;92.48;0.05;39.20;414.96;104.000;141.44;0.08;39.20;478.80;120.000;163.20;0.10;39.20;367.52;94.000;121.28;0.07;37.95;178.35;45.000;60.15;0.04;38.79;191.52;48.000;65.28;0.04;39.20;1139.93;287.000;385.79;0.24;38.92;167.58;42.000;57.12;0.04;39.20;320.79;81.000;108.07;0.06;38.74;254.56;64.000;86.34;0.06;39.01;197.10;50.000;65.91;0.04;38.46;410.97;103.000;140.08;0.09;39.20
34141;WHAMMY BURGER;1;61502.20;12 358.000;12248.98;0.18;22.90;0.00;0.000;0.00;0.00;0.00;95.76;24.000;34.07;0.03;40.91;0.00;0.000;0.00;0.00;0.00;0.00;0.000;0.00;0.00;0.00;77.88;12.000;27.65;0.02;40.84;0.00;0.000;0.00;0.00;0.00;38.94;6.000;13.83;0.01;40.84;0.00;0.000;0.00;0.00;0.00;0.00;0.000;0.00;0.00;0.00;0.00;0.000;0.00;0.00;0.00;0.00;0.000;0.00;0.00;0.00;0.00;0.000;0.00;0.00;0.00;181.72;28.000;64.53;0.06;40.84;0.00;0.000;0.00;0.00;0.00;0.00;0.000;0.00;0.00;0.00;155.76;24.000;55.31;0.05;40.84;64.90;10.000;23.05;0.02;40.84;0.00;0.000;0.00;0.00;0.00;0.00;0.000;0.00;0.00;0.00;0.00;0.000;0.00;0.00;0.00;0.00;0.000;0.00;0.00;0.00;0.00;0.000;0.00;0.00;0.00;0.00;0.000;0.00;0.00;0.00;0.00;0.000;0.00;0.00;0.00;51.92;8.000;18.44;0.01;40.84;0.00;0.000;0.00;0.00;0.00;0.00;0.000;0.00;0.00;0.00;0.00;0.000;0.00;0.00;0.00;0.00;0.000;0.00;0.00;0.00;0.00;0.000;0.00;0.00;0.00;0.00;0.000;0.00;0.00;0.00;0.00;0.000;0.00;0.00;0.00;116.82;18.000;41.48;0.02;40.84;0.00;0.000;0.00;0.00;0.00;0.00;0.000;0.00;0.00;0.00;1290.50;259.000;257.40;0.14;22.94;3826.25;766.000;769.58;0.39;23.13;2639.75;529.000;529.16;0.31;23.05;2675.00;535.000;539.78;0.31;23.21;1874.75;376.000;374.79;0.23;22.99;4565.00;913.000;921.15;0.54;23.21;6150.00;1 230.000;1240.98;0.75;23.21;6320.00;1 313.000;1111.68;0.70;20.23;4455.00;891.000;898.95;0.55;23.21;6040.00;1 230.000;1145.33;0.71;21.81;4213.75;844.000;846.10;0.50;23.09;5430.00;1 086.000;1095.69;0.70;23.21;5668.75;1 137.000;1133.02;0.77;22.99;5569.75;1 119.000;1107.03;0.72;22.86
34687;HOTDOG ROLLS;1;57004.49;17 262.000;18755.47;0.28;37.84;875.01;321.000;295.49;0.40;38.84;728.00;280.000;180.71;0.16;28.55;478.40;184.000;141.38;0.14;33.99;953.94;367.000;237.75;0.23;28.66;1083.42;417.000;266.52;0.24;28.29;1267.37;478.000;327.65;0.30;29.73;1187.03;397.000;389.02;0.33;37.69;962.48;322.000;315.27;0.26;37.67;1417.26;474.000;464.47;0.39;37.69;1957.30;656.000;639.21;0.50;37.56;922.71;309.000;301.75;0.26;37.61;1185.55;374.000;407.56;0.41;39.53;1218.56;381.000;417.67;0.36;39.42;1030.40;322.000;353.46;0.31;39.45;917.76;287.000;314.49;0.30;39.41;1039.84;325.000;351.76;0.32;38.90;1074.88;336.000;345.91;0.30;37.01;1212.48;379.000;390.21;0.36;37.01;1174.40;367.000;378.12;0.32;37.03;1164.80;364.000;375.03;0.31;37.03;716.80;226.000;227.28;0.19;36.46;1216.00;380.000;391.52;0.30;37.03;418.56;155.000;92.36;0.08;25.38;1317.76;412.000;423.93;0.39;37.00;850.08;266.000;273.09;0.20;36.94;575.36;180.000;184.90;0.16;36.96;485.76;152.000;156.05;0.12;36.94;530.88;166.000;170.75;0.14;36.99;623.52;195.000;182.42;0.13;33.64;1385.60;397.000;467.48;0.33;38.80;788.40;219.000;278.79;0.19;40.67;762.12;212.000;268.94;0.16;40.58;504.00;144.000;170.80;0.10;38.97;1011.60;281.000;357.72;0.21;40.67;2469.24;686.000;872.99;0.52;40.66;2249.10;625.000;794.86;0.42;40.64;1064.86;292.000;383.60;0.20;41.43;1850.74;513.000;656.49;0.39;40.79;1630.32;444.000;553.44;0.31;39.04;824.60;217.000;289.81;0.18;40.42;477.66;126.000;167.29;0.10;40.28;1950.54;526.000;660.53;0.40;38.94;3193.14;867.000;1069.69;0.67;38.52;1367.62;419.000;364.31;0.22;30.63;1825.90;488.000;626.96;0.39;39.49;1349.00;355.000;474.12;0.28;40.42;338.20;89.000;118.86;0.08;40.42;1131.07;298.000;396.84;0.27;40.35;2244.47;592.000;786.18;0.51;40.28
34690;OUMA BROOD;1;460790.47;28 442.000;369075.46;5.56;92.11;6148.16;474.000;-11723.61;-15.71;-99.99;6379.38;492.000;2965.96;2.68;53.47;6722.32;518.000;3094.62;3.05;52.94;8942.66;559.000;4593.33;4.49;59.07;8882.01;524.000;4727.93;4.21;61.21;8363.33;507.000;4361.92;3.97;59.98;8664.29;511.000;7413.31;6.38;98.40;8309.80;490.000;7225.91;6.05;100.00;8309.80;490.000;7225.91;6.05;100.00;8923.39;526.000;7759.47;6.07;100.00;8545.96;504.000;7431.27;6.47;100.00;7842.35;490.000;6819.43;6.86;100.00;8683.36;544.000;7550.75;6.57;100.00;8462.70;530.000;7358.87;6.53;100.00;8493.88;532.000;7385.98;6.93;100.00;8174.88;512.000;7108.59;6.47;100.00;8539.46;535.000;7425.62;6.50;100.00;8313.19;521.000;7228.86;6.67;100.00;9293.58;582.000;8081.37;6.88;100.00;8099.73;507.000;7043.24;5.90;100.00;8812.99;561.000;7663.47;6.30;100.00;8377.08;532.000;7284.42;5.59;100.00;8798.49;551.000;7650.86;6.92;100.00;7909.39;501.000;6877.73;6.31;100.00;8829.85;560.000;7678.13;5.76;100.00;9454.08;592.000;8220.94;6.92;100.00;10056.90;630.000;8745.13;6.97;100.00;9097.50;570.000;7910.87;6.52;100.00;13475.19;871.000;11717.56;8.49;100.00;13688.93;822.000;11903.42;8.30;100.00;11201.65;675.000;9740.57;6.53;100.00;11757.48;712.000;10223.90;6.18;100.00;12057.86;714.000;10485.10;6.04;100.00;10754.51;634.000;9351.75;5.43;100.00;11036.12;663.000;9596.63;5.76;100.00;9514.51;574.000;8273.49;4.36;100.00;12021.37;723.000;10453.37;5.36;100.00;10435.24;616.000;9074.12;5.32;100.00;11180.26;659.000;9721.97;5.50;100.00;10805.34;652.000;9395.95;5.73;100.00;11404.95;710.000;9917.35;5.78;100.00;9744.91;599.000;8473.83;5.14;100.00;9365.73;552.000;8144.11;5.11;100.00;9842.99;601.000;8559.12;5.24;100.00;9526.08;577.000;8283.55;5.15;100.00;8686.98;512.000;7553.90;4.47;100.00;9605.90;580.000;8352.96;5.33;100.00;10039.44;608.000;8729.95;5.91;100.00;9214.52;543.000;8012.63;5.18;100.00
34727;S/O WW  DU LGI;1;131873.14;5 695.000;27903.08;0.42;21.16;1893.30;100.000;428.30;0.57;22.62;2028.13;107.000;460.58;0.42;22.71;1758.47;93.000;396.02;0.39;22.52;1804.09;91.000;359.72;0.35;19.94;1693.15;85.000;334.00;0.30;19.73;2221.80;110.000;476.50;0.43;21.45;2146.22;98.000;432.20;0.37;20.14;2454.08;112.000;495.20;0.41;20.18;2170.41;99.000;438.90;0.37;20.22;2436.49;111.000;495.10;0.39;20.32;2369.42;108.000;480.50;0.42;20.28;2150.62;98.000;436.60;0.44;20.30;2279.26;104.000;460.30;0.40;20.20;3180.85;145.000;644.80;0.57;20.27;3377.66;154.000;684.20;0.64;20.26;2697.06;123.000;545.79;0.50;20.24;3289.70;150.000;666.20;0.58;20.25;2387.01;109.000;480.60;0.44;20.13;2587.12;118.000;523.30;0.45;20.23;3177.55;145.000;641.50;0.54;20.19;3372.16;154.000;678.70;0.56;20.13;3050.01;139.000;634.86;0.49;20.82;2460.68;112.000;554.72;0.50;22.54;3093.09;141.000;627.00;0.58;20.27;3503.00;160.000;704.60;0.53;20.11;2667.38;122.000;533.60;0.45;20.00;3358.60;145.000;665.05;0.53;19.80;3117.50;125.000;618.75;0.51;19.85;3359.90;135.000;661.25;0.48;19.68;3952.91;159.000;774.50;0.54;19.59;3324.91;134.000;646.25;0.43;19.44;3347.40;135.000;648.75;0.39;19.38;3234.95;130.000;636.25;0.37;19.67;1844.26;74.000;365.00;0.21;19.79;2411.53;97.000;1257.03;0.75;52.13;2011.69;81.000;746.19;0.39;37.09;2112.90;85.000;603.30;0.31;28.55;2010.44;81.000;496.06;0.29;24.67;2312.82;93.000;453.75;0.26;19.62;2695.17;108.000;536.25;0.33;19.90;2452.15;95.000;474.05;0.28;19.33;2821.21;109.000;549.65;0.33;19.48;2767.93;107.000;538.05;0.34;19.44;2992.74;116.000;575.30;0.35;19.22;2762.73;107.000;532.85;0.33;19.29;2994.04;116.000;576.60;0.34;19.26;3289.03;127.000;642.35;0.41;19.53;3294.23;127.000;647.55;0.44;19.66;3155.39;121.000;644.51;0.42;20.43
34931;ALB TINKIES STRW;1;13778.08;1 512.000;3811.26;0.06;31.81;209.70;30.000;43.09;0.06;23.63;314.55;45.000;64.64;0.06;23.63;426.44;56.000;92.57;0.09;24.96;383.12;48.000;85.07;0.08;25.54;279.65;35.000;61.95;0.06;25.48;327.59;41.000;72.53;0.07;25.46;199.75;25.000;44.22;0.04;25.46;247.69;31.000;54.84;0.05;25.46;302.82;38.000;66.52;0.06;25.26;167.79;21.000;37.15;0.03;25.46;302.21;34.000;85.84;0.07;32.67;314.65;35.000;82.22;0.08;30.05;278.69;31.000;72.79;0.06;30.04;296.67;33.000;77.53;0.07;30.05;278.69;31.000;72.83;0.07;30.05;89.90;10.000;23.49;0.02;30.05;278.69;31.000;72.83;0.06;30.05;377.58;42.000;98.67;0.09;30.05;197.78;22.000;51.68;0.04;30.05;224.75;25.000;58.73;0.05;30.05;35.96;4.000;9.40;0.01;30.05;269.70;30.000;70.48;0.05;30.05;98.89;11.000;25.84;0.02;30.05;142.94;16.000;36.81;0.03;29.61;251.72;28.000;65.78;0.05;30.05;339.37;38.000;87.32;0.07;29.59;386.57;43.000;111.54;0.09;33.18;202.78;22.000;58.79;0.05;33.34;299.70;30.000;92.74;0.07;35.58;209.79;21.000;64.92;0.05;35.58;369.63;37.000;114.38;0.08;35.58;289.71;29.000;89.65;0.05;35.58;159.84;16.000;49.46;0.03;35.58;149.85;15.000;46.37;0.03;35.58;209.79;21.000;64.92;0.04;35.58;119.88;12.000;37.09;0.02;35.58;179.82;18.000;55.64;0.03;35.58;129.37;13.000;39.75;0.02;35.34;149.85;15.000;46.37;0.03;35.58;289.71;29.000;89.65;0.05;35.58;179.82;18.000;55.64;0.03;35.58;389.61;39.000;120.56;0.07;35.58;229.77;23.000;71.10;0.04;35.58;209.79;21.000;64.92;0.04;35.58;598.90;60.000;185.04;0.11;35.53;878.12;88.000;271.16;0.16;35.51;489.51;49.000;151.47;0.10;35.58;609.39;61.000;188.57;0.13;35.58;409.59;41.000;126.74;0.08;35.58
34932;ALB TINKIES VAN WHIZZ;1;13861.29;1 541.000;3786.92;0.06;31.42;510.27;73.000;104.86;0.14;23.63;405.42;58.000;83.32;0.08;23.63;506.33;67.000;109.28;0.11;24.82;390.71;49.000;86.50;0.08;25.46;359.55;45.000;79.64;0.07;25.47;327.59;41.000;72.53;0.07;25.46;191.76;24.000;42.45;0.04;25.46;287.64;36.000;63.68;0.05;25.46;263.67;33.000;58.37;0.05;25.46;255.28;32.000;56.26;0.04;25.34;365.14;41.000;94.19;0.08;29.66;323.64;36.000;84.57;0.09;30.05;233.74;26.000;60.98;0.05;30.00;143.84;16.000;37.52;0.03;30.00;242.73;27.000;63.37;0.06;30.02;170.81;19.000;44.64;0.04;30.05;305.66;34.000;79.88;0.07;30.05;305.66;34.000;79.88;0.07;30.05;152.83;17.000;39.94;0.03;30.05;152.83;17.000;39.94;0.03;30.05;161.82;18.000;42.29;0.03;30.05;233.74;26.000;61.08;0.05;30.05;170.81;19.000;44.64;0.04;30.05;151.93;17.000;39.16;0.04;29.64;197.78;22.000;51.68;0.04;30.05;187.44;21.000;48.16;0.04;29.55;349.71;39.000;97.15;0.08;31.95;222.76;24.000;69.68;0.06;35.97;209.79;21.000;71.77;0.05;39.34;228.27;23.000;69.79;0.05;35.16;189.81;19.000;58.73;0.04;35.58;309.69;31.000;95.83;0.06;35.58;319.18;32.000;98.48;0.06;35.48;359.64;36.000;111.28;0.06;35.58;159.84;16.000;49.46;0.03;35.58;189.81;19.000;58.73;0.03;35.58;219.78;22.000;68.01;0.03;35.58;239.26;24.000;73.75;0.04;35.45;239.76;24.000;74.19;0.04;35.58;119.88;12.000;37.09;0.02;35.58;109.89;11.000;34.00;0.02;35.58;139.86;14.000;43.28;0.03;35.58;139.86;14.000;43.28;0.03;35.58;239.76;24.000;74.19;0.05;35.58;679.32;68.000;210.20;0.13;35.58;748.75;75.000;231.41;0.14;35.54;449.05;45.000;138.67;0.09;35.51;559.44;56.000;173.11;0.12;35.58;439.56;44.000;136.01;0.09;35.58
34934;ALB TINKIES FDG SWRL;1;19140.79;2 091.000;5316.35;0.08;31.94;384.45;55.000;79.01;0.11;23.63;643.08;92.000;132.16;0.12;23.63;579.24;76.000;125.72;0.12;24.96;391.11;49.000;86.85;0.08;25.54;303.62;38.000;67.53;0.06;25.58;311.61;39.000;68.99;0.06;25.46;0.00;0.000;0.00;0.00;0.00;247.69;31.000;54.84;0.05;25.46;415.08;52.000;91.64;0.08;25.39;167.79;21.000;37.15;0.03;25.46;376.13;42.000;102.04;0.09;31.20;206.77;23.000;54.03;0.05;30.05;314.65;35.000;82.10;0.07;30.01;259.81;29.000;67.35;0.06;29.81;377.58;42.000;98.67;0.09;30.05;278.69;31.000;72.83;0.07;30.05;332.63;37.000;86.92;0.08;30.05;467.03;52.000;121.77;0.11;29.98;368.14;41.000;95.93;0.08;29.97;287.23;32.000;74.79;0.06;29.94;242.73;27.000;63.43;0.05;30.05;341.17;38.000;88.88;0.07;29.96;296.67;33.000;77.53;0.07;30.05;350.61;39.000;91.62;0.08;30.05;251.72;28.000;65.78;0.05;30.05;494.00;55.000;128.82;0.11;29.99;449.05;50.000;117.07;0.09;29.98;353.67;38.000;98.09;0.08;31.90;339.66;34.000;105.10;0.08;35.58;269.73;27.000;83.46;0.06;35.58;439.56;44.000;136.01;0.09;35.58;399.60;40.000;123.65;0.07;35.58;509.49;51.000;157.65;0.09;35.58;419.58;42.000;129.83;0.08;35.58;548.45;55.000;169.15;0.10;35.47;309.69;31.000;95.83;0.05;35.58;269.73;27.000;83.46;0.04;35.58;259.24;26.000;79.94;0.05;35.46;359.64;36.000;111.28;0.06;35.58;179.82;18.000;55.64;0.03;35.58;459.54;46.000;142.20;0.08;35.58;459.54;46.000;142.20;0.09;35.58;419.58;42.000;129.83;0.08;35.58;459.54;46.000;142.20;0.09;35.58;549.45;55.000;170.02;0.11;35.58;1028.97;103.000;318.40;0.19;35.58;829.17;83.000;256.57;0.16;35.58;719.28;72.000;222.57;0.15;35.58;419.58;42.000;129.83;0.08;35.58
34935;ALB TINKIES CHOC POT;1;19946.36;2 194.000;5490.20;0.08;31.65;538.23;77.000;110.61;0.15;23.63;496.29;71.000;101.99;0.09;23.63;638.17;83.000;139.27;0.14;25.10;447.44;56.000;99.65;0.10;25.61;375.53;47.000;83.51;0.07;25.57;399.50;50.000;88.45;0.08;25.46;167.79;21.000;37.15;0.03;25.46;367.54;46.000;81.37;0.07;25.46;287.24;36.000;63.33;0.05;25.36;319.60;40.000;70.76;0.06;25.46;303.66;34.000;80.16;0.07;30.36;369.13;42.000;91.32;0.09;28.45;405.53;47.000;95.48;0.08;27.08;287.68;32.000;75.18;0.07;30.05;340.72;38.000;88.49;0.08;29.87;404.55;45.000;105.72;0.10;30.05;538.50;60.000;140.18;0.12;29.94;520.97;58.000;135.87;0.13;29.99;350.61;39.000;91.62;0.08;30.05;314.65;35.000;82.23;0.07;30.05;188.79;21.000;49.34;0.04;30.05;314.65;35.000;82.23;0.06;30.05;358.25;40.000;92.80;0.08;29.79;197.78;22.000;51.68;0.05;30.05;359.60;40.000;93.97;0.07;30.05;375.78;42.000;97.11;0.08;29.72;494.00;55.000;133.63;0.11;31.11;257.72;28.000;79.41;0.07;35.44;319.68;32.000;101.06;0.07;36.36;269.73;27.000;83.46;0.06;35.58;419.58;42.000;129.83;0.09;35.58;389.61;39.000;120.56;0.07;35.58;319.68;32.000;98.92;0.06;35.58;159.84;16.000;49.46;0.03;35.58;359.64;36.000;111.28;0.07;35.58;349.65;35.000;108.19;0.06;35.58;359.64;36.000;111.28;0.06;35.58;369.13;37.000;113.94;0.07;35.50;459.54;46.000;142.20;0.08;35.58;219.78;22.000;68.01;0.04;35.58;298.20;30.000;91.43;0.05;35.26;449.05;45.000;138.67;0.08;35.51;399.60;40.000;123.65;0.08;35.58;439.56;44.000;136.01;0.08;35.58;868.13;87.000;268.07;0.17;35.51;859.14;86.000;265.85;0.16;35.58;788.71;79.000;243.77;0.16;35.54;769.23;77.000;238.03;0.16;35.58;659.34;66.000;204.02;0.13;35.58
38815;GB PRE-FRIED LONG DOUGHNUT;1;7352.64;736.000;2662.20;0.04;41.64;0.00;0.000;0.00;0.00;0.00;0.00;0.000;0.00;0.00;0.00;0.00;0.000;0.00;0.00;0.00;0.00;0.000;0.00;0.00;0.00;0.00;0.000;0.00;0.00;0.00;0.00;0.000;0.00;0.00;0.00;0.00;0.000;0.00;0.00;0.00;0.00;0.000;0.00;0.00;0.00;0.00;0.000;0.00;0.00;0.00;0.00;0.000;0.00;0.00;0.00;0.00;0.000;0.00;0.00;0.00;0.00;0.000;0.00;0.00;0.00;0.00;0.000;0.00;0.00;0.00;0.00;0.000;0.00;0.00;0.00;0.00;0.000;0.00;0.00;0.00;0.00;0.000;0.00;0.00;0.00;0.00;0.000;0.00;0.00;0.00;0.00;0.000;0.00;0.00;0.00;0.00;0.000;0.00;0.00;0.00;0.00;0.000;0.00;0.00;0.00;0.00;0.000;0.00;0.00;0.00;0.00;0.000;0.00;0.00;0.00;949.05;95.000;364.38;0.33;44.15;1798.20;180.000;656.99;0.60;42.02;599.40;60.000;219.00;0.16;42.02;599.40;60.000;219.00;0.18;42.02;749.25;75.000;273.75;0.22;42.02;799.20;80.000;292.00;0.24;42.02;399.60;40.000;140.96;0.10;40.57;999.00;100.000;339.82;0.24;39.12;199.80;20.000;67.96;0.05;39.12;199.80;20.000;67.96;0.04;39.12;59.94;6.000;20.39;0.01;39.12;0.00;0.000;0.00;0.00;0.00;0.00;0.000;0.00;0.00;0.00;0.00;0.000;0.00;0.00;0.00;0.00;0.000;0.00;0.00;0.00;0.00;0.000;0.00;0.00;0.00;0.00;0.000;0.00;0.00;0.00;0.00;0.000;0.00;0.00;0.00;0.00;0.000;0.00;0.00;0.00;0.00;0.000;0.00;0.00;0.00;0.00;0.000;0.00;0.00;0.00;0.00;0.000;0.00;0.00;0.00;0.00;0.000;0.00;0.00;0.00;0.00;0.000;0.00;0.00;0.00;0.00;0.000;0.00;0.00;0.00;0.00;0.000;0.00;0.00;0.00;0.00;0.000;0.00;0.00;0.00
38977;CARAMEL DOUGHNUT;1;212320.82;11 757.000;76501.19;1.15;41.44;5070.57;423.000;1875.42;2.51;42.53;5703.64;476.000;2108.45;1.91;42.51;4204.29;351.000;1553.41;1.53;42.49;4608.13;346.000;1686.13;1.65;42.08;6355.00;335.000;2313.44;2.06;41.86;5802.39;306.000;2111.02;1.92;41.84;4930.75;260.000;1794.21;1.54;41.85;5997.99;316.000;2185.20;1.83;41.90;6388.23;337.000;2323.15;1.95;41.82;6185.04;326.000;2251.96;1.76;41.87;5842.27;308.000;2126.51;1.85;41.86;4422.77;233.000;1589.64;1.60;41.33;6313.22;333.000;2259.66;1.97;41.16;5656.17;298.000;2027.81;1.80;41.23;5086.47;268.000;1823.42;1.71;41.23;4651.60;245.000;1668.37;1.52;41.25;6387.28;339.000;2265.86;1.98;40.80;4877.58;257.000;1748.47;1.61;41.22;2845.65;150.000;1019.48;0.87;41.20;1707.20;90.000;611.52;0.51;41.19;1232.45;65.000;441.20;0.36;41.17;3170.38;167.000;1136.95;0.87;41.24;2255.06;119.000;806.62;0.73;41.13;2107.89;111.000;756.25;0.69;41.26;2867.49;151.000;1028.77;0.77;41.26;700.73;37.000;250.43;0.21;41.10;3360.28;177.000;1205.08;0.96;41.24;3057.39;161.000;1096.90;0.90;41.26;3095.37;163.000;1110.53;0.81;41.26;4006.89;211.000;1437.55;1.00;41.26;3341.29;176.000;1198.27;0.80;41.24;4023.03;212.000;1441.89;0.87;41.22;3816.99;201.000;1369.42;0.79;41.26;4272.75;226.000;1523.23;0.88;41.00;3149.49;166.000;1128.49;0.68;41.21;4061.96;215.000;1446.64;0.76;40.96;4196.79;221.000;1505.68;0.77;41.26;3889.15;205.000;1393.37;0.82;41.20;4536.71;239.000;1626.67;0.92;41.23;4250.91;224.000;1523.64;0.93;41.22;5466.27;288.000;1959.68;1.14;41.23;5524.19;291.000;1980.94;1.20;41.24;4062.91;214.000;1457.17;0.91;41.24;5219.40;275.000;1871.11;1.15;41.23;4403.78;233.000;1569.27;0.98;40.98;4859.54;256.000;1742.49;1.03;41.24;4937.40;260.000;1771.39;1.13;41.26;4633.56;244.000;1662.38;1.12;41.26;4784.53;252.000;1716.06;1.11;41.25
39422;CREAM HORN;1;10129.71;777.000;3705.34;0.06;42.07;90.93;7.000;34.27;0.05;43.34;51.96;4.000;19.58;0.02;43.34;298.77;23.000;112.60;0.11;43.34;262.86;22.000;109.37;0.11;47.85;178.45;20.000;70.37;0.06;45.35;457.14;51.000;181.27;0.17;45.60;323.64;36.000;128.79;0.11;45.76;170.81;19.000;67.97;0.06;45.76;71.92;8.000;28.62;0.02;45.76;314.65;35.000;125.21;0.10;45.76;350.61;39.000;139.52;0.12;45.76;116.87;13.000;46.51;0.05;45.76;296.67;33.000;118.05;0.10;45.76;17.98;2.000;7.15;0.01;45.76;44.05;5.000;17.10;0.02;44.65;44.95;5.000;17.89;0.02;45.76;71.92;8.000;28.62;0.03;45.76;0.00;0.000;0.00;0.00;0.00;35.96;4.000;14.31;0.01;45.76;0.00;0.000;0.00;0.00;0.00;152.83;17.000;60.82;0.05;45.76;0.00;0.000;0.00;0.00;0.00;44.95;5.000;17.89;0.02;45.76;0.00;0.000;0.00;0.00;0.00;0.00;0.000;0.00;0.00;0.00;0.00;0.000;0.00;0.00;0.00;0.00;0.000;0.00;0.00;0.00;0.00;0.000;0.00;0.00;0.00;0.00;0.000;0.00;0.00;0.00;0.00;0.000;0.00;0.00;0.00;543.66;34.000;190.55;0.13;40.31;0.00;0.000;0.00;0.00;0.00;0.00;0.000;0.00;0.00;0.00;0.00;0.000;0.00;0.00;0.00;0.00;0.000;0.00;0.00;0.00;0.00;0.000;0.00;0.00;0.00;127.92;8.000;44.83;0.02;40.31;335.79;21.000;117.69;0.07;40.31;319.80;20.000;112.09;0.06;40.31;239.85;15.000;84.07;0.05;40.31;671.58;42.000;235.38;0.14;40.31;191.88;12.000;67.25;0.04;40.31;511.68;32.000;179.34;0.11;40.31;415.74;26.000;145.71;0.09;40.31;303.81;19.000;106.48;0.07;40.31;575.64;36.000;201.76;0.12;40.31;815.49;51.000;285.82;0.18;40.31;655.59;41.000;229.78;0.16;40.31;1023.36;64.000;358.68;0.23;40.31
39921;SPAR STACK TOM&HERB;1;9972.48;720.000;1857.43;0.03;21.42;311.76;24.000;63.54;0.09;23.44;402.04;31.000;83.74;0.08;23.95;258.01;19.000;51.97;0.05;23.16;288.58;22.000;54.42;0.05;21.69;244.12;18.000;48.77;0.04;22.98;139.90;10.000;27.67;0.03;22.74;125.21;9.000;26.64;0.02;24.47;209.15;15.000;41.83;0.04;23.00;209.15;15.000;40.89;0.03;22.49;167.88;12.000;33.20;0.03;22.74;264.41;19.000;51.35;0.04;22.33;349.05;25.000;68.56;0.07;22.59;255.81;19.000;49.57;0.04;22.28;157.17;11.000;31.07;0.03;22.73;245.61;17.000;49.07;0.05;22.97;186.92;13.000;36.74;0.03;22.60;144.90;10.000;29.23;0.03;23.20;159.39;11.000;32.16;0.03;23.20;271.59;19.000;54.61;0.05;23.12;347.76;24.000;73.04;0.06;24.15;274.58;19.000;54.91;0.05;23.00;173.88;12.000;35.08;0.03;23.20;237.33;17.000;41.87;0.04;20.29;289.29;21.000;49.21;0.05;19.56;115.92;8.000;23.39;0.02;23.20;171.72;12.000;33.20;0.03;22.23;158.67;11.000;31.53;0.03;22.85;167.37;13.000;19.74;0.02;13.56;165.87;13.000;23.72;0.02;16.44;125.21;9.000;21.79;0.02;20.01;216.49;16.000;33.42;0.02;17.75;133.90;10.000;19.67;0.01;16.89;223.84;16.000;39.81;0.02;20.46;194.46;14.000;33.62;0.02;19.88;403.61;29.000;70.34;0.04;20.04;405.01;29.000;71.56;0.04;20.32;402.91;29.000;69.73;0.04;19.90;207.05;15.000;34.89;0.02;19.38;417.80;30.000;73.00;0.04;20.09;265.11;19.000;46.67;0.03;20.25;232.93;17.000;38.04;0.02;18.78;251.12;18.000;44.18;0.03;20.23;0.00;0.000;0.00;0.00;0.00;0.00;0.000;0.00;0.00;0.00;0.00;0.000;0.00;0.00;0.00;0.00;0.000;0.00;0.00;0.00;0.00;0.000;0.00;0.00;0.00;0.00;0.000;0.00;0.00;0.00;0.00;0.000;0.00;0.00;0.00
39922;SPAR STACK RYE&CAR;1;11259.46;813.000;2112.74;0.03;21.58;361.77;28.000;72.36;0.10;23.00;389.70;30.000;80.93;0.07;23.88;392.16;29.000;79.53;0.08;23.32;489.94;38.000;85.03;0.08;19.96;344.75;25.000;71.62;0.06;23.89;293.79;21.000;58.10;0.05;22.74;223.84;16.000;48.50;0.04;24.92;291.69;21.000;58.16;0.05;22.93;279.10;20.000;54.73;0.05;22.55;265.81;19.000;52.57;0.04;22.74;293.79;21.000;58.10;0.05;22.74;321.07;23.000;63.03;0.06;22.58;358.74;26.000;71.33;0.06;22.87;268.65;19.000;52.28;0.05;22.38;171.71;12.000;33.40;0.03;22.37;230.40;16.000;45.73;0.04;22.83;173.16;12.000;34.45;0.03;22.88;231.84;16.000;46.77;0.04;23.20;274.59;19.000;57.51;0.05;24.08;275.31;19.000;55.83;0.05;23.32;303.57;21.000;60.76;0.05;23.02;173.88;12.000;35.08;0.03;23.20;192.36;14.000;31.79;0.03;19.01;211.35;15.000;38.92;0.04;21.18;217.35;15.000;43.85;0.03;23.20;231.12;16.000;46.15;0.04;22.96;144.17;10.000;28.60;0.02;22.81;128.80;10.000;15.23;0.01;13.60;179.26;14.000;24.72;0.02;15.86;69.25;5.000;11.83;0.01;19.65;200.50;15.000;29.20;0.02;16.75;245.12;18.000;38.97;0.02;18.28;293.79;21.000;52.26;0.03;20.46;209.15;15.000;36.72;0.02;20.19;290.99;21.000;49.82;0.03;19.69;333.66;24.000;57.90;0.03;19.95;405.01;29.000;71.56;0.04;20.32;262.31;19.000;44.24;0.03;19.39;375.63;27.000;65.36;0.04;20.01;250.42;18.000;44.23;0.03;20.31;223.14;16.000;40.19;0.02;20.71;358.84;26.000;60.44;0.04;19.37;27.98;2.000;4.98;0.00;20.46;0.00;0.000;0.00;0.00;0.00;0.00;0.000;0.00;0.00;0.00;0.00;0.000;0.00;0.00;0.00;0.00;0.000;0.00;0.00;0.00;0.00;0.000;0.00;0.00;0.00;0.00;0.000;0.00;0.00;0.00
40065;DOUGHNUT IMITAT CREAM 2'S;1;50883.05;2 009.000;12911.29;0.19;29.18;15.99;1.000;3.78;0.01;27.22;0.00;0.000;0.00;0.00;0.00;0.00;0.000;0.00;0.00;0.00;15.99;1.000;3.78;0.00;27.22;543.66;34.000;128.67;0.11;27.22;15.99;1.000;3.78;0.00;27.22;0.00;0.000;0.00;0.00;0.00;0.00;0.000;0.00;0.00;0.00;0.00;0.000;0.00;0.00;0.00;0.00;0.000;0.00;0.00;0.00;0.00;0.000;0.00;0.00;0.00;979.65;35.000;302.37;0.30;35.49;1483.47;53.000;457.87;0.40;35.49;559.80;20.000;172.78;0.15;35.49;839.70;30.000;259.17;0.24;35.49;530.41;19.000;162.93;0.15;35.32;279.90;10.000;86.39;0.08;35.49;446.44;16.000;137.01;0.13;35.29;2208.41;79.000;680.06;0.58;35.41;0.00;0.000;0.00;0.00;0.00;0.00;0.000;0.00;0.00;0.00;0.00;0.000;0.00;0.00;0.00;1239.95;49.000;308.92;0.28;28.65;0.00;0.000;0.00;0.00;0.00;584.46;23.000;147.13;0.11;28.95;251.91;9.000;77.75;0.07;35.49;1276.15;50.000;324.70;0.26;29.26;279.90;10.000;86.39;0.07;35.49;1508.70;60.000;369.91;0.27;28.20;1374.73;55.000;331.92;0.23;27.77;2450.98;98.000;592.69;0.40;27.81;136.96;5.000;40.60;0.02;34.09;195.93;7.000;60.47;0.03;35.49;2033.21;81.000;496.31;0.29;28.07;278.50;10.000;85.17;0.05;35.17;951.74;38.000;231.00;0.12;27.91;1754.00;88.000;143.62;0.07;9.42;2238.94;110.000;219.90;0.13;11.30;2543.50;99.000;657.44;0.37;29.72;2564.85;101.000;644.60;0.39;28.90;2413.96;94.000;623.30;0.36;29.69;3908.21;156.000;949.24;0.58;27.93;0.00;0.000;0.00;0.00;0.00;3091.85;120.000;804.57;0.49;29.93;3368.17;125.000;966.34;0.60;32.99;3629.66;136.000;1021.03;0.60;32.35;2025.75;77.000;552.62;0.35;31.37;2721.68;104.000;733.88;0.50;31.01;139.95;5.000;43.20;0.03;35.49
40158;JELLY CREAM TART SMALL;1;8466.70;710.000;3173.29;0.05;43.10;0.00;0.000;0.00;0.00;0.00;0.00;0.000;0.00;0.00;0.00;0.00;0.000;0.00;0.00;0.00;0.00;0.000;0.00;0.00;0.00;0.00;0.000;0.00;0.00;0.00;0.00;0.000;0.00;0.00;0.00;0.00;0.000;0.00;0.00;0.00;239.77;23.000;175.79;0.15;84.31;215.82;18.000;78.77;0.07;41.97;251.79;21.000;91.90;0.07;41.97;395.07;33.000;143.89;0.13;41.88;287.76;24.000;105.03;0.11;41.97;143.88;12.000;52.51;0.05;41.97;0.00;0.000;0.00;0.00;0.00;107.91;9.000;39.38;0.04;41.97;0.00;0.000;0.00;0.00;0.00;0.00;0.000;0.00;0.00;0.00;741.58;62.000;269.75;0.25;41.83;227.81;19.000;83.15;0.07;41.97;467.61;39.000;170.67;0.14;41.97;465.81;39.000;169.10;0.14;41.75;299.75;25.000;109.40;0.08;41.97;107.91;9.000;39.38;0.04;41.97;191.84;16.000;70.02;0.06;41.97;155.27;13.000;56.37;0.04;41.75;165.46;14.000;59.18;0.05;41.13;321.93;27.000;116.59;0.09;41.65;0.00;0.000;0.00;0.00;0.00;47.96;4.000;17.50;0.01;41.97;0.00;0.000;0.00;0.00;0.00;0.00;0.000;0.00;0.00;0.00;0.00;0.000;0.00;0.00;0.00;227.81;19.000;83.15;0.05;41.97;119.90;10.000;43.76;0.03;41.97;239.80;20.000;87.52;0.05;41.97;346.51;29.000;125.86;0.07;41.77;143.88;12.000;52.51;0.03;41.97;203.83;17.000;74.39;0.04;41.97;143.88;12.000;52.51;0.03;41.97;0.00;0.000;0.00;0.00;0.00;0.00;0.000;0.00;0.00;0.00;95.92;8.000;35.01;0.02;41.97;0.00;0.000;0.00;0.00;0.00;479.60;40.000;175.04;0.11;41.97;587.51;49.000;214.43;0.13;41.97;443.63;37.000;161.92;0.10;41.97;599.50;50.000;218.80;0.14;41.97;0.00;0.000;0.00;0.00;0.00;0.00;0.000;0.00;0.00;0.00
40305;PIZZA SLICE;1;34074.56;3 377.000;13964.52;0.21;47.13;116.91;9.000;32.36;0.04;31.83;25.98;2.000;7.19;0.01;31.83;129.90;10.000;35.96;0.04;31.83;12.99;1.000;3.60;0.00;31.83;129.90;10.000;35.96;0.03;31.83;570.91;44.000;157.64;0.14;31.75;519.60;40.000;143.83;0.12;31.83;1938.06;194.000;806.45;0.68;47.85;2886.11;289.000;1200.49;1.01;47.83;2097.90;210.000;872.96;0.68;47.85;1956.54;196.000;813.46;0.71;47.81;679.32;68.000;282.67;0.28;47.85;1018.98;102.000;424.01;0.37;47.85;169.83;17.000;70.67;0.06;47.85;269.73;27.000;112.24;0.11;47.85;2117.88;212.000;881.27;0.80;47.85;1257.74;126.000;522.91;0.46;47.81;589.41;59.000;245.26;0.23;47.85;439.06;44.000;182.47;0.16;47.79;639.36;64.000;266.05;0.22;47.85;559.44;56.000;232.79;0.19;47.85;349.65;35.000;145.49;0.11;47.85;549.45;55.000;228.63;0.21;47.85;766.21;77.000;317.46;0.29;47.65;179.82;18.000;74.83;0.06;47.85;697.80;70.000;289.68;0.24;47.74;419.58;42.000;174.59;0.14;47.85;1158.34;116.000;481.77;0.40;47.83;1048.95;105.000;436.48;0.32;47.85;659.34;66.000;274.36;0.19;47.85;499.50;50.000;207.85;0.14;47.85;549.45;55.000;228.63;0.14;47.85;519.48;52.000;216.16;0.12;47.85;229.77;23.000;95.61;0.06;47.85;539.46;54.000;224.48;0.13;47.85;119.88;12.000;49.88;0.03;47.85;429.57;43.000;178.75;0.09;47.85;489.51;49.000;203.69;0.12;47.85;959.04;96.000;399.07;0.23;47.85;679.32;68.000;282.67;0.17;47.85;679.32;68.000;282.67;0.16;47.85;1728.27;173.000;719.15;0.44;47.85;689.31;69.000;286.83;0.18;47.85;599.40;60.000;249.42;0.15;47.85;529.47;53.000;220.32;0.14;47.85;139.86;14.000;58.20;0.03;47.85;219.78;22.000;91.45;0.06;47.85;259.74;26.000;108.08;0.07;47.85;259.74;26.000;108.08;0.07;47.85
41464;OUPA BROOD;1;67573.91;4 319.000;46951.87;0.71;79.90;2654.97;223.000;-5400.46;-7.24;-99.99;2623.41;219.000;1216.03;1.10;53.31;1987.34;166.000;895.40;0.88;51.81;2519.15;165.000;1300.71;1.27;59.38;3235.57;203.000;1718.49;1.53;61.08;638.00;40.000;338.69;0.31;61.05;573.24;36.000;498.47;0.43;100.00;765.92;48.000;666.02;0.56;100.00;219.86;14.000;191.18;0.16;100.00;939.41;59.000;816.88;0.64;100.00;958.60;60.000;833.57;0.73;100.00;1133.69;71.000;985.82;0.99;100.00;1908.40;120.000;1659.48;1.44;100.00;751.53;47.000;653.50;0.58;100.00;187.08;12.000;162.68;0.15;100.00;941.81;59.000;818.97;0.75;100.00;558.05;35.000;485.26;0.42;100.00;191.08;12.000;166.16;0.15;100.00;590.03;37.000;513.07;0.44;100.00;335.79;21.000;291.99;0.24;100.00;415.74;26.000;361.51;0.30;100.00;1001.77;63.000;871.10;0.67;100.00;598.82;38.000;520.71;0.47;100.00;301.41;19.000;262.10;0.24;100.00;0.00;0.000;0.00;0.00;0.00;702.76;44.000;611.10;0.51;100.00;2548.00;160.000;2215.65;1.77;100.00;3240.37;203.000;2817.71;2.32;100.00;3364.29;211.000;2925.47;2.12;100.00;2636.06;159.000;2292.23;1.60;100.00;2287.10;135.000;1988.78;1.33;100.00;2210.49;131.000;1922.17;1.16;100.00;2623.80;155.000;2281.57;1.31;100.00;2766.50;170.000;2405.65;1.40;100.00;1467.93;87.000;1276.46;0.77;100.00;1949.45;115.000;1695.17;0.89;100.00;1928.36;114.000;1676.83;0.86;100.00;1647.23;102.000;1432.37;0.84;100.00;1984.43;117.000;1725.59;0.98;100.00;1737.84;106.000;1511.17;0.92;100.00;2083.82;123.000;1812.02;1.06;100.00;373.78;22.000;325.03;0.20;100.00;543.68;32.000;472.77;0.30;100.00;1058.58;67.000;920.50;0.56;100.00;1210.53;77.000;1052.63;0.65;100.00;388.22;23.000;337.58;0.20;100.00;1371.39;86.000;1192.51;0.76;100.00;1044.85;65.000;908.57;0.61;100.00;373.78;22.000;325.03;0.21;100.00
42401;BANANA BREAD MINI;1;43802.71;3 359.000;18146.57;0.27;47.64;0.00;0.000;0.00;0.00;0.00;0.00;0.000;0.00;0.00;0.00;0.00;0.000;0.00;0.00;0.00;0.00;0.000;0.00;0.00;0.00;0.00;0.000;0.00;0.00;0.00;749.25;75.000;314.02;0.29;48.20;419.08;42.000;175.42;0.15;48.14;429.57;43.000;180.04;0.15;48.20;598.90;60.000;250.78;0.21;48.15;279.72;28.000;117.23;0.09;48.20;469.03;47.000;196.35;0.17;48.14;309.69;31.000;129.80;0.13;48.20;369.63;37.000;154.92;0.13;48.20;349.65;35.000;146.54;0.13;48.20;299.70;30.000;125.61;0.12;48.20;499.50;50.000;209.35;0.19;48.20;328.67;33.000;137.30;0.12;48.04;469.03;47.000;196.35;0.18;48.14;409.59;41.000;171.67;0.15;48.20;329.17;33.000;137.73;0.12;48.12;349.65;35.000;146.54;0.12;48.20;379.62;38.000;159.10;0.12;48.20;518.98;52.000;217.29;0.20;48.15;359.14;36.000;150.30;0.14;48.13;359.14;36.000;150.30;0.11;48.13;1516.48;152.000;634.68;0.53;48.13;488.51;49.000;204.29;0.16;48.09;678.87;63.000;283.50;0.23;48.02;838.69;56.000;358.58;0.26;49.17;749.50;50.000;320.74;0.22;49.21;1573.20;105.000;672.90;0.45;49.19;1379.08;92.000;590.16;0.36;49.21;2444.25;170.000;1000.03;0.58;47.05;1467.52;98.000;627.34;0.36;49.16;1905.55;135.000;763.30;0.46;46.07;1607.58;112.000;656.46;0.35;46.96;1705.58;117.000;708.57;0.36;47.78;1481.76;99.000;633.11;0.37;49.14;1856.51;124.000;793.48;0.45;49.15;2306.33;172.000;866.86;0.53;43.22;1662.39;111.000;710.74;0.41;49.17;972.85;65.000;415.66;0.25;49.13;1018.57;68.000;435.55;0.27;49.18;852.93;57.000;364.34;0.22;49.12;2190.80;155.000;878.94;0.55;46.14;1166.22;78.000;497.74;0.29;49.08;1377.58;92.000;588.86;0.38;49.16;1976.43;132.000;844.79;0.57;49.15;2308.82;178.000;829.31;0.54;41.31
42767;BUDGET  ROND  CAKE;1;303959.06;5 099.000;76620.97;1.15;28.99;3889.22;78.000;974.79;1.31;28.82;4489.10;90.000;1126.09;1.02;28.85;4017.56;79.000;1007.37;0.99;28.84;4420.83;87.000;1105.60;1.08;28.76;6781.67;133.000;1710.50;1.52;29.01;5863.85;115.000;1479.01;1.35;29.01;7320.58;142.000;1843.91;1.59;28.97;6983.73;127.000;1761.41;1.47;29.00;6983.73;127.000;1761.44;1.48;29.01;9293.31;169.000;2343.96;1.83;29.01;6378.84;116.000;1608.87;1.40;29.01;5499.00;100.000;1386.96;1.39;29.01;7588.62;138.000;1914.00;1.67;29.01;7313.67;133.000;1844.66;1.64;29.01;5938.92;108.000;1497.92;1.41;29.01;7148.70;130.000;1803.05;1.64;29.01;7423.65;135.000;1872.39;1.64;29.01;7698.60;140.000;1941.74;1.79;29.01;9318.36;164.000;2341.01;1.99;28.89;7618.73;127.000;1921.58;1.61;29.00;8218.63;137.000;2072.88;1.71;29.00;10438.26;174.000;2632.71;2.02;29.00;5219.13;87.000;1316.36;1.19;29.00;5699.05;95.000;1437.40;1.32;29.00;6418.93;107.000;1618.97;1.21;29.00;7378.77;123.000;1861.05;1.57;29.00;8938.51;149.000;2254.45;1.80;29.00;8398.60;140.000;2118.27;1.75;29.00;8638.56;144.000;2178.79;1.58;29.00;8398.60;140.000;2118.27;1.48;29.00;6818.92;108.000;1719.83;1.15;29.00;5654.13;87.000;1426.05;0.86;29.00;4939.24;76.000;1245.74;0.72;29.00;7343.87;113.000;1852.22;1.08;29.00;4744.27;73.000;1196.57;0.72;29.00;4419.32;68.000;1114.61;0.59;29.00;6434.06;94.000;1613.48;0.83;28.84;7348.95;105.000;1853.48;1.09;29.00;5739.18;82.000;1447.48;0.82;29.00;3359.52;48.000;847.30;0.52;29.00;3359.52;48.000;847.30;0.49;29.00;3429.51;49.000;864.96;0.52;29.00;3569.49;51.000;900.26;0.56;29.00;3834.47;53.000;973.26;0.60;29.19;3449.54;46.000;870.00;0.54;29.00;7648.98;102.000;1929.13;1.14;29.00;5399.28;72.000;1361.74;0.87;29.00;2999.60;40.000;756.52;0.51;29.00;3749.50;50.000;945.65;0.61;29.00
42797;GANASH TOPPED  RING DOUGHNUT;1;76027.10;6 663.000;37742.20;0.57;57.09;1308.19;131.000;1126.38;1.51;99.02;888.61;89.000;765.11;0.69;99.02;1197.80;120.000;1031.33;1.02;99.02;1078.92;108.000;928.98;0.91;99.02;629.37;63.000;541.90;0.48;99.02;589.41;59.000;507.50;0.46;99.02;519.48;52.000;447.29;0.38;99.02;469.53;47.000;404.28;0.34;99.02;368.13;37.000;316.96;0.27;99.01;829.17;83.000;713.94;0.56;99.02;669.33;67.000;576.31;0.50;99.02;934.63;87.000;571.63;0.57;70.34;1012.34;86.000;312.38;0.27;35.49;916.08;92.000;351.31;0.31;44.10;529.47;53.000;203.89;0.19;44.28;2117.88;212.000;815.55;0.74;44.28;1776.72;178.000;683.45;0.60;44.24;479.02;48.000;184.22;0.17;44.23;719.28;72.000;276.98;0.24;44.28;829.17;83.000;319.30;0.27;44.28;788.71;79.000;303.47;0.25;44.25;1218.78;122.000;469.33;0.36;44.28;1057.06;94.000;464.22;0.42;50.50;1725.36;144.000;803.35;0.74;53.55;1594.07;133.000;742.43;0.56;53.56;1473.57;123.000;686.05;0.58;53.54;1544.91;129.000;719.04;0.57;53.52;1582.68;132.000;737.36;0.61;53.58;1785.91;149.000;831.81;0.60;53.56;1557.50;130.000;725.15;0.51;53.54;1661.21;140.000;766.93;0.51;53.09;1689.39;141.000;786.59;0.48;53.55;1534.72;128.000;715.02;0.41;53.58;1820.68;152.000;847.52;0.49;53.53;1558.70;130.000;726.19;0.44;53.58;2278.10;190.000;1061.36;0.56;53.58;2419.58;202.000;1110.48;0.57;52.78;1678.60;140.000;771.09;0.45;52.83;2362.03;197.000;1085.03;0.61;52.83;2347.04;196.000;1076.91;0.66;52.77;2168.99;181.000;995.86;0.58;52.80;3150.97;263.000;1446.46;0.88;52.79;3222.31;271.000;1469.14;0.92;52.43;3260.08;272.000;1497.07;0.92;52.81;2505.31;209.000;1150.60;0.72;52.82;3009.49;251.000;1382.45;0.82;52.83;2721.13;227.000;1249.74;0.80;52.82;1462.78;122.000;671.95;0.45;52.83;2984.91;249.000;1370.91;0.89;52.82
42871;BAR-ONE LOAF;1;105755.32;1 228.000;26664.32;0.40;29.00;875.88;12.000;220.91;0.30;29.00;1313.82;18.000;331.36;0.30;29.00;908.08;12.000;226.68;0.22;28.71;1132.25;15.000;280.87;0.27;28.53;1139.85;15.000;287.48;0.26;29.00;1291.83;17.000;325.81;0.30;29.00;1993.74;26.000;502.83;0.43;29.00;983.88;12.000;248.11;0.21;29.00;737.91;9.000;186.08;0.16;29.00;901.89;11.000;227.43;0.18;29.00;983.88;12.000;248.11;0.22;29.00;901.89;11.000;227.43;0.23;29.00;1639.80;20.000;413.51;0.36;29.00;1065.87;13.000;268.78;0.24;29.00;1311.84;16.000;330.81;0.31;29.00;1557.81;19.000;392.84;0.36;29.00;1885.77;23.000;475.54;0.42;29.00;2049.75;25.000;516.89;0.48;29.00;2800.66;34.000;706.29;0.60;29.00;1991.76;24.000;502.33;0.42;29.00;2240.73;27.000;565.12;0.46;29.00;1493.82;18.000;376.75;0.29;29.00;1244.85;15.000;313.96;0.28;29.00;1742.79;21.000;439.54;0.40;29.00;1410.83;17.000;355.82;0.27;29.00;1825.78;22.000;460.47;0.39;29.00;3236.61;39.000;816.29;0.65;29.00;1991.76;24.000;502.33;0.41;29.00;3402.59;41.000;858.15;0.62;29.00;2904.65;35.000;732.57;0.51;29.00;2186.75;25.000;551.51;0.37;29.00;2699.70;30.000;680.87;0.41;29.00;2159.76;24.000;544.70;0.31;29.00;2699.70;30.000;680.87;0.40;29.00;2249.75;25.000;567.39;0.34;29.00;2159.76;24.000;544.70;0.29;29.00;3689.59;41.000;930.52;0.48;29.00;3869.57;43.000;975.91;0.57;29.00;3599.60;40.000;907.83;0.51;29.00;3689.59;41.000;930.52;0.57;29.00;4319.52;48.000;1089.39;0.64;29.00;3779.58;42.000;953.22;0.58;29.00;3509.61;39.000;885.13;0.55;29.00;3867.58;42.000;975.41;0.60;29.00;3853.59;41.000;971.88;0.60;29.00;3665.61;39.000;924.47;0.55;29.00;1879.80;20.000;474.09;0.30;29.00;1409.85;15.000;355.57;0.24;29.00;1503.84;16.000;379.27;0.25;29.00
42875;BAR-ONE CAKE SQUARE;1;177930.99;1 251.000;44849.93;0.68;28.99;3113.74;26.000;781.57;1.05;28.87;2753.77;23.000;690.78;0.62;28.85;2743.53;22.000;688.04;0.68;28.84;2368.56;19.000;593.48;0.58;28.81;2999.76;24.000;756.52;0.67;29.00;2999.76;24.000;756.52;0.69;29.00;4259.66;34.000;1068.09;0.92;28.84;2969.78;22.000;748.94;0.63;29.00;3104.77;23.000;782.98;0.66;29.00;4589.66;34.000;1157.45;0.91;29.00;2429.82;18.000;612.77;0.53;29.00;2969.78;22.000;748.94;0.75;29.00;4454.67;33.000;1123.41;0.98;29.00;3239.76;24.000;817.02;0.73;29.00;3239.76;24.000;817.02;0.77;29.00;3104.77;23.000;782.98;0.71;29.00;3104.77;23.000;782.98;0.69;29.00;3239.76;24.000;817.02;0.75;29.00;4674.66;34.000;1178.90;1.00;29.00;4059.71;29.000;1023.83;0.86;29.00;2799.80;20.000;706.09;0.58;29.00;4759.66;34.000;1200.35;0.92;29.00;2519.82;18.000;635.48;0.57;29.00;2939.79;21.000;741.39;0.68;29.00;3359.76;24.000;847.30;0.64;29.00;2659.81;19.000;670.78;0.57;29.00;3919.72;28.000;988.52;0.79;29.00;3639.74;26.000;917.91;0.76;29.00;3919.72;28.000;988.52;0.72;29.00;5599.60;40.000;1412.17;0.98;29.00;5389.63;37.000;1359.22;0.91;29.00;4799.68;32.000;1210.43;0.73;29.00;3449.77;23.000;870.00;0.50;29.00;5249.65;35.000;1323.91;0.77;29.00;4049.73;27.000;1021.30;0.61;29.00;3899.74;26.000;983.48;0.52;29.00;5044.67;33.000;1266.04;0.65;28.86;3409.78;22.000;859.91;0.50;29.00;4339.72;28.000;1094.44;0.62;29.00;3719.76;24.000;938.09;0.57;29.00;4339.72;28.000;1094.44;0.64;29.00;4029.74;26.000;1016.26;0.62;29.00;3409.78;22.000;859.91;0.54;29.00;4777.70;30.000;1209.83;0.74;29.12;3585.78;22.000;904.30;0.56;29.00;5867.64;36.000;1479.76;0.88;29.00;2281.86;14.000;575.46;0.37;29.00;1466.91;9.000;369.94;0.25;29.00;2281.86;14.000;575.46;0.37;29.00
42883;CARROT CAKE DOUBLE;1;520807.71;3 999.000;131301.38;1.98;28.99;1599.84;16.000;403.48;0.54;29.00;1499.85;15.000;378.26;0.34;29.00;2978.56;29.000;748.01;0.74;28.88;3084.55;30.000;774.74;0.76;28.88;3604.65;35.000;909.09;0.81;29.00;3295.68;32.000;831.17;0.76;29.00;3858.63;37.000;968.21;0.83;28.86;4772.57;43.000;1203.70;1.01;29.00;4550.59;41.000;1147.71;0.96;29.00;6992.37;63.000;1763.56;1.38;29.00;3773.66;34.000;951.76;0.83;29.00;3329.70;30.000;839.79;0.84;29.00;6881.38;62.000;1735.57;1.51;29.00;6770.39;61.000;1707.58;1.52;29.00;7325.34;66.000;1847.54;1.73;29.00;6992.37;63.000;1763.56;1.61;29.00;7769.30;70.000;1959.51;1.71;29.00;7658.31;69.000;1931.52;1.78;29.00;10756.07;93.000;2695.45;2.30;28.82;7749.38;62.000;1954.35;1.64;29.00;9749.22;78.000;2458.70;2.02;29.00;10124.19;81.000;2553.26;1.96;29.00;5624.55;45.000;1418.48;1.28;29.00;8374.33;67.000;2111.96;1.94;29.00;10749.14;86.000;2710.87;2.03;29.00;7999.36;64.000;2017.39;1.70;29.00;14373.85;115.000;3625.00;2.89;29.00;15123.79;121.000;3814.13;3.14;29.00;15998.72;128.000;4034.78;2.93;29.00;15998.72;128.000;4034.78;2.81;29.00;15413.83;117.000;3874.92;2.60;28.91;15388.86;114.000;3880.96;2.35;29.00;14443.93;107.000;3642.66;2.10;29.00;16873.75;125.000;4255.44;2.47;29.00;13094.03;97.000;3302.22;1.98;29.00;11744.13;87.000;2961.79;1.56;29.00;16173.83;117.000;4069.65;2.09;28.94;17218.77;123.000;4342.43;2.55;29.00;17638.74;126.000;4448.35;2.52;29.00;14418.97;103.000;3636.35;2.22;29.00;14138.99;101.000;3565.74;2.08;29.00;16238.84;116.000;4095.30;2.48;29.00;14978.93;107.000;3777.56;2.37;29.00;16088.89;111.000;4063.65;2.49;29.05;15748.95;105.000;3971.74;2.47;29.00;22648.49;151.000;5711.74;3.38;29.00;16348.91;109.000;4123.04;2.63;29.00;16048.93;107.000;4047.39;2.74;29.00;16798.88;112.000;4236.52;2.74;29.00
42893;COFFEE CARAMEL CAKE;1;98210.63;737.000;24767.32;0.37;29.00;443.96;4.000;111.97;0.15;29.00;665.94;6.000;167.95;0.15;29.00;1149.90;10.000;290.00;0.29;29.00;1379.88;12.000;348.00;0.34;29.00;1609.86;14.000;406.00;0.36;29.00;1839.84;16.000;464.00;0.42;29.00;1744.85;15.000;440.03;0.38;29.00;1999.84;16.000;504.27;0.42;29.00;1874.85;15.000;472.75;0.40;29.00;1999.84;16.000;504.27;0.39;29.00;1249.90;10.000;315.17;0.27;29.00;874.93;7.000;220.62;0.22;29.00;1374.89;11.000;346.69;0.30;29.00;1874.85;15.000;472.75;0.42;29.00;1749.86;14.000;441.24;0.41;29.00;1374.89;11.000;346.69;0.32;29.00;1499.88;12.000;378.20;0.33;29.00;1624.87;13.000;409.72;0.38;29.00;1004.92;8.000;253.40;0.22;29.00;1819.86;14.000;458.96;0.38;29.00;909.93;7.000;229.48;0.19;29.00;2469.81;19.000;622.87;0.48;29.00;1039.92;8.000;262.26;0.24;29.00;2729.79;21.000;688.44;0.63;29.00;2599.80;20.000;655.65;0.49;29.00;2339.82;18.000;590.09;0.50;29.00;3249.75;25.000;819.57;0.65;29.00;2859.78;22.000;721.22;0.59;29.00;2859.78;22.000;721.22;0.52;29.00;3379.74;26.000;852.35;0.59;29.00;3699.73;27.000;933.04;0.63;29.00;3219.77;23.000;812.00;0.49;29.00;2239.84;16.000;564.87;0.33;29.00;2799.80;20.000;706.09;0.41;29.00;2799.80;20.000;706.09;0.42;29.00;1679.88;12.000;423.65;0.22;29.00;2287.84;16.000;576.97;0.30;29.00;2159.85;15.000;544.70;0.32;29.00;2303.84;16.000;581.01;0.33;29.00;2303.84;16.000;581.01;0.35;29.00;2159.85;15.000;544.70;0.32;29.00;2303.84;16.000;581.01;0.35;29.00;1871.87;13.000;472.07;0.30;29.00;1913.87;13.000;482.66;0.30;29.00;2113.86;14.000;533.10;0.33;29.00;3472.77;23.000;875.80;0.52;29.00;2113.86;14.000;533.10;0.34;29.00;1509.90;10.000;380.78;0.26;29.00;1660.89;11.000;418.86;0.27;29.00
42901;CARROT MUFFINS (6);1;114962.51;2 104.000;28976.73;0.44;28.99;1283.25;30.000;319.70;0.43;28.65;1332.69;31.000;336.15;0.30;29.01;1930.07;43.000;484.04;0.48;28.84;1606.14;36.000;396.78;0.39;28.41;2159.52;48.000;544.70;0.48;29.01;2069.54;46.000;522.00;0.48;29.01;2044.55;45.000;515.71;0.44;29.01;2302.53;47.000;580.76;0.49;29.01;2400.51;49.000;605.47;0.51;29.01;2890.41;59.000;729.04;0.57;29.01;1469.70;30.000;370.70;0.32;29.01;1861.62;38.000;469.55;0.47;29.01;2596.47;53.000;654.90;0.57;29.01;2498.49;51.000;630.19;0.56;29.01;2694.45;55.000;679.61;0.64;29.01;2302.53;47.000;580.76;0.53;29.01;2351.52;48.000;593.12;0.52;29.01;1959.60;40.000;494.26;0.46;29.01;2246.55;45.000;563.00;0.48;28.82;2309.58;42.000;582.85;0.49;29.02;2364.57;43.000;596.73;0.49;29.02;3024.45;55.000;763.26;0.59;29.02;1979.64;36.000;499.59;0.45;29.02;1869.66;34.000;471.83;0.43;29.02;2309.58;42.000;582.85;0.44;29.02;2309.58;42.000;582.85;0.49;29.02;2749.50;50.000;693.87;0.55;29.02;2529.54;46.000;638.36;0.53;29.02;2364.57;43.000;596.73;0.43;29.02;2309.58;42.000;582.85;0.41;29.02;2629.55;45.000;660.23;0.44;28.87;2699.55;45.000;680.87;0.41;29.00;2639.56;44.000;665.74;0.38;29.00;2819.53;47.000;711.13;0.41;29.00;2039.66;34.000;514.44;0.31;29.00;2939.51;49.000;741.40;0.39;29.00;2869.53;47.000;722.51;0.37;28.96;3099.50;50.000;781.74;0.46;29.00;2169.65;35.000;547.22;0.31;29.00;2355.62;38.000;594.12;0.36;29.00;2231.64;36.000;562.85;0.33;29.00;2913.53;47.000;734.84;0.45;29.00;2479.60;40.000;625.39;0.39;29.00;2737.57;43.000;690.45;0.42;29.00;2729.58;42.000;688.44;0.43;29.00;3314.49;51.000;835.96;0.49;29.00;2014.69;31.000;508.13;0.32;29.00;2079.68;32.000;524.52;0.35;29.00;2079.68;32.000;524.52;0.34;29.00
42906;CHOCOLATE MOUSSE CUP CAKES (6);1;37468.61;719.000;9441.73;0.14;28.98;245.94;6.000;62.04;0.08;29.01;446.79;11.000;110.17;0.10;28.36;461.89;11.000;116.50;0.11;29.01;291.83;7.000;72.31;0.07;28.50;503.88;12.000;127.10;0.11;29.01;419.90;10.000;105.91;0.10;29.01;422.90;10.000;106.67;0.09;29.01;899.80;20.000;227.03;0.19;29.02;359.92;8.000;90.81;0.08;29.02;809.82;18.000;204.33;0.16;29.02;719.84;16.000;181.63;0.16;29.02;629.86;14.000;158.92;0.16;29.02;764.83;17.000;192.98;0.17;29.02;584.87;13.000;147.57;0.13;29.02;494.89;11.000;124.87;0.12;29.02;674.85;15.000;170.28;0.15;29.02;674.85;15.000;170.28;0.15;29.02;674.85;15.000;170.28;0.16;29.02;499.89;11.000;123.04;0.10;28.30;749.85;15.000;189.13;0.16;29.01;449.91;9.000;113.48;0.09;29.01;1099.78;22.000;277.39;0.21;29.01;799.84;16.000;201.74;0.18;29.01;599.88;12.000;151.31;0.14;29.01;549.89;11.000;138.70;0.10;29.01;649.87;13.000;163.91;0.14;29.01;749.85;15.000;189.13;0.15;29.01;549.89;11.000;138.70;0.11;29.01;1099.78;22.000;277.39;0.20;29.01;499.90;10.000;126.09;0.09;29.01;631.88;12.000;156.90;0.11;28.56;755.86;14.000;190.64;0.12;29.01;917.83;17.000;231.50;0.13;29.01;1079.80;20.000;272.35;0.16;29.01;971.82;18.000;245.11;0.15;29.01;755.86;14.000;190.64;0.10;29.01;1049.82;18.000;264.78;0.14;29.01;1499.75;25.000;378.26;0.22;29.00;1139.81;19.000;287.48;0.16;29.00;1199.80;20.000;302.61;0.18;29.00;1199.80;20.000;302.61;0.18;29.00;1199.80;20.000;302.61;0.18;29.00;899.85;15.000;226.96;0.14;29.00;1115.82;18.000;281.43;0.17;29.00;831.87;13.000;209.81;0.13;29.00;1343.79;21.000;338.92;0.20;29.00;831.87;13.000;209.81;0.13;29.00;831.87;13.000;209.81;0.14;29.00;831.87;13.000;209.81;0.14;29.00
42909;CUP CAKES (6);1;56779.29;1 071.000;14321.32;0.22;29.01;449.90;10.000;113.48;0.15;29.01;809.82;18.000;204.26;0.18;29.01;1052.77;23.000;265.54;0.26;29.01;1379.70;30.000;348.00;0.34;29.01;1609.65;35.000;406.00;0.36;29.01;1655.64;36.000;417.60;0.38;29.01;2247.52;48.000;566.90;0.49;29.01;2549.49;51.000;643.09;0.54;29.01;2799.44;56.000;706.14;0.59;29.01;2899.42;58.000;731.35;0.57;29.01;1949.61;39.000;491.77;0.43;29.01;1149.77;23.000;290.02;0.29;29.01;1599.68;32.000;403.51;0.35;29.01;1399.72;28.000;353.07;0.31;29.01;849.83;17.000;214.36;0.20;29.01;899.82;18.000;226.97;0.21;29.01;899.82;18.000;226.97;0.20;29.01;1099.78;22.000;277.41;0.26;29.01;1074.79;21.000;271.10;0.23;29.01;879.84;16.000;221.91;0.19;29.01;934.83;17.000;235.78;0.19;29.01;1484.73;27.000;374.48;0.29;29.01;384.93;7.000;97.09;0.09;29.01;604.89;11.000;152.57;0.14;29.01;1044.81;19.000;263.52;0.20;29.01;934.83;17.000;235.78;0.20;29.01;1264.77;23.000;319.00;0.25;29.01;1209.78;22.000;305.13;0.25;29.01;1264.77;23.000;319.00;0.23;29.01;1429.74;26.000;360.61;0.25;29.01;1289.78;22.000;325.31;0.22;29.01;1199.80;20.000;302.61;0.18;29.00;1379.77;23.000;348.00;0.20;29.00;1079.82;18.000;272.35;0.16;29.00;539.91;9.000;136.17;0.08;29.00;839.86;14.000;211.83;0.11;29.00;1799.70;30.000;453.92;0.23;29.00;659.89;11.000;166.44;0.10;29.00;839.86;14.000;211.83;0.12;29.00;719.88;12.000;181.57;0.11;29.00;719.88;12.000;181.57;0.11;29.00;719.88;12.000;181.57;0.11;29.00;599.90;10.000;151.31;0.09;29.00;923.85;15.000;233.01;0.14;29.00;692.89;11.000;174.76;0.11;29.00;1070.83;17.000;270.08;0.16;29.00;503.92;8.000;127.10;0.08;29.00;755.88;12.000;190.64;0.13;29.00;629.90;10.000;158.87;0.10;29.00
42912;HERTZOGGIES (6);1;38915.92;758.000;9809.25;0.15;28.99;386.91;9.000;97.59;0.13;29.01;597.56;14.000;148.07;0.13;28.50;702.84;16.000;177.28;0.17;29.01;393.71;9.000;97.95;0.10;28.61;791.82;18.000;199.72;0.18;29.01;615.86;14.000;155.34;0.14;29.01;671.85;15.000;169.46;0.15;29.01;704.85;15.000;177.76;0.15;29.00;1033.78;22.000;260.72;0.22;29.00;1268.73;27.000;319.97;0.25;29.00;892.81;19.000;225.17;0.20;29.00;798.83;17.000;201.46;0.20;29.00;798.83;17.000;201.46;0.18;29.00;1409.70;30.000;355.53;0.32;29.00;1409.70;30.000;355.53;0.33;29.00;1832.61;39.000;462.18;0.42;29.00;1409.70;30.000;355.53;0.31;29.00;1315.72;28.000;331.82;0.31;29.00;1557.68;32.000;392.86;0.33;29.00;900.83;17.000;227.21;0.19;29.01;582.89;11.000;147.02;0.12;29.01;1695.68;32.000;427.69;0.33;29.01;582.89;11.000;147.02;0.13;29.01;741.86;14.000;187.11;0.17;29.01;688.87;13.000;173.75;0.13;29.01;741.86;14.000;187.11;0.16;29.01;900.83;17.000;227.21;0.18;29.01;582.89;11.000;147.02;0.12;29.01;900.83;17.000;227.21;0.16;29.01;688.87;13.000;173.75;0.12;29.01;1157.80;20.000;292.02;0.20;29.01;659.89;11.000;166.44;0.10;29.00;839.86;14.000;211.83;0.12;29.00;659.89;11.000;166.44;0.10;29.00;779.87;13.000;196.70;0.12;29.00;479.92;8.000;121.04;0.06;29.00;779.87;13.000;196.70;0.10;29.00;659.89;11.000;166.44;0.10;29.00;539.91;9.000;136.17;0.08;29.00;419.93;7.000;105.91;0.06;29.00;299.95;5.000;75.65;0.04;29.00;479.92;8.000;121.04;0.07;29.00;479.92;8.000;121.04;0.08;29.00;431.93;7.000;107.09;0.07;28.51;314.95;5.000;79.43;0.05;29.00;755.88;12.000;190.64;0.11;29.00;755.88;12.000;190.64;0.12;29.00;314.95;5.000;79.43;0.05;29.00;503.92;8.000;127.10;0.08;29.00
42915;LAMINGTONS/CUPCAKE COMBO (12);1;63412.13;702.000;15989.71;0.24;29.00;766.05;10.000;190.83;0.26;28.65;692.91;9.000;174.76;0.16;29.00;1024.87;13.000;258.48;0.25;29.00;1421.82;18.000;358.59;0.35;29.00;1263.84;16.000;318.75;0.28;29.00;1579.80;20.000;398.44;0.36;29.00;1823.77;23.000;459.96;0.40;29.00;1977.77;23.000;498.73;0.42;29.00;2149.75;25.000;542.10;0.45;29.00;2063.76;24.000;520.41;0.41;29.00;1203.86;14.000;303.57;0.26;29.00;1031.88;12.000;260.21;0.26;29.00;1289.85;15.000;325.26;0.28;29.00;1203.86;14.000;303.57;0.27;29.00;859.90;10.000;216.84;0.20;29.00;1461.83;17.000;368.63;0.34;29.00;1031.88;12.000;260.21;0.23;29.00;1461.83;17.000;368.63;0.34;29.00;957.89;11.000;241.56;0.21;29.00;1349.85;15.000;340.44;0.29;29.00;809.91;9.000;204.26;0.17;29.00;1619.82;18.000;408.52;0.31;29.00;989.89;11.000;249.65;0.23;29.00;1169.87;13.000;295.04;0.27;29.00;1259.86;14.000;317.74;0.24;29.00;1349.85;15.000;340.44;0.29;29.00;2429.73;27.000;612.78;0.49;29.00;2159.76;24.000;544.70;0.45;29.00;2249.75;25.000;567.39;0.41;29.00;989.89;11.000;249.65;0.17;29.00;872.91;9.000;220.15;0.15;29.00;1745.82;18.000;440.30;0.27;29.00;1454.85;15.000;366.91;0.21;29.00;969.90;10.000;244.61;0.14;29.00;678.93;7.000;171.23;0.10;29.00;775.92;8.000;195.69;0.10;29.00;1484.85;15.000;374.48;0.19;29.00;1399.86;14.000;353.04;0.21;29.00;999.90;10.000;252.17;0.14;29.00;1399.86;14.000;353.04;0.22;29.00;1199.88;12.000;302.61;0.18;29.00;1399.86;14.000;353.04;0.21;29.00;899.91;9.000;226.96;0.14;29.00;1339.87;13.000;337.91;0.21;29.00;629.94;6.000;158.87;0.10;29.00;1154.89;11.000;291.26;0.17;29.00;1049.90;10.000;264.78;0.17;29.00;1049.90;10.000;264.78;0.18;29.00;1259.88;12.000;317.74;0.21;29.00
42916;LAMINGTONS/CUPCAKE COMBO (6);1;41268.12;758.000;10404.54;0.16;28.99;411.61;9.000;102.40;0.14;28.61;735.84;16.000;185.60;0.17;29.01;516.89;11.000;130.37;0.13;29.01;657.86;14.000;165.93;0.16;29.01;563.88;12.000;142.23;0.13;29.01;563.88;12.000;142.23;0.13;29.01;804.83;17.000;201.15;0.17;28.74;899.82;18.000;226.97;0.19;29.01;1049.79;21.000;264.80;0.22;29.01;1199.76;24.000;302.63;0.24;29.01;499.90;10.000;126.10;0.11;29.01;649.87;13.000;163.92;0.16;29.01;1199.76;24.000;302.63;0.26;29.01;1399.72;28.000;353.07;0.31;29.01;1249.75;25.000;315.24;0.30;29.01;1849.63;37.000;466.55;0.42;29.01;1449.71;29.000;365.68;0.32;29.01;1299.74;26.000;327.85;0.30;29.01;634.88;12.000;157.05;0.13;28.45;1044.81;19.000;263.54;0.22;29.01;714.87;13.000;180.32;0.15;29.01;1539.72;28.000;388.37;0.30;29.01;494.91;9.000;124.83;0.11;29.01;604.89;11.000;152.57;0.14;29.01;659.88;12.000;166.44;0.12;29.01;274.95;5.000;69.35;0.06;29.01;879.84;16.000;221.93;0.18;29.01;824.85;15.000;208.06;0.17;29.01;714.87;13.000;180.32;0.13;29.01;1209.78;22.000;305.15;0.21;29.01;1219.79;21.000;307.66;0.21;29.01;719.88;12.000;181.57;0.11;29.00;839.86;14.000;211.83;0.12;29.00;899.85;15.000;226.96;0.13;29.00;539.91;9.000;136.17;0.08;29.00;599.90;10.000;151.31;0.08;29.00;611.90;10.000;154.33;0.08;29.00;929.85;15.000;234.52;0.14;29.00;743.88;12.000;187.62;0.11;29.00;743.88;12.000;187.62;0.11;29.00;929.85;15.000;234.52;0.14;29.00;805.87;13.000;203.25;0.12;29.00;681.89;11.000;171.98;0.11;29.00;891.86;14.000;226.79;0.14;29.24;714.89;11.000;180.30;0.11;29.00;649.90;10.000;163.91;0.10;29.00;584.91;9.000;147.52;0.09;29.00;844.87;13.000;213.09;0.14;29.00;714.89;11.000;180.30;0.12;29.00
42920;SWEET MIX LARGE (12);1;103472.42;1 148.000;26076.71;0.39;28.98;1367.82;18.000;344.97;0.46;29.00;1660.38;22.000;411.72;0.37;28.52;1162.05;15.000;288.27;0.28;28.53;1477.91;19.000;370.35;0.36;28.82;1637.79;21.000;413.08;0.37;29.00;1481.81;19.000;373.74;0.34;29.00;2041.74;26.000;514.96;0.44;29.00;2464.71;29.000;621.60;0.52;29.00;2464.71;29.000;621.60;0.52;29.00;3484.59;41.000;878.81;0.69;29.00;1784.79;21.000;450.12;0.39;29.00;2209.74;26.000;557.29;0.56;29.00;2209.74;26.000;557.29;0.48;29.00;2804.67;33.000;707.33;0.63;29.00;3059.64;36.000;771.64;0.72;29.00;2124.75;25.000;535.86;0.49;29.00;2209.74;26.000;557.29;0.49;29.00;2634.69;31.000;664.46;0.61;29.00;2874.67;33.000;721.91;0.61;28.88;3329.63;37.000;839.74;0.70;29.00;2879.68;32.000;726.26;0.60;29.00;3509.61;39.000;885.13;0.68;29.00;1259.86;14.000;317.74;0.29;29.00;1709.81;19.000;431.22;0.40;29.00;1619.82;18.000;408.52;0.31;29.00;1259.86;14.000;317.74;0.27;29.00;2609.71;29.000;658.17;0.52;29.00;2879.68;32.000;726.26;0.60;29.00;2069.77;23.000;522.00;0.38;29.00;2159.76;24.000;544.70;0.38;29.00;1696.82;18.000;427.94;0.29;29.00;1648.83;17.000;415.84;0.25;29.00;1066.89;11.000;269.07;0.15;29.00;2521.74;26.000;635.99;0.37;29.00;1260.87;13.000;317.99;0.19;29.00;1551.84;16.000;391.38;0.21;29.00;2184.78;22.000;549.15;0.28;28.91;2299.77;23.000;580.00;0.34;29.00;2599.74;26.000;655.65;0.37;29.00;2599.74;26.000;655.65;0.40;29.00;1199.88;12.000;302.61;0.18;29.00;2399.76;24.000;605.22;0.37;29.00;2399.76;24.000;605.22;0.38;29.00;2226.78;22.000;561.59;0.34;29.00;2368.77;23.000;597.40;0.37;29.00;1647.84;16.000;415.58;0.25;29.00;2265.78;22.000;571.43;0.36;29.00;1544.85;15.000;389.61;0.26;29.00;1544.85;15.000;389.61;0.25;29.00
42924;MILK TART;1;196722.84;2 206.000;49597.48;0.75;28.99;3453.00;45.000;863.74;1.16;28.77;3922.64;51.000;986.94;0.89;28.93;3033.71;39.000;762.10;0.75;28.89;3813.71;49.000;957.03;0.94;28.86;4367.44;56.000;1101.50;0.98;29.00;4445.43;57.000;1121.17;1.02;29.00;5219.34;66.000;1316.38;1.13;29.00;3443.59;41.000;868.58;0.73;29.01;3275.61;39.000;826.21;0.69;29.01;3191.62;38.000;805.02;0.63;29.01;2351.72;28.000;593.17;0.52;29.01;2519.70;30.000;635.54;0.64;29.01;3611.57;43.000;910.95;0.79;29.01;4199.50;50.000;1059.24;0.94;29.01;3611.57;43.000;910.95;0.86;29.01;4199.50;50.000;1059.24;0.96;29.01;3779.55;45.000;953.32;0.83;29.01;4199.50;50.000;1059.24;0.98;29.01;5429.37;63.000;1365.69;1.16;28.93;4679.48;52.000;1180.18;0.99;29.00;4319.52;48.000;1089.39;0.90;29.00;6029.33;67.000;1520.61;1.17;29.00;3239.64;36.000;817.04;0.74;29.00;4319.52;48.000;1089.39;1.00;29.00;4139.54;46.000;1044.00;0.78;29.00;2969.67;33.000;748.96;0.63;29.00;3779.58;42.000;953.22;0.76;29.00;1979.78;22.000;499.30;0.41;29.00;6659.26;74.000;1679.48;1.22;29.00;7199.20;80.000;1815.65;1.27;29.00;5219.44;56.000;1316.47;0.88;29.01;4844.49;51.000;1221.96;0.74;29.01;3704.61;39.000;934.44;0.54;29.01;5319.44;56.000;1341.76;0.78;29.01;4749.50;50.000;1198.00;0.72;29.01;3799.60;40.000;958.40;0.51;29.01;3007.69;31.000;758.58;0.39;29.00;3527.64;36.000;889.67;0.52;29.00;4801.51;49.000;1210.94;0.69;29.00;3429.65;35.000;864.96;0.53;29.00;4213.57;43.000;1062.66;0.62;29.00;4409.55;45.000;1112.09;0.67;29.00;2547.74;26.000;642.54;0.40;29.00;3067.69;31.000;776.14;0.47;29.10;2999.70;30.000;756.52;0.47;29.00;4699.53;47.000;1185.22;0.70;29.00;3599.64;36.000;907.83;0.58;29.00;3699.63;37.000;933.04;0.63;29.00;3699.63;37.000;933.04;0.60;29.00
42925;MILK TART MEDIUM;1;90497.96;1 439.000;22812.12;0.34;28.99;209.31;4.000;51.16;0.07;28.11;630.58;12.000;155.77;0.14;28.41;861.14;16.000;215.53;0.21;28.78;431.92;8.000;108.94;0.11;29.01;593.89;11.000;149.79;0.13;29.01;647.88;12.000;163.41;0.15;29.01;825.85;15.000;208.30;0.18;29.01;753.87;13.000;190.14;0.16;29.01;695.88;12.000;175.51;0.15;29.01;1623.72;28.000;409.53;0.32;29.01;1275.78;22.000;321.77;0.28;29.01;753.87;13.000;190.14;0.19;29.01;1913.67;33.000;482.66;0.42;29.01;2203.62;38.000;555.79;0.49;29.01;2725.53;47.000;687.43;0.65;29.01;2087.64;36.000;526.54;0.48;29.01;3073.47;53.000;775.18;0.68;29.01;3131.46;54.000;789.81;0.73;29.01;2875.51;49.000;725.25;0.62;29.00;2819.53;47.000;711.13;0.60;29.00;2519.58;42.000;635.48;0.52;29.00;3839.36;64.000;968.35;0.74;29.00;2699.55;45.000;680.87;0.62;29.00;2459.59;41.000;620.35;0.57;29.00;2999.50;50.000;756.52;0.57;29.00;2939.51;49.000;741.39;0.62;29.00;2579.57;43.000;650.61;0.52;29.00;3659.39;61.000;922.96;0.76;29.00;1619.73;27.000;408.52;0.30;29.00;2219.63;37.000;559.83;0.39;29.00;1704.73;27.000;429.96;0.29;29.00;1754.73;27.000;442.57;0.27;29.00;1559.76;24.000;393.39;0.23;29.00;2924.55;45.000;737.61;0.43;29.00;1234.81;19.000;311.44;0.19;29.00;1624.75;25.000;409.78;0.22;29.00;2044.71;29.000;509.52;0.26;28.66;1949.74;26.000;491.74;0.29;29.00;1274.83;17.000;321.52;0.18;29.00;1049.86;14.000;264.78;0.16;29.00;1274.83;17.000;321.52;0.19;29.00;1799.76;24.000;453.91;0.28;29.00;1124.85;15.000;283.70;0.18;29.00;1757.77;23.000;443.32;0.27;29.00;1637.79;21.000;413.06;0.26;29.00;3353.57;43.000;845.79;0.50;29.00;1715.78;22.000;432.73;0.28;29.00;1559.80;20.000;393.39;0.27;29.00;1481.81;19.000;373.72;0.24;29.00
42990;MALVA PUDDING MED;1;255083.70;13 548.000;85516.16;1.29;38.55;2833.50;189.000;1046.41;1.40;42.47;1755.00;117.000;648.59;0.59;42.50;3315.00;221.000;1225.11;1.21;42.50;5275.50;352.000;1947.39;1.90;42.45;9322.50;622.000;3441.52;3.06;42.45;6762.00;451.000;2497.50;2.27;42.47;7512.75;501.000;2775.33;2.39;42.48;6767.37;428.000;2494.27;2.09;42.39;4440.81;234.000;1626.87;1.36;42.13;6037.87;318.000;2213.42;1.73;42.16;4174.95;220.000;1529.39;1.33;42.13;3796.03;197.000;1388.95;1.40;42.08;5233.38;262.000;1708.07;1.49;37.53;3078.46;154.000;1006.02;0.89;37.58;3296.35;165.000;1076.14;1.01;37.54;3038.48;152.000;992.96;0.90;37.58;5272.36;264.000;1720.26;1.51;37.52;5389.30;270.000;1756.85;1.62;37.49;5815.09;291.000;1899.25;1.62;37.56;5115.44;256.000;1670.61;1.40;37.56;4374.81;219.000;1428.03;1.17;37.54;4229.80;220.000;1291.09;0.99;35.10;3297.35;165.000;1077.01;0.97;37.56;2978.51;149.000;973.36;0.89;37.58;3037.48;152.000;992.09;0.74;37.56;3816.09;191.000;1245.99;1.05;37.55;3977.01;199.000;1299.12;1.04;37.57;4296.85;215.000;1403.64;1.16;37.57;5695.15;285.000;1860.05;1.35;37.56;5770.11;289.000;1881.84;1.31;37.51;8392.80;420.000;2741.09;1.84;37.56;6232.88;312.000;2034.70;1.23;37.54;7072.46;354.000;2309.07;1.33;37.55;6535.73;327.000;2135.29;1.24;37.57;5960.03;307.000;1851.68;1.11;35.73;5814.09;291.000;1898.38;1.00;37.55;7194.40;360.000;2350.00;1.20;37.56;6346.04;326.000;1981.20;1.16;35.90;6295.85;315.000;2056.90;1.16;37.57;4736.63;237.000;1547.36;0.94;37.57;5915.04;296.000;1931.91;1.13;37.56;4297.85;215.000;1404.51;0.85;37.58;5961.93;307.000;1853.34;1.16;35.75;5395.30;270.000;1762.07;1.08;37.56;5793.10;290.000;1890.98;1.18;37.54;5255.37;263.000;1716.34;1.02;37.56;5374.31;269.000;1754.66;1.12;37.55;6072.96;304.000;1982.43;1.34;37.54;6731.63;337.000;2197.14;1.42;37.53
43618;CHICKEN PIES;1;74571.20;1 500.000;18782.99;0.28;28.97;533.27;13.000;126.73;0.17;27.33;629.85;15.000;158.87;0.14;29.01;894.19;21.000;220.24;0.22;28.32;1453.06;34.000;361.20;0.35;28.59;1547.64;36.000;390.37;0.35;29.01;1934.55;45.000;487.96;0.44;29.01;1522.65;35.000;384.07;0.33;29.01;1517.67;33.000;382.84;0.32;29.01;1747.62;38.000;440.85;0.37;29.01;1701.63;37.000;429.25;0.34;29.01;965.79;21.000;243.63;0.21;29.01;689.85;15.000;174.02;0.17;29.01;2621.43;57.000;661.27;0.58;29.01;3173.31;69.000;800.49;0.71;29.01;2713.41;59.000;684.48;0.64;29.01;2805.39;61.000;707.68;0.64;29.01;2299.50;50.000;580.07;0.51;29.01;2069.55;45.000;522.06;0.48;29.01;2951.38;62.000;734.58;0.63;28.62;2349.53;47.000;592.61;0.50;29.01;2899.42;58.000;731.31;0.60;29.01;2299.54;46.000;580.00;0.44;29.01;899.82;18.000;226.96;0.21;29.01;1149.77;23.000;290.00;0.27;29.01;1799.64;36.000;453.92;0.34;29.01;1299.74;26.000;327.83;0.28;29.01;1449.71;29.000;365.65;0.29;29.01;1149.77;23.000;290.00;0.24;29.01;899.82;18.000;226.96;0.16;29.01;999.80;20.000;252.18;0.18;29.01;1134.79;21.000;286.22;0.19;29.01;1209.78;22.000;305.13;0.18;29.01;1484.73;27.000;374.48;0.22;29.01;1594.71;29.000;402.22;0.23;29.01;1484.73;27.000;374.48;0.22;29.01;1429.74;26.000;360.61;0.19;29.01;2002.65;35.000;505.10;0.26;29.01;1275.78;22.000;321.77;0.19;29.01;1159.80;20.000;292.52;0.17;29.01;869.85;15.000;219.39;0.13;29.01;1101.81;19.000;277.90;0.16;29.01;695.88;12.000;175.51;0.11;29.01;869.85;15.000;219.39;0.14;29.01;1189.80;20.000;301.94;0.18;29.18;853.86;14.000;215.36;0.13;29.00;1951.68;32.000;492.24;0.29;29.00;1341.78;22.000;338.42;0.22;29.00;1219.80;20.000;307.65;0.21;29.00;731.88;12.000;184.59;0.12;29.00
46388;CUP CAKE MINI;1;50000.12;828.000;12607.95;0.19;29.00;397.42;8.000;98.70;0.13;28.56;549.89;11.000;138.70;0.13;29.01;863.28;17.000;216.17;0.21;28.80;711.31;14.000;177.84;0.17;28.75;866.83;17.000;218.64;0.19;29.01;866.83;17.000;218.64;0.20;29.01;839.84;16.000;211.87;0.18;29.01;1044.81;19.000;263.67;0.22;29.02;1704.69;31.000;430.20;0.36;29.02;1374.75;25.000;346.93;0.27;29.02;824.85;15.000;208.16;0.18;29.02;329.94;6.000;83.26;0.08;29.02;1099.80;20.000;277.55;0.24;29.02;1429.74;26.000;360.81;0.32;29.02;1209.78;22.000;305.30;0.29;29.02;1099.80;20.000;277.55;0.25;29.02;879.84;16.000;222.04;0.19;29.02;1044.81;19.000;263.67;0.24;29.02;754.87;13.000;190.43;0.16;29.01;1079.82;18.000;272.35;0.23;29.00;1019.83;17.000;257.22;0.21;29.00;1739.71;29.000;438.79;0.34;29.00;1139.81;19.000;287.48;0.26;29.00;899.85;15.000;226.96;0.21;29.00;899.85;15.000;226.96;0.17;29.00;839.86;14.000;211.83;0.18;29.00;1079.82;18.000;272.35;0.22;29.00;1259.79;21.000;317.74;0.26;29.00;1619.73;27.000;408.52;0.30;29.00;1679.72;28.000;423.65;0.30;29.00;2029.68;32.000;511.91;0.34;29.00;909.86;14.000;229.48;0.14;29.00;779.88;12.000;196.70;0.11;29.00;1169.82;18.000;295.04;0.17;29.00;844.87;13.000;213.09;0.13;29.00;844.87;13.000;213.09;0.11;29.00;1159.83;17.000;292.52;0.15;29.00;1469.79;21.000;370.70;0.22;29.00;1049.85;15.000;264.78;0.15;29.00;1119.84;16.000;282.43;0.17;29.00;699.90;10.000;176.52;0.10;29.00;909.87;13.000;229.48;0.14;29.00;769.89;11.000;194.17;0.12;29.00;857.88;12.000;216.37;0.13;29.00;875.88;12.000;220.90;0.14;29.00;1167.84;16.000;294.54;0.17;29.00;364.95;5.000;92.04;0.06;29.00;875.88;12.000;220.90;0.15;29.00;948.87;13.000;239.31;0.15;29.00
48861;KOEKSISTERS SMALL 6'S;1;44370.70;1 117.000;13020.06;0.20;33.75;0.00;0.000;0.00;0.00;0.00;0.00;0.000;0.00;0.00;0.00;0.00;0.000;0.00;0.00;0.00;0.00;0.000;0.00;0.00;0.00;1017.00;34.000;256.03;0.23;28.95;1107.00;37.000;278.85;0.25;28.97;658.50;22.000;166.05;0.14;29.00;478.50;16.000;120.41;0.10;28.94;420.00;14.000;106.50;0.09;29.16;717.00;24.000;179.96;0.14;28.86;180.00;6.000;45.64;0.04;29.16;240.00;8.000;60.86;0.06;29.16;0.00;0.000;0.00;0.00;0.00;0.00;0.000;0.00;0.00;0.00;88.50;3.000;21.52;0.02;27.96;600.00;18.000;158.80;0.14;30.44;814.30;24.000;216.09;0.19;30.52;952.00;28.000;253.83;0.23;30.66;1836.00;54.000;489.52;0.42;30.66;374.00;11.000;99.72;0.08;30.66;1340.00;38.000;356.22;0.29;30.57;1330.00;35.000;351.52;0.27;30.39;1330.00;35.000;351.52;0.32;30.39;758.10;20.000;199.22;0.18;30.22;798.00;21.000;210.91;0.16;30.39;1216.00;32.000;321.39;0.27;30.39;1330.00;35.000;351.52;0.28;30.39;1368.00;36.000;361.57;0.30;30.39;1040.00;26.000;306.35;0.22;33.88;1318.00;33.000;387.09;0.27;33.77;958.00;24.000;281.04;0.19;33.74;954.00;24.000;277.57;0.17;33.46;1240.00;31.000;365.26;0.21;33.88;1475.00;33.000;461.61;0.27;35.99;1620.00;36.000;508.70;0.31;36.11;1125.00;25.000;353.26;0.19;36.11;1530.00;34.000;480.43;0.25;36.11;1530.00;34.000;480.43;0.28;36.11;1253.25;28.000;389.78;0.22;35.77;1617.75;36.000;506.74;0.31;36.02;1677.60;35.000;583.78;0.34;40.02;1152.00;24.000;401.74;0.24;40.10;0.00;0.000;0.00;0.00;0.00;1149.60;24.000;399.65;0.24;39.98;1296.00;27.000;451.96;0.28;40.10;1200.00;25.000;418.48;0.25;40.10;1389.60;29.000;483.35;0.31;40.00;742.00;15.000;215.22;0.15;33.36;1150.00;23.000;310.00;0.20;31.00
50037;CHEESE BUNS 6'S;1;289956.62;13 022.000;104133.91;1.57;41.30;0.00;0.000;0.00;0.00;0.00;0.00;0.000;0.00;0.00;0.00;0.00;0.000;0.00;0.00;0.00;0.00;0.000;0.00;0.00;0.00;0.00;0.000;0.00;0.00;0.00;0.00;0.000;0.00;0.00;0.00;5530.48;252.000;1890.95;1.63;39.32;11206.10;510.000;3838.63;3.21;39.39;8976.31;409.000;3069.27;2.57;39.32;9839.42;448.000;3368.18;2.64;39.37;9114.85;415.000;3120.26;2.72;39.37;8272.25;395.000;3171.24;3.19;44.09;9063.46;454.000;3390.85;2.95;43.02;7860.06;394.000;2926.35;2.60;42.82;8500.74;426.000;3166.03;2.97;42.83;10329.82;518.000;3843.89;3.50;42.79;8543.72;428.000;3183.56;2.79;42.85;6921.53;347.000;2576.48;2.38;42.81;7226.38;362.000;2692.77;2.29;42.85;7203.39;361.000;2682.70;2.25;42.83;7380.31;370.000;2747.26;2.26;42.81;6328.83;317.000;2358.69;1.81;42.86;5840.07;293.000;2171.76;1.96;42.77;4525.73;227.000;1683.58;1.54;42.78;4792.60;240.000;1786.68;1.34;42.87;6836.57;343.000;2542.28;2.14;42.76;6394.05;325.000;2336.04;1.86;42.01;6253.82;318.000;2283.54;1.88;41.99;7201.39;361.000;2680.96;1.94;42.81;6272.26;264.000;2250.62;1.57;41.26;4229.87;163.000;1493.95;1.00;40.62;4704.46;184.000;1625.23;0.98;39.73;5221.39;201.000;1846.94;1.06;40.68;6986.11;269.000;2470.28;1.43;40.66;7082.26;272.000;2513.69;1.51;40.82;5604.74;216.000;1979.29;1.04;40.61;6401.99;251.000;2203.55;1.13;39.58;5338.34;206.000;1881.63;1.10;40.53;6193.08;242.000;2142.49;1.21;39.78;5884.13;227.000;2074.83;1.27;40.55;5928.31;229.000;2086.45;1.22;40.47;5517.67;213.000;1943.77;1.18;40.51;4967.98;192.000;1747.18;1.10;40.44;6033.57;233.000;2124.38;1.30;40.49;5934.81;229.000;2092.10;1.30;40.54;6024.26;239.000;2035.89;1.20;38.86;6019.28;232.000;2125.36;1.36;40.61;4880.20;190.000;1697.65;1.15;40.00;6590.03;257.000;2286.66;1.48;39.90
51680;CONEY ROLL 6'S;1;60922.14;2 776.000;19221.83;0.29;36.28;0.00;0.000;0.00;0.00;0.00;0.00;0.000;0.00;0.00;0.00;0.00;0.000;0.00;0.00;0.00;0.00;0.000;0.00;0.00;0.00;0.00;0.000;0.00;0.00;0.00;0.00;0.000;0.00;0.00;0.00;0.00;0.000;0.00;0.00;0.00;0.00;0.000;0.00;0.00;0.00;0.00;0.000;0.00;0.00;0.00;0.00;0.000;0.00;0.00;0.00;0.00;0.000;0.00;0.00;0.00;1401.40;60.000;436.91;0.44;35.85;1869.15;85.000;593.45;0.52;36.51;1976.90;90.000;626.44;0.56;36.44;1557.99;71.000;492.83;0.46;36.38;1780.09;81.000;564.56;0.51;36.47;1846.06;84.000;585.51;0.51;36.47;1363.38;62.000;432.87;0.40;36.51;1759.20;80.000;558.54;0.48;36.51;1450.24;66.000;459.84;0.39;36.46;1407.36;64.000;446.83;0.37;36.51;1429.35;65.000;453.81;0.35;36.51;966.46;44.000;306.24;0.28;36.44;856.51;39.000;271.33;0.25;36.43;833.42;38.000;263.39;0.20;36.34;1648.15;75.000;522.67;0.44;36.47;1841.14;86.000;556.95;0.44;34.79;1605.27;73.000;509.67;0.42;36.51;1973.60;90.000;623.57;0.45;36.34;1581.08;72.000;500.77;0.35;36.42;1692.13;77.000;536.64;0.36;36.47;1511.81;69.000;476.96;0.29;36.28;1407.36;64.000;446.83;0.26;36.51;1407.36;64.000;446.83;0.26;36.51;1495.32;68.000;474.76;0.29;36.51;1294.11;59.000;409.05;0.22;36.35;1846.06;84.000;585.51;0.30;36.47;1470.03;67.000;464.91;0.27;36.37;1819.67;83.000;574.70;0.33;36.32;1733.91;79.000;548.69;0.33;36.39;2173.69;101.000;664.03;0.39;35.13;2305.65;105.000;730.21;0.44;36.42;1625.06;74.000;514.74;0.32;36.43;1842.76;84.000;582.64;0.36;36.36;1757.00;80.000;556.63;0.35;36.43;2285.74;106.000;700.76;0.41;35.26;1538.20;70.000;487.77;0.31;36.47;1339.19;61.000;423.97;0.29;36.41;1230.34;56.000;390.02;0.25;36.46
52943;SAGO PUDDING;1;191402.90;6 221.787;74195.00;1.12;44.58;0.00;0.000;0.00;0.00;0.00;0.00;0.000;0.00;0.00;0.00;0.00;0.000;0.00;0.00;0.00;0.00;0.000;0.00;0.00;0.00;0.00;0.000;0.00;0.00;0.00;0.00;0.000;0.00;0.00;0.00;0.00;0.000;0.00;0.00;0.00;0.00;0.000;0.00;0.00;0.00;0.00;0.000;0.00;0.00;0.00;0.00;0.000;0.00;0.00;0.00;0.00;0.000;0.00;0.00;0.00;0.00;0.000;0.00;0.00;0.00;0.00;0.000;0.00;0.00;0.00;0.00;0.000;0.00;0.00;0.00;1574.37;52.532;601.52;0.56;43.94;1549.65;51.722;591.86;0.54;43.92;1928.50;64.351;736.79;0.64;43.94;2549.52;85.122;973.34;0.90;43.90;2925.18;97.644;1117.06;0.95;43.92;2738.98;91.438;1045.81;0.88;43.91;2264.90;75.706;863.41;0.71;43.84;682.46;22.756;260.98;0.20;43.98;1955.69;65.363;745.65;0.67;43.85;1513.29;50.651;575.89;0.53;43.76;3298.38;110.136;1259.07;0.94;43.90;4114.66;137.526;1568.71;1.32;43.84;1963.01;65.622;748.23;0.60;43.83;3069.11;102.495;1171.34;0.97;43.89;5403.03;180.428;2062.23;1.50;43.89;4813.96;160.631;1839.23;1.28;43.94;6467.60;216.072;2467.19;1.65;43.87;6977.47;232.954;2663.91;1.61;43.91;8639.66;288.297;3300.73;1.90;43.94;7383.33;246.431;2819.93;1.64;43.92;7610.16;253.996;2906.65;1.75;43.92;9024.23;301.153;3447.31;1.82;43.93;8529.85;284.603;3259.21;1.67;43.94;7442.08;248.358;2842.86;1.67;43.93;7581.22;252.852;2898.20;1.64;43.96;8195.10;255.478;3299.03;2.01;46.29;8773.05;274.448;3465.36;2.02;45.43;6957.46;217.600;2748.97;1.67;45.44;7481.04;234.016;2955.23;1.85;45.43;8091.83;253.128;3196.42;1.96;45.43;8090.36;253.107;3195.46;1.99;45.42;7013.62;219.408;2770.38;1.64;45.43;7196.12;225.011;2844.08;1.81;45.45;8612.62;269.426;3402.04;2.30;45.43;8991.41;281.326;3550.90;2.30;45.42
53141;B COPENHAGEN;1;18921.29;2 040.000;9802.90;0.15;59.58;0.00;0.000;0.00;0.00;0.00;0.00;0.000;0.00;0.00;0.00;0.00;0.000;0.00;0.00;0.00;0.00;0.000;0.00;0.00;0.00;0.00;0.000;0.00;0.00;0.00;0.00;0.000;0.00;0.00;0.00;0.00;0.000;0.00;0.00;0.00;0.00;0.000;0.00;0.00;0.00;0.00;0.000;0.00;0.00;0.00;0.00;0.000;0.00;0.00;0.00;0.00;0.000;0.00;0.00;0.00;0.00;0.000;0.00;0.00;0.00;0.00;0.000;0.00;0.00;0.00;0.00;0.000;0.00;0.00;0.00;125.86;14.000;63.80;0.06;58.30;287.68;32.000;145.84;0.13;58.30;0.00;0.000;0.00;0.00;0.00;717.40;80.000;363.03;0.34;58.19;2146.81;239.000;1087.65;0.93;58.26;2088.82;233.000;1056.79;0.88;58.18;1985.89;221.000;1006.40;0.83;58.28;853.60;95.000;432.56;0.33;58.28;529.96;59.000;268.49;0.24;58.26;224.75;25.000;113.93;0.10;58.30;232.84;26.000;117.71;0.09;58.14;222.95;25.000;112.37;0.09;57.96;902.21;108.000;432.45;0.34;55.12;582.10;65.000;294.27;0.24;58.14;866.63;97.000;437.37;0.32;58.04;1196.76;124.000;636.42;0.44;61.16;489.51;49.000;265.92;0.18;62.47;389.61;39.000;211.65;0.13;62.47;628.87;63.000;341.46;0.20;62.44;368.63;37.000;199.93;0.12;62.37;219.28;22.000;118.96;0.07;62.39;219.78;22.000;119.39;0.06;62.47;1077.92;108.000;585.24;0.30;62.44;397.60;40.000;215.34;0.13;62.28;517.98;52.000;280.90;0.16;62.36;249.75;25.000;135.67;0.08;62.47;459.04;46.000;249.21;0.15;62.43;139.86;14.000;75.98;0.05;62.47;119.88;12.000;65.12;0.04;62.47;139.86;14.000;75.98;0.05;62.47;269.73;27.000;146.53;0.09;62.47;0.00;0.000;0.00;0.00;0.00;129.87;13.000;70.55;0.05;62.47;0.00;0.000;0.00;0.00;0.00;139.86;14.000;75.98;0.05;62.47
53212;ASS DELIGHTS;1;25513.92;1 393.000;8546.83;0.13;38.52;0.00;0.000;0.00;0.00;0.00;0.00;0.000;0.00;0.00;0.00;0.00;0.000;0.00;0.00;0.00;0.00;0.000;0.00;0.00;0.00;0.00;0.000;0.00;0.00;0.00;0.00;0.000;0.00;0.00;0.00;0.00;0.000;0.00;0.00;0.00;0.00;0.000;0.00;0.00;0.00;0.00;0.000;0.00;0.00;0.00;0.00;0.000;0.00;0.00;0.00;0.00;0.000;0.00;0.00;0.00;0.00;0.000;0.00;0.00;0.00;0.00;0.000;0.00;0.00;0.00;0.00;0.000;0.00;0.00;0.00;288.83;17.000;99.35;0.09;39.56;269.29;16.000;91.29;0.08;38.98;541.98;32.000;185.53;0.16;39.37;813.82;48.000;279.03;0.26;39.43;270.99;16.000;92.76;0.08;39.37;982.87;58.000;336.73;0.28;39.40;543.68;32.000;187.01;0.15;39.56;0.00;0.000;0.00;0.00;0.00;430.74;26.000;142.38;0.13;38.01;860.93;52.000;284.27;0.26;37.97;1338.21;79.000;458.19;0.34;39.37;583.04;36.000;185.51;0.16;36.59;494.89;31.000;153.51;0.12;35.67;463.71;29.000;144.26;0.12;35.78;1004.17;63.000;310.60;0.23;35.57;1396.30;85.000;455.12;0.32;37.48;1761.86;104.000;603.33;0.40;39.38;899.62;53.000;308.99;0.19;39.50;2614.76;154.000;898.48;0.52;39.52;1659.92;98.000;568.27;0.33;39.37;1766.11;104.000;607.03;0.36;39.53;1121.34;66.000;385.70;0.20;39.56;1021.77;38.000;355.66;0.18;40.03;928.19;31.000;330.34;0.19;40.93;179.94;6.000;64.19;0.04;41.02;390.56;14.000;124.30;0.08;36.60;299.90;10.000;106.98;0.06;41.02;409.84;16.000;110.30;0.07;30.95;419.86;14.000;149.78;0.09;41.02;209.93;7.000;74.89;0.05;41.02;119.96;4.000;42.79;0.03;41.02;545.20;20.000;166.49;0.10;35.12;179.94;6.000;64.19;0.04;41.02;307.13;12.000;82.51;0.06;30.89;394.64;16.000;97.09;0.06;28.29
54018;BREAKFAST ROLL;1;170992.14;9 856.000;65895.22;0.99;44.32;0.00;0.000;0.00;0.00;0.00;0.00;0.000;0.00;0.00;0.00;0.00;0.000;0.00;0.00;0.00;0.00;0.000;0.00;0.00;0.00;0.00;0.000;0.00;0.00;0.00;0.00;0.000;0.00;0.00;0.00;0.00;0.000;0.00;0.00;0.00;0.00;0.000;0.00;0.00;0.00;0.00;0.000;0.00;0.00;0.00;0.00;0.000;0.00;0.00;0.00;0.00;0.000;0.00;0.00;0.00;0.00;0.000;0.00;0.00;0.00;0.00;0.000;0.00;0.00;0.00;0.00;0.000;0.00;0.00;0.00;0.00;0.000;0.00;0.00;0.00;0.00;0.000;0.00;0.00;0.00;0.00;0.000;0.00;0.00;0.00;2503.33;167.000;1133.06;1.05;52.05;6773.98;452.000;3065.42;2.61;52.04;5183.54;346.000;2344.93;1.96;52.02;4852.26;324.000;2194.36;1.81;52.01;4960.94;331.000;2245.11;1.72;52.04;4700.11;314.000;2124.55;1.92;51.98;2426.13;162.000;1097.18;1.01;52.01;4987.17;333.000;2255.42;1.69;52.01;4897.23;327.000;2214.71;1.87;52.01;5498.33;367.000;2487.41;1.98;52.03;4924.96;329.000;2226.32;1.83;51.99;5777.14;386.000;2611.10;1.89;51.98;5906.43;332.000;2223.31;1.55;43.29;4644.00;245.000;1629.91;1.09;40.36;5675.16;299.000;1995.75;1.21;40.44;4308.83;227.000;1515.40;0.87;40.45;5479.56;289.000;1923.96;1.12;40.38;4611.72;243.000;1621.50;0.97;40.43;6581.08;357.000;2213.37;1.17;38.68;6170.80;325.000;2171.16;1.11;40.46;5463.42;288.000;1919.76;1.13;40.41;6512.62;343.000;2291.46;1.30;40.46;4478.18;242.000;1515.21;0.92;38.91;6188.84;326.000;2177.02;1.27;40.45;6355.00;335.000;2233.04;1.35;40.41;6228.72;328.000;2192.04;1.37;40.47;6907.61;364.000;2428.50;1.49;40.43;6055.91;319.000;2130.24;1.32;40.45;6091.99;321.000;2141.95;1.27;40.43;5596.35;295.000;1966.54;1.25;40.41;3739.13;197.000;1314.91;0.89;40.44;6511.67;343.000;2290.63;1.48;40.45
54228;CHAKALAKA ROLL;1;33172.22;3 930.000;14969.63;0.23;51.90;0.00;0.000;0.00;0.00;0.00;0.00;0.000;0.00;0.00;0.00;0.00;0.000;0.00;0.00;0.00;0.00;0.000;0.00;0.00;0.00;0.00;0.000;0.00;0.00;0.00;0.00;0.000;0.00;0.00;0.00;0.00;0.000;0.00;0.00;0.00;0.00;0.000;0.00;0.00;0.00;0.00;0.000;0.00;0.00;0.00;0.00;0.000;0.00;0.00;0.00;0.00;0.000;0.00;0.00;0.00;0.00;0.000;0.00;0.00;0.00;0.00;0.000;0.00;0.00;0.00;0.00;0.000;0.00;0.00;0.00;0.00;0.000;0.00;0.00;0.00;0.00;0.000;0.00;0.00;0.00;0.00;0.000;0.00;0.00;0.00;0.00;0.000;0.00;0.00;0.00;1333.13;167.000;623.17;0.53;53.76;862.12;108.000;402.99;0.34;53.76;1133.78;142.000;530.08;0.44;53.77;1733.83;217.000;811.11;0.62;53.80;2132.13;267.000;996.96;0.90;53.77;2023.46;255.000;940.98;0.86;53.48;1743.31;219.000;812.93;0.61;53.63;1124.59;141.000;525.29;0.44;53.72;559.30;70.000;261.65;0.21;53.80;886.49;111.000;414.55;0.34;53.78;1022.32;128.000;478.09;0.35;53.78;854.93;107.000;399.95;0.28;53.80;1174.13;147.000;549.11;0.37;53.78;3567.13;448.000;1663.77;1.01;53.64;3808.83;477.000;1780.86;1.03;53.77;3091.33;387.000;1445.84;0.84;53.79;2430.85;275.000;1068.79;0.64;50.56;1062.54;76.000;363.83;0.19;39.38;964.61;69.000;330.26;0.17;39.37;432.29;31.000;147.43;0.09;39.22;587.58;42.000;201.40;0.11;39.42;153.89;11.000;52.75;0.03;39.42;237.83;17.000;81.52;0.05;39.42;0.00;0.000;0.00;0.00;0.00;0.00;0.000;0.00;0.00;0.00;0.00;0.000;0.00;0.00;0.00;167.88;12.000;57.54;0.04;39.42;83.94;6.000;28.77;0.02;39.42;0.00;0.000;0.00;0.00;0.00;0.00;0.000;0.00;0.00;0.00;0.00;0.000;0.00;0.00;0.00
54546;BABY FOCACCIA;1;16547.62;2 768.000;7386.19;0.11;51.33;0.00;0.000;0.00;0.00;0.00;0.00;0.000;0.00;0.00;0.00;0.00;0.000;0.00;0.00;0.00;0.00;0.000;0.00;0.00;0.00;0.00;0.000;0.00;0.00;0.00;0.00;0.000;0.00;0.00;0.00;0.00;0.000;0.00;0.00;0.00;0.00;0.000;0.00;0.00;0.00;0.00;0.000;0.00;0.00;0.00;0.00;0.000;0.00;0.00;0.00;0.00;0.000;0.00;0.00;0.00;0.00;0.000;0.00;0.00;0.00;0.00;0.000;0.00;0.00;0.00;0.00;0.000;0.00;0.00;0.00;0.00;0.000;0.00;0.00;0.00;0.00;0.000;0.00;0.00;0.00;0.00;0.000;0.00;0.00;0.00;0.00;0.000;0.00;0.00;0.00;854.17;143.000;380.97;0.32;51.29;4123.51;689.000;1842.49;1.54;51.38;4134.89;691.000;1847.33;1.52;51.38;3829.97;643.000;1703.62;1.31;51.15;2502.92;418.000;1118.91;1.01;51.41;485.19;81.000;216.97;0.20;51.43;71.88;12.000;32.14;0.02;51.43;227.62;38.000;101.79;0.09;51.43;0.00;0.000;0.00;0.00;0.00;0.00;0.000;0.00;0.00;0.00;0.00;0.000;0.00;0.00;0.00;0.00;0.000;0.00;0.00;0.00;101.83;17.000;45.54;0.03;51.43;0.00;0.000;0.00;0.00;0.00;0.00;0.000;0.00;0.00;0.00;0.00;0.000;0.00;0.00;0.00;0.00;0.000;0.00;0.00;0.00;0.00;0.000;0.00;0.00;0.00;0.00;0.000;0.00;0.00;0.00;0.00;0.000;0.00;0.00;0.00;0.00;0.000;0.00;0.00;0.00;0.00;0.000;0.00;0.00;0.00;0.00;0.000;0.00;0.00;0.00;0.00;0.000;0.00;0.00;0.00;107.82;18.000;48.22;0.03;51.43;11.98;2.000;5.36;0.00;51.43;95.84;16.000;42.86;0.03;51.43;0.00;0.000;0.00;0.00;0.00;0.00;0.000;0.00;0.00;0.00;0.00;0.000;0.00;0.00;0.00;0.00;0.000;0.00;0.00;0.00
54547; MINI GATSBY;1;17438.13;1 787.000;9391.58;0.14;61.94;0.00;0.000;0.00;0.00;0.00;0.00;0.000;0.00;0.00;0.00;0.00;0.000;0.00;0.00;0.00;0.00;0.000;0.00;0.00;0.00;0.00;0.000;0.00;0.00;0.00;0.00;0.000;0.00;0.00;0.00;0.00;0.000;0.00;0.00;0.00;0.00;0.000;0.00;0.00;0.00;0.00;0.000;0.00;0.00;0.00;0.00;0.000;0.00;0.00;0.00;0.00;0.000;0.00;0.00;0.00;0.00;0.000;0.00;0.00;0.00;0.00;0.000;0.00;0.00;0.00;0.00;0.000;0.00;0.00;0.00;0.00;0.000;0.00;0.00;0.00;0.00;0.000;0.00;0.00;0.00;0.00;0.000;0.00;0.00;0.00;0.00;0.000;0.00;0.00;0.00;415.48;52.000;193.33;0.16;53.51;319.60;40.000;148.71;0.12;53.51;239.70;30.000;111.53;0.09;53.51;207.74;26.000;96.66;0.07;53.51;295.63;37.000;137.56;0.12;53.51;151.81;19.000;70.64;0.06;53.51;183.81;19.000;98.46;0.07;61.60;719.28;72.000;392.90;0.33;62.82;559.44;56.000;305.59;0.24;62.82;499.50;50.000;272.85;0.22;62.82;499.50;50.000;272.85;0.20;62.82;759.24;76.000;414.73;0.29;62.82;299.70;30.000;163.71;0.11;62.82;399.60;40.000;218.28;0.13;62.82;619.38;62.000;338.33;0.19;62.82;549.45;55.000;300.13;0.17;62.82;569.43;57.000;311.05;0.19;62.82;519.48;52.000;283.76;0.15;62.82;1298.70;130.000;709.40;0.36;62.82;619.38;62.000;338.33;0.20;62.82;1348.65;135.000;736.69;0.42;62.82;799.20;80.000;436.56;0.27;62.82;669.33;67.000;365.62;0.21;62.82;299.70;30.000;163.71;0.10;62.82;239.76;24.000;130.97;0.08;62.82;649.35;65.000;354.70;0.22;62.82;409.59;41.000;223.74;0.14;62.82;399.60;40.000;218.28;0.13;62.82;399.60;40.000;218.28;0.14;62.82;2047.95;205.000;1118.68;0.76;62.82;449.55;45.000;245.56;0.16;62.82
55095;CAPE MELAY DOUGHNUT;1;45413.25;9 814.000;25946.46;0.39;65.70;0.00;0.000;0.00;0.00;0.00;0.00;0.000;0.00;0.00;0.00;0.00;0.000;0.00;0.00;0.00;0.00;0.000;0.00;0.00;0.00;0.00;0.000;0.00;0.00;0.00;0.00;0.000;0.00;0.00;0.00;0.00;0.000;0.00;0.00;0.00;0.00;0.000;0.00;0.00;0.00;0.00;0.000;0.00;0.00;0.00;0.00;0.000;0.00;0.00;0.00;0.00;0.000;0.00;0.00;0.00;0.00;0.000;0.00;0.00;0.00;0.00;0.000;0.00;0.00;0.00;0.00;0.000;0.00;0.00;0.00;0.00;0.000;0.00;0.00;0.00;0.00;0.000;0.00;0.00;0.00;0.00;0.000;0.00;0.00;0.00;0.00;0.000;0.00;0.00;0.00;0.00;0.000;0.00;0.00;0.00;3300.80;826.000;1730.38;1.45;60.29;5842.20;1 462.000;3062.61;2.52;60.29;3210.50;751.000;1755.36;1.35;62.88;1743.50;349.000;1034.47;0.94;68.23;2585.00;593.000;1429.49;1.31;63.59;1279.25;276.000;731.51;0.55;65.76;1313.75;263.000;779.45;0.66;68.23;1887.25;378.000;1119.45;0.89;68.21;420.00;84.000;249.30;0.21;68.26;3045.00;646.000;1756.35;1.27;66.33;1374.25;275.000;815.50;0.57;68.24;1514.25;306.000;894.46;0.60;67.93;2412.50;483.000;1431.29;0.86;68.23;2335.50;486.000;1360.19;0.78;66.98;1358.25;275.000;801.59;0.47;67.87;1249.50;250.000;741.52;0.45;68.25;1228.00;246.000;728.35;0.38;68.21;813.50;163.000;482.45;0.25;68.20;630.00;126.000;373.95;0.22;68.26;555.00;111.000;329.43;0.19;68.26;0.00;0.000;0.00;0.00;0.00;100.00;20.000;59.36;0.03;68.26;155.00;31.000;92.00;0.06;68.26;873.00;175.000;517.63;0.32;68.19;1978.75;396.000;1174.17;0.72;68.24;1509.25;302.000;895.63;0.56;68.24;964.50;193.000;572.36;0.34;68.24;1435.00;287.000;851.77;0.54;68.26;299.75;61.000;176.47;0.12;67.70;0.00;0.000;0.00;0.00;0.00
55481;BEESTING ROLL;1;40544.77;3 385.000;17992.82;0.27;51.03;0.00;0.000;0.00;0.00;0.00;0.00;0.000;0.00;0.00;0.00;0.00;0.000;0.00;0.00;0.00;0.00;0.000;0.00;0.00;0.00;0.00;0.000;0.00;0.00;0.00;0.00;0.000;0.00;0.00;0.00;0.00;0.000;0.00;0.00;0.00;0.00;0.000;0.00;0.00;0.00;0.00;0.000;0.00;0.00;0.00;0.00;0.000;0.00;0.00;0.00;0.00;0.000;0.00;0.00;0.00;0.00;0.000;0.00;0.00;0.00;0.00;0.000;0.00;0.00;0.00;0.00;0.000;0.00;0.00;0.00;0.00;0.000;0.00;0.00;0.00;0.00;0.000;0.00;0.00;0.00;0.00;0.000;0.00;0.00;0.00;0.00;0.000;0.00;0.00;0.00;0.00;0.000;0.00;0.00;0.00;0.00;0.000;0.00;0.00;0.00;311.74;26.000;138.48;0.11;51.08;1366.26;114.000;606.65;0.47;51.06;671.44;56.000;298.26;0.27;51.08;1151.04;96.000;511.30;0.47;51.08;1258.95;105.000;559.24;0.42;51.08;1079.10;90.000;479.35;0.40;51.08;958.60;80.000;425.57;0.34;51.05;815.32;68.000;362.17;0.30;51.08;1103.08;92.000;490.00;0.36;51.08;707.41;59.000;314.24;0.22;51.08;778.75;65.000;345.67;0.23;51.05;1053.32;88.000;467.13;0.28;51.00;1234.37;103.000;548.07;0.32;51.06;1604.26;134.000;711.61;0.41;51.01;1689.99;141.000;750.46;0.45;51.07;2288.89;191.000;1016.24;0.54;51.06;2013.72;168.000;894.26;0.46;51.07;2324.26;194.000;1031.70;0.61;51.05;1962.76;164.000;870.35;0.49;50.99;1774.52;149.000;783.16;0.48;50.75;2553.87;213.000;1134.46;0.66;51.08;2121.63;177.000;942.20;0.57;51.07;1450.19;121.000;643.93;0.40;51.06;1821.88;152.000;809.04;0.50;51.07;1163.03;97.000;516.63;0.32;51.08;767.36;64.000;340.87;0.20;51.08;1510.14;126.000;670.57;0.43;51.06;1450.19;122.000;638.83;0.43;50.66;1558.70;130.000;692.39;0.45;51.08
56248;B/WORS ROLL BAKERY;1;72513.96;20 431.000;36759.71;0.55;50.69;0.00;0.000;0.00;0.00;0.00;0.00;0.000;0.00;0.00;0.00;0.00;0.000;0.00;0.00;0.00;0.00;0.000;0.00;0.00;0.00;0.00;0.000;0.00;0.00;0.00;0.00;0.000;0.00;0.00;0.00;0.00;0.000;0.00;0.00;0.00;0.00;0.000;0.00;0.00;0.00;0.00;0.000;0.00;0.00;0.00;0.00;0.000;0.00;0.00;0.00;0.00;0.000;0.00;0.00;0.00;0.00;0.000;0.00;0.00;0.00;0.00;0.000;0.00;0.00;0.00;0.00;0.000;0.00;0.00;0.00;0.00;0.000;0.00;0.00;0.00;0.00;0.000;0.00;0.00;0.00;0.00;0.000;0.00;0.00;0.00;0.00;0.000;0.00;0.00;0.00;0.00;0.000;0.00;0.00;0.00;0.00;0.000;0.00;0.00;0.00;0.00;0.000;0.00;0.00;0.00;0.00;0.000;0.00;0.00;0.00;0.00;0.000;0.00;0.00;0.00;3315.00;1 105.000;1381.25;1.27;41.67;6192.00;2 064.000;2580.00;1.94;41.67;2988.00;996.000;1245.00;1.05;41.67;3216.00;1 072.000;1340.00;1.07;41.67;3330.00;1 110.000;1387.50;1.14;41.67;3165.00;1 055.000;1318.75;0.96;41.67;2346.00;782.000;977.50;0.68;41.67;1425.00;475.000;593.75;0.40;41.67;3123.00;1 124.000;1156.00;0.70;37.02;6360.48;1 508.000;3721.48;2.14;58.51;7173.84;1 772.000;4072.84;2.37;56.77;2070.36;486.000;1219.86;0.73;58.92;2960.70;760.000;1630.70;0.86;55.08;3403.74;799.000;2005.49;1.03;58.92;2939.40;690.000;1731.90;1.02;58.92;3459.12;903.000;1878.87;1.06;54.32;2223.72;577.000;1213.97;0.74;54.59;3672.12;957.000;1997.37;1.17;54.39;1963.86;461.000;1157.11;0.70;58.92;2078.88;536.000;1140.88;0.72;54.88;1099.08;258.000;647.58;0.40;58.92;954.24;224.000;562.24;0.35;58.92;1716.78;403.000;1011.53;0.60;58.92;600.66;141.000;353.91;0.23;58.92;596.40;140.000;351.40;0.24;58.92;140.58;33.000;82.83;0.05;58.92
56350;FOCACCIA SLICE;1;4175.38;733.000;1717.64;0.03;47.31;0.00;0.000;0.00;0.00;0.00;0.00;0.000;0.00;0.00;0.00;0.00;0.000;0.00;0.00;0.00;0.00;0.000;0.00;0.00;0.00;0.00;0.000;0.00;0.00;0.00;0.00;0.000;0.00;0.00;0.00;0.00;0.000;0.00;0.00;0.00;0.00;0.000;0.00;0.00;0.00;0.00;0.000;0.00;0.00;0.00;0.00;0.000;0.00;0.00;0.00;0.00;0.000;0.00;0.00;0.00;0.00;0.000;0.00;0.00;0.00;0.00;0.000;0.00;0.00;0.00;0.00;0.000;0.00;0.00;0.00;0.00;0.000;0.00;0.00;0.00;0.00;0.000;0.00;0.00;0.00;0.00;0.000;0.00;0.00;0.00;0.00;0.000;0.00;0.00;0.00;0.00;0.000;0.00;0.00;0.00;0.00;0.000;0.00;0.00;0.00;0.00;0.000;0.00;0.00;0.00;0.00;0.000;0.00;0.00;0.00;0.00;0.000;0.00;0.00;0.00;213.54;36.000;91.73;0.08;49.40;0.00;0.000;0.00;0.00;0.00;0.00;0.000;0.00;0.00;0.00;311.48;52.000;135.13;0.11;49.89;311.48;52.000;135.13;0.11;49.89;371.38;62.000;161.12;0.12;49.89;323.46;54.000;140.33;0.10;49.89;251.58;43.000;106.54;0.07;48.70;467.22;78.000;202.70;0.12;49.89;527.12;88.000;228.69;0.13;49.89;107.82;18.000;46.78;0.03;49.89;221.03;37.000;95.63;0.06;49.76;129.16;24.000;49.67;0.03;44.23;258.48;52.000;89.05;0.05;39.62;188.12;38.000;64.40;0.04;39.37;159.68;32.000;55.33;0.03;39.85;129.74;26.000;44.96;0.03;39.85;64.87;13.000;22.48;0.01;39.85;0.00;0.000;0.00;0.00;0.00;0.00;0.000;0.00;0.00;0.00;0.00;0.000;0.00;0.00;0.00;69.86;14.000;24.21;0.02;39.85;0.00;0.000;0.00;0.00;0.00;0.00;0.000;0.00;0.00;0.00;0.00;0.000;0.00;0.00;0.00;69.36;14.000;23.77;0.02;39.42
57071;FOCACCIA CHAKALAKA;1;35700.09;1 191.000;15965.50;0.24;51.43;0.00;0.000;0.00;0.00;0.00;0.00;0.000;0.00;0.00;0.00;0.00;0.000;0.00;0.00;0.00;0.00;0.000;0.00;0.00;0.00;0.00;0.000;0.00;0.00;0.00;0.00;0.000;0.00;0.00;0.00;0.00;0.000;0.00;0.00;0.00;0.00;0.000;0.00;0.00;0.00;0.00;0.000;0.00;0.00;0.00;0.00;0.000;0.00;0.00;0.00;0.00;0.000;0.00;0.00;0.00;0.00;0.000;0.00;0.00;0.00;0.00;0.000;0.00;0.00;0.00;0.00;0.000;0.00;0.00;0.00;0.00;0.000;0.00;0.00;0.00;0.00;0.000;0.00;0.00;0.00;0.00;0.000;0.00;0.00;0.00;0.00;0.000;0.00;0.00;0.00;0.00;0.000;0.00;0.00;0.00;0.00;0.000;0.00;0.00;0.00;0.00;0.000;0.00;0.00;0.00;0.00;0.000;0.00;0.00;0.00;0.00;0.000;0.00;0.00;0.00;0.00;0.000;0.00;0.00;0.00;0.00;0.000;0.00;0.00;0.00;2429.19;81.000;1086.88;0.92;51.45;3777.24;126.000;1689.40;1.35;51.43;2849.05;95.000;1274.73;1.05;51.45;2729.09;91.000;1221.06;0.89;51.45;1827.89;61.000;817.21;0.57;51.41;1499.50;50.000;670.91;0.45;51.45;1228.09;41.000;548.84;0.33;51.39;1289.57;43.000;576.99;0.33;51.45;1709.43;57.000;764.84;0.44;51.45;2426.19;81.000;1084.27;0.65;51.39;2967.51;99.000;1327.10;0.70;51.43;3478.84;116.000;1556.52;0.80;51.45;1944.85;65.000;868.27;0.51;51.34;1949.35;65.000;872.19;0.49;51.45;1199.60;40.000;536.73;0.33;51.45;1138.12;38.000;508.59;0.30;51.39;389.87;13.000;174.44;0.11;51.45;89.97;3.000;40.25;0.03;51.45;0.00;0.000;0.00;0.00;0.00;0.00;0.000;0.00;0.00;0.00;326.89;11.000;144.99;0.09;51.01;389.87;13.000;174.44;0.11;51.45;29.99;1.000;13.42;0.01;51.45;29.99;1.000;13.42;0.01;51.45
57073;FOCACCIA  CHICKEN MAYO;1;157482.96;4 309.000;82103.05;1.24;59.95;0.00;0.000;0.00;0.00;0.00;0.00;0.000;0.00;0.00;0.00;0.00;0.000;0.00;0.00;0.00;0.00;0.000;0.00;0.00;0.00;0.00;0.000;0.00;0.00;0.00;0.00;0.000;0.00;0.00;0.00;0.00;0.000;0.00;0.00;0.00;0.00;0.000;0.00;0.00;0.00;0.00;0.000;0.00;0.00;0.00;0.00;0.000;0.00;0.00;0.00;0.00;0.000;0.00;0.00;0.00;0.00;0.000;0.00;0.00;0.00;0.00;0.000;0.00;0.00;0.00;0.00;0.000;0.00;0.00;0.00;0.00;0.000;0.00;0.00;0.00;0.00;0.000;0.00;0.00;0.00;0.00;0.000;0.00;0.00;0.00;0.00;0.000;0.00;0.00;0.00;0.00;0.000;0.00;0.00;0.00;0.00;0.000;0.00;0.00;0.00;0.00;0.000;0.00;0.00;0.00;0.00;0.000;0.00;0.00;0.00;0.00;0.000;0.00;0.00;0.00;0.00;0.000;0.00;0.00;0.00;0.00;0.000;0.00;0.00;0.00;1146.69;31.000;499.57;0.42;50.10;2700.27;73.000;1176.41;0.94;50.10;2435.79;66.000;1058.78;0.87;49.99;4951.11;134.000;2154.61;1.56;50.05;6469.55;175.000;2816.95;1.96;50.07;6060.81;164.000;2638.07;1.77;50.06;8350.49;226.000;3634.00;2.20;50.05;9349.22;253.000;4069.11;2.34;50.05;10207.39;276.000;4446.19;2.58;50.09;9547.81;264.000;4621.64;2.77;55.67;9426.90;255.000;5430.55;2.86;66.25;8050.87;218.000;4635.46;2.38;66.21;6432.56;174.000;3705.63;2.17;66.25;6763.62;183.000;3895.86;2.21;66.24;5435.68;147.000;3131.73;1.91;66.26;8301.76;229.000;4734.27;2.76;65.58;7745.74;217.000;4380.98;2.65;65.04;6915.28;187.000;3984.34;2.50;66.26;6952.27;188.000;4005.65;2.45;66.26;6249.46;169.000;3600.66;2.24;66.26;5873.85;169.000;3274.05;1.94;64.10;6799.34;196.000;3785.87;2.42;64.03;5880.82;168.000;3290.96;2.23;64.35;5435.68;147.000;3131.73;2.02;66.26
57167;GATSBY ROLL;1;54047.13;3 196.000;23347.10;0.35;49.68;0.00;0.000;0.00;0.00;0.00;0.00;0.000;0.00;0.00;0.00;0.00;0.000;0.00;0.00;0.00;0.00;0.000;0.00;0.00;0.00;0.00;0.000;0.00;0.00;0.00;0.00;0.000;0.00;0.00;0.00;0.00;0.000;0.00;0.00;0.00;0.00;0.000;0.00;0.00;0.00;0.00;0.000;0.00;0.00;0.00;0.00;0.000;0.00;0.00;0.00;0.00;0.000;0.00;0.00;0.00;0.00;0.000;0.00;0.00;0.00;0.00;0.000;0.00;0.00;0.00;0.00;0.000;0.00;0.00;0.00;0.00;0.000;0.00;0.00;0.00;0.00;0.000;0.00;0.00;0.00;0.00;0.000;0.00;0.00;0.00;0.00;0.000;0.00;0.00;0.00;0.00;0.000;0.00;0.00;0.00;0.00;0.000;0.00;0.00;0.00;0.00;0.000;0.00;0.00;0.00;0.00;0.000;0.00;0.00;0.00;0.00;0.000;0.00;0.00;0.00;0.00;0.000;0.00;0.00;0.00;0.00;0.000;0.00;0.00;0.00;203.88;12.000;88.49;0.07;49.91;5130.98;302.000;2226.92;1.78;49.91;3177.13;187.000;1378.92;1.14;49.91;2752.38;162.000;1194.57;0.87;49.91;2089.77;123.000;906.99;0.63;49.91;1970.84;116.000;855.37;0.57;49.91;1817.93;113.000;744.61;0.45;47.10;2718.40;160.000;1179.83;0.68;49.91;1648.03;97.000;715.27;0.42;49.91;1019.40;60.000;442.43;0.27;49.91;815.52;48.000;353.95;0.19;49.91;4742.15;284.000;2022.01;1.04;49.03;2990.24;176.000;1297.81;0.76;49.91;3143.15;185.000;1364.17;0.77;49.91;1393.18;82.000;604.66;0.37;49.91;1766.96;104.000;766.89;0.45;49.91;2225.69;131.000;965.98;0.59;49.91;1715.99;101.000;744.77;0.47;49.91;2803.35;165.000;1216.70;0.74;49.91;2973.25;179.000;1260.83;0.78;48.77;2072.78;122.000;899.62;0.53;49.91;1189.30;70.000;516.17;0.33;49.91;1902.88;112.000;825.88;0.56;49.91;1783.95;105.000;774.26;0.50;49.91
58045; BULK C/T RING DOUGHNUT;1;3175.00;1 270.000;1122.57;0.02;40.66;0.00;0.000;0.00;0.00;0.00;0.00;0.000;0.00;0.00;0.00;0.00;0.000;0.00;0.00;0.00;0.00;0.000;0.00;0.00;0.00;0.00;0.000;0.00;0.00;0.00;0.00;0.000;0.00;0.00;0.00;0.00;0.000;0.00;0.00;0.00;0.00;0.000;0.00;0.00;0.00;0.00;0.000;0.00;0.00;0.00;0.00;0.000;0.00;0.00;0.00;0.00;0.000;0.00;0.00;0.00;0.00;0.000;0.00;0.00;0.00;0.00;0.000;0.00;0.00;0.00;0.00;0.000;0.00;0.00;0.00;0.00;0.000;0.00;0.00;0.00;0.00;0.000;0.00;0.00;0.00;0.00;0.000;0.00;0.00;0.00;0.00;0.000;0.00;0.00;0.00;0.00;0.000;0.00;0.00;0.00;0.00;0.000;0.00;0.00;0.00;0.00;0.000;0.00;0.00;0.00;0.00;0.000;0.00;0.00;0.00;0.00;0.000;0.00;0.00;0.00;0.00;0.000;0.00;0.00;0.00;0.00;0.000;0.00;0.00;0.00;0.00;0.000;0.00;0.00;0.00;0.00;0.000;0.00;0.00;0.00;87.50;35.000;30.94;0.03;40.66;2687.50;1 075.000;950.21;0.69;40.66;0.00;0.000;0.00;0.00;0.00;250.00;100.000;88.39;0.06;40.66;0.00;0.000;0.00;0.00;0.00;0.00;0.000;0.00;0.00;0.00;0.00;0.000;0.00;0.00;0.00;0.00;0.000;0.00;0.00;0.00;0.00;0.000;0.00;0.00;0.00;115.00;46.000;40.66;0.02;40.66;0.00;0.000;0.00;0.00;0.00;0.00;0.000;0.00;0.00;0.00;35.00;14.000;12.37;0.01;40.66;0.00;0.000;0.00;0.00;0.00;0.00;0.000;0.00;0.00;0.00;0.00;0.000;0.00;0.00;0.00;0.00;0.000;0.00;0.00;0.00;0.00;0.000;0.00;0.00;0.00;0.00;0.000;0.00;0.00;0.00;0.00;0.000;0.00;0.00;0.00;0.00;0.000;0.00;0.00;0.00;0.00;0.000;0.00;0.00;0.00
58512;MEDITERRANEAN SQUARE;1;70479.33;2 617.000;33389.15;0.50;54.48;0.00;0.000;0.00;0.00;0.00;0.00;0.000;0.00;0.00;0.00;0.00;0.000;0.00;0.00;0.00;0.00;0.000;0.00;0.00;0.00;0.00;0.000;0.00;0.00;0.00;0.00;0.000;0.00;0.00;0.00;0.00;0.000;0.00;0.00;0.00;0.00;0.000;0.00;0.00;0.00;0.00;0.000;0.00;0.00;0.00;0.00;0.000;0.00;0.00;0.00;0.00;0.000;0.00;0.00;0.00;0.00;0.000;0.00;0.00;0.00;0.00;0.000;0.00;0.00;0.00;0.00;0.000;0.00;0.00;0.00;0.00;0.000;0.00;0.00;0.00;0.00;0.000;0.00;0.00;0.00;0.00;0.000;0.00;0.00;0.00;0.00;0.000;0.00;0.00;0.00;0.00;0.000;0.00;0.00;0.00;0.00;0.000;0.00;0.00;0.00;0.00;0.000;0.00;0.00;0.00;0.00;0.000;0.00;0.00;0.00;0.00;0.000;0.00;0.00;0.00;0.00;0.000;0.00;0.00;0.00;0.00;0.000;0.00;0.00;0.00;0.00;0.000;0.00;0.00;0.00;0.00;0.000;0.00;0.00;0.00;0.00;0.000;0.00;0.00;0.00;1430.47;53.000;678.91;0.49;54.58;4814.04;181.000;2256.66;1.57;53.91;3557.28;132.000;1686.17;1.13;54.51;3504.65;130.000;1661.72;1.00;54.53;6796.08;252.000;3223.31;1.86;54.54;6122.68;227.000;2904.25;1.69;54.55;5172.63;192.000;2451.22;1.47;54.50;4555.91;169.000;2160.12;1.14;54.53;4311.65;160.000;2043.66;1.05;54.51;4253.62;158.000;2014.52;1.18;54.46;4126.77;153.000;1957.52;1.11;54.55;1750.30;65.000;829.10;0.51;54.47;2288.75;85.000;1084.12;0.63;54.47;2152.45;80.000;1018.90;0.62;54.44;2346.78;87.000;1113.26;0.70;54.55;2643.67;98.000;1254.16;0.77;54.56;2429.10;90.000;1152.86;0.72;54.58;2129.51;79.000;1009.61;0.60;54.52;2483.08;92.000;1178.48;0.75;54.58;1723.31;64.000;816.29;0.55;54.47;1886.60;70.000;894.32;0.58;54.51
58767;TOMATO,ONION & CHEESE SQUARE;1;102679.63;5 147.000;53051.75;0.80;59.42;0.00;0.000;0.00;0.00;0.00;0.00;0.000;0.00;0.00;0.00;0.00;0.000;0.00;0.00;0.00;0.00;0.000;0.00;0.00;0.00;0.00;0.000;0.00;0.00;0.00;0.00;0.000;0.00;0.00;0.00;0.00;0.000;0.00;0.00;0.00;0.00;0.000;0.00;0.00;0.00;0.00;0.000;0.00;0.00;0.00;0.00;0.000;0.00;0.00;0.00;0.00;0.000;0.00;0.00;0.00;0.00;0.000;0.00;0.00;0.00;0.00;0.000;0.00;0.00;0.00;0.00;0.000;0.00;0.00;0.00;0.00;0.000;0.00;0.00;0.00;0.00;0.000;0.00;0.00;0.00;0.00;0.000;0.00;0.00;0.00;0.00;0.000;0.00;0.00;0.00;0.00;0.000;0.00;0.00;0.00;0.00;0.000;0.00;0.00;0.00;0.00;0.000;0.00;0.00;0.00;0.00;0.000;0.00;0.00;0.00;0.00;0.000;0.00;0.00;0.00;0.00;0.000;0.00;0.00;0.00;0.00;0.000;0.00;0.00;0.00;0.00;0.000;0.00;0.00;0.00;0.00;0.000;0.00;0.00;0.00;0.00;0.000;0.00;0.00;0.00;0.00;0.000;0.00;0.00;0.00;4910.54;246.000;2538.19;1.77;59.44;5251.37;263.000;2714.89;1.82;59.45;7865.13;397.000;4044.36;2.44;59.13;9485.25;475.000;4904.04;2.82;59.46;9412.29;471.000;4868.76;2.83;59.49;7126.43;357.000;3683.62;2.21;59.44;7190.40;360.000;3718.12;1.96;59.47;8568.71;429.000;4430.89;2.27;59.47;5020.48;252.000;2591.55;1.52;59.36;5053.47;253.000;2613.20;1.48;59.47;3530.23;177.000;1823.69;1.11;59.41;4165.91;209.000;2151.17;1.25;59.38;3626.18;182.000;1871.92;1.13;59.37;3412.29;171.000;1763.37;1.11;59.43;4132.93;207.000;2136.57;1.31;59.45;3111.44;156.000;1607.36;1.00;59.41;2993.50;150.000;1547.04;0.92;59.43;3236.38;162.000;1673.76;1.07;59.47;2053.97;103.000;1060.94;0.72;59.40;2532.73;127.000;1308.29;0.85;59.40
58843;F/L ROLLS HOTDOG;1;155096.09;6 726.000;35421.14;0.53;26.26;0.00;0.000;0.00;0.00;0.00;0.00;0.000;0.00;0.00;0.00;0.00;0.000;0.00;0.00;0.00;0.00;0.000;0.00;0.00;0.00;0.00;0.000;0.00;0.00;0.00;0.00;0.000;0.00;0.00;0.00;0.00;0.000;0.00;0.00;0.00;0.00;0.000;0.00;0.00;0.00;0.00;0.000;0.00;0.00;0.00;0.00;0.000;0.00;0.00;0.00;0.00;0.000;0.00;0.00;0.00;0.00;0.000;0.00;0.00;0.00;0.00;0.000;0.00;0.00;0.00;0.00;0.000;0.00;0.00;0.00;0.00;0.000;0.00;0.00;0.00;0.00;0.000;0.00;0.00;0.00;0.00;0.000;0.00;0.00;0.00;0.00;0.000;0.00;0.00;0.00;0.00;0.000;0.00;0.00;0.00;0.00;0.000;0.00;0.00;0.00;0.00;0.000;0.00;0.00;0.00;0.00;0.000;0.00;0.00;0.00;0.00;0.000;0.00;0.00;0.00;0.00;0.000;0.00;0.00;0.00;0.00;0.000;0.00;0.00;0.00;0.00;0.000;0.00;0.00;0.00;0.00;0.000;0.00;0.00;0.00;0.00;0.000;0.00;0.00;0.00;0.00;0.000;0.00;0.00;0.00;2570.28;112.000;604.67;0.42;27.05;6691.67;303.000;1470.07;0.98;25.26;6555.99;296.000;1447.46;0.87;25.39;7402.94;346.000;1526.90;0.88;23.72;9092.69;396.000;2142.87;1.24;27.10;7522.53;348.000;1630.33;0.98;24.92;6506.40;291.000;1558.51;0.82;27.55;9064.05;395.000;2208.48;1.13;28.02;8918.97;390.000;2154.13;1.26;27.78;7957.98;347.000;1936.09;1.10;27.98;5633.69;246.000;1365.61;0.83;27.88;6967.54;317.000;1578.98;0.92;26.06;9135.97;410.000;2008.81;1.22;25.29;7772.11;334.000;1676.57;1.05;24.81;7180.44;291.000;1666.65;1.02;26.69;8450.80;360.000;1808.86;1.12;24.62;10268.39;411.000;2450.73;1.45;27.45;8916.69;377.000;1939.72;1.24;25.02;8317.29;348.000;1833.54;1.24;25.35;10169.67;408.000;2412.17;1.56;27.28
59381;WHITE BREAD STD;1;776265.29;60 413.000;261273.34;3.94;38.71;0.00;0.000;0.00;0.00;0.00;0.00;0.000;0.00;0.00;0.00;0.00;0.000;0.00;0.00;0.00;0.00;0.000;0.00;0.00;0.00;0.00;0.000;0.00;0.00;0.00;0.00;0.000;0.00;0.00;0.00;0.00;0.000;0.00;0.00;0.00;0.00;0.000;0.00;0.00;0.00;0.00;0.000;0.00;0.00;0.00;0.00;0.000;0.00;0.00;0.00;0.00;0.000;0.00;0.00;0.00;0.00;0.000;0.00;0.00;0.00;0.00;0.000;0.00;0.00;0.00;0.00;0.000;0.00;0.00;0.00;0.00;0.000;0.00;0.00;0.00;0.00;0.000;0.00;0.00;0.00;0.00;0.000;0.00;0.00;0.00;0.00;0.000;0.00;0.00;0.00;0.00;0.000;0.00;0.00;0.00;0.00;0.000;0.00;0.00;0.00;0.00;0.000;0.00;0.00;0.00;0.00;0.000;0.00;0.00;0.00;0.00;0.000;0.00;0.00;0.00;0.00;0.000;0.00;0.00;0.00;0.00;0.000;0.00;0.00;0.00;0.00;0.000;0.00;0.00;0.00;0.00;0.000;0.00;0.00;0.00;0.00;0.000;0.00;0.00;0.00;0.00;0.000;0.00;0.00;0.00;0.00;0.000;0.00;0.00;0.00;19430.42;1 498.000;6589.78;4.41;39.00;48511.74;3 741.000;16446.04;9.94;38.99;52886.54;4 173.000;17278.06;9.95;37.57;49418.47;3 808.000;16773.54;9.74;39.03;49388.20;3 872.000;16306.90;9.79;37.97;46137.19;3 556.000;15654.02;8.25;39.02;47278.43;3 767.000;15194.72;7.79;36.96;37118.23;2 862.000;12586.16;7.38;38.99;43724.66;3 490.000;14010.24;7.93;36.85;39938.37;3 078.000;13594.10;8.30;39.14;42872.81;3 304.000;14780.46;8.62;39.65;38178.23;2 942.000;13163.44;7.98;39.65;40287.16;3 104.000;13894.07;8.71;39.66;38423.09;2 961.000;13246.97;8.11;39.65;40675.72;3 235.000;13339.84;8.29;37.71;36140.10;2 785.000;12460.32;7.37;39.65;38518.57;2 968.000;13282.33;8.48;39.66;34141.59;2 631.000;11771.23;7.96;39.65;33195.77;2 638.000;10901.11;7.05;37.76
59425;BROWN BREAD STD;1;214818.05;19 809.000;89179.32;1.34;41.51;0.00;0.000;0.00;0.00;0.00;0.00;0.000;0.00;0.00;0.00;0.00;0.000;0.00;0.00;0.00;0.00;0.000;0.00;0.00;0.00;0.00;0.000;0.00;0.00;0.00;0.00;0.000;0.00;0.00;0.00;0.00;0.000;0.00;0.00;0.00;0.00;0.000;0.00;0.00;0.00;0.00;0.000;0.00;0.00;0.00;0.00;0.000;0.00;0.00;0.00;0.00;0.000;0.00;0.00;0.00;0.00;0.000;0.00;0.00;0.00;0.00;0.000;0.00;0.00;0.00;0.00;0.000;0.00;0.00;0.00;0.00;0.000;0.00;0.00;0.00;0.00;0.000;0.00;0.00;0.00;0.00;0.000;0.00;0.00;0.00;0.00;0.000;0.00;0.00;0.00;0.00;0.000;0.00;0.00;0.00;0.00;0.000;0.00;0.00;0.00;0.00;0.000;0.00;0.00;0.00;0.00;0.000;0.00;0.00;0.00;0.00;0.000;0.00;0.00;0.00;0.00;0.000;0.00;0.00;0.00;0.00;0.000;0.00;0.00;0.00;0.00;0.000;0.00;0.00;0.00;0.00;0.000;0.00;0.00;0.00;0.00;0.000;0.00;0.00;0.00;0.00;0.000;0.00;0.00;0.00;0.00;0.000;0.00;0.00;0.00;6290.67;573.000;2640.66;1.77;41.98;22639.37;2 063.000;9498.06;5.74;41.95;20306.57;1 879.000;8337.34;4.80;41.06;14838.68;1 352.000;6226.44;3.62;41.96;13903.98;1 267.000;5833.19;3.50;41.95;12148.55;1 141.000;4880.38;2.57;40.17;12546.42;1 155.000;5189.07;2.66;41.36;12112.90;1 121.000;4972.13;2.92;41.05;9349.23;870.000;3807.33;2.15;40.72;8304.03;757.000;3492.37;2.13;42.06;10753.14;981.000;4572.84;2.67;42.53;11403.21;1 039.000;4857.51;2.94;42.60;9458.64;896.000;3813.84;2.39;40.32;9433.24;901.000;3756.94;2.30;39.83;7445.71;679.000;3168.01;1.97;42.55;9900.27;949.000;3921.57;2.32;39.61;7529.78;687.000;3201.68;2.04;42.52;7780.91;709.000;3314.21;2.24;42.59;8672.75;790.000;3695.75;2.39;42.61
60813;KRO-NUTS;1;9509.68;758.000;3318.41;0.05;40.13;0.00;0.000;0.00;0.00;0.00;0.00;0.000;0.00;0.00;0.00;0.00;0.000;0.00;0.00;0.00;0.00;0.000;0.00;0.00;0.00;0.00;0.000;0.00;0.00;0.00;0.00;0.000;0.00;0.00;0.00;0.00;0.000;0.00;0.00;0.00;0.00;0.000;0.00;0.00;0.00;0.00;0.000;0.00;0.00;0.00;0.00;0.000;0.00;0.00;0.00;0.00;0.000;0.00;0.00;0.00;0.00;0.000;0.00;0.00;0.00;0.00;0.000;0.00;0.00;0.00;0.00;0.000;0.00;0.00;0.00;0.00;0.000;0.00;0.00;0.00;0.00;0.000;0.00;0.00;0.00;0.00;0.000;0.00;0.00;0.00;0.00;0.000;0.00;0.00;0.00;0.00;0.000;0.00;0.00;0.00;0.00;0.000;0.00;0.00;0.00;0.00;0.000;0.00;0.00;0.00;0.00;0.000;0.00;0.00;0.00;0.00;0.000;0.00;0.00;0.00;0.00;0.000;0.00;0.00;0.00;0.00;0.000;0.00;0.00;0.00;0.00;0.000;0.00;0.00;0.00;0.00;0.000;0.00;0.00;0.00;0.00;0.000;0.00;0.00;0.00;0.00;0.000;0.00;0.00;0.00;0.00;0.000;0.00;0.00;0.00;0.00;0.000;0.00;0.00;0.00;0.00;0.000;0.00;0.00;0.00;0.00;0.000;0.00;0.00;0.00;0.00;0.000;0.00;0.00;0.00;87.50;7.000;32.30;0.02;42.46;450.00;36.000;166.13;0.09;42.46;525.00;42.000;193.82;0.10;42.46;637.50;51.000;235.35;0.14;42.46;662.50;53.000;244.58;0.14;42.46;625.00;50.000;230.74;0.14;42.46;400.00;32.000;147.67;0.09;42.46;661.87;53.000;244.03;0.15;42.40;724.37;58.000;244.25;0.15;38.78;1073.75;86.000;353.04;0.22;37.81;611.25;49.000;200.68;0.12;37.76;687.50;55.000;226.48;0.13;37.88;573.75;46.000;188.33;0.12;37.75;893.38;71.000;297.47;0.20;38.29;896.31;69.000;313.53;0.20;40.23
61939;MADEIRA COCANUT SLICE;1;28288.50;2 835.000;10168.55;0.15;41.34;0.00;0.000;0.00;0.00;0.00;0.00;0.000;0.00;0.00;0.00;0.00;0.000;0.00;0.00;0.00;0.00;0.000;0.00;0.00;0.00;0.00;0.000;0.00;0.00;0.00;0.00;0.000;0.00;0.00;0.00;0.00;0.000;0.00;0.00;0.00;0.00;0.000;0.00;0.00;0.00;0.00;0.000;0.00;0.00;0.00;0.00;0.000;0.00;0.00;0.00;0.00;0.000;0.00;0.00;0.00;0.00;0.000;0.00;0.00;0.00;0.00;0.000;0.00;0.00;0.00;0.00;0.000;0.00;0.00;0.00;0.00;0.000;0.00;0.00;0.00;0.00;0.000;0.00;0.00;0.00;0.00;0.000;0.00;0.00;0.00;0.00;0.000;0.00;0.00;0.00;0.00;0.000;0.00;0.00;0.00;0.00;0.000;0.00;0.00;0.00;0.00;0.000;0.00;0.00;0.00;0.00;0.000;0.00;0.00;0.00;0.00;0.000;0.00;0.00;0.00;0.00;0.000;0.00;0.00;0.00;0.00;0.000;0.00;0.00;0.00;0.00;0.000;0.00;0.00;0.00;0.00;0.000;0.00;0.00;0.00;0.00;0.000;0.00;0.00;0.00;0.00;0.000;0.00;0.00;0.00;0.00;0.000;0.00;0.00;0.00;0.00;0.000;0.00;0.00;0.00;0.00;0.000;0.00;0.00;0.00;0.00;0.000;0.00;0.00;0.00;0.00;0.000;0.00;0.00;0.00;0.00;0.000;0.00;0.00;0.00;0.00;0.000;0.00;0.00;0.00;0.00;0.000;0.00;0.00;0.00;1526.00;153.000;548.19;0.32;41.31;3126.00;313.000;1125.09;0.64;41.39;2134.00;214.000;766.39;0.47;41.30;2472.00;248.000;887.25;0.52;41.28;1995.50;200.000;717.22;0.43;41.33;1095.00;110.000;392.27;0.25;41.20;2255.00;226.000;810.53;0.50;41.34;3436.00;344.000;1236.87;0.77;41.40;2961.00;297.000;1063.05;0.63;41.29;3075.00;308.000;1106.19;0.71;41.37;1847.50;185.000;664.87;0.45;41.39;2365.50;237.000;850.63;0.55;41.35
61940;GARLIC TWIST;1;8924.50;895.000;4824.83;0.07;62.17;0.00;0.000;0.00;0.00;0.00;0.00;0.000;0.00;0.00;0.00;0.00;0.000;0.00;0.00;0.00;0.00;0.000;0.00;0.00;0.00;0.00;0.000;0.00;0.00;0.00;0.00;0.000;0.00;0.00;0.00;0.00;0.000;0.00;0.00;0.00;0.00;0.000;0.00;0.00;0.00;0.00;0.000;0.00;0.00;0.00;0.00;0.000;0.00;0.00;0.00;0.00;0.000;0.00;0.00;0.00;0.00;0.000;0.00;0.00;0.00;0.00;0.000;0.00;0.00;0.00;0.00;0.000;0.00;0.00;0.00;0.00;0.000;0.00;0.00;0.00;0.00;0.000;0.00;0.00;0.00;0.00;0.000;0.00;0.00;0.00;0.00;0.000;0.00;0.00;0.00;0.00;0.000;0.00;0.00;0.00;0.00;0.000;0.00;0.00;0.00;0.00;0.000;0.00;0.00;0.00;0.00;0.000;0.00;0.00;0.00;0.00;0.000;0.00;0.00;0.00;0.00;0.000;0.00;0.00;0.00;0.00;0.000;0.00;0.00;0.00;0.00;0.000;0.00;0.00;0.00;0.00;0.000;0.00;0.00;0.00;0.00;0.000;0.00;0.00;0.00;0.00;0.000;0.00;0.00;0.00;0.00;0.000;0.00;0.00;0.00;0.00;0.000;0.00;0.00;0.00;0.00;0.000;0.00;0.00;0.00;0.00;0.000;0.00;0.00;0.00;0.00;0.000;0.00;0.00;0.00;0.00;0.000;0.00;0.00;0.00;0.00;0.000;0.00;0.00;0.00;0.00;0.000;0.00;0.00;0.00;707.50;71.000;382.34;0.22;62.15;750.00;75.000;406.17;0.23;62.28;1026.50;103.000;554.77;0.34;62.15;1274.50;128.000;688.42;0.40;62.12;777.50;78.000;420.25;0.25;62.16;1107.50;111.000;598.96;0.38;62.19;1099.00;110.000;594.85;0.36;62.25;997.00;100.000;538.96;0.33;62.17;398.00;40.000;214.89;0.13;62.09;347.50;35.000;187.37;0.12;62.01;230.00;23.000;124.56;0.08;62.28;209.50;21.000;113.29;0.07;62.19
62585;BULK BISCUITS 1KG;1;140580.00;2 637.000;34747.82;0.52;28.43;0.00;0.000;0.00;0.00;0.00;0.00;0.000;0.00;0.00;0.00;0.00;0.000;0.00;0.00;0.00;0.00;0.000;0.00;0.00;0.00;0.00;0.000;0.00;0.00;0.00;0.00;0.000;0.00;0.00;0.00;0.00;0.000;0.00;0.00;0.00;0.00;0.000;0.00;0.00;0.00;0.00;0.000;0.00;0.00;0.00;0.00;0.000;0.00;0.00;0.00;0.00;0.000;0.00;0.00;0.00;0.00;0.000;0.00;0.00;0.00;0.00;0.000;0.00;0.00;0.00;0.00;0.000;0.00;0.00;0.00;0.00;0.000;0.00;0.00;0.00;0.00;0.000;0.00;0.00;0.00;0.00;0.000;0.00;0.00;0.00;0.00;0.000;0.00;0.00;0.00;0.00;0.000;0.00;0.00;0.00;0.00;0.000;0.00;0.00;0.00;0.00;0.000;0.00;0.00;0.00;0.00;0.000;0.00;0.00;0.00;0.00;0.000;0.00;0.00;0.00;0.00;0.000;0.00;0.00;0.00;0.00;0.000;0.00;0.00;0.00;0.00;0.000;0.00;0.00;0.00;0.00;0.000;0.00;0.00;0.00;0.00;0.000;0.00;0.00;0.00;0.00;0.000;0.00;0.00;0.00;0.00;0.000;0.00;0.00;0.00;0.00;0.000;0.00;0.00;0.00;0.00;0.000;0.00;0.00;0.00;0.00;0.000;0.00;0.00;0.00;0.00;0.000;0.00;0.00;0.00;0.00;0.000;0.00;0.00;0.00;0.00;0.000;0.00;0.00;0.00;0.00;0.000;0.00;0.00;0.00;0.00;0.000;0.00;0.00;0.00;0.00;0.000;0.00;0.00;0.00;11330.00;287.000;329.51;0.20;3.34;11385.00;207.000;3031.74;1.77;30.62;12485.00;227.000;3324.66;2.01;30.62;19635.00;357.000;5228.65;3.28;30.62;2200.00;40.000;585.84;0.36;30.62;8855.00;161.000;2358.02;1.47;30.62;14685.00;267.000;3910.51;2.31;30.62;20405.00;371.000;5433.70;3.47;30.62;19470.00;354.000;5184.71;3.51;30.62;20130.00;366.000;5360.47;3.46;30.62
99990101;BAKERY 15%;1;122322.25;22 076.000;31007.12;0.47;29.15;548.43;10.000;140.16;0.19;29.39;4851.04;15.000;1233.62;1.11;29.24;1063.45;324.000;271.78;0.27;29.39;795.35;19.000;199.27;0.19;28.81;3717.18;1 207.000;949.98;0.85;29.39;3569.94;1 863.000;912.35;0.83;29.39;0.96;4.000;0.25;0.00;29.39;1078.42;503.000;275.61;0.23;29.39;1194.98;652.000;305.40;0.26;29.39;1816.00;111.000;464.11;0.36;29.39;3281.26;1 559.000;838.58;0.73;29.39;1487.16;608.000;380.07;0.38;29.39;636.45;95.000;162.65;0.14;29.39;6311.58;336.000;1428.91;1.27;26.04;1999.58;762.000;511.02;0.48;29.39;2913.49;138.000;744.59;0.68;29.39;2022.89;297.000;516.98;0.45;29.39;2107.53;1 013.000;537.81;0.50;29.35;293.88;13.000;75.11;0.06;29.39;3262.86;1 264.000;832.65;0.70;29.35;2079.70;623.000;531.13;0.44;29.37;3211.82;668.000;819.60;0.63;29.35;3838.70;945.000;981.04;0.89;29.39;5409.88;1 554.000;1382.58;1.27;29.39;607.07;17.000;155.15;0.12;29.39;1522.70;115.000;385.65;0.32;29.13;488.16;156.000;124.76;0.10;29.39;266.99;101.000;68.23;0.06;29.39;391.43;59.000;100.04;0.07;29.39;871.07;93.000;222.62;0.16;29.39;922.39;261.000;235.73;0.16;29.39;2770.97;884.000;708.16;0.43;29.39;250.13;80.000;63.92;0.04;29.39;245.45;11.000;62.73;0.04;29.39;59.99;5.000;15.33;0.01;29.39;46.80;109.000;3.52;0.00;8.64;918.89;271.000;234.10;0.12;29.30;6824.43;295.000;1730.84;1.02;29.17;3797.25;10.000;970.45;0.55;29.39;677.44;57.000;173.13;0.11;29.39;5657.82;158.000;1445.30;0.84;29.38;792.69;469.000;195.12;0.12;28.31;430.18;398.000;109.94;0.07;29.39;9584.18;1 167.000;2438.49;1.49;29.26;21570.28;1 467.000;5505.62;3.42;29.35;3126.73;813.000;795.75;0.47;29.27;871.89;364.000;222.82;0.14;29.39;482.26;27.000;123.25;0.08;29.39;1652.53;106.000;421.25;0.27;29.32
;Total (Overall);;22943415.20;1 428 508.787;6634911.92;100.00;32.72;350432.37;27 965.000;74622.82;100.00;24.10;375158.21;28 917.000;110674.75;100.00;33.42;358616.10;28 089.000;101518.31;100.00;32.01;358538.73;26 428.000;102236.33;100.00;32.27;397476.78;29 350.000;112359.03;100.00;32.00;392240.30;29 241.000;109823.09;100.00;31.68;414116.29;29 047.000;116195.75;100.00;31.76;415295.41;28 292.000;119424.91;100.00;32.55;412178.41;25 971.000;119365.22;100.00;32.78;450992.85;27 191.000;127756.55;100.00;32.14;406758.90;27 267.000;114842.69;100.00;31.95;372712.93;24 451.000;99459.10;100.00;30.16;439231.23;26 256.000;114928.54;100.00;29.58;434375.66;24 668.000;112673.32;100.00;29.35;411253.69;26 251.532;106536.19;100.00;29.27;410855.58;25 719.722;109862.40;100.00;30.27;434020.46;25 968.351;114295.43;100.00;29.81;422478.01;27 182.122;108324.37;100.00;29.00;441381.88;26 867.644;117385.11;100.00;30.12;430841.83;27 372.438;119418.44;100.00;31.32;436497.58;27 963.706;121546.67;100.00;31.50;472695.83;29 022.756;130354.13;100.00;31.28;402829.93;24 682.363;110631.48;100.00;31.10;397433.73;26 228.651;109006.56;100.00;31.03;453703.72;30 020.136;133327.03;100.00;33.23;412282.04;24 707.526;118714.04;100.00;32.58;439996.95;26 279.622;125381.45;100.00;32.25;418925.84;24 021.495;121365.33;100.00;32.79;468167.17;29 924.428;137937.55;100.00;33.38;490142.69;28 259.631;143397.83;100.00;33.15;503137.89;28 610.072;149271.49;100.00;33.58;544266.64;33 634.954;165478.03;100.00;34.29;557171.28;34 658.297;173720.41;100.00;35.10;560977.50;32 840.431;172196.91;100.00;34.75;516170.40;29 903.996;166553.02;100.00;36.45;525454.39;32 176.153;189634.11;100.00;40.82;599902.95;36 318.603;195165.94;100.00;36.87;560986.86;32 388.358;170456.36;100.00;34.41;566619.73;34 713.852;176682.42;100.00;35.30;531544.11;30 911.478;163874.97;100.00;34.87;566209.68;32 345.448;171435.57;100.00;34.26;563159.29;34 899.600;165009.40;100.00;33.14;531854.37;31 572.016;159500.78;100.00;33.91;566213.84;34 287.128;163404.32;100.00;32.63;558348.99;33 019.107;160918.99;100.00;32.64;585032.46;32 242.408;168996.26;100.00;32.75;539191.42;30 156.011;156717.63;100.00;32.93;504334.31;29 116.426;147826.12;100.00;33.20;541207.99;31 109.326;154704.72;100.00;32.39
