;;;Totals; ; ; ; ;01/03/22; ; ; ; ;01/04/22; ; ; ; ;01/05/22; ; ; ; ;01/06/22; ; ; ; ;01/07/22; ; ; ; ;01/08/22; ; ; ; ;01/09/22; ; ; ; ;01/10/22; ; ; ; ;01/11/22; ; ; ; ;01/12/22; ; ; ; ;01/01/23; ; ; ; ;01/02/23; ; ; ; ;01/03/23; ; ; ; ;01/04/23; ; ; ; ;01/05/23; ; ; ; ;01/06/23; ; ; ; ;01/07/23; ; ; ; ;01/08/23; ; ; ; ;01/09/23; ; ; ; ;01/10/23; ; ; ; ;01/11/23; ; ; ; ;01/12/23; ; ; ; ;01/01/24; ; ; ; ;01/02/24; ; ; ; ;01/03/24; ; ; ; ;01/04/24; ; ; ; ;01/05/24; ; ; ; ;01/06/24; ; ; ; ;01/07/24; ; ; ; ;01/08/24; ; ; ; ;01/09/24; ; ; ; ;01/10/24; ; ; ; ;01/11/24; ; ; ; ;01/12/24; ; ; ; ;01/01/25; ; ; ; ;01/02/25; ; ; ; ;01/03/25; ; ; ; ;01/04/25; ; ; ; ;01/05/25; ; ; ; ;01/06/25; ; ; ; ;01/07/25; ; ; ; ;01/08/25; ; ; ; ;01/09/25; ; ; ; ;01/10/25; ; ; ; ;01/11/25; ; ; ; ;01/12/25; ; ; ; ;01/01/26; ; ; ; ;01/02/26; ; ; ; ;01/03/26; ; ; ; 
Product Code;Product Description;Department;Sales incl. VAT;Sales Quantity;Gross Profit;GP Ratio (%);GP %;Sales incl. VAT;Sales Quantity;Gross Profit;GP Ratio (%);GP %;Sales incl. VAT;Sales Quantity;Gross Profit;GP Ratio (%);GP %;Sales incl. VAT;Sales Quantity;Gross Profit;GP Ratio (%);GP %;Sales incl. VAT;Sales Quantity;Gross Profit;GP Ratio (%);GP %;Sales incl. VAT;Sales Quantity;Gross Profit;GP Ratio (%);GP %;Sales incl. VAT;Sales Quantity;Gross Profit;GP Ratio (%);GP %;Sales incl. VAT;Sales Quantity;Gross Profit;GP Ratio (%);GP %;Sales incl. VAT;Sales Quantity;Gross Profit;GP Ratio (%);GP %;Sales incl. VAT;Sales Quantity;Gross Profit;GP Ratio (%);GP %;Sales incl. VAT;Sales Quantity;Gross Profit;GP Ratio (%);GP %;Sales incl. VAT;Sales Quantity;Gross Profit;GP Ratio (%);GP %;Sales incl. VAT;Sales Quantity;Gross Profit;GP Ratio (%);GP %;Sales incl. VAT;Sales Quantity;Gross Profit;GP Ratio (%);GP %;Sales incl. VAT;Sales Quantity;Gross Profit;GP Ratio (%);GP %;Sales incl. VAT;Sales Quantity;Gross Profit;GP Ratio (%);GP %;Sales incl. VAT;Sales Quantity;Gross Profit;GP Ratio (%);GP %;Sales incl. VAT;Sales Quantity;Gross Profit;GP Ratio (%);GP %;Sales incl. VAT;Sales Quantity;Gross Profit;GP Ratio (%);GP %;Sales incl. VAT;Sales Quantity;Gross Profit;GP Ratio (%);GP %;Sales incl. VAT;Sales Quantity;Gross Profit;GP Ratio (%);GP %;Sales incl. VAT;Sales Quantity;Gross Profit;GP Ratio (%);GP %;Sales incl. VAT;Sales Quantity;Gross Profit;GP Ratio (%);GP %;Sales incl. VAT;Sales Quantity;Gross Profit;GP Ratio (%);GP %;Sales incl. VAT;Sales Quantity;Gross Profit;GP Ratio (%);GP %;Sales incl. VAT;Sales Quantity;Gross Profit;GP Ratio (%);GP %;Sales incl. VAT;Sales Quantity;Gross Profit;GP Ratio (%);GP %;Sales incl. VAT;Sales Quantity;Gross Profit;GP Ratio (%);GP %;Sales incl. VAT;Sales Quantity;Gross Profit;GP Ratio (%);GP %;Sales incl. VAT;Sales Quantity;Gross Profit;GP Ratio (%);GP %;Sales incl. VAT;Sales Quantity;Gross Profit;GP Ratio (%);GP %;Sales incl. VAT;Sales Quantity;Gross Profit;GP Ratio (%);GP %;Sales incl. VAT;Sales Quantity;Gross Profit;GP Ratio (%);GP %;Sales incl. VAT;Sales Quantity;Gross Profit;GP Ratio (%);GP %;Sales incl. VAT;Sales Quantity;Gross Profit;GP Ratio (%);GP %;Sales incl. VAT;Sales Quantity;Gross Profit;GP Ratio (%);GP %;Sales incl. VAT;Sales Quantity;Gross Profit;GP Ratio (%);GP %;Sales incl. VAT;Sales Quantity;Gross Profit;GP Ratio (%);GP %;Sales incl. VAT;Sales Quantity;Gross Profit;GP Ratio (%);GP %;Sales incl. VAT;Sales Quantity;Gross Profit;GP Ratio (%);GP %;Sales incl. VAT;Sales Quantity;Gross Profit;GP Ratio (%);GP %;Sales incl. VAT;Sales Quantity;Gross Profit;GP Ratio (%);GP %;Sales incl. VAT;Sales Quantity;Gross Profit;GP Ratio (%);GP %;Sales incl. VAT;Sales Quantity;Gross Profit;GP Ratio (%);GP %;Sales incl. VAT;Sales Quantity;Gross Profit;GP Ratio (%);GP %;Sales incl. VAT;Sales Quantity;Gross Profit;GP Ratio (%);GP %;Sales incl. VAT;Sales Quantity;Gross Profit;GP Ratio (%);GP %;Sales incl. VAT;Sales Quantity;Gross Profit;GP Ratio (%);GP %;Sales incl. VAT;Sales Quantity;Gross Profit;GP Ratio (%);GP %;Sales incl. VAT;Sales Quantity;Gross Profit;GP Ratio (%);GP %
11318;C/FAIR FRSH DRUM&THIGH;24;88558.12;1 156.775;9272.92;0.72;12.04;7798.75;109.962;825.85;5.38;12.18;3902.33;49.744;642.14;3.51;18.92;5119.10;73.142;479.25;2.39;10.77;3637.32;52.068;335.22;2.03;10.60;0.00;0.000;0.00;0.00;0.00;0.00;0.000;0.00;0.00;0.00;0.00;0.000;0.00;0.00;0.00;0.00;0.000;0.00;0.00;0.00;10867.58;155.863;928.26;4.92;9.82;0.00;0.000;0.00;0.00;0.00;0.00;0.000;0.00;0.00;0.00;0.00;0.000;0.00;0.00;0.00;0.00;0.000;0.00;0.00;0.00;0.00;0.000;0.00;0.00;0.00;10103.89;126.598;1287.43;6.91;14.65;4861.88;60.782;627.52;3.30;14.84;0.00;0.000;0.00;0.00;0.00;0.00;0.000;0.00;0.00;0.00;0.00;0.000;0.00;0.00;0.00;0.00;0.000;0.00;0.00;0.00;5805.13;72.574;573.10;2.68;11.35;2585.40;32.322;255.23;0.89;11.35;0.00;0.000;0.00;0.00;0.00;10139.48;126.965;1103.45;4.17;12.52;0.00;0.000;0.00;0.00;0.00;0.00;0.000;0.00;0.00;0.00;0.00;0.000;0.00;0.00;0.00;0.00;0.000;0.00;0.00;0.00;0.00;0.000;0.00;0.00;0.00;0.00;0.000;0.00;0.00;0.00;0.00;0.000;0.00;0.00;0.00;0.00;0.000;0.00;0.00;0.00;0.00;0.000;0.00;0.00;0.00;0.00;0.000;0.00;0.00;0.00;0.00;0.000;0.00;0.00;0.00;0.00;0.000;0.00;0.00;0.00;0.00;0.000;0.00;0.00;0.00;0.00;0.000;0.00;0.00;0.00;0.00;0.000;0.00;0.00;0.00;0.00;0.000;0.00;0.00;0.00;0.00;0.000;0.00;0.00;0.00;0.00;0.000;0.00;0.00;0.00;0.00;0.000;0.00;0.00;0.00;0.00;0.000;0.00;0.00;0.00;0.00;0.000;0.00;0.00;0.00;0.00;0.000;0.00;0.00;0.00;0.00;0.000;0.00;0.00;0.00;23737.26;296.755;2215.46;6.26;10.73;0.00;0.000;0.00;0.00;0.00
11324;C/FAIR FRSH PARTY PACK;24;85277.51;1 396.493;9967.92;0.77;13.44;0.00;0.000;0.00;0.00;0.00;0.00;0.000;0.00;0.00;0.00;0.00;0.000;0.00;0.00;0.00;0.00;0.000;0.00;0.00;0.00;0.00;0.000;0.00;0.00;0.00;0.00;0.000;0.00;0.00;0.00;0.00;0.000;0.00;0.00;0.00;4840.94;97.339;405.26;2.52;9.63;5150.17;103.024;451.97;2.39;10.09;0.00;0.000;0.00;0.00;0.00;0.00;0.000;0.00;0.00;0.00;0.00;0.000;0.00;0.00;0.00;0.00;0.000;0.00;0.00;0.00;0.00;0.000;0.00;0.00;0.00;10866.95;181.974;918.80;4.93;9.72;6011.53;100.208;529.79;2.78;10.13;0.00;0.000;0.00;0.00;0.00;0.00;0.000;0.00;0.00;0.00;0.00;0.000;0.00;0.00;0.00;0.00;0.000;0.00;0.00;0.00;0.00;0.000;0.00;0.00;0.00;0.00;0.000;0.00;0.00;0.00;0.00;0.000;0.00;0.00;0.00;14345.18;239.592;1297.75;4.91;10.40;0.00;0.000;0.00;0.00;0.00;0.00;0.000;0.00;0.00;0.00;0.00;0.000;0.00;0.00;0.00;0.00;0.000;0.00;0.00;0.00;0.00;0.000;0.00;0.00;0.00;0.00;0.000;0.00;0.00;0.00;6999.38;116.675;713.70;2.48;11.73;0.00;0.000;0.00;0.00;0.00;0.00;0.000;0.00;0.00;0.00;0.00;0.000;0.00;0.00;0.00;0.00;0.000;0.00;0.00;0.00;0.00;0.000;0.00;0.00;0.00;0.00;0.000;0.00;0.00;0.00;0.00;0.000;0.00;0.00;0.00;0.00;0.000;0.00;0.00;0.00;0.00;0.000;0.00;0.00;0.00;0.00;0.000;0.00;0.00;0.00;0.00;0.000;0.00;0.00;0.00;0.00;0.000;0.00;0.00;0.00;0.00;0.000;0.00;0.00;0.00;0.00;0.000;0.00;0.00;0.00;0.00;0.000;0.00;0.00;0.00;0.00;0.000;0.00;0.00;0.00;37063.36;557.681;5650.65;15.96;17.53;0.00;0.000;0.00;0.00;0.00
11325;C/FAIR FRSH BRSTS FIL 4'S;24;10190.96;132.493;963.50;0.07;10.87;5754.78;76.825;587.35;3.83;11.74;0.00;0.000;0.00;0.00;0.00;0.00;0.000;0.00;0.00;0.00;0.00;0.000;0.00;0.00;0.00;0.00;0.000;0.00;0.00;0.00;0.00;0.000;0.00;0.00;0.00;0.00;0.000;0.00;0.00;0.00;0.00;0.000;0.00;0.00;0.00;0.00;0.000;0.00;0.00;0.00;0.00;0.000;0.00;0.00;0.00;0.00;0.000;0.00;0.00;0.00;4436.18;55.668;376.15;2.02;9.75;0.00;0.000;0.00;0.00;0.00;0.00;0.000;0.00;0.00;0.00;0.00;0.000;0.00;0.00;0.00;0.00;0.000;0.00;0.00;0.00;0.00;0.000;0.00;0.00;0.00;0.00;0.000;0.00;0.00;0.00;0.00;0.000;0.00;0.00;0.00;0.00;0.000;0.00;0.00;0.00;0.00;0.000;0.00;0.00;0.00;0.00;0.000;0.00;0.00;0.00;0.00;0.000;0.00;0.00;0.00;0.00;0.000;0.00;0.00;0.00;0.00;0.000;0.00;0.00;0.00;0.00;0.000;0.00;0.00;0.00;0.00;0.000;0.00;0.00;0.00;0.00;0.000;0.00;0.00;0.00;0.00;0.000;0.00;0.00;0.00;0.00;0.000;0.00;0.00;0.00;0.00;0.000;0.00;0.00;0.00;0.00;0.000;0.00;0.00;0.00;0.00;0.000;0.00;0.00;0.00;0.00;0.000;0.00;0.00;0.00;0.00;0.000;0.00;0.00;0.00;0.00;0.000;0.00;0.00;0.00;0.00;0.000;0.00;0.00;0.00;0.00;0.000;0.00;0.00;0.00;0.00;0.000;0.00;0.00;0.00;0.00;0.000;0.00;0.00;0.00;0.00;0.000;0.00;0.00;0.00;0.00;0.000;0.00;0.00;0.00;0.00;0.000;0.00;0.00;0.00;0.00;0.000;0.00;0.00;0.00;0.00;0.000;0.00;0.00;0.00;0.00;0.000;0.00;0.00;0.00;0.00;0.000;0.00;0.00;0.00;0.00;0.000;0.00;0.00;0.00;0.00;0.000;0.00;0.00;0.00
11328;C/FAIR FRSH BRAAI 5 PIECE;24;51743.77;855.398;7046.09;0.54;15.66;7389.59;133.975;962.05;6.27;14.97;5172.77;91.766;741.13;4.05;16.48;5679.88;86.714;1012.19;5.05;20.49;1198.16;19.974;143.53;0.87;13.78;0.00;0.000;0.00;0.00;0.00;0.00;0.000;0.00;0.00;0.00;0.00;0.000;0.00;0.00;0.00;0.00;0.000;0.00;0.00;0.00;8405.90;146.427;986.27;5.22;13.49;2421.14;36.117;456.45;1.90;21.68;0.00;0.000;0.00;0.00;0.00;7372.08;123.160;702.84;3.77;10.96;0.00;0.000;0.00;0.00;0.00;0.00;0.000;0.00;0.00;0.00;0.00;0.000;0.00;0.00;0.00;0.00;0.000;0.00;0.00;0.00;8494.62;137.514;999.59;4.14;13.53;1248.28;17.406;262.12;1.28;24.15;0.00;0.000;0.00;0.00;0.00;0.00;0.000;0.00;0.00;0.00;0.00;0.000;0.00;0.00;0.00;0.00;0.000;0.00;0.00;0.00;0.00;0.000;0.00;0.00;0.00;0.00;0.000;0.00;0.00;0.00;0.00;0.000;0.00;0.00;0.00;0.00;0.000;0.00;0.00;0.00;0.00;0.000;0.00;0.00;0.00;4361.35;62.345;779.92;3.15;20.56;0.00;0.000;0.00;0.00;0.00;0.00;0.000;0.00;0.00;0.00;0.00;0.000;0.00;0.00;0.00;0.00;0.000;0.00;0.00;0.00;0.00;0.000;0.00;0.00;0.00;0.00;0.000;0.00;0.00;0.00;0.00;0.000;0.00;0.00;0.00;0.00;0.000;0.00;0.00;0.00;0.00;0.000;0.00;0.00;0.00;0.00;0.000;0.00;0.00;0.00;0.00;0.000;0.00;0.00;0.00;0.00;0.000;0.00;0.00;0.00;0.00;0.000;0.00;0.00;0.00;0.00;0.000;0.00;0.00;0.00;0.00;0.000;0.00;0.00;0.00;0.00;0.000;0.00;0.00;0.00;0.00;0.000;0.00;0.00;0.00;0.00;0.000;0.00;0.00;0.00;0.00;0.000;0.00;0.00;0.00;0.00;0.000;0.00;0.00;0.00;0.00;0.000;0.00;0.00;0.00
11330;SPAR SLT CHKN WINGS 8'S;24;199385.35;2 119.050;38416.29;2.97;22.16;3500.32;42.202;700.90;4.57;23.03;3412.88;40.835;681.36;3.72;22.96;3778.00;43.936;768.24;3.83;23.38;4047.76;47.178;817.09;4.95;23.21;4818.28;56.062;978.17;4.33;23.35;5260.64;61.320;1061.61;6.33;23.21;4651.45;51.509;1061.79;6.44;26.25;4070.18;45.385;893.35;5.56;25.24;4143.81;47.896;810.99;4.30;22.51;6503.21;75.627;1245.93;5.19;22.03;4690.21;54.566;897.26;4.55;22.00;4806.18;55.972;916.13;4.92;21.92;4210.38;47.329;747.96;3.28;20.43;5494.81;61.255;958.86;4.75;20.07;3534.30;39.334;620.84;3.33;20.20;4386.18;48.876;766.66;4.03;20.10;4623.31;51.434;829.21;3.43;20.63;3855.39;42.966;686.82;3.34;20.49;3228.19;35.926;578.20;2.20;20.60;4087.16;44.047;747.17;2.87;21.02;4735.91;49.912;870.69;4.08;21.14;5993.37;63.225;1097.93;3.83;21.07;4475.81;47.194;821.36;3.73;21.10;3441.98;36.280;632.49;2.39;21.13;5808.69;61.320;1061.29;4.40;21.01;4153.65;43.888;756.32;3.52;20.94;4122.78;43.504;754.46;2.94;21.04;3859.08;40.724;706.04;2.85;21.04;4239.73;44.706;777.95;3.40;21.10;4722.34;49.738;870.21;2.94;21.19;4209.68;44.432;769.65;2.68;21.03;4536.39;45.524;867.86;2.89;22.00;949.88;9.314;184.69;0.64;22.36;0.00;0.000;0.00;0.00;0.00;0.00;0.000;0.00;0.00;0.00;851.08;8.030;187.18;0.64;25.29;3521.42;33.224;774.55;2.11;25.29;4682.72;44.181;968.45;3.27;23.78;4962.05;46.816;968.32;3.63;22.44;4276.87;40.352;834.57;2.55;22.44;0.00;0.000;0.00;0.00;0.00;0.00;0.000;0.00;0.00;0.00;2683.00;26.050;543.89;1.84;23.31;5787.59;55.909;1163.12;3.37;23.11;6014.28;57.835;1199.48;3.07;22.94;5132.54;49.355;1023.69;2.35;22.94;6815.30;65.538;1359.22;3.66;22.94;6334.85;60.918;1263.39;3.57;22.94;5971.72;57.426;1190.97;3.12;22.94
11331;SPAR SLT DRUMS/THIGHS;24;478752.85;5 802.393;71189.95;5.50;17.10;10435.23;146.090;1159.31;7.55;12.78;6117.06;93.021;992.91;5.43;18.67;10768.48;129.239;2020.41;10.07;21.58;9092.86;121.441;1346.78;8.16;17.03;14269.52;158.692;3306.01;14.63;26.64;13992.47;183.265;1951.15;11.63;16.04;16296.31;228.556;1717.21;10.42;12.12;14089.72;172.968;2439.32;15.19;19.91;3364.15;36.733;781.22;4.14;26.71;17219.88;223.758;2321.31;9.67;15.50;9379.11;104.270;1647.15;8.36;20.20;6410.49;71.324;1122.25;6.02;20.13;13878.03;171.477;1974.94;8.66;16.37;10913.63;133.292;1597.33;7.92;16.83;10191.39;128.682;1298.59;6.97;14.65;13824.52;186.272;1460.06;7.67;12.15;15352.17;178.399;2550.54;10.56;19.11;11193.11;124.598;1994.06;9.71;20.49;13674.70;161.474;2127.81;8.11;17.89;12062.37;129.789;2196.18;8.43;20.94;7885.54;83.234;1435.55;6.72;20.94;12465.20;131.228;2291.78;8.00;21.14;8500.36;102.045;1137.35;5.16;15.39;2954.76;36.091;377.73;1.43;14.70;9912.42;116.465;1329.23;5.51;15.42;0.00;0.000;0.00;0.00;0.00;0.00;0.000;0.00;0.00;0.00;14047.98;178.427;1635.33;6.60;13.39;21886.28;286.953;2968.31;12.96;15.60;13980.74;155.596;3036.69;10.27;24.98;6633.51;73.758;1444.84;5.02;25.05;3071.60;28.980;673.57;2.24;25.22;12880.23;158.227;1479.66;5.13;13.21;13760.00;172.024;1406.21;4.01;11.75;10404.06;113.592;1588.29;5.01;17.56;14130.22;176.651;1373.15;4.67;11.18;10906.98;125.771;1673.44;4.56;17.64;6963.66;87.058;634.82;2.14;10.48;0.00;0.000;0.00;0.00;0.00;11394.68;142.454;1040.17;3.18;10.50;0.00;0.000;0.00;0.00;0.00;0.00;0.000;0.00;0.00;0.00;11851.13;148.158;1103.39;3.73;10.71;9867.64;123.362;918.67;2.67;10.71;17008.46;188.135;3142.90;8.04;21.25;10018.89;94.527;2860.10;6.57;32.83;0.00;0.000;0.00;0.00;0.00;0.00;0.000;0.00;0.00;0.00;15703.31;196.317;1634.23;4.28;11.97
11332;SPAR SLT CHKN BRAAIPK 8;24;305361.21;4 551.529;42707.06;3.30;16.08;0.00;0.000;0.00;0.00;0.00;5084.92;84.762;731.62;4.00;16.55;1875.45;28.262;359.03;1.79;22.02;3395.66;52.698;570.83;3.46;19.33;3414.75;48.838;801.11;3.55;26.98;8010.29;137.903;1157.37;6.90;16.62;6491.21;106.483;1082.59;6.57;19.18;1027.01;13.560;257.79;1.61;28.87;0.00;0.000;0.00;0.00;0.00;10372.14;144.831;2388.49;9.95;26.48;13941.96;225.378;1192.78;6.05;9.84;2339.66;36.451;253.37;1.36;12.45;2684.23;37.515;486.74;2.13;20.85;0.00;0.000;0.00;0.00;0.00;0.00;0.000;0.00;0.00;0.00;0.00;0.000;0.00;0.00;0.00;0.00;0.000;0.00;0.00;0.00;2765.12;46.146;253.07;1.23;10.53;13372.32;208.282;1682.95;6.42;14.47;12467.24;179.263;2028.97;7.79;18.72;11331.79;167.156;1363.53;6.39;13.84;15421.01;237.016;1505.82;5.25;11.23;14523.77;233.210;1308.76;5.94;10.36;13952.85;187.612;2445.69;9.24;20.16;15979.22;221.474;2927.36;12.14;21.07;13713.55;171.894;3476.54;16.18;29.15;9106.19;130.525;1533.43;5.98;19.37;7851.06;106.371;1346.36;5.43;19.72;6246.23;78.188;1235.19;5.39;22.74;9333.52;137.448;1361.99;4.61;16.78;9443.73;157.794;945.75;3.29;11.52;3925.00;52.814;654.30;2.18;19.17;5139.18;79.076;525.23;1.82;11.75;173.53;2.018;37.03;0.11;24.54;4597.75;70.745;449.90;1.42;11.25;3393.37;52.214;378.34;1.29;12.82;2190.45;28.476;467.39;1.27;24.54;4125.71;61.013;453.13;1.53;12.63;0.00;0.000;0.00;0.00;0.00;3160.30;36.752;642.15;1.97;23.37;0.00;0.000;0.00;0.00;0.00;0.00;0.000;0.00;0.00;0.00;9913.99;152.547;927.66;3.14;10.76;15543.89;229.818;1954.41;5.67;14.46;5133.20;73.342;600.49;1.54;13.45;13475.93;201.550;1335.05;3.07;11.39;13617.50;218.310;904.87;2.44;7.64;6826.53;113.794;679.99;1.92;11.46;0.00;0.000;0.00;0.00;0.00
11333;BREAST FILLET;24;331347.40;3 591.518;49114.56;3.80;17.05;8948.10;113.334;1111.00;7.24;14.28;9145.10;121.126;994.50;5.44;12.51;7164.38;81.880;1102.50;5.50;17.70;6314.20;74.421;882.45;5.35;16.07;6654.23;76.726;1013.17;4.48;17.51;9163.33;110.293;1109.07;6.61;13.92;8470.14;101.291;1073.53;6.51;14.58;4512.80;55.717;524.65;3.27;13.37;5078.21;64.112;490.31;2.60;11.10;8821.56;92.283;1495.50;6.23;19.50;10206.54;112.373;1505.72;7.64;16.97;7378.28;78.835;1138.73;6.11;17.75;9645.84;98.147;1549.45;6.80;18.47;8011.78;79.597;1592.31;7.89;22.86;7410.46;88.383;796.00;4.27;12.35;7874.03;82.260;1339.20;7.04;19.56;8363.00;93.189;1186.79;4.91;16.32;8163.45;94.970;996.07;4.85;14.03;6964.00;69.918;571.39;2.18;9.44;10707.49;109.671;1734.21;6.66;18.63;5903.68;68.268;571.56;2.68;11.13;7770.09;73.358;1534.24;5.35;22.71;9613.27;90.760;1898.16;8.61;22.71;4521.97;42.664;894.90;3.38;22.76;5701.43;53.792;1128.31;4.68;22.76;6742.57;63.670;1382.96;6.44;23.59;7475.65;91.286;772.67;3.01;11.89;7196.50;72.329;1329.58;5.37;21.25;2125.54;22.821;349.49;1.53;18.91;0.00;0.000;0.00;0.00;0.00;2193.87;20.752;430.38;1.50;22.56;6066.36;75.838;553.16;1.84;10.49;8491.80;99.195;813.43;2.82;11.02;4014.15;42.419;658.21;1.88;18.86;6194.95;58.564;1106.24;3.49;20.54;1668.88;14.388;367.34;1.25;25.31;7793.74;76.921;1291.50;3.52;19.06;6801.01;75.840;928.41;3.13;15.70;3918.93;48.992;278.71;1.05;8.18;5898.41;68.594;550.83;1.69;10.74;10912.66;115.179;1382.69;3.10;14.57;1303.01;11.532;264.34;0.78;23.33;4377.91;39.159;864.32;2.92;22.70;5142.86;52.748;844.32;2.45;18.88;8012.43;78.352;1401.71;3.58;20.12;7796.53;74.298;1394.41;3.20;20.57;8895.40;107.123;954.76;2.57;12.34;4179.96;43.937;672.36;1.90;18.50;11636.92;110.213;2289.04;5.99;22.62
11334;SPAR SLT BREAST FLT 4'S;24;357286.67;3 906.840;53179.56;4.11;17.12;2597.42;30.665;422.89;2.76;18.72;8414.89;111.313;922.18;5.04;12.60;8391.87;95.211;1327.92;6.62;18.20;8181.93;95.390;1208.16;7.32;16.98;7800.78;90.373;1160.35;5.14;17.11;8066.87;97.366;957.61;5.71;13.65;5927.07;69.417;837.44;5.08;16.25;5592.22;69.399;646.25;4.02;13.29;7060.26;85.442;863.88;4.58;14.07;7814.55;82.481;1297.18;5.41;19.09;8308.56;89.988;1255.85;6.37;17.38;4292.37;48.648;519.62;2.79;13.92;6466.46;68.135;1039.77;4.56;18.49;7525.23;82.265;1140.61;5.65;17.43;8132.55;94.164;978.25;5.25;13.83;8635.43;91.494;1426.18;7.49;18.99;8064.33;89.726;1154.25;4.78;16.46;6956.09;80.440;866.19;4.22;14.32;8400.88;87.817;1409.40;5.37;19.29;6601.07;68.146;1033.25;3.97;18.00;7521.38;87.926;716.53;3.36;10.96;7403.29;70.988;1423.03;4.96;22.10;6950.45;65.576;1375.51;6.24;22.76;7645.41;72.198;1508.41;5.70;22.69;6419.05;60.698;1260.69;5.23;22.59;7424.32;79.294;1194.39;5.56;18.50;6683.89;73.526;1131.12;4.41;19.46;7196.40;82.383;961.24;3.88;15.36;9359.42;105.608;1408.58;6.15;17.31;8901.53;102.882;1040.95;3.52;13.45;1640.08;15.474;324.56;1.13;22.76;6117.99;76.490;557.46;1.86;10.48;8184.43;94.863;857.90;2.98;12.05;4570.58;49.375;684.62;1.95;17.23;7614.42;70.255;1458.19;4.60;22.02;2691.20;23.202;592.35;2.02;25.31;7273.33;74.405;1136.17;3.10;17.96;9089.75;102.980;1187.23;4.01;15.02;9301.10;102.933;1161.92;4.36;14.37;9362.68;101.435;1188.06;3.64;14.59;11079.92;116.692;1402.27;3.14;14.55;1604.45;14.200;325.48;0.96;23.33;6145.76;57.591;1148.38;3.88;21.49;6886.25;83.020;613.60;1.78;10.25;6980.04;71.048;1390.22;3.55;22.90;8005.91;78.500;1791.47;4.11;25.73;12100.09;148.657;1267.46;3.41;12.05;9903.10;98.712;1749.34;4.94;20.31;9999.62;98.049;1855.17;4.86;21.34
11335;SPAR SLT CHKN THIGHS 4'S;24;120553.60;1 342.505;22590.50;1.75;21.55;3908.26;47.116;782.82;5.10;23.03;5062.69;60.269;1016.19;5.55;23.08;4113.74;47.968;829.21;4.13;23.18;3894.66;45.466;782.04;4.74;23.09;5162.55;60.246;1037.84;4.59;23.12;4849.42;56.496;980.38;5.84;23.25;3650.04;41.348;780.68;4.74;24.60;4468.04;50.657;931.96;5.80;23.99;4124.53;48.121;781.10;4.14;21.78;5236.02;59.112;947.60;3.95;20.81;4910.03;54.707;858.62;4.36;20.11;4242.98;47.202;746.51;4.01;20.23;6406.84;71.416;1118.39;4.91;20.07;6036.01;67.232;1056.80;5.24;20.13;4028.39;44.892;703.94;3.78;20.10;4018.20;44.828;699.07;3.67;20.01;4973.98;55.436;885.85;3.67;20.48;4001.34;44.670;708.01;3.45;20.35;4068.37;45.262;729.57;2.78;20.62;4472.25;47.915;817.96;3.14;21.03;3998.65;42.170;733.32;3.43;21.09;4911.35;51.950;890.64;3.11;20.85;4513.90;47.674;823.25;3.73;20.97;4032.27;42.566;736.79;2.78;21.01;4197.75;44.266;770.08;3.19;21.10;539.27;8.172;141.25;0.66;30.12;0.00;0.000;0.00;0.00;0.00;0.00;0.000;0.00;0.00;0.00;0.00;0.000;0.00;0.00;0.00;0.00;0.000;0.00;0.00;0.00;0.00;0.000;0.00;0.00;0.00;0.00;0.000;0.00;0.00;0.00;0.00;0.000;0.00;0.00;0.00;0.00;0.000;0.00;0.00;0.00;67.41;0.636;14.83;0.05;25.29;0.00;0.000;0.00;0.00;0.00;0.00;0.000;0.00;0.00;0.00;0.00;0.000;0.00;0.00;0.00;0.00;0.000;0.00;0.00;0.00;0.00;0.000;0.00;0.00;0.00;0.00;0.000;0.00;0.00;0.00;0.00;0.000;0.00;0.00;0.00;0.00;0.000;0.00;0.00;0.00;0.00;0.000;0.00;0.00;0.00;0.00;0.000;0.00;0.00;0.00;0.00;0.000;0.00;0.00;0.00;0.00;0.000;0.00;0.00;0.00;2115.80;20.544;408.18;1.15;22.19;4548.86;44.168;877.61;2.30;22.19
11337;COUNTRY VALUE BREAST B/IN;24;15204.26;222.402;3277.78;0.25;24.79;0.00;0.000;0.00;0.00;0.00;0.00;0.000;0.00;0.00;0.00;0.00;0.000;0.00;0.00;0.00;0.00;0.000;0.00;0.00;0.00;0.00;0.000;0.00;0.00;0.00;0.00;0.000;0.00;0.00;0.00;0.00;0.000;0.00;0.00;0.00;0.00;0.000;0.00;0.00;0.00;0.00;0.000;0.00;0.00;0.00;0.00;0.000;0.00;0.00;0.00;0.00;0.000;0.00;0.00;0.00;0.00;0.000;0.00;0.00;0.00;0.00;0.000;0.00;0.00;0.00;0.00;0.000;0.00;0.00;0.00;0.00;0.000;0.00;0.00;0.00;0.00;0.000;0.00;0.00;0.00;0.00;0.000;0.00;0.00;0.00;0.00;0.000;0.00;0.00;0.00;0.00;0.000;0.00;0.00;0.00;0.00;0.000;0.00;0.00;0.00;0.00;0.000;0.00;0.00;0.00;0.00;0.000;0.00;0.00;0.00;0.00;0.000;0.00;0.00;0.00;0.00;0.000;0.00;0.00;0.00;0.00;0.000;0.00;0.00;0.00;0.00;0.000;0.00;0.00;0.00;0.00;0.000;0.00;0.00;0.00;0.00;0.000;0.00;0.00;0.00;0.00;0.000;0.00;0.00;0.00;0.00;0.000;0.00;0.00;0.00;0.00;0.000;0.00;0.00;0.00;0.00;0.000;0.00;0.00;0.00;0.00;0.000;0.00;0.00;0.00;0.00;0.000;0.00;0.00;0.00;0.00;0.000;0.00;0.00;0.00;0.00;0.000;0.00;0.00;0.00;0.00;0.000;0.00;0.00;0.00;0.00;0.000;0.00;0.00;0.00;0.00;0.000;0.00;0.00;0.00;1293.37;18.480;297.82;0.91;26.48;6252.44;89.600;1427.92;3.20;26.26;5041.12;75.252;1019.88;3.01;23.27;2617.33;39.070;532.16;1.80;23.38;0.00;0.000;0.00;0.00;0.00;0.00;0.000;0.00;0.00;0.00;0.00;0.000;0.00;0.00;0.00;0.00;0.000;0.00;0.00;0.00;0.00;0.000;0.00;0.00;0.00;0.00;0.000;0.00;0.00;0.00
11343;COUNTRY VALUE WINGS;24;14079.66;143.684;2811.47;0.22;22.96;0.00;0.000;0.00;0.00;0.00;0.00;0.000;0.00;0.00;0.00;0.00;0.000;0.00;0.00;0.00;0.00;0.000;0.00;0.00;0.00;0.00;0.000;0.00;0.00;0.00;0.00;0.000;0.00;0.00;0.00;0.00;0.000;0.00;0.00;0.00;0.00;0.000;0.00;0.00;0.00;0.00;0.000;0.00;0.00;0.00;0.00;0.000;0.00;0.00;0.00;0.00;0.000;0.00;0.00;0.00;0.00;0.000;0.00;0.00;0.00;0.00;0.000;0.00;0.00;0.00;0.00;0.000;0.00;0.00;0.00;0.00;0.000;0.00;0.00;0.00;0.00;0.000;0.00;0.00;0.00;0.00;0.000;0.00;0.00;0.00;0.00;0.000;0.00;0.00;0.00;0.00;0.000;0.00;0.00;0.00;0.00;0.000;0.00;0.00;0.00;0.00;0.000;0.00;0.00;0.00;0.00;0.000;0.00;0.00;0.00;0.00;0.000;0.00;0.00;0.00;0.00;0.000;0.00;0.00;0.00;0.00;0.000;0.00;0.00;0.00;0.00;0.000;0.00;0.00;0.00;0.00;0.000;0.00;0.00;0.00;0.00;0.000;0.00;0.00;0.00;0.00;0.000;0.00;0.00;0.00;0.00;0.000;0.00;0.00;0.00;0.00;0.000;0.00;0.00;0.00;0.00;0.000;0.00;0.00;0.00;0.00;0.000;0.00;0.00;0.00;0.00;0.000;0.00;0.00;0.00;0.00;0.000;0.00;0.00;0.00;0.00;0.000;0.00;0.00;0.00;0.00;0.000;0.00;0.00;0.00;0.00;0.000;0.00;0.00;0.00;0.00;0.000;0.00;0.00;0.00;1642.50;16.762;327.01;1.00;22.90;5628.94;57.444;1120.71;2.51;22.90;4385.49;44.754;877.34;2.59;23.01;2422.73;24.724;486.41;1.64;23.09;0.00;0.000;0.00;0.00;0.00;0.00;0.000;0.00;0.00;0.00;0.00;0.000;0.00;0.00;0.00;0.00;0.000;0.00;0.00;0.00;0.00;0.000;0.00;0.00;0.00;0.00;0.000;0.00;0.00;0.00
11344;SPAR SLT CHKN BRAAIPK 5;24;139563.08;2 195.830;18291.46;1.41;15.07;0.00;0.000;0.00;0.00;0.00;2687.59;38.426;609.98;3.33;26.10;455.89;6.513;103.70;0.52;26.16;5238.16;84.247;882.09;5.35;19.37;4870.23;81.863;643.69;2.85;15.20;9623.47;180.730;839.77;5.00;10.04;8884.43;152.664;1088.23;6.60;14.09;7806.89;135.804;931.53;5.80;13.72;653.38;9.336;122.56;0.65;21.57;4984.55;80.259;609.63;2.54;14.07;5326.08;70.232;994.81;5.05;21.48;3361.90;44.302;629.46;3.38;21.53;6248.05;95.943;814.40;3.57;14.99;4313.97;58.193;867.65;4.30;23.13;4734.96;70.357;663.59;3.56;16.12;5087.48;78.396;639.45;3.36;14.45;1675.55;22.050;320.90;1.33;22.03;2028.60;34.003;193.20;0.94;10.95;0.00;0.000;0.00;0.00;0.00;0.00;0.000;0.00;0.00;0.00;0.00;0.000;0.00;0.00;0.00;0.00;0.000;0.00;0.00;0.00;0.00;0.000;0.00;0.00;0.00;0.00;0.000;0.00;0.00;0.00;0.00;0.000;0.00;0.00;0.00;0.00;0.000;0.00;0.00;0.00;0.00;0.000;0.00;0.00;0.00;0.00;0.000;0.00;0.00;0.00;4391.89;73.380;455.20;1.99;11.92;0.00;0.000;0.00;0.00;0.00;0.00;0.000;0.00;0.00;0.00;1624.97;27.088;152.10;0.51;10.76;0.00;0.000;0.00;0.00;0.00;628.18;8.975;80.59;0.23;14.75;3658.18;50.105;651.06;2.05;20.47;0.00;0.000;0.00;0.00;0.00;2715.07;43.450;303.56;0.83;12.86;0.00;0.000;0.00;0.00;0.00;3946.22;56.677;641.75;2.41;18.70;4046.91;67.462;368.40;1.13;10.47;7556.80;108.012;938.65;2.10;14.28;828.43;9.634;164.30;0.49;22.81;0.00;0.000;0.00;0.00;0.00;4049.44;60.432;542.42;1.57;15.40;4859.39;75.940;493.44;1.26;11.68;5494.43;83.261;516.08;1.18;10.80;10747.70;170.838;1428.60;3.85;15.29;2710.53;45.184;269.94;0.76;11.45;4323.76;72.074;330.72;0.87;8.80
11346;SPAR SLT BREAST B/IN 3'S;24;381616.98;6 311.616;72316.85;5.59;21.79;10065.76;202.511;1942.63;12.66;22.19;8925.30;200.378;1216.47;6.65;15.67;7548.60;145.052;1359.63;6.78;20.71;7773.31;147.270;1434.65;8.70;21.22;7124.91;135.036;1313.16;5.81;21.20;8625.26;163.384;1592.85;9.49;21.24;7749.19;137.341;1699.46;10.31;25.22;6893.98;130.297;1292.89;8.05;21.57;7475.40;136.132;1440.47;7.63;22.16;8001.99;146.091;1528.21;6.37;21.96;8245.54;154.530;1129.00;5.73;15.75;6879.74;115.123;1237.14;6.64;20.68;8747.63;162.514;1096.06;4.81;14.41;7649.45;127.735;1386.60;6.87;20.85;8672.36;158.516;1183.40;6.35;15.69;6884.53;113.380;1313.15;6.90;21.93;6956.37;114.350;1358.92;5.63;22.47;8021.87;140.879;1332.86;6.49;19.11;9597.66;157.762;1875.14;7.15;22.47;10415.81;161.467;2106.36;8.09;23.26;9842.11;149.494;1974.97;9.25;23.08;8751.28;132.924;1756.13;6.13;23.08;9283.65;158.563;1598.36;7.25;19.80;8920.52;135.622;2273.64;8.59;29.31;8545.84;130.044;1998.07;8.29;26.89;8769.24;133.184;2008.01;9.34;26.33;9237.86;156.951;1539.49;6.00;19.16;8662.89;139.775;1547.21;6.24;20.54;8267.03;131.601;1580.46;6.90;21.99;8980.03;149.940;1641.15;5.55;21.02;8417.98;140.915;1523.64;5.30;20.81;8672.93;141.287;1748.30;5.82;23.18;8891.54;127.045;1811.87;6.29;23.43;8519.43;136.021;1740.64;4.96;23.50;8450.09;131.378;1747.22;5.51;23.78;8336.39;119.110;1698.88;5.78;23.44;7310.94;106.598;1509.64;4.11;23.75;8865.66;137.010;1516.35;5.12;19.67;7697.64;109.987;1502.82;5.64;22.45;6244.11;89.216;1219.16;3.73;22.45;0.00;0.000;0.00;0.00;0.00;0.00;0.000;0.00;0.00;0.00;3911.43;55.887;770.23;2.60;22.65;8842.27;135.774;1529.49;4.44;19.89;8097.78;115.703;1663.52;4.25;23.62;6922.80;98.914;1422.17;3.27;23.62;7303.42;104.354;1500.29;4.04;23.62;6314.07;90.218;1260.64;3.56;22.96;7303.39;104.353;1395.44;3.65;21.97
11347;SPAR FSH CHKN BRAAIPK 16PC;24;988936.90;15 240.656;126898.96;9.81;14.76;0.00;0.000;0.00;0.00;0.00;1447.07;24.224;203.75;1.11;16.19;0.00;0.000;0.00;0.00;0.00;7281.38;134.806;947.27;5.74;14.96;4319.64;61.718;1099.16;4.87;29.26;0.00;0.000;0.00;0.00;0.00;0.00;0.000;0.00;0.00;0.00;0.00;0.000;0.00;0.00;0.00;34532.54;805.515;2755.60;14.60;9.18;13624.92;206.188;2213.59;9.22;18.68;15908.09;261.807;1363.10;6.92;9.85;21470.67;327.054;2815.57;15.11;15.08;18947.75;258.537;3430.72;15.05;20.82;18425.79;277.809;2480.65;12.30;15.48;17540.84;275.194;2027.64;10.88;13.29;12579.72;165.846;2497.59;13.12;22.83;20003.14;285.681;3282.56;13.59;18.87;25963.90;421.746;2630.80;12.80;11.65;37332.63;586.855;4546.38;17.33;14.00;26279.50;393.598;3799.59;14.59;16.63;38318.39;584.638;4071.25;19.06;12.22;62097.51;951.749;6099.03;21.28;11.29;28170.19;457.528;2802.30;12.71;11.44;18734.15;274.744;2672.63;10.10;16.41;30865.98;457.882;5086.52;21.09;18.95;37455.15;556.016;6670.94;31.04;20.48;40657.40;635.274;5582.22;21.76;15.79;34773.02;506.163;4884.03;19.71;16.15;29890.07;466.120;3597.95;15.71;13.84;36240.72;535.245;5187.69;17.55;16.46;29214.65;534.580;3371.68;11.72;13.27;35609.98;487.547;8014.38;26.68;25.88;28929.60;432.250;3327.25;11.54;13.23;38221.96;575.099;4411.94;12.58;13.27;34765.08;524.617;4431.33;13.98;14.66;30730.99;460.588;3975.56;13.53;14.88;4437.34;64.254;615.28;1.68;15.95;0.00;0.000;0.00;0.00;0.00;2024.63;23.822;395.51;1.48;22.47;8460.72;98.392;1719.15;5.26;23.37;0.00;0.000;0.00;0.00;0.00;29140.38;440.226;2945.80;8.70;11.63;0.00;0.000;0.00;0.00;0.00;0.00;0.000;0.00;0.00;0.00;10224.54;146.086;424.75;1.09;4.78;52343.42;776.949;4586.73;10.53;10.08;25778.59;375.891;2802.42;7.55;12.50;5942.16;99.052;591.90;1.67;11.46;20252.70;289.366;2536.72;6.64;14.40
11348;SPAR SLT CHKN DBL STAR PK;24;470657.94;5 749.868;72110.45;5.58;17.62;18067.70;250.214;2128.20;13.87;13.55;19826.98;258.571;3972.79;21.72;23.04;19288.83;228.969;3760.53;18.75;22.42;15095.07;205.234;2003.71;12.15;15.27;25820.78;287.020;5989.93;26.51;26.68;19671.71;261.489;2577.26;15.36;15.07;24598.23;345.191;2569.52;15.59;12.01;19445.34;239.914;3324.79;20.70;19.66;4643.79;50.591;1085.05;5.75;26.87;22426.98;289.883;2990.66;12.46;15.34;11385.69;126.702;1991.79;10.10;20.12;13801.03;153.364;2427.82;13.03;20.23;16786.63;198.714;2629.74;11.53;18.02;14485.15;176.341;2165.92;10.74;17.20;14749.14;176.833;2204.27;11.83;17.19;19473.66;249.264;2618.61;13.76;15.46;21255.08;244.401;3594.07;14.88;19.45;16106.98;179.082;2882.86;14.03;20.58;15412.61;183.605;2346.44;8.94;17.51;14494.32;154.739;2694.54;10.34;21.38;7225.04;76.062;1328.35;6.22;21.14;504.01;5.306;92.66;0.32;21.14;6685.70;79.517;861.23;3.91;14.81;11697.29;124.866;2128.59;8.05;20.93;7435.99;94.664;650.99;2.70;10.07;8109.09;124.572;-172.61;-0.80;-2.45;4946.69;64.737;525.79;2.05;12.22;2866.61;30.178;594.38;2.40;23.84;899.17;9.992;160.66;0.70;20.55;6317.53;70.204;1378.40;4.66;25.09;12307.10;137.032;2669.50;9.28;24.94;3699.56;36.030;810.54;2.70;25.20;0.00;0.000;0.00;0.00;0.00;0.00;0.000;0.00;0.00;0.00;0.00;0.000;0.00;0.00;0.00;3546.07;44.333;344.52;1.17;11.17;902.01;8.674;186.52;0.51;23.78;0.00;0.000;0.00;0.00;0.00;20872.92;260.947;1908.06;7.16;10.51;543.31;6.792;49.62;0.15;10.50;0.00;0.000;0.00;0.00;0.00;0.00;0.000;0.00;0.00;0.00;0.00;0.000;0.00;0.00;0.00;0.00;0.000;0.00;0.00;0.00;0.00;0.000;0.00;0.00;0.00;0.00;0.000;0.00;0.00;0.00;0.00;0.000;0.00;0.00;0.00;0.00;0.000;0.00;0.00;0.00;25264.15;315.841;2634.75;6.90;11.99
11350;T&T SPATCHCOCK BARBEQUE;24;6985.81;93.286;1008.33;0.08;16.60;0.00;0.000;0.00;0.00;0.00;0.00;0.000;0.00;0.00;0.00;0.00;0.000;0.00;0.00;0.00;0.00;0.000;0.00;0.00;0.00;0.00;0.000;0.00;0.00;0.00;0.00;0.000;0.00;0.00;0.00;0.00;0.000;0.00;0.00;0.00;0.00;0.000;0.00;0.00;0.00;0.00;0.000;0.00;0.00;0.00;0.00;0.000;0.00;0.00;0.00;0.00;0.000;0.00;0.00;0.00;0.00;0.000;0.00;0.00;0.00;0.00;0.000;0.00;0.00;0.00;0.00;0.000;0.00;0.00;0.00;0.00;0.000;0.00;0.00;0.00;0.00;0.000;0.00;0.00;0.00;0.00;0.000;0.00;0.00;0.00;0.00;0.000;0.00;0.00;0.00;929.63;13.282;140.63;0.54;17.40;170.50;2.436;25.79;0.10;17.40;0.00;0.000;0.00;0.00;0.00;0.00;0.000;0.00;0.00;0.00;0.00;0.000;0.00;0.00;0.00;0.00;0.000;0.00;0.00;0.00;0.00;0.000;0.00;0.00;0.00;1521.04;16.902;326.63;1.52;24.70;814.02;11.596;103.09;0.40;14.56;1281.21;16.646;206.08;0.83;18.50;0.00;0.000;0.00;0.00;0.00;0.00;0.000;0.00;0.00;0.00;0.00;0.000;0.00;0.00;0.00;0.00;0.000;0.00;0.00;0.00;0.00;0.000;0.00;0.00;0.00;0.00;0.000;0.00;0.00;0.00;0.00;0.000;0.00;0.00;0.00;0.00;0.000;0.00;0.00;0.00;0.00;0.000;0.00;0.00;0.00;1591.89;22.744;144.57;0.49;10.44;677.52;9.680;61.53;0.23;10.44;0.00;0.000;0.00;0.00;0.00;0.00;0.000;0.00;0.00;0.00;0.00;0.000;0.00;0.00;0.00;0.00;0.000;0.00;0.00;0.00;0.00;0.000;0.00;0.00;0.00;0.00;0.000;0.00;0.00;0.00;0.00;0.000;0.00;0.00;0.00;0.00;0.000;0.00;0.00;0.00;0.00;0.000;0.00;0.00;0.00;0.00;0.000;0.00;0.00;0.00
11353;T&T SKEWER WINGS PERI;24;18236.29;206.257;3260.61;0.25;20.56;0.00;0.000;0.00;0.00;0.00;0.00;0.000;0.00;0.00;0.00;0.00;0.000;0.00;0.00;0.00;0.00;0.000;0.00;0.00;0.00;0.00;0.000;0.00;0.00;0.00;0.00;0.000;0.00;0.00;0.00;2615.34;33.520;429.07;2.60;18.87;3370.60;38.791;664.15;4.14;22.66;1698.32;18.902;325.06;1.72;22.01;4418.01;51.194;683.96;2.85;17.80;1193.16;13.000;206.03;1.05;19.86;1152.11;12.258;205.28;1.10;20.49;2245.94;23.896;400.17;1.76;20.49;0.00;0.000;0.00;0.00;0.00;0.00;0.000;0.00;0.00;0.00;0.00;0.000;0.00;0.00;0.00;0.00;0.000;0.00;0.00;0.00;0.00;0.000;0.00;0.00;0.00;0.00;0.000;0.00;0.00;0.00;0.00;0.000;0.00;0.00;0.00;0.00;0.000;0.00;0.00;0.00;0.00;0.000;0.00;0.00;0.00;0.00;0.000;0.00;0.00;0.00;0.00;0.000;0.00;0.00;0.00;0.00;0.000;0.00;0.00;0.00;0.00;0.000;0.00;0.00;0.00;0.00;0.000;0.00;0.00;0.00;1542.81;14.696;346.89;1.40;25.86;0.00;0.000;0.00;0.00;0.00;0.00;0.000;0.00;0.00;0.00;0.00;0.000;0.00;0.00;0.00;0.00;0.000;0.00;0.00;0.00;0.00;0.000;0.00;0.00;0.00;0.00;0.000;0.00;0.00;0.00;0.00;0.000;0.00;0.00;0.00;0.00;0.000;0.00;0.00;0.00;0.00;0.000;0.00;0.00;0.00;0.00;0.000;0.00;0.00;0.00;0.00;0.000;0.00;0.00;0.00;0.00;0.000;0.00;0.00;0.00;0.00;0.000;0.00;0.00;0.00;0.00;0.000;0.00;0.00;0.00;0.00;0.000;0.00;0.00;0.00;0.00;0.000;0.00;0.00;0.00;0.00;0.000;0.00;0.00;0.00;0.00;0.000;0.00;0.00;0.00;0.00;0.000;0.00;0.00;0.00;0.00;0.000;0.00;0.00;0.00;0.00;0.000;0.00;0.00;0.00
11354;T&T SKEWERED WINGS BBQ;24;119492.19;1 296.095;20254.89;1.57;19.49;0.00;0.000;0.00;0.00;0.00;2000.62;22.737;377.27;2.06;21.69;3747.20;41.894;826.15;4.12;25.35;149.37;1.660;34.65;0.21;26.68;0.00;0.000;0.00;0.00;0.00;0.00;0.000;0.00;0.00;0.00;1065.72;13.381;188.24;1.14;20.31;5876.57;70.288;1059.29;6.60;20.73;3396.13;37.770;651.74;3.45;22.07;6888.51;82.674;916.31;3.82;15.30;5095.28;55.502;877.80;4.45;19.81;2513.43;26.770;446.02;2.39;20.41;3245.41;34.530;578.26;2.54;20.49;2511.59;26.722;447.53;2.22;20.49;2861.01;31.228;469.00;2.52;18.85;2662.69;28.330;505.79;2.66;21.84;3895.46;42.473;716.68;2.97;21.16;3777.61;41.338;699.04;3.40;21.28;4227.08;46.333;765.08;2.92;20.81;3208.20;31.016;720.21;2.76;25.82;3408.12;35.547;602.57;2.82;20.33;4826.11;48.266;960.63;3.35;22.89;3393.90;33.971;693.40;3.15;23.50;3272.50;32.729;630.43;2.38;22.15;3431.16;36.620;629.17;2.61;21.09;3098.13;34.874;494.70;2.30;18.36;3469.28;37.767;517.46;2.02;17.15;2917.23;30.838;528.58;2.13;20.84;2737.84;28.086;523.95;2.29;22.01;3596.05;37.669;629.67;2.13;20.14;1376.94;13.116;309.60;1.08;25.86;0.00;0.000;0.00;0.00;0.00;3282.71;36.481;419.49;1.46;14.70;2932.50;32.588;343.66;0.98;13.48;3201.82;34.273;440.75;1.39;15.83;0.00;0.000;0.00;0.00;0.00;968.31;10.640;131.81;0.36;15.65;1476.13;17.369;135.60;0.46;10.56;2951.36;33.251;352.32;1.32;13.73;915.94;7.634;210.17;0.64;26.39;651.50;5.430;149.49;0.33;26.39;4656.37;51.746;600.75;1.77;14.84;0.00;0.000;0.00;0.00;0.00;0.00;0.000;0.00;0.00;0.00;3218.31;33.793;350.21;0.90;12.51;0.00;0.000;0.00;0.00;0.00;0.00;0.000;0.00;0.00;0.00;0.00;0.000;0.00;0.00;0.00;2588.10;28.761;321.42;0.84;14.28
11356;T&T BUFFALO WINGS BBQ;24;364335.08;3 747.286;72369.52;5.60;22.84;5813.46;64.682;1450.42;9.45;28.69;4305.21;47.880;973.78;5.32;26.01;4829.37;53.704;1075.59;5.36;25.61;5814.76;64.632;1430.63;8.67;28.29;5120.02;56.225;1222.13;5.41;27.45;5003.33;55.619;1115.47;6.65;25.64;5477.55;58.848;1308.64;7.94;27.47;5740.10;61.351;1360.60;8.47;27.26;4933.87;57.506;904.30;4.79;21.08;5976.93;67.474;1106.21;4.61;21.28;3711.01;40.579;713.01;3.62;22.10;3972.83;43.272;718.52;3.86;20.80;4983.19;53.724;1071.35;4.70;24.72;3287.72;34.889;737.59;3.66;25.80;3333.26;34.204;735.75;3.95;25.38;3218.70;35.439;650.46;3.42;23.24;2695.53;29.031;550.67;2.28;23.49;4827.06;53.655;954.57;4.65;22.74;3849.75;42.414;711.78;2.71;21.26;5075.96;53.566;1171.87;4.50;26.55;3865.40;35.141;1043.99;4.89;31.06;6829.68;62.089;1844.65;6.44;31.06;5263.85;48.006;1411.70;6.40;30.84;5613.60;61.505;998.26;3.77;20.45;5902.19;59.303;1361.12;5.64;26.52;7120.53;69.310;1606.73;7.48;25.95;6642.87;72.718;1176.24;4.58;20.36;4397.34;48.916;817.98;3.30;21.39;9840.69;99.373;2138.85;9.34;24.99;9388.91;88.688;2316.10;7.84;28.37;11173.93;120.195;2347.56;8.16;24.16;11761.16;123.284;2413.91;8.04;23.60;9964.14;100.440;1883.16;6.53;21.73;13860.10;131.280;2861.68;8.16;23.74;8636.32;78.515;1914.81;6.04;25.50;12127.82;125.125;2331.62;7.94;22.11;12507.64;121.009;2471.48;6.74;22.72;15644.88;169.745;1958.96;6.61;14.40;12053.74;119.843;2252.65;8.45;21.49;10019.13;103.776;1592.33;4.87;18.28;12061.54;117.430;2369.40;5.31;22.59;5931.29;59.320;1060.05;3.13;20.55;14017.69;138.269;2566.28;8.68;21.05;11214.09;114.597;2063.92;5.99;21.17;10130.90;105.724;1722.88;4.41;19.56;10461.18;112.151;1178.67;2.71;12.96;10850.57;110.522;1632.28;4.40;17.30;8472.22;79.934;1723.70;4.87;23.40;6612.07;62.384;1345.23;3.52;23.40
11359;C/FAIR BRAAIPACK FRSH 3PC;24;3076.56;53.726;285.63;0.02;10.68;0.00;0.000;0.00;0.00;0.00;0.00;0.000;0.00;0.00;0.00;0.00;0.000;0.00;0.00;0.00;0.00;0.000;0.00;0.00;0.00;0.00;0.000;0.00;0.00;0.00;0.00;0.000;0.00;0.00;0.00;0.00;0.000;0.00;0.00;0.00;0.00;0.000;0.00;0.00;0.00;0.00;0.000;0.00;0.00;0.00;0.00;0.000;0.00;0.00;0.00;0.00;0.000;0.00;0.00;0.00;1037.65;19.582;102.54;0.55;11.36;0.00;0.000;0.00;0.00;0.00;0.00;0.000;0.00;0.00;0.00;0.00;0.000;0.00;0.00;0.00;0.00;0.000;0.00;0.00;0.00;0.00;0.000;0.00;0.00;0.00;0.00;0.000;0.00;0.00;0.00;0.00;0.000;0.00;0.00;0.00;0.00;0.000;0.00;0.00;0.00;0.00;0.000;0.00;0.00;0.00;0.00;0.000;0.00;0.00;0.00;0.00;0.000;0.00;0.00;0.00;0.00;0.000;0.00;0.00;0.00;0.00;0.000;0.00;0.00;0.00;0.00;0.000;0.00;0.00;0.00;0.00;0.000;0.00;0.00;0.00;0.00;0.000;0.00;0.00;0.00;0.00;0.000;0.00;0.00;0.00;0.00;0.000;0.00;0.00;0.00;0.00;0.000;0.00;0.00;0.00;0.00;0.000;0.00;0.00;0.00;0.00;0.000;0.00;0.00;0.00;0.00;0.000;0.00;0.00;0.00;0.00;0.000;0.00;0.00;0.00;0.00;0.000;0.00;0.00;0.00;0.00;0.000;0.00;0.00;0.00;0.00;0.000;0.00;0.00;0.00;0.00;0.000;0.00;0.00;0.00;0.00;0.000;0.00;0.00;0.00;0.00;0.000;0.00;0.00;0.00;0.00;0.000;0.00;0.00;0.00;0.00;0.000;0.00;0.00;0.00;0.00;0.000;0.00;0.00;0.00;0.00;0.000;0.00;0.00;0.00;0.00;0.000;0.00;0.00;0.00;0.00;0.000;0.00;0.00;0.00;2038.91;34.144;183.09;0.52;10.33;0.00;0.000;0.00;0.00;0.00
11379;CHICKEN LEG QUARTER FROZ;24;0.00;0.000;0.00;0.00;0.00;0.00;0.000;0.00;0.00;0.00;0.00;0.000;0.00;0.00;0.00;0.00;0.000;0.00;0.00;0.00;0.00;0.000;0.00;0.00;0.00;0.00;0.000;0.00;0.00;0.00;0.00;0.000;0.00;0.00;0.00;0.00;0.000;0.00;0.00;0.00;0.00;0.000;0.00;0.00;0.00;0.00;0.000;0.00;0.00;0.00;0.00;0.000;0.00;0.00;0.00;0.00;0.000;0.00;0.00;0.00;0.00;0.000;0.00;0.00;0.00;0.00;0.000;0.00;0.00;0.00;0.00;0.000;0.00;0.00;0.00;0.00;0.000;0.00;0.00;0.00;0.00;0.000;0.00;0.00;0.00;0.00;0.000;0.00;0.00;0.00;0.00;0.000;0.00;0.00;0.00;0.00;0.000;0.00;0.00;0.00;0.00;0.000;0.00;0.00;0.00;0.00;0.000;0.00;0.00;0.00;0.00;0.000;0.00;0.00;0.00;0.00;0.000;0.00;0.00;0.00;0.00;0.000;0.00;0.00;0.00;0.00;0.000;0.00;0.00;0.00;0.00;0.000;0.00;0.00;0.00;0.00;0.000;0.00;0.00;0.00;0.00;0.000;0.00;0.00;0.00;0.00;0.000;0.00;0.00;0.00;0.00;0.000;0.00;0.00;0.00;0.00;0.000;0.00;0.00;0.00;0.00;0.000;0.00;0.00;0.00;0.00;0.000;0.00;0.00;0.00;0.00;0.000;0.00;0.00;0.00;0.00;0.000;0.00;0.00;0.00;0.00;0.000;0.00;0.00;0.00;0.00;0.000;0.00;0.00;0.00;0.00;0.000;0.00;0.00;0.00;0.00;0.000;0.00;0.00;0.00;0.00;0.000;0.00;0.00;0.00;0.00;0.000;0.00;0.00;0.00;0.00;0.000;0.00;0.00;0.00;0.00;0.000;0.00;0.00;0.00;0.00;0.000;0.00;0.00;0.00;0.00;0.000;0.00;0.00;0.00;0.00;0.000;0.00;0.00;0.00;0.00;0.000;0.00;0.00;0.00;0.00;0.000;0.00;0.00;0.00;0.00;0.000;0.00;0.00;0.00
12326;SPAR S/BUTCH CHICK KEBABS;24;57061.53;512.919;14689.25;1.14;29.60;0.00;0.000;0.00;0.00;0.00;0.00;0.000;0.00;0.00;0.00;0.00;0.000;0.00;0.00;0.00;0.00;0.000;0.00;0.00;0.00;0.00;0.000;0.00;0.00;0.00;0.00;0.000;0.00;0.00;0.00;0.00;0.000;0.00;0.00;0.00;0.00;0.000;0.00;0.00;0.00;0.00;0.000;0.00;0.00;0.00;0.00;0.000;0.00;0.00;0.00;0.00;0.000;0.00;0.00;0.00;0.00;0.000;0.00;0.00;0.00;0.00;0.000;0.00;0.00;0.00;0.00;0.000;0.00;0.00;0.00;0.00;0.000;0.00;0.00;0.00;0.00;0.000;0.00;0.00;0.00;0.00;0.000;0.00;0.00;0.00;0.00;0.000;0.00;0.00;0.00;0.00;0.000;0.00;0.00;0.00;0.00;0.000;0.00;0.00;0.00;0.00;0.000;0.00;0.00;0.00;0.00;0.000;0.00;0.00;0.00;0.00;0.000;0.00;0.00;0.00;0.00;0.000;0.00;0.00;0.00;0.00;0.000;0.00;0.00;0.00;0.00;0.000;0.00;0.00;0.00;0.00;0.000;0.00;0.00;0.00;0.00;0.000;0.00;0.00;0.00;0.00;0.000;0.00;0.00;0.00;0.00;0.000;0.00;0.00;0.00;0.00;0.000;0.00;0.00;0.00;0.00;0.000;0.00;0.00;0.00;0.00;0.000;0.00;0.00;0.00;0.00;0.000;0.00;0.00;0.00;900.32;9.596;147.79;0.47;18.88;0.00;0.000;0.00;0.00;0.00;430.18;4.780;44.28;0.12;11.84;0.00;0.000;0.00;0.00;0.00;0.00;0.000;0.00;0.00;0.00;1211.44;13.077;158.51;0.49;15.05;1925.39;18.866;358.17;0.80;21.39;2557.94;23.342;598.65;1.77;26.91;3080.17;25.246;850.24;2.87;31.74;5576.49;42.900;1828.25;5.30;37.70;4751.44;36.554;1591.34;4.07;38.52;8188.80;56.092;3222.54;7.40;45.26;7731.16;64.145;2313.76;6.23;34.42;9290.55;97.831;1598.27;4.51;19.78;11417.65;120.490;1977.46;5.18;19.92
12618;MATADOR CHIC THIGH KEBABS;24;0.00;0.000;0.00;0.00;0.00;0.00;0.000;0.00;0.00;0.00;0.00;0.000;0.00;0.00;0.00;0.00;0.000;0.00;0.00;0.00;0.00;0.000;0.00;0.00;0.00;0.00;0.000;0.00;0.00;0.00;0.00;0.000;0.00;0.00;0.00;0.00;0.000;0.00;0.00;0.00;0.00;0.000;0.00;0.00;0.00;0.00;0.000;0.00;0.00;0.00;0.00;0.000;0.00;0.00;0.00;0.00;0.000;0.00;0.00;0.00;0.00;0.000;0.00;0.00;0.00;0.00;0.000;0.00;0.00;0.00;0.00;0.000;0.00;0.00;0.00;0.00;0.000;0.00;0.00;0.00;0.00;0.000;0.00;0.00;0.00;0.00;0.000;0.00;0.00;0.00;0.00;0.000;0.00;0.00;0.00;0.00;0.000;0.00;0.00;0.00;0.00;0.000;0.00;0.00;0.00;0.00;0.000;0.00;0.00;0.00;0.00;0.000;0.00;0.00;0.00;0.00;0.000;0.00;0.00;0.00;0.00;0.000;0.00;0.00;0.00;0.00;0.000;0.00;0.00;0.00;0.00;0.000;0.00;0.00;0.00;0.00;0.000;0.00;0.00;0.00;0.00;0.000;0.00;0.00;0.00;0.00;0.000;0.00;0.00;0.00;0.00;0.000;0.00;0.00;0.00;0.00;0.000;0.00;0.00;0.00;0.00;0.000;0.00;0.00;0.00;0.00;0.000;0.00;0.00;0.00;0.00;0.000;0.00;0.00;0.00;0.00;0.000;0.00;0.00;0.00;0.00;0.000;0.00;0.00;0.00;0.00;0.000;0.00;0.00;0.00;0.00;0.000;0.00;0.00;0.00;0.00;0.000;0.00;0.00;0.00;0.00;0.000;0.00;0.00;0.00;0.00;0.000;0.00;0.00;0.00;0.00;0.000;0.00;0.00;0.00;0.00;0.000;0.00;0.00;0.00;0.00;0.000;0.00;0.00;0.00;0.00;0.000;0.00;0.00;0.00;0.00;0.000;0.00;0.00;0.00;0.00;0.000;0.00;0.00;0.00;0.00;0.000;0.00;0.00;0.00;0.00;0.000;0.00;0.00;0.00
12837;CC CHICKENS SPATCHCOCK;24;2343.42;37.720;453.94;0.04;22.28;0.00;0.000;0.00;0.00;0.00;0.00;0.000;0.00;0.00;0.00;0.00;0.000;0.00;0.00;0.00;0.00;0.000;0.00;0.00;0.00;0.00;0.000;0.00;0.00;0.00;0.00;0.000;0.00;0.00;0.00;0.00;0.000;0.00;0.00;0.00;0.00;0.000;0.00;0.00;0.00;0.00;0.000;0.00;0.00;0.00;0.00;0.000;0.00;0.00;0.00;0.00;0.000;0.00;0.00;0.00;0.00;0.000;0.00;0.00;0.00;0.00;0.000;0.00;0.00;0.00;0.00;0.000;0.00;0.00;0.00;0.00;0.000;0.00;0.00;0.00;0.00;0.000;0.00;0.00;0.00;0.00;0.000;0.00;0.00;0.00;0.00;0.000;0.00;0.00;0.00;0.00;0.000;0.00;0.00;0.00;0.00;0.000;0.00;0.00;0.00;0.00;0.000;0.00;0.00;0.00;0.00;0.000;0.00;0.00;0.00;0.00;0.000;0.00;0.00;0.00;0.00;0.000;0.00;0.00;0.00;0.00;0.000;0.00;0.00;0.00;0.00;0.000;0.00;0.00;0.00;0.00;0.000;0.00;0.00;0.00;0.00;0.000;0.00;0.00;0.00;0.00;0.000;0.00;0.00;0.00;0.00;0.000;0.00;0.00;0.00;995.21;15.360;220.45;0.77;25.47;1175.08;19.588;199.33;0.66;19.51;173.13;2.772;34.15;0.12;22.69;0.00;0.000;0.00;0.00;0.00;0.00;0.000;0.00;0.00;0.00;0.00;0.000;0.00;0.00;0.00;0.00;0.000;0.00;0.00;0.00;0.00;0.000;0.00;0.00;0.00;0.00;0.000;0.00;0.00;0.00;0.00;0.000;0.00;0.00;0.00;0.00;0.000;0.00;0.00;0.00;0.00;0.000;0.00;0.00;0.00;0.00;0.000;0.00;0.00;0.00;0.00;0.000;0.00;0.00;0.00;0.00;0.000;0.00;0.00;0.00;0.00;0.000;0.00;0.00;0.00;0.00;0.000;0.00;0.00;0.00;0.00;0.000;0.00;0.00;0.00;0.00;0.000;0.00;0.00;0.00
12840; CHICKENS WHOLE BIRD;24;8001.29;151.560;1608.74;0.12;23.12;0.00;0.000;0.00;0.00;0.00;456.33;9.128;132.24;0.72;33.33;2058.09;36.857;529.53;2.64;29.59;0.00;0.000;0.00;0.00;0.00;0.00;0.000;0.00;0.00;0.00;0.00;0.000;0.00;0.00;0.00;0.00;0.000;0.00;0.00;0.00;0.00;0.000;0.00;0.00;0.00;0.00;0.000;0.00;0.00;0.00;0.00;0.000;0.00;0.00;0.00;62.39;1.040;16.82;0.09;31.01;332.95;5.550;89.78;0.48;31.01;413.94;6.900;104.76;0.46;29.10;805.31;13.424;203.80;1.01;29.10;161.50;2.692;40.87;0.22;29.11;0.00;0.000;0.00;0.00;0.00;998.82;19.980;129.60;0.54;14.92;0.00;0.000;0.00;0.00;0.00;0.00;0.000;0.00;0.00;0.00;0.00;0.000;0.00;0.00;0.00;0.00;0.000;0.00;0.00;0.00;0.00;0.000;0.00;0.00;0.00;0.00;0.000;0.00;0.00;0.00;0.00;0.000;0.00;0.00;0.00;1933.03;42.164;185.13;0.77;11.01;290.47;4.842;63.82;0.30;25.27;90.82;1.514;27.51;0.11;34.84;0.00;0.000;0.00;0.00;0.00;156.27;3.126;29.64;0.13;21.81;74.69;1.410;17.02;0.06;26.21;80.68;1.523;18.39;0.06;26.21;0.00;0.000;0.00;0.00;0.00;0.00;0.000;0.00;0.00;0.00;0.00;0.000;0.00;0.00;0.00;0.00;0.000;0.00;0.00;0.00;0.00;0.000;0.00;0.00;0.00;0.00;0.000;0.00;0.00;0.00;0.00;0.000;0.00;0.00;0.00;0.00;0.000;0.00;0.00;0.00;0.00;0.000;0.00;0.00;0.00;86.00;1.410;19.82;0.04;26.50;0.00;0.000;0.00;0.00;0.00;0.00;0.000;0.00;0.00;0.00;0.00;0.000;0.00;0.00;0.00;0.00;0.000;0.00;0.00;0.00;0.00;0.000;0.00;0.00;0.00;0.00;0.000;0.00;0.00;0.00;0.00;0.000;0.00;0.00;0.00;0.00;0.000;0.00;0.00;0.00
14749;R/BOW FRSH WHOLE BIRD(10);24;156772.53;3 244.664;19277.00;1.49;14.14;0.00;0.000;0.00;0.00;0.00;0.00;0.000;0.00;0.00;0.00;0.00;0.000;0.00;0.00;0.00;0.00;0.000;0.00;0.00;0.00;0.00;0.000;0.00;0.00;0.00;0.00;0.000;0.00;0.00;0.00;0.00;0.000;0.00;0.00;0.00;0.00;0.000;0.00;0.00;0.00;9541.43;183.519;1790.05;9.48;21.57;4716.92;108.098;475.63;1.98;11.60;1584.97;28.160;278.18;1.41;20.18;1987.62;39.760;189.39;1.02;10.96;2085.84;38.842;262.80;1.15;14.49;2320.11;50.604;158.62;0.79;7.86;7398.50;135.677;1061.85;5.70;16.51;3345.98;66.186;357.92;1.88;12.30;3251.67;64.126;377.65;1.56;13.36;0.00;0.000;0.00;0.00;0.00;4101.26;82.188;465.43;1.77;13.05;4190.39;84.200;329.92;1.27;9.05;0.00;0.000;0.00;0.00;0.00;0.00;0.000;0.00;0.00;0.00;0.00;0.000;0.00;0.00;0.00;0.00;0.000;0.00;0.00;0.00;0.00;0.000;0.00;0.00;0.00;0.00;0.000;0.00;0.00;0.00;4941.04;123.760;457.76;1.78;10.65;5486.08;124.864;534.33;2.16;11.20;808.21;20.210;62.52;0.27;8.90;2426.39;60.151;226.16;0.77;10.72;2498.13;58.468;227.28;0.79;10.46;3045.93;70.852;291.67;0.97;11.01;0.00;0.000;0.00;0.00;0.00;0.00;0.000;0.00;0.00;0.00;2257.90;39.619;536.53;1.69;27.33;3898.05;84.357;612.99;2.09;18.08;5970.91;149.310;544.49;1.48;10.49;3248.10;75.555;297.20;1.00;10.52;7960.31;174.550;738.62;2.77;10.67;8407.37;186.872;777.66;2.38;10.64;6428.51;127.672;979.62;2.19;17.52;7606.15;154.637;1007.78;2.98;15.24;9743.67;208.274;1160.42;3.92;13.70;7983.06;154.309;1068.24;3.10;15.39;5675.44;113.531;613.77;1.57;12.44;4297.95;71.987;786.49;1.81;21.04;8983.95;179.716;833.74;2.25;10.67;6950.92;113.968;1373.43;3.88;22.72;3629.77;70.642;398.88;1.04;12.64
14750;RAINBOW BRAAIPACK 5PCE;24;7810.90;139.606;1103.43;0.09;16.25;0.00;0.000;0.00;0.00;0.00;0.00;0.000;0.00;0.00;0.00;0.00;0.000;0.00;0.00;0.00;0.00;0.000;0.00;0.00;0.00;4899.44;98.008;489.52;2.17;11.49;0.00;0.000;0.00;0.00;0.00;0.00;0.000;0.00;0.00;0.00;0.00;0.000;0.00;0.00;0.00;0.00;0.000;0.00;0.00;0.00;0.00;0.000;0.00;0.00;0.00;0.00;0.000;0.00;0.00;0.00;0.00;0.000;0.00;0.00;0.00;0.00;0.000;0.00;0.00;0.00;0.00;0.000;0.00;0.00;0.00;0.00;0.000;0.00;0.00;0.00;0.00;0.000;0.00;0.00;0.00;0.00;0.000;0.00;0.00;0.00;0.00;0.000;0.00;0.00;0.00;0.00;0.000;0.00;0.00;0.00;0.00;0.000;0.00;0.00;0.00;0.00;0.000;0.00;0.00;0.00;0.00;0.000;0.00;0.00;0.00;0.00;0.000;0.00;0.00;0.00;0.00;0.000;0.00;0.00;0.00;0.00;0.000;0.00;0.00;0.00;0.00;0.000;0.00;0.00;0.00;0.00;0.000;0.00;0.00;0.00;0.00;0.000;0.00;0.00;0.00;0.00;0.000;0.00;0.00;0.00;2911.46;41.598;613.90;2.08;24.25;0.00;0.000;0.00;0.00;0.00;0.00;0.000;0.00;0.00;0.00;0.00;0.000;0.00;0.00;0.00;0.00;0.000;0.00;0.00;0.00;0.00;0.000;0.00;0.00;0.00;0.00;0.000;0.00;0.00;0.00;0.00;0.000;0.00;0.00;0.00;0.00;0.000;0.00;0.00;0.00;0.00;0.000;0.00;0.00;0.00;0.00;0.000;0.00;0.00;0.00;0.00;0.000;0.00;0.00;0.00;0.00;0.000;0.00;0.00;0.00;0.00;0.000;0.00;0.00;0.00;0.00;0.000;0.00;0.00;0.00;0.00;0.000;0.00;0.00;0.00;0.00;0.000;0.00;0.00;0.00;0.00;0.000;0.00;0.00;0.00;0.00;0.000;0.00;0.00;0.00;0.00;0.000;0.00;0.00;0.00
15194;SOUL FOOD SMK CH/FILL PL;24;8975.14;41.466;2206.35;0.17;28.27;0.00;0.000;0.00;0.00;0.00;0.00;0.000;0.00;0.00;0.00;0.00;0.000;0.00;0.00;0.00;0.00;0.000;0.00;0.00;0.00;0.00;0.000;0.00;0.00;0.00;0.00;0.000;0.00;0.00;0.00;0.00;0.000;0.00;0.00;0.00;0.00;0.000;0.00;0.00;0.00;0.00;0.000;0.00;0.00;0.00;0.00;0.000;0.00;0.00;0.00;0.00;0.000;0.00;0.00;0.00;0.00;0.000;0.00;0.00;0.00;0.00;0.000;0.00;0.00;0.00;0.00;0.000;0.00;0.00;0.00;0.00;0.000;0.00;0.00;0.00;0.00;0.000;0.00;0.00;0.00;0.00;0.000;0.00;0.00;0.00;0.00;0.000;0.00;0.00;0.00;0.00;0.000;0.00;0.00;0.00;0.00;0.000;0.00;0.00;0.00;0.00;0.000;0.00;0.00;0.00;0.00;0.000;0.00;0.00;0.00;0.00;0.000;0.00;0.00;0.00;0.00;0.000;0.00;0.00;0.00;0.00;0.000;0.00;0.00;0.00;0.00;0.000;0.00;0.00;0.00;0.00;0.000;0.00;0.00;0.00;0.00;0.000;0.00;0.00;0.00;0.00;0.000;0.00;0.00;0.00;0.00;0.000;0.00;0.00;0.00;0.00;0.000;0.00;0.00;0.00;0.00;0.000;0.00;0.00;0.00;0.00;0.000;0.00;0.00;0.00;0.00;0.000;0.00;0.00;0.00;0.00;0.000;0.00;0.00;0.00;0.00;0.000;0.00;0.00;0.00;0.00;0.000;0.00;0.00;0.00;0.00;0.000;0.00;0.00;0.00;0.00;0.000;0.00;0.00;0.00;0.00;0.000;0.00;0.00;0.00;567.18;2.466;160.28;0.36;32.50;502.78;2.186;142.08;0.42;32.50;0.00;0.000;0.00;0.00;0.00;0.00;0.000;0.00;0.00;0.00;0.00;0.000;0.00;0.00;0.00;2098.89;9.126;593.07;1.36;32.49;2060.71;8.960;582.28;1.57;32.49;1959.98;9.800;381.28;1.08;22.37;1785.60;8.928;347.37;0.91;22.37
34224;CHICKEN FILLET KEBAB;24;10813.08;108.624;3428.36;0.27;36.46;230.40;2.560;59.55;0.39;29.72;146.68;1.630;37.90;0.21;29.71;156.40;1.564;49.98;0.25;36.75;157.20;1.572;50.24;0.30;36.75;788.58;7.886;251.99;1.12;36.75;0.00;0.000;0.00;0.00;0.00;342.17;3.422;109.33;0.66;36.74;0.00;0.000;0.00;0.00;0.00;783.89;7.840;250.44;1.33;36.74;917.51;9.176;293.15;1.22;36.74;0.00;0.000;0.00;0.00;0.00;95.99;0.960;30.67;0.16;36.74;304.35;3.044;97.23;0.43;36.74;472.94;4.730;151.10;0.75;36.74;1555.44;15.556;496.98;2.67;36.74;478.92;4.790;153.00;0.80;36.74;895.05;8.990;283.85;1.18;36.47;439.34;4.394;140.36;0.68;36.74;709.58;7.096;226.75;0.86;36.75;535.92;5.360;171.22;0.66;36.74;668.55;6.686;213.62;1.00;36.75;460.75;4.608;147.21;0.51;36.74;0.00;0.000;0.00;0.00;0.00;0.00;0.000;0.00;0.00;0.00;208.36;2.084;66.56;0.28;36.74;0.00;0.000;0.00;0.00;0.00;465.06;4.676;147.22;0.57;36.40;0.00;0.000;0.00;0.00;0.00;0.00;0.000;0.00;0.00;0.00;0.00;0.000;0.00;0.00;0.00;0.00;0.000;0.00;0.00;0.00;0.00;0.000;0.00;0.00;0.00;0.00;0.000;0.00;0.00;0.00;0.00;0.000;0.00;0.00;0.00;0.00;0.000;0.00;0.00;0.00;0.00;0.000;0.00;0.00;0.00;0.00;0.000;0.00;0.00;0.00;0.00;0.000;0.00;0.00;0.00;0.00;0.000;0.00;0.00;0.00;0.00;0.000;0.00;0.00;0.00;0.00;0.000;0.00;0.00;0.00;0.00;0.000;0.00;0.00;0.00;0.00;0.000;0.00;0.00;0.00;0.00;0.000;0.00;0.00;0.00;0.00;0.000;0.00;0.00;0.00;0.00;0.000;0.00;0.00;0.00;0.00;0.000;0.00;0.00;0.00;0.00;0.000;0.00;0.00;0.00;0.00;0.000;0.00;0.00;0.00
34293;CHICKEN FILLETS 8 PC;24;591.54;6.659;185.05;0.01;35.98;0.00;0.000;0.00;0.00;0.00;0.00;0.000;0.00;0.00;0.00;0.00;0.000;0.00;0.00;0.00;0.00;0.000;0.00;0.00;0.00;0.00;0.000;0.00;0.00;0.00;0.00;0.000;0.00;0.00;0.00;173.37;2.477;45.16;0.27;29.96;0.00;0.000;0.00;0.00;0.00;0.00;0.000;0.00;0.00;0.00;0.00;0.000;0.00;0.00;0.00;0.00;0.000;0.00;0.00;0.00;0.00;0.000;0.00;0.00;0.00;0.00;0.000;0.00;0.00;0.00;418.17;4.182;139.89;0.69;38.47;0.00;0.000;0.00;0.00;0.00;0.00;0.000;0.00;0.00;0.00;0.00;0.000;0.00;0.00;0.00;0.00;0.000;0.00;0.00;0.00;0.00;0.000;0.00;0.00;0.00;0.00;0.000;0.00;0.00;0.00;0.00;0.000;0.00;0.00;0.00;0.00;0.000;0.00;0.00;0.00;0.00;0.000;0.00;0.00;0.00;0.00;0.000;0.00;0.00;0.00;0.00;0.000;0.00;0.00;0.00;0.00;0.000;0.00;0.00;0.00;0.00;0.000;0.00;0.00;0.00;0.00;0.000;0.00;0.00;0.00;0.00;0.000;0.00;0.00;0.00;0.00;0.000;0.00;0.00;0.00;0.00;0.000;0.00;0.00;0.00;0.00;0.000;0.00;0.00;0.00;0.00;0.000;0.00;0.00;0.00;0.00;0.000;0.00;0.00;0.00;0.00;0.000;0.00;0.00;0.00;0.00;0.000;0.00;0.00;0.00;0.00;0.000;0.00;0.00;0.00;0.00;0.000;0.00;0.00;0.00;0.00;0.000;0.00;0.00;0.00;0.00;0.000;0.00;0.00;0.00;0.00;0.000;0.00;0.00;0.00;0.00;0.000;0.00;0.00;0.00;0.00;0.000;0.00;0.00;0.00;0.00;0.000;0.00;0.00;0.00;0.00;0.000;0.00;0.00;0.00;0.00;0.000;0.00;0.00;0.00;0.00;0.000;0.00;0.00;0.00;0.00;0.000;0.00;0.00;0.00;0.00;0.000;0.00;0.00;0.00
34303;SPATCHCOCK CHICKEN;24;97059.59;1 633.875;30581.46;2.36;36.23;2991.17;59.584;933.26;6.08;35.88;3895.29;71.116;1396.67;7.63;41.23;4034.20;83.316;1175.99;5.86;33.52;2909.68;54.946;992.22;6.01;39.22;2947.68;51.447;1123.20;4.97;43.82;3206.09;58.428;1152.50;6.87;41.34;2760.96;45.374;1130.82;6.86;47.10;2208.83;41.666;754.49;4.70;39.28;3529.14;68.147;1161.38;6.15;37.84;3748.11;69.207;1172.94;4.89;35.99;7262.23;139.700;1581.91;8.03;25.05;4121.85;73.695;1080.06;5.80;30.13;4329.08;59.968;1726.70;7.57;45.87;4172.37;77.638;990.01;4.91;27.29;3272.30;65.728;612.04;3.29;21.51;2661.30;46.793;724.15;3.81;31.29;1298.04;16.280;575.54;2.38;50.99;2050.84;25.638;912.16;4.44;51.15;1979.01;26.186;831.08;3.17;48.29;2126.76;30.313;819.32;3.15;44.30;1962.20;28.799;727.67;3.41;42.65;2953.05;39.180;1236.53;4.31;48.15;1980.47;25.378;859.80;3.90;49.93;3968.78;61.600;1357.95;5.13;39.35;2784.35;39.294;1085.96;4.50;44.85;446.18;4.958;219.51;1.02;56.58;1256.68;16.014;548.61;2.14;50.20;471.38;5.238;231.91;0.94;56.58;1481.99;16.468;729.10;3.18;56.58;449.21;8.294;108.79;0.37;27.85;486.77;8.114;95.45;0.33;22.55;0.00;0.000;0.00;0.00;0.00;665.72;10.247;148.62;0.52;25.67;226.78;2.520;91.39;0.26;46.34;215.26;2.392;86.74;0.27;46.34;2922.35;47.010;567.22;1.93;22.32;453.89;6.217;133.64;0.36;33.86;83.85;1.198;22.61;0.08;31.01;1443.75;24.066;244.90;0.92;19.51;0.00;0.000;0.00;0.00;0.00;0.00;0.000;0.00;0.00;0.00;632.32;10.540;107.27;0.32;19.51;1699.12;28.324;288.17;0.97;19.50;529.00;8.818;89.73;0.26;19.51;1884.10;31.406;319.61;0.82;19.51;0.00;0.000;0.00;0.00;0.00;837.61;13.962;142.09;0.38;19.51;1719.85;28.668;291.75;0.82;19.51;0.00;0.000;0.00;0.00;0.00
38901;S/CHUNKY LEMON & HERB 1KG;24;0.00;0.000;0.00;0.00;0.00;0.00;0.000;0.00;0.00;0.00;0.00;0.000;0.00;0.00;0.00;0.00;0.000;0.00;0.00;0.00;0.00;0.000;0.00;0.00;0.00;0.00;0.000;0.00;0.00;0.00;0.00;0.000;0.00;0.00;0.00;0.00;0.000;0.00;0.00;0.00;0.00;0.000;0.00;0.00;0.00;0.00;0.000;0.00;0.00;0.00;0.00;0.000;0.00;0.00;0.00;0.00;0.000;0.00;0.00;0.00;0.00;0.000;0.00;0.00;0.00;0.00;0.000;0.00;0.00;0.00;0.00;0.000;0.00;0.00;0.00;0.00;0.000;0.00;0.00;0.00;0.00;0.000;0.00;0.00;0.00;0.00;0.000;0.00;0.00;0.00;0.00;0.000;0.00;0.00;0.00;0.00;0.000;0.00;0.00;0.00;0.00;0.000;0.00;0.00;0.00;0.00;0.000;0.00;0.00;0.00;0.00;0.000;0.00;0.00;0.00;0.00;0.000;0.00;0.00;0.00;0.00;0.000;0.00;0.00;0.00;0.00;0.000;0.00;0.00;0.00;0.00;0.000;0.00;0.00;0.00;0.00;0.000;0.00;0.00;0.00;0.00;0.000;0.00;0.00;0.00;0.00;0.000;0.00;0.00;0.00;0.00;0.000;0.00;0.00;0.00;0.00;0.000;0.00;0.00;0.00;0.00;0.000;0.00;0.00;0.00;0.00;0.000;0.00;0.00;0.00;0.00;0.000;0.00;0.00;0.00;0.00;0.000;0.00;0.00;0.00;0.00;0.000;0.00;0.00;0.00;0.00;0.000;0.00;0.00;0.00;0.00;0.000;0.00;0.00;0.00;0.00;0.000;0.00;0.00;0.00;0.00;0.000;0.00;0.00;0.00;0.00;0.000;0.00;0.00;0.00;0.00;0.000;0.00;0.00;0.00;0.00;0.000;0.00;0.00;0.00;0.00;0.000;0.00;0.00;0.00;0.00;0.000;0.00;0.00;0.00;0.00;0.000;0.00;0.00;0.00;0.00;0.000;0.00;0.00;0.00;0.00;0.000;0.00;0.00;0.00;0.00;0.000;0.00;0.00;0.00
38902;S/CHUNKY BBQ IRR 1KG;24;0.00;0.000;0.00;0.00;0.00;0.00;0.000;0.00;0.00;0.00;0.00;0.000;0.00;0.00;0.00;0.00;0.000;0.00;0.00;0.00;0.00;0.000;0.00;0.00;0.00;0.00;0.000;0.00;0.00;0.00;0.00;0.000;0.00;0.00;0.00;0.00;0.000;0.00;0.00;0.00;0.00;0.000;0.00;0.00;0.00;0.00;0.000;0.00;0.00;0.00;0.00;0.000;0.00;0.00;0.00;0.00;0.000;0.00;0.00;0.00;0.00;0.000;0.00;0.00;0.00;0.00;0.000;0.00;0.00;0.00;0.00;0.000;0.00;0.00;0.00;0.00;0.000;0.00;0.00;0.00;0.00;0.000;0.00;0.00;0.00;0.00;0.000;0.00;0.00;0.00;0.00;0.000;0.00;0.00;0.00;0.00;0.000;0.00;0.00;0.00;0.00;0.000;0.00;0.00;0.00;0.00;0.000;0.00;0.00;0.00;0.00;0.000;0.00;0.00;0.00;0.00;0.000;0.00;0.00;0.00;0.00;0.000;0.00;0.00;0.00;0.00;0.000;0.00;0.00;0.00;0.00;0.000;0.00;0.00;0.00;0.00;0.000;0.00;0.00;0.00;0.00;0.000;0.00;0.00;0.00;0.00;0.000;0.00;0.00;0.00;0.00;0.000;0.00;0.00;0.00;0.00;0.000;0.00;0.00;0.00;0.00;0.000;0.00;0.00;0.00;0.00;0.000;0.00;0.00;0.00;0.00;0.000;0.00;0.00;0.00;0.00;0.000;0.00;0.00;0.00;0.00;0.000;0.00;0.00;0.00;0.00;0.000;0.00;0.00;0.00;0.00;0.000;0.00;0.00;0.00;0.00;0.000;0.00;0.00;0.00;0.00;0.000;0.00;0.00;0.00;0.00;0.000;0.00;0.00;0.00;0.00;0.000;0.00;0.00;0.00;0.00;0.000;0.00;0.00;0.00;0.00;0.000;0.00;0.00;0.00;0.00;0.000;0.00;0.00;0.00;0.00;0.000;0.00;0.00;0.00;0.00;0.000;0.00;0.00;0.00;0.00;0.000;0.00;0.00;0.00;0.00;0.000;0.00;0.00;0.00
41685;T&T CHKN ESPETADA BBQ;24;269644.24;2 591.562;43563.97;3.37;18.58;139.83;1.554;14.61;0.10;12.02;589.20;7.682;88.52;0.48;17.28;0.00;0.000;0.00;0.00;0.00;0.00;0.000;0.00;0.00;0.00;0.00;0.000;0.00;0.00;0.00;225.52;2.506;23.59;0.14;12.03;2354.83;29.664;330.09;2.00;16.12;2570.86;27.658;561.06;3.49;25.10;2725.43;25.474;495.15;2.62;20.89;6410.19;79.351;616.92;2.57;11.07;4611.08;44.773;728.73;3.70;18.17;3469.49;33.990;411.20;2.21;13.63;2272.24;26.955;247.67;1.09;12.53;3707.38;37.770;506.04;2.51;15.70;2999.22;27.286;490.18;2.63;18.80;4377.14;44.865;853.50;4.48;22.42;4107.86;36.814;831.42;3.44;23.28;3539.32;29.570;756.71;3.68;24.59;5258.72;51.903;1104.86;4.21;24.16;5025.50;46.615;1210.08;4.64;27.69;4485.75;37.949;896.10;4.20;22.97;8865.15;86.989;1112.08;3.88;14.43;7112.76;62.731;1260.21;5.72;20.38;6619.57;57.489;1223.18;4.62;21.25;6655.08;59.578;1171.10;4.86;20.24;5728.09;58.268;743.57;3.46;14.93;6562.12;66.328;988.75;3.85;17.33;6805.76;64.327;1058.67;4.27;17.89;7528.97;75.460;1015.01;4.43;15.50;9010.12;80.114;1556.71;5.27;19.87;6436.61;59.110;1051.13;3.65;18.78;9416.39;95.626;1301.51;4.33;15.89;7423.88;64.298;1372.96;4.76;21.27;15444.42;151.364;2730.61;7.78;20.33;9691.16;91.278;1635.73;5.16;19.41;7433.85;73.179;1383.03;4.71;21.40;8920.71;81.260;1462.11;3.99;18.85;7647.17;76.353;1142.37;3.86;17.18;5320.67;52.480;339.13;1.27;7.33;5646.10;53.834;682.98;2.09;13.91;5812.27;58.655;869.17;1.95;17.20;7304.17;76.170;1060.94;3.13;16.70;8426.05;80.793;1244.70;4.21;16.99;7452.16;69.941;1162.67;3.37;17.94;6471.06;57.069;1151.28;2.94;20.46;7403.75;67.314;1312.65;3.01;20.39;6590.87;57.857;1164.85;3.14;20.32;5571.23;51.391;949.30;2.68;19.60;7474.54;69.927;1251.14;3.28;19.25
41686;T&T CHKN ESPETADA P/PERI;24;6185.08;61.420;1029.33;0.08;19.14;274.28;2.743;48.48;0.32;20.33;0.00;0.000;0.00;0.00;0.00;0.00;0.000;0.00;0.00;0.00;0.00;0.000;0.00;0.00;0.00;0.00;0.000;0.00;0.00;0.00;0.00;0.000;0.00;0.00;0.00;246.80;2.265;57.42;0.35;26.76;35.00;0.500;3.18;0.02;10.46;103.99;0.972;18.89;0.10;20.89;622.13;7.625;90.79;0.38;16.78;350.53;3.160;79.63;0.40;26.12;199.96;1.970;24.29;0.13;13.97;0.00;0.000;0.00;0.00;0.00;115.14;1.010;21.73;0.11;21.70;62.63;0.580;9.44;0.05;17.34;164.49;2.000;23.81;0.13;16.65;363.32;3.028;78.24;0.32;24.76;119.52;0.996;25.75;0.13;24.77;45.17;0.502;8.95;0.03;22.80;117.14;1.137;29.59;0.11;29.05;109.74;0.938;19.79;0.09;20.74;201.30;1.929;27.78;0.10;15.87;46.80;0.468;5.51;0.03;13.55;166.60;1.470;34.36;0.13;23.72;225.22;1.996;48.55;0.20;24.79;0.00;0.000;0.00;0.00;0.00;208.72;2.150;29.23;0.11;16.11;184.53;1.538;36.45;0.15;22.72;108.05;1.024;16.82;0.07;17.90;212.25;2.358;20.34;0.07;11.02;250.47;2.408;50.09;0.17;23.00;44.46;0.342;9.48;0.03;24.52;133.64;1.028;28.50;0.10;24.52;168.30;1.980;15.72;0.04;10.74;91.97;0.859;15.74;0.05;19.68;532.92;5.922;66.73;0.23;14.40;176.94;1.966;4.38;0.01;2.85;139.09;1.488;16.97;0.06;14.03;49.00;0.490;0.80;0.00;1.88;91.97;0.862;14.37;0.04;17.97;0.00;0.000;0.00;0.00;0.00;0.00;0.000;0.00;0.00;0.00;44.46;0.342;9.48;0.03;24.52;178.55;1.374;38.03;0.11;24.49;0.00;0.000;0.00;0.00;0.00;0.00;0.000;0.00;0.00;0.00;0.00;0.000;0.00;0.00;0.00;0.00;0.000;0.00;0.00;0.00;0.00;0.000;0.00;0.00;0.00
45285;CHICKEN LEG 1/4 10KG;24;137829.65;261.000;21454.03;1.66;17.90;0.00;0.000;0.00;0.00;0.00;0.00;0.000;0.00;0.00;0.00;359.99;1.000;33.53;0.17;10.71;2759.94;6.000;300.01;1.82;12.50;0.00;0.000;0.00;0.00;0.00;0.00;0.000;0.00;0.00;0.00;0.00;0.000;0.00;0.00;0.00;0.00;0.000;0.00;0.00;0.00;8739.81;19.000;950.02;5.03;12.50;1919.96;4.000;269.57;1.12;16.15;0.00;0.000;0.00;0.00;0.00;0.00;0.000;0.00;0.00;0.00;0.00;0.000;0.00;0.00;0.00;0.00;0.000;0.00;0.00;0.00;0.00;0.000;0.00;0.00;0.00;0.00;0.000;0.00;0.00;0.00;2449.95;5.000;380.44;1.58;17.86;1499.97;3.000;254.35;1.24;19.50;11499.77;23.000;1950.03;7.43;19.50;2499.95;5.000;423.92;1.63;19.50;7499.85;15.000;1271.76;5.96;19.50;6499.87;13.000;1102.19;3.85;19.50;4499.91;9.000;763.06;3.46;19.50;2939.94;6.000;611.03;2.31;23.90;2449.95;5.000;509.19;2.11;23.90;489.99;1.000;101.84;0.47;23.90;3979.93;7.000;654.65;2.55;18.92;3289.99;6.000;455.58;1.84;15.92;3794.00;7.000;492.97;2.15;14.94;542.00;1.000;70.42;0.24;14.94;3794.00;7.000;492.97;1.71;14.94;4167.96;8.000;417.27;1.39;11.51;9083.84;18.000;683.15;2.37;8.65;6999.86;14.000;474.51;1.35;7.80;7799.85;15.000;769.28;2.43;11.34;5959.90;10.000;1173.72;4.00;22.65;4639.92;8.000;827.67;2.26;20.51;6959.88;12.000;1241.51;4.19;20.51;2949.95;5.000;560.77;2.10;21.86;6299.90;10.000;1469.37;4.50;26.82;6659.89;11.000;1381.53;3.09;23.86;0.00;0.000;0.00;0.00;0.00;599.99;1.000;120.85;0.41;23.16;0.00;0.000;0.00;0.00;0.00;2099.97;3.000;623.42;1.59;34.14;2099.97;3.000;623.42;1.43;34.14;0.00;0.000;0.00;0.00;0.00;0.00;0.000;0.00;0.00;0.00;0.00;0.000;0.00;0.00;0.00
45650;CHIC BRAAI PK 14 P;24;45181.16;565.890;15379.11;1.19;39.14;0.00;0.000;0.00;0.00;0.00;0.00;0.000;0.00;0.00;0.00;0.00;0.000;0.00;0.00;0.00;0.00;0.000;0.00;0.00;0.00;0.00;0.000;0.00;0.00;0.00;0.00;0.000;0.00;0.00;0.00;0.00;0.000;0.00;0.00;0.00;0.00;0.000;0.00;0.00;0.00;0.00;0.000;0.00;0.00;0.00;0.00;0.000;0.00;0.00;0.00;0.00;0.000;0.00;0.00;0.00;0.00;0.000;0.00;0.00;0.00;0.00;0.000;0.00;0.00;0.00;1043.40;14.102;311.49;1.54;34.33;0.00;0.000;0.00;0.00;0.00;0.00;0.000;0.00;0.00;0.00;0.00;0.000;0.00;0.00;0.00;0.00;0.000;0.00;0.00;0.00;0.00;0.000;0.00;0.00;0.00;0.00;0.000;0.00;0.00;0.00;0.00;0.000;0.00;0.00;0.00;0.00;0.000;0.00;0.00;0.00;0.00;0.000;0.00;0.00;0.00;0.00;0.000;0.00;0.00;0.00;0.00;0.000;0.00;0.00;0.00;0.00;0.000;0.00;0.00;0.00;0.00;0.000;0.00;0.00;0.00;0.00;0.000;0.00;0.00;0.00;0.00;0.000;0.00;0.00;0.00;0.00;0.000;0.00;0.00;0.00;0.00;0.000;0.00;0.00;0.00;0.00;0.000;0.00;0.00;0.00;0.00;0.000;0.00;0.00;0.00;0.00;0.000;0.00;0.00;0.00;0.00;0.000;0.00;0.00;0.00;0.00;0.000;0.00;0.00;0.00;0.00;0.000;0.00;0.00;0.00;0.00;0.000;0.00;0.00;0.00;0.00;0.000;0.00;0.00;0.00;3885.45;48.574;1326.40;4.06;39.26;36198.39;452.534;12357.30;27.67;39.26;4053.92;50.680;1383.92;4.09;39.26;0.00;0.000;0.00;0.00;0.00;0.00;0.000;0.00;0.00;0.00;0.00;0.000;0.00;0.00;0.00;0.00;0.000;0.00;0.00;0.00;0.00;0.000;0.00;0.00;0.00;0.00;0.000;0.00;0.00;0.00;0.00;0.000;0.00;0.00;0.00
45775;S/CHUNKY MANGO & CHUTNEY;24;0.00;0.000;0.00;0.00;0.00;0.00;0.000;0.00;0.00;0.00;0.00;0.000;0.00;0.00;0.00;0.00;0.000;0.00;0.00;0.00;0.00;0.000;0.00;0.00;0.00;0.00;0.000;0.00;0.00;0.00;0.00;0.000;0.00;0.00;0.00;0.00;0.000;0.00;0.00;0.00;0.00;0.000;0.00;0.00;0.00;0.00;0.000;0.00;0.00;0.00;0.00;0.000;0.00;0.00;0.00;0.00;0.000;0.00;0.00;0.00;0.00;0.000;0.00;0.00;0.00;0.00;0.000;0.00;0.00;0.00;0.00;0.000;0.00;0.00;0.00;0.00;0.000;0.00;0.00;0.00;0.00;0.000;0.00;0.00;0.00;0.00;0.000;0.00;0.00;0.00;0.00;0.000;0.00;0.00;0.00;0.00;0.000;0.00;0.00;0.00;0.00;0.000;0.00;0.00;0.00;0.00;0.000;0.00;0.00;0.00;0.00;0.000;0.00;0.00;0.00;0.00;0.000;0.00;0.00;0.00;0.00;0.000;0.00;0.00;0.00;0.00;0.000;0.00;0.00;0.00;0.00;0.000;0.00;0.00;0.00;0.00;0.000;0.00;0.00;0.00;0.00;0.000;0.00;0.00;0.00;0.00;0.000;0.00;0.00;0.00;0.00;0.000;0.00;0.00;0.00;0.00;0.000;0.00;0.00;0.00;0.00;0.000;0.00;0.00;0.00;0.00;0.000;0.00;0.00;0.00;0.00;0.000;0.00;0.00;0.00;0.00;0.000;0.00;0.00;0.00;0.00;0.000;0.00;0.00;0.00;0.00;0.000;0.00;0.00;0.00;0.00;0.000;0.00;0.00;0.00;0.00;0.000;0.00;0.00;0.00;0.00;0.000;0.00;0.00;0.00;0.00;0.000;0.00;0.00;0.00;0.00;0.000;0.00;0.00;0.00;0.00;0.000;0.00;0.00;0.00;0.00;0.000;0.00;0.00;0.00;0.00;0.000;0.00;0.00;0.00;0.00;0.000;0.00;0.00;0.00;0.00;0.000;0.00;0.00;0.00;0.00;0.000;0.00;0.00;0.00;0.00;0.000;0.00;0.00;0.00
45776;S/CHUNKY PERI PERI IRR;24;0.00;0.000;0.00;0.00;0.00;0.00;0.000;0.00;0.00;0.00;0.00;0.000;0.00;0.00;0.00;0.00;0.000;0.00;0.00;0.00;0.00;0.000;0.00;0.00;0.00;0.00;0.000;0.00;0.00;0.00;0.00;0.000;0.00;0.00;0.00;0.00;0.000;0.00;0.00;0.00;0.00;0.000;0.00;0.00;0.00;0.00;0.000;0.00;0.00;0.00;0.00;0.000;0.00;0.00;0.00;0.00;0.000;0.00;0.00;0.00;0.00;0.000;0.00;0.00;0.00;0.00;0.000;0.00;0.00;0.00;0.00;0.000;0.00;0.00;0.00;0.00;0.000;0.00;0.00;0.00;0.00;0.000;0.00;0.00;0.00;0.00;0.000;0.00;0.00;0.00;0.00;0.000;0.00;0.00;0.00;0.00;0.000;0.00;0.00;0.00;0.00;0.000;0.00;0.00;0.00;0.00;0.000;0.00;0.00;0.00;0.00;0.000;0.00;0.00;0.00;0.00;0.000;0.00;0.00;0.00;0.00;0.000;0.00;0.00;0.00;0.00;0.000;0.00;0.00;0.00;0.00;0.000;0.00;0.00;0.00;0.00;0.000;0.00;0.00;0.00;0.00;0.000;0.00;0.00;0.00;0.00;0.000;0.00;0.00;0.00;0.00;0.000;0.00;0.00;0.00;0.00;0.000;0.00;0.00;0.00;0.00;0.000;0.00;0.00;0.00;0.00;0.000;0.00;0.00;0.00;0.00;0.000;0.00;0.00;0.00;0.00;0.000;0.00;0.00;0.00;0.00;0.000;0.00;0.00;0.00;0.00;0.000;0.00;0.00;0.00;0.00;0.000;0.00;0.00;0.00;0.00;0.000;0.00;0.00;0.00;0.00;0.000;0.00;0.00;0.00;0.00;0.000;0.00;0.00;0.00;0.00;0.000;0.00;0.00;0.00;0.00;0.000;0.00;0.00;0.00;0.00;0.000;0.00;0.00;0.00;0.00;0.000;0.00;0.00;0.00;0.00;0.000;0.00;0.00;0.00;0.00;0.000;0.00;0.00;0.00;0.00;0.000;0.00;0.00;0.00;0.00;0.000;0.00;0.00;0.00
46025;LAZENA F/RANGE DRUM&THIG8;24;5568.45;38.138;1272.14;0.10;26.27;0.00;0.000;0.00;0.00;0.00;0.00;0.000;0.00;0.00;0.00;0.00;0.000;0.00;0.00;0.00;0.00;0.000;0.00;0.00;0.00;0.00;0.000;0.00;0.00;0.00;0.00;0.000;0.00;0.00;0.00;0.00;0.000;0.00;0.00;0.00;0.00;0.000;0.00;0.00;0.00;0.00;0.000;0.00;0.00;0.00;0.00;0.000;0.00;0.00;0.00;0.00;0.000;0.00;0.00;0.00;0.00;0.000;0.00;0.00;0.00;0.00;0.000;0.00;0.00;0.00;0.00;0.000;0.00;0.00;0.00;0.00;0.000;0.00;0.00;0.00;0.00;0.000;0.00;0.00;0.00;0.00;0.000;0.00;0.00;0.00;0.00;0.000;0.00;0.00;0.00;0.00;0.000;0.00;0.00;0.00;0.00;0.000;0.00;0.00;0.00;0.00;0.000;0.00;0.00;0.00;0.00;0.000;0.00;0.00;0.00;0.00;0.000;0.00;0.00;0.00;0.00;0.000;0.00;0.00;0.00;635.64;4.890;114.26;0.47;20.67;0.00;0.000;0.00;0.00;0.00;0.00;0.000;0.00;0.00;0.00;0.00;0.000;0.00;0.00;0.00;0.00;0.000;0.00;0.00;0.00;351.23;2.702;63.14;0.21;20.67;0.00;0.000;0.00;0.00;0.00;0.00;0.000;0.00;0.00;0.00;0.00;0.000;0.00;0.00;0.00;0.00;0.000;0.00;0.00;0.00;0.00;0.000;0.00;0.00;0.00;0.00;0.000;0.00;0.00;0.00;2325.45;15.504;555.39;1.51;27.47;1907.55;12.718;455.56;1.54;27.46;0.00;0.000;0.00;0.00;0.00;0.00;0.000;0.00;0.00;0.00;0.00;0.000;0.00;0.00;0.00;0.00;0.000;0.00;0.00;0.00;0.00;0.000;0.00;0.00;0.00;0.00;0.000;0.00;0.00;0.00;0.00;0.000;0.00;0.00;0.00;0.00;0.000;0.00;0.00;0.00;0.00;0.000;0.00;0.00;0.00;0.00;0.000;0.00;0.00;0.00;348.58;2.324;83.80;0.22;27.65
46091;SPAR SLT CHKN IN/B NO GIB;24;105827.16;1 767.686;13772.32;1.06;14.97;0.00;0.000;0.00;0.00;0.00;686.89;13.740;70.13;0.38;11.74;0.00;0.000;0.00;0.00;0.00;0.00;0.000;0.00;0.00;0.00;0.00;0.000;0.00;0.00;0.00;2940.58;58.887;272.62;1.62;10.66;0.00;0.000;0.00;0.00;0.00;0.00;0.000;0.00;0.00;0.00;437.74;8.894;18.39;0.10;4.83;1522.17;27.544;150.66;0.63;11.38;319.86;4.570;59.84;0.30;21.51;0.00;0.000;0.00;0.00;0.00;1512.52;25.272;159.61;0.70;12.14;0.00;0.000;0.00;0.00;0.00;0.00;0.000;0.00;0.00;0.00;0.00;0.000;0.00;0.00;0.00;2928.42;58.579;279.88;1.16;10.99;5555.49;101.390;699.26;3.40;14.47;2868.36;42.252;520.06;1.98;20.85;2139.91;30.420;393.39;1.51;21.14;3854.45;58.932;527.62;2.47;15.74;4911.86;64.700;985.54;3.44;23.07;3530.86;46.514;708.21;3.21;23.07;2955.83;38.898;594.94;2.25;23.15;1779.53;23.418;358.19;1.49;23.15;2133.34;28.074;429.40;2.00;23.15;0.00;0.000;0.00;0.00;0.00;2190.38;38.876;282.68;1.14;14.84;3461.31;63.406;408.10;1.78;13.56;2217.09;29.176;446.27;1.51;23.15;166.57;2.192;33.53;0.12;23.15;1191.97;15.026;252.29;0.84;24.34;4088.23;67.154;463.29;1.61;13.03;6673.35;111.889;835.68;2.38;14.40;824.51;10.308;163.04;0.51;22.74;3588.68;59.820;382.79;1.30;12.27;852.55;10.658;168.61;0.46;22.74;1011.40;12.644;199.61;0.67;22.70;622.97;7.788;122.74;0.46;22.66;1239.87;15.500;244.28;0.75;22.66;3613.49;65.711;338.23;0.76;10.76;2760.97;50.208;258.43;0.76;10.76;3635.40;66.109;337.42;1.14;10.67;2983.06;54.246;276.89;0.80;10.67;6207.99;115.695;557.58;1.43;10.33;3144.75;48.512;313.52;0.72;11.46;5169.13;100.017;483.30;1.30;10.75;2774.54;55.500;258.69;0.73;10.72;7331.14;135.167;717.60;1.88;11.26
46121;5KG CC CHIC LEG;24;131303.02;454.000;25604.28;1.98;22.43;0.00;0.000;0.00;0.00;0.00;0.00;0.000;0.00;0.00;0.00;0.00;0.000;0.00;0.00;0.00;0.00;0.000;0.00;0.00;0.00;239.99;1.000;43.74;0.19;20.96;0.00;0.000;0.00;0.00;0.00;0.00;0.000;0.00;0.00;0.00;0.00;0.000;0.00;0.00;0.00;0.00;0.000;0.00;0.00;0.00;0.00;0.000;0.00;0.00;0.00;4559.81;19.000;424.87;2.16;10.72;0.00;0.000;0.00;0.00;0.00;0.00;0.000;0.00;0.00;0.00;1469.94;6.000;130.03;0.64;10.17;0.00;0.000;0.00;0.00;0.00;0.00;0.000;0.00;0.00;0.00;6354.84;25.000;741.89;3.07;13.43;6907.77;28.000;675.07;3.29;11.24;7075.74;26.000;1106.73;4.22;17.99;2125.93;7.000;465.59;1.79;25.19;2073.93;7.000;368.63;1.73;20.44;7331.76;24.000;1341.21;4.68;21.04;3899.87;13.000;720.28;3.27;21.24;6341.95;27.000;2884.52;10.90;52.31;3671.88;12.000;951.39;3.95;29.80;2447.92;8.000;490.00;2.28;23.02;3671.88;12.000;787.63;3.07;24.67;4365.85;15.000;789.76;3.19;20.80;2029.93;7.000;362.06;1.58;20.51;5219.82;18.000;931.02;3.15;20.51;5219.82;18.000;931.02;3.24;20.51;2899.90;10.000;517.23;1.72;20.51;4037.84;16.000;544.18;1.89;15.50;7188.75;25.000;1315.22;3.75;21.04;974.97;3.000;216.40;0.68;25.52;2524.92;8.000;511.85;1.74;23.31;5499.83;17.000;1204.53;3.28;25.19;5202.57;16.000;1155.15;3.90;25.53;6193.02;19.000;1384.03;5.19;25.70;5812.80;18.000;1264.00;3.87;25.01;5670.00;18.000;1139.82;2.55;23.12;3150.00;10.000;616.74;1.82;22.52;0.00;0.000;0.00;0.00;0.00;4759.86;14.000;1059.79;3.07;25.60;2379.93;7.000;529.89;1.35;25.60;0.00;0.000;0.00;0.00;0.00;0.00;0.000;0.00;0.00;0.00;0.00;0.000;0.00;0.00;0.00;0.00;0.000;0.00;0.00;0.00
46353;CRUMBED CHICKEN NUGGETS;24;50305.06;730.688;17344.23;1.34;39.65;1255.41;20.974;376.03;2.45;34.45;1218.94;20.372;347.13;1.90;32.75;1446.12;24.149;415.45;2.07;33.04;642.10;10.721;191.71;1.16;34.34;1281.12;19.740;373.77;1.65;33.55;507.65;7.810;152.83;0.91;34.62;734.06;9.984;198.36;1.20;31.08;31.13;0.362;8.09;0.05;29.88;47.88;0.532;11.12;0.06;26.71;839.39;11.494;219.64;0.92;30.09;904.40;12.996;304.66;1.55;38.74;1090.93;15.590;371.96;2.00;39.21;1002.88;14.360;340.89;1.50;39.09;1131.06;16.158;385.85;1.91;39.23;250.03;3.602;84.18;0.45;38.72;940.94;13.442;320.99;1.69;39.23;914.39;13.095;310.80;1.29;39.09;628.55;9.022;214.32;1.04;39.21;1048.06;14.990;364.22;1.39;39.96;880.46;12.578;306.52;1.18;40.04;1207.50;17.251;406.57;1.90;38.72;813.12;11.616;270.29;0.94;38.23;430.50;6.150;140.71;0.64;37.59;0.00;0.000;0.00;0.00;0.00;0.00;0.000;0.00;0.00;0.00;0.00;0.000;0.00;0.00;0.00;0.00;0.000;0.00;0.00;0.00;0.00;0.000;0.00;0.00;0.00;557.48;7.964;198.14;0.87;40.87;1263.50;18.050;407.32;1.38;37.07;1975.68;28.225;617.49;2.15;35.94;2292.36;32.748;716.51;2.39;35.95;2452.38;35.034;873.98;3.03;40.98;1470.84;21.012;585.81;1.67;45.80;1953.28;27.905;777.92;2.45;45.80;1190.42;17.007;474.09;1.61;45.80;2691.50;38.453;1071.87;2.92;45.80;1660.12;23.716;661.19;2.23;45.80;1218.98;17.414;485.49;1.82;45.80;980.98;14.014;390.70;1.20;45.80;1601.04;22.872;561.76;1.26;40.35;2108.96;30.129;734.17;2.17;40.03;711.06;10.158;247.55;0.84;40.04;1632.96;23.328;568.49;1.65;40.04;729.82;10.426;254.08;0.65;40.04;1038.10;14.830;361.40;0.83;40.04;1083.04;15.473;377.01;1.02;40.03;1224.58;17.494;426.32;1.20;40.04;1221.36;17.448;436.85;1.14;41.13
46444;CRUMBED CHICK STEAKLETS;24;77673.64;1 133.056;27051.93;2.09;40.05;2026.17;33.857;598.26;3.90;33.96;1810.80;30.184;518.47;2.83;32.93;2716.49;45.291;795.65;3.97;33.68;1921.44;31.997;548.12;3.32;32.81;1907.59;29.371;557.36;2.47;33.60;2003.82;30.828;586.40;3.49;33.65;775.34;11.958;219.92;1.33;32.62;0.00;0.000;0.00;0.00;0.00;730.80;8.120;169.72;0.90;26.71;519.14;7.286;139.39;0.58;30.88;1470.08;21.054;499.03;2.53;39.04;862.82;12.326;294.34;1.58;39.23;3011.82;43.030;1027.29;4.51;39.23;2140.53;30.608;729.14;3.61;39.17;1202.96;17.200;409.82;2.20;39.18;643.80;9.228;218.54;1.15;39.04;2184.49;31.242;744.23;3.08;39.18;1478.43;21.264;493.03;2.40;38.35;879.34;12.562;306.13;1.17;40.04;1293.16;18.535;447.96;1.72;39.84;431.34;6.163;150.13;0.70;40.03;0.00;0.000;0.00;0.00;0.00;0.00;0.000;0.00;0.00;0.00;0.00;0.000;0.00;0.00;0.00;0.00;0.000;0.00;0.00;0.00;321.16;4.588;137.09;0.64;49.09;787.64;11.252;336.20;1.31;49.09;407.40;5.820;173.90;0.70;49.09;440.16;6.288;187.88;0.82;49.09;1078.70;15.411;337.13;1.14;35.94;1896.44;27.094;592.68;2.06;35.94;2366.00;33.804;739.37;2.46;35.94;2477.58;35.395;986.74;3.42;45.80;2543.38;36.336;1012.91;2.89;45.80;2626.82;37.528;1046.14;3.30;45.80;2882.18;41.177;1147.81;3.91;45.80;3747.66;53.544;1492.42;4.07;45.80;2044.28;29.205;814.16;2.75;45.80;2006.62;28.667;799.16;3.00;45.80;1548.26;22.118;616.64;1.89;45.80;1729.56;24.708;610.60;1.37;40.60;2451.26;35.020;853.30;2.52;40.03;1319.64;18.853;459.38;1.55;40.03;3492.86;49.903;1215.81;3.53;40.03;1167.74;16.684;406.46;1.04;40.03;1730.68;24.726;602.44;1.38;40.03;1939.98;27.716;675.31;1.82;40.03;3377.92;48.262;1175.76;3.32;40.03;3279.36;46.853;1179.69;3.09;41.37
46445;CRUMBED CHICK SCHNITZEL;24;28559.54;428.213;9178.47;0.71;36.96;1614.65;26.938;484.91;3.16;34.54;2042.64;34.046;584.94;3.20;32.93;2192.26;36.588;637.69;3.18;33.45;1634.00;27.111;465.25;2.82;32.74;1409.67;21.687;412.54;1.83;33.65;1541.85;23.776;449.14;2.68;33.50;774.08;11.928;219.97;1.33;32.68;0.00;0.000;0.00;0.00;0.00;692.64;7.696;143.15;0.76;23.77;511.13;7.372;136.77;0.57;30.77;720.72;10.298;245.79;1.25;39.22;1284.45;18.380;437.04;2.35;39.13;2554.77;36.517;870.78;3.82;39.20;1084.03;15.518;368.62;1.83;39.11;1061.96;15.186;361.71;1.94;39.17;1331.61;19.084;452.12;2.38;39.05;1464.79;20.947;499.11;2.07;39.18;1636.53;23.537;551.19;2.68;38.73;495.87;7.126;171.09;0.65;39.68;0.00;0.000;0.00;0.00;0.00;537.15;7.694;178.56;0.84;38.23;1165.22;16.647;388.97;1.36;38.39;861.14;12.303;287.45;1.30;38.39;0.00;0.000;0.00;0.00;0.00;0.00;0.000;0.00;0.00;0.00;868.84;12.412;370.87;1.73;49.09;0.00;0.000;0.00;0.00;0.00;483.56;6.908;206.41;0.83;49.09;383.04;5.472;163.50;0.71;49.09;0.00;0.000;0.00;0.00;0.00;212.94;3.042;90.89;0.32;49.09;0.00;0.000;0.00;0.00;0.00;0.00;0.000;0.00;0.00;0.00;0.00;0.000;0.00;0.00;0.00;0.00;0.000;0.00;0.00;0.00;0.00;0.000;0.00;0.00;0.00;0.00;0.000;0.00;0.00;0.00;0.00;0.000;0.00;0.00;0.00;0.00;0.000;0.00;0.00;0.00;0.00;0.000;0.00;0.00;0.00;0.00;0.000;0.00;0.00;0.00;0.00;0.000;0.00;0.00;0.00;0.00;0.000;0.00;0.00;0.00;0.00;0.000;0.00;0.00;0.00;0.00;0.000;0.00;0.00;0.00;0.00;0.000;0.00;0.00;0.00;0.00;0.000;0.00;0.00;0.00;0.00;0.000;0.00;0.00;0.00;0.00;0.000;0.00;0.00;0.00
46446;CRUMBED CHICKEN STRIPS;24;57751.55;843.328;20316.65;1.57;40.46;1092.21;18.239;324.69;2.12;34.19;1438.80;23.981;412.04;2.25;32.93;1951.74;32.532;578.43;2.88;34.08;1503.91;25.056;430.21;2.61;32.90;1136.38;17.481;332.62;1.47;33.66;1545.43;23.808;451.05;2.69;33.56;396.24;6.096;115.96;0.70;33.65;0.00;0.000;0.00;0.00;0.00;0.00;0.000;0.00;0.00;0.00;291.90;4.538;90.55;0.38;35.67;905.74;13.046;306.52;1.56;38.92;1224.86;17.498;417.84;2.24;39.23;850.86;12.181;289.30;1.27;39.10;990.78;14.154;337.99;1.68;39.23;831.88;11.884;283.78;1.52;39.23;1232.14;17.603;420.34;2.21;39.23;1757.28;25.105;599.69;2.48;39.24;1146.57;16.380;389.66;1.90;39.08;726.06;10.412;251.32;0.96;39.81;1306.06;18.658;448.57;1.72;39.50;1666.27;23.804;556.28;2.60;38.39;800.37;11.472;265.77;0.93;38.19;406.40;5.820;135.14;0.61;38.24;0.00;0.000;0.00;0.00;0.00;0.00;0.000;0.00;0.00;0.00;434.13;6.202;185.30;0.86;49.09;727.86;10.398;310.69;1.21;49.09;0.00;0.000;0.00;0.00;0.00;211.82;3.026;90.42;0.39;49.09;1220.52;17.436;406.07;1.37;38.26;1780.52;25.436;556.53;1.94;35.95;1547.98;22.114;483.84;1.61;35.95;2831.08;40.446;1127.50;3.91;45.80;2380.96;34.015;948.25;2.70;45.80;2705.21;38.648;1077.36;3.40;45.80;2625.98;37.515;1045.84;3.56;45.80;3159.92;45.145;1258.42;3.43;45.80;1326.78;18.954;528.43;1.78;45.80;1457.54;20.822;580.51;2.18;45.80;810.88;11.584;322.96;0.99;45.80;1150.10;16.430;400.39;0.90;40.04;2336.60;33.381;813.42;2.40;40.03;553.55;7.908;192.71;0.65;40.03;2009.69;28.711;699.61;2.03;40.03;871.50;12.450;303.40;0.78;40.04;857.22;12.246;298.43;0.69;40.04;1043.70;14.910;363.35;0.98;40.04;1184.82;16.927;412.44;1.16;40.03;1321.31;18.876;473.04;1.24;41.17
46447; CRUMBED CHICKEN BURGER;24;82051.46;1 195.756;28582.57;2.21;40.06;1478.70;24.661;434.50;2.83;33.79;2203.31;36.723;630.98;3.45;32.93;2814.42;46.939;819.79;4.09;33.50;2451.55;40.855;700.17;4.24;32.84;1514.77;23.336;442.09;1.96;33.56;1197.97;18.494;348.19;2.08;33.42;757.38;11.652;215.93;1.31;32.79;0.00;0.000;0.00;0.00;0.00;731.14;8.140;168.86;0.89;26.56;518.48;7.480;141.18;0.59;31.31;1620.70;23.168;552.32;2.80;39.19;1314.66;18.796;447.92;2.40;39.18;2155.20;30.814;734.28;3.22;39.18;1882.90;26.915;641.72;3.18;39.19;1352.06;19.446;456.40;2.45;38.82;1268.96;18.129;432.93;2.27;39.23;2605.37;37.270;887.29;3.67;39.16;1671.76;23.946;572.90;2.79;39.41;894.08;12.789;310.66;1.18;39.96;1869.97;26.794;639.81;2.46;39.35;282.52;4.036;94.32;0.44;38.39;431.81;6.216;142.39;0.50;37.92;1292.00;18.460;431.23;1.96;38.38;0.00;0.000;0.00;0.00;0.00;0.00;0.000;0.00;0.00;0.00;718.47;10.264;306.68;1.43;49.09;0.00;0.000;0.00;0.00;0.00;204.96;2.928;87.49;0.35;49.09;425.74;6.082;181.73;0.79;49.09;1097.74;15.683;343.08;1.16;35.94;2579.32;36.849;806.14;2.80;35.94;3210.52;45.866;1003.44;3.34;35.94;2856.84;40.815;1137.72;3.95;45.80;3445.12;49.221;1371.96;3.91;45.80;3149.44;44.994;1254.29;3.96;45.80;2397.21;34.266;954.10;3.25;45.77;3847.69;54.997;1531.47;4.17;45.77;2534.06;36.218;1008.70;3.41;45.78;2028.04;28.972;807.73;3.03;45.80;2054.48;29.350;818.25;2.50;45.80;1906.24;27.232;669.96;1.50;40.42;2450.28;35.008;852.89;2.52;40.03;1188.32;16.978;413.62;1.40;40.03;3137.93;44.831;1092.30;3.17;40.03;938.40;13.407;326.64;0.84;40.03;1921.22;27.447;668.81;1.54;40.03;1744.39;24.921;607.24;1.64;40.03;2421.86;34.601;843.03;2.38;40.03;3483.48;49.767;1249.45;3.27;41.25
49329;COUNTRY VALUE S/PACK;24;214480.37;2 864.502;39973.22;3.09;21.43;0.00;0.000;0.00;0.00;0.00;0.00;0.000;0.00;0.00;0.00;0.00;0.000;0.00;0.00;0.00;0.00;0.000;0.00;0.00;0.00;0.00;0.000;0.00;0.00;0.00;0.00;0.000;0.00;0.00;0.00;0.00;0.000;0.00;0.00;0.00;0.00;0.000;0.00;0.00;0.00;0.00;0.000;0.00;0.00;0.00;0.00;0.000;0.00;0.00;0.00;0.00;0.000;0.00;0.00;0.00;0.00;0.000;0.00;0.00;0.00;0.00;0.000;0.00;0.00;0.00;2536.59;28.188;662.44;3.28;30.03;0.00;0.000;0.00;0.00;0.00;0.00;0.000;0.00;0.00;0.00;0.00;0.000;0.00;0.00;0.00;0.00;0.000;0.00;0.00;0.00;0.00;0.000;0.00;0.00;0.00;0.00;0.000;0.00;0.00;0.00;0.00;0.000;0.00;0.00;0.00;0.00;0.000;0.00;0.00;0.00;0.00;0.000;0.00;0.00;0.00;3319.85;41.504;614.48;2.32;21.29;3931.54;53.485;490.43;2.03;14.35;17739.68;289.485;122.99;0.57;0.80;13518.51;193.594;3026.07;11.79;25.74;5794.82;82.857;1302.95;5.26;25.86;0.00;0.000;0.00;0.00;0.00;0.00;0.000;0.00;0.00;0.00;0.00;0.000;0.00;0.00;0.00;0.00;0.000;0.00;0.00;0.00;0.00;0.000;0.00;0.00;0.00;0.00;0.000;0.00;0.00;0.00;0.00;0.000;0.00;0.00;0.00;0.00;0.000;0.00;0.00;0.00;17058.03;243.717;3843.87;10.48;25.91;19028.17;271.283;4284.69;14.47;25.90;25014.59;349.213;1072.47;4.02;4.93;28535.31;354.246;7414.19;22.69;29.88;35816.43;445.716;9306.18;20.84;29.88;17289.86;214.171;4492.40;13.26;29.88;24131.23;293.043;3177.68;10.74;15.14;0.00;0.000;0.00;0.00;0.00;179.91;1.000;38.15;0.10;24.39;176.64;1.000;37.46;0.09;24.39;409.21;2.000;86.77;0.23;24.39;0.00;0.000;0.00;0.00;0.00;0.00;0.000;0.00;0.00;0.00
50785;COUNTY FAIR BREAST FILLETS 12P;24;39309.32;497.488;3701.79;0.29;10.83;0.00;0.000;0.00;0.00;0.00;0.00;0.000;0.00;0.00;0.00;0.00;0.000;0.00;0.00;0.00;0.00;0.000;0.00;0.00;0.00;0.00;0.000;0.00;0.00;0.00;0.00;0.000;0.00;0.00;0.00;0.00;0.000;0.00;0.00;0.00;0.00;0.000;0.00;0.00;0.00;6672.35;95.333;321.54;1.70;5.54;0.00;0.000;0.00;0.00;0.00;0.00;0.000;0.00;0.00;0.00;5650.73;70.942;477.53;2.56;9.72;0.00;0.000;0.00;0.00;0.00;0.00;0.000;0.00;0.00;0.00;4900.83;70.108;211.85;1.14;4.97;0.00;0.000;0.00;0.00;0.00;0.00;0.000;0.00;0.00;0.00;0.00;0.000;0.00;0.00;0.00;1154.20;12.826;196.07;0.75;19.54;0.00;0.000;0.00;0.00;0.00;3472.36;34.727;658.49;3.08;21.81;2000.40;20.005;379.42;1.32;21.81;0.00;0.000;0.00;0.00;0.00;6069.15;76.167;565.79;2.14;10.72;692.24;8.654;66.61;0.28;11.07;0.00;0.000;0.00;0.00;0.00;0.00;0.000;0.00;0.00;0.00;0.00;0.000;0.00;0.00;0.00;0.00;0.000;0.00;0.00;0.00;0.00;0.000;0.00;0.00;0.00;0.00;0.000;0.00;0.00;0.00;0.00;0.000;0.00;0.00;0.00;0.00;0.000;0.00;0.00;0.00;0.00;0.000;0.00;0.00;0.00;0.00;0.000;0.00;0.00;0.00;0.00;0.000;0.00;0.00;0.00;0.00;0.000;0.00;0.00;0.00;0.00;0.000;0.00;0.00;0.00;0.00;0.000;0.00;0.00;0.00;0.00;0.000;0.00;0.00;0.00;0.00;0.000;0.00;0.00;0.00;0.00;0.000;0.00;0.00;0.00;0.00;0.000;0.00;0.00;0.00;0.00;0.000;0.00;0.00;0.00;0.00;0.000;0.00;0.00;0.00;0.00;0.000;0.00;0.00;0.00;0.00;0.000;0.00;0.00;0.00;8697.06;108.726;824.49;2.33;10.90;0.00;0.000;0.00;0.00;0.00
52096;RAINBOW BRAAI PK FRSH 12PCE P/;24;18637.92;287.002;3601.90;0.28;22.22;0.00;0.000;0.00;0.00;0.00;0.00;0.000;0.00;0.00;0.00;0.00;0.000;0.00;0.00;0.00;0.00;0.000;0.00;0.00;0.00;0.00;0.000;0.00;0.00;0.00;0.00;0.000;0.00;0.00;0.00;0.00;0.000;0.00;0.00;0.00;0.00;0.000;0.00;0.00;0.00;0.00;0.000;0.00;0.00;0.00;0.00;0.000;0.00;0.00;0.00;0.00;0.000;0.00;0.00;0.00;0.00;0.000;0.00;0.00;0.00;0.00;0.000;0.00;0.00;0.00;0.00;0.000;0.00;0.00;0.00;0.00;0.000;0.00;0.00;0.00;0.00;0.000;0.00;0.00;0.00;0.00;0.000;0.00;0.00;0.00;0.00;0.000;0.00;0.00;0.00;0.00;0.000;0.00;0.00;0.00;0.00;0.000;0.00;0.00;0.00;0.00;0.000;0.00;0.00;0.00;0.00;0.000;0.00;0.00;0.00;0.00;0.000;0.00;0.00;0.00;0.00;0.000;0.00;0.00;0.00;0.00;0.000;0.00;0.00;0.00;0.00;0.000;0.00;0.00;0.00;0.00;0.000;0.00;0.00;0.00;0.00;0.000;0.00;0.00;0.00;0.00;0.000;0.00;0.00;0.00;0.00;0.000;0.00;0.00;0.00;0.00;0.000;0.00;0.00;0.00;0.00;0.000;0.00;0.00;0.00;0.00;0.000;0.00;0.00;0.00;0.00;0.000;0.00;0.00;0.00;0.00;0.000;0.00;0.00;0.00;0.00;0.000;0.00;0.00;0.00;0.00;0.000;0.00;0.00;0.00;0.00;0.000;0.00;0.00;0.00;0.00;0.000;0.00;0.00;0.00;0.00;0.000;0.00;0.00;0.00;0.00;0.000;0.00;0.00;0.00;0.00;0.000;0.00;0.00;0.00;0.00;0.000;0.00;0.00;0.00;0.00;0.000;0.00;0.00;0.00;0.00;0.000;0.00;0.00;0.00;0.00;0.000;0.00;0.00;0.00;0.00;0.000;0.00;0.00;0.00;0.00;0.000;0.00;0.00;0.00;18637.92;287.002;3601.90;9.43;22.22
52099;RAINBOW WING FRSH 8PC P/KG;24;24932.53;332.036;4872.09;0.38;22.47;0.00;0.000;0.00;0.00;0.00;0.00;0.000;0.00;0.00;0.00;0.00;0.000;0.00;0.00;0.00;0.00;0.000;0.00;0.00;0.00;0.00;0.000;0.00;0.00;0.00;0.00;0.000;0.00;0.00;0.00;0.00;0.000;0.00;0.00;0.00;0.00;0.000;0.00;0.00;0.00;0.00;0.000;0.00;0.00;0.00;0.00;0.000;0.00;0.00;0.00;0.00;0.000;0.00;0.00;0.00;0.00;0.000;0.00;0.00;0.00;0.00;0.000;0.00;0.00;0.00;0.00;0.000;0.00;0.00;0.00;0.00;0.000;0.00;0.00;0.00;0.00;0.000;0.00;0.00;0.00;0.00;0.000;0.00;0.00;0.00;0.00;0.000;0.00;0.00;0.00;0.00;0.000;0.00;0.00;0.00;0.00;0.000;0.00;0.00;0.00;0.00;0.000;0.00;0.00;0.00;0.00;0.000;0.00;0.00;0.00;0.00;0.000;0.00;0.00;0.00;0.00;0.000;0.00;0.00;0.00;0.00;0.000;0.00;0.00;0.00;0.00;0.000;0.00;0.00;0.00;0.00;0.000;0.00;0.00;0.00;0.00;0.000;0.00;0.00;0.00;0.00;0.000;0.00;0.00;0.00;0.00;0.000;0.00;0.00;0.00;0.00;0.000;0.00;0.00;0.00;0.00;0.000;0.00;0.00;0.00;4489.92;59.876;875.24;3.04;22.42;6801.28;90.698;1325.87;3.78;22.42;7144.74;95.279;1392.79;4.39;22.42;5190.11;69.214;1011.70;3.44;22.42;0.00;0.000;0.00;0.00;0.00;0.00;0.000;0.00;0.00;0.00;0.00;0.000;0.00;0.00;0.00;0.00;0.000;0.00;0.00;0.00;0.00;0.000;0.00;0.00;0.00;0.00;0.000;0.00;0.00;0.00;0.00;0.000;0.00;0.00;0.00;0.00;0.000;0.00;0.00;0.00;0.00;0.000;0.00;0.00;0.00;1306.48;16.969;266.49;0.61;23.46;0.00;0.000;0.00;0.00;0.00;0.00;0.000;0.00;0.00;0.00;0.00;0.000;0.00;0.00;0.00
52205;RAINBOW DRUMS&THIGH FRSH;24;345048.78;5 482.266;54613.61;4.22;18.20;0.00;0.000;0.00;0.00;0.00;0.00;0.000;0.00;0.00;0.00;0.00;0.000;0.00;0.00;0.00;0.00;0.000;0.00;0.00;0.00;0.00;0.000;0.00;0.00;0.00;0.00;0.000;0.00;0.00;0.00;0.00;0.000;0.00;0.00;0.00;0.00;0.000;0.00;0.00;0.00;0.00;0.000;0.00;0.00;0.00;0.00;0.000;0.00;0.00;0.00;0.00;0.000;0.00;0.00;0.00;0.00;0.000;0.00;0.00;0.00;0.00;0.000;0.00;0.00;0.00;0.00;0.000;0.00;0.00;0.00;0.00;0.000;0.00;0.00;0.00;0.00;0.000;0.00;0.00;0.00;0.00;0.000;0.00;0.00;0.00;0.00;0.000;0.00;0.00;0.00;0.00;0.000;0.00;0.00;0.00;3014.06;46.377;349.85;1.34;13.35;0.00;0.000;0.00;0.00;0.00;0.00;0.000;0.00;0.00;0.00;8835.36;131.348;1071.53;4.86;13.95;0.00;0.000;0.00;0.00;0.00;0.00;0.000;0.00;0.00;0.00;0.00;0.000;0.00;0.00;0.00;3244.17;64.953;295.14;1.15;10.46;3676.24;61.281;511.16;2.06;15.99;0.00;0.000;0.00;0.00;0.00;13535.09;271.000;1219.41;4.13;10.36;23907.31;435.591;2259.19;7.86;10.87;26286.87;452.189;3407.50;11.35;14.91;15378.83;219.726;2944.32;10.21;22.02;0.00;0.000;0.00;0.00;0.00;8555.80;122.243;1569.79;4.95;21.10;0.00;0.000;0.00;0.00;0.00;0.00;0.000;0.00;0.00;0.00;9175.90;183.554;840.72;2.84;10.54;7616.51;152.361;697.81;2.62;10.54;0.00;0.000;0.00;0.00;0.00;0.00;0.000;0.00;0.00;0.00;0.00;0.000;0.00;0.00;0.00;0.00;0.000;0.00;0.00;0.00;36636.25;585.608;6395.02;18.55;20.07;31988.36;474.003;6615.19;16.91;23.78;38929.80;554.364;7937.35;18.22;23.45;62580.03;959.982;9569.70;25.77;17.59;35146.44;545.533;5162.20;14.58;16.89;16541.76;222.153;3767.73;9.86;26.19
52206;RAINBOW BRAAI PK FRSH  P/K;24;26723.70;455.818;2864.75;0.22;12.33;0.00;0.000;0.00;0.00;0.00;0.00;0.000;0.00;0.00;0.00;0.00;0.000;0.00;0.00;0.00;0.00;0.000;0.00;0.00;0.00;0.00;0.000;0.00;0.00;0.00;0.00;0.000;0.00;0.00;0.00;0.00;0.000;0.00;0.00;0.00;0.00;0.000;0.00;0.00;0.00;0.00;0.000;0.00;0.00;0.00;0.00;0.000;0.00;0.00;0.00;0.00;0.000;0.00;0.00;0.00;0.00;0.000;0.00;0.00;0.00;0.00;0.000;0.00;0.00;0.00;0.00;0.000;0.00;0.00;0.00;0.00;0.000;0.00;0.00;0.00;0.00;0.000;0.00;0.00;0.00;0.00;0.000;0.00;0.00;0.00;0.00;0.000;0.00;0.00;0.00;0.00;0.000;0.00;0.00;0.00;0.00;0.000;0.00;0.00;0.00;0.00;0.000;0.00;0.00;0.00;0.00;0.000;0.00;0.00;0.00;0.00;0.000;0.00;0.00;0.00;0.00;0.000;0.00;0.00;0.00;0.00;0.000;0.00;0.00;0.00;0.00;0.000;0.00;0.00;0.00;0.00;0.000;0.00;0.00;0.00;0.00;0.000;0.00;0.00;0.00;0.00;0.000;0.00;0.00;0.00;0.00;0.000;0.00;0.00;0.00;0.00;0.000;0.00;0.00;0.00;0.00;0.000;0.00;0.00;0.00;0.00;0.000;0.00;0.00;0.00;0.00;0.000;0.00;0.00;0.00;0.00;0.000;0.00;0.00;0.00;0.00;0.000;0.00;0.00;0.00;0.00;0.000;0.00;0.00;0.00;0.00;0.000;0.00;0.00;0.00;0.00;0.000;0.00;0.00;0.00;0.00;0.000;0.00;0.00;0.00;0.00;0.000;0.00;0.00;0.00;0.00;0.000;0.00;0.00;0.00;0.00;0.000;0.00;0.00;0.00;0.00;0.000;0.00;0.00;0.00;16182.57;299.733;826.24;2.11;5.87;7562.61;106.434;1759.28;4.04;26.75;0.00;0.000;0.00;0.00;0.00;0.00;0.000;0.00;0.00;0.00;2978.52;49.651;279.23;0.73;10.78
52207;RAINBOW BRAAI PACK FRSH  1';24;24903.47;437.995;3455.90;0.27;15.96;0.00;0.000;0.00;0.00;0.00;0.00;0.000;0.00;0.00;0.00;0.00;0.000;0.00;0.00;0.00;0.00;0.000;0.00;0.00;0.00;0.00;0.000;0.00;0.00;0.00;0.00;0.000;0.00;0.00;0.00;0.00;0.000;0.00;0.00;0.00;0.00;0.000;0.00;0.00;0.00;0.00;0.000;0.00;0.00;0.00;0.00;0.000;0.00;0.00;0.00;0.00;0.000;0.00;0.00;0.00;0.00;0.000;0.00;0.00;0.00;0.00;0.000;0.00;0.00;0.00;0.00;0.000;0.00;0.00;0.00;0.00;0.000;0.00;0.00;0.00;0.00;0.000;0.00;0.00;0.00;0.00;0.000;0.00;0.00;0.00;0.00;0.000;0.00;0.00;0.00;1673.38;27.894;214.70;0.82;14.75;3248.23;50.647;432.60;1.66;15.32;0.00;0.000;0.00;0.00;0.00;0.00;0.000;0.00;0.00;0.00;0.00;0.000;0.00;0.00;0.00;0.00;0.000;0.00;0.00;0.00;0.00;0.000;0.00;0.00;0.00;0.00;0.000;0.00;0.00;0.00;1053.85;18.652;115.25;0.45;12.58;0.00;0.000;0.00;0.00;0.00;4105.76;82.204;388.00;1.69;10.87;4930.98;98.639;451.28;1.53;10.52;0.00;0.000;0.00;0.00;0.00;0.00;0.000;0.00;0.00;0.00;0.00;0.000;0.00;0.00;0.00;0.00;0.000;0.00;0.00;0.00;3154.75;52.586;582.32;1.84;21.23;2752.92;45.888;508.14;1.73;21.23;0.00;0.000;0.00;0.00;0.00;0.00;0.000;0.00;0.00;0.00;0.00;0.000;0.00;0.00;0.00;0.00;0.000;0.00;0.00;0.00;0.00;0.000;0.00;0.00;0.00;0.00;0.000;0.00;0.00;0.00;0.00;0.000;0.00;0.00;0.00;0.00;0.000;0.00;0.00;0.00;0.00;0.000;0.00;0.00;0.00;3983.60;61.485;763.61;1.75;22.04;0.00;0.000;0.00;0.00;0.00;0.00;0.000;0.00;0.00;0.00;0.00;0.000;0.00;0.00;0.00
52210;F/BROWN DRUMS&THIGHS FRSH;24;72559.34;1 081.344;10132.97;0.78;16.06;0.00;0.000;0.00;0.00;0.00;0.00;0.000;0.00;0.00;0.00;0.00;0.000;0.00;0.00;0.00;0.00;0.000;0.00;0.00;0.00;0.00;0.000;0.00;0.00;0.00;0.00;0.000;0.00;0.00;0.00;0.00;0.000;0.00;0.00;0.00;0.00;0.000;0.00;0.00;0.00;0.00;0.000;0.00;0.00;0.00;0.00;0.000;0.00;0.00;0.00;0.00;0.000;0.00;0.00;0.00;0.00;0.000;0.00;0.00;0.00;0.00;0.000;0.00;0.00;0.00;0.00;0.000;0.00;0.00;0.00;0.00;0.000;0.00;0.00;0.00;0.00;0.000;0.00;0.00;0.00;0.00;0.000;0.00;0.00;0.00;0.00;0.000;0.00;0.00;0.00;0.00;0.000;0.00;0.00;0.00;0.00;0.000;0.00;0.00;0.00;0.00;0.000;0.00;0.00;0.00;0.00;0.000;0.00;0.00;0.00;0.00;0.000;0.00;0.00;0.00;6659.35;111.008;692.83;2.62;11.96;563.78;9.398;54.06;0.22;11.03;0.00;0.000;0.00;0.00;0.00;0.00;0.000;0.00;0.00;0.00;0.00;0.000;0.00;0.00;0.00;0.00;0.000;0.00;0.00;0.00;0.00;0.000;0.00;0.00;0.00;0.00;0.000;0.00;0.00;0.00;0.00;0.000;0.00;0.00;0.00;0.00;0.000;0.00;0.00;0.00;21046.48;318.068;3425.56;9.76;18.72;4444.89;69.046;611.93;1.93;15.83;9405.07;138.049;1635.36;5.57;20.00;0.00;0.000;0.00;0.00;0.00;0.00;0.000;0.00;0.00;0.00;2714.53;33.936;565.46;2.12;23.96;0.00;0.000;0.00;0.00;0.00;0.00;0.000;0.00;0.00;0.00;23262.91;349.335;2290.85;6.76;11.32;0.00;0.000;0.00;0.00;0.00;4462.33;52.504;856.93;2.49;22.08;0.00;0.000;0.00;0.00;0.00;0.00;0.000;0.00;0.00;0.00;0.00;0.000;0.00;0.00;0.00;0.00;0.000;0.00;0.00;0.00;0.00;0.000;0.00;0.00;0.00
52258;F/BROWN BRAAI PK FRSH 16PC P/K;24;111653.84;1 826.666;12274.09;0.95;12.64;0.00;0.000;0.00;0.00;0.00;0.00;0.000;0.00;0.00;0.00;0.00;0.000;0.00;0.00;0.00;0.00;0.000;0.00;0.00;0.00;0.00;0.000;0.00;0.00;0.00;0.00;0.000;0.00;0.00;0.00;0.00;0.000;0.00;0.00;0.00;0.00;0.000;0.00;0.00;0.00;0.00;0.000;0.00;0.00;0.00;0.00;0.000;0.00;0.00;0.00;0.00;0.000;0.00;0.00;0.00;0.00;0.000;0.00;0.00;0.00;0.00;0.000;0.00;0.00;0.00;0.00;0.000;0.00;0.00;0.00;0.00;0.000;0.00;0.00;0.00;0.00;0.000;0.00;0.00;0.00;0.00;0.000;0.00;0.00;0.00;0.00;0.000;0.00;0.00;0.00;0.00;0.000;0.00;0.00;0.00;0.00;0.000;0.00;0.00;0.00;0.00;0.000;0.00;0.00;0.00;0.00;0.000;0.00;0.00;0.00;0.00;0.000;0.00;0.00;0.00;0.00;0.000;0.00;0.00;0.00;0.00;0.000;0.00;0.00;0.00;0.00;0.000;0.00;0.00;0.00;0.00;0.000;0.00;0.00;0.00;0.00;0.000;0.00;0.00;0.00;0.00;0.000;0.00;0.00;0.00;0.00;0.000;0.00;0.00;0.00;0.00;0.000;0.00;0.00;0.00;0.00;0.000;0.00;0.00;0.00;0.00;0.000;0.00;0.00;0.00;0.00;0.000;0.00;0.00;0.00;0.00;0.000;0.00;0.00;0.00;5987.73;108.887;544.31;1.85;10.45;18932.37;344.287;1720.97;4.69;10.45;10605.32;176.784;981.99;3.32;10.65;14544.29;242.444;1362.29;5.11;10.77;11052.20;184.232;1035.25;3.17;10.77;0.00;0.000;0.00;0.00;0.00;14871.21;247.895;1396.56;4.12;10.80;30540.02;461.887;4249.33;14.37;16.00;5120.70;60.250;983.38;2.85;22.08;0.00;0.000;0.00;0.00;0.00;0.00;0.000;0.00;0.00;0.00;0.00;0.000;0.00;0.00;0.00;0.00;0.000;0.00;0.00;0.00;0.00;0.000;0.00;0.00;0.00
52661;R/BOW BREAST FILLET S/L 12PCE;24;7380.83;92.857;1134.64;0.09;17.68;0.00;0.000;0.00;0.00;0.00;0.00;0.000;0.00;0.00;0.00;0.00;0.000;0.00;0.00;0.00;0.00;0.000;0.00;0.00;0.00;0.00;0.000;0.00;0.00;0.00;0.00;0.000;0.00;0.00;0.00;0.00;0.000;0.00;0.00;0.00;0.00;0.000;0.00;0.00;0.00;0.00;0.000;0.00;0.00;0.00;0.00;0.000;0.00;0.00;0.00;0.00;0.000;0.00;0.00;0.00;0.00;0.000;0.00;0.00;0.00;0.00;0.000;0.00;0.00;0.00;0.00;0.000;0.00;0.00;0.00;0.00;0.000;0.00;0.00;0.00;0.00;0.000;0.00;0.00;0.00;0.00;0.000;0.00;0.00;0.00;0.00;0.000;0.00;0.00;0.00;0.00;0.000;0.00;0.00;0.00;0.00;0.000;0.00;0.00;0.00;0.00;0.000;0.00;0.00;0.00;0.00;0.000;0.00;0.00;0.00;0.00;0.000;0.00;0.00;0.00;0.00;0.000;0.00;0.00;0.00;0.00;0.000;0.00;0.00;0.00;0.00;0.000;0.00;0.00;0.00;0.00;0.000;0.00;0.00;0.00;0.00;0.000;0.00;0.00;0.00;1398.05;20.060;125.26;0.55;10.30;1457.58;20.826;135.38;0.46;10.68;0.00;0.000;0.00;0.00;0.00;0.00;0.000;0.00;0.00;0.00;0.00;0.000;0.00;0.00;0.00;0.00;0.000;0.00;0.00;0.00;0.00;0.000;0.00;0.00;0.00;2357.02;28.401;437.88;1.49;21.36;0.00;0.000;0.00;0.00;0.00;0.00;0.000;0.00;0.00;0.00;0.00;0.000;0.00;0.00;0.00;0.00;0.000;0.00;0.00;0.00;0.00;0.000;0.00;0.00;0.00;0.00;0.000;0.00;0.00;0.00;0.00;0.000;0.00;0.00;0.00;0.00;0.000;0.00;0.00;0.00;0.00;0.000;0.00;0.00;0.00;2168.18;23.570;436.12;1.00;23.13;0.00;0.000;0.00;0.00;0.00;0.00;0.000;0.00;0.00;0.00;0.00;0.000;0.00;0.00;0.00
52662;R/BOW BREASTE FILLET 4PCE;24;5503.57;72.326;783.81;0.06;16.38;0.00;0.000;0.00;0.00;0.00;0.00;0.000;0.00;0.00;0.00;0.00;0.000;0.00;0.00;0.00;0.00;0.000;0.00;0.00;0.00;0.00;0.000;0.00;0.00;0.00;0.00;0.000;0.00;0.00;0.00;0.00;0.000;0.00;0.00;0.00;0.00;0.000;0.00;0.00;0.00;0.00;0.000;0.00;0.00;0.00;0.00;0.000;0.00;0.00;0.00;0.00;0.000;0.00;0.00;0.00;0.00;0.000;0.00;0.00;0.00;0.00;0.000;0.00;0.00;0.00;0.00;0.000;0.00;0.00;0.00;0.00;0.000;0.00;0.00;0.00;0.00;0.000;0.00;0.00;0.00;0.00;0.000;0.00;0.00;0.00;0.00;0.000;0.00;0.00;0.00;0.00;0.000;0.00;0.00;0.00;0.00;0.000;0.00;0.00;0.00;0.00;0.000;0.00;0.00;0.00;0.00;0.000;0.00;0.00;0.00;0.00;0.000;0.00;0.00;0.00;0.00;0.000;0.00;0.00;0.00;0.00;0.000;0.00;0.00;0.00;0.00;0.000;0.00;0.00;0.00;0.00;0.000;0.00;0.00;0.00;0.00;0.000;0.00;0.00;0.00;871.90;12.458;80.97;0.35;10.68;2129.48;30.426;197.80;0.67;10.68;0.00;0.000;0.00;0.00;0.00;0.00;0.000;0.00;0.00;0.00;0.00;0.000;0.00;0.00;0.00;0.00;0.000;0.00;0.00;0.00;1364.24;16.052;275.37;0.87;23.21;1137.95;13.390;229.66;0.78;23.21;0.00;0.000;0.00;0.00;0.00;0.00;0.000;0.00;0.00;0.00;0.00;0.000;0.00;0.00;0.00;0.00;0.000;0.00;0.00;0.00;0.00;0.000;0.00;0.00;0.00;0.00;0.000;0.00;0.00;0.00;0.00;0.000;0.00;0.00;0.00;0.00;0.000;0.00;0.00;0.00;0.00;0.000;0.00;0.00;0.00;0.00;0.000;0.00;0.00;0.00;0.00;0.000;0.00;0.00;0.00;0.00;0.000;0.00;0.00;0.00;0.00;0.000;0.00;0.00;0.00
52663;R/BOW DRUM 8 & THIGH 8 FRSH P/;24;160965.27;2 951.243;16579.08;1.28;11.84;0.00;0.000;0.00;0.00;0.00;0.00;0.000;0.00;0.00;0.00;0.00;0.000;0.00;0.00;0.00;0.00;0.000;0.00;0.00;0.00;0.00;0.000;0.00;0.00;0.00;0.00;0.000;0.00;0.00;0.00;0.00;0.000;0.00;0.00;0.00;0.00;0.000;0.00;0.00;0.00;0.00;0.000;0.00;0.00;0.00;0.00;0.000;0.00;0.00;0.00;0.00;0.000;0.00;0.00;0.00;0.00;0.000;0.00;0.00;0.00;0.00;0.000;0.00;0.00;0.00;0.00;0.000;0.00;0.00;0.00;2563.06;42.724;223.74;1.20;10.04;0.00;0.000;0.00;0.00;0.00;0.00;0.000;0.00;0.00;0.00;4500.22;82.103;401.76;1.96;10.27;5154.99;85.931;698.71;2.66;15.59;3796.28;58.484;506.78;1.95;15.35;0.00;0.000;0.00;0.00;0.00;11735.53;180.673;1512.97;5.28;14.83;7233.93;111.416;930.36;4.22;14.79;2039.91;36.269;176.95;0.67;9.98;8595.48;151.327;811.58;3.37;10.86;0.00;0.000;0.00;0.00;0.00;16644.89;332.965;1528.34;5.96;10.56;6291.17;125.849;577.65;2.33;10.56;5345.10;88.454;721.52;3.15;15.52;0.00;0.000;0.00;0.00;0.00;0.00;0.000;0.00;0.00;0.00;0.00;0.000;0.00;0.00;0.00;0.00;0.000;0.00;0.00;0.00;19256.18;363.392;1752.00;4.99;10.46;21230.92;400.659;1931.64;6.09;10.46;9780.84;184.580;889.84;3.03;10.46;0.00;0.000;0.00;0.00;0.00;15502.24;310.107;1420.30;4.80;10.54;16104.82;322.160;1455.88;5.46;10.40;0.00;0.000;0.00;0.00;0.00;0.00;0.000;0.00;0.00;0.00;0.00;0.000;0.00;0.00;0.00;0.00;0.000;0.00;0.00;0.00;0.00;0.000;0.00;0.00;0.00;0.00;0.000;0.00;0.00;0.00;5189.71;74.150;1039.05;2.39;23.02;0.00;0.000;0.00;0.00;0.00;0.00;0.000;0.00;0.00;0.00;0.00;0.000;0.00;0.00;0.00
52684;SPAR T&T CHIC SKPDJIES FR P/KG;24;990.30;7.442;134.84;0.01;15.66;0.00;0.000;0.00;0.00;0.00;0.00;0.000;0.00;0.00;0.00;0.00;0.000;0.00;0.00;0.00;0.00;0.000;0.00;0.00;0.00;0.00;0.000;0.00;0.00;0.00;0.00;0.000;0.00;0.00;0.00;0.00;0.000;0.00;0.00;0.00;0.00;0.000;0.00;0.00;0.00;0.00;0.000;0.00;0.00;0.00;0.00;0.000;0.00;0.00;0.00;0.00;0.000;0.00;0.00;0.00;0.00;0.000;0.00;0.00;0.00;0.00;0.000;0.00;0.00;0.00;0.00;0.000;0.00;0.00;0.00;0.00;0.000;0.00;0.00;0.00;0.00;0.000;0.00;0.00;0.00;0.00;0.000;0.00;0.00;0.00;0.00;0.000;0.00;0.00;0.00;0.00;0.000;0.00;0.00;0.00;0.00;0.000;0.00;0.00;0.00;0.00;0.000;0.00;0.00;0.00;0.00;0.000;0.00;0.00;0.00;0.00;0.000;0.00;0.00;0.00;0.00;0.000;0.00;0.00;0.00;0.00;0.000;0.00;0.00;0.00;0.00;0.000;0.00;0.00;0.00;439.38;3.662;41.04;0.16;10.74;220.53;1.838;20.60;0.08;10.74;0.00;0.000;0.00;0.00;0.00;0.00;0.000;0.00;0.00;0.00;0.00;0.000;0.00;0.00;0.00;0.00;0.000;0.00;0.00;0.00;0.00;0.000;0.00;0.00;0.00;0.00;0.000;0.00;0.00;0.00;0.00;0.000;0.00;0.00;0.00;0.00;0.000;0.00;0.00;0.00;0.00;0.000;0.00;0.00;0.00;0.00;0.000;0.00;0.00;0.00;104.31;0.596;23.20;0.09;25.58;0.00;0.000;0.00;0.00;0.00;0.00;0.000;0.00;0.00;0.00;0.00;0.000;0.00;0.00;0.00;0.00;0.000;0.00;0.00;0.00;0.00;0.000;0.00;0.00;0.00;0.00;0.000;0.00;0.00;0.00;0.00;0.000;0.00;0.00;0.00;0.00;0.000;0.00;0.00;0.00;226.08;1.346;50.00;0.14;25.43;0.00;0.000;0.00;0.00;0.00
53544;SPAR SLT CHKN BRAAIPK 12;24;78013.83;1 161.786;8940.03;0.69;13.18;0.00;0.000;0.00;0.00;0.00;0.00;0.000;0.00;0.00;0.00;0.00;0.000;0.00;0.00;0.00;0.00;0.000;0.00;0.00;0.00;0.00;0.000;0.00;0.00;0.00;0.00;0.000;0.00;0.00;0.00;0.00;0.000;0.00;0.00;0.00;0.00;0.000;0.00;0.00;0.00;0.00;0.000;0.00;0.00;0.00;0.00;0.000;0.00;0.00;0.00;0.00;0.000;0.00;0.00;0.00;0.00;0.000;0.00;0.00;0.00;0.00;0.000;0.00;0.00;0.00;0.00;0.000;0.00;0.00;0.00;0.00;0.000;0.00;0.00;0.00;0.00;0.000;0.00;0.00;0.00;0.00;0.000;0.00;0.00;0.00;0.00;0.000;0.00;0.00;0.00;0.00;0.000;0.00;0.00;0.00;0.00;0.000;0.00;0.00;0.00;0.00;0.000;0.00;0.00;0.00;0.00;0.000;0.00;0.00;0.00;0.00;0.000;0.00;0.00;0.00;0.00;0.000;0.00;0.00;0.00;0.00;0.000;0.00;0.00;0.00;0.00;0.000;0.00;0.00;0.00;0.00;0.000;0.00;0.00;0.00;0.00;0.000;0.00;0.00;0.00;0.00;0.000;0.00;0.00;0.00;0.00;0.000;0.00;0.00;0.00;0.00;0.000;0.00;0.00;0.00;0.00;0.000;0.00;0.00;0.00;0.00;0.000;0.00;0.00;0.00;0.00;0.000;0.00;0.00;0.00;0.00;0.000;0.00;0.00;0.00;0.00;0.000;0.00;0.00;0.00;15148.38;252.516;1377.31;3.75;10.46;17153.61;263.941;1591.07;5.37;10.67;0.00;0.000;0.00;0.00;0.00;8018.80;123.384;730.32;2.23;10.47;10073.11;154.994;917.38;2.05;10.47;0.00;0.000;0.00;0.00;0.00;0.00;0.000;0.00;0.00;0.00;0.00;0.000;0.00;0.00;0.00;12581.39;146.312;2648.55;6.77;24.21;0.00;0.000;0.00;0.00;0.00;6663.17;100.973;625.79;1.69;10.80;0.00;0.000;0.00;0.00;0.00;8375.37;119.666;1049.62;2.75;14.41
54102;CHIC VALLEI KREEF;24;934.28;5.674;216.67;0.02;26.67;0.00;0.000;0.00;0.00;0.00;0.00;0.000;0.00;0.00;0.00;0.00;0.000;0.00;0.00;0.00;0.00;0.000;0.00;0.00;0.00;0.00;0.000;0.00;0.00;0.00;0.00;0.000;0.00;0.00;0.00;0.00;0.000;0.00;0.00;0.00;0.00;0.000;0.00;0.00;0.00;0.00;0.000;0.00;0.00;0.00;0.00;0.000;0.00;0.00;0.00;0.00;0.000;0.00;0.00;0.00;0.00;0.000;0.00;0.00;0.00;0.00;0.000;0.00;0.00;0.00;0.00;0.000;0.00;0.00;0.00;0.00;0.000;0.00;0.00;0.00;0.00;0.000;0.00;0.00;0.00;0.00;0.000;0.00;0.00;0.00;0.00;0.000;0.00;0.00;0.00;55.65;0.506;21.07;0.08;43.54;0.00;0.000;0.00;0.00;0.00;0.00;0.000;0.00;0.00;0.00;0.00;0.000;0.00;0.00;0.00;0.00;0.000;0.00;0.00;0.00;0.00;0.000;0.00;0.00;0.00;0.00;0.000;0.00;0.00;0.00;0.00;0.000;0.00;0.00;0.00;0.00;0.000;0.00;0.00;0.00;0.00;0.000;0.00;0.00;0.00;661.39;3.890;147.26;0.64;25.61;0.00;0.000;0.00;0.00;0.00;0.00;0.000;0.00;0.00;0.00;0.00;0.000;0.00;0.00;0.00;103.69;0.610;23.07;0.08;25.59;113.55;0.668;25.27;0.07;25.59;0.00;0.000;0.00;0.00;0.00;0.00;0.000;0.00;0.00;0.00;0.00;0.000;0.00;0.00;0.00;0.00;0.000;0.00;0.00;0.00;0.00;0.000;0.00;0.00;0.00;0.00;0.000;0.00;0.00;0.00;0.00;0.000;0.00;0.00;0.00;0.00;0.000;0.00;0.00;0.00;0.00;0.000;0.00;0.00;0.00;0.00;0.000;0.00;0.00;0.00;0.00;0.000;0.00;0.00;0.00;0.00;0.000;0.00;0.00;0.00;0.00;0.000;0.00;0.00;0.00;0.00;0.000;0.00;0.00;0.00;0.00;0.000;0.00;0.00;0.00
56238;COUNTRY VALUE THIGHS;24;170516.28;2 412.043;43502.68;3.36;29.34;0.00;0.000;0.00;0.00;0.00;0.00;0.000;0.00;0.00;0.00;0.00;0.000;0.00;0.00;0.00;0.00;0.000;0.00;0.00;0.00;0.00;0.000;0.00;0.00;0.00;0.00;0.000;0.00;0.00;0.00;0.00;0.000;0.00;0.00;0.00;0.00;0.000;0.00;0.00;0.00;0.00;0.000;0.00;0.00;0.00;0.00;0.000;0.00;0.00;0.00;0.00;0.000;0.00;0.00;0.00;0.00;0.000;0.00;0.00;0.00;0.00;0.000;0.00;0.00;0.00;0.00;0.000;0.00;0.00;0.00;0.00;0.000;0.00;0.00;0.00;0.00;0.000;0.00;0.00;0.00;0.00;0.000;0.00;0.00;0.00;0.00;0.000;0.00;0.00;0.00;0.00;0.000;0.00;0.00;0.00;0.00;0.000;0.00;0.00;0.00;0.00;0.000;0.00;0.00;0.00;0.00;0.000;0.00;0.00;0.00;0.00;0.000;0.00;0.00;0.00;0.00;0.000;0.00;0.00;0.00;0.00;0.000;0.00;0.00;0.00;125.42;1.960;31.06;0.14;28.48;4151.43;65.230;1014.03;3.95;28.09;2670.58;41.896;654.94;2.64;28.20;3938.10;61.638;971.47;4.24;28.37;5899.22;92.398;1452.66;4.91;28.32;6882.01;107.638;1700.76;5.91;28.42;6989.12;109.222;1730.86;5.76;28.48;9035.33;141.198;2237.65;7.76;28.48;9271.13;144.884;2296.01;6.54;28.48;6769.98;105.798;1676.57;5.29;28.48;9284.32;145.090;2299.28;7.83;28.48;10499.23;164.076;2600.15;7.09;28.48;9180.82;136.937;2336.10;7.89;29.26;7284.21;103.193;1667.84;6.26;26.33;8831.98;110.417;2372.90;7.26;30.90;11909.38;149.437;3187.35;7.14;30.78;8660.77;108.320;2325.37;6.87;30.88;7497.62;93.850;2017.81;6.82;30.95;8806.02;113.037;2338.69;6.78;30.54;8673.22;110.024;2259.04;5.78;29.95;9315.34;118.612;2426.27;5.57;29.95;8304.24;104.784;2162.96;5.83;29.95;5677.14;71.657;1511.53;4.27;30.62;859.67;10.747;231.38;0.61;30.95
56239;COUNTRY VALUE DRUMSTICKS;24;220786.21;2 764.314;53046.39;4.10;27.63;0.00;0.000;0.00;0.00;0.00;0.00;0.000;0.00;0.00;0.00;0.00;0.000;0.00;0.00;0.00;0.00;0.000;0.00;0.00;0.00;0.00;0.000;0.00;0.00;0.00;0.00;0.000;0.00;0.00;0.00;0.00;0.000;0.00;0.00;0.00;0.00;0.000;0.00;0.00;0.00;0.00;0.000;0.00;0.00;0.00;0.00;0.000;0.00;0.00;0.00;0.00;0.000;0.00;0.00;0.00;0.00;0.000;0.00;0.00;0.00;0.00;0.000;0.00;0.00;0.00;0.00;0.000;0.00;0.00;0.00;0.00;0.000;0.00;0.00;0.00;0.00;0.000;0.00;0.00;0.00;0.00;0.000;0.00;0.00;0.00;0.00;0.000;0.00;0.00;0.00;0.00;0.000;0.00;0.00;0.00;0.00;0.000;0.00;0.00;0.00;0.00;0.000;0.00;0.00;0.00;0.00;0.000;0.00;0.00;0.00;0.00;0.000;0.00;0.00;0.00;0.00;0.000;0.00;0.00;0.00;0.00;0.000;0.00;0.00;0.00;1688.62;21.196;400.62;1.86;27.28;6130.43;76.690;1467.55;5.72;27.53;6298.91;78.940;1500.71;6.06;27.40;4001.27;50.124;954.37;4.17;27.43;7020.17;87.809;1681.12;5.69;27.54;7666.96;96.020;1829.91;6.36;27.45;6378.61;79.748;1529.31;5.09;27.57;8120.16;101.520;1946.94;6.75;27.57;8970.59;112.148;2151.06;6.13;27.58;8070.34;100.893;1935.20;6.10;27.58;9395.25;117.457;2252.89;7.67;27.58;12856.01;160.724;3082.67;8.40;27.58;8409.73;105.617;2016.53;6.81;27.58;9788.11;123.262;2341.87;8.79;27.51;9026.72;114.924;2164.50;6.62;27.58;9984.31;124.823;2394.05;5.36;27.57;12651.24;158.162;3044.13;8.99;27.67;9954.54;124.451;2402.46;8.12;27.75;9357.74;116.989;2258.47;6.55;27.75;12880.35;161.025;3108.80;7.95;27.76;8901.58;111.286;2148.38;4.93;27.76;17937.61;224.249;4329.41;11.66;27.76;12144.14;151.823;2931.02;8.28;27.76;13152.82;164.434;3174.43;8.31;27.76
56985;BURGER UNIVERSAL CHICKEN;24;0.00;0.000;0.00;0.00;0.00;0.00;0.000;0.00;0.00;0.00;0.00;0.000;0.00;0.00;0.00;0.00;0.000;0.00;0.00;0.00;0.00;0.000;0.00;0.00;0.00;0.00;0.000;0.00;0.00;0.00;0.00;0.000;0.00;0.00;0.00;0.00;0.000;0.00;0.00;0.00;0.00;0.000;0.00;0.00;0.00;0.00;0.000;0.00;0.00;0.00;0.00;0.000;0.00;0.00;0.00;0.00;0.000;0.00;0.00;0.00;0.00;0.000;0.00;0.00;0.00;0.00;0.000;0.00;0.00;0.00;0.00;0.000;0.00;0.00;0.00;0.00;0.000;0.00;0.00;0.00;0.00;0.000;0.00;0.00;0.00;0.00;0.000;0.00;0.00;0.00;0.00;0.000;0.00;0.00;0.00;0.00;0.000;0.00;0.00;0.00;0.00;0.000;0.00;0.00;0.00;0.00;0.000;0.00;0.00;0.00;0.00;0.000;0.00;0.00;0.00;0.00;0.000;0.00;0.00;0.00;0.00;0.000;0.00;0.00;0.00;0.00;0.000;0.00;0.00;0.00;0.00;0.000;0.00;0.00;0.00;0.00;0.000;0.00;0.00;0.00;0.00;0.000;0.00;0.00;0.00;0.00;0.000;0.00;0.00;0.00;0.00;0.000;0.00;0.00;0.00;0.00;0.000;0.00;0.00;0.00;0.00;0.000;0.00;0.00;0.00;0.00;0.000;0.00;0.00;0.00;0.00;0.000;0.00;0.00;0.00;0.00;0.000;0.00;0.00;0.00;0.00;0.000;0.00;0.00;0.00;0.00;0.000;0.00;0.00;0.00;0.00;0.000;0.00;0.00;0.00;0.00;0.000;0.00;0.00;0.00;0.00;0.000;0.00;0.00;0.00;0.00;0.000;0.00;0.00;0.00;0.00;0.000;0.00;0.00;0.00;0.00;0.000;0.00;0.00;0.00;0.00;0.000;0.00;0.00;0.00;0.00;0.000;0.00;0.00;0.00;0.00;0.000;0.00;0.00;0.00;0.00;0.000;0.00;0.00;0.00;0.00;0.000;0.00;0.00;0.00;0.00;0.000;0.00;0.00;0.00
57440;SANGIRO CHIC B/PK N/B 6PK P/KG;24;4972.64;84.862;483.16;0.04;11.17;0.00;0.000;0.00;0.00;0.00;0.00;0.000;0.00;0.00;0.00;0.00;0.000;0.00;0.00;0.00;0.00;0.000;0.00;0.00;0.00;0.00;0.000;0.00;0.00;0.00;0.00;0.000;0.00;0.00;0.00;0.00;0.000;0.00;0.00;0.00;0.00;0.000;0.00;0.00;0.00;0.00;0.000;0.00;0.00;0.00;0.00;0.000;0.00;0.00;0.00;0.00;0.000;0.00;0.00;0.00;0.00;0.000;0.00;0.00;0.00;0.00;0.000;0.00;0.00;0.00;0.00;0.000;0.00;0.00;0.00;0.00;0.000;0.00;0.00;0.00;0.00;0.000;0.00;0.00;0.00;0.00;0.000;0.00;0.00;0.00;0.00;0.000;0.00;0.00;0.00;0.00;0.000;0.00;0.00;0.00;0.00;0.000;0.00;0.00;0.00;0.00;0.000;0.00;0.00;0.00;0.00;0.000;0.00;0.00;0.00;0.00;0.000;0.00;0.00;0.00;0.00;0.000;0.00;0.00;0.00;0.00;0.000;0.00;0.00;0.00;0.00;0.000;0.00;0.00;0.00;1408.60;28.178;134.82;0.53;11.01;225.44;4.510;21.57;0.09;11.00;0.00;0.000;0.00;0.00;0.00;0.00;0.000;0.00;0.00;0.00;0.00;0.000;0.00;0.00;0.00;0.00;0.000;0.00;0.00;0.00;0.00;0.000;0.00;0.00;0.00;0.00;0.000;0.00;0.00;0.00;0.00;0.000;0.00;0.00;0.00;0.00;0.000;0.00;0.00;0.00;0.00;0.000;0.00;0.00;0.00;0.00;0.000;0.00;0.00;0.00;0.00;0.000;0.00;0.00;0.00;0.00;0.000;0.00;0.00;0.00;0.00;0.000;0.00;0.00;0.00;0.00;0.000;0.00;0.00;0.00;3338.60;52.174;326.77;1.10;11.26;0.00;0.000;0.00;0.00;0.00;0.00;0.000;0.00;0.00;0.00;0.00;0.000;0.00;0.00;0.00;0.00;0.000;0.00;0.00;0.00;0.00;0.000;0.00;0.00;0.00;0.00;0.000;0.00;0.00;0.00
57441;SANGIRO CHIC B/PK N/B 12'S P/K;24;40010.95;664.690;5661.51;0.44;16.27;0.00;0.000;0.00;0.00;0.00;0.00;0.000;0.00;0.00;0.00;0.00;0.000;0.00;0.00;0.00;0.00;0.000;0.00;0.00;0.00;0.00;0.000;0.00;0.00;0.00;0.00;0.000;0.00;0.00;0.00;0.00;0.000;0.00;0.00;0.00;0.00;0.000;0.00;0.00;0.00;0.00;0.000;0.00;0.00;0.00;0.00;0.000;0.00;0.00;0.00;0.00;0.000;0.00;0.00;0.00;0.00;0.000;0.00;0.00;0.00;0.00;0.000;0.00;0.00;0.00;0.00;0.000;0.00;0.00;0.00;0.00;0.000;0.00;0.00;0.00;0.00;0.000;0.00;0.00;0.00;0.00;0.000;0.00;0.00;0.00;0.00;0.000;0.00;0.00;0.00;0.00;0.000;0.00;0.00;0.00;0.00;0.000;0.00;0.00;0.00;0.00;0.000;0.00;0.00;0.00;0.00;0.000;0.00;0.00;0.00;0.00;0.000;0.00;0.00;0.00;0.00;0.000;0.00;0.00;0.00;0.00;0.000;0.00;0.00;0.00;0.00;0.000;0.00;0.00;0.00;1150.58;23.016;110.14;0.43;11.01;493.11;9.864;47.21;0.19;11.01;0.00;0.000;0.00;0.00;0.00;0.00;0.000;0.00;0.00;0.00;0.00;0.000;0.00;0.00;0.00;0.00;0.000;0.00;0.00;0.00;7629.32;120.748;1543.12;5.35;23.26;0.00;0.000;0.00;0.00;0.00;0.00;0.000;0.00;0.00;0.00;0.00;0.000;0.00;0.00;0.00;2845.01;38.978;844.20;2.30;34.12;7401.12;148.052;678.09;2.29;10.54;3754.40;62.470;800.46;3.00;24.52;0.00;0.000;0.00;0.00;0.00;0.00;0.000;0.00;0.00;0.00;0.00;0.000;0.00;0.00;0.00;16737.41;261.562;1638.29;5.54;11.26;0.00;0.000;0.00;0.00;0.00;0.00;0.000;0.00;0.00;0.00;0.00;0.000;0.00;0.00;0.00;0.00;0.000;0.00;0.00;0.00;0.00;0.000;0.00;0.00;0.00;0.00;0.000;0.00;0.00;0.00
57442;SANGIRO CHIC MIX PORT 5'S P/KG;24;40891.38;701.465;5217.29;0.40;14.67;0.00;0.000;0.00;0.00;0.00;0.00;0.000;0.00;0.00;0.00;0.00;0.000;0.00;0.00;0.00;0.00;0.000;0.00;0.00;0.00;0.00;0.000;0.00;0.00;0.00;0.00;0.000;0.00;0.00;0.00;0.00;0.000;0.00;0.00;0.00;0.00;0.000;0.00;0.00;0.00;0.00;0.000;0.00;0.00;0.00;0.00;0.000;0.00;0.00;0.00;0.00;0.000;0.00;0.00;0.00;0.00;0.000;0.00;0.00;0.00;0.00;0.000;0.00;0.00;0.00;0.00;0.000;0.00;0.00;0.00;0.00;0.000;0.00;0.00;0.00;0.00;0.000;0.00;0.00;0.00;0.00;0.000;0.00;0.00;0.00;0.00;0.000;0.00;0.00;0.00;0.00;0.000;0.00;0.00;0.00;0.00;0.000;0.00;0.00;0.00;0.00;0.000;0.00;0.00;0.00;0.00;0.000;0.00;0.00;0.00;0.00;0.000;0.00;0.00;0.00;0.00;0.000;0.00;0.00;0.00;0.00;0.000;0.00;0.00;0.00;0.00;0.000;0.00;0.00;0.00;0.00;0.000;0.00;0.00;0.00;1477.87;29.564;138.97;0.56;10.81;2134.52;42.768;170.86;0.75;9.21;2394.14;43.513;359.00;1.21;17.24;2649.87;41.066;611.61;2.13;26.54;3928.72;78.589;359.99;1.20;10.54;1374.27;27.491;125.91;0.44;10.54;4850.30;81.615;748.36;2.13;17.74;0.00;0.000;0.00;0.00;0.00;0.00;0.000;0.00;0.00;0.00;2354.03;35.871;606.62;1.65;29.63;0.00;0.000;0.00;0.00;0.00;0.00;0.000;0.00;0.00;0.00;0.00;0.000;0.00;0.00;0.00;0.00;0.000;0.00;0.00;0.00;9127.91;144.968;1081.82;3.19;13.63;1117.19;17.953;123.70;0.42;12.73;4352.99;72.561;408.77;1.19;10.80;5129.57;85.506;481.70;1.23;10.80;0.00;0.000;0.00;0.00;0.00;0.00;0.000;0.00;0.00;0.00;0.00;0.000;0.00;0.00;0.00;0.00;0.000;0.00;0.00;0.00
57443;SANGIRO CHIC MIX PORT 10'S P/K;24;99984.59;1 706.322;12541.48;0.97;14.42;0.00;0.000;0.00;0.00;0.00;0.00;0.000;0.00;0.00;0.00;0.00;0.000;0.00;0.00;0.00;0.00;0.000;0.00;0.00;0.00;0.00;0.000;0.00;0.00;0.00;0.00;0.000;0.00;0.00;0.00;0.00;0.000;0.00;0.00;0.00;0.00;0.000;0.00;0.00;0.00;0.00;0.000;0.00;0.00;0.00;0.00;0.000;0.00;0.00;0.00;0.00;0.000;0.00;0.00;0.00;0.00;0.000;0.00;0.00;0.00;0.00;0.000;0.00;0.00;0.00;0.00;0.000;0.00;0.00;0.00;0.00;0.000;0.00;0.00;0.00;0.00;0.000;0.00;0.00;0.00;0.00;0.000;0.00;0.00;0.00;0.00;0.000;0.00;0.00;0.00;0.00;0.000;0.00;0.00;0.00;0.00;0.000;0.00;0.00;0.00;0.00;0.000;0.00;0.00;0.00;0.00;0.000;0.00;0.00;0.00;0.00;0.000;0.00;0.00;0.00;0.00;0.000;0.00;0.00;0.00;0.00;0.000;0.00;0.00;0.00;0.00;0.000;0.00;0.00;0.00;0.00;0.000;0.00;0.00;0.00;4894.64;97.911;460.40;1.86;10.82;2571.21;51.506;204.02;0.89;9.13;4990.25;87.718;838.98;2.84;19.33;5038.03;77.760;1175.84;4.09;26.84;6856.37;137.155;628.17;2.09;10.54;2833.42;56.679;259.63;0.90;10.54;10834.20;180.457;1750.18;4.99;18.58;1002.81;15.920;195.28;0.62;22.39;0.00;0.000;0.00;0.00;0.00;5531.91;87.916;1315.46;3.59;27.35;0.00;0.000;0.00;0.00;0.00;2598.00;49.028;237.16;0.89;10.50;0.00;0.000;0.00;0.00;0.00;0.00;0.000;0.00;0.00;0.00;13015.73;200.529;1737.52;5.13;15.35;2331.28;38.861;218.94;0.74;10.80;17058.91;284.363;1601.74;4.65;10.80;20427.83;340.519;1918.16;4.90;10.80;0.00;0.000;0.00;0.00;0.00;0.00;0.000;0.00;0.00;0.00;0.00;0.000;0.00;0.00;0.00;0.00;0.000;0.00;0.00;0.00
57444;SANGIRO CHIC FILLET 4'S P/KG;24;38173.92;531.357;4296.30;0.33;12.94;0.00;0.000;0.00;0.00;0.00;0.00;0.000;0.00;0.00;0.00;0.00;0.000;0.00;0.00;0.00;0.00;0.000;0.00;0.00;0.00;0.00;0.000;0.00;0.00;0.00;0.00;0.000;0.00;0.00;0.00;0.00;0.000;0.00;0.00;0.00;0.00;0.000;0.00;0.00;0.00;0.00;0.000;0.00;0.00;0.00;0.00;0.000;0.00;0.00;0.00;0.00;0.000;0.00;0.00;0.00;0.00;0.000;0.00;0.00;0.00;0.00;0.000;0.00;0.00;0.00;0.00;0.000;0.00;0.00;0.00;0.00;0.000;0.00;0.00;0.00;0.00;0.000;0.00;0.00;0.00;0.00;0.000;0.00;0.00;0.00;0.00;0.000;0.00;0.00;0.00;0.00;0.000;0.00;0.00;0.00;0.00;0.000;0.00;0.00;0.00;0.00;0.000;0.00;0.00;0.00;0.00;0.000;0.00;0.00;0.00;0.00;0.000;0.00;0.00;0.00;0.00;0.000;0.00;0.00;0.00;0.00;0.000;0.00;0.00;0.00;0.00;0.000;0.00;0.00;0.00;0.00;0.000;0.00;0.00;0.00;0.00;0.000;0.00;0.00;0.00;0.00;0.000;0.00;0.00;0.00;823.42;12.478;75.24;0.25;10.51;2823.69;42.213;264.45;0.92;10.77;0.00;0.000;0.00;0.00;0.00;0.00;0.000;0.00;0.00;0.00;0.00;0.000;0.00;0.00;0.00;0.00;0.000;0.00;0.00;0.00;0.00;0.000;0.00;0.00;0.00;1378.70;18.794;235.19;0.64;19.62;0.00;0.000;0.00;0.00;0.00;0.00;0.000;0.00;0.00;0.00;0.00;0.000;0.00;0.00;0.00;0.00;0.000;0.00;0.00;0.00;14248.60;190.618;1800.84;5.32;14.53;6685.83;92.746;750.64;2.54;12.91;6229.80;89.011;596.74;1.73;11.02;5983.88;85.497;573.20;1.47;11.02;0.00;0.000;0.00;0.00;0.00;0.00;0.000;0.00;0.00;0.00;0.00;0.000;0.00;0.00;0.00;0.00;0.000;0.00;0.00;0.00
57445;SANGIRO CHIC FILLET 12'S P/KG;24;18805.61;268.927;2035.10;0.16;12.45;0.00;0.000;0.00;0.00;0.00;0.00;0.000;0.00;0.00;0.00;0.00;0.000;0.00;0.00;0.00;0.00;0.000;0.00;0.00;0.00;0.00;0.000;0.00;0.00;0.00;0.00;0.000;0.00;0.00;0.00;0.00;0.000;0.00;0.00;0.00;0.00;0.000;0.00;0.00;0.00;0.00;0.000;0.00;0.00;0.00;0.00;0.000;0.00;0.00;0.00;0.00;0.000;0.00;0.00;0.00;0.00;0.000;0.00;0.00;0.00;0.00;0.000;0.00;0.00;0.00;0.00;0.000;0.00;0.00;0.00;0.00;0.000;0.00;0.00;0.00;0.00;0.000;0.00;0.00;0.00;0.00;0.000;0.00;0.00;0.00;0.00;0.000;0.00;0.00;0.00;0.00;0.000;0.00;0.00;0.00;0.00;0.000;0.00;0.00;0.00;0.00;0.000;0.00;0.00;0.00;0.00;0.000;0.00;0.00;0.00;0.00;0.000;0.00;0.00;0.00;0.00;0.000;0.00;0.00;0.00;0.00;0.000;0.00;0.00;0.00;0.00;0.000;0.00;0.00;0.00;0.00;0.000;0.00;0.00;0.00;0.00;0.000;0.00;0.00;0.00;0.00;0.000;0.00;0.00;0.00;1492.16;22.612;136.35;0.46;10.51;2901.91;43.128;284.16;0.99;11.26;0.00;0.000;0.00;0.00;0.00;874.44;10.932;165.63;0.57;21.78;0.00;0.000;0.00;0.00;0.00;0.00;0.000;0.00;0.00;0.00;0.00;0.000;0.00;0.00;0.00;1027.01;13.515;200.06;0.55;22.40;0.00;0.000;0.00;0.00;0.00;6013.15;85.914;603.02;2.26;11.53;3789.56;54.144;380.03;1.16;11.53;0.00;0.000;0.00;0.00;0.00;0.00;0.000;0.00;0.00;0.00;2707.38;38.682;265.86;0.90;11.29;0.00;0.000;0.00;0.00;0.00;0.00;0.000;0.00;0.00;0.00;0.00;0.000;0.00;0.00;0.00;0.00;0.000;0.00;0.00;0.00;0.00;0.000;0.00;0.00;0.00;0.00;0.000;0.00;0.00;0.00
58896;NOORSVELD CHIC WHOLE;24;1404.85;23.418;293.01;0.02;23.99;0.00;0.000;0.00;0.00;0.00;0.00;0.000;0.00;0.00;0.00;0.00;0.000;0.00;0.00;0.00;0.00;0.000;0.00;0.00;0.00;0.00;0.000;0.00;0.00;0.00;0.00;0.000;0.00;0.00;0.00;0.00;0.000;0.00;0.00;0.00;0.00;0.000;0.00;0.00;0.00;0.00;0.000;0.00;0.00;0.00;0.00;0.000;0.00;0.00;0.00;0.00;0.000;0.00;0.00;0.00;0.00;0.000;0.00;0.00;0.00;0.00;0.000;0.00;0.00;0.00;0.00;0.000;0.00;0.00;0.00;0.00;0.000;0.00;0.00;0.00;0.00;0.000;0.00;0.00;0.00;0.00;0.000;0.00;0.00;0.00;0.00;0.000;0.00;0.00;0.00;0.00;0.000;0.00;0.00;0.00;0.00;0.000;0.00;0.00;0.00;0.00;0.000;0.00;0.00;0.00;0.00;0.000;0.00;0.00;0.00;0.00;0.000;0.00;0.00;0.00;0.00;0.000;0.00;0.00;0.00;0.00;0.000;0.00;0.00;0.00;0.00;0.000;0.00;0.00;0.00;0.00;0.000;0.00;0.00;0.00;0.00;0.000;0.00;0.00;0.00;0.00;0.000;0.00;0.00;0.00;0.00;0.000;0.00;0.00;0.00;0.00;0.000;0.00;0.00;0.00;0.00;0.000;0.00;0.00;0.00;0.00;0.000;0.00;0.00;0.00;0.00;0.000;0.00;0.00;0.00;0.00;0.000;0.00;0.00;0.00;0.00;0.000;0.00;0.00;0.00;0.00;0.000;0.00;0.00;0.00;0.00;0.000;0.00;0.00;0.00;0.00;0.000;0.00;0.00;0.00;0.00;0.000;0.00;0.00;0.00;0.00;0.000;0.00;0.00;0.00;0.00;0.000;0.00;0.00;0.00;0.00;0.000;0.00;0.00;0.00;0.00;0.000;0.00;0.00;0.00;0.00;0.000;0.00;0.00;0.00;0.00;0.000;0.00;0.00;0.00;0.00;0.000;0.00;0.00;0.00;0.00;0.000;0.00;0.00;0.00;1404.85;23.418;293.01;0.77;23.99
58900;NOORSVELD CHIC STAR PACK;24;0.00;0.000;0.00;0.00;0.00;0.00;0.000;0.00;0.00;0.00;0.00;0.000;0.00;0.00;0.00;0.00;0.000;0.00;0.00;0.00;0.00;0.000;0.00;0.00;0.00;0.00;0.000;0.00;0.00;0.00;0.00;0.000;0.00;0.00;0.00;0.00;0.000;0.00;0.00;0.00;0.00;0.000;0.00;0.00;0.00;0.00;0.000;0.00;0.00;0.00;0.00;0.000;0.00;0.00;0.00;0.00;0.000;0.00;0.00;0.00;0.00;0.000;0.00;0.00;0.00;0.00;0.000;0.00;0.00;0.00;0.00;0.000;0.00;0.00;0.00;0.00;0.000;0.00;0.00;0.00;0.00;0.000;0.00;0.00;0.00;0.00;0.000;0.00;0.00;0.00;0.00;0.000;0.00;0.00;0.00;0.00;0.000;0.00;0.00;0.00;0.00;0.000;0.00;0.00;0.00;0.00;0.000;0.00;0.00;0.00;0.00;0.000;0.00;0.00;0.00;0.00;0.000;0.00;0.00;0.00;0.00;0.000;0.00;0.00;0.00;0.00;0.000;0.00;0.00;0.00;0.00;0.000;0.00;0.00;0.00;0.00;0.000;0.00;0.00;0.00;0.00;0.000;0.00;0.00;0.00;0.00;0.000;0.00;0.00;0.00;0.00;0.000;0.00;0.00;0.00;0.00;0.000;0.00;0.00;0.00;0.00;0.000;0.00;0.00;0.00;0.00;0.000;0.00;0.00;0.00;0.00;0.000;0.00;0.00;0.00;0.00;0.000;0.00;0.00;0.00;0.00;0.000;0.00;0.00;0.00;0.00;0.000;0.00;0.00;0.00;0.00;0.000;0.00;0.00;0.00;0.00;0.000;0.00;0.00;0.00;0.00;0.000;0.00;0.00;0.00;0.00;0.000;0.00;0.00;0.00;0.00;0.000;0.00;0.00;0.00;0.00;0.000;0.00;0.00;0.00;0.00;0.000;0.00;0.00;0.00;0.00;0.000;0.00;0.00;0.00;0.00;0.000;0.00;0.00;0.00;0.00;0.000;0.00;0.00;0.00;0.00;0.000;0.00;0.00;0.00;0.00;0.000;0.00;0.00;0.00
58906;NOORSVELD CHIC FILLET 3PC;24;3270.45;27.256;845.83;0.07;29.74;0.00;0.000;0.00;0.00;0.00;0.00;0.000;0.00;0.00;0.00;0.00;0.000;0.00;0.00;0.00;0.00;0.000;0.00;0.00;0.00;0.00;0.000;0.00;0.00;0.00;0.00;0.000;0.00;0.00;0.00;0.00;0.000;0.00;0.00;0.00;0.00;0.000;0.00;0.00;0.00;0.00;0.000;0.00;0.00;0.00;0.00;0.000;0.00;0.00;0.00;0.00;0.000;0.00;0.00;0.00;0.00;0.000;0.00;0.00;0.00;0.00;0.000;0.00;0.00;0.00;0.00;0.000;0.00;0.00;0.00;0.00;0.000;0.00;0.00;0.00;0.00;0.000;0.00;0.00;0.00;0.00;0.000;0.00;0.00;0.00;0.00;0.000;0.00;0.00;0.00;0.00;0.000;0.00;0.00;0.00;0.00;0.000;0.00;0.00;0.00;0.00;0.000;0.00;0.00;0.00;0.00;0.000;0.00;0.00;0.00;0.00;0.000;0.00;0.00;0.00;0.00;0.000;0.00;0.00;0.00;0.00;0.000;0.00;0.00;0.00;0.00;0.000;0.00;0.00;0.00;0.00;0.000;0.00;0.00;0.00;0.00;0.000;0.00;0.00;0.00;0.00;0.000;0.00;0.00;0.00;0.00;0.000;0.00;0.00;0.00;0.00;0.000;0.00;0.00;0.00;0.00;0.000;0.00;0.00;0.00;0.00;0.000;0.00;0.00;0.00;0.00;0.000;0.00;0.00;0.00;0.00;0.000;0.00;0.00;0.00;0.00;0.000;0.00;0.00;0.00;0.00;0.000;0.00;0.00;0.00;0.00;0.000;0.00;0.00;0.00;0.00;0.000;0.00;0.00;0.00;0.00;0.000;0.00;0.00;0.00;0.00;0.000;0.00;0.00;0.00;0.00;0.000;0.00;0.00;0.00;0.00;0.000;0.00;0.00;0.00;0.00;0.000;0.00;0.00;0.00;0.00;0.000;0.00;0.00;0.00;0.00;0.000;0.00;0.00;0.00;0.00;0.000;0.00;0.00;0.00;0.00;0.000;0.00;0.00;0.00;3270.45;27.256;845.83;2.21;29.74
62200;SPAR T&T CHIC ESP RST G/BUTT P;24;24994.59;241.147;3648.73;0.28;16.79;0.00;0.000;0.00;0.00;0.00;0.00;0.000;0.00;0.00;0.00;0.00;0.000;0.00;0.00;0.00;0.00;0.000;0.00;0.00;0.00;0.00;0.000;0.00;0.00;0.00;0.00;0.000;0.00;0.00;0.00;0.00;0.000;0.00;0.00;0.00;0.00;0.000;0.00;0.00;0.00;0.00;0.000;0.00;0.00;0.00;0.00;0.000;0.00;0.00;0.00;0.00;0.000;0.00;0.00;0.00;0.00;0.000;0.00;0.00;0.00;0.00;0.000;0.00;0.00;0.00;0.00;0.000;0.00;0.00;0.00;0.00;0.000;0.00;0.00;0.00;0.00;0.000;0.00;0.00;0.00;0.00;0.000;0.00;0.00;0.00;0.00;0.000;0.00;0.00;0.00;0.00;0.000;0.00;0.00;0.00;0.00;0.000;0.00;0.00;0.00;0.00;0.000;0.00;0.00;0.00;0.00;0.000;0.00;0.00;0.00;0.00;0.000;0.00;0.00;0.00;0.00;0.000;0.00;0.00;0.00;0.00;0.000;0.00;0.00;0.00;0.00;0.000;0.00;0.00;0.00;0.00;0.000;0.00;0.00;0.00;0.00;0.000;0.00;0.00;0.00;0.00;0.000;0.00;0.00;0.00;0.00;0.000;0.00;0.00;0.00;0.00;0.000;0.00;0.00;0.00;0.00;0.000;0.00;0.00;0.00;0.00;0.000;0.00;0.00;0.00;0.00;0.000;0.00;0.00;0.00;0.00;0.000;0.00;0.00;0.00;0.00;0.000;0.00;0.00;0.00;0.00;0.000;0.00;0.00;0.00;0.00;0.000;0.00;0.00;0.00;3181.77;31.587;240.42;0.90;8.69;4006.74;36.516;455.46;1.39;13.07;2256.12;25.070;215.77;0.48;11.00;132.48;1.472;12.71;0.04;11.03;1488.94;16.546;138.20;0.47;10.67;2797.30;28.726;300.61;0.87;12.36;2377.22;21.928;499.61;1.28;24.17;5681.76;51.656;1173.24;2.69;23.75;2876.24;26.138;551.58;1.49;22.05;196.02;1.508;61.14;0.17;35.87;0.00;0.000;0.00;0.00;0.00
63369;SANGIRO CHIC MIX PORT 3'S P/KG;24;0.00;0.000;0.00;0.00;0.00;0.00;0.000;0.00;0.00;0.00;0.00;0.000;0.00;0.00;0.00;0.00;0.000;0.00;0.00;0.00;0.00;0.000;0.00;0.00;0.00;0.00;0.000;0.00;0.00;0.00;0.00;0.000;0.00;0.00;0.00;0.00;0.000;0.00;0.00;0.00;0.00;0.000;0.00;0.00;0.00;0.00;0.000;0.00;0.00;0.00;0.00;0.000;0.00;0.00;0.00;0.00;0.000;0.00;0.00;0.00;0.00;0.000;0.00;0.00;0.00;0.00;0.000;0.00;0.00;0.00;0.00;0.000;0.00;0.00;0.00;0.00;0.000;0.00;0.00;0.00;0.00;0.000;0.00;0.00;0.00;0.00;0.000;0.00;0.00;0.00;0.00;0.000;0.00;0.00;0.00;0.00;0.000;0.00;0.00;0.00;0.00;0.000;0.00;0.00;0.00;0.00;0.000;0.00;0.00;0.00;0.00;0.000;0.00;0.00;0.00;0.00;0.000;0.00;0.00;0.00;0.00;0.000;0.00;0.00;0.00;0.00;0.000;0.00;0.00;0.00;0.00;0.000;0.00;0.00;0.00;0.00;0.000;0.00;0.00;0.00;0.00;0.000;0.00;0.00;0.00;0.00;0.000;0.00;0.00;0.00;0.00;0.000;0.00;0.00;0.00;0.00;0.000;0.00;0.00;0.00;0.00;0.000;0.00;0.00;0.00;0.00;0.000;0.00;0.00;0.00;0.00;0.000;0.00;0.00;0.00;0.00;0.000;0.00;0.00;0.00;0.00;0.000;0.00;0.00;0.00;0.00;0.000;0.00;0.00;0.00;0.00;0.000;0.00;0.00;0.00;0.00;0.000;0.00;0.00;0.00;0.00;0.000;0.00;0.00;0.00;0.00;0.000;0.00;0.00;0.00;0.00;0.000;0.00;0.00;0.00;0.00;0.000;0.00;0.00;0.00;0.00;0.000;0.00;0.00;0.00;0.00;0.000;0.00;0.00;0.00;0.00;0.000;0.00;0.00;0.00;0.00;0.000;0.00;0.00;0.00;0.00;0.000;0.00;0.00;0.00;0.00;0.000;0.00;0.00;0.00
63370;SANGIRO CHIC WINGS C/TAIL P/KG;24;0.00;0.000;0.00;0.00;0.00;0.00;0.000;0.00;0.00;0.00;0.00;0.000;0.00;0.00;0.00;0.00;0.000;0.00;0.00;0.00;0.00;0.000;0.00;0.00;0.00;0.00;0.000;0.00;0.00;0.00;0.00;0.000;0.00;0.00;0.00;0.00;0.000;0.00;0.00;0.00;0.00;0.000;0.00;0.00;0.00;0.00;0.000;0.00;0.00;0.00;0.00;0.000;0.00;0.00;0.00;0.00;0.000;0.00;0.00;0.00;0.00;0.000;0.00;0.00;0.00;0.00;0.000;0.00;0.00;0.00;0.00;0.000;0.00;0.00;0.00;0.00;0.000;0.00;0.00;0.00;0.00;0.000;0.00;0.00;0.00;0.00;0.000;0.00;0.00;0.00;0.00;0.000;0.00;0.00;0.00;0.00;0.000;0.00;0.00;0.00;0.00;0.000;0.00;0.00;0.00;0.00;0.000;0.00;0.00;0.00;0.00;0.000;0.00;0.00;0.00;0.00;0.000;0.00;0.00;0.00;0.00;0.000;0.00;0.00;0.00;0.00;0.000;0.00;0.00;0.00;0.00;0.000;0.00;0.00;0.00;0.00;0.000;0.00;0.00;0.00;0.00;0.000;0.00;0.00;0.00;0.00;0.000;0.00;0.00;0.00;0.00;0.000;0.00;0.00;0.00;0.00;0.000;0.00;0.00;0.00;0.00;0.000;0.00;0.00;0.00;0.00;0.000;0.00;0.00;0.00;0.00;0.000;0.00;0.00;0.00;0.00;0.000;0.00;0.00;0.00;0.00;0.000;0.00;0.00;0.00;0.00;0.000;0.00;0.00;0.00;0.00;0.000;0.00;0.00;0.00;0.00;0.000;0.00;0.00;0.00;0.00;0.000;0.00;0.00;0.00;0.00;0.000;0.00;0.00;0.00;0.00;0.000;0.00;0.00;0.00;0.00;0.000;0.00;0.00;0.00;0.00;0.000;0.00;0.00;0.00;0.00;0.000;0.00;0.00;0.00;0.00;0.000;0.00;0.00;0.00;0.00;0.000;0.00;0.00;0.00;0.00;0.000;0.00;0.00;0.00;0.00;0.000;0.00;0.00;0.00
63371;SANGIRO CHIC L/QUART 2'S P/KG;24;0.00;0.000;0.00;0.00;0.00;0.00;0.000;0.00;0.00;0.00;0.00;0.000;0.00;0.00;0.00;0.00;0.000;0.00;0.00;0.00;0.00;0.000;0.00;0.00;0.00;0.00;0.000;0.00;0.00;0.00;0.00;0.000;0.00;0.00;0.00;0.00;0.000;0.00;0.00;0.00;0.00;0.000;0.00;0.00;0.00;0.00;0.000;0.00;0.00;0.00;0.00;0.000;0.00;0.00;0.00;0.00;0.000;0.00;0.00;0.00;0.00;0.000;0.00;0.00;0.00;0.00;0.000;0.00;0.00;0.00;0.00;0.000;0.00;0.00;0.00;0.00;0.000;0.00;0.00;0.00;0.00;0.000;0.00;0.00;0.00;0.00;0.000;0.00;0.00;0.00;0.00;0.000;0.00;0.00;0.00;0.00;0.000;0.00;0.00;0.00;0.00;0.000;0.00;0.00;0.00;0.00;0.000;0.00;0.00;0.00;0.00;0.000;0.00;0.00;0.00;0.00;0.000;0.00;0.00;0.00;0.00;0.000;0.00;0.00;0.00;0.00;0.000;0.00;0.00;0.00;0.00;0.000;0.00;0.00;0.00;0.00;0.000;0.00;0.00;0.00;0.00;0.000;0.00;0.00;0.00;0.00;0.000;0.00;0.00;0.00;0.00;0.000;0.00;0.00;0.00;0.00;0.000;0.00;0.00;0.00;0.00;0.000;0.00;0.00;0.00;0.00;0.000;0.00;0.00;0.00;0.00;0.000;0.00;0.00;0.00;0.00;0.000;0.00;0.00;0.00;0.00;0.000;0.00;0.00;0.00;0.00;0.000;0.00;0.00;0.00;0.00;0.000;0.00;0.00;0.00;0.00;0.000;0.00;0.00;0.00;0.00;0.000;0.00;0.00;0.00;0.00;0.000;0.00;0.00;0.00;0.00;0.000;0.00;0.00;0.00;0.00;0.000;0.00;0.00;0.00;0.00;0.000;0.00;0.00;0.00;0.00;0.000;0.00;0.00;0.00;0.00;0.000;0.00;0.00;0.00;0.00;0.000;0.00;0.00;0.00;0.00;0.000;0.00;0.00;0.00;0.00;0.000;0.00;0.00;0.00
63372;SANGIRO CHIC FILLETS MINI P/KG;24;0.00;0.000;0.00;0.00;0.00;0.00;0.000;0.00;0.00;0.00;0.00;0.000;0.00;0.00;0.00;0.00;0.000;0.00;0.00;0.00;0.00;0.000;0.00;0.00;0.00;0.00;0.000;0.00;0.00;0.00;0.00;0.000;0.00;0.00;0.00;0.00;0.000;0.00;0.00;0.00;0.00;0.000;0.00;0.00;0.00;0.00;0.000;0.00;0.00;0.00;0.00;0.000;0.00;0.00;0.00;0.00;0.000;0.00;0.00;0.00;0.00;0.000;0.00;0.00;0.00;0.00;0.000;0.00;0.00;0.00;0.00;0.000;0.00;0.00;0.00;0.00;0.000;0.00;0.00;0.00;0.00;0.000;0.00;0.00;0.00;0.00;0.000;0.00;0.00;0.00;0.00;0.000;0.00;0.00;0.00;0.00;0.000;0.00;0.00;0.00;0.00;0.000;0.00;0.00;0.00;0.00;0.000;0.00;0.00;0.00;0.00;0.000;0.00;0.00;0.00;0.00;0.000;0.00;0.00;0.00;0.00;0.000;0.00;0.00;0.00;0.00;0.000;0.00;0.00;0.00;0.00;0.000;0.00;0.00;0.00;0.00;0.000;0.00;0.00;0.00;0.00;0.000;0.00;0.00;0.00;0.00;0.000;0.00;0.00;0.00;0.00;0.000;0.00;0.00;0.00;0.00;0.000;0.00;0.00;0.00;0.00;0.000;0.00;0.00;0.00;0.00;0.000;0.00;0.00;0.00;0.00;0.000;0.00;0.00;0.00;0.00;0.000;0.00;0.00;0.00;0.00;0.000;0.00;0.00;0.00;0.00;0.000;0.00;0.00;0.00;0.00;0.000;0.00;0.00;0.00;0.00;0.000;0.00;0.00;0.00;0.00;0.000;0.00;0.00;0.00;0.00;0.000;0.00;0.00;0.00;0.00;0.000;0.00;0.00;0.00;0.00;0.000;0.00;0.00;0.00;0.00;0.000;0.00;0.00;0.00;0.00;0.000;0.00;0.00;0.00;0.00;0.000;0.00;0.00;0.00;0.00;0.000;0.00;0.00;0.00;0.00;0.000;0.00;0.00;0.00;0.00;0.000;0.00;0.00;0.00
63373;SANGIRO CHIC STKLT CRMB 4'S P/;24;0.00;0.000;0.00;0.00;0.00;0.00;0.000;0.00;0.00;0.00;0.00;0.000;0.00;0.00;0.00;0.00;0.000;0.00;0.00;0.00;0.00;0.000;0.00;0.00;0.00;0.00;0.000;0.00;0.00;0.00;0.00;0.000;0.00;0.00;0.00;0.00;0.000;0.00;0.00;0.00;0.00;0.000;0.00;0.00;0.00;0.00;0.000;0.00;0.00;0.00;0.00;0.000;0.00;0.00;0.00;0.00;0.000;0.00;0.00;0.00;0.00;0.000;0.00;0.00;0.00;0.00;0.000;0.00;0.00;0.00;0.00;0.000;0.00;0.00;0.00;0.00;0.000;0.00;0.00;0.00;0.00;0.000;0.00;0.00;0.00;0.00;0.000;0.00;0.00;0.00;0.00;0.000;0.00;0.00;0.00;0.00;0.000;0.00;0.00;0.00;0.00;0.000;0.00;0.00;0.00;0.00;0.000;0.00;0.00;0.00;0.00;0.000;0.00;0.00;0.00;0.00;0.000;0.00;0.00;0.00;0.00;0.000;0.00;0.00;0.00;0.00;0.000;0.00;0.00;0.00;0.00;0.000;0.00;0.00;0.00;0.00;0.000;0.00;0.00;0.00;0.00;0.000;0.00;0.00;0.00;0.00;0.000;0.00;0.00;0.00;0.00;0.000;0.00;0.00;0.00;0.00;0.000;0.00;0.00;0.00;0.00;0.000;0.00;0.00;0.00;0.00;0.000;0.00;0.00;0.00;0.00;0.000;0.00;0.00;0.00;0.00;0.000;0.00;0.00;0.00;0.00;0.000;0.00;0.00;0.00;0.00;0.000;0.00;0.00;0.00;0.00;0.000;0.00;0.00;0.00;0.00;0.000;0.00;0.00;0.00;0.00;0.000;0.00;0.00;0.00;0.00;0.000;0.00;0.00;0.00;0.00;0.000;0.00;0.00;0.00;0.00;0.000;0.00;0.00;0.00;0.00;0.000;0.00;0.00;0.00;0.00;0.000;0.00;0.00;0.00;0.00;0.000;0.00;0.00;0.00;0.00;0.000;0.00;0.00;0.00;0.00;0.000;0.00;0.00;0.00;0.00;0.000;0.00;0.00;0.00
63374;SANGIRO CHIC NUGGETS 15'S P/KG;24;0.00;0.000;0.00;0.00;0.00;0.00;0.000;0.00;0.00;0.00;0.00;0.000;0.00;0.00;0.00;0.00;0.000;0.00;0.00;0.00;0.00;0.000;0.00;0.00;0.00;0.00;0.000;0.00;0.00;0.00;0.00;0.000;0.00;0.00;0.00;0.00;0.000;0.00;0.00;0.00;0.00;0.000;0.00;0.00;0.00;0.00;0.000;0.00;0.00;0.00;0.00;0.000;0.00;0.00;0.00;0.00;0.000;0.00;0.00;0.00;0.00;0.000;0.00;0.00;0.00;0.00;0.000;0.00;0.00;0.00;0.00;0.000;0.00;0.00;0.00;0.00;0.000;0.00;0.00;0.00;0.00;0.000;0.00;0.00;0.00;0.00;0.000;0.00;0.00;0.00;0.00;0.000;0.00;0.00;0.00;0.00;0.000;0.00;0.00;0.00;0.00;0.000;0.00;0.00;0.00;0.00;0.000;0.00;0.00;0.00;0.00;0.000;0.00;0.00;0.00;0.00;0.000;0.00;0.00;0.00;0.00;0.000;0.00;0.00;0.00;0.00;0.000;0.00;0.00;0.00;0.00;0.000;0.00;0.00;0.00;0.00;0.000;0.00;0.00;0.00;0.00;0.000;0.00;0.00;0.00;0.00;0.000;0.00;0.00;0.00;0.00;0.000;0.00;0.00;0.00;0.00;0.000;0.00;0.00;0.00;0.00;0.000;0.00;0.00;0.00;0.00;0.000;0.00;0.00;0.00;0.00;0.000;0.00;0.00;0.00;0.00;0.000;0.00;0.00;0.00;0.00;0.000;0.00;0.00;0.00;0.00;0.000;0.00;0.00;0.00;0.00;0.000;0.00;0.00;0.00;0.00;0.000;0.00;0.00;0.00;0.00;0.000;0.00;0.00;0.00;0.00;0.000;0.00;0.00;0.00;0.00;0.000;0.00;0.00;0.00;0.00;0.000;0.00;0.00;0.00;0.00;0.000;0.00;0.00;0.00;0.00;0.000;0.00;0.00;0.00;0.00;0.000;0.00;0.00;0.00;0.00;0.000;0.00;0.00;0.00;0.00;0.000;0.00;0.00;0.00;0.00;0.000;0.00;0.00;0.00
64618;CRUMBED CHIC NUGGETS 800G;24;1119.80;20.000;293.94;0.02;30.19;0.00;0.000;0.00;0.00;0.00;0.00;0.000;0.00;0.00;0.00;0.00;0.000;0.00;0.00;0.00;0.00;0.000;0.00;0.00;0.00;0.00;0.000;0.00;0.00;0.00;0.00;0.000;0.00;0.00;0.00;0.00;0.000;0.00;0.00;0.00;0.00;0.000;0.00;0.00;0.00;0.00;0.000;0.00;0.00;0.00;0.00;0.000;0.00;0.00;0.00;0.00;0.000;0.00;0.00;0.00;0.00;0.000;0.00;0.00;0.00;0.00;0.000;0.00;0.00;0.00;0.00;0.000;0.00;0.00;0.00;0.00;0.000;0.00;0.00;0.00;0.00;0.000;0.00;0.00;0.00;0.00;0.000;0.00;0.00;0.00;0.00;0.000;0.00;0.00;0.00;0.00;0.000;0.00;0.00;0.00;0.00;0.000;0.00;0.00;0.00;0.00;0.000;0.00;0.00;0.00;0.00;0.000;0.00;0.00;0.00;0.00;0.000;0.00;0.00;0.00;0.00;0.000;0.00;0.00;0.00;0.00;0.000;0.00;0.00;0.00;0.00;0.000;0.00;0.00;0.00;0.00;0.000;0.00;0.00;0.00;0.00;0.000;0.00;0.00;0.00;0.00;0.000;0.00;0.00;0.00;0.00;0.000;0.00;0.00;0.00;0.00;0.000;0.00;0.00;0.00;0.00;0.000;0.00;0.00;0.00;0.00;0.000;0.00;0.00;0.00;0.00;0.000;0.00;0.00;0.00;0.00;0.000;0.00;0.00;0.00;0.00;0.000;0.00;0.00;0.00;0.00;0.000;0.00;0.00;0.00;0.00;0.000;0.00;0.00;0.00;0.00;0.000;0.00;0.00;0.00;0.00;0.000;0.00;0.00;0.00;0.00;0.000;0.00;0.00;0.00;0.00;0.000;0.00;0.00;0.00;0.00;0.000;0.00;0.00;0.00;0.00;0.000;0.00;0.00;0.00;223.96;4.000;58.79;0.15;30.19;727.87;13.000;191.06;0.44;30.19;167.97;3.000;44.09;0.12;30.19;0.00;0.000;0.00;0.00;0.00;0.00;0.000;0.00;0.00;0.00
64619;CRUMBED CHIC STEAKLETS 800G;24;4367.22;78.000;1146.36;0.09;30.19;0.00;0.000;0.00;0.00;0.00;0.00;0.000;0.00;0.00;0.00;0.00;0.000;0.00;0.00;0.00;0.00;0.000;0.00;0.00;0.00;0.00;0.000;0.00;0.00;0.00;0.00;0.000;0.00;0.00;0.00;0.00;0.000;0.00;0.00;0.00;0.00;0.000;0.00;0.00;0.00;0.00;0.000;0.00;0.00;0.00;0.00;0.000;0.00;0.00;0.00;0.00;0.000;0.00;0.00;0.00;0.00;0.000;0.00;0.00;0.00;0.00;0.000;0.00;0.00;0.00;0.00;0.000;0.00;0.00;0.00;0.00;0.000;0.00;0.00;0.00;0.00;0.000;0.00;0.00;0.00;0.00;0.000;0.00;0.00;0.00;0.00;0.000;0.00;0.00;0.00;0.00;0.000;0.00;0.00;0.00;0.00;0.000;0.00;0.00;0.00;0.00;0.000;0.00;0.00;0.00;0.00;0.000;0.00;0.00;0.00;0.00;0.000;0.00;0.00;0.00;0.00;0.000;0.00;0.00;0.00;0.00;0.000;0.00;0.00;0.00;0.00;0.000;0.00;0.00;0.00;0.00;0.000;0.00;0.00;0.00;0.00;0.000;0.00;0.00;0.00;0.00;0.000;0.00;0.00;0.00;0.00;0.000;0.00;0.00;0.00;0.00;0.000;0.00;0.00;0.00;0.00;0.000;0.00;0.00;0.00;0.00;0.000;0.00;0.00;0.00;0.00;0.000;0.00;0.00;0.00;0.00;0.000;0.00;0.00;0.00;0.00;0.000;0.00;0.00;0.00;0.00;0.000;0.00;0.00;0.00;0.00;0.000;0.00;0.00;0.00;0.00;0.000;0.00;0.00;0.00;0.00;0.000;0.00;0.00;0.00;0.00;0.000;0.00;0.00;0.00;0.00;0.000;0.00;0.00;0.00;0.00;0.000;0.00;0.00;0.00;0.00;0.000;0.00;0.00;0.00;1455.74;26.000;382.12;0.98;30.19;727.87;13.000;191.06;0.44;30.19;559.90;10.000;146.97;0.40;30.19;727.87;13.000;191.06;0.54;30.19;895.84;16.000;235.15;0.62;30.19
64620;CRUMBED CHIC STRIPS 800G;24;1679.70;30.000;440.91;0.03;30.19;0.00;0.000;0.00;0.00;0.00;0.00;0.000;0.00;0.00;0.00;0.00;0.000;0.00;0.00;0.00;0.00;0.000;0.00;0.00;0.00;0.00;0.000;0.00;0.00;0.00;0.00;0.000;0.00;0.00;0.00;0.00;0.000;0.00;0.00;0.00;0.00;0.000;0.00;0.00;0.00;0.00;0.000;0.00;0.00;0.00;0.00;0.000;0.00;0.00;0.00;0.00;0.000;0.00;0.00;0.00;0.00;0.000;0.00;0.00;0.00;0.00;0.000;0.00;0.00;0.00;0.00;0.000;0.00;0.00;0.00;0.00;0.000;0.00;0.00;0.00;0.00;0.000;0.00;0.00;0.00;0.00;0.000;0.00;0.00;0.00;0.00;0.000;0.00;0.00;0.00;0.00;0.000;0.00;0.00;0.00;0.00;0.000;0.00;0.00;0.00;0.00;0.000;0.00;0.00;0.00;0.00;0.000;0.00;0.00;0.00;0.00;0.000;0.00;0.00;0.00;0.00;0.000;0.00;0.00;0.00;0.00;0.000;0.00;0.00;0.00;0.00;0.000;0.00;0.00;0.00;0.00;0.000;0.00;0.00;0.00;0.00;0.000;0.00;0.00;0.00;0.00;0.000;0.00;0.00;0.00;0.00;0.000;0.00;0.00;0.00;0.00;0.000;0.00;0.00;0.00;0.00;0.000;0.00;0.00;0.00;0.00;0.000;0.00;0.00;0.00;0.00;0.000;0.00;0.00;0.00;0.00;0.000;0.00;0.00;0.00;0.00;0.000;0.00;0.00;0.00;0.00;0.000;0.00;0.00;0.00;0.00;0.000;0.00;0.00;0.00;0.00;0.000;0.00;0.00;0.00;0.00;0.000;0.00;0.00;0.00;0.00;0.000;0.00;0.00;0.00;0.00;0.000;0.00;0.00;0.00;0.00;0.000;0.00;0.00;0.00;0.00;0.000;0.00;0.00;0.00;895.84;16.000;235.15;0.60;30.19;223.96;4.000;58.79;0.13;30.19;335.94;6.000;88.18;0.24;30.19;223.96;4.000;58.79;0.17;30.19;0.00;0.000;0.00;0.00;0.00
64621;CRUMBED CHIC BURGERS  800G;24;4367.22;78.000;1146.36;0.09;30.19;0.00;0.000;0.00;0.00;0.00;0.00;0.000;0.00;0.00;0.00;0.00;0.000;0.00;0.00;0.00;0.00;0.000;0.00;0.00;0.00;0.00;0.000;0.00;0.00;0.00;0.00;0.000;0.00;0.00;0.00;0.00;0.000;0.00;0.00;0.00;0.00;0.000;0.00;0.00;0.00;0.00;0.000;0.00;0.00;0.00;0.00;0.000;0.00;0.00;0.00;0.00;0.000;0.00;0.00;0.00;0.00;0.000;0.00;0.00;0.00;0.00;0.000;0.00;0.00;0.00;0.00;0.000;0.00;0.00;0.00;0.00;0.000;0.00;0.00;0.00;0.00;0.000;0.00;0.00;0.00;0.00;0.000;0.00;0.00;0.00;0.00;0.000;0.00;0.00;0.00;0.00;0.000;0.00;0.00;0.00;0.00;0.000;0.00;0.00;0.00;0.00;0.000;0.00;0.00;0.00;0.00;0.000;0.00;0.00;0.00;0.00;0.000;0.00;0.00;0.00;0.00;0.000;0.00;0.00;0.00;0.00;0.000;0.00;0.00;0.00;0.00;0.000;0.00;0.00;0.00;0.00;0.000;0.00;0.00;0.00;0.00;0.000;0.00;0.00;0.00;0.00;0.000;0.00;0.00;0.00;0.00;0.000;0.00;0.00;0.00;0.00;0.000;0.00;0.00;0.00;0.00;0.000;0.00;0.00;0.00;0.00;0.000;0.00;0.00;0.00;0.00;0.000;0.00;0.00;0.00;0.00;0.000;0.00;0.00;0.00;0.00;0.000;0.00;0.00;0.00;0.00;0.000;0.00;0.00;0.00;0.00;0.000;0.00;0.00;0.00;0.00;0.000;0.00;0.00;0.00;0.00;0.000;0.00;0.00;0.00;0.00;0.000;0.00;0.00;0.00;0.00;0.000;0.00;0.00;0.00;0.00;0.000;0.00;0.00;0.00;0.00;0.000;0.00;0.00;0.00;1511.73;27.000;396.82;1.01;30.19;727.87;13.000;191.06;0.44;30.19;503.91;9.000;132.27;0.36;30.19;895.84;16.000;235.15;0.66;30.19;727.87;13.000;191.06;0.50;30.19
64931;SPAR T&T CHIC HOT HONEY P/KG;24;0.00;0.000;0.00;0.00;0.00;0.00;0.000;0.00;0.00;0.00;0.00;0.000;0.00;0.00;0.00;0.00;0.000;0.00;0.00;0.00;0.00;0.000;0.00;0.00;0.00;0.00;0.000;0.00;0.00;0.00;0.00;0.000;0.00;0.00;0.00;0.00;0.000;0.00;0.00;0.00;0.00;0.000;0.00;0.00;0.00;0.00;0.000;0.00;0.00;0.00;0.00;0.000;0.00;0.00;0.00;0.00;0.000;0.00;0.00;0.00;0.00;0.000;0.00;0.00;0.00;0.00;0.000;0.00;0.00;0.00;0.00;0.000;0.00;0.00;0.00;0.00;0.000;0.00;0.00;0.00;0.00;0.000;0.00;0.00;0.00;0.00;0.000;0.00;0.00;0.00;0.00;0.000;0.00;0.00;0.00;0.00;0.000;0.00;0.00;0.00;0.00;0.000;0.00;0.00;0.00;0.00;0.000;0.00;0.00;0.00;0.00;0.000;0.00;0.00;0.00;0.00;0.000;0.00;0.00;0.00;0.00;0.000;0.00;0.00;0.00;0.00;0.000;0.00;0.00;0.00;0.00;0.000;0.00;0.00;0.00;0.00;0.000;0.00;0.00;0.00;0.00;0.000;0.00;0.00;0.00;0.00;0.000;0.00;0.00;0.00;0.00;0.000;0.00;0.00;0.00;0.00;0.000;0.00;0.00;0.00;0.00;0.000;0.00;0.00;0.00;0.00;0.000;0.00;0.00;0.00;0.00;0.000;0.00;0.00;0.00;0.00;0.000;0.00;0.00;0.00;0.00;0.000;0.00;0.00;0.00;0.00;0.000;0.00;0.00;0.00;0.00;0.000;0.00;0.00;0.00;0.00;0.000;0.00;0.00;0.00;0.00;0.000;0.00;0.00;0.00;0.00;0.000;0.00;0.00;0.00;0.00;0.000;0.00;0.00;0.00;0.00;0.000;0.00;0.00;0.00;0.00;0.000;0.00;0.00;0.00;0.00;0.000;0.00;0.00;0.00;0.00;0.000;0.00;0.00;0.00;0.00;0.000;0.00;0.00;0.00;0.00;0.000;0.00;0.00;0.00;0.00;0.000;0.00;0.00;0.00
64932;SPAR T&T CHIC MOROCCAN P/KG;24;275.64;3.446;46.27;0.00;19.30;0.00;0.000;0.00;0.00;0.00;0.00;0.000;0.00;0.00;0.00;0.00;0.000;0.00;0.00;0.00;0.00;0.000;0.00;0.00;0.00;0.00;0.000;0.00;0.00;0.00;0.00;0.000;0.00;0.00;0.00;0.00;0.000;0.00;0.00;0.00;0.00;0.000;0.00;0.00;0.00;0.00;0.000;0.00;0.00;0.00;0.00;0.000;0.00;0.00;0.00;0.00;0.000;0.00;0.00;0.00;0.00;0.000;0.00;0.00;0.00;0.00;0.000;0.00;0.00;0.00;0.00;0.000;0.00;0.00;0.00;0.00;0.000;0.00;0.00;0.00;0.00;0.000;0.00;0.00;0.00;0.00;0.000;0.00;0.00;0.00;0.00;0.000;0.00;0.00;0.00;0.00;0.000;0.00;0.00;0.00;0.00;0.000;0.00;0.00;0.00;0.00;0.000;0.00;0.00;0.00;0.00;0.000;0.00;0.00;0.00;0.00;0.000;0.00;0.00;0.00;0.00;0.000;0.00;0.00;0.00;0.00;0.000;0.00;0.00;0.00;0.00;0.000;0.00;0.00;0.00;0.00;0.000;0.00;0.00;0.00;0.00;0.000;0.00;0.00;0.00;0.00;0.000;0.00;0.00;0.00;0.00;0.000;0.00;0.00;0.00;0.00;0.000;0.00;0.00;0.00;0.00;0.000;0.00;0.00;0.00;0.00;0.000;0.00;0.00;0.00;0.00;0.000;0.00;0.00;0.00;0.00;0.000;0.00;0.00;0.00;0.00;0.000;0.00;0.00;0.00;0.00;0.000;0.00;0.00;0.00;0.00;0.000;0.00;0.00;0.00;0.00;0.000;0.00;0.00;0.00;0.00;0.000;0.00;0.00;0.00;0.00;0.000;0.00;0.00;0.00;0.00;0.000;0.00;0.00;0.00;0.00;0.000;0.00;0.00;0.00;0.00;0.000;0.00;0.00;0.00;0.00;0.000;0.00;0.00;0.00;275.64;3.446;46.27;0.11;19.30;0.00;0.000;0.00;0.00;0.00;0.00;0.000;0.00;0.00;0.00;0.00;0.000;0.00;0.00;0.00
66207;NOORSVELD CHIC WHOLE;24;0.00;0.000;0.00;0.00;0.00;0.00;0.000;0.00;0.00;0.00;0.00;0.000;0.00;0.00;0.00;0.00;0.000;0.00;0.00;0.00;0.00;0.000;0.00;0.00;0.00;0.00;0.000;0.00;0.00;0.00;0.00;0.000;0.00;0.00;0.00;0.00;0.000;0.00;0.00;0.00;0.00;0.000;0.00;0.00;0.00;0.00;0.000;0.00;0.00;0.00;0.00;0.000;0.00;0.00;0.00;0.00;0.000;0.00;0.00;0.00;0.00;0.000;0.00;0.00;0.00;0.00;0.000;0.00;0.00;0.00;0.00;0.000;0.00;0.00;0.00;0.00;0.000;0.00;0.00;0.00;0.00;0.000;0.00;0.00;0.00;0.00;0.000;0.00;0.00;0.00;0.00;0.000;0.00;0.00;0.00;0.00;0.000;0.00;0.00;0.00;0.00;0.000;0.00;0.00;0.00;0.00;0.000;0.00;0.00;0.00;0.00;0.000;0.00;0.00;0.00;0.00;0.000;0.00;0.00;0.00;0.00;0.000;0.00;0.00;0.00;0.00;0.000;0.00;0.00;0.00;0.00;0.000;0.00;0.00;0.00;0.00;0.000;0.00;0.00;0.00;0.00;0.000;0.00;0.00;0.00;0.00;0.000;0.00;0.00;0.00;0.00;0.000;0.00;0.00;0.00;0.00;0.000;0.00;0.00;0.00;0.00;0.000;0.00;0.00;0.00;0.00;0.000;0.00;0.00;0.00;0.00;0.000;0.00;0.00;0.00;0.00;0.000;0.00;0.00;0.00;0.00;0.000;0.00;0.00;0.00;0.00;0.000;0.00;0.00;0.00;0.00;0.000;0.00;0.00;0.00;0.00;0.000;0.00;0.00;0.00;0.00;0.000;0.00;0.00;0.00;0.00;0.000;0.00;0.00;0.00;0.00;0.000;0.00;0.00;0.00;0.00;0.000;0.00;0.00;0.00;0.00;0.000;0.00;0.00;0.00;0.00;0.000;0.00;0.00;0.00;0.00;0.000;0.00;0.00;0.00;0.00;0.000;0.00;0.00;0.00;0.00;0.000;0.00;0.00;0.00;0.00;0.000;0.00;0.00;0.00
;Total (Overall);;7705609.62;103 255.222;1293341.60;100.00;19.30;95382.19;1 408.686;15347.71;100.00;18.50;99994.29;1 493.654;18295.11;100.00;21.04;100490.50;1 370.720;20060.41;100.00;22.96;95094.42;1 344.743;16497.03;100.00;19.95;105500.91;1 382.755;22591.55;100.00;24.63;105435.70;1 532.402;16778.88;100.00;18.30;105191.91;1 474.369;16479.35;100.00;18.02;92580.21;1 251.656;16058.67;100.00;19.95;140264.28;2 237.037;18877.51;100.00;15.48;147247.42;1 981.143;23998.22;100.00;18.74;126673.77;1 684.599;19711.21;100.00;17.89;117103.89;1 568.442;18629.99;100.00;18.30;124989.88;1 619.760;22799.28;100.00;20.98;112945.78;1 466.331;20170.32;100.00;20.54;133771.87;1 878.028;18630.36;100.00;16.02;115963.83;1 527.495;19030.84;100.00;18.87;137926.83;1 709.140;24149.63;100.00;20.14;130083.11;1 691.139;20546.16;100.00;18.16;166677.06;2 083.093;26232.65;100.00;18.10;144211.59;1 817.771;26051.21;100.00;20.77;138092.75;1 701.101;21354.96;100.00;17.78;187728.49;2 341.456;28664.12;100.00;17.56;141504.85;1 806.632;22044.89;100.00;17.92;150352.89;1 870.839;26456.79;100.00;20.24;138325.80;1 749.816;24115.83;100.00;20.05;132078.85;1 753.025;21488.62;100.00;18.71;163590.22;2 379.916;25656.62;100.00;18.04;156886.68;2 135.800;24776.94;100.00;18.16;146298.16;1 982.456;22898.20;100.00;18.00;174208.58;2 406.212;29557.43;100.00;19.51;173853.79;2 510.960;28760.82;100.00;19.02;166884.18;2 305.751;30033.34;100.00;20.70;172777.05;2 206.860;28824.93;100.00;19.19;214365.90;2 889.066;35080.94;100.00;18.82;182519.24;2 432.283;31700.48;100.00;19.97;168723.69;2 292.850;29378.18;100.00;20.02;190875.06;2 540.650;36687.11;100.00;22.10;189463.17;2 630.264;29620.46;100.00;17.98;198375.65;2 748.361;26655.35;100.00;15.45;178509.74;2 199.749;32678.20;100.00;21.05;197531.21;2 357.383;44658.53;100.00;26.00;204066.60;2 833.435;33869.72;100.00;19.09;195472.44;2 637.195;29576.93;100.00;17.40;201891.69;2 751.070;34470.09;100.00;19.63;233348.29;3 161.727;39108.59;100.00;19.27;238331.87;3 070.757;43556.63;100.00;21.02;233631.33;3 255.036;37130.57;100.00;18.28;216049.55;2 928.908;35404.29;100.00;18.85;222342.46;2 852.701;38195.92;100.00;19.76
