,,,Totals, ,01/03/22, ,01/04/22, ,01/05/22, ,01/06/22, ,01/07/22, ,01/08/22, ,01/09/22, ,01/10/22, ,01/11/22, ,01/12/22, ,01/01/23, ,01/02/23, ,01/03/23, ,01/04/23, ,01/05/23, ,01/06/23, ,01/07/23, ,01/08/23, ,01/09/23, ,01/10/23, ,01/11/23, ,01/12/23, ,01/01/24, ,01/02/24, ,01/03/24, ,01/04/24, ,01/05/24, ,01/06/24, ,01/07/24, ,01/08/24, ,01/09/24, ,01/10/24, ,01/11/24, ,01/12/24, ,01/01/25, ,01/02/25, ,01/03/25, ,01/04/25, ,01/05/25, ,01/06/25, ,01/07/25, ,01/08/25, ,01/09/25, ,01/10/25, ,01/11/25, ,01/12/25, ,01/01/26, ,01/02/26, ,01/03/26, ,01/04/26, 
Product Code,Product Description,Department,< Sales Quantity,GP Ratio (%),Sales Quantity,GP Ratio (%),Sales Quantity,GP Ratio (%),Sales Quantity,GP Ratio (%),Sales Quantity,GP Ratio (%),Sales Quantity,GP Ratio (%),Sales Quantity,GP Ratio (%),Sales Quantity,GP Ratio (%),Sales Quantity,GP Ratio (%),Sales Quantity,GP Ratio (%),Sales Quantity,GP Ratio (%),Sales Quantity,GP Ratio (%),Sales Quantity,GP Ratio (%),Sales Quantity,GP Ratio (%),Sales Quantity,GP Ratio (%),Sales Quantity,GP Ratio (%),Sales Quantity,GP Ratio (%),Sales Quantity,GP Ratio (%),Sales Quantity,GP Ratio (%),Sales Quantity,GP Ratio (%),Sales Quantity,GP Ratio (%),Sales Quantity,GP Ratio (%),Sales Quantity,GP Ratio (%),Sales Quantity,GP Ratio (%),Sales Quantity,GP Ratio (%),Sales Quantity,GP Ratio (%),Sales Quantity,GP Ratio (%),Sales Quantity,GP Ratio (%),Sales Quantity,GP Ratio (%),Sales Quantity,GP Ratio (%),Sales Quantity,GP Ratio (%),Sales Quantity,GP Ratio (%),Sales Quantity,GP Ratio (%),Sales Quantity,GP Ratio (%),Sales Quantity,GP Ratio (%),Sales Quantity,GP Ratio (%),Sales Quantity,GP Ratio (%),Sales Quantity,GP Ratio (%),Sales Quantity,GP Ratio (%),Sales Quantity,GP Ratio (%),Sales Quantity,GP Ratio (%),Sales Quantity,GP Ratio (%),Sales Quantity,GP Ratio (%),Sales Quantity,GP Ratio (%),Sales Quantity,GP Ratio (%),Sales Quantity,GP Ratio (%),Sales Quantity,GP Ratio (%),Sales Quantity,GP Ratio (%),Sales Quantity,GP Ratio (%),Sales Quantity,GP Ratio (%),Sales Quantity,GP Ratio (%)
56247,B/WORS ROLL BUTCH,2,20 249.000,2.74,0.000,0.00,0.000,0.00,0.000,0.00,0.000,0.00,0.000,0.00,0.000,0.00,0.000,0.00,0.000,0.00,0.000,0.00,0.000,0.00,0.000,0.00,0.000,0.00,0.000,0.00,0.000,0.00,0.000,0.00,0.000,0.00,0.000,0.00,0.000,0.00,0.000,0.00,0.000,0.00,0.000,0.00,0.000,0.00,0.000,0.00,1 105.000,2.80,2 064.000,3.98,996.000,2.32,1 072.000,2.14,1 110.000,2.31,1 055.000,2.30,782.000,1.47,475.000,0.93,1 124.000,1.59,1 483.000,11.25,1 684.000,12.59,486.000,5.83,759.000,7.02,799.000,7.58,619.000,5.86,812.000,7.00,572.000,4.69,966.000,7.36,461.000,3.96,626.000,4.59,258.000,2.52,224.000,2.31,403.000,2.98,141.000,1.62,140.000,1.79,33.000,0.39,0.000,0.00
34204,BULK PORK LOIN CHOPS,2,12 351.930,3.54,285.660,6.19,341.801,8.45,461.336,5.38,362.955,8.49,391.305,5.43,800.821,8.02,1 164.748,17.99,1 182.581,20.46,840.566,14.95,670.989,7.46,434.244,5.77,639.215,9.92,689.386,12.74,793.004,11.51,576.193,8.50,402.268,6.75,401.610,8.79,684.843,10.52,455.488,13.81,334.853,12.49,301.925,9.72,136.139,1.41,0.000,0.00,0.000,0.00,0.000,0.00,0.000,0.00,0.000,0.00,0.000,0.00,0.000,0.00,0.000,0.00,0.000,0.00,0.000,0.00,0.000,0.00,0.000,0.00,0.000,0.00,0.000,0.00,0.000,0.00,0.000,0.00,0.000,0.00,0.000,0.00,0.000,0.00,0.000,0.00,0.000,0.00,0.000,0.00,0.000,0.00,0.000,0.00,0.000,0.00,0.000,0.00,0.000,0.00,0.000,0.00
34199,BULK LEAN BEEF MINCE,2,11 874.176,3.61,184.978,6.50,178.517,6.88,220.587,9.38,163.925,6.24,229.451,6.24,235.079,5.41,224.974,3.29,189.268,4.45,236.139,3.56,196.840,1.90,169.687,2.83,207.939,2.58,284.880,3.77,217.003,3.33,294.340,5.53,254.562,2.01,221.690,2.18,263.064,2.56,268.289,2.68,247.487,4.38,283.444,4.38,240.684,2.92,238.853,5.73,269.484,5.18,279.422,4.09,328.411,5.18,313.704,5.01,301.476,4.64,377.828,5.55,298.079,5.46,332.796,5.05,274.993,4.09,198.067,2.93,234.488,2.66,218.707,3.35,242.066,2.92,362.857,2.02,351.350,3.32,206.076,4.01,138.435,4.08,199.518,4.10,229.730,3.02,169.026,2.64,210.774,2.92,165.724,2.91,142.367,1.95,171.053,2.26,197.196,1.34,263.600,-0.47,145.269,-0.86
34203,BULK PORK BRAAI CHOPS,2,11 015.344,3.44,617.450,7.62,639.684,6.96,516.588,7.28,489.704,6.75,608.119,6.85,642.530,12.11,611.509,12.40,438.052,6.38,376.248,12.49,737.597,19.90,427.879,15.89,475.920,10.76,524.069,9.02,671.470,10.13,577.920,7.28,491.711,9.81,634.598,9.67,338.979,7.53,395.195,11.60,363.668,6.66,299.029,6.01,137.425,1.92,0.000,0.00,0.000,0.00,0.000,0.00,0.000,0.00,0.000,0.00,0.000,0.00,0.000,0.00,0.000,0.00,0.000,0.00,0.000,0.00,0.000,0.00,0.000,0.00,0.000,0.00,0.000,0.00,0.000,0.00,0.000,0.00,0.000,0.00,0.000,0.00,0.000,0.00,0.000,0.00,0.000,0.00,0.000,0.00,0.000,0.00,0.000,0.00,0.000,0.00,0.000,0.00,0.000,0.00,0.000,0.00
11136,SPAR YB PORK LION WHOLE,2,9 051.298,2.73,0.000,0.00,0.000,0.00,0.000,0.00,0.000,0.00,0.000,0.00,0.000,0.00,0.000,0.00,0.000,0.00,0.000,0.00,0.000,0.00,0.000,0.00,0.000,0.00,0.000,0.00,0.000,0.00,0.000,0.00,0.000,0.00,0.000,0.00,0.000,0.00,0.000,0.00,0.000,0.00,0.000,0.00,165.169,2.74,412.632,7.40,426.645,6.19,379.020,5.63,305.298,5.15,320.622,5.35,335.094,6.46,390.822,7.04,535.414,7.34,421.596,7.38,337.380,6.66,529.186,6.20,540.998,5.45,513.463,6.69,705.224,8.19,942.455,6.95,437.103,6.18,447.371,4.45,372.965,4.62,335.041,3.84,197.800,2.06,0.000,0.00,0.000,0.00,0.000,0.00,0.000,0.00,0.000,0.00,0.000,0.00,0.000,0.00,0.000,0.00
34254, MEATY  BONES,2,7 576.526,1.34,21.196,0.32,5.137,0.07,0.000,0.00,52.697,0.85,320.989,4.05,427.194,5.30,382.653,3.47,282.397,2.33,130.182,1.29,94.167,0.64,47.404,0.68,174.197,1.96,496.688,3.71,279.568,2.68,163.339,1.78,116.254,1.49,86.098,1.05,52.900,0.70,36.574,0.41,25.250,0.31,36.039,0.33,36.779,0.23,36.030,0.37,25.142,0.26,152.133,1.46,259.582,2.92,400.609,3.89,310.930,3.15,289.114,3.07,300.955,2.75,61.466,0.59,63.239,0.61,103.916,0.83,29.913,0.18,29.260,0.28,50.067,0.43,179.227,0.83,297.567,1.18,288.946,2.02,304.433,2.47,216.798,1.96,180.226,1.55,48.094,0.49,70.140,0.46,140.297,0.86,37.267,0.16,126.371,0.82,135.419,0.99,80.281,0.54,91.402,1.21
11132,YB PORK SHLDR B/IN,2,7 369.129,2.11,0.000,0.00,0.000,0.00,0.000,0.00,0.000,0.00,0.000,0.00,0.000,0.00,0.000,0.00,0.000,0.00,0.000,0.00,0.000,0.00,0.000,0.00,0.000,0.00,0.000,0.00,0.000,0.00,0.000,0.00,0.000,0.00,0.000,0.00,0.000,0.00,0.000,0.00,0.000,0.00,0.000,0.00,479.333,6.95,366.655,6.63,659.592,8.90,843.420,11.63,657.121,10.16,498.779,9.37,751.002,8.57,353.805,3.42,380.973,3.78,361.355,3.65,0.000,0.00,0.000,0.00,0.000,0.00,0.000,0.00,0.000,0.00,0.000,0.00,45.023,0.68,570.046,7.39,385.271,5.66,585.725,6.32,431.029,4.00,0.000,0.00,0.000,0.00,0.000,0.00,0.000,0.00,0.000,0.00,0.000,0.00,0.000,0.00,0.000,0.00
34160,BEEF LEAN MINCE,2,7 280.100,3.14,105.280,3.33,121.806,3.73,140.799,5.31,157.838,4.82,190.608,4.17,181.704,4.16,145.539,3.75,97.872,3.61,113.638,3.36,113.324,1.91,136.911,4.33,126.836,3.61,144.515,3.82,159.007,3.97,152.604,4.30,157.424,3.47,190.409,2.63,241.321,3.59,203.104,2.58,173.752,4.21,124.650,3.12,151.459,3.00,148.514,5.05,171.386,4.46,190.397,3.37,154.842,3.71,182.900,4.21,143.179,3.15,219.166,4.24,184.138,4.46,182.434,3.59,139.944,2.82,119.338,2.37,117.519,1.97,114.325,3.02,142.896,2.80,175.864,2.53,152.766,2.91,119.816,2.84,96.100,3.30,108.654,3.11,128.540,2.28,126.400,2.70,130.066,2.38,113.137,2.36,107.811,1.67,119.946,1.99,126.203,1.77,154.165,2.22,79.254,2.21
14922,BRITOS BACON DICED,2,6 212.000,0.91,71.000,0.66,130.000,1.03,140.000,1.28,175.000,1.64,185.000,1.34,183.000,1.37,165.000,1.22,229.000,1.98,204.000,1.89,98.000,0.58,80.000,0.91,150.000,1.62,157.000,1.33,180.000,1.49,76.000,0.72,118.000,1.07,89.000,0.83,40.000,0.42,118.000,0.84,104.000,0.59,108.000,0.75,127.000,0.75,70.000,0.69,90.000,0.87,84.000,0.62,118.000,1.05,92.000,0.70,130.000,1.04,110.000,1.06,121.000,1.00,132.000,1.14,123.000,1.09,100.000,0.73,90.000,0.47,94.000,0.77,106.000,0.77,129.000,0.84,119.000,0.77,92.000,0.55,126.000,0.82,103.000,0.64,113.000,0.67,116.000,0.88,99.000,0.66,156.000,0.85,144.000,0.54,148.000,0.87,164.000,1.06,203.000,1.23,113.000,1.33
11137,BULK PORK NECK STEAK,2,4 988.591,1.90,0.000,0.00,0.000,0.00,0.000,0.00,0.000,0.00,0.000,0.00,0.000,0.00,0.000,0.00,0.000,0.00,0.000,0.00,0.000,0.00,0.000,0.00,0.000,0.00,0.000,0.00,0.000,0.00,0.000,0.00,54.595,0.94,174.822,4.41,185.835,4.15,107.432,3.47,117.984,2.94,186.012,2.93,118.684,2.74,161.723,3.92,179.824,2.65,311.176,4.17,263.528,4.16,182.870,2.78,192.041,4.82,147.420,3.89,279.823,3.25,218.424,4.62,280.257,5.57,251.512,3.30,220.636,3.21,161.237,3.73,151.268,3.31,315.770,2.68,163.721,2.95,208.256,2.65,162.440,2.52,125.519,2.14,65.782,0.80,0.000,0.00,0.000,0.00,0.000,0.00,0.000,0.00,0.000,0.00,0.000,0.00,0.000,0.00,0.000,0.00
34289,PORK STEWING,2,4 695.103,1.69,189.796,7.78,224.934,9.24,203.944,10.34,193.883,8.24,223.408,7.47,212.048,7.39,165.241,5.13,156.607,5.48,122.675,4.87,78.210,1.52,77.060,1.93,66.898,1.60,86.357,1.62,119.602,2.55,58.009,1.40,48.406,1.27,75.479,1.77,76.243,1.58,66.690,0.90,55.888,0.82,79.214,1.12,80.136,0.79,76.178,1.26,65.781,1.07,80.977,1.00,100.173,1.50,98.182,1.26,87.363,1.17,85.873,1.19,91.069,1.09,100.622,1.26,101.602,1.30,108.378,1.14,84.888,0.68,98.383,1.27,202.291,-0.13,196.653,0.44,150.368,2.17,239.657,1.15,65.937,0.04,0.000,0.00,0.000,0.00,0.000,0.00,0.000,0.00,0.000,0.00,0.000,0.00,0.000,0.00,0.000,0.00,0.000,0.00,0.000,0.00
99990201,BUTCHERY 15%,2,4 690.000,1.23,31.000,6.15,28.000,0.88,11.000,0.70,3.000,0.44,829.000,2.42,223.000,0.63,45.000,2.52,18.000,1.10,6.000,1.58,175.000,4.42,18.000,-0.16,489.000,5.47,136.000,4.06,18.000,1.14,197.000,1.25,22.000,0.54,-1.000,-0.17,22.000,0.73,1.000,-0.08,226.000,1.50,24.000,0.37,31.000,0.44,386.000,1.27,212.000,0.79,32.000,0.92,47.000,1.94,44.000,1.53,23.000,0.55,29.000,0.47,4.000,0.04,27.000,0.41,21.000,0.87,16.000,0.56,113.000,2.52,2.000,0.17,615.000,2.44,38.000,1.03,17.000,0.89,23.000,0.60,11.000,0.57,20.000,1.00,40.000,0.48,16.000,0.61,18.000,0.49,16.000,0.48,273.000,3.41,35.000,0.20,25.000,1.12,20.000,0.36,15.000,0.52
53487,STEAK PACK,2,4 653.595,2.10,0.000,0.00,0.000,0.00,0.000,0.00,0.000,0.00,0.000,0.00,0.000,0.00,0.000,0.00,0.000,0.00,0.000,0.00,0.000,0.00,0.000,0.00,0.000,0.00,0.000,0.00,0.000,0.00,0.000,0.00,60.038,2.17,141.036,3.82,129.916,3.66,156.444,3.96,173.928,3.96,131.592,3.05,254.806,3.32,126.916,2.20,134.315,2.46,135.949,2.59,123.904,3.57,177.522,4.51,154.762,3.99,111.956,2.80,200.396,3.57,140.756,2.92,183.818,3.15,171.667,2.53,195.252,2.87,83.374,1.74,136.811,2.32,260.518,3.36,179.642,3.72,146.603,2.56,84.226,1.83,50.952,0.83,58.704,1.20,56.806,1.24,108.724,2.24,56.632,1.41,134.562,2.41,114.908,3.20,103.800,2.57,122.316,3.18,50.044,2.77
34200,BULK GRABOUW BOEREWORS,2,4 403.585,1.72,39.772,1.19,63.364,1.69,56.106,1.72,47.990,1.53,78.636,1.98,72.866,1.91,66.370,1.55,59.851,1.57,54.294,1.36,94.514,1.27,77.063,2.07,61.176,1.91,94.797,2.25,95.170,2.08,70.357,2.52,55.406,1.99,70.441,1.59,70.510,1.65,104.862,2.10,80.440,1.76,84.642,1.78,158.171,2.35,93.026,3.01,77.871,1.56,97.924,1.68,95.159,1.96,96.412,1.36,118.914,1.74,94.464,1.45,98.458,1.30,124.945,1.27,102.832,1.87,131.910,1.78,154.379,1.50,88.208,1.93,72.960,1.41,134.022,1.93,91.670,1.58,129.375,2.16,106.962,1.69,93.539,1.60,81.158,1.54,75.032,1.55,78.176,1.43,88.199,1.91,128.651,1.93,82.508,1.79,80.138,1.52,86.477,1.07,43.418,1.04
34297,SAAGSELS,2,4 276.848,0.40,156.155,0.31,159.697,0.70,97.017,0.74,102.540,0.81,87.721,0.54,118.717,0.77,105.753,0.61,109.994,0.71,82.497,0.53,145.931,0.57,123.058,0.95,97.195,0.71,116.255,0.67,121.362,0.70,100.047,0.64,72.495,0.45,95.754,0.52,93.613,0.55,66.845,0.34,69.891,0.38,76.033,0.40,92.998,0.34,58.871,0.36,71.893,0.43,120.570,0.56,72.254,0.40,80.146,0.38,71.875,0.36,73.015,0.38,76.065,0.34,80.935,0.38,64.398,0.31,70.075,0.28,76.804,0.23,74.996,0.36,55.058,0.23,90.109,0.34,80.871,0.31,106.805,0.37,62.119,0.23,75.975,0.27,88.741,0.31,68.395,0.30,65.638,0.26,62.115,0.26,84.667,0.25,51.738,0.24,48.107,0.25,49.403,0.23,3.642,0.03
44450,BULK WILTSHIRE PORK SAUSAGE,2,4 265.738,1.34,0.000,0.00,0.000,0.00,2.118,0.04,20.066,0.36,46.056,0.64,84.728,1.23,82.438,1.40,61.702,1.31,79.697,2.22,98.434,1.56,68.398,3.97,46.346,1.28,81.694,1.73,67.845,1.43,80.408,1.97,90.268,1.88,95.361,2.01,98.039,2.22,80.837,2.21,48.378,1.50,53.827,1.51,101.820,2.02,49.934,1.22,70.158,1.18,62.172,0.80,54.168,0.84,99.560,1.32,85.232,1.18,97.108,1.40,104.002,1.29,131.578,1.76,109.480,1.56,139.334,1.52,156.100,1.24,130.859,1.67,150.838,1.70,116.701,1.18,122.334,1.23,131.999,1.21,120.944,1.55,101.402,1.47,112.883,1.27,69.898,-0.04,139.030,0.53,95.112,1.22,155.227,1.53,92.360,1.40,67.301,0.96,63.830,0.85,47.734,1.23
58339,YOH FLAVA BBQ,2,4 161.000,0.23,0.000,0.00,0.000,0.00,0.000,0.00,0.000,0.00,0.000,0.00,0.000,0.00,0.000,0.00,0.000,0.00,0.000,0.00,0.000,0.00,0.000,0.00,0.000,0.00,0.000,0.00,0.000,0.00,0.000,0.00,0.000,0.00,0.000,0.00,0.000,0.00,0.000,0.00,0.000,0.00,0.000,0.00,0.000,0.00,0.000,0.00,0.000,0.00,0.000,0.00,0.000,0.00,0.000,0.00,0.000,0.00,57.000,0.16,128.000,0.32,122.000,0.32,175.000,0.47,263.000,0.58,120.000,0.20,138.000,0.37,76.000,0.18,104.000,0.22,63.000,0.13,299.000,0.58,274.000,0.58,221.000,0.45,319.000,0.62,319.000,0.79,288.000,0.63,232.000,0.54,223.000,0.37,204.000,0.53,210.000,0.61,221.000,0.60,105.000,0.55
34189,GRABOUW BOEREWORS,2,4 053.194,2.23,54.817,2.33,67.050,2.62,60.960,2.75,51.527,2.38,71.869,2.61,54.353,2.06,66.966,2.26,81.288,2.84,61.416,2.04,92.104,1.88,86.402,3.69,59.911,3.11,72.553,2.88,94.706,3.15,64.742,3.09,44.562,2.10,68.275,1.94,71.554,2.06,101.576,2.50,79.744,2.14,83.510,2.52,131.736,2.96,88.194,3.45,76.815,2.38,109.605,2.45,79.641,2.10,83.663,1.90,87.822,1.84,79.448,1.81,82.402,1.76,94.897,1.64,88.650,2.38,98.288,2.06,124.176,1.39,65.538,2.01,75.429,2.04,115.091,2.02,90.737,2.30,115.222,2.41,100.481,1.67,80.759,2.32,66.109,1.77,85.997,2.46,79.532,2.02,77.160,2.25,91.477,1.88,76.736,2.32,64.292,1.55,108.271,2.28,45.141,1.85
34202,1/4 MUTTON,2,3 589.126,1.33,109.100,2.65,243.709,5.37,51.248,1.81,22.546,0.53,136.865,2.21,69.448,1.21,35.058,0.42,86.793,0.80,77.332,1.44,337.642,5.19,70.643,2.60,28.389,1.04,51.404,1.65,41.191,0.99,119.182,1.88,70.518,1.54,117.250,3.33,46.688,1.99,20.006,0.83,15.480,0.70,36.954,1.32,135.560,3.23,8.990,0.31,64.700,2.30,73.896,2.06,19.520,0.66,35.568,1.02,38.388,1.15,0.000,0.00,6.774,0.20,34.834,1.05,63.068,1.79,16.398,0.29,222.578,2.98,0.000,0.00,31.814,0.57,330.533,-0.49,166.534,0.38,46.662,0.86,64.383,1.31,30.694,0.49,36.406,0.79,0.000,0.00,53.798,1.17,76.630,1.76,180.049,2.00,39.477,0.89,24.426,0.60,0.000,0.00,0.000,0.00
63470, PORK SHOULDER BRAAI CHOPS,2,3 483.365,1.49,0.000,0.00,0.000,0.00,0.000,0.00,0.000,0.00,0.000,0.00,0.000,0.00,0.000,0.00,0.000,0.00,0.000,0.00,0.000,0.00,0.000,0.00,0.000,0.00,0.000,0.00,0.000,0.00,0.000,0.00,0.000,0.00,0.000,0.00,0.000,0.00,0.000,0.00,0.000,0.00,0.000,0.00,0.000,0.00,0.000,0.00,0.000,0.00,0.000,0.00,0.000,0.00,0.000,0.00,0.000,0.00,0.000,0.00,0.000,0.00,0.000,0.00,0.000,0.00,0.000,0.00,0.000,0.00,0.000,0.00,0.000,0.00,0.000,0.00,0.000,0.00,0.000,0.00,0.000,0.00,0.000,0.00,262.092,2.10,621.651,5.80,314.018,6.22,434.515,9.12,617.486,9.30,274.798,8.95,373.590,8.10,404.801,9.07,180.414,8.56
34172,BULK BEEF SIRLOIN,2,3 262.594,1.82,17.939,0.92,54.568,1.27,21.899,1.40,18.201,1.12,59.452,2.27,54.074,2.05,38.600,1.46,33.920,1.44,35.262,1.51,52.263,1.40,42.556,2.32,42.751,2.51,69.979,2.65,56.223,1.83,40.097,2.42,37.146,2.36,52.426,1.11,59.952,1.62,76.526,2.04,59.471,2.51,60.476,2.21,73.162,1.94,65.048,3.17,46.959,1.73,73.489,1.47,59.021,1.86,30.458,1.59,37.222,1.01,59.031,1.15,77.710,1.49,125.915,0.45,190.347,2.22,166.983,2.53,111.654,2.56,62.914,2.09,91.317,1.96,73.882,1.97,90.663,2.06,74.308,2.71,60.750,2.65,57.002,2.40,45.086,1.34,51.464,1.64,64.202,1.34,76.630,1.61,61.267,1.33,67.985,0.44,132.182,0.67,115.669,1.85,36.493,3.74
61155,DELICO SALAMI STICKS 2'S,2,3 213.000,0.38,0.000,0.00,0.000,0.00,0.000,0.00,0.000,0.00,0.000,0.00,0.000,0.00,0.000,0.00,0.000,0.00,0.000,0.00,0.000,0.00,0.000,0.00,0.000,0.00,0.000,0.00,0.000,0.00,0.000,0.00,0.000,0.00,0.000,0.00,0.000,0.00,0.000,0.00,0.000,0.00,0.000,0.00,0.000,0.00,0.000,0.00,0.000,0.00,0.000,0.00,0.000,0.00,0.000,0.00,0.000,0.00,0.000,0.00,0.000,0.00,0.000,0.00,0.000,0.00,0.000,0.00,0.000,0.00,0.000,0.00,23.000,0.10,340.000,1.33,263.000,1.13,75.000,0.32,120.000,0.66,117.000,0.53,248.000,1.07,266.000,1.46,293.000,1.43,276.000,1.30,294.000,0.87,275.000,1.41,253.000,1.79,254.000,1.86,116.000,1.64
46061,BULK FARMHOUSE WORS,2,3 081.847,0.79,0.000,0.00,0.000,0.00,0.000,0.00,0.000,0.00,0.000,0.00,0.000,0.00,16.936,0.31,21.724,0.46,2.306,0.05,119.402,0.78,103.984,1.34,78.542,0.97,113.414,1.09,118.813,1.14,67.709,1.09,67.803,0.96,90.604,0.78,127.784,0.60,116.622,0.91,87.646,0.50,101.396,0.80,198.108,1.43,56.346,0.87,132.764,2.16,89.486,1.09,98.840,1.67,140.439,2.03,119.097,1.80,124.268,1.96,162.040,2.20,145.939,2.16,88.052,1.44,95.081,1.23,158.858,2.18,66.100,1.45,65.504,1.27,56.398,0.98,49.180,0.85,0.662,0.01,0.000,0.00,0.000,0.00,0.000,0.00,0.000,0.00,0.000,0.00,0.000,0.00,0.000,0.00,0.000,0.00,0.000,0.00,0.000,0.00,0.000,0.00
34198,BULK B/VALE SPAR BOEREWORS,2,3 054.330,1.31,49.724,1.57,60.744,1.44,61.288,1.67,61.596,1.73,79.658,1.76,64.482,1.49,73.910,1.52,39.656,0.98,63.451,1.62,101.406,1.55,67.062,2.03,46.924,1.50,46.786,1.16,66.790,1.51,40.115,1.48,43.716,1.61,87.766,2.09,61.690,1.49,68.800,1.42,61.280,1.38,67.406,1.47,154.172,2.33,60.147,1.80,49.708,1.26,68.348,1.32,51.252,1.20,78.326,1.57,87.472,1.83,66.424,1.45,80.674,1.52,75.316,1.41,61.316,1.11,22.944,0.34,81.720,1.08,65.172,1.39,72.372,1.36,3.792,0.06,0.000,0.00,6.886,0.11,37.236,0.75,47.476,1.13,75.513,1.54,50.404,1.18,76.049,1.48,67.909,1.55,101.669,1.65,69.082,1.63,63.313,1.43,52.844,0.97,12.544,0.45
34283,BULK PORK BRAAI CHOPS,2,2 976.970,0.78,12.272,0.07,0.000,0.00,39.732,0.23,41.791,0.36,53.632,0.70,49.388,0.42,0.000,0.00,37.736,0.63,23.294,0.56,0.000,0.00,17.378,0.21,43.039,0.94,0.000,0.00,0.000,0.00,86.250,0.17,27.362,0.05,71.490,0.12,59.566,0.31,1.888,0.01,4.300,0.05,132.239,2.66,25.274,0.35,0.000,0.00,0.000,0.00,20.204,-0.24,0.000,0.00,0.000,0.00,0.000,0.00,0.000,0.00,0.000,0.00,0.000,0.00,0.000,0.00,0.000,0.00,414.240,4.57,322.337,5.70,368.536,5.76,476.196,4.44,648.826,5.54,0.000,0.00,0.000,0.00,0.000,0.00,0.000,0.00,0.000,0.00,0.000,0.00,0.000,0.00,0.000,0.00,0.000,0.00,0.000,0.00,0.000,0.00,0.000,0.00
52186,BULK GROUND BEEF,2,2 812.560,0.88,0.000,0.00,0.000,0.00,0.000,0.00,0.000,0.00,0.000,0.00,0.000,0.00,0.000,0.00,0.000,0.00,0.000,0.00,0.000,0.00,0.000,0.00,0.000,0.00,4.950,0.10,11.548,0.17,5.628,0.07,17.770,0.20,43.260,0.39,57.556,0.67,29.824,0.37,59.803,0.55,45.526,0.37,46.140,0.06,4.956,0.04,34.283,-0.07,16.420,0.10,8.916,0.09,80.865,0.73,31.784,0.30,50.545,0.50,96.410,0.81,39.874,0.35,169.316,1.53,137.346,1.24,74.998,0.61,131.656,1.72,93.336,1.08,93.744,0.97,74.870,1.26,156.586,2.85,116.350,3.43,85.763,2.33,139.416,1.83,100.810,1.62,142.182,1.89,120.872,1.90,128.074,1.29,99.356,1.35,117.545,1.86,88.844,1.36,55.438,1.65
63471,PORK RIB/LOIN CHOPS,2,2 741.040,1.09,0.000,0.00,0.000,0.00,0.000,0.00,0.000,0.00,0.000,0.00,0.000,0.00,0.000,0.00,0.000,0.00,0.000,0.00,0.000,0.00,0.000,0.00,0.000,0.00,0.000,0.00,0.000,0.00,0.000,0.00,0.000,0.00,0.000,0.00,0.000,0.00,0.000,0.00,0.000,0.00,0.000,0.00,0.000,0.00,0.000,0.00,0.000,0.00,0.000,0.00,0.000,0.00,0.000,0.00,0.000,0.00,0.000,0.00,0.000,0.00,0.000,0.00,0.000,0.00,0.000,0.00,0.000,0.00,0.000,0.00,0.000,0.00,0.000,0.00,0.000,0.00,0.000,0.00,0.000,0.00,0.000,0.00,158.784,1.38,334.749,6.08,340.182,5.10,454.464,4.19,452.597,5.92,368.864,5.25,223.421,6.49,270.445,7.61,137.534,9.31
34949,B/VALE SPAR BOEREWORS,2,2 546.524,1.48,56.544,2.51,50.088,1.85,38.336,1.63,49.702,2.18,56.268,1.94,51.560,1.85,42.916,1.37,53.973,1.84,65.104,2.10,127.084,2.47,71.304,2.90,35.564,1.65,42.860,1.55,50.274,1.71,35.671,1.73,49.556,2.38,68.895,1.98,54.398,1.61,60.800,1.54,80.264,2.21,69.695,2.16,87.146,1.99,40.192,1.65,53.172,1.60,71.592,1.64,46.334,1.28,68.810,1.63,60.138,1.49,60.674,1.57,52.342,1.17,52.048,1.28,43.860,1.18,18.236,0.40,50.092,0.94,62.772,1.89,68.128,1.81,3.624,0.09,0.000,0.00,7.252,0.15,18.272,0.47,34.338,1.29,66.459,2.00,29.182,0.92,52.117,1.39,69.151,2.10,75.349,1.63,41.383,1.33,53.977,1.70,34.392,0.93,14.636,0.77
14926,BRITOS BACK BACON,2,2 437.000,0.38,65.000,0.62,58.000,0.49,105.000,1.03,130.000,1.31,133.000,1.02,137.000,1.09,143.000,1.13,140.000,1.29,127.000,1.14,73.000,0.53,24.000,0.35,21.000,0.29,65.000,0.72,65.000,0.71,36.000,0.44,27.000,0.31,24.000,0.23,14.000,0.10,32.000,0.21,66.000,0.47,34.000,0.26,44.000,0.30,22.000,0.25,18.000,0.20,42.000,0.36,61.000,0.63,62.000,0.56,33.000,0.30,48.000,0.55,20.000,0.20,14.000,0.14,17.000,0.18,21.000,0.18,29.000,0.17,22.000,0.20,23.000,0.18,41.000,0.29,31.000,0.22,20.000,0.12,22.000,0.16,27.000,0.18,32.000,0.20,24.000,0.20,56.000,0.39,56.000,0.38,57.000,0.27,18.000,0.13,26.000,0.21,22.000,0.17,10.000,0.15
34211,FARMHOUSE WORS,2,2 416.263,0.93,90.822,0.88,17.564,0.47,3.314,0.10,60.817,1.56,150.135,2.89,0.000,0.00,29.288,0.52,81.975,1.66,22.183,0.44,66.616,0.98,89.671,2.47,73.174,2.26,113.516,2.51,90.579,2.41,48.094,1.51,44.273,1.31,60.860,1.37,66.530,1.04,61.779,1.16,84.098,1.31,63.765,1.35,98.670,1.49,50.860,1.37,80.344,1.88,55.415,0.90,59.405,1.18,88.130,1.45,82.536,1.60,58.336,1.25,98.240,1.81,69.652,1.39,49.572,1.07,54.458,1.02,67.420,1.15,46.770,1.27,67.782,1.63,43.334,0.93,26.286,0.61,0.000,0.00,0.000,0.00,0.000,0.00,0.000,0.00,0.000,0.00,0.000,0.00,0.000,0.00,0.000,0.00,0.000,0.00,0.000,0.00,0.000,0.00,0.000,0.00
34271,PETS MINCE,2,2 381.580,0.41,60.584,0.77,82.000,0.95,86.506,1.15,47.006,0.64,45.186,0.49,30.658,0.34,22.396,0.22,9.280,0.10,14.994,0.17,6.752,0.05,12.682,0.17,16.320,0.21,21.106,0.21,46.598,0.46,113.120,1.27,86.980,0.94,58.534,0.55,114.980,1.17,43.814,0.38,63.528,0.60,65.356,0.60,37.794,0.24,48.436,0.52,13.402,0.14,21.464,0.17,45.324,0.44,8.718,0.07,73.204,0.63,49.472,0.45,40.046,0.31,33.578,0.27,17.138,0.14,57.486,0.39,20.544,0.11,33.778,0.28,23.282,0.17,13.350,0.09,50.004,0.33,63.998,0.39,59.400,0.39,64.732,0.41,73.656,0.44,54.256,0.42,70.972,0.48,80.318,0.58,47.840,0.25,72.736,0.58,55.940,0.50,66.200,0.55,36.132,0.58
58340,YOH FLAVA CHICKEN,2,2 317.000,0.12,0.000,0.00,0.000,0.00,0.000,0.00,0.000,0.00,0.000,0.00,0.000,0.00,0.000,0.00,0.000,0.00,0.000,0.00,0.000,0.00,0.000,0.00,0.000,0.00,0.000,0.00,0.000,0.00,0.000,0.00,0.000,0.00,0.000,0.00,0.000,0.00,0.000,0.00,0.000,0.00,0.000,0.00,0.000,0.00,0.000,0.00,0.000,0.00,0.000,0.00,0.000,0.00,0.000,0.00,0.000,0.00,31.000,0.08,48.000,0.11,64.000,0.16,85.000,0.21,123.000,0.25,88.000,0.14,84.000,0.21,78.000,0.17,85.000,0.17,67.000,0.13,136.000,0.25,169.000,0.33,115.000,0.22,145.000,0.26,164.000,0.38,139.000,0.28,173.000,0.37,103.000,0.16,145.000,0.35,113.000,0.30,109.000,0.27,53.000,0.26
34383,BBQ 6 GUN GRILL,2,2 294.000,0.35,48.000,0.49,52.000,0.49,76.000,0.82,122.000,1.35,72.000,0.63,75.000,0.68,69.000,0.60,72.000,0.71,34.000,0.33,50.000,0.30,49.000,0.58,61.000,0.69,31.000,0.27,50.000,0.45,43.000,0.44,32.000,0.31,47.000,0.41,26.000,0.24,45.000,0.36,46.000,0.40,49.000,0.41,75.000,0.44,46.000,0.45,27.000,0.26,67.000,0.49,51.000,0.45,57.000,0.43,25.000,0.20,25.000,0.21,31.000,0.22,47.000,0.35,44.000,0.35,39.000,0.24,37.000,0.18,19.000,0.15,41.000,0.30,34.000,0.22,47.000,0.31,33.000,0.18,43.000,0.26,26.000,0.15,40.000,0.21,31.000,0.21,29.000,0.18,38.000,0.24,34.000,0.15,48.000,0.59,50.000,0.43,44.000,0.36,17.000,0.27
34206,BULK SIRLOIN MATURED,2,2 249.243,1.20,136.762,4.77,154.996,4.00,71.572,4.60,65.446,4.30,107.383,4.18,79.450,3.26,137.818,4.76,54.956,3.19,53.518,3.42,121.848,4.34,82.877,3.65,82.453,2.92,94.394,2.25,62.081,1.32,63.267,2.75,61.555,2.37,52.330,0.47,87.444,1.26,34.528,0.52,53.180,1.65,79.876,2.35,142.698,2.35,60.924,1.64,76.187,1.61,56.521,0.79,24.908,0.79,42.821,1.35,55.874,1.69,51.576,0.61,0.000,0.00,0.000,0.00,0.000,0.00,0.000,0.00,0.000,0.00,0.000,0.00,0.000,0.00,0.000,0.00,0.000,0.00,0.000,0.00,0.000,0.00,0.000,0.00,0.000,0.00,0.000,0.00,0.000,0.00,0.000,0.00,0.000,0.00,0.000,0.00,0.000,0.00,0.000,0.00,0.000,0.00
41260,BULK PORK BRAAI CHOPS,2,2 223.420,0.74,0.000,0.00,0.000,0.00,0.000,0.00,0.000,0.00,0.000,0.00,0.000,0.00,0.000,0.00,0.000,0.00,0.000,0.00,0.000,0.00,0.000,0.00,0.000,0.00,0.000,0.00,0.000,0.00,0.000,0.00,0.000,0.00,0.000,0.00,0.000,0.00,0.000,0.00,0.000,0.00,0.000,0.00,0.000,0.00,0.000,0.00,0.000,0.00,0.000,0.00,0.000,0.00,0.000,0.00,0.000,0.00,170.928,3.33,272.733,4.62,451.578,5.45,572.911,8.35,502.215,7.58,253.055,3.16,0.000,0.00,0.000,0.00,0.000,0.00,0.000,0.00,0.000,0.00,0.000,0.00,0.000,0.00,0.000,0.00,0.000,0.00,0.000,0.00,0.000,0.00,0.000,0.00,0.000,0.00,0.000,0.00,0.000,0.00,0.000,0.00
34235,GROUND BEEF,2,2 216.517,0.89,0.000,0.00,0.000,0.00,0.000,0.00,0.000,0.00,0.000,0.00,0.000,0.00,9.541,0.14,62.955,0.82,63.888,0.98,59.170,0.87,59.911,1.77,40.317,1.13,25.510,0.72,40.870,0.57,21.648,0.41,19.192,0.35,46.061,0.43,19.563,0.23,17.975,0.18,80.254,0.71,71.469,0.73,11.917,0.05,25.592,0.15,11.036,0.10,24.722,0.33,25.590,0.40,13.648,0.24,22.876,0.42,3.740,0.07,26.908,0.45,28.022,0.49,68.023,1.08,86.848,1.09,57.326,0.59,104.256,1.73,50.002,0.73,69.895,0.92,41.220,0.95,98.975,2.43,77.351,2.71,54.586,1.86,92.401,1.59,64.802,1.26,114.191,1.87,91.234,1.73,77.437,1.09,64.680,1.42,66.218,1.66,70.246,1.69,34.451,1.61
32041,1/4 LAMB,2,2 160.368,1.26,139.704,3.09,0.000,0.00,0.000,0.00,0.000,0.00,0.000,0.00,0.000,0.00,12.374,0.04,31.180,0.69,62.520,1.68,112.736,2.02,0.000,0.00,22.646,0.61,5.110,0.13,27.038,0.78,28.783,0.61,23.304,0.62,43.648,1.16,47.364,1.19,59.844,1.29,26.734,0.63,19.636,0.84,203.210,3.64,41.254,1.04,47.765,0.85,94.126,1.81,51.956,1.25,72.086,1.33,50.434,1.17,0.000,0.00,24.328,0.61,39.420,1.03,65.766,1.65,39.464,0.75,205.498,3.56,44.268,1.61,25.500,0.95,24.720,0.97,15.630,0.61,22.300,0.90,20.035,0.60,14.242,0.41,49.126,1.68,0.000,0.00,42.340,1.61,100.557,3.98,136.910,4.76,32.330,1.76,11.332,0.52,17.090,0.69,6.060,0.48
12330,T&T WORS BACON & CHEESE,2,2 086.000,0.47,74.000,0.81,47.000,0.37,66.000,0.95,32.000,0.48,37.000,0.43,39.000,0.50,60.000,0.81,70.000,1.05,71.000,1.00,86.000,0.76,58.000,0.84,57.000,0.60,39.000,0.51,56.000,0.74,44.000,0.61,40.000,0.62,27.000,0.39,20.000,0.30,46.000,0.59,33.000,0.44,27.000,0.35,38.000,0.34,38.000,0.52,35.000,0.55,52.000,0.74,29.000,0.51,29.000,0.40,40.000,0.40,43.000,0.48,50.000,0.26,40.000,0.31,42.000,0.22,27.000,0.29,101.000,0.58,24.000,0.48,20.000,0.35,30.000,0.47,35.000,0.30,22.000,0.11,27.000,0.14,36.000,0.32,34.000,0.32,30.000,0.35,19.000,0.21,24.000,0.38,64.000,0.62,24.000,0.35,28.000,0.45,44.000,0.55,32.000,0.41
34304,SPICED BONES,2,2 080.034,0.25,82.182,0.73,74.457,0.60,116.365,1.08,49.999,0.48,63.682,0.48,78.470,0.61,62.958,0.44,31.803,0.25,22.199,0.17,36.620,0.17,80.947,0.76,31.690,0.28,43.049,0.30,23.178,0.16,26.601,0.21,24.305,0.18,27.976,0.19,51.682,0.37,72.299,0.44,74.480,0.49,44.392,0.28,36.825,0.16,25.991,0.19,82.590,0.60,55.309,0.31,58.999,0.40,38.611,0.22,25.340,0.15,50.781,0.32,29.542,0.16,40.413,0.23,40.644,0.24,39.638,0.19,34.792,0.13,56.877,0.33,16.776,0.09,23.323,0.11,21.917,0.10,31.974,0.13,21.273,0.10,7.140,0.03,5.054,0.02,22.726,0.12,19.492,0.09,20.511,0.10,23.724,0.08,26.329,0.15,27.469,0.17,54.065,0.31,22.575,0.26
45416, KASEGRILLER M/CLUB,2,1 994.169,1.07,38.187,1.37,15.704,0.52,0.000,0.00,0.000,0.00,0.000,0.00,0.000,0.00,0.000,0.00,0.000,0.00,0.000,0.00,0.000,0.00,0.000,0.00,0.000,0.00,16.394,0.47,54.902,1.56,50.612,2.13,54.408,2.22,69.796,1.85,70.070,1.96,62.554,1.50,64.478,1.68,77.506,1.75,70.374,1.13,64.347,1.47,61.934,1.57,66.782,1.44,63.198,1.65,60.440,1.35,46.577,1.35,52.160,1.82,38.240,1.15,56.522,1.53,59.546,1.39,71.222,1.53,57.412,0.89,44.866,1.43,48.902,1.38,44.996,1.13,43.982,1.07,43.606,0.99,39.740,0.96,41.447,0.97,45.134,0.98,39.748,0.86,45.752,0.93,42.113,1.11,47.691,0.95,24.298,0.70,55.851,1.73,34.036,0.93,8.642,0.46
34205,BULK RUMP MATURED,2,1 973.247,1.17,42.232,2.82,77.703,2.57,40.691,2.78,65.742,4.30,50.664,2.83,33.384,1.94,35.112,1.82,30.998,1.99,56.242,2.98,47.702,1.52,32.970,1.29,59.658,0.59,45.260,0.77,44.410,0.91,35.487,1.22,47.766,1.68,75.273,1.14,38.835,0.50,56.341,0.66,24.314,0.87,37.969,1.08,47.106,0.87,55.817,1.84,30.326,0.66,28.312,0.70,36.299,0.78,44.698,1.82,42.133,1.28,52.234,-0.74,67.089,2.09,64.351,1.07,47.112,1.05,42.501,1.06,27.015,0.69,37.685,1.45,18.554,0.59,23.110,0.77,29.852,0.91,19.061,0.81,22.553,1.12,5.400,0.27,31.316,1.37,31.423,2.31,29.625,1.07,19.106,0.68,17.350,0.54,31.230,1.01,45.800,-0.09,37.298,0.25,10.138,0.84
54562,SPAR T&T P/BELLY RIB 1KG S&STK,2,1 907.000,0.68,0.000,0.00,0.000,0.00,0.000,0.00,0.000,0.00,0.000,0.00,0.000,0.00,0.000,0.00,0.000,0.00,0.000,0.00,0.000,0.00,0.000,0.00,0.000,0.00,0.000,0.00,0.000,0.00,0.000,0.00,0.000,0.00,0.000,0.00,0.000,0.00,32.000,0.46,22.000,0.55,51.000,0.77,122.000,1.39,47.000,1.23,16.000,0.55,37.000,1.01,32.000,1.25,39.000,0.72,33.000,0.99,25.000,0.87,50.000,0.74,15.000,0.30,20.000,0.34,52.000,0.90,109.000,0.81,88.000,1.08,110.000,1.31,96.000,1.03,70.000,0.91,71.000,0.80,48.000,0.64,101.000,1.27,71.000,1.15,75.000,1.26,65.000,0.88,55.000,1.75,129.000,1.28,71.000,0.92,52.000,1.02,75.000,0.85,28.000,0.80
47251,BULK  KASEGRILLER M/CLUB,2,1 894.909,0.73,0.000,0.00,0.000,0.00,0.000,0.00,0.000,0.00,0.000,0.00,0.000,0.00,0.000,0.00,0.000,0.00,0.000,0.00,0.000,0.00,0.000,0.00,0.000,0.00,0.000,0.00,25.488,0.46,43.984,1.55,31.846,1.08,62.174,1.42,72.956,1.73,62.704,1.28,53.600,1.19,67.421,1.46,74.085,0.78,58.689,0.81,74.311,1.29,64.974,0.86,62.112,0.99,79.360,1.08,69.851,1.47,57.730,1.46,54.574,1.19,49.052,0.91,81.376,1.19,71.267,1.11,49.760,0.93,47.254,1.09,51.334,1.05,45.194,0.83,40.670,0.51,49.578,0.41,44.495,0.51,38.942,0.60,39.176,0.57,29.999,0.40,38.690,0.54,35.746,0.64,53.999,0.78,30.878,0.64,53.676,1.24,21.952,0.49,6.012,0.26
44670, BULK YSTERHOUT BRAAIWORS,2,1 875.582,0.42,0.000,0.00,0.000,0.00,0.000,0.00,0.000,0.00,0.000,0.00,0.000,0.00,0.000,0.00,0.000,0.00,0.000,0.00,0.000,0.00,0.000,0.00,0.000,0.00,94.639,1.41,118.880,1.76,61.828,1.71,62.604,1.77,79.064,1.49,95.476,1.65,79.570,1.18,56.956,0.92,79.631,1.34,76.284,0.48,0.000,0.00,0.000,0.00,30.255,0.20,179.078,1.46,115.453,0.81,98.145,0.72,73.060,0.56,89.349,0.59,85.570,0.59,48.454,0.53,57.968,0.74,60.026,0.34,87.159,0.80,46.529,0.38,71.922,0.52,27.682,0.26,0.000,0.00,0.000,0.00,0.000,0.00,0.000,0.00,0.000,0.00,0.000,0.00,0.000,0.00,0.000,0.00,0.000,0.00,0.000,0.00,0.000,0.00,0.000,0.00
46386,SIX GUN GRILL BURGER,2,1 766.596,0.77,86.000,0.96,32.000,0.32,52.000,0.60,41.000,0.49,77.000,0.73,129.000,1.27,84.000,0.83,26.150,0.97,27.576,1.02,43.496,0.97,18.600,0.82,23.540,0.98,9.657,0.30,0.000,0.00,16.640,0.55,6.844,0.22,11.325,0.30,50.873,0.99,60.345,1.00,58.654,1.06,57.194,0.99,61.439,1.06,39.712,1.08,28.390,0.86,27.451,0.64,28.020,0.78,0.000,0.00,0.000,0.00,28.502,0.75,18.142,0.41,14.149,0.33,25.594,0.62,56.649,1.19,55.608,0.97,47.983,1.34,15.074,0.37,45.248,1.00,27.638,0.61,14.745,0.30,77.963,2.52,26.908,0.98,48.803,1.23,29.680,0.97,60.770,1.71,2.794,0.08,2.752,0.06,12.352,0.39,28.834,1.03,29.502,0.98,0.000,0.00
14923,BRITOS PRIME CUT BACON,2,1 765.000,0.29,0.000,0.00,0.000,0.00,0.000,0.00,0.000,0.00,0.000,0.00,0.000,0.00,0.000,0.00,11.000,0.10,64.000,0.59,58.000,0.39,18.000,0.27,20.000,0.29,36.000,0.40,28.000,0.31,57.000,0.72,54.000,0.65,42.000,0.41,13.000,0.11,36.000,0.27,39.000,0.33,30.000,0.23,48.000,0.24,47.000,0.39,32.000,0.26,68.000,0.43,49.000,0.37,53.000,0.34,79.000,0.54,40.000,0.45,33.000,0.32,65.000,0.66,45.000,0.47,50.000,0.42,12.000,0.07,18.000,0.17,33.000,0.27,33.000,0.24,28.000,0.20,21.000,0.14,41.000,0.30,29.000,0.20,38.000,0.25,27.000,0.23,29.000,0.22,28.000,0.16,53.000,0.21,75.000,0.47,67.000,0.46,84.000,0.54,34.000,0.43
54428,OOM FREDDIE SPRINKLE,2,1 631.000,0.11,0.000,0.00,0.000,0.00,0.000,0.00,0.000,0.00,0.000,0.00,0.000,0.00,0.000,0.00,0.000,0.00,0.000,0.00,0.000,0.00,0.000,0.00,0.000,0.00,0.000,0.00,0.000,0.00,0.000,0.00,0.000,0.00,0.000,0.00,0.000,0.00,19.000,-0.54,28.000,-0.03,48.000,0.19,54.000,0.15,18.000,0.08,47.000,0.21,23.000,0.08,20.000,0.08,49.000,0.18,26.000,0.10,24.000,0.09,81.000,0.27,38.000,0.13,74.000,0.27,70.000,0.21,47.000,0.11,57.000,0.21,69.000,0.22,62.000,0.18,77.000,0.22,81.000,0.21,65.000,0.18,65.000,0.18,70.000,0.18,45.000,0.15,72.000,0.21,60.000,0.19,68.000,0.15,58.000,0.20,40.000,0.15,48.000,0.17,28.000,0.20
44671,YSTERHOUT BRAAIWORS,2,1 585.561,0.50,0.000,0.00,0.000,0.00,0.000,0.00,0.000,0.00,0.000,0.00,0.000,0.00,0.000,0.00,0.000,0.00,0.000,0.00,0.000,0.00,0.000,0.00,0.000,0.00,98.442,1.51,102.019,1.53,50.853,1.56,62.760,1.76,89.493,1.54,90.096,1.38,86.095,1.13,63.591,0.91,96.743,1.42,78.297,0.90,0.000,0.00,0.000,0.00,30.108,0.32,84.467,1.03,101.021,1.80,75.833,1.41,49.737,0.97,67.059,1.12,42.863,0.75,31.232,0.70,35.839,0.76,47.297,0.40,66.588,0.90,23.284,0.28,78.445,0.84,33.399,0.50,0.000,0.00,0.000,0.00,0.000,0.00,0.000,0.00,0.000,0.00,0.000,0.00,0.000,0.00,0.000,0.00,0.000,0.00,0.000,0.00,0.000,0.00,0.000,0.00
47669,SUPER BRAAI WORS,2,1 555.752,0.46,2.794,0.05,70.273,1.03,63.960,1.08,76.720,1.33,107.086,1.46,110.226,1.57,121.497,1.54,134.173,2.45,71.606,1.57,119.855,1.65,84.055,2.30,96.655,2.53,19.011,0.39,0.000,0.00,0.000,0.00,0.000,0.00,0.000,0.00,0.000,0.00,0.000,0.00,0.000,0.00,0.000,0.00,0.000,0.00,68.339,1.87,71.916,1.94,66.861,1.38,0.000,0.00,0.000,0.00,0.000,0.00,0.000,0.00,0.000,0.00,0.000,0.00,0.000,0.00,0.000,0.00,0.000,0.00,0.000,0.00,0.000,0.00,0.000,0.00,0.000,0.00,0.000,0.00,0.000,0.00,3.519,0.05,46.265,0.60,16.297,0.21,26.498,0.21,52.318,0.40,8.466,0.05,72.656,1.03,27.823,0.44,16.883,0.21,0.000,0.00
34197,BULK OPPIE-KOPPIE B/WORS,2,1 543.491,0.58,16.546,0.50,53.224,1.28,32.266,0.89,0.972,0.03,39.858,0.89,49.318,1.15,54.414,1.13,53.150,1.33,52.230,1.32,83.454,1.24,50.110,1.57,27.326,0.92,61.992,1.21,81.320,0.86,45.245,1.07,13.298,0.32,0.000,0.00,32.742,0.39,0.000,0.00,51.380,0.57,68.908,0.73,122.524,1.51,55.123,1.67,59.582,1.14,65.038,0.95,20.438,0.36,14.376,0.22,0.000,0.00,0.000,0.00,0.000,0.00,0.000,0.00,0.000,0.00,0.000,0.00,0.000,0.00,0.000,0.00,0.000,0.00,34.304,0.41,0.000,0.00,0.536,0.01,0.000,0.00,45.240,1.47,43.703,1.08,57.186,1.31,14.526,0.28,0.000,0.00,14.415,0.24,28.064,0.72,47.715,0.99,9.898,0.18,43.070,1.50
35003,BRITOS BUDGET PATTIES,2,1 520.000,0.47,33.000,0.39,17.000,0.18,0.000,0.00,0.000,0.00,34.000,0.49,67.000,0.95,76.000,0.95,84.000,1.20,68.000,1.06,41.000,0.41,22.000,0.44,26.000,0.50,51.000,0.76,31.000,1.02,21.000,0.60,34.000,0.93,36.000,0.87,36.000,0.89,16.000,0.32,25.000,0.54,21.000,0.44,10.000,0.15,15.000,0.37,12.000,0.29,10.000,0.18,17.000,0.37,0.000,0.00,0.000,0.00,2.000,0.04,23.000,0.41,18.000,0.33,10.000,0.19,22.000,0.28,7.000,0.07,23.000,0.36,34.000,0.47,54.000,0.66,38.000,0.47,41.000,0.46,34.000,0.42,34.000,0.40,37.000,0.41,54.000,0.77,48.000,0.61,42.000,0.56,34.000,0.33,46.000,0.69,62.000,1.03,45.000,0.70,9.000,0.27
12150,BEEF RUMP MATURED,2,1 499.400,1.16,10.041,0.41,18.266,0.63,13.277,0.63,10.214,0.80,26.849,1.51,30.048,1.28,31.279,1.17,35.050,1.47,29.490,1.78,54.764,2.08,26.584,2.04,43.812,2.94,38.023,1.65,38.569,1.26,33.086,1.82,26.253,1.44,51.017,2.21,35.973,1.47,45.491,1.58,34.274,1.59,33.229,1.32,26.833,0.90,55.740,3.05,41.751,1.60,23.583,0.70,37.728,1.51,22.800,1.48,30.876,1.29,30.298,0.67,25.592,0.90,34.315,0.93,28.096,0.69,25.811,0.83,32.142,0.93,29.622,1.56,35.916,1.72,17.330,0.52,40.303,0.74,17.293,0.71,10.517,0.49,13.521,0.53,15.366,0.58,25.456,1.12,32.392,1.29,17.634,0.70,31.367,0.68,30.843,0.97,53.874,0.79,32.936,0.93,13.876,1.08
47745,BULK SUPER BRAAI WORS,2,1 431.244,0.31,0.000,0.00,34.490,0.44,53.388,0.78,68.664,1.03,94.970,1.12,101.968,1.26,104.296,1.15,93.658,1.30,53.435,0.76,111.010,0.75,68.605,1.07,72.944,1.56,24.844,0.42,0.000,0.00,0.000,0.00,0.000,0.00,0.000,0.00,0.000,0.00,0.000,0.00,0.000,0.00,0.000,0.00,0.000,0.00,50.581,1.21,91.468,2.06,44.936,0.77,0.000,0.00,0.000,0.00,0.000,0.00,0.000,0.00,0.000,0.00,0.000,0.00,0.000,0.00,0.000,0.00,0.000,0.00,0.000,0.00,0.000,0.00,0.000,0.00,0.000,0.00,0.000,0.00,0.000,0.00,14.102,0.10,64.349,0.43,23.233,0.25,29.982,0.13,76.952,0.54,15.000,0.08,65.311,0.51,44.999,0.31,28.059,0.18,0.000,0.00
54629,SPAR T&T P/BELLY RIB 1KG BBQ,2,1 388.000,0.47,0.000,0.00,0.000,0.00,0.000,0.00,0.000,0.00,0.000,0.00,0.000,0.00,0.000,0.00,0.000,0.00,0.000,0.00,0.000,0.00,0.000,0.00,0.000,0.00,0.000,0.00,0.000,0.00,0.000,0.00,0.000,0.00,0.000,0.00,0.000,0.00,0.000,0.00,9.000,0.23,44.000,0.67,91.000,0.82,30.000,0.54,14.000,0.54,39.000,1.11,36.000,0.99,41.000,0.64,33.000,0.72,11.000,0.38,29.000,0.39,32.000,0.62,28.000,0.47,40.000,0.65,83.000,0.65,78.000,0.87,51.000,0.62,37.000,0.41,57.000,0.60,36.000,0.41,42.000,0.47,75.000,0.97,47.000,0.72,60.000,1.01,46.000,0.51,50.000,1.14,94.000,0.80,63.000,0.82,23.000,0.51,51.000,0.91,18.000,0.51
32043,OPPIE-KOPPIE BOEREWORS,2,1 351.009,0.70,13.766,0.57,52.748,1.90,27.358,1.14,1.402,0.06,39.098,1.32,36.848,1.29,61.823,1.25,63.330,1.31,51.124,1.44,81.686,1.38,36.704,1.43,34.755,1.64,44.569,1.36,53.520,1.18,42.722,1.50,21.034,0.73,0.000,0.00,37.722,0.65,0.000,0.00,37.704,0.60,63.163,1.62,70.896,1.65,63.994,2.50,59.884,1.80,56.978,1.31,27.470,0.76,13.002,0.31,0.000,0.00,0.000,0.00,0.000,0.00,0.000,0.00,0.000,0.00,0.000,0.00,0.000,0.00,0.000,0.00,0.000,0.00,30.612,0.58,0.000,0.00,0.000,0.00,0.000,0.00,40.501,1.49,30.577,0.83,31.286,0.97,13.366,0.36,0.000,0.00,4.920,0.11,20.684,0.70,35.269,1.06,17.608,0.47,32.886,1.70
60887,BULK BB/NAMIB BOEREWORS,2,1 338.525,0.64,0.000,0.00,0.000,0.00,0.000,0.00,0.000,0.00,0.000,0.00,0.000,0.00,0.000,0.00,0.000,0.00,0.000,0.00,0.000,0.00,0.000,0.00,0.000,0.00,0.000,0.00,0.000,0.00,0.000,0.00,0.000,0.00,0.000,0.00,0.000,0.00,0.000,0.00,0.000,0.00,0.000,0.00,0.000,0.00,0.000,0.00,0.000,0.00,0.000,0.00,0.000,0.00,0.000,0.00,0.000,0.00,0.000,0.00,0.000,0.00,0.000,0.00,0.000,0.00,0.000,0.00,0.000,0.00,11.164,0.23,132.842,2.38,97.682,1.57,86.172,1.38,132.405,1.97,86.282,1.71,73.080,1.67,118.481,2.25,80.258,1.88,85.332,1.77,88.950,2.05,106.729,1.72,62.614,1.51,58.836,1.40,72.038,1.42,45.660,1.75
63523,PORK HOCKS STEW,2,1 297.531,0.57,0.000,0.00,0.000,0.00,0.000,0.00,0.000,0.00,0.000,0.00,0.000,0.00,0.000,0.00,0.000,0.00,0.000,0.00,0.000,0.00,0.000,0.00,0.000,0.00,0.000,0.00,0.000,0.00,0.000,0.00,0.000,0.00,0.000,0.00,0.000,0.00,0.000,0.00,0.000,0.00,0.000,0.00,0.000,0.00,0.000,0.00,0.000,0.00,0.000,0.00,0.000,0.00,0.000,0.00,0.000,0.00,0.000,0.00,0.000,0.00,0.000,0.00,0.000,0.00,0.000,0.00,0.000,0.00,0.000,0.00,0.000,0.00,0.000,0.00,0.000,0.00,0.000,0.00,0.000,0.00,0.000,0.00,73.784,0.32,220.936,1.89,207.433,3.08,197.517,3.25,175.348,2.54,128.676,3.21,134.580,4.86,116.553,4.14,42.704,2.94
43941,GEVLEKTE  SNOEK,2,1 293.735,0.64,12.100,0.35,115.838,3.77,17.918,0.67,13.720,0.53,20.660,0.63,26.548,0.82,21.280,0.53,13.104,0.37,12.646,0.38,24.580,0.64,17.628,0.56,34.029,0.82,33.757,0.87,55.538,1.56,15.314,0.48,23.372,0.41,32.510,0.42,25.426,0.41,17.930,0.54,23.098,0.76,31.137,0.85,21.268,0.37,19.780,0.58,15.464,0.44,104.393,2.27,22.884,0.60,29.094,0.66,28.932,0.68,9.910,0.24,28.836,0.61,24.832,0.54,26.431,0.62,5.933,0.15,0.000,0.00,0.000,0.00,3.794,0.13,31.087,1.20,80.063,2.70,9.398,0.21,10.104,0.24,10.161,0.18,7.402,0.12,0.838,0.02,14.926,0.23,33.062,0.47,15.380,0.18,25.136,0.68,25.348,0.63,39.600,0.85,61.546,2.67
34242,LAM RIB & LOIN,2,1 246.060,1.53,27.644,1.49,11.506,0.63,26.524,1.62,7.044,0.57,0.000,0.00,3.966,0.14,0.000,0.00,0.000,0.00,2.108,0.08,16.808,0.48,0.000,0.00,2.360,0.13,15.552,1.24,16.122,1.07,8.653,0.74,16.479,1.28,13.574,0.99,14.524,1.08,18.296,1.16,18.284,1.26,17.360,1.27,38.612,1.55,9.024,0.57,18.546,1.32,27.802,1.37,29.226,1.73,26.412,1.35,25.844,1.42,27.826,1.59,39.978,2.15,33.668,2.03,27.656,1.78,48.570,2.66,40.490,1.88,25.246,2.12,36.158,2.36,47.698,2.54,37.738,2.24,39.962,2.83,25.000,1.98,31.796,2.45,30.392,2.54,42.118,2.76,55.660,-0.53,50.970,2.33,79.694,2.62,39.440,1.99,25.310,1.42,28.668,1.50,19.752,2.00
45832,CHEESE BURGER,2,1 212.201,0.27,0.414,0.01,0.000,0.00,0.000,0.00,0.000,0.00,0.000,0.00,0.000,0.00,0.000,0.00,0.000,0.00,0.000,0.00,0.000,0.00,0.000,0.00,35.602,0.06,18.688,0.02,9.900,-0.10,36.738,-0.39,27.916,-0.40,62.926,-0.12,29.052,0.03,21.394,0.01,27.526,0.02,37.053,0.03,16.290,0.01,10.396,0.01,33.547,0.04,10.306,0.18,0.000,0.00,0.000,0.00,10.072,0.28,32.893,0.96,48.198,0.65,12.664,0.31,40.198,1.08,40.034,0.75,48.614,0.46,70.039,1.33,53.594,1.07,73.247,0.70,29.841,-0.00,74.671,0.63,13.830,0.07,50.972,0.07,31.087,0.64,29.960,0.42,52.369,0.64,6.436,0.14,63.980,0.24,51.754,1.32,0.000,0.00,0.000,0.00,0.000,0.00
63474,BULK PORK NECK STEAK,2,1 209.413,0.62,0.000,0.00,0.000,0.00,0.000,0.00,0.000,0.00,0.000,0.00,0.000,0.00,0.000,0.00,0.000,0.00,0.000,0.00,0.000,0.00,0.000,0.00,0.000,0.00,0.000,0.00,0.000,0.00,0.000,0.00,0.000,0.00,0.000,0.00,0.000,0.00,0.000,0.00,0.000,0.00,0.000,0.00,0.000,0.00,0.000,0.00,0.000,0.00,0.000,0.00,0.000,0.00,0.000,0.00,0.000,0.00,0.000,0.00,0.000,0.00,0.000,0.00,0.000,0.00,0.000,0.00,0.000,0.00,0.000,0.00,0.000,0.00,0.000,0.00,0.000,0.00,0.000,0.00,0.000,0.00,0.000,0.00,77.788,0.63,140.865,1.87,171.882,3.41,176.771,4.21,206.389,3.51,117.182,3.04,128.596,4.00,136.846,3.97,53.094,2.99
12141, BEEF SIRLOIN,2,1 147.762,0.85,0.000,0.00,0.000,0.00,0.000,0.00,0.000,0.00,0.000,0.00,0.000,0.00,0.000,0.00,0.000,0.00,0.000,0.00,0.000,0.00,0.000,0.00,0.000,0.00,0.000,0.00,0.000,0.00,0.000,0.00,0.000,0.00,0.000,0.00,0.000,0.00,0.000,0.00,0.000,0.00,0.000,0.00,0.000,0.00,0.000,0.00,0.000,0.00,0.000,0.00,0.000,0.00,0.000,0.00,0.000,0.00,4.578,0.20,71.913,2.33,59.629,1.64,45.020,1.46,68.795,1.98,53.666,1.52,66.037,3.22,44.004,1.65,47.005,1.50,74.253,1.20,41.754,1.41,11.100,0.52,28.950,0.97,43.260,1.43,51.113,1.77,67.969,2.60,41.196,2.01,65.039,1.42,63.718,2.11,121.544,1.46,49.728,1.83,27.491,2.72
34241,LAMB BRAAI CHOPS,2,1 143.651,0.96,92.918,4.57,55.684,2.76,69.065,3.50,32.064,2.45,36.114,2.72,11.420,0.90,29.421,1.51,31.587,0.62,5.222,0.04,69.364,1.79,20.744,1.08,14.584,0.72,23.475,1.69,46.596,2.85,22.470,1.55,26.452,1.75,15.494,0.90,38.484,2.41,38.518,2.07,47.056,2.75,57.802,3.25,58.946,2.31,9.204,0.61,14.057,0.88,5.400,0.27,43.706,2.60,21.106,1.08,84.067,0.03,7.195,-0.04,3.452,0.18,1.580,0.09,2.762,0.16,3.514,0.17,6.956,0.25,0.804,0.05,1.110,0.04,1.466,0.05,5.372,0.17,0.432,0.01,0.352,0.01,5.482,0.36,9.794,0.74,8.978,0.57,10.032,0.37,9.652,0.38,10.208,0.27,8.712,0.34,10.892,0.47,9.866,0.40,4.020,0.32
12864,BEEF OXTAIL,2,1 105.918,0.35,16.688,0.46,41.679,0.77,42.436,1.15,102.183,1.51,68.980,1.16,72.315,1.29,42.080,1.06,30.749,0.86,37.495,0.60,41.071,0.61,9.092,0.32,40.448,0.65,37.201,0.74,62.467,1.02,105.664,1.48,85.629,1.40,59.045,1.23,41.879,0.89,22.453,0.27,28.633,0.95,11.122,0.35,1.052,0.02,8.166,0.37,3.886,0.16,6.986,0.22,0.000,0.00,0.000,0.00,0.000,0.00,0.000,0.00,0.000,0.00,0.000,0.00,0.000,0.00,0.000,0.00,0.000,0.00,0.000,0.00,0.000,0.00,0.000,0.00,0.000,0.00,0.000,0.00,19.649,0.45,44.675,0.55,22.195,0.42,0.000,0.00,0.000,0.00,0.000,0.00,0.000,0.00,0.000,0.00,0.000,0.00,0.000,0.00,0.000,0.00
34257,MUTTON BRAAI CHOPS,2,1 061.527,0.77,54.740,2.09,43.804,1.51,51.562,2.05,57.844,2.95,51.320,2.44,25.091,1.55,24.832,1.35,11.978,0.46,8.760,0.27,70.022,1.04,45.288,1.32,17.278,0.49,34.046,0.75,41.505,0.78,30.760,0.17,57.097,3.17,47.755,2.92,30.646,2.42,28.674,2.08,26.680,2.11,39.324,2.80,43.336,2.02,12.355,0.60,26.710,0.96,22.934,0.66,26.866,0.92,28.600,0.85,26.178,0.80,0.000,0.00,0.946,0.04,5.140,0.24,3.312,0.14,0.000,0.00,1.482,0.04,0.560,0.03,0.914,0.04,3.308,0.13,2.394,0.09,1.022,0.04,1.436,0.06,4.922,0.24,6.886,0.25,6.268,0.21,8.790,0.22,5.874,0.16,7.734,0.16,5.066,0.17,1.052,0.04,5.722,0.19,2.714,0.18
16182,ROOIBERG B/WORS,2,1 058.089,0.18,0.000,0.00,0.000,0.00,0.000,0.00,0.000,0.00,0.000,0.00,0.000,0.00,19.494,0.02,118.557,0.60,91.071,1.16,25.278,0.57,0.000,0.00,0.000,0.00,0.000,0.00,0.000,0.00,0.000,0.00,42.595,0.29,22.326,0.29,0.000,0.00,25.494,0.20,2.612,0.03,0.000,0.00,0.000,0.00,0.000,0.00,0.000,0.00,15.551,0.10,27.178,0.18,34.269,0.18,20.791,0.12,16.081,0.10,0.000,0.00,41.195,0.37,24.835,0.26,28.835,0.41,0.000,0.00,0.000,0.00,0.000,0.00,0.000,0.00,33.344,0.34,29.166,0.19,0.000,0.00,0.000,0.00,0.000,0.00,0.000,0.00,25.589,0.31,63.096,0.35,76.832,0.08,73.028,0.39,28.703,0.12,116.058,1.30,56.111,1.62
39397,T&T GAMMON B/LESS MINI,2,1 031.652,0.25,0.000,0.00,0.000,0.00,0.000,0.00,0.000,0.00,0.000,0.00,0.000,0.00,0.000,0.00,0.000,0.00,45.526,0.28,241.880,1.50,6.790,0.08,0.000,0.00,0.000,0.00,0.000,0.00,0.000,0.00,0.000,0.00,0.000,0.00,0.000,0.00,0.000,0.00,9.750,0.37,42.044,1.55,176.508,3.44,0.000,0.00,14.032,0.44,8.773,0.31,0.000,0.00,0.000,0.00,0.000,0.00,0.000,0.00,25.110,0.20,7.503,0.29,9.930,0.11,34.310,0.12,129.686,0.53,5.025,0.14,0.000,0.00,0.474,0.00,0.000,0.00,3.569,0.07,0.000,0.00,5.899,0.03,2.462,0.01,1.698,0.04,0.000,0.00,11.878,0.10,237.918,0.63,4.535,0.05,0.000,0.00,6.352,0.07,0.000,0.00
60886,BB/NAMIB BOEREWORS,2,1 029.038,0.68,0.000,0.00,0.000,0.00,0.000,0.00,0.000,0.00,0.000,0.00,0.000,0.00,0.000,0.00,0.000,0.00,0.000,0.00,0.000,0.00,0.000,0.00,0.000,0.00,0.000,0.00,0.000,0.00,0.000,0.00,0.000,0.00,0.000,0.00,0.000,0.00,0.000,0.00,0.000,0.00,0.000,0.00,0.000,0.00,0.000,0.00,0.000,0.00,0.000,0.00,0.000,0.00,0.000,0.00,0.000,0.00,0.000,0.00,0.000,0.00,0.000,0.00,0.000,0.00,0.000,0.00,0.000,0.00,18.450,0.54,92.822,2.38,74.808,1.72,71.790,1.65,103.729,2.19,50.086,1.34,57.974,1.80,69.906,1.84,67.972,2.13,64.292,1.79,75.157,2.17,74.719,1.57,47.273,1.54,53.092,1.76,76.834,2.19,30.134,1.67
32044,OUKRANS BOEREWORS,2,979.334,0.33,0.000,0.00,9.550,0.21,14.262,0.17,9.846,0.12,11.417,0.11,69.997,0.71,53.428,0.92,4.350,0.18,40.922,1.18,21.980,0.29,1.508,0.04,44.780,1.65,0.000,0.00,18.158,0.35,18.034,0.62,0.000,0.00,0.000,0.00,19.266,0.42,34.629,0.61,0.000,0.00,21.576,0.38,31.069,0.44,0.000,0.00,0.000,0.00,29.099,0.21,22.290,0.53,0.000,0.00,0.000,0.00,0.000,0.00,46.941,0.67,38.292,0.68,0.000,0.00,36.382,0.80,45.212,0.65,27.190,0.50,14.336,0.10,79.992,0.51,35.419,0.29,0.000,0.00,0.000,0.00,0.000,0.00,47.230,0.90,73.585,1.02,23.010,0.31,18.983,0.27,16.601,0.17,0.000,0.00,0.000,0.00,0.000,0.00,0.000,0.00
34258,MUTTON RIB & LOIN,2,949.708,0.81,20.632,1.01,9.068,0.40,14.956,0.77,21.997,1.39,6.252,0.33,9.322,0.57,13.762,0.63,3.100,0.09,3.418,0.11,24.147,0.31,27.362,0.96,6.251,0.14,13.148,0.21,20.990,0.24,19.171,-0.00,21.718,1.45,14.204,0.96,19.612,1.59,9.008,0.65,12.348,0.98,13.034,0.93,13.418,0.48,0.000,0.00,20.350,1.05,19.978,0.74,13.224,0.59,15.504,0.59,25.712,1.02,30.848,1.29,13.244,0.53,22.370,1.05,27.294,1.31,6.198,0.24,34.318,1.02,1.424,0.07,19.762,0.83,24.944,0.94,28.332,1.07,26.830,1.16,29.810,1.69,23.374,1.23,26.356,1.07,24.058,0.81,33.884,0.91,24.124,0.68,60.454,1.32,19.476,0.67,21.430,0.86,27.320,1.14,12.172,1.00
34196,BULK OUKRANS BOEREWORS,2,944.175,0.46,0.000,0.00,0.000,0.00,0.000,0.00,4.912,0.13,4.780,0.10,46.252,1.21,42.508,0.85,4.820,0.22,36.090,1.46,13.240,0.27,2.850,0.12,40.606,1.80,0.000,0.00,14.398,0.44,27.726,1.13,0.000,0.00,0.000,0.00,10.642,0.44,39.495,1.14,0.000,0.00,20.900,0.59,26.575,0.63,0.000,0.00,0.000,0.00,25.812,0.42,24.916,0.74,0.000,0.00,0.000,0.00,0.000,0.00,25.614,0.38,40.542,0.71,0.000,0.00,46.457,0.87,57.670,0.76,36.357,0.66,17.238,0.12,75.802,0.74,46.386,0.73,0.000,0.00,0.000,0.00,0.000,0.00,59.025,1.55,63.537,1.50,19.026,0.69,45.229,1.05,24.770,0.41,0.000,0.00,0.000,0.00,0.000,0.00,0.000,0.00
34208,BULK TENDERISED STEAK,2,938.972,0.29,0.000,0.00,0.000,0.00,22.772,0.40,28.400,0.95,31.053,0.85,36.822,0.71,16.160,0.51,17.434,0.69,28.988,0.89,29.160,0.55,65.513,0.50,35.018,0.46,37.753,0.99,9.378,0.41,6.200,0.32,24.936,0.61,11.125,0.22,32.166,0.32,24.790,0.25,46.676,0.45,43.186,0.64,38.245,0.65,54.013,0.52,56.226,1.08,36.434,0.67,38.866,0.64,93.170,1.19,38.238,0.64,36.250,0.64,0.000,0.00,0.000,0.00,0.000,0.00,0.000,0.00,0.000,0.00,0.000,0.00,0.000,0.00,0.000,0.00,0.000,0.00,0.000,0.00,0.000,0.00,0.000,0.00,0.000,0.00,0.000,0.00,0.000,0.00,0.000,0.00,0.000,0.00,0.000,0.00,0.000,0.00,0.000,0.00,0.000,0.00
39811,LAMB LEG CHOPS,2,931.909,1.15,0.000,0.00,0.000,0.00,0.000,0.00,0.000,0.00,2.442,0.18,0.000,0.00,0.000,0.00,0.000,0.00,2.915,0.12,12.558,0.33,0.000,0.00,6.432,0.32,20.449,1.47,3.506,0.21,3.510,0.25,8.421,0.67,4.442,0.36,0.000,0.00,1.090,0.08,0.000,0.00,2.736,0.20,27.460,0.85,7.586,0.40,15.708,1.01,19.692,0.80,9.226,0.46,31.492,1.33,24.900,1.12,8.206,0.42,16.284,0.94,46.006,2.77,24.358,1.58,60.232,3.30,33.044,1.52,24.792,2.03,42.346,2.35,49.646,1.94,39.738,1.61,30.562,1.60,30.284,1.85,28.506,2.09,45.618,3.64,31.468,2.32,38.350,1.53,31.406,1.32,28.912,0.86,38.284,1.76,30.782,1.58,30.292,1.44,18.228,1.70
11147,W/SHIRE  PORK SAUSAGE,2,906.742,0.31,0.000,0.00,0.000,0.00,0.000,0.00,0.000,0.00,0.000,0.00,0.000,0.00,0.000,0.00,0.000,0.00,0.000,0.00,0.000,0.00,0.000,0.00,0.000,0.00,0.000,0.00,0.000,0.00,0.000,0.00,0.000,0.00,0.000,0.00,0.000,0.00,0.000,0.00,0.000,0.00,0.000,0.00,0.000,0.00,0.000,0.00,0.000,0.00,0.000,0.00,0.000,0.00,0.000,0.00,0.000,0.00,0.000,0.00,0.000,0.00,0.000,0.00,0.000,0.00,0.000,0.00,0.000,0.00,0.000,0.00,0.000,0.00,0.000,0.00,0.000,0.00,0.000,0.00,75.466,0.84,80.824,1.35,91.865,1.32,57.113,0.64,112.328,1.17,106.944,0.58,137.682,1.64,82.538,1.82,50.708,1.12,76.150,1.44,35.124,1.02
51078,BULK ROOIBERG B/WORS,2,903.974,0.33,0.000,0.00,0.000,0.00,0.000,0.00,0.000,0.00,0.000,0.00,0.000,0.00,0.000,0.00,0.000,0.00,10.036,0.26,35.200,0.54,0.000,0.00,0.000,0.00,0.000,0.00,0.000,0.00,0.000,0.00,47.048,0.57,22.854,0.40,0.000,0.00,29.790,0.40,1.100,0.02,0.000,0.00,0.000,0.00,0.000,0.00,0.000,0.00,31.144,0.53,29.774,0.72,35.166,0.64,34.395,0.64,20.820,0.43,0.000,0.00,42.886,0.78,19.498,0.37,32.097,0.64,0.000,0.00,0.000,0.00,0.000,0.00,0.000,0.00,29.838,0.61,30.274,0.60,0.000,0.00,0.000,0.00,0.000,0.00,0.000,0.00,33.874,0.41,88.362,2.05,113.122,1.80,73.723,0.42,30.851,0.12,76.358,0.86,35.764,0.94
34239,LAMB BEST END,2,891.880,0.98,0.000,0.00,0.000,0.00,0.390,0.03,0.000,0.00,4.754,0.31,3.268,0.19,20.324,0.57,28.235,0.86,3.586,0.12,9.752,0.32,12.524,0.82,17.350,1.09,2.494,0.20,8.964,0.69,7.530,0.66,1.112,0.09,3.296,0.24,4.248,0.33,6.266,0.42,5.092,0.37,0.394,0.03,11.410,0.45,11.896,0.76,19.840,1.28,18.050,0.89,4.126,0.25,16.596,0.85,20.104,1.14,32.343,1.93,39.100,2.32,25.408,1.69,19.104,1.29,35.928,1.97,28.243,1.33,23.548,1.95,21.630,1.19,37.852,1.48,31.346,1.35,27.095,1.41,23.538,1.30,23.298,1.06,23.410,1.49,24.500,1.67,24.806,0.87,25.162,0.92,34.004,0.87,37.168,1.29,46.226,1.93,43.966,1.79,22.604,1.80
34177,BEEF POTJIE PACK,2,865.613,0.32,9.324,0.27,31.767,1.01,17.030,0.66,19.738,0.79,9.814,0.31,9.636,0.32,3.904,0.11,2.798,0.09,2.336,0.07,3.758,0.07,5.308,0.20,24.173,0.75,20.360,0.57,21.176,0.58,20.736,0.64,7.104,0.21,0.000,0.00,0.000,0.00,5.046,0.12,2.580,0.07,2.560,0.06,0.000,0.00,2.306,0.07,2.652,0.08,66.552,1.26,106.710,2.46,66.954,1.30,68.776,1.27,174.870,2.56,107.889,1.35,19.754,0.26,0.000,0.00,30.002,0.41,0.000,0.00,0.000,0.00,0.000,0.00,0.000,0.00,0.000,0.00,0.000,0.00,0.000,0.00,0.000,0.00,0.000,0.00,0.000,0.00,0.000,0.00,0.000,0.00,0.000,0.00,0.000,0.00,0.000,0.00,0.000,0.00,0.000,0.00
39216,CHARGRILL BURGER,2,827.994,0.23,0.000,0.00,12.372,0.25,11.032,0.25,17.996,0.42,0.000,0.00,0.000,0.00,0.000,0.00,0.000,0.00,0.000,0.00,0.000,0.00,0.000,0.00,0.000,0.00,0.000,0.00,11.778,0.08,26.376,0.20,36.346,0.13,21.811,0.13,28.029,0.19,10.058,0.06,52.651,0.33,17.870,0.16,22.932,0.25,30.313,0.56,20.033,0.36,23.708,0.33,10.564,0.07,24.373,0.35,14.512,0.22,0.000,0.00,0.000,0.00,19.896,0.28,4.324,0.06,0.000,0.00,4.858,0.04,0.000,0.00,45.722,0.58,15.504,0.18,49.936,0.81,16.223,0.34,0.000,0.00,0.000,0.00,0.000,0.00,18.886,0.51,2.942,0.07,43.024,1.10,21.028,0.15,35.698,0.30,56.218,0.90,55.036,0.66,45.945,1.67
63472,SPAR T&T PORK STEAK TEXAN P/KG,2,827.871,0.33,0.000,0.00,0.000,0.00,0.000,0.00,0.000,0.00,0.000,0.00,0.000,0.00,0.000,0.00,0.000,0.00,0.000,0.00,0.000,0.00,0.000,0.00,0.000,0.00,0.000,0.00,0.000,0.00,0.000,0.00,0.000,0.00,0.000,0.00,0.000,0.00,0.000,0.00,0.000,0.00,0.000,0.00,0.000,0.00,0.000,0.00,0.000,0.00,0.000,0.00,0.000,0.00,0.000,0.00,0.000,0.00,0.000,0.00,0.000,0.00,0.000,0.00,0.000,0.00,0.000,0.00,0.000,0.00,0.000,0.00,0.000,0.00,0.000,0.00,0.000,0.00,0.000,0.00,0.000,0.00,0.000,0.00,77.047,0.69,98.442,1.25,101.608,1.75,100.150,1.85,164.494,2.39,81.420,1.85,75.678,1.90,82.109,1.41,46.923,1.10
39771,PET'S DROEWORS,2,801.000,0.96,33.312,2.97,26.656,2.15,7.530,0.70,16.906,1.61,18.492,1.39,17.440,1.37,26.930,1.88,20.154,1.59,19.406,1.52,24.236,1.14,17.012,1.60,19.102,1.71,13.272,0.93,11.072,0.77,22.546,1.77,22.166,1.66,19.650,1.30,5.264,0.37,4.922,0.30,26.256,1.75,21.186,1.36,19.060,0.85,18.452,1.38,17.692,1.30,26.166,1.47,14.082,0.95,1.290,0.08,0.118,0.01,19.516,1.23,6.818,0.37,5.232,0.30,7.336,0.43,16.318,0.78,19.878,0.73,15.788,0.93,7.946,0.41,7.638,0.35,18.464,0.85,15.082,0.64,16.422,0.76,24.084,1.07,21.680,0.91,16.324,0.88,17.966,0.86,11.700,0.59,0.000,0.00,14.458,0.81,21.900,1.37,18.232,1.06,7.848,0.89
34261,MUTTON LEG CHOP,2,761.055,0.68,0.710,0.03,0.000,0.00,0.000,0.00,0.000,0.00,0.000,0.00,0.410,0.03,1.516,0.06,11.552,0.44,11.930,0.45,10.556,0.23,3.024,0.17,0.000,0.00,1.174,0.04,0.548,0.02,6.455,0.09,0.724,0.05,0.944,0.07,2.000,0.17,0.000,0.00,0.000,0.00,0.694,0.05,0.000,0.00,3.488,0.20,20.161,1.08,23.350,0.87,16.036,0.72,18.190,0.69,32.484,1.30,39.832,1.66,24.238,0.95,26.006,1.23,19.526,0.94,11.370,0.44,34.842,1.03,3.518,0.17,21.198,0.89,39.616,1.50,27.586,1.04,33.780,1.04,38.141,1.51,36.254,1.73,32.398,1.18,35.692,1.50,41.016,1.59,29.988,1.23,24.524,0.55,18.142,0.60,19.148,0.70,27.058,0.93,11.236,0.75
34184,BEEF TEXAN STEAK,2,700.567,0.37,12.268,0.55,12.238,0.34,8.187,0.24,17.111,0.64,17.786,0.55,13.746,0.43,47.864,1.33,27.388,1.19,14.556,0.64,45.260,1.20,22.137,0.92,17.310,0.68,30.525,1.00,32.732,1.04,3.534,0.16,14.169,0.62,11.724,0.41,16.137,-0.01,33.133,0.28,39.764,0.35,12.628,0.20,27.800,0.62,14.753,0.44,15.360,0.36,38.870,0.21,24.722,0.33,11.078,0.25,0.000,0.00,0.000,0.00,0.000,0.00,18.526,0.26,13.560,0.22,0.000,0.00,0.000,0.00,0.000,0.00,0.000,0.00,0.000,0.00,0.000,0.00,0.000,0.00,0.000,0.00,4.970,0.28,24.942,1.50,16.452,1.00,2.706,0.16,10.827,0.42,5.784,0.15,15.070,0.28,4.950,0.10,0.000,0.00,0.000,0.00
63526,BEEF OXTAIL,2,637.470,0.17,0.000,0.00,0.000,0.00,0.000,0.00,0.000,0.00,0.000,0.00,0.000,0.00,0.000,0.00,0.000,0.00,0.000,0.00,0.000,0.00,0.000,0.00,0.000,0.00,0.000,0.00,0.000,0.00,0.000,0.00,0.000,0.00,0.000,0.00,0.000,0.00,0.000,0.00,0.000,0.00,0.000,0.00,0.000,0.00,0.000,0.00,0.000,0.00,0.000,0.00,0.000,0.00,0.000,0.00,0.000,0.00,0.000,0.00,0.000,0.00,0.000,0.00,0.000,0.00,0.000,0.00,0.000,0.00,0.000,0.00,0.000,0.00,0.000,0.00,0.000,0.00,0.000,0.00,0.000,0.00,0.000,0.00,2.488,0.06,5.766,0.17,28.210,0.74,160.309,0.34,106.774,1.72,94.014,1.10,128.909,1.66,98.758,1.05,12.242,0.48
34250,LAMB SHANK,2,636.113,0.51,9.756,0.45,9.112,0.39,5.132,0.25,2.536,0.12,5.800,0.43,0.000,0.00,0.000,0.00,0.000,0.00,0.000,0.00,0.000,0.00,0.470,0.03,4.980,0.35,5.669,0.35,13.314,0.66,8.111,0.42,6.150,0.29,7.836,0.38,11.670,0.54,11.842,0.46,9.216,0.39,6.464,0.31,19.110,0.35,10.402,0.30,13.048,0.43,14.396,0.35,18.008,0.52,17.938,0.60,19.172,0.65,20.298,0.64,23.794,0.66,20.768,0.60,14.744,0.45,24.880,0.65,16.113,0.38,14.802,0.73,13.993,0.49,15.436,0.60,24.442,0.90,22.020,0.71,14.572,0.57,18.515,0.77,15.812,0.94,15.542,0.94,17.140,0.60,8.532,0.33,27.058,0.55,19.336,0.79,18.630,0.84,23.020,0.97,16.534,1.34
53854,BW KAROO BEEF  BILTONG,2,621.499,1.43,0.000,0.00,0.000,0.00,0.000,0.00,0.000,0.00,0.000,0.00,0.000,0.00,0.000,0.00,0.000,0.00,0.000,0.00,0.000,0.00,0.000,0.00,0.000,0.00,0.000,0.00,0.000,0.00,0.000,0.00,0.000,0.00,0.000,0.00,6.316,0.86,14.016,1.63,17.478,2.22,9.096,1.28,13.190,1.39,10.640,1.88,16.003,2.63,18.780,2.01,11.898,1.54,15.110,1.67,12.316,1.42,18.256,2.21,21.312,2.22,21.824,2.38,20.452,2.28,22.632,2.07,24.640,1.62,18.250,1.88,20.768,1.89,27.452,2.23,27.060,1.99,24.161,1.71,25.415,2.29,19.330,1.80,20.526,2.05,17.271,2.42,25.046,2.35,19.406,1.93,26.016,1.85,19.067,1.85,18.850,1.92,23.874,2.44,15.048,2.99
34207,BULK STEWING BEEF,2,606.152,0.28,0.000,0.00,0.000,0.00,0.000,0.00,0.000,0.00,0.000,0.00,0.000,0.00,0.000,0.00,0.000,0.00,0.000,0.00,0.000,0.00,0.000,0.00,0.000,0.00,0.000,0.00,5.968,0.13,20.718,0.52,37.513,0.79,33.762,0.80,20.438,0.52,10.696,0.25,16.152,0.39,14.692,0.37,22.294,0.40,13.294,0.40,6.426,0.18,14.590,0.25,24.736,0.41,17.320,0.16,32.852,0.50,14.390,0.28,18.719,0.32,3.398,0.06,11.412,0.27,14.800,0.26,7.312,0.12,8.804,0.25,13.574,0.43,24.558,0.70,44.096,1.21,62.514,1.32,11.552,0.26,6.169,0.12,18.888,-0.03,1.686,0.05,7.982,0.20,5.937,0.17,3.072,0.03,3.124,0.05,11.566,0.22,15.784,0.28,5.364,0.18
34170,BEEF SHORTRIB,2,586.454,0.35,52.739,1.62,48.654,1.64,30.552,1.21,28.740,1.18,26.882,0.87,0.000,0.00,11.232,0.33,35.633,1.29,25.635,1.03,23.208,0.54,24.400,1.13,7.210,0.31,13.010,0.35,1.966,0.06,2.286,0.07,18.294,0.55,5.074,0.14,0.000,0.00,2.436,0.06,0.000,0.00,0.476,0.01,12.340,0.25,4.586,0.16,7.843,0.24,3.484,0.09,1.588,0.05,17.540,0.47,19.624,0.55,9.184,0.27,26.792,0.51,4.442,0.12,0.000,0.00,3.224,0.09,5.548,0.14,9.808,0.43,36.455,1.44,25.933,0.92,24.976,0.88,6.832,0.22,7.828,0.20,0.000,0.00,0.000,0.00,0.000,0.00,0.000,0.00,0.000,0.00,0.000,0.00,0.000,0.00,0.000,0.00,0.000,0.00,0.000,0.00
43008,DELGADO OFF CUTS SNOEK 400G,2,578.000,0.10,8.000,0.07,8.000,0.07,10.000,0.10,4.000,0.04,6.000,0.07,14.000,0.16,16.000,0.17,15.000,0.18,18.000,0.21,25.000,0.18,23.000,0.32,31.000,0.41,38.000,0.40,40.000,0.42,61.000,0.71,64.000,0.72,53.000,0.52,74.000,0.79,36.000,0.33,15.000,0.16,8.000,0.12,7.000,0.08,4.000,0.08,0.000,0.00,0.000,0.00,0.000,0.00,0.000,0.00,0.000,0.00,0.000,0.00,0.000,0.00,0.000,0.00,0.000,0.00,0.000,0.00,0.000,0.00,0.000,0.00,0.000,0.00,0.000,0.00,0.000,0.00,0.000,0.00,0.000,0.00,0.000,0.00,0.000,0.00,0.000,0.00,0.000,0.00,0.000,0.00,0.000,0.00,0.000,0.00,0.000,0.00,0.000,0.00,0.000,0.00
45494,1/2 LAMB,2,572.172,0.16,49.658,0.63,0.000,0.00,0.000,0.00,0.000,0.00,5.716,0.08,0.000,0.00,0.000,0.00,56.865,0.93,21.349,0.26,11.332,0.14,9.614,0.18,0.000,0.00,69.445,0.97,63.162,2.17,20.457,0.31,9.733,0.20,0.000,0.00,0.000,0.00,3.408,0.06,0.000,0.00,11.268,0.41,11.370,0.17,0.000,0.00,0.000,0.00,10.442,0.17,0.000,0.00,0.000,0.00,0.000,0.00,0.000,0.00,0.000,0.00,0.000,0.00,32.851,0.51,0.000,0.00,10.108,0.14,0.000,0.00,0.000,0.00,5.186,0.14,0.000,0.00,8.928,0.29,0.000,0.00,0.000,0.00,0.000,0.00,0.000,0.00,0.000,0.00,161.280,0.85,0.000,0.00,0.000,0.00,0.000,0.00,0.000,0.00,0.000,0.00
45495,WHOLE LAMB,2,551.978,-0.13,0.000,0.00,0.000,0.00,0.000,0.00,8.606,0.28,0.000,0.00,0.000,0.00,0.000,0.00,0.000,0.00,5.712,0.08,0.000,0.00,0.000,0.00,0.000,0.00,81.903,0.91,17.185,0.29,0.000,0.00,0.000,0.00,27.821,0.55,0.000,0.00,0.000,0.00,0.000,0.00,0.000,0.00,0.000,0.00,0.000,0.00,0.000,0.00,0.000,0.00,0.000,0.00,0.000,0.00,0.000,0.00,0.000,0.00,0.000,0.00,0.000,0.00,0.000,0.00,20.457,0.23,0.000,0.00,0.000,0.00,0.000,0.00,0.000,0.00,0.000,0.00,6.395,0.13,0.000,0.00,0.000,0.00,0.000,0.00,0.000,0.00,0.000,0.00,383.899,-7.43,0.000,0.00,0.000,0.00,0.000,0.00,0.000,0.00,0.000,0.00
12197,SPAR S/ST S/RIBS,2,542.000,0.25,37.000,1.02,30.000,1.23,29.000,0.96,29.000,0.60,22.000,0.70,20.000,0.77,49.000,0.96,38.000,1.18,20.000,0.99,36.000,0.52,21.000,0.79,16.000,1.08,10.000,0.20,48.000,1.00,25.000,0.74,37.000,0.76,22.000,1.05,26.000,0.95,21.000,0.47,0.000,0.00,0.000,0.00,0.000,0.00,0.000,0.00,0.000,0.00,1.000,0.03,1.000,0.04,0.000,0.00,0.000,0.00,0.000,0.00,0.000,0.00,0.000,0.00,0.000,0.00,1.000,0.03,2.000,0.04,0.000,0.00,0.000,0.00,0.000,0.00,0.000,0.00,0.000,0.00,0.000,0.00,0.000,0.00,0.000,0.00,0.000,0.00,0.000,0.00,0.000,0.00,0.000,0.00,1.000,0.03,0.000,0.00,0.000,0.00,0.000,0.00
34255,MUTTON BEST END CHOPS,2,541.593,0.44,1.090,0.05,0.714,0.03,0.000,0.00,0.000,0.00,0.250,0.01,1.304,0.07,0.000,0.00,9.902,0.28,6.364,0.22,3.244,0.16,1.514,0.15,3.019,0.26,6.600,0.42,3.784,0.23,7.122,0.37,0.000,0.00,0.000,0.00,3.154,0.25,1.264,0.09,2.790,0.21,2.226,0.15,2.710,0.09,0.000,0.00,10.608,0.57,10.094,0.37,6.540,0.29,10.992,0.42,12.784,0.51,22.130,0.92,14.634,0.60,21.796,1.19,18.992,1.00,6.882,0.27,23.334,0.69,1.448,0.07,14.330,0.56,29.412,0.91,21.618,0.66,24.607,0.86,23.490,0.89,19.114,0.63,19.122,0.55,25.736,0.67,31.414,0.68,28.192,0.63,17.003,0.32,16.626,0.51,17.226,0.61,25.144,1.04,11.274,0.89
48771,PORK BELLY ROAST,2,528.288,0.24,0.000,0.00,0.000,0.00,0.000,0.00,7.848,0.17,19.854,0.44,21.974,0.67,13.192,0.34,6.224,0.25,10.962,0.38,15.067,0.43,0.000,0.00,2.684,0.05,5.807,0.24,0.000,0.00,35.810,0.40,31.186,0.43,37.774,0.21,23.730,0.37,20.126,0.91,27.554,0.71,4.014,0.07,17.712,0.47,16.792,0.67,11.050,0.21,15.132,0.28,8.514,0.21,4.216,0.09,5.322,0.14,1.838,0.05,0.000,0.00,3.044,0.08,4.004,0.10,4.344,0.09,11.038,0.28,-0.860,-0.04,4.398,0.10,3.126,0.06,20.977,0.32,21.166,0.22,12.316,0.22,11.068,0.20,21.626,0.52,4.336,0.15,11.171,0.30,7.242,0.27,1.786,0.05,0.000,0.00,0.000,0.00,17.344,0.61,5.780,0.29
12142,SPAR YB BEEF SILVERSIDE,2,523.601,0.26,0.000,0.00,0.000,0.00,0.000,0.00,0.000,0.00,0.000,0.00,0.000,0.00,0.000,0.00,0.000,0.00,0.000,0.00,0.000,0.00,0.000,0.00,0.000,0.00,0.000,0.00,0.000,0.00,0.000,0.00,0.000,0.00,0.000,0.00,0.000,0.00,0.000,0.00,0.000,0.00,0.000,0.00,0.000,0.00,0.000,0.00,0.000,0.00,0.000,0.00,0.000,0.00,0.000,0.00,0.000,0.00,17.130,0.52,33.912,0.61,25.266,0.67,69.714,1.10,65.346,0.91,26.356,0.41,40.850,0.70,41.629,1.05,63.651,1.16,40.785,0.88,40.360,1.07,19.671,0.66,23.189,0.67,15.742,0.37,0.000,0.00,0.000,0.00,0.000,0.00,0.000,0.00,0.000,0.00,0.000,0.00,0.000,0.00,0.000,0.00
62009,BILTONG & KAASWORS,2,514.974,0.33,0.000,0.00,0.000,0.00,0.000,0.00,0.000,0.00,0.000,0.00,0.000,0.00,0.000,0.00,0.000,0.00,0.000,0.00,0.000,0.00,0.000,0.00,0.000,0.00,0.000,0.00,0.000,0.00,0.000,0.00,0.000,0.00,0.000,0.00,0.000,0.00,0.000,0.00,0.000,0.00,0.000,0.00,0.000,0.00,0.000,0.00,0.000,0.00,0.000,0.00,0.000,0.00,0.000,0.00,0.000,0.00,0.000,0.00,0.000,0.00,0.000,0.00,0.000,0.00,0.000,0.00,0.000,0.00,0.000,0.00,0.000,0.00,0.000,0.00,38.485,0.89,86.571,1.91,54.092,1.42,46.414,1.21,49.397,1.26,48.517,1.14,46.540,0.80,58.941,1.62,48.923,1.11,36.640,1.19,0.454,0.01,0.000,0.00,0.000,0.00
11139,PORK HOCKS STEW,2,507.475,0.13,0.000,0.00,0.000,0.00,0.000,0.00,0.000,0.00,0.000,0.00,0.000,0.00,0.000,0.00,0.000,0.00,0.000,0.00,0.000,0.00,0.000,0.00,0.000,0.00,0.000,0.00,0.000,0.00,0.000,0.00,0.000,0.00,0.000,0.00,0.000,0.00,0.000,0.00,0.000,0.00,0.000,0.00,0.000,0.00,0.000,0.00,0.000,0.00,0.000,0.00,0.000,0.00,0.000,0.00,0.000,0.00,0.000,0.00,0.000,0.00,0.000,0.00,0.000,0.00,0.000,0.00,0.000,0.00,0.000,0.00,0.000,0.00,0.000,0.00,0.000,0.00,0.000,0.00,31.755,0.33,284.487,2.47,191.233,2.06,0.000,0.00,0.000,0.00,0.000,0.00,0.000,0.00,0.000,0.00,0.000,0.00,0.000,0.00,0.000,0.00
62010,BULK BILTONG & KAASWORS,2,506.728,0.24,0.000,0.00,0.000,0.00,0.000,0.00,0.000,0.00,0.000,0.00,0.000,0.00,0.000,0.00,0.000,0.00,0.000,0.00,0.000,0.00,0.000,0.00,0.000,0.00,0.000,0.00,0.000,0.00,0.000,0.00,0.000,0.00,0.000,0.00,0.000,0.00,0.000,0.00,0.000,0.00,0.000,0.00,0.000,0.00,0.000,0.00,0.000,0.00,0.000,0.00,0.000,0.00,0.000,0.00,0.000,0.00,0.000,0.00,0.000,0.00,0.000,0.00,0.000,0.00,0.000,0.00,0.000,0.00,0.000,0.00,0.000,0.00,0.000,0.00,35.588,0.82,76.002,1.31,50.240,0.97,51.696,1.00,41.376,0.79,56.928,0.58,46.908,0.50,54.416,1.05,61.820,1.07,31.754,0.77,0.000,0.00,0.000,0.00,0.000,0.00
56816,MUTTON STEW,2,501.833,0.23,0.000,0.00,0.000,0.00,0.000,0.00,0.000,0.00,0.000,0.00,0.000,0.00,0.000,0.00,0.000,0.00,0.000,0.00,0.000,0.00,0.000,0.00,0.000,0.00,0.000,0.00,0.000,0.00,0.000,0.00,0.000,0.00,0.000,0.00,0.000,0.00,0.000,0.00,0.000,0.00,0.000,0.00,0.000,0.00,0.000,0.00,0.000,0.00,17.228,0.34,29.648,0.44,109.626,1.61,89.203,1.94,38.354,1.29,25.546,0.68,14.554,0.19,9.018,0.12,3.370,0.04,2.818,0.02,1.778,0.05,2.160,0.07,0.628,0.02,11.300,0.35,3.532,0.06,3.032,0.09,11.266,0.31,11.604,0.29,15.900,0.41,26.996,0.56,13.174,0.28,16.372,0.27,9.246,0.25,9.636,0.29,17.870,0.50,7.974,0.43
35005,BRITOS BUDGET PATTIES,2,497.000,0.27,8.000,0.22,1.000,0.02,0.000,0.00,0.000,0.00,0.000,0.00,0.000,0.00,2.000,0.06,14.000,0.49,14.000,0.53,28.000,0.48,2.000,0.05,0.000,0.00,10.000,0.20,10.000,0.42,13.000,0.47,10.000,0.32,9.000,0.26,13.000,0.43,7.000,0.20,11.000,0.35,0.000,0.00,0.000,0.00,0.000,0.00,9.000,0.32,22.000,0.59,16.000,0.52,15.000,0.42,13.000,0.38,10.000,0.30,13.000,0.34,24.000,0.66,26.000,0.73,17.000,0.39,14.000,0.24,24.000,0.67,13.000,0.32,35.000,0.78,19.000,0.42,17.000,0.34,12.000,0.26,10.000,0.15,2.000,0.03,0.000,0.00,11.000,0.17,1.000,0.02,0.000,0.00,0.000,0.00,6.000,0.12,16.000,0.31,0.000,0.00
34267,MUTTON SHANK,2,485.670,0.35,2.848,0.13,3.782,0.15,4.080,0.19,8.678,0.53,7.950,0.42,1.894,0.11,1.320,0.07,3.626,0.14,6.534,0.22,5.370,0.16,6.032,0.37,2.337,0.12,6.042,0.17,8.713,0.30,9.108,0.33,10.232,0.52,9.896,0.52,5.549,0.38,6.050,0.36,4.148,0.27,8.196,0.47,12.780,0.20,5.424,0.25,11.704,0.47,12.228,0.44,3.966,0.18,8.912,0.34,10.796,0.43,15.802,0.66,11.886,0.43,15.376,0.60,15.768,0.62,3.926,0.13,13.984,0.34,0.000,0.00,9.468,0.32,20.976,0.64,10.334,0.32,17.357,0.28,17.314,0.44,12.224,0.42,16.590,0.50,16.848,0.45,17.622,0.39,10.576,0.25,18.740,0.31,14.378,0.41,14.376,0.47,15.956,0.53,7.974,0.50
34238, LAMB NIERTJIES,2,485.248,0.13,2.010,0.05,0.000,0.00,0.000,0.00,0.000,0.00,0.000,0.00,0.000,0.00,0.000,0.00,0.806,0.02,0.990,0.02,0.000,0.00,18.618,0.29,21.225,0.32,29.831,0.40,47.847,0.67,17.359,0.24,11.747,0.14,57.744,0.84,16.511,0.25,44.816,0.57,23.886,0.31,34.794,0.42,39.435,0.34,25.870,0.37,0.778,0.01,0.000,0.00,3.394,0.10,8.186,0.24,9.904,0.17,10.424,0.20,0.610,0.01,0.654,0.01,6.210,0.11,2.662,0.04,2.586,0.03,7.188,0.13,3.038,0.05,2.368,0.03,5.022,0.07,3.138,0.04,0.000,0.00,0.000,0.00,1.194,0.01,0.830,0.01,0.000,0.00,5.709,0.06,1.682,0.01,0.000,0.00,8.484,0.17,4.968,0.08,2.730,0.08
34272,PORK BELLY SPARE RIB,2,479.901,0.18,31.489,0.27,33.447,0.73,37.089,0.77,58.797,1.17,14.758,0.23,13.327,0.32,10.510,0.32,9.268,0.15,17.684,0.84,42.744,1.05,17.531,0.70,22.066,-0.32,36.050,0.36,13.510,0.76,11.988,0.76,0.000,0.00,10.550,0.56,8.320,0.48,11.604,0.72,1.708,0.12,0.000,0.00,1.370,0.06,0.000,0.00,0.000,0.00,23.666,0.56,0.000,0.00,0.000,0.00,0.000,0.00,0.000,0.00,0.000,0.00,0.000,0.00,3.394,-0.02,6.063,0.05,9.468,-0.03,23.447,-0.08,0.000,0.00,10.053,0.01,0.000,0.00,0.000,0.00,0.000,0.00,0.000,0.00,0.000,0.00,0.000,0.00,0.000,0.00,0.000,0.00,0.000,0.00,0.000,0.00,0.000,0.00,0.000,0.00,0.000,0.00
34269,OOM SE PLAASWORS,2,470.964,0.25,82.786,3.14,104.452,3.64,100.024,4.03,46.158,1.91,12.154,0.40,51.196,1.74,45.316,1.37,7.692,0.36,1.922,0.09,18.740,0.43,0.524,0.02,0.000,0.00,0.000,0.00,0.000,0.00,0.000,0.00,0.000,0.00,0.000,0.00,0.000,0.00,0.000,0.00,0.000,0.00,0.000,0.00,0.000,0.00,0.000,0.00,0.000,0.00,0.000,0.00,0.000,0.00,0.000,0.00,0.000,0.00,0.000,0.00,0.000,0.00,0.000,0.00,0.000,0.00,0.000,0.00,0.000,0.00,0.000,0.00,0.000,0.00,0.000,0.00,0.000,0.00,0.000,0.00,0.000,0.00,0.000,0.00,0.000,0.00,0.000,0.00,0.000,0.00,0.000,0.00,0.000,0.00,0.000,0.00,0.000,0.00,0.000,0.00,0.000,0.00
12118,BEEF RASHERS,2,467.600,0.27,0.000,0.00,0.000,0.00,0.000,0.00,0.000,0.00,0.000,0.00,0.000,0.00,0.000,0.00,0.000,0.00,0.000,0.00,0.000,0.00,0.000,0.00,10.074,0.20,20.470,0.51,36.606,0.90,24.676,0.58,7.522,0.20,36.864,0.87,28.803,0.73,11.652,0.25,28.596,0.67,16.334,0.51,14.178,0.37,12.472,0.55,7.622,0.35,22.658,0.78,9.720,0.41,16.298,0.58,5.484,0.20,9.002,0.41,13.221,0.26,19.468,0.86,14.052,0.70,16.484,0.49,9.128,0.21,11.954,0.44,11.488,0.24,13.090,0.34,7.844,0.20,18.528,0.52,13.312,0.37,0.000,0.00,0.000,0.00,0.000,0.00,0.000,0.00,0.000,0.00,0.000,0.00,0.000,0.00,0.000,0.00,0.000,0.00,0.000,0.00
11140,SPAR YB BELLY B/IN,2,467.134,0.22,0.000,0.00,0.000,0.00,0.000,0.00,0.000,0.00,0.000,0.00,0.000,0.00,0.000,0.00,0.000,0.00,0.000,0.00,0.000,0.00,0.000,0.00,0.000,0.00,0.000,0.00,0.000,0.00,0.000,0.00,0.000,0.00,0.000,0.00,0.000,0.00,0.000,0.00,0.000,0.00,0.000,0.00,41.761,0.58,57.346,1.50,54.308,1.31,43.274,0.94,25.631,0.56,53.868,1.21,15.308,0.44,1.828,0.06,5.718,0.15,8.636,0.24,0.000,0.00,5.428,0.17,9.274,0.20,4.832,0.16,14.872,0.33,7.387,0.15,23.083,0.47,29.497,0.26,0.378,0.00,32.536,0.68,32.169,0.69,0.000,0.00,0.000,0.00,0.000,0.00,0.000,0.00,0.000,0.00,0.000,0.00,0.000,0.00,0.000,0.00
34201,BULK KALAHARI BOEREWORS,2,453.261,0.18,1.056,0.02,21.122,0.37,12.272,0.25,43.856,0.78,14.014,0.40,0.000,0.00,0.000,0.00,0.000,0.00,0.000,0.00,0.000,0.00,4.788,0.13,7.936,0.29,0.926,0.03,0.000,0.00,0.000,0.00,42.496,0.96,39.193,1.15,15.132,0.31,0.000,0.00,0.000,0.00,13.706,0.27,15.078,0.20,19.961,0.49,15.876,0.46,4.056,0.10,0.000,0.00,0.000,0.00,26.102,0.31,0.000,0.00,0.000,0.00,0.000,0.00,30.870,0.38,0.000,0.00,0.000,0.00,0.000,0.00,0.000,0.00,0.000,0.00,0.000,0.00,0.000,0.00,68.713,1.37,0.000,0.00,0.000,0.00,0.000,0.00,56.108,1.20,0.000,0.00,0.000,0.00,0.000,0.00,0.000,0.00,0.000,0.00,0.000,0.00
34169,BEEF SHIN B/IN,2,450.315,0.29,1.750,0.12,16.752,1.15,11.710,0.93,34.677,2.18,19.300,1.15,21.458,1.25,2.452,0.17,1.466,0.12,0.000,0.00,0.000,0.00,0.000,0.00,0.000,0.00,0.000,0.00,2.390,0.17,13.260,0.81,49.316,1.79,26.689,1.06,16.768,0.68,7.354,0.24,15.158,0.50,4.754,0.20,0.000,0.00,0.000,0.00,0.000,0.00,0.000,0.00,1.346,0.06,24.810,0.17,8.248,0.01,15.276,0.33,12.737,0.23,0.000,0.00,0.000,0.00,0.000,0.00,0.000,0.00,7.136,0.21,3.988,0.10,4.544,0.10,0.000,0.00,21.408,0.57,14.180,0.39,45.890,0.86,19.363,0.30,2.848,0.10,0.000,0.00,0.000,0.00,1.837,0.05,2.105,0.09,2.193,0.11,17.152,0.40,0.000,0.00
32049,BEEF BILTONG,2,423.115,0.96,22.112,1.96,26.932,2.16,25.792,2.38,16.714,1.59,29.420,2.20,28.410,2.22,16.304,0.45,14.160,-0.66,15.790,-0.49,25.628,1.93,15.438,3.76,12.872,3.86,15.892,3.72,16.373,3.63,19.713,4.41,23.208,4.97,14.738,2.79,15.168,3.09,12.256,2.13,13.896,2.63,8.621,1.72,1.294,0.28,2.964,1.07,0.958,0.34,1.404,0.29,1.462,0.34,0.606,0.12,2.268,0.47,1.684,0.37,2.494,0.47,1.816,0.36,1.854,0.37,1.598,0.26,2.366,0.30,3.850,0.77,0.760,0.14,0.428,0.07,1.896,0.30,1.240,0.18,1.030,0.16,1.442,0.22,0.120,0.02,0.000,0.00,0.000,0.00,0.000,0.00,0.000,0.00,0.000,0.00,0.000,0.00,0.000,0.00,0.144,0.04
34237,KALAHARI BOEREWORS,2,409.015,0.15,2.828,0.11,16.564,0.56,8.594,0.34,64.709,1.04,10.890,0.34,0.000,0.00,0.000,0.00,0.000,0.00,0.000,0.00,0.000,0.00,3.270,0.10,10.200,0.39,0.870,0.03,0.000,0.00,0.000,0.00,2.916,0.04,30.374,0.48,19.945,0.26,0.000,0.00,0.000,0.00,10.916,0.14,11.482,0.09,26.718,0.38,23.829,0.40,9.052,0.13,0.000,0.00,0.000,0.00,22.376,0.26,0.000,0.00,0.000,0.00,0.000,0.00,31.043,0.36,0.000,0.00,0.000,0.00,0.000,0.00,0.000,0.00,0.000,0.00,0.000,0.00,0.000,0.00,59.612,1.35,0.000,0.00,0.000,0.00,0.000,0.00,42.827,0.96,0.000,0.00,0.000,0.00,0.000,0.00,0.000,0.00,0.000,0.00,0.000,0.00
12659,PORK TEXAN,2,408.550,0.20,0.000,0.00,0.000,0.00,0.000,0.00,0.000,0.00,0.000,0.00,0.000,0.00,0.000,0.00,0.000,0.00,0.000,0.00,0.000,0.00,0.000,0.00,0.000,0.00,0.000,0.00,0.000,0.00,0.000,0.00,0.000,0.00,0.000,0.00,0.000,0.00,0.000,0.00,0.000,0.00,0.000,0.00,0.000,0.00,0.000,0.00,0.000,0.00,0.000,0.00,0.000,0.00,0.000,0.00,0.000,0.00,0.000,0.00,14.868,0.25,53.505,0.80,1.342,0.03,2.064,0.03,138.026,2.14,77.530,2.23,68.752,1.36,45.985,1.11,6.478,0.15,0.000,0.00,0.000,0.00,0.000,0.00,0.000,0.00,0.000,0.00,0.000,0.00,0.000,0.00,0.000,0.00,0.000,0.00,0.000,0.00,0.000,0.00,0.000,0.00
34251,LAMB STEW DELI-CO,2,396.573,0.28,15.876,0.77,13.290,0.59,13.513,0.64,5.104,0.38,5.400,0.27,6.090,0.17,8.294,0.18,6.716,0.17,2.915,0.12,16.850,0.49,2.306,0.16,3.804,0.26,8.370,0.50,15.902,0.83,10.155,0.41,10.660,0.52,9.264,0.44,6.654,0.32,14.350,0.57,7.052,0.31,6.169,0.30,17.078,0.31,10.438,0.31,7.972,0.26,8.139,0.28,7.774,0.31,6.658,0.29,5.670,0.26,14.488,0.70,10.774,0.44,10.664,0.46,7.956,0.31,8.802,0.22,7.628,0.14,6.504,0.19,11.964,0.32,11.770,0.28,17.636,0.41,17.072,0.36,14.450,0.34,4.402,0.10,0.000,0.00,0.000,0.00,0.000,0.00,0.000,0.00,0.000,0.00,0.000,0.00,0.000,0.00,0.000,0.00,0.000,0.00
62213,BACON BITS,2,386.000,0.04,0.000,0.00,0.000,0.00,0.000,0.00,0.000,0.00,0.000,0.00,0.000,0.00,0.000,0.00,0.000,0.00,0.000,0.00,0.000,0.00,0.000,0.00,0.000,0.00,0.000,0.00,0.000,0.00,0.000,0.00,0.000,0.00,0.000,0.00,0.000,0.00,0.000,0.00,0.000,0.00,0.000,0.00,0.000,0.00,0.000,0.00,0.000,0.00,0.000,0.00,0.000,0.00,0.000,0.00,0.000,0.00,0.000,0.00,0.000,0.00,0.000,0.00,0.000,0.00,0.000,0.00,0.000,0.00,0.000,0.00,0.000,0.00,0.000,0.00,0.000,0.00,75.000,0.28,81.000,0.33,45.000,0.20,66.000,0.28,35.000,0.18,43.000,0.20,14.000,0.07,27.000,0.10,0.000,0.00,0.000,0.00,0.000,0.00,0.000,0.00
34182,BEEF TENDERISED STEAK,2,376.093,0.17,3.514,0.24,0.804,0.05,0.000,0.00,6.830,0.37,13.534,0.53,18.588,0.75,10.742,0.54,16.517,1.06,5.580,0.36,6.078,0.24,14.601,0.51,13.004,0.48,18.840,0.65,7.982,0.45,7.942,0.51,8.850,0.39,17.129,0.44,19.148,0.30,21.611,0.30,32.726,0.48,20.084,0.36,14.386,0.27,17.795,0.37,15.120,0.16,14.598,0.12,15.114,0.15,13.594,0.11,8.322,0.07,13.060,-0.12,0.000,0.00,0.000,0.00,0.000,0.00,0.000,0.00,0.000,0.00,0.000,0.00,0.000,0.00,0.000,0.00,0.000,0.00,0.000,0.00,0.000,0.00,0.000,0.00,0.000,0.00,0.000,0.00,0.000,0.00,0.000,0.00,0.000,0.00,0.000,0.00,0.000,0.00,0.000,0.00,0.000,0.00
12130,FLANK BEEF STEW CUBES,2,365.953,0.14,0.000,0.00,0.000,0.00,0.000,0.00,0.000,0.00,0.000,0.00,0.000,0.00,0.000,0.00,0.000,0.00,0.000,0.00,0.000,0.00,0.000,0.00,0.000,0.00,0.000,0.00,0.000,0.00,0.000,0.00,0.000,0.00,0.000,0.00,0.000,0.00,0.000,0.00,0.000,0.00,0.000,0.00,0.000,0.00,0.000,0.00,0.000,0.00,0.000,0.00,0.000,0.00,0.000,0.00,0.000,0.00,0.000,0.00,36.944,0.30,59.004,1.12,10.137,0.14,13.695,0.08,6.802,0.12,11.090,0.51,25.650,0.79,34.264,1.02,12.668,0.13,29.805,0.32,102.340,0.82,8.816,0.19,14.738,0.33,0.000,0.00,0.000,0.00,0.000,0.00,0.000,0.00,0.000,0.00,0.000,0.00,0.000,0.00,0.000,0.00
61369,SPAR T&T PORK STEAK TEXAN P/KG,2,357.786,0.10,0.000,0.00,0.000,0.00,0.000,0.00,0.000,0.00,0.000,0.00,0.000,0.00,0.000,0.00,0.000,0.00,0.000,0.00,0.000,0.00,0.000,0.00,0.000,0.00,0.000,0.00,0.000,0.00,0.000,0.00,0.000,0.00,0.000,0.00,0.000,0.00,0.000,0.00,0.000,0.00,0.000,0.00,0.000,0.00,0.000,0.00,0.000,0.00,0.000,0.00,0.000,0.00,0.000,0.00,0.000,0.00,0.000,0.00,0.000,0.00,0.000,0.00,0.000,0.00,0.000,0.00,0.000,0.00,0.000,0.00,0.000,0.00,0.000,0.00,82.060,0.48,85.318,0.86,63.821,0.85,79.725,0.84,46.862,0.78,0.000,0.00,0.000,0.00,0.000,0.00,0.000,0.00,0.000,0.00,0.000,0.00,0.000,0.00,0.000,0.00
34157,BEEF FILLET,2,357.100,0.60,3.000,0.29,0.976,0.09,0.000,0.00,0.000,0.00,1.040,0.09,5.912,0.24,1.880,0.07,9.362,0.33,5.060,0.19,11.453,0.27,1.726,0.10,3.044,0.17,3.370,0.12,4.659,0.20,7.784,0.51,4.477,0.27,10.298,0.54,6.722,0.38,7.763,0.37,9.784,1.03,7.044,0.86,11.920,1.27,5.886,1.06,5.306,0.56,7.444,0.76,1.588,0.19,9.668,1.02,8.328,0.81,2.284,0.28,9.238,0.91,7.534,0.85,6.952,1.04,28.446,1.75,7.556,0.31,5.356,0.35,3.818,0.22,34.156,4.13,8.818,1.03,1.912,0.22,8.180,0.72,2.442,0.23,2.076,0.18,5.368,0.34,4.162,0.14,7.532,0.22,11.596,0.38,6.672,0.40,16.636,0.94,16.996,0.88,3.876,0.40
42417,SPRINKLE WORCESTER SAUCE,2,347.000,0.05,0.000,0.00,0.000,0.00,4.000,0.04,9.000,0.09,12.000,0.10,1.000,0.01,14.000,0.11,20.000,0.17,25.000,0.32,38.000,0.35,35.000,0.36,30.000,0.31,23.000,0.19,24.000,0.20,5.000,0.05,10.000,0.09,4.000,0.03,14.000,0.12,16.000,0.12,7.000,0.04,21.000,0.13,15.000,0.06,4.000,0.03,0.000,0.00,0.000,0.00,11.000,0.07,5.000,0.03,0.000,0.00,0.000,0.00,0.000,0.00,0.000,0.00,0.000,0.00,0.000,0.00,0.000,0.00,0.000,0.00,0.000,0.00,0.000,0.00,0.000,0.00,0.000,0.00,0.000,0.00,0.000,0.00,0.000,0.00,0.000,0.00,0.000,0.00,0.000,0.00,0.000,0.00,0.000,0.00,0.000,0.00,0.000,0.00,0.000,0.00
59021,BW OUBAAS SALAMI STICKS,2,336.000,0.28,0.000,0.00,0.000,0.00,0.000,0.00,0.000,0.00,0.000,0.00,0.000,0.00,0.000,0.00,0.000,0.00,0.000,0.00,0.000,0.00,0.000,0.00,0.000,0.00,0.000,0.00,0.000,0.00,0.000,0.00,0.000,0.00,0.000,0.00,0.000,0.00,0.000,0.00,0.000,0.00,0.000,0.00,0.000,0.00,0.000,0.00,0.000,0.00,0.000,0.00,0.000,0.00,0.000,0.00,0.000,0.00,0.000,0.00,1.000,0.04,21.000,0.85,14.000,0.58,15.000,0.51,41.000,0.97,13.000,0.47,15.000,0.52,10.000,0.36,13.000,0.47,17.000,0.56,8.000,0.29,12.000,0.42,21.000,0.69,15.000,0.58,14.000,0.41,16.000,0.52,37.000,0.98,20.000,0.77,13.000,0.44,16.000,0.50,4.000,0.25
34159,BEEF ROAST,2,335.473,0.20,0.768,0.04,1.116,0.05,0.000,0.00,7.081,0.41,9.538,0.20,14.554,0.39,11.302,0.39,9.814,0.42,5.442,0.25,10.816,0.31,13.449,0.38,11.353,0.33,10.172,0.24,5.743,0.21,4.730,0.19,8.330,0.19,9.710,0.16,1.302,0.04,6.974,0.24,16.254,0.57,12.490,0.41,4.840,0.11,4.742,0.16,6.418,0.15,5.442,0.09,5.198,0.11,4.752,0.09,9.750,0.18,11.631,-0.03,2.602,0.08,13.666,0.42,4.656,0.15,10.567,0.17,21.980,0.42,4.866,0.15,4.078,0.11,7.934,0.20,2.338,0.08,2.380,0.08,2.398,0.09,2.216,0.08,1.054,0.01,3.314,0.16,10.314,0.62,12.632,0.83,0.642,0.03,0.000,0.00,2.045,0.06,2.080,0.05,0.000,0.00
34285,PORK RASHER,2,335.047,0.10,13.988,0.39,29.485,0.86,9.302,0.28,7.986,0.26,10.247,0.29,2.282,0.05,0.000,0.00,0.000,0.00,0.000,0.00,22.202,0.24,24.362,0.51,21.124,0.18,18.677,0.47,18.638,0.49,23.712,0.38,19.432,0.01,3.584,0.01,18.084,0.22,9.888,0.23,4.524,0.11,0.000,0.00,10.154,0.16,0.000,0.00,6.880,-0.00,0.000,0.00,0.000,0.00,10.374,0.20,1.388,0.03,28.052,0.50,12.150,0.22,6.820,0.13,0.000,0.00,1.254,0.02,0.000,0.00,0.000,0.00,0.000,0.00,0.000,0.00,0.000,0.00,0.000,0.00,0.000,0.00,0.000,0.00,0.458,0.01,0.000,0.00,0.000,0.00,0.000,0.00,0.000,0.00,0.000,0.00,0.000,0.00,0.000,0.00,0.000,0.00
34268,MUTTON STEW,2,321.428,0.19,13.694,0.49,12.246,0.40,10.936,0.41,14.895,0.57,15.746,0.60,6.662,0.34,6.674,0.30,5.786,0.16,5.960,0.16,8.905,0.15,8.972,0.41,6.342,0.24,6.253,0.15,8.747,0.26,14.316,0.48,17.228,0.76,3.298,0.16,10.397,0.59,14.816,0.80,6.606,0.39,4.448,0.24,16.341,0.40,3.328,0.15,5.122,0.13,10.632,0.30,5.944,0.21,3.362,0.10,3.134,0.10,4.660,0.15,0.530,0.01,0.000,0.00,0.000,0.00,0.000,0.00,3.600,0.05,0.000,0.00,4.502,0.09,9.690,0.17,8.622,0.15,17.420,0.28,16.752,0.29,4.862,0.08,0.000,0.00,0.000,0.00,0.000,0.00,0.000,0.00,0.000,0.00,0.000,0.00,0.000,0.00,0.000,0.00,0.000,0.00
34245,LAMB LEG CHOPS,2,314.537,0.36,1.018,0.06,0.000,0.00,1.098,0.06,0.000,0.00,0.000,0.00,0.000,0.00,0.000,0.00,2.824,0.12,13.186,0.62,6.374,0.21,1.202,0.08,0.000,0.00,0.650,0.05,0.000,0.00,8.380,0.72,2.796,0.23,0.000,0.00,1.434,0.11,1.970,0.13,1.174,0.09,1.046,0.08,2.462,0.10,22.170,1.42,16.950,1.07,17.214,0.85,13.124,0.78,4.080,0.21,19.472,1.03,34.512,1.92,24.853,1.26,0.000,0.00,4.112,0.26,5.358,0.28,16.008,0.63,7.970,0.50,1.800,0.10,9.776,0.49,21.412,1.07,20.414,0.92,14.144,0.70,15.000,0.72,0.000,0.00,0.000,0.00,0.000,0.00,0.000,0.00,0.000,0.00,0.554,0.03,0.000,0.00,0.000,0.00,0.000,0.00
44899,LAMB BRAAI CHOP,2,306.182,0.34,0.602,0.03,0.732,0.04,0.932,0.05,0.416,0.03,18.932,1.00,14.138,0.78,6.516,0.23,5.547,0.19,1.884,0.03,4.406,0.15,4.310,0.28,6.220,0.39,2.506,0.18,2.844,0.23,2.614,0.22,3.894,0.32,33.278,2.73,14.545,1.15,4.578,0.31,6.440,0.47,1.058,0.07,7.000,0.27,16.896,1.09,6.270,0.40,8.202,0.40,12.952,0.77,6.780,0.35,11.214,0.63,4.002,0.24,7.586,0.39,9.184,0.50,7.730,0.44,9.078,0.43,4.694,0.17,6.112,0.36,8.714,0.45,15.054,0.69,7.738,0.35,10.590,0.44,8.296,0.38,1.698,0.07,0.000,0.00,0.000,0.00,0.000,0.00,0.000,0.00,0.000,0.00,0.000,0.00,0.000,0.00,0.000,0.00,0.000,0.00
58405,DELI-CO PORK RASHER,2,303.312,0.26,0.000,0.00,0.000,0.00,0.000,0.00,0.000,0.00,0.000,0.00,0.000,0.00,0.000,0.00,0.000,0.00,0.000,0.00,0.000,0.00,0.000,0.00,0.000,0.00,0.000,0.00,0.000,0.00,0.000,0.00,0.000,0.00,0.000,0.00,0.000,0.00,0.000,0.00,0.000,0.00,0.000,0.00,0.000,0.00,0.000,0.00,0.000,0.00,0.000,0.00,0.000,0.00,0.000,0.00,0.000,0.00,12.468,0.50,29.500,0.84,29.877,0.97,42.435,1.73,38.481,1.14,38.395,1.20,35.986,1.90,27.108,1.18,25.888,0.93,16.414,0.45,6.760,0.22,0.000,0.00,0.000,0.00,0.000,0.00,0.000,0.00,0.000,0.00,0.000,0.00,0.000,0.00,0.000,0.00,0.000,0.00,0.000,0.00,0.000,0.00
34232,SHOULDER GAMMON BONE IN,2,297.645,0.09,0.000,0.00,0.000,0.00,0.000,0.00,0.000,0.00,0.000,0.00,0.000,0.00,0.000,0.00,0.000,0.00,8.772,0.36,51.447,1.34,0.000,0.00,0.000,0.00,0.000,0.00,0.000,0.00,0.000,0.00,0.000,0.00,0.000,0.00,0.000,0.00,0.000,0.00,0.000,0.00,6.526,0.10,70.696,0.72,4.596,0.08,4.290,0.04,9.007,0.12,0.000,0.00,0.000,0.00,0.000,0.00,0.000,0.00,0.000,0.00,0.000,0.00,0.000,0.00,20.732,0.08,58.430,0.17,1.891,0.01,4.006,0.03,0.000,0.00,0.000,0.00,0.000,0.00,0.000,0.00,0.000,0.00,0.000,0.00,0.000,0.00,0.000,0.00,6.282,0.08,48.198,0.43,0.000,0.00,0.000,0.00,0.000,0.00,2.772,0.04
46387,SIX GUN GRILL BURGER 8'S,2,293.809,0.09,44.000,0.99,10.000,0.20,18.000,0.43,7.000,0.17,21.000,0.40,27.000,0.53,29.760,0.55,19.936,0.51,13.488,0.34,22.854,0.35,11.372,0.34,0.000,0.00,0.000,0.00,0.000,0.00,6.548,0.14,7.856,0.16,1.324,0.02,8.816,0.07,15.410,0.12,0.000,0.00,9.575,0.14,11.768,0.19,2.518,0.05,0.000,0.00,0.000,0.00,0.000,0.00,0.000,0.00,0.000,0.00,0.000,0.00,0.000,0.00,0.000,0.00,0.000,0.00,0.000,0.00,0.000,0.00,0.000,0.00,0.000,0.00,0.000,0.00,0.000,0.00,0.000,0.00,5.584,0.10,0.000,0.00,0.000,0.00,0.000,0.00,0.000,0.00,0.000,0.00,0.000,0.00,0.000,0.00,0.000,0.00,0.000,0.00,0.000,0.00
12702,DELI CO SKILPADJIES WHOLE,2,289.497,0.13,0.000,0.00,15.028,0.42,16.682,0.56,14.524,0.50,21.196,0.57,18.362,0.52,17.888,0.45,19.346,0.55,18.412,0.52,15.038,0.25,5.306,0.17,12.074,0.37,0.000,0.00,18.288,0.43,7.354,0.20,1.924,0.06,12.664,0.32,11.128,0.30,8.580,0.20,12.039,0.38,3.534,0.11,8.048,0.18,2.114,0.08,3.868,0.14,8.346,0.21,0.000,0.00,1.364,0.04,2.390,0.07,1.612,0.05,0.000,0.00,0.000,0.00,0.000,0.00,0.000,0.00,0.000,0.00,0.000,0.00,0.000,0.00,0.000,0.00,0.000,0.00,0.000,0.00,0.000,0.00,0.000,0.00,5.876,0.14,5.858,0.18,0.654,0.02,0.000,0.00,0.000,0.00,0.000,0.00,0.000,0.00,0.000,0.00,0.000,0.00
38927,T&T BACON DICED,2,289.000,0.10,0.000,0.00,0.000,0.00,0.000,0.00,0.000,0.00,0.000,0.00,0.000,0.00,0.000,0.00,0.000,0.00,0.000,0.00,0.000,0.00,0.000,0.00,0.000,0.00,0.000,0.00,0.000,0.00,0.000,0.00,0.000,0.00,0.000,0.00,0.000,0.00,0.000,0.00,0.000,0.00,0.000,0.00,0.000,0.00,0.000,0.00,0.000,0.00,0.000,0.00,0.000,0.00,4.000,0.07,13.000,0.26,17.000,0.36,41.000,0.48,29.000,0.44,13.000,0.29,19.000,0.33,17.000,0.20,12.000,0.23,15.000,0.26,16.000,0.25,11.000,0.16,6.000,0.09,3.000,0.05,9.000,0.13,6.000,0.02,6.000,0.07,8.000,0.13,4.000,0.07,30.000,0.30,9.000,0.14,1.000,0.02,0.000,0.00,0.000,0.00
63482,TENDERISE STEAK,2,288.155,0.19,0.000,0.00,0.000,0.00,0.000,0.00,0.000,0.00,0.000,0.00,0.000,0.00,0.000,0.00,0.000,0.00,0.000,0.00,0.000,0.00,0.000,0.00,0.000,0.00,0.000,0.00,0.000,0.00,0.000,0.00,0.000,0.00,0.000,0.00,0.000,0.00,0.000,0.00,0.000,0.00,0.000,0.00,0.000,0.00,0.000,0.00,0.000,0.00,0.000,0.00,0.000,0.00,0.000,0.00,0.000,0.00,0.000,0.00,0.000,0.00,0.000,0.00,0.000,0.00,0.000,0.00,0.000,0.00,0.000,0.00,0.000,0.00,0.000,0.00,0.000,0.00,0.000,0.00,0.000,0.00,0.000,0.00,9.994,0.28,29.192,1.36,44.073,1.37,29.585,0.95,33.825,0.70,48.481,1.51,32.362,0.81,44.300,0.84,16.343,0.56
55100,LAMB FQ PACK,2,281.442,0.14,0.000,0.00,0.000,0.00,0.000,0.00,0.000,0.00,0.000,0.00,0.000,0.00,0.000,0.00,0.000,0.00,0.000,0.00,0.000,0.00,0.000,0.00,0.000,0.00,0.000,0.00,0.000,0.00,0.000,0.00,0.000,0.00,0.000,0.00,0.000,0.00,0.000,0.00,1.854,0.08,4.812,0.20,3.598,0.06,0.000,0.00,0.000,0.00,0.000,0.00,0.000,0.00,0.000,0.00,0.000,0.00,108.088,3.00,8.750,0.23,0.000,0.00,6.026,0.17,0.000,0.00,0.000,0.00,0.000,0.00,0.000,0.00,0.000,0.00,0.000,0.00,0.000,0.00,0.000,0.00,0.000,0.00,0.000,0.00,0.000,0.00,0.000,0.00,0.000,0.00,0.000,0.00,0.000,0.00,55.738,1.54,33.588,0.70,58.988,2.58
12144, BEEF STIRFRY,2,279.369,0.19,0.000,0.00,0.000,0.00,0.000,0.00,0.000,0.00,0.000,0.00,0.000,0.00,0.000,0.00,0.000,0.00,0.000,0.00,0.000,0.00,0.000,0.00,0.000,0.00,0.000,0.00,0.000,0.00,0.000,0.00,0.000,0.00,0.000,0.00,0.000,0.00,0.000,0.00,0.000,0.00,0.000,0.00,0.000,0.00,0.000,0.00,0.000,0.00,0.000,0.00,0.000,0.00,0.000,0.00,0.000,0.00,0.000,0.00,22.180,0.60,13.526,0.38,13.185,0.37,17.648,0.38,10.701,0.20,15.645,0.50,13.638,0.36,15.676,0.32,14.168,0.35,11.334,0.33,8.804,0.27,10.992,0.27,8.885,0.22,13.254,0.59,16.426,0.56,10.786,0.38,10.490,0.28,17.531,0.70,15.626,0.54,15.195,0.49,3.679,0.22
34240,LAMB BRAAI RIB,2,278.969,0.19,2.538,0.11,0.186,0.01,23.599,0.58,19.116,1.11,3.508,0.14,12.385,0.23,0.000,0.00,0.000,0.00,0.000,0.00,0.000,0.00,0.000,0.00,2.172,0.07,6.502,0.33,6.502,0.27,6.756,0.33,2.310,0.11,3.934,0.20,4.260,0.20,12.182,0.48,3.766,0.16,1.050,0.04,7.618,0.14,7.100,0.21,5.502,0.17,2.352,0.06,5.532,0.16,4.964,0.12,7.401,0.22,7.198,0.28,6.530,0.18,13.852,0.39,12.222,0.37,10.654,0.28,9.510,0.24,2.038,0.10,3.796,0.11,6.956,0.23,8.658,0.26,5.600,0.15,4.300,0.14,3.596,0.14,3.942,0.17,5.278,0.28,6.080,0.20,4.222,0.15,5.200,0.13,2.476,0.09,0.000,0.00,5.626,0.22,0.000,0.00
50339,LAMB  LIVER,2,274.432,0.08,0.000,0.00,0.000,0.00,0.000,0.00,0.000,0.00,0.000,0.00,0.000,0.00,0.000,0.00,27.628,0.34,20.078,0.25,6.168,0.05,17.898,0.42,19.104,0.41,8.454,0.14,11.772,0.22,16.758,0.34,12.756,0.25,1.696,0.03,0.000,0.00,0.000,0.00,0.000,0.00,0.000,0.00,0.000,0.00,0.000,0.00,0.000,0.00,0.000,0.00,0.000,0.00,0.000,0.00,10.408,0.16,2.478,0.04,6.838,0.09,1.436,0.02,12.240,0.18,5.352,0.07,4.244,0.04,3.740,0.06,2.166,0.03,11.002,0.13,8.948,0.11,3.738,0.04,7.424,0.09,9.158,0.14,9.158,0.13,3.302,0.06,5.838,0.09,3.656,0.06,1.040,0.01,4.194,0.08,6.872,0.14,5.222,0.10,3.666,0.13
12174,SPAR STEAK CO SIRLOIN.,2,271.270,0.20,0.000,0.00,0.000,0.00,0.000,0.00,0.000,0.00,0.000,0.00,0.000,0.00,0.000,0.00,0.000,0.00,0.000,0.00,0.000,0.00,0.000,0.00,0.000,0.00,0.000,0.00,0.000,0.00,0.000,0.00,0.000,0.00,0.000,0.00,0.000,0.00,0.000,0.00,0.000,0.00,0.000,0.00,0.000,0.00,0.000,0.00,0.000,0.00,0.000,0.00,0.000,0.00,10.406,0.35,9.464,0.27,11.238,0.37,15.840,0.51,11.443,0.36,0.653,0.02,7.022,0.21,28.148,0.63,21.346,0.75,27.494,0.84,23.695,0.67,18.020,0.58,22.810,0.72,23.604,0.69,20.853,0.58,9.874,0.13,9.360,0.26,0.000,0.00,0.000,0.00,0.000,0.00,0.000,0.00,0.000,0.00,0.000,0.00,0.000,0.00
34247,LAMB NECK,2,270.768,0.19,2.556,0.12,2.778,0.13,3.242,0.17,2.002,0.13,3.624,0.23,1.260,0.06,0.000,0.00,0.560,0.02,3.255,0.12,2.782,0.08,0.574,0.03,1.046,0.06,4.017,0.20,4.350,0.18,2.828,0.13,3.514,0.17,2.380,0.11,4.720,0.22,4.454,0.17,3.264,0.14,3.868,0.17,9.202,0.17,4.508,0.14,3.068,0.11,6.436,0.15,5.392,0.16,7.868,0.26,5.550,0.19,4.946,0.16,10.036,0.28,9.818,0.28,4.118,0.12,9.556,0.25,9.712,0.23,6.230,0.31,7.242,0.22,9.636,0.31,10.974,0.30,8.260,0.16,7.580,0.20,4.348,0.18,5.276,0.27,3.780,0.29,8.322,0.26,15.736,0.34,13.112,0.32,6.988,0.24,3.822,0.15,9.606,0.19,2.572,0.18
11142, PORK FILLET,2,270.544,0.13,0.000,0.00,0.000,0.00,0.000,0.00,0.000,0.00,0.000,0.00,0.000,0.00,0.000,0.00,0.000,0.00,0.000,0.00,0.000,0.00,0.000,0.00,0.000,0.00,0.000,0.00,0.000,0.00,0.000,0.00,0.000,0.00,0.000,0.00,0.000,0.00,0.000,0.00,0.000,0.00,0.000,0.00,0.000,0.00,0.000,0.00,0.000,0.00,7.373,0.18,8.850,0.25,15.696,0.37,0.766,0.03,0.000,0.00,17.572,0.26,16.209,0.37,12.838,0.27,8.710,0.16,10.014,0.15,9.874,0.23,13.332,0.28,22.686,0.30,6.921,0.14,11.118,0.11,15.662,0.26,24.491,0.77,10.942,0.38,6.954,0.13,20.919,0.13,6.489,0.18,3.140,0.06,8.075,0.18,11.913,0.26,0.000,0.00,0.000,0.00
34385,SIX GUN SPICE SHAKER,2,269.000,0.04,6.000,0.07,6.000,0.07,7.000,0.09,2.000,0.03,3.000,0.03,3.000,0.03,4.000,0.04,4.000,0.04,8.000,0.09,1.000,0.01,0.000,0.00,1.000,0.01,3.000,0.03,3.000,0.03,7.000,0.09,4.000,0.06,5.000,0.04,11.000,0.10,6.000,0.05,11.000,0.08,11.000,0.08,17.000,0.08,10.000,0.08,14.000,0.11,10.000,0.06,10.000,0.07,9.000,0.06,7.000,0.05,3.000,0.02,16.000,0.12,9.000,0.09,4.000,0.04,6.000,0.05,10.000,0.06,9.000,0.08,5.000,0.04,0.000,0.00,0.000,0.00,0.000,0.00,0.000,0.00,0.000,0.00,0.000,0.00,0.000,0.00,0.000,0.00,0.000,0.00,0.000,0.00,6.000,0.03,7.000,0.03,7.000,0.03,4.000,0.08
34179,SPAR YB BEEF TOPSIDE,2,267.649,0.13,1.478,0.07,1.436,0.07,0.322,0.02,5.712,0.31,2.398,0.10,4.120,0.19,5.404,0.19,7.888,0.36,2.596,0.12,5.318,0.15,4.407,0.14,9.194,0.36,4.377,0.11,4.807,0.17,5.120,0.21,7.240,0.15,10.192,0.14,15.201,0.41,4.848,0.16,10.486,0.37,9.006,0.31,5.614,0.14,23.326,0.78,25.762,0.60,35.868,0.64,19.772,0.42,12.554,0.23,11.996,0.23,7.643,0.17,3.564,0.10,0.000,0.00,0.000,0.00,0.000,0.00,0.000,0.00,0.000,0.00,0.000,0.00,0.000,0.00,0.000,0.00,0.000,0.00,0.000,0.00,0.000,0.00,0.000,0.00,0.000,0.00,0.000,0.00,0.000,0.00,0.000,0.00,0.000,0.00,0.000,0.00,0.000,0.00,0.000,0.00
34249,LAMB RIBLETS,2,264.730,0.23,4.146,0.21,1.657,0.09,4.869,0.29,1.404,0.13,6.168,0.42,2.452,0.11,1.240,0.03,4.769,0.15,7.451,0.35,6.251,0.21,3.278,0.21,2.610,0.16,3.181,0.23,0.334,0.02,1.528,0.11,1.602,0.11,2.486,0.17,2.174,0.15,1.616,0.09,1.176,0.07,0.000,0.00,5.614,0.10,1.836,0.06,2.196,0.08,10.776,0.26,2.914,0.09,3.713,0.12,3.284,0.11,3.228,0.10,9.742,0.27,7.234,0.21,6.862,0.21,8.026,0.21,7.008,0.16,8.198,0.39,6.942,0.25,7.122,0.28,11.216,0.46,7.178,0.32,8.471,0.37,10.242,0.41,7.850,0.46,6.284,0.39,8.634,0.28,3.998,0.14,14.510,0.36,7.570,0.29,9.316,0.39,8.220,0.33,6.154,0.47
34288,PORK  KEBAB,2,263.445,0.19,1.698,0.08,7.280,0.29,0.000,0.00,2.544,0.12,6.360,0.24,7.822,0.31,0.000,0.00,1.506,0.06,0.402,0.02,0.000,0.00,0.000,0.00,0.000,0.00,0.000,0.00,0.000,0.00,2.398,0.09,9.184,0.34,0.000,0.00,0.000,0.00,0.000,0.00,2.556,0.10,0.638,0.02,0.000,0.00,0.000,0.00,0.000,0.00,0.000,0.00,0.000,0.00,0.000,0.00,19.200,0.63,6.408,0.25,4.712,0.14,19.162,0.60,22.587,0.61,20.662,0.55,23.083,0.59,20.366,0.79,18.864,0.61,10.266,0.40,8.640,0.34,11.728,0.27,9.480,0.25,12.670,0.32,3.166,0.08,2.021,0.07,3.366,0.09,4.676,0.13,0.000,0.00,0.000,0.00,0.000,0.00,0.000,0.00,0.000,0.00
12325,T&T PORK RIBS SMKD,2,257.619,0.17,20.360,0.92,14.727,0.58,11.144,0.59,0.000,0.00,9.377,0.34,12.293,0.55,16.162,0.65,18.028,0.41,26.276,1.15,19.282,0.71,15.816,1.14,9.262,0.63,1.440,0.07,4.430,0.19,0.000,0.00,0.000,0.00,0.000,0.00,0.000,0.00,0.000,0.00,0.000,0.00,0.000,0.00,0.000,0.00,0.000,0.00,0.000,0.00,0.000,0.00,3.630,0.15,10.794,0.37,13.082,0.47,12.400,0.44,9.858,0.32,1.276,0.04,0.000,0.00,0.000,0.00,0.000,0.00,0.000,0.00,0.000,0.00,0.000,0.00,0.000,0.00,0.000,0.00,0.000,0.00,0.000,0.00,0.000,0.00,0.000,0.00,0.000,0.00,0.000,0.00,0.000,0.00,0.000,0.00,18.358,0.40,9.624,0.33,0.000,0.00
63498,Y B PORK SIRLION,2,253.998,0.17,0.000,0.00,0.000,0.00,0.000,0.00,0.000,0.00,0.000,0.00,0.000,0.00,0.000,0.00,0.000,0.00,0.000,0.00,0.000,0.00,0.000,0.00,0.000,0.00,0.000,0.00,0.000,0.00,0.000,0.00,0.000,0.00,0.000,0.00,0.000,0.00,0.000,0.00,0.000,0.00,0.000,0.00,0.000,0.00,0.000,0.00,0.000,0.00,0.000,0.00,0.000,0.00,0.000,0.00,0.000,0.00,0.000,0.00,0.000,0.00,0.000,0.00,0.000,0.00,0.000,0.00,0.000,0.00,0.000,0.00,0.000,0.00,0.000,0.00,0.000,0.00,0.000,0.00,0.000,0.00,0.000,0.00,6.146,0.13,27.738,0.83,46.198,1.24,35.012,0.99,1.610,0.03,35.898,1.14,30.224,1.06,41.644,1.37,29.528,1.89
59689,NYAMA CHOMA BRAAIWORS BULK,2,250.012,0.04,0.000,0.00,0.000,0.00,0.000,0.00,0.000,0.00,0.000,0.00,0.000,0.00,0.000,0.00,0.000,0.00,0.000,0.00,0.000,0.00,0.000,0.00,0.000,0.00,0.000,0.00,0.000,0.00,0.000,0.00,0.000,0.00,0.000,0.00,0.000,0.00,0.000,0.00,0.000,0.00,0.000,0.00,0.000,0.00,0.000,0.00,0.000,0.00,0.000,0.00,0.000,0.00,0.000,0.00,0.000,0.00,0.000,0.00,0.000,0.00,0.000,0.00,52.082,0.24,102.046,0.61,50.210,0.26,0.000,0.00,0.000,0.00,0.000,0.00,0.000,0.00,0.000,0.00,13.244,0.13,32.430,0.29,0.000,0.00,0.000,0.00,0.000,0.00,0.000,0.00,0.000,0.00,0.000,0.00,0.000,0.00,0.000,0.00,0.000,0.00
63497,PORK RASHERS,2,239.783,0.17,0.000,0.00,0.000,0.00,0.000,0.00,0.000,0.00,0.000,0.00,0.000,0.00,0.000,0.00,0.000,0.00,0.000,0.00,0.000,0.00,0.000,0.00,0.000,0.00,0.000,0.00,0.000,0.00,0.000,0.00,0.000,0.00,0.000,0.00,0.000,0.00,0.000,0.00,0.000,0.00,0.000,0.00,0.000,0.00,0.000,0.00,0.000,0.00,0.000,0.00,0.000,0.00,0.000,0.00,0.000,0.00,0.000,0.00,0.000,0.00,0.000,0.00,0.000,0.00,0.000,0.00,0.000,0.00,0.000,0.00,0.000,0.00,0.000,0.00,0.000,0.00,0.000,0.00,0.000,0.00,0.000,0.00,10.732,0.22,33.092,0.86,37.063,0.84,40.202,1.15,15.690,0.41,42.518,1.72,18.518,0.83,41.968,1.52,0.000,0.00
52680,SPAR ST  BAVETTE PLANKIE,2,226.731,0.12,0.000,0.00,0.000,0.00,0.000,0.00,0.000,0.00,0.000,0.00,0.000,0.00,0.000,0.00,0.000,0.00,0.000,0.00,0.000,0.00,0.000,0.00,0.000,0.00,0.000,0.00,0.000,0.00,0.000,0.00,0.000,0.00,5.079,0.10,1.922,0.03,0.000,0.00,0.000,0.00,0.000,0.00,0.000,0.00,0.000,0.00,0.000,0.00,7.238,0.08,10.917,0.23,7.053,0.19,0.000,0.00,0.000,0.00,2.704,0.06,9.652,0.24,4.380,0.11,0.000,0.00,23.579,0.29,15.566,0.46,15.031,0.36,4.744,0.10,13.486,0.21,10.045,0.19,14.548,0.35,6.386,0.15,0.000,0.00,0.000,0.00,10.188,0.28,6.832,0.21,34.538,0.43,3.651,0.11,2.796,0.11,11.796,0.41,4.600,0.22
58817, BEEF GOULASH,2,223.050,0.16,0.000,0.00,0.000,0.00,0.000,0.00,0.000,0.00,0.000,0.00,0.000,0.00,0.000,0.00,0.000,0.00,0.000,0.00,0.000,0.00,0.000,0.00,0.000,0.00,0.000,0.00,0.000,0.00,0.000,0.00,0.000,0.00,0.000,0.00,0.000,0.00,0.000,0.00,0.000,0.00,0.000,0.00,0.000,0.00,0.000,0.00,0.000,0.00,0.000,0.00,0.000,0.00,0.000,0.00,0.000,0.00,0.000,0.00,5.594,0.16,11.831,0.33,12.297,0.35,12.106,0.27,9.258,0.17,10.966,0.34,14.810,0.40,21.400,0.52,11.138,0.31,11.800,0.34,7.108,0.21,9.416,0.15,13.716,0.25,7.390,0.40,14.506,0.89,10.244,0.44,4.361,0.10,11.974,0.40,9.399,0.32,9.248,0.23,4.488,0.21
46391,BULK PORK PACK WITH STEW,2,220.803,0.02,0.000,0.00,0.000,0.00,0.000,0.00,0.000,0.00,7.656,0.12,30.240,0.51,0.000,0.00,0.000,0.00,1.800,0.02,0.000,0.00,0.000,0.00,12.034,0.18,2.842,0.02,0.000,0.00,0.000,0.00,0.000,0.00,0.000,0.00,5.247,0.01,0.000,0.00,0.000,0.00,0.000,0.00,0.000,0.00,0.000,0.00,0.000,0.00,0.000,0.00,0.000,0.00,0.000,0.00,0.000,0.00,0.000,0.00,11.782,0.01,0.000,0.00,0.000,0.00,0.000,0.00,0.000,0.00,0.000,0.00,16.158,0.03,0.000,0.00,0.000,0.00,0.000,0.00,47.786,0.07,56.482,0.08,19.760,0.15,9.016,0.09,0.000,0.00,0.000,0.00,0.000,0.00,0.000,0.00,0.000,0.00,0.000,0.00,0.000,0.00
64053,PAR COOKED MARINATED LOIN  RIBS,2,218.000,0.13,0.000,0.00,0.000,0.00,0.000,0.00,0.000,0.00,0.000,0.00,0.000,0.00,0.000,0.00,0.000,0.00,0.000,0.00,0.000,0.00,0.000,0.00,0.000,0.00,0.000,0.00,0.000,0.00,0.000,0.00,0.000,0.00,0.000,0.00,0.000,0.00,0.000,0.00,0.000,0.00,0.000,0.00,0.000,0.00,0.000,0.00,0.000,0.00,0.000,0.00,0.000,0.00,0.000,0.00,0.000,0.00,0.000,0.00,0.000,0.00,0.000,0.00,0.000,0.00,0.000,0.00,0.000,0.00,0.000,0.00,0.000,0.00,0.000,0.00,0.000,0.00,0.000,0.00,0.000,0.00,0.000,0.00,0.000,0.00,7.000,0.19,38.000,0.90,33.000,0.82,51.000,0.91,20.000,0.56,30.000,0.87,27.000,0.73,12.000,0.63
45848,LAMB STEW,2,217.560,0.18,0.000,0.00,0.000,0.00,0.000,0.00,0.000,0.00,1.846,0.04,0.000,0.00,0.000,0.00,0.000,0.00,0.000,0.00,0.000,0.00,0.000,0.00,0.000,0.00,0.000,0.00,0.000,0.00,0.000,0.00,0.000,0.00,0.000,0.00,0.000,0.00,0.000,0.00,0.000,0.00,0.000,0.00,0.000,0.00,0.000,0.00,0.000,0.00,0.000,0.00,0.000,0.00,1.796,0.06,1.800,0.06,0.000,0.00,6.106,0.10,9.240,0.16,2.642,0.06,8.147,0.18,3.952,0.11,7.156,0.34,4.198,0.13,6.364,0.21,2.046,0.07,2.022,0.05,3.664,0.10,9.372,0.29,15.608,0.74,15.736,0.95,24.880,0.78,15.318,0.50,23.109,0.57,15.772,0.61,13.020,0.56,12.926,0.52,10.840,0.85
34264,MUTTON NECK,2,215.874,0.14,2.684,0.10,2.250,0.07,1.444,0.05,5.761,0.27,2.110,0.10,3.584,0.18,3.012,0.13,1.594,0.04,3.134,0.08,1.750,0.03,2.884,0.13,1.986,0.09,4.388,0.10,4.246,0.10,5.898,0.03,5.866,0.26,3.612,0.16,2.042,0.12,1.782,0.10,0.000,0.00,0.944,0.05,5.141,0.10,2.136,0.10,4.532,0.23,7.830,0.29,1.516,0.07,6.052,0.23,3.666,0.15,3.386,0.14,3.982,0.15,5.920,0.23,4.642,0.18,1.488,0.05,6.902,0.17,0.570,0.02,4.870,0.17,6.198,0.23,4.756,0.18,8.152,0.08,9.418,0.18,6.546,0.18,5.322,0.14,6.434,0.16,9.228,0.19,8.006,0.17,10.798,0.16,6.240,0.17,4.326,0.13,5.282,0.18,1.564,0.10
34266,MUTTON RIBLETS,2,214.865,0.16,3.276,0.14,1.428,0.05,1.516,0.07,6.170,0.34,7.350,0.35,0.546,0.03,2.670,0.13,2.918,0.10,2.116,0.08,7.330,0.19,4.954,0.26,2.053,0.09,4.268,0.12,1.230,0.03,5.096,0.10,3.214,0.20,3.286,0.20,2.694,0.23,1.392,0.10,1.066,0.08,0.000,0.00,4.760,0.13,0.642,0.03,4.112,0.22,10.302,0.38,2.078,0.09,6.106,0.23,2.412,0.10,7.510,0.31,5.280,0.19,2.850,0.11,5.030,0.20,2.254,0.07,4.194,0.10,1.376,0.05,5.434,0.19,8.364,0.26,7.970,0.24,5.868,0.15,5.258,0.20,4.652,0.20,6.426,0.24,8.746,0.27,9.258,0.22,6.046,0.15,5.748,0.11,2.886,0.09,4.714,0.16,7.170,0.23,2.846,0.18
52937,BW BEEF BITES CHILLI,2,211.059,0.62,0.000,0.00,0.000,0.00,0.000,0.00,0.000,0.00,0.000,0.00,0.000,0.00,0.000,0.00,0.000,0.00,0.000,0.00,0.000,0.00,0.000,0.00,0.000,0.00,0.000,0.00,0.000,0.00,5.002,0.93,3.022,0.54,3.170,0.50,4.574,0.77,5.948,0.86,5.410,0.85,7.028,1.07,8.916,0.94,6.692,1.19,5.498,0.96,2.930,0.39,0.000,0.00,3.470,0.48,9.784,1.41,6.186,0.93,7.012,0.91,8.376,1.14,6.414,0.89,6.358,0.74,7.582,0.68,4.262,0.57,3.740,0.44,5.328,0.56,8.010,0.79,9.447,0.88,7.019,0.84,5.744,0.76,6.942,0.94,5.020,0.96,7.378,1.01,6.296,0.91,7.794,0.81,3.575,0.53,5.212,0.67,7.744,0.86,4.176,0.61
61010,SHISANYAMA BBQ SPICE,2,211.000,0.02,0.000,0.00,0.000,0.00,0.000,0.00,0.000,0.00,0.000,0.00,0.000,0.00,0.000,0.00,0.000,0.00,0.000,0.00,0.000,0.00,0.000,0.00,0.000,0.00,0.000,0.00,0.000,0.00,0.000,0.00,0.000,0.00,0.000,0.00,0.000,0.00,0.000,0.00,0.000,0.00,0.000,0.00,0.000,0.00,0.000,0.00,0.000,0.00,0.000,0.00,0.000,0.00,0.000,0.00,0.000,0.00,0.000,0.00,0.000,0.00,0.000,0.00,0.000,0.00,0.000,0.00,0.000,0.00,0.000,0.00,22.000,0.08,58.000,0.20,34.000,0.12,21.000,0.07,8.000,0.03,15.000,0.05,20.000,0.06,27.000,0.10,6.000,0.02,0.000,0.00,0.000,0.00,0.000,0.00,0.000,0.00,0.000,0.00,0.000,0.00
59688,NYAMA CHOMA BRAAIWORS,2,205.550,0.06,0.000,0.00,0.000,0.00,0.000,0.00,0.000,0.00,0.000,0.00,0.000,0.00,0.000,0.00,0.000,0.00,0.000,0.00,0.000,0.00,0.000,0.00,0.000,0.00,0.000,0.00,0.000,0.00,0.000,0.00,0.000,0.00,0.000,0.00,0.000,0.00,0.000,0.00,0.000,0.00,0.000,0.00,0.000,0.00,0.000,0.00,0.000,0.00,0.000,0.00,0.000,0.00,0.000,0.00,0.000,0.00,0.000,0.00,0.000,0.00,0.000,0.00,30.174,0.27,57.938,0.55,64.260,0.51,0.000,0.00,0.000,0.00,0.000,0.00,0.000,0.00,0.000,0.00,14.790,0.24,38.388,0.53,0.000,0.00,0.000,0.00,0.000,0.00,0.000,0.00,0.000,0.00,0.000,0.00,0.000,0.00,0.000,0.00,0.000,0.00
62607,RODEO BURGER PATTIES,2,201.000,0.11,0.000,0.00,0.000,0.00,0.000,0.00,0.000,0.00,0.000,0.00,0.000,0.00,0.000,0.00,0.000,0.00,0.000,0.00,0.000,0.00,0.000,0.00,0.000,0.00,0.000,0.00,0.000,0.00,0.000,0.00,0.000,0.00,0.000,0.00,0.000,0.00,0.000,0.00,0.000,0.00,0.000,0.00,0.000,0.00,0.000,0.00,0.000,0.00,0.000,0.00,0.000,0.00,0.000,0.00,0.000,0.00,0.000,0.00,0.000,0.00,0.000,0.00,0.000,0.00,0.000,0.00,0.000,0.00,0.000,0.00,0.000,0.00,0.000,0.00,0.000,0.00,0.000,0.00,12.000,0.31,25.000,0.48,28.000,0.55,23.000,0.58,20.000,0.45,24.000,0.57,27.000,0.46,22.000,0.58,0.000,0.00,8.000,0.20,12.000,0.58
51065,RIBBON SNOEK,2,194.000,0.02,0.000,0.00,0.000,0.00,0.000,0.00,0.000,0.00,0.000,0.00,0.000,0.00,0.000,0.00,0.000,0.00,0.000,0.00,0.000,0.00,0.000,0.00,10.000,0.07,24.000,0.13,18.000,0.09,25.000,0.15,16.000,0.09,30.000,0.15,16.000,0.09,16.000,0.09,9.000,0.06,13.000,0.08,7.000,0.03,0.000,0.00,0.000,0.00,0.000,0.00,0.000,0.00,0.000,0.00,0.000,0.00,0.000,0.00,0.000,0.00,0.000,0.00,0.000,0.00,8.000,0.05,2.000,0.00,0.000,0.00,0.000,0.00,0.000,0.00,0.000,0.00,0.000,0.00,0.000,0.00,0.000,0.00,0.000,0.00,0.000,0.00,0.000,0.00,0.000,0.00,0.000,0.00,0.000,0.00,0.000,0.00,0.000,0.00,0.000,0.00
62613,DELICO DROEWORS 2'S,2,171.000,0.03,0.000,0.00,0.000,0.00,0.000,0.00,0.000,0.00,0.000,0.00,0.000,0.00,0.000,0.00,0.000,0.00,0.000,0.00,0.000,0.00,0.000,0.00,0.000,0.00,0.000,0.00,0.000,0.00,0.000,0.00,0.000,0.00,0.000,0.00,0.000,0.00,0.000,0.00,0.000,0.00,0.000,0.00,0.000,0.00,0.000,0.00,0.000,0.00,0.000,0.00,0.000,0.00,0.000,0.00,0.000,0.00,0.000,0.00,0.000,0.00,0.000,0.00,0.000,0.00,0.000,0.00,0.000,0.00,0.000,0.00,0.000,0.00,0.000,0.00,0.000,0.00,0.000,0.00,77.000,0.42,91.000,0.65,3.000,0.02,0.000,0.00,0.000,0.00,0.000,0.00,0.000,0.00,0.000,0.00,0.000,0.00,0.000,0.00,0.000,0.00
49605,SPAR T&T B/BUST CHS/ONION,2,170.000,0.03,0.000,0.00,0.000,0.00,0.000,0.00,0.000,0.00,0.000,0.00,0.000,0.00,0.000,0.00,0.000,0.00,0.000,0.00,13.000,0.08,14.000,0.18,27.000,0.33,5.000,0.05,27.000,0.26,0.000,0.00,14.000,0.14,7.000,0.06,0.000,0.00,7.000,0.07,4.000,0.04,0.000,0.00,0.000,0.00,10.000,0.12,7.000,0.08,2.000,0.02,0.000,0.00,0.000,0.00,4.000,0.02,7.000,0.04,0.000,0.00,2.000,0.01,8.000,0.05,0.000,0.00,0.000,0.00,0.000,0.00,0.000,0.00,0.000,0.00,0.000,0.00,0.000,0.00,5.000,0.03,7.000,0.04,0.000,0.00,0.000,0.00,0.000,0.00,0.000,0.00,0.000,0.00,0.000,0.00,0.000,0.00,0.000,0.00,0.000,0.00
44898,MUTTON BRAAI CHOP,2,163.508,0.15,1.422,0.07,0.370,0.02,2.918,0.16,0.000,0.00,3.234,0.18,10.036,0.57,0.516,0.03,0.700,0.03,1.244,0.05,0.900,0.02,2.154,0.12,0.000,0.00,1.512,0.05,0.000,0.00,4.008,0.02,19.692,1.23,6.786,0.42,2.438,0.19,6.488,0.47,3.272,0.26,4.808,0.32,11.776,0.43,1.014,0.05,3.790,0.17,7.282,0.27,0.824,0.04,8.914,0.34,2.640,0.11,4.248,0.18,1.524,0.06,3.522,0.17,8.514,0.41,3.692,0.15,6.438,0.20,0.000,0.00,7.596,0.33,3.580,0.14,4.910,0.19,3.182,0.11,6.584,0.25,0.980,0.04,0.000,0.00,0.000,0.00,0.000,0.00,0.000,0.00,0.000,0.00,0.000,0.00,0.000,0.00,0.000,0.00,0.000,0.00
49111,BULSS I-GRILL,2,162.000,0.02,0.000,0.00,0.000,0.00,0.000,0.00,0.000,0.00,31.000,0.19,22.000,0.14,28.000,0.16,13.000,0.08,4.000,0.03,3.000,0.01,4.000,0.03,3.000,0.02,5.000,0.03,8.000,0.05,4.000,0.03,6.000,0.04,8.000,0.04,5.000,0.03,0.000,0.00,0.000,0.00,0.000,0.00,0.000,0.00,0.000,0.00,0.000,0.00,0.000,0.00,0.000,0.00,0.000,0.00,0.000,0.00,0.000,0.00,0.000,0.00,0.000,0.00,0.000,0.00,0.000,0.00,0.000,0.00,0.000,0.00,0.000,0.00,0.000,0.00,0.000,0.00,3.000,0.01,5.000,0.02,7.000,0.03,3.000,0.01,0.000,0.00,0.000,0.00,0.000,0.00,0.000,0.00,0.000,0.00,0.000,0.00,0.000,0.00,0.000,0.00
40510,1/2 MUTTON,2,159.402,0.06,36.902,0.45,0.000,0.00,0.000,0.00,0.000,0.00,0.000,0.00,0.000,0.00,0.000,0.00,0.000,0.00,0.000,0.00,2.880,0.04,0.000,0.00,0.000,0.00,9.350,0.34,21.291,0.76,42.498,0.72,7.980,0.13,0.000,0.00,0.000,0.00,0.000,0.00,0.000,0.00,1.494,0.04,11.814,0.29,0.000,0.00,0.000,0.00,0.000,0.00,0.000,0.00,12.226,0.31,0.000,0.00,0.000,0.00,0.000,0.00,0.000,0.00,0.000,0.00,0.000,0.00,0.000,0.00,0.000,0.00,0.000,0.00,0.000,0.00,12.967,0.13,0.000,0.00,0.000,0.00,0.000,0.00,0.000,0.00,0.000,0.00,0.000,0.00,0.000,0.00,0.000,0.00,0.000,0.00,0.000,0.00,0.000,0.00,0.000,0.00
62790,BEEF RASHER,2,158.268,0.08,0.000,0.00,0.000,0.00,0.000,0.00,0.000,0.00,0.000,0.00,0.000,0.00,0.000,0.00,0.000,0.00,0.000,0.00,0.000,0.00,0.000,0.00,0.000,0.00,0.000,0.00,0.000,0.00,0.000,0.00,0.000,0.00,0.000,0.00,0.000,0.00,0.000,0.00,0.000,0.00,0.000,0.00,0.000,0.00,0.000,0.00,0.000,0.00,0.000,0.00,0.000,0.00,0.000,0.00,0.000,0.00,0.000,0.00,0.000,0.00,0.000,0.00,0.000,0.00,0.000,0.00,0.000,0.00,0.000,0.00,0.000,0.00,0.000,0.00,0.000,0.00,0.000,0.00,6.392,0.15,14.109,0.28,19.873,0.42,10.042,0.27,17.260,0.49,14.182,0.46,19.792,0.43,16.794,0.46,16.566,0.18,19.686,0.20,3.572,0.09
54631,SPAR T&T P/LOIN RIB 1KG S&STKY,2,155.000,0.06,0.000,0.00,0.000,0.00,0.000,0.00,0.000,0.00,0.000,0.00,0.000,0.00,0.000,0.00,0.000,0.00,0.000,0.00,0.000,0.00,0.000,0.00,0.000,0.00,0.000,0.00,0.000,0.00,0.000,0.00,0.000,0.00,0.000,0.00,0.000,0.00,0.000,0.00,0.000,0.00,0.000,0.00,0.000,0.00,0.000,0.00,18.000,0.35,6.000,0.20,12.000,0.17,15.000,0.32,27.000,0.62,25.000,0.52,16.000,0.36,11.000,0.20,6.000,0.08,0.000,0.00,0.000,0.00,0.000,0.00,0.000,0.00,0.000,0.00,0.000,0.00,0.000,0.00,0.000,0.00,0.000,0.00,0.000,0.00,0.000,0.00,0.000,0.00,0.000,0.00,0.000,0.00,0.000,0.00,0.000,0.00,12.000,0.18,7.000,0.28
60147,SEAS WORCESTER SAUCE,2,154.000,0.01,0.000,0.00,0.000,0.00,0.000,0.00,0.000,0.00,0.000,0.00,0.000,0.00,0.000,0.00,0.000,0.00,0.000,0.00,0.000,0.00,0.000,0.00,0.000,0.00,0.000,0.00,0.000,0.00,0.000,0.00,0.000,0.00,0.000,0.00,0.000,0.00,0.000,0.00,0.000,0.00,0.000,0.00,0.000,0.00,0.000,0.00,0.000,0.00,0.000,0.00,0.000,0.00,0.000,0.00,0.000,0.00,0.000,0.00,0.000,0.00,0.000,0.00,0.000,0.00,18.000,0.06,29.000,0.08,23.000,0.10,12.000,0.05,11.000,0.04,5.000,0.02,9.000,0.03,2.000,0.01,4.000,0.01,12.000,0.03,6.000,0.02,6.000,0.02,11.000,0.03,6.000,0.01,0.000,0.00,0.000,0.00,0.000,0.00,0.000,0.00
52933,BW KUDU DROEWORS,2,152.559,0.31,0.000,0.00,0.000,0.00,0.000,0.00,0.000,0.00,0.000,0.00,0.000,0.00,0.000,0.00,0.000,0.00,0.000,0.00,0.000,0.00,0.000,0.00,0.000,0.00,0.000,0.00,0.000,0.00,0.984,0.15,1.012,0.15,1.232,0.16,1.350,0.19,2.598,0.31,0.472,0.06,1.394,0.17,0.000,0.00,0.000,0.00,0.000,0.00,0.000,0.00,0.000,0.00,0.000,0.00,0.000,0.00,0.000,0.00,0.000,0.00,4.260,0.39,10.768,1.00,9.302,0.71,7.972,0.49,9.956,0.85,10.126,0.80,6.890,0.51,7.604,0.55,3.572,0.21,3.201,0.23,6.338,0.41,7.670,0.47,4.466,0.44,6.820,0.59,7.142,0.66,9.220,0.61,6.254,0.64,7.312,0.89,10.362,1.17,4.282,0.94
39912,WHOLE MUTTON,2,152.396,0.04,15.145,0.19,42.039,0.47,14.615,0.49,31.259,0.68,19.415,0.24,0.000,0.00,0.000,0.00,0.000,0.00,0.000,0.00,0.000,0.00,0.000,0.00,0.000,0.00,0.000,0.00,0.000,0.00,0.000,0.00,0.000,0.00,0.000,0.00,0.000,0.00,0.000,0.00,0.000,0.00,0.000,0.00,20.843,0.28,0.000,0.00,0.000,0.00,0.000,0.00,0.000,0.00,0.000,0.00,0.000,0.00,0.000,0.00,0.000,0.00,0.000,0.00,0.000,0.00,0.000,0.00,0.000,0.00,0.000,0.00,0.000,0.00,0.000,0.00,0.000,0.00,9.080,0.08,0.000,0.00,0.000,0.00,0.000,0.00,0.000,0.00,0.000,0.00,0.000,0.00,0.000,0.00,0.000,0.00,0.000,0.00,0.000,0.00,0.000,0.00
54630,SPAR T&T P/LOIN RIB 1KG BBQ,2,146.000,0.10,0.000,0.00,0.000,0.00,0.000,0.00,0.000,0.00,0.000,0.00,0.000,0.00,0.000,0.00,0.000,0.00,0.000,0.00,0.000,0.00,0.000,0.00,0.000,0.00,0.000,0.00,0.000,0.00,0.000,0.00,0.000,0.00,0.000,0.00,0.000,0.00,0.000,0.00,0.000,0.00,0.000,0.00,0.000,0.00,0.000,0.00,15.000,0.31,3.000,0.10,18.000,0.25,16.000,0.29,29.000,0.65,19.000,1.59,13.000,0.90,10.000,0.30,11.000,0.32,0.000,0.00,0.000,0.00,0.000,0.00,0.000,0.00,0.000,0.00,0.000,0.00,0.000,0.00,0.000,0.00,0.000,0.00,0.000,0.00,0.000,0.00,0.000,0.00,0.000,0.00,0.000,0.00,0.000,0.00,0.000,0.00,9.000,0.17,3.000,0.13
62040,BW OUBAAS SALAMI SINGLE STICKS,2,139.000,0.01,0.000,0.00,0.000,0.00,0.000,0.00,0.000,0.00,0.000,0.00,0.000,0.00,0.000,0.00,0.000,0.00,0.000,0.00,0.000,0.00,0.000,0.00,0.000,0.00,0.000,0.00,0.000,0.00,0.000,0.00,0.000,0.00,0.000,0.00,0.000,0.00,0.000,0.00,0.000,0.00,0.000,0.00,0.000,0.00,0.000,0.00,0.000,0.00,0.000,0.00,0.000,0.00,0.000,0.00,0.000,0.00,0.000,0.00,0.000,0.00,0.000,0.00,0.000,0.00,0.000,0.00,0.000,0.00,0.000,0.00,0.000,0.00,0.000,0.00,18.000,0.04,69.000,0.14,49.000,0.11,2.000,0.00,1.000,0.00,0.000,0.00,0.000,0.00,0.000,0.00,0.000,0.00,0.000,0.00,0.000,0.00,0.000,0.00,0.000,0.00
46490,FLANK  BEEF STEW CUBES,2,135.426,0.04,0.000,0.00,0.000,0.00,18.065,0.66,0.000,0.00,23.636,0.52,0.000,0.00,0.000,0.00,19.759,0.69,0.000,0.00,0.000,0.00,0.000,0.00,0.000,0.00,0.000,0.00,0.000,0.00,0.000,0.00,0.000,0.00,0.000,0.00,0.000,0.00,0.000,0.00,0.000,0.00,0.000,0.00,0.000,0.00,0.000,0.00,0.000,0.00,0.000,0.00,0.000,0.00,0.000,0.00,0.000,0.00,35.848,0.46,7.692,0.21,30.426,0.11,0.000,0.00,0.000,0.00,0.000,0.00,0.000,0.00,0.000,0.00,0.000,0.00,0.000,0.00,0.000,0.00,0.000,0.00,0.000,0.00,0.000,0.00,0.000,0.00,0.000,0.00,0.000,0.00,0.000,0.00,0.000,0.00,0.000,0.00,0.000,0.00,0.000,0.00
52683,SPAR T&T LAMB SKPDJIES FR P/KG,2,132.737,0.05,0.000,0.00,0.000,0.00,0.000,0.00,0.000,0.00,0.000,0.00,0.000,0.00,0.000,0.00,0.000,0.00,0.000,0.00,0.000,0.00,0.000,0.00,0.000,0.00,0.000,0.00,0.000,0.00,5.636,0.13,8.403,0.20,0.992,0.02,0.000,0.00,0.000,0.00,0.000,0.00,0.000,0.00,0.000,0.00,0.000,0.00,0.000,0.00,0.000,0.00,0.000,0.00,3.956,0.07,0.566,0.01,4.320,0.08,5.102,0.09,19.136,0.33,19.248,0.34,5.410,0.08,14.322,0.16,7.498,0.13,11.347,0.16,7.471,0.07,7.229,0.15,5.097,0.12,1.348,0.03,3.348,0.08,2.308,0.05,0.000,0.00,0.000,0.00,0.000,0.00,0.000,0.00,0.000,0.00,0.000,0.00,0.000,0.00,0.000,0.00
62047,BULK KAROO BRAAI WORS,2,128.478,0.04,0.000,0.00,0.000,0.00,0.000,0.00,0.000,0.00,0.000,0.00,0.000,0.00,0.000,0.00,0.000,0.00,0.000,0.00,0.000,0.00,0.000,0.00,0.000,0.00,0.000,0.00,0.000,0.00,0.000,0.00,0.000,0.00,0.000,0.00,0.000,0.00,0.000,0.00,0.000,0.00,0.000,0.00,0.000,0.00,0.000,0.00,0.000,0.00,0.000,0.00,0.000,0.00,0.000,0.00,0.000,0.00,0.000,0.00,0.000,0.00,0.000,0.00,0.000,0.00,0.000,0.00,0.000,0.00,0.000,0.00,0.000,0.00,0.000,0.00,32.160,0.40,62.705,0.78,33.613,0.46,0.000,0.00,0.000,0.00,0.000,0.00,0.000,0.00,0.000,0.00,0.000,0.00,0.000,0.00,0.000,0.00,0.000,0.00,0.000,0.00
54107,DELI-CO PORK ESPETADA,2,126.623,0.09,0.000,0.00,0.000,0.00,0.000,0.00,0.000,0.00,0.000,0.00,0.000,0.00,0.000,0.00,0.000,0.00,0.000,0.00,0.000,0.00,0.000,0.00,0.000,0.00,0.000,0.00,0.000,0.00,0.000,0.00,0.000,0.00,0.000,0.00,6.362,0.19,10.765,0.27,0.000,0.00,0.000,0.00,0.000,0.00,0.000,0.00,0.000,0.00,0.000,0.00,0.000,0.00,0.000,0.00,7.882,0.26,16.623,0.61,9.636,0.36,4.098,0.16,8.146,0.32,9.706,0.26,11.165,0.28,9.061,0.34,3.541,0.11,9.538,0.33,5.258,0.18,0.588,0.02,7.238,0.24,0.000,0.00,3.798,0.09,0.000,0.00,0.000,0.00,3.218,0.09,0.000,0.00,0.000,0.00,0.000,0.00,0.000,0.00,0.000,0.00
34256,MUTTON BRAAI RIB,2,124.954,0.09,1.982,0.08,1.568,0.06,0.000,0.00,2.422,0.11,0.000,0.00,1.554,0.08,1.160,0.04,0.000,0.00,0.716,0.02,5.696,0.09,1.700,0.08,0.000,0.00,3.876,0.13,2.420,0.08,1.874,0.08,2.250,0.07,3.262,0.15,1.080,0.07,2.254,0.13,2.662,0.17,0.000,0.00,6.786,0.17,2.372,0.11,3.299,0.15,0.000,0.00,1.628,0.07,0.772,0.03,5.846,0.23,4.854,0.20,0.720,0.03,3.484,0.11,4.548,0.14,1.536,0.04,7.012,0.13,0.442,0.01,1.430,0.04,5.830,0.18,4.516,0.14,3.970,0.04,6.704,0.21,4.605,0.14,3.426,0.11,1.840,0.08,6.596,0.30,1.138,0.05,1.518,0.03,0.000,0.00,1.260,0.04,1.052,0.03,1.294,0.08
12112,SPAR T&T PICKLED TONGUE,2,124.000,0.05,0.000,0.00,0.000,0.00,0.000,0.00,0.000,0.00,0.000,0.00,0.000,0.00,0.000,0.00,0.000,0.00,0.000,0.00,0.000,0.00,0.000,0.00,0.000,0.00,0.000,0.00,0.000,0.00,0.000,0.00,0.000,0.00,0.000,0.00,0.000,0.00,0.000,0.00,0.000,0.00,6.728,0.12,51.423,0.97,2.116,0.07,1.710,0.05,0.000,0.00,0.000,0.00,0.000,0.00,0.000,0.00,0.000,0.00,0.000,0.00,0.000,0.00,0.000,0.00,0.000,0.00,30.629,0.28,0.000,0.00,0.000,0.00,0.000,0.00,0.000,0.00,0.000,0.00,0.000,0.00,0.000,0.00,0.000,0.00,0.000,0.00,0.000,0.00,8.626,0.05,22.768,0.14,0.000,0.00,0.000,0.00,0.000,0.00,0.000,0.00
45713,ELIM SALAMI STICKS,2,121.325,0.19,6.330,0.56,10.022,0.80,13.572,1.25,12.290,1.16,4.342,0.32,10.788,0.83,7.716,0.53,3.762,0.29,5.846,0.45,6.242,0.29,6.740,0.62,6.572,0.58,5.503,0.48,2.864,0.27,0.918,0.10,0.528,0.05,1.708,0.27,2.570,0.54,1.942,0.35,2.648,0.52,2.564,0.49,1.872,0.25,1.684,0.38,1.012,0.22,0.326,0.05,0.964,0.19,0.000,0.00,0.000,0.00,0.000,0.00,0.000,0.00,0.000,0.00,0.000,0.00,0.000,0.00,0.000,0.00,0.000,0.00,0.000,0.00,0.000,0.00,0.000,0.00,0.000,0.00,0.000,0.00,0.000,0.00,0.000,0.00,0.000,0.00,0.000,0.00,0.000,0.00,0.000,0.00,0.000,0.00,0.000,0.00,0.000,0.00,0.000,0.00
34191,BEEF ROAST,2,120.006,0.04,0.000,0.00,0.000,0.00,0.000,0.00,1.162,0.05,3.534,0.13,2.752,0.11,0.000,0.00,1.640,0.06,0.000,0.00,0.000,0.00,5.657,0.20,0.000,0.00,2.582,0.08,0.000,0.00,0.000,0.00,0.000,0.00,2.116,0.07,2.823,0.01,20.022,0.24,14.263,0.19,19.372,0.35,4.630,0.09,1.348,-0.00,9.328,0.18,2.140,0.04,0.974,0.02,18.238,0.31,4.707,0.07,0.000,0.00,2.718,0.05,0.000,0.00,0.000,0.00,0.000,0.00,0.000,0.00,0.000,0.00,0.000,0.00,0.000,0.00,0.000,0.00,0.000,0.00,0.000,0.00,0.000,0.00,0.000,0.00,0.000,0.00,0.000,0.00,0.000,0.00,0.000,0.00,0.000,0.00,0.000,0.00,0.000,0.00,0.000,0.00
52936,BW BEEF BITES PLAIN,2,116.764,0.35,0.000,0.00,0.000,0.00,0.000,0.00,0.000,0.00,0.000,0.00,0.000,0.00,0.000,0.00,0.000,0.00,0.000,0.00,0.000,0.00,0.000,0.00,0.000,0.00,0.000,0.00,0.000,0.00,0.660,0.12,1.382,0.25,1.606,0.25,2.250,0.38,3.130,0.45,1.982,0.31,1.766,0.27,2.092,0.22,4.078,0.73,4.034,0.71,4.686,0.62,6.510,1.05,4.982,0.69,4.746,0.68,5.188,0.78,4.752,0.62,3.780,0.51,5.576,0.77,3.566,0.42,5.426,0.48,3.972,0.53,5.458,0.64,2.422,0.25,2.638,0.27,2.925,0.27,4.540,0.50,3.692,0.48,3.090,0.41,3.711,0.68,3.942,0.54,4.384,0.63,1.428,0.15,1.392,0.22,0.978,0.18,0.000,0.00,0.000,0.00
63414,BULK PORK SIRLION,2,115.166,0.06,0.000,0.00,0.000,0.00,0.000,0.00,0.000,0.00,0.000,0.00,0.000,0.00,0.000,0.00,0.000,0.00,0.000,0.00,0.000,0.00,0.000,0.00,0.000,0.00,0.000,0.00,0.000,0.00,0.000,0.00,0.000,0.00,0.000,0.00,0.000,0.00,0.000,0.00,0.000,0.00,0.000,0.00,0.000,0.00,0.000,0.00,0.000,0.00,0.000,0.00,0.000,0.00,0.000,0.00,0.000,0.00,0.000,0.00,0.000,0.00,0.000,0.00,0.000,0.00,0.000,0.00,0.000,0.00,0.000,0.00,0.000,0.00,0.000,0.00,0.000,0.00,0.000,0.00,0.000,0.00,0.000,0.00,34.108,0.55,34.586,0.77,25.908,0.55,3.062,0.07,0.000,0.00,14.368,0.40,3.134,0.10,0.000,0.00,0.000,0.00
62046,KAROO BRAAI WORS,2,111.027,0.05,0.000,0.00,0.000,0.00,0.000,0.00,0.000,0.00,0.000,0.00,0.000,0.00,0.000,0.00,0.000,0.00,0.000,0.00,0.000,0.00,0.000,0.00,0.000,0.00,0.000,0.00,0.000,0.00,0.000,0.00,0.000,0.00,0.000,0.00,0.000,0.00,0.000,0.00,0.000,0.00,0.000,0.00,0.000,0.00,0.000,0.00,0.000,0.00,0.000,0.00,0.000,0.00,0.000,0.00,0.000,0.00,0.000,0.00,0.000,0.00,0.000,0.00,0.000,0.00,0.000,0.00,0.000,0.00,0.000,0.00,0.000,0.00,0.000,0.00,10.784,0.21,66.081,1.09,34.162,0.61,0.000,0.00,0.000,0.00,0.000,0.00,0.000,0.00,0.000,0.00,0.000,0.00,0.000,0.00,0.000,0.00,0.000,0.00,0.000,0.00
54125,BULK BRAAI PACK,2,109.880,0.07,0.000,0.00,0.000,0.00,0.000,0.00,0.000,0.00,0.000,0.00,0.000,0.00,0.000,0.00,0.000,0.00,0.000,0.00,0.000,0.00,0.000,0.00,0.000,0.00,0.000,0.00,0.000,0.00,0.000,0.00,0.000,0.00,0.000,0.00,14.801,0.56,76.493,2.37,0.000,0.00,6.100,0.20,0.000,0.00,0.000,0.00,0.000,0.00,0.000,0.00,0.000,0.00,0.000,0.00,0.000,0.00,0.000,0.00,0.000,0.00,0.000,0.00,0.000,0.00,0.000,0.00,12.486,0.23,0.000,0.00,0.000,0.00,0.000,0.00,0.000,0.00,0.000,0.00,0.000,0.00,0.000,0.00,0.000,0.00,0.000,0.00,0.000,0.00,0.000,0.00,0.000,0.00,0.000,0.00,0.000,0.00,0.000,0.00,0.000,0.00
60726,BW WAGYU DROEWORS,2,108.197,0.23,0.000,0.00,0.000,0.00,0.000,0.00,0.000,0.00,0.000,0.00,0.000,0.00,0.000,0.00,0.000,0.00,0.000,0.00,0.000,0.00,0.000,0.00,0.000,0.00,0.000,0.00,0.000,0.00,0.000,0.00,0.000,0.00,0.000,0.00,0.000,0.00,0.000,0.00,0.000,0.00,0.000,0.00,0.000,0.00,0.000,0.00,0.000,0.00,0.000,0.00,0.000,0.00,0.000,0.00,0.000,0.00,0.000,0.00,0.000,0.00,0.000,0.00,0.000,0.00,0.000,0.00,0.000,0.00,2.272,0.24,4.890,0.45,8.524,0.72,7.858,0.67,9.476,0.73,7.530,0.65,8.974,0.62,6.478,0.38,6.573,0.69,7.842,0.75,6.434,0.65,6.548,0.47,4.698,0.52,6.966,0.70,9.092,0.80,4.042,0.69
38928,T&T PORK BELLY ROAST,2,104.436,0.07,0.000,0.00,13.376,-0.06,0.000,0.00,0.000,0.00,0.000,0.00,0.000,0.00,0.000,0.00,0.000,0.00,0.000,0.00,0.000,0.00,0.000,0.00,0.000,0.00,0.000,0.00,0.000,0.00,0.000,0.00,0.000,0.00,0.000,0.00,0.000,0.00,0.000,0.00,4.998,0.38,8.474,0.62,9.876,0.50,1.184,0.09,3.692,0.31,0.000,0.00,8.728,0.33,6.296,0.17,0.000,0.00,0.000,0.00,0.000,0.00,0.000,0.00,0.000,0.00,0.000,0.00,26.984,0.27,0.000,0.00,0.000,0.00,6.028,0.20,0.000,0.00,0.000,0.00,0.000,0.00,0.000,0.00,0.000,0.00,0.000,0.00,2.448,0.09,3.676,0.15,8.676,0.11,0.000,0.00,0.000,0.00,0.000,0.00,0.000,0.00
63222,B/FLY  MINCE,2,98.042,0.03,0.000,0.00,0.000,0.00,0.000,0.00,0.000,0.00,0.000,0.00,0.000,0.00,0.000,0.00,0.000,0.00,0.000,0.00,0.000,0.00,0.000,0.00,0.000,0.00,0.000,0.00,0.000,0.00,0.000,0.00,0.000,0.00,0.000,0.00,0.000,0.00,0.000,0.00,0.000,0.00,0.000,0.00,0.000,0.00,0.000,0.00,0.000,0.00,0.000,0.00,0.000,0.00,0.000,0.00,0.000,0.00,0.000,0.00,0.000,0.00,0.000,0.00,0.000,0.00,0.000,0.00,0.000,0.00,0.000,0.00,0.000,0.00,0.000,0.00,0.000,0.00,0.000,0.00,0.000,0.00,0.000,0.00,21.362,0.23,36.632,0.50,26.708,0.32,13.340,0.17,0.000,0.00,0.000,0.00,0.000,0.00,0.000,0.00,0.000,0.00
63735,PIERE SE BOBAAS BOEREWORS P/KG,2,95.503,0.03,0.000,0.00,0.000,0.00,0.000,0.00,0.000,0.00,0.000,0.00,0.000,0.00,0.000,0.00,0.000,0.00,0.000,0.00,0.000,0.00,0.000,0.00,0.000,0.00,0.000,0.00,0.000,0.00,0.000,0.00,0.000,0.00,0.000,0.00,0.000,0.00,0.000,0.00,0.000,0.00,0.000,0.00,0.000,0.00,0.000,0.00,0.000,0.00,0.000,0.00,0.000,0.00,0.000,0.00,0.000,0.00,0.000,0.00,0.000,0.00,0.000,0.00,0.000,0.00,0.000,0.00,0.000,0.00,0.000,0.00,0.000,0.00,0.000,0.00,0.000,0.00,0.000,0.00,0.000,0.00,0.000,0.00,0.000,0.00,6.751,0.24,0.000,0.00,0.000,0.00,26.094,0.26,18.414,0.23,28.924,0.40,15.320,0.20,0.000,0.00
32045,BABELAS MIX,2,92.612,0.07,0.850,0.03,5.024,0.15,0.000,0.00,12.582,0.43,8.778,0.24,4.938,0.14,4.510,0.11,8.788,0.25,6.466,0.18,8.980,0.15,4.824,0.16,5.350,0.17,6.132,0.51,1.102,0.11,2.468,0.27,0.658,0.07,1.294,0.12,2.294,0.23,0.276,0.02,1.926,0.18,0.446,0.04,0.000,0.00,0.540,0.06,0.000,0.00,0.000,0.00,0.000,0.00,0.000,0.00,0.000,0.00,2.208,0.20,2.178,0.17,0.000,0.00,0.000,0.00,0.000,0.00,0.000,0.00,0.000,0.00,0.000,0.00,0.000,0.00,0.000,0.00,0.000,0.00,0.000,0.00,0.000,0.00,0.000,0.00,0.000,0.00,0.000,0.00,0.000,0.00,0.000,0.00,0.000,0.00,0.000,0.00,0.000,0.00,0.000,0.00
52938,BW BEEF BITES CHUTNEY,2,91.853,0.27,0.000,0.00,0.000,0.00,0.000,0.00,0.000,0.00,0.000,0.00,0.000,0.00,0.000,0.00,0.000,0.00,0.000,0.00,0.000,0.00,0.000,0.00,0.000,0.00,0.000,0.00,0.000,0.00,0.170,0.03,1.096,0.20,3.316,0.52,1.856,0.31,2.352,0.34,2.822,0.45,2.786,0.42,2.632,0.28,3.582,0.64,4.406,0.77,4.632,0.62,4.638,0.75,4.844,0.67,4.016,0.58,3.834,0.58,4.796,0.62,3.232,0.44,3.180,0.44,4.424,0.52,4.332,0.39,3.724,0.49,2.604,0.31,1.664,0.17,2.798,0.28,3.021,0.28,1.578,0.17,3.060,0.38,1.950,0.24,1.908,0.35,1.750,0.24,0.000,0.00,0.238,0.02,0.612,0.10,0.000,0.00,0.000,0.00,0.000,0.00
51712,SHEEP/LAMB TRIPE-TROT,2,90.411,0.04,0.000,0.00,0.000,0.00,0.000,0.00,0.000,0.00,0.000,0.00,0.000,0.00,0.000,0.00,0.000,0.00,0.000,0.00,0.000,0.00,0.000,0.00,21.814,0.63,2.126,0.04,0.000,0.00,3.576,0.11,1.220,0.04,3.560,0.10,8.494,0.25,2.192,0.06,0.000,0.00,3.434,0.09,7.088,0.11,1.801,0.06,4.628,0.14,3.432,0.08,3.576,0.10,1.188,0.03,0.000,0.00,3.902,0.03,1.367,0.00,0.000,0.00,0.000,0.00,0.000,0.00,0.000,0.00,0.000,0.00,0.000,0.00,0.000,0.00,0.000,0.00,0.000,0.00,0.000,0.00,2.351,0.04,5.560,0.12,2.440,0.07,1.236,0.03,5.426,0.14,0.000,0.00,0.000,0.00,0.000,0.00,0.000,0.00,0.000,0.00
44221,SPAR SLT OSTRICH BURGER,2,90.000,0.02,0.000,0.00,0.000,0.00,0.000,0.00,0.000,0.00,0.000,0.00,0.000,0.00,0.000,0.00,4.000,0.07,17.000,0.35,9.000,0.11,0.000,0.00,2.000,0.05,0.000,0.00,0.000,0.00,0.000,0.00,0.000,0.00,0.000,0.00,0.000,0.00,0.000,0.00,0.000,0.00,0.000,0.00,0.000,0.00,0.000,0.00,0.000,0.00,6.000,0.11,5.000,0.11,0.000,0.00,3.000,0.02,6.000,0.05,0.000,0.00,4.000,0.03,4.000,0.03,0.000,0.00,12.000,0.06,0.000,0.00,0.000,0.00,0.000,0.00,0.000,0.00,0.000,0.00,0.000,0.00,0.000,0.00,0.000,0.00,6.000,0.06,12.000,0.11,0.000,0.00,0.000,0.00,0.000,0.00,0.000,0.00,0.000,0.00,0.000,0.00
12317,T&T BACON STREAKY,2,88.000,0.04,0.000,0.00,0.000,0.00,4.000,0.09,2.000,0.03,0.000,0.00,0.000,0.00,0.000,0.00,0.000,0.00,0.000,0.00,0.000,0.00,0.000,0.00,0.000,0.00,0.000,0.00,0.000,0.00,4.000,0.06,2.000,0.03,0.000,0.00,0.000,0.00,0.000,0.00,3.000,0.05,4.000,0.09,12.000,0.19,5.000,0.13,0.000,0.00,0.000,0.00,0.000,0.00,10.000,0.32,5.000,0.17,7.000,0.25,6.000,0.18,0.000,0.00,0.000,0.00,0.000,0.00,0.000,0.00,0.000,0.00,0.000,0.00,1.000,0.03,0.000,0.00,0.000,0.00,0.000,0.00,0.000,0.00,0.000,0.00,0.000,0.00,0.000,0.00,0.000,0.00,19.000,0.15,4.000,0.05,0.000,0.00,0.000,0.00,0.000,0.00
34154,BEEF CHUCK A GRADE,2,85.969,0.04,0.000,0.00,0.000,0.00,0.000,0.00,0.000,0.00,0.000,0.00,0.000,0.00,0.000,0.00,0.000,0.00,0.000,0.00,0.000,0.00,0.000,0.00,13.848,0.50,5.354,0.15,0.000,0.00,2.074,0.09,0.000,0.00,0.000,0.00,0.000,0.00,0.000,0.00,0.000,0.00,0.000,0.00,0.000,0.00,0.000,0.00,0.000,0.00,0.000,0.00,0.000,0.00,0.000,0.00,0.000,0.00,0.000,0.00,0.000,0.00,0.000,0.00,0.000,0.00,0.000,0.00,0.000,0.00,0.000,0.00,0.000,0.00,0.000,0.00,0.000,0.00,0.000,0.00,0.000,0.00,0.000,0.00,12.814,0.10,0.869,0.03,12.362,0.30,0.000,0.00,0.000,0.00,0.000,0.00,27.972,0.44,10.676,0.28,0.000,0.00
12650, PORK SHANKS STEW,2,85.381,0.03,0.000,0.00,0.000,0.00,0.000,0.00,0.000,0.00,0.000,0.00,0.000,0.00,0.000,0.00,0.000,0.00,0.000,0.00,0.000,0.00,0.000,0.00,0.000,0.00,0.000,0.00,0.000,0.00,0.000,0.00,0.000,0.00,0.000,0.00,0.000,0.00,0.000,0.00,0.000,0.00,0.000,0.00,0.000,0.00,0.000,0.00,0.000,0.00,0.000,0.00,0.000,0.00,0.000,0.00,0.000,0.00,0.000,0.00,0.000,0.00,0.000,0.00,0.000,0.00,0.000,0.00,0.000,0.00,0.000,0.00,0.000,0.00,0.000,0.00,0.000,0.00,0.000,0.00,85.381,1.01,0.000,0.00,0.000,0.00,0.000,0.00,0.000,0.00,0.000,0.00,0.000,0.00,0.000,0.00,0.000,0.00,0.000,0.00,0.000,0.00
54124,BRAAI PACK,2,85.016,0.04,0.000,0.00,0.000,0.00,0.000,0.00,0.000,0.00,0.000,0.00,0.000,0.00,0.000,0.00,0.000,0.00,0.000,0.00,0.000,0.00,0.000,0.00,0.000,0.00,0.000,0.00,0.000,0.00,0.000,0.00,0.000,0.00,0.000,0.00,14.128,0.66,25.150,1.01,3.804,0.17,0.000,0.00,5.584,0.16,0.000,0.00,0.000,0.00,1.350,0.05,0.000,0.00,0.000,0.00,0.000,0.00,0.000,0.00,0.000,0.00,0.000,0.00,0.000,0.00,0.000,0.00,0.000,0.00,0.000,0.00,0.000,0.00,0.000,0.00,0.000,0.00,0.000,0.00,0.000,0.00,0.000,0.00,0.000,0.00,0.000,0.00,0.000,0.00,0.000,0.00,35.000,0.10,0.000,0.00,0.000,0.00,0.000,0.00,0.000,0.00
59020,BW OUBAAS DROEWORS,2,85.000,0.07,0.000,0.00,0.000,0.00,0.000,0.00,0.000,0.00,0.000,0.00,0.000,0.00,0.000,0.00,0.000,0.00,0.000,0.00,0.000,0.00,0.000,0.00,0.000,0.00,0.000,0.00,0.000,0.00,0.000,0.00,0.000,0.00,0.000,0.00,0.000,0.00,0.000,0.00,0.000,0.00,0.000,0.00,0.000,0.00,0.000,0.00,0.000,0.00,0.000,0.00,0.000,0.00,0.000,0.00,0.000,0.00,0.000,0.00,0.000,0.00,6.000,0.24,2.000,0.08,0.000,0.00,0.000,0.00,0.000,0.00,6.000,0.25,13.000,0.53,7.000,0.28,8.000,0.26,5.000,0.18,5.000,0.17,7.000,0.23,0.000,0.00,0.000,0.00,0.000,0.00,0.000,0.00,4.000,0.12,8.000,0.27,10.000,0.32,4.000,0.25
12145,T/T BEEF TEXAN STEAK,2,80.397,0.04,0.000,0.00,0.000,0.00,0.000,0.00,0.000,0.00,0.000,0.00,0.000,0.00,0.000,0.00,0.000,0.00,0.000,0.00,0.000,0.00,0.000,0.00,0.000,0.00,0.000,0.00,0.000,0.00,0.000,0.00,0.000,0.00,0.000,0.00,0.000,0.00,0.000,0.00,0.000,0.00,0.000,0.00,0.000,0.00,0.000,0.00,0.000,0.00,0.000,0.00,0.000,0.00,0.000,0.00,0.000,0.00,0.000,0.00,0.000,0.00,0.000,0.00,6.434,0.21,7.050,0.19,0.000,0.00,0.000,0.00,0.000,0.00,0.000,0.00,27.880,0.34,12.786,0.31,12.555,0.39,13.692,0.25,0.000,0.00,0.000,0.00,0.000,0.00,0.000,0.00,0.000,0.00,0.000,0.00,0.000,0.00,0.000,0.00,0.000,0.00
56666,FO SHO SUPER BBQ SPICE,2,79.000,0.01,0.000,0.00,0.000,0.00,0.000,0.00,0.000,0.00,0.000,0.00,0.000,0.00,0.000,0.00,0.000,0.00,0.000,0.00,0.000,0.00,0.000,0.00,0.000,0.00,0.000,0.00,0.000,0.00,0.000,0.00,0.000,0.00,0.000,0.00,0.000,0.00,0.000,0.00,0.000,0.00,0.000,0.00,0.000,0.00,0.000,0.00,0.000,0.00,13.000,0.08,9.000,0.06,13.000,0.08,15.000,0.09,8.000,0.05,10.000,0.05,8.000,0.03,3.000,0.01,0.000,0.00,0.000,0.00,0.000,0.00,0.000,0.00,0.000,0.00,0.000,0.00,0.000,0.00,0.000,0.00,0.000,0.00,0.000,0.00,0.000,0.00,0.000,0.00,0.000,0.00,0.000,0.00,0.000,0.00,0.000,0.00,0.000,0.00,0.000,0.00
44216,SPAR SLT OSTRICH FILLET,2,79.000,0.03,0.000,0.00,0.000,0.00,0.000,0.00,0.000,0.00,2.000,0.05,0.000,0.00,0.000,0.00,0.000,0.00,0.000,0.00,0.000,0.00,0.000,0.00,0.000,0.00,0.000,0.00,0.000,0.00,0.000,0.00,0.000,0.00,3.000,0.06,0.000,0.00,0.000,0.00,0.000,0.00,0.000,0.00,0.000,0.00,0.000,0.00,0.000,0.00,0.000,0.00,0.000,0.00,0.000,0.00,0.000,0.00,0.000,0.00,0.000,0.00,0.000,0.00,0.000,0.00,0.000,0.00,0.000,0.00,0.000,0.00,0.000,0.00,0.000,0.00,0.000,0.00,0.000,0.00,0.000,0.00,0.000,0.00,0.000,0.00,5.000,0.07,6.000,0.07,11.000,0.14,4.000,0.04,9.000,0.13,5.000,0.08,23.000,0.40,11.000,0.37
41008,SKAAPSTERTJIES,2,77.979,0.04,11.462,0.47,3.990,0.15,3.442,0.15,0.504,0.02,1.820,0.06,2.620,0.06,12.511,0.36,1.566,0.05,1.998,0.06,8.104,0.16,4.066,0.16,0.000,0.00,2.466,0.07,1.990,0.06,1.010,0.03,0.000,0.00,0.000,0.00,0.000,0.00,0.000,0.00,0.000,0.00,0.000,0.00,0.000,0.00,0.000,0.00,0.000,0.00,0.000,0.00,0.000,0.00,10.399,0.17,8.802,0.23,1.229,0.03,0.000,0.00,0.000,0.00,0.000,0.00,0.000,0.00,0.000,0.00,0.000,0.00,0.000,0.00,0.000,0.00,0.000,0.00,0.000,0.00,0.000,0.00,0.000,0.00,0.000,0.00,0.000,0.00,0.000,0.00,0.000,0.00,0.000,0.00,0.000,0.00,0.000,0.00,0.000,0.00,0.000,0.00
52941,BW BABBELAS MIX BILTONG,2,75.972,0.17,0.000,0.00,0.000,0.00,0.000,0.00,0.000,0.00,0.000,0.00,0.000,0.00,0.000,0.00,0.000,0.00,0.000,0.00,0.000,0.00,0.000,0.00,0.000,0.00,0.000,0.00,0.000,0.00,1.412,0.21,4.754,0.68,7.284,0.92,4.950,0.67,5.596,0.65,4.676,0.59,4.482,0.55,7.094,0.60,2.746,0.39,1.364,0.19,2.712,0.29,2.010,0.26,0.912,0.10,6.514,0.75,2.760,0.33,2.804,0.29,3.058,0.33,2.588,0.29,2.786,0.25,2.304,0.16,0.938,0.10,0.924,0.09,0.130,0.01,0.000,0.00,0.000,0.00,0.000,0.00,1.174,0.10,0.000,0.00,0.000,0.00,0.000,0.00,0.000,0.00,0.000,0.00,0.000,0.00,0.000,0.00,0.000,0.00,0.000,0.00
55974,B/PACK VAN LOVEREN,2,75.000,0.05,0.000,0.00,0.000,0.00,0.000,0.00,0.000,0.00,0.000,0.00,0.000,0.00,0.000,0.00,0.000,0.00,0.000,0.00,0.000,0.00,0.000,0.00,0.000,0.00,0.000,0.00,0.000,0.00,0.000,0.00,0.000,0.00,0.000,0.00,0.000,0.00,0.000,0.00,0.000,0.00,0.000,0.00,75.000,1.69,0.000,0.00,0.000,0.00,0.000,0.00,0.000,0.00,0.000,0.00,0.000,0.00,0.000,0.00,0.000,0.00,0.000,0.00,0.000,0.00,0.000,0.00,0.000,0.00,0.000,0.00,0.000,0.00,0.000,0.00,0.000,0.00,0.000,0.00,0.000,0.00,0.000,0.00,0.000,0.00,0.000,0.00,0.000,0.00,0.000,0.00,0.000,0.00,0.000,0.00,0.000,0.00,0.000,0.00,0.000,0.00
12113,T&T SALT BEEF,2,71.176,0.02,0.000,0.00,0.000,0.00,0.000,0.00,0.000,0.00,0.000,0.00,0.000,0.00,0.000,0.00,0.000,0.00,0.000,0.00,0.000,0.00,0.000,0.00,0.000,0.00,0.000,0.00,0.000,0.00,0.000,0.00,0.000,0.00,0.000,0.00,0.000,0.00,0.000,0.00,0.000,0.00,2.434,0.06,19.372,0.31,1.114,0.03,1.840,0.05,0.000,0.00,0.000,0.00,0.000,0.00,0.000,0.00,0.000,0.00,0.000,0.00,0.000,0.00,0.000,0.00,2.780,0.02,14.674,0.11,1.120,0.04,0.000,0.00,0.000,0.00,0.000,0.00,0.000,0.00,0.000,0.00,0.000,0.00,0.000,0.00,0.000,0.00,0.000,0.00,3.700,0.03,24.142,0.10,0.000,0.00,0.000,0.00,0.000,0.00,0.000,0.00
,Total (Overall),,275 269.472,100.00,3 751.464,100.00,4 115.025,100.00,3 692.775,100.00,3 670.787,100.00,5 484.589,100.00,5 289.136,100.00,5 273.193,100.00,5 042.474,100.00,4 279.136,100.00,5 861.905,100.00,3 554.286,100.00,4 444.068,100.00,5 050.720,100.00,5 144.815,100.00,4 616.813,100.00,4 135.009,100.00,4 791.350,100.00,4 732.096,100.00,4 441.067,100.00,4 325.122,100.00,4 376.632,100.00,6 134.976,100.00,4 189.107,100.00,5 774.664,100.00,7 558.208,100.00,5 883.950,100.00,6 292.146,100.00,6 296.552,100.00,6 060.771,100.00,6 535.918,100.00,6 007.461,100.00,6 359.252,100.00,7 083.792,100.00,8 096.440,100.00,4 957.257,100.00,6 437.210,100.00,7 887.247,100.00,6 741.063,100.00,6 945.058,100.00,6 046.584,100.00,6 332.246,100.00,6 640.882,100.00,5 937.224,100.00,6 060.337,100.00,6 703.779,100.00,7 637.644,100.00,5 331.944,100.00,5 218.887,100.00,5 421.190,100.00,2 625.221,100.00
,Total (Overall),,275 269.472,100,3 751.464,100,4 115.025,100,3 692.775,100,3 670.787,100,5 484.589,100,5 289.136,100,5 273.193,100,5 042.474,100,4 279.136,100,5 861.905,100,3 554.286,100,4 444.068,100,5 050.720,100,5 144.815,100,4 616.813,100,4 135.009,100,4 791.350,100,4 732.096,100,4 441.067,100,4 325.122,100,4 376.632,100,6 134.976,100,4 189.107,100,5 774.664,100,7 558.208,100,5 883.950,100,6 292.146,100,6 296.552,100,6 060.771,100,6 535.918,100,6 007.461,100,6 359.252,100,7 083.792,100,8 096.440,100,4 957.257,100,6 437.210,100,7 887.247,100,6 741.063,100,6 945.058,100,6 046.584,100,6 332.246,100,6 640.882,100,5 937.224,100,6 060.337,100,6 703.779,100,7 637.644,100,5 331.944,100,5 218.887,100,5 421.190,100,2 625.221,100